filepath,crop,disease_raw,environment,phash,disease
Z:\Projects\Smart-Farming\Datasets\final_combined_datasets\CLCE\FW\CLCE_FW_001.png,Cotton,FW,closed,ab90d20f9e6acc65,Fusarium Wilt
Z:\Projects\Smart-Farming\Datasets\final_combined_datasets\CLCE\FW\CLCE_FW_002.png,Cotton,FW,closed,e86a85a5979c9c99,Fusarium Wilt
Z:\Projects\Smart-Farming\Datasets\final_combined_datasets\CLCE\FW\CLCE_FW_003.png,Cotton,FW,closed,a19e9f819859cbcc,Fusarium Wilt
Z:\Projects\Smart-Farming\Datasets\final_combined_datasets\CLCE\FW\CLCE_FW_004.png,Cotton,FW,closed,e1729636cc49ccb6,Fusarium Wilt
Z:\Projects\Smart-Farming\Datasets\final_combined_datasets\CLCE\FW\CLCE_FW_005.png,Cotton,FW,closed,b18792d89e0dc3ec,Fusarium Wilt
Z:\Projects\Smart-Farming\Datasets\final_combined_datasets\CLCE\FW\CLCE_FW_006.png,Cotton,FW,closed,a1909e8f9859cbe5,Fusarium Wilt
Z:\Projects\Smart-Farming\Datasets\final_combined_datasets\CLCE\FW\CLCE_FW_007.png,Cotton,FW,closed,fbe881978d924a39,Fusarium Wilt
Z:\Projects\Smart-Farming\Datasets\final_combined_datasets\CLCE\FW\CLCE_FW_008.png,Cotton,FW,closed,fe9c81633e2cc11b,Fusarium Wilt
Z:\Projects\Smart-Farming\Datasets\final_combined_datasets\CLCE\FW\CLCE_FW_009.png,Cotton,FW,closed,fe9cc1533e64341c,Fusarium Wilt
Z:\Projects\Smart-Farming\Datasets\final_combined_datasets\CLCE\FW\CLCE_FW_010.png,Cotton,FW,closed,a8f697c9683616d2,Fusarium Wilt
Z:\Projects\Smart-Farming\Datasets\final_combined_datasets\CLCE\FW\CLCE_FW_011.png,Cotton,FW,closed,a8b697c9c90f1cb4,Fusarium Wilt
Z:\Projects\Smart-Farming\Datasets\final_combined_datasets\CLCE\FW\CLCE_FW_012.png,Cotton,FW,closed,f9e3c19c165861e3,Fusarium Wilt
Z:\Projects\Smart-Farming\Datasets\final_combined_datasets\CLCE\FW\CLCE_FW_013.png,Cotton,FW,closed,b2d3d8ccc7cc1893,Fusarium Wilt
Z:\Projects\Smart-Farming\Datasets\final_combined_datasets\CLCE\FW\CLCE_FW_014.png,Cotton,FW,closed,b091cdcec2c60e9f,Fusarium Wilt
Z:\Projects\Smart-Farming\Datasets\final_combined_datasets\CLCE\FW\CLCE_FW_015.png,Cotton,FW,closed,ba62911f8ee1ce19,Fusarium Wilt
Z:\Projects\Smart-Farming\Datasets\final_combined_datasets\CLCE\FW\CLCE_FW_016.png,Cotton,FW,closed,e16a8fa59c987293,Fusarium Wilt
Z:\Projects\Smart-Farming\Datasets\final_combined_datasets\CLCE\FW\CLCE_FW_017.png,Cotton,FW,closed,acb296c9c3c98d9c,Fusarium Wilt
Z:\Projects\Smart-Farming\Datasets\final_combined_datasets\CLCE\FW\CLCE_FW_018.png,Cotton,FW,closed,fb9cc2c32f64303c,Fusarium Wilt
Z:\Projects\Smart-Farming\Datasets\final_combined_datasets\CLCE\FW\CLCE_FW_019.png,Cotton,FW,closed,fe9cc0633c84c39b,Fusarium Wilt
Z:\Projects\Smart-Farming\Datasets\final_combined_datasets\CLCE\FW\CLCE_FW_020.png,Cotton,FW,closed,a636db339890cd99,Fusarium Wilt
Z:\Projects\Smart-Farming\Datasets\final_combined_datasets\CLCE\FW\CLCE_FW_021.png,Cotton,FW,closed,e986d41394e9da69,Fusarium Wilt
Z:\Projects\Smart-Farming\Datasets\final_combined_datasets\CLCE\FW\CLCE_FW_022.png,Cotton,FW,closed,ee7884c0c797936a,Fusarium Wilt
Z:\Projects\Smart-Farming\Datasets\final_combined_datasets\CLCE\FW\CLCE_FW_023.png,Cotton,FW,closed,e16696d29399199d,Fusarium Wilt
Z:\Projects\Smart-Farming\Datasets\final_combined_datasets\CLCE\FW\CLCE_FW_024.png,Cotton,FW,closed,a80b9525d2f29f33,Fusarium Wilt
Z:\Projects\Smart-Farming\Datasets\final_combined_datasets\CLCE\FW\CLCE_FW_025.png,Cotton,FW,closed,a4e39a39c98cd99c,Fusarium Wilt
Z:\Projects\Smart-Farming\Datasets\final_combined_datasets\CLCE\FW\CLCE_FW_026.png,Cotton,FW,closed,aef29590c2cdcb8c,Fusarium Wilt
Z:\Projects\Smart-Farming\Datasets\final_combined_datasets\CLCE\FW\CLCE_FW_027.png,Cotton,FW,closed,b6a39a83cdcccc8c,Fusarium Wilt
Z:\Projects\Smart-Farming\Datasets\final_combined_datasets\CLCE\FW\CLCE_FW_028.png,Cotton,FW,closed,e13696c3cb999998,Fusarium Wilt
Z:\Projects\Smart-Farming\Datasets\final_combined_datasets\CLCE\FW\CLCE_FW_029.png,Cotton,FW,closed,ffa0c08f8f5aca88,Fusarium Wilt
Z:\Projects\Smart-Farming\Datasets\final_combined_datasets\CLCE\FW\CLCE_FW_030.png,Cotton,FW,closed,ae7c91855b5a416d,Fusarium Wilt
Z:\Projects\Smart-Farming\Datasets\final_combined_datasets\CLCE\FW\CLCE_FW_031.png,Cotton,FW,closed,aef08592d24dcba3,Fusarium Wilt
Z:\Projects\Smart-Farming\Datasets\final_combined_datasets\CLCE\FW\CLCE_FW_032.png,Cotton,FW,closed,e567939898c9cb0e,Fusarium Wilt
Z:\Projects\Smart-Farming\Datasets\final_combined_datasets\CLCE\FW\CLCE_FW_033.png,Cotton,FW,closed,e3669c98933167cc,Fusarium Wilt
Z:\Projects\Smart-Farming\Datasets\final_combined_datasets\CLCE\FW\CLCE_FW_034.png,Cotton,FW,closed,eb42949d9cd8d645,Fusarium Wilt
Z:\Projects\Smart-Farming\Datasets\final_combined_datasets\CLCE\FW\CLCE_FW_035.png,Cotton,FW,closed,aa7995965ad0352b,Fusarium Wilt
Z:\Projects\Smart-Farming\Datasets\final_combined_datasets\CLCE\FW\CLCE_FW_036.png,Cotton,FW,closed,ea2d85ced4809b3e,Fusarium Wilt
Z:\Projects\Smart-Farming\Datasets\final_combined_datasets\CLCE\FW\CLCE_FW_037.png,Cotton,FW,closed,a6f69ec8ca389931,Fusarium Wilt
Z:\Projects\Smart-Farming\Datasets\final_combined_datasets\CLCE\FW\CLCE_FW_038.png,Cotton,FW,closed,ae3487cac28d9b1e,Fusarium Wilt
Z:\Projects\Smart-Farming\Datasets\final_combined_datasets\CLCE\FW\CLCE_FW_039.png,Cotton,FW,closed,e16187cc989ccf93,Fusarium Wilt
Z:\Projects\Smart-Farming\Datasets\final_combined_datasets\CLCE\FW\CLCE_FW_040.png,Cotton,FW,closed,a7729ecccd389883,Fusarium Wilt
Z:\Projects\Smart-Farming\Datasets\final_combined_datasets\CLCE\FW\CLCE_FW_041.png,Cotton,FW,closed,b83385c2c20f8fbd,Fusarium Wilt
Z:\Projects\Smart-Farming\Datasets\final_combined_datasets\CLCE\FW\CLCE_FW_042.png,Cotton,FW,closed,ae7885c5dad2582d,Fusarium Wilt
Z:\Projects\Smart-Farming\Datasets\final_combined_datasets\CLCE\FW\CLCE_FW_043.png,Cotton,FW,closed,ee3185d7d04a838f,Fusarium Wilt
Z:\Projects\Smart-Farming\Datasets\final_combined_datasets\CLCE\FW\CLCE_FW_044.png,Cotton,FW,closed,e3629c6d999d8686,Fusarium Wilt
Z:\Projects\Smart-Farming\Datasets\final_combined_datasets\CLCE\FW\CLCE_FW_045.png,Cotton,FW,closed,bc62868dc9d98f25,Fusarium Wilt
Z:\Projects\Smart-Farming\Datasets\final_combined_datasets\CLCE\FW\CLCE_FW_046.png,Cotton,FW,closed,a06f9e98cd999872,Fusarium Wilt
Z:\Projects\Smart-Farming\Datasets\final_combined_datasets\CLCE\FW\CLCE_FW_047.png,Cotton,FW,closed,afe0d097c25839ad,Fusarium Wilt
Z:\Projects\Smart-Farming\Datasets\final_combined_datasets\CLCE\FW\CLCE_FW_048.png,Cotton,FW,closed,efae908d3b093526,Fusarium Wilt
Z:\Projects\Smart-Farming\Datasets\final_combined_datasets\CLCE\FW\CLCE_FW_049.png,Cotton,FW,closed,acb9847adac50d1e,Fusarium Wilt
Z:\Projects\Smart-Farming\Datasets\final_combined_datasets\CLCE\FW\CLCE_FW_050.png,Cotton,FW,closed,ac3593c2785d2579,Fusarium Wilt
Z:\Projects\Smart-Farming\Datasets\final_combined_datasets\CLCE\FW\CLCE_FW_051.png,Cotton,FW,closed,e165979ace9c644c,Fusarium Wilt
Z:\Projects\Smart-Farming\Datasets\final_combined_datasets\CLCE\FW\CLCE_FW_052.png,Cotton,FW,closed,fa6390a6879a8e59,Fusarium Wilt
Z:\Projects\Smart-Farming\Datasets\final_combined_datasets\CLCE\FW\CLCE_FW_053.png,Cotton,FW,closed,e806971c7c6bf18c,Fusarium Wilt
Z:\Projects\Smart-Farming\Datasets\final_combined_datasets\CLCE\FW\CLCE_FW_054.png,Cotton,FW,closed,eb9994c30be6342b,Fusarium Wilt
Z:\Projects\Smart-Farming\Datasets\final_combined_datasets\CLCE\FW\CLCE_FW_055.png,Cotton,FW,closed,e36d95a79092d896,Fusarium Wilt
Z:\Projects\Smart-Farming\Datasets\final_combined_datasets\CLCE\FW\CLCE_FW_056.png,Cotton,FW,closed,ea19946e6ab4319b,Fusarium Wilt
Z:\Projects\Smart-Farming\Datasets\final_combined_datasets\CLCE\FW\CLCE_FW_057.png,Cotton,FW,closed,f083871ec9619db5,Fusarium Wilt
Z:\Projects\Smart-Farming\Datasets\final_combined_datasets\CLCE\FW\CLCE_FW_058.png,Cotton,FW,closed,e02f9eb2cd6c9990,Fusarium Wilt
Z:\Projects\Smart-Farming\Datasets\final_combined_datasets\CLCE\FW\CLCE_FW_059.png,Cotton,FW,closed,acb297cbc28d3c0e,Fusarium Wilt
Z:\Projects\Smart-Farming\Datasets\final_combined_datasets\CLCE\FW\CLCE_FW_060.png,Cotton,FW,closed,b2d7cceecf18300c,Fusarium Wilt
Z:\Projects\Smart-Farming\Datasets\final_combined_datasets\CLCE\FW\CLCE_FW_061.png,Cotton,FW,closed,e8b58562d28d1e8f,Fusarium Wilt
Z:\Projects\Smart-Farming\Datasets\final_combined_datasets\CLCE\FW\CLCE_FW_062.png,Cotton,FW,closed,e8d6975960b635c2,Fusarium Wilt
Z:\Projects\Smart-Farming\Datasets\final_combined_datasets\CLCE\FW\CLCE_FW_063.png,Cotton,FW,closed,f43c93c198966d63,Fusarium Wilt
Z:\Projects\Smart-Farming\Datasets\final_combined_datasets\CLCE\FW\CLCE_FW_064.png,Cotton,FW,closed,bf99d0662f39f008,Fusarium Wilt
Z:\Projects\Smart-Farming\Datasets\final_combined_datasets\CLCE\FW\CLCE_FW_065.png,Cotton,FW,closed,ee9990c51ae62d1e,Fusarium Wilt
Z:\Projects\Smart-Farming\Datasets\final_combined_datasets\CLCE\FW\CLCE_FW_066.png,Cotton,FW,closed,eb6394ce989c8d92,Fusarium Wilt
Z:\Projects\Smart-Farming\Datasets\final_combined_datasets\CLCE\FW\CLCE_FW_067.png,Cotton,FW,closed,ec93913d32c4b5d2,Fusarium Wilt
Z:\Projects\Smart-Farming\Datasets\final_combined_datasets\CLCE\FW\CLCE_FW_068.png,Cotton,FW,closed,efc2d03d335a2c85,Fusarium Wilt
Z:\Projects\Smart-Farming\Datasets\final_combined_datasets\CLCE\FW\CLCE_FW_069.png,Cotton,FW,closed,ac3792d5687a053d,Fusarium Wilt
Z:\Projects\Smart-Farming\Datasets\final_combined_datasets\CLCE\FW\CLCE_FW_070.png,Cotton,FW,closed,aaa585cad28d3e87,Fusarium Wilt
Z:\Projects\Smart-Farming\Datasets\final_combined_datasets\CLCE\FW\CLCE_FW_071.png,Cotton,FW,closed,acb497c968563d34,Fusarium Wilt
Z:\Projects\Smart-Farming\Datasets\final_combined_datasets\CLCE\FW\CLCE_FW_072.png,Cotton,FW,closed,adb495cad20d3dc1,Fusarium Wilt
Z:\Projects\Smart-Farming\Datasets\final_combined_datasets\CLCE\FW\CLCE_FW_073.png,Cotton,FW,closed,a4cd9a3299cdcd34,Fusarium Wilt
Z:\Projects\Smart-Farming\Datasets\final_combined_datasets\CLCE\FW\CLCE_FW_074.png,Cotton,FW,closed,a169d2349ecac89f,Fusarium Wilt
Z:\Projects\Smart-Farming\Datasets\final_combined_datasets\CLCE\FW\CLCE_FW_075.png,Cotton,FW,closed,e56ecb65969830c3,Fusarium Wilt
Z:\Projects\Smart-Farming\Datasets\final_combined_datasets\CLCE\FW\CLCE_FW_076.png,Cotton,FW,closed,a624dbb298cdcd98,Fusarium Wilt
Z:\Projects\Smart-Farming\Datasets\final_combined_datasets\CLCE\FW\CLCE_FW_077.png,Cotton,FW,closed,e7699c249192db59,Fusarium Wilt
Z:\Projects\Smart-Farming\Datasets\final_combined_datasets\CLCE\FW\CLCE_FW_078.png,Cotton,FW,closed,a1e9d3349ecad807,Fusarium Wilt
Z:\Projects\Smart-Farming\Datasets\final_combined_datasets\CLCE\FW\CLCE_FW_079.png,Cotton,FW,closed,a6859b3299cdc93c,Fusarium Wilt
Z:\Projects\Smart-Farming\Datasets\final_combined_datasets\CLCE\FW\CLCE_FW_080.png,Cotton,FW,closed,b691dc4dcf86390c,Fusarium Wilt
Z:\Projects\Smart-Farming\Datasets\final_combined_datasets\CLCE\FW\CLCE_FW_081.png,Cotton,FW,closed,ecb1965ac3c598cc,Fusarium Wilt
Z:\Projects\Smart-Farming\Datasets\final_combined_datasets\CLCE\FW\CLCE_FW_082.png,Cotton,FW,closed,a50c9a22cf333d67,Fusarium Wilt
Z:\Projects\Smart-Farming\Datasets\final_combined_datasets\CLCE\FW\CLCE_FW_083.png,Cotton,FW,closed,a84d973bc3322f32,Fusarium Wilt
Z:\Projects\Smart-Farming\Datasets\final_combined_datasets\CLCE\FW\CLCE_FW_084.png,Cotton,FW,closed,bea6c04b9b3d30f0,Fusarium Wilt
Z:\Projects\Smart-Farming\Datasets\final_combined_datasets\CLCE\FW\CLCE_FW_085.png,Cotton,FW,closed,be2681d97a1725e2,Fusarium Wilt
Z:\Projects\Smart-Farming\Datasets\final_combined_datasets\CLCE\FW\CLCE_FW_086.png,Cotton,FW,closed,e1648767989bc69c,Fusarium Wilt
Z:\Projects\Smart-Farming\Datasets\final_combined_datasets\CLCE\FW\CLCE_FW_087.png,Cotton,FW,closed,e26985a631764edc,Fusarium Wilt
Z:\Projects\Smart-Farming\Datasets\final_combined_datasets\CLCE\FW\CLCE_FW_088.png,Cotton,FW,closed,efd3d0079a7825a8,Fusarium Wilt
Z:\Projects\Smart-Farming\Datasets\final_combined_datasets\CLCE\FW\CLCE_FW_089.png,Cotton,FW,closed,edb3d0942f192437,Fusarium Wilt
Z:\Projects\Smart-Farming\Datasets\final_combined_datasets\CLCE\FW\CLCE_FW_090.png,Cotton,FW,closed,fc928578c20d39dd,Fusarium Wilt
Z:\Projects\Smart-Farming\Datasets\final_combined_datasets\CLCE\FW\CLCE_FW_091.png,Cotton,FW,closed,fcf293c578423d30,Fusarium Wilt
Z:\Projects\Smart-Farming\Datasets\final_combined_datasets\CLCE\FW\CLCE_FW_092.png,Cotton,FW,closed,e8a695618e4f6cd8,Fusarium Wilt
Z:\Projects\Smart-Farming\Datasets\final_combined_datasets\CLCE\FW\CLCE_FW_093.png,Cotton,FW,closed,b0b5c971c6ce62cc,Fusarium Wilt
Z:\Projects\Smart-Farming\Datasets\final_combined_datasets\CLCE\FW\CLCE_FW_094.png,Cotton,FW,closed,ec3b85a79ac4c29a,Fusarium Wilt
Z:\Projects\Smart-Farming\Datasets\final_combined_datasets\CLCE\FW\CLCE_FW_095.png,Cotton,FW,closed,e83b93c75a5a4c25,Fusarium Wilt
Z:\Projects\Smart-Farming\Datasets\final_combined_datasets\CLCE\FW\CLCE_FW_096.png,Cotton,FW,closed,ad62d21a2f327077,Fusarium Wilt
Z:\Projects\Smart-Farming\Datasets\final_combined_datasets\CLCE\FW\CLCE_FW_097.png,Cotton,FW,closed,ab66d0df87984b48,Fusarium Wilt
Z:\Projects\Smart-Farming\Datasets\final_combined_datasets\CLCE\FW\CLCE_FW_098.png,Cotton,FW,closed,e4369765c24b9d25,Fusarium Wilt
Z:\Projects\Smart-Farming\Datasets\final_combined_datasets\CLCE\FW\CLCE_FW_099.png,Cotton,FW,closed,e13396344a6d87ad,Fusarium Wilt
Z:\Projects\Smart-Farming\Datasets\final_combined_datasets\CLCE\FW\CLCE_FW_100.png,Cotton,FW,closed,aeecc4909ab33b1a,Fusarium Wilt
Z:\Projects\Smart-Farming\Datasets\final_combined_datasets\CLCE\FW\CLCE_FW_101.png,Cotton,FW,closed,aecc90933bede0c8,Fusarium Wilt
Z:\Projects\Smart-Farming\Datasets\final_combined_datasets\CLCE\FW\CLCE_FW_102.png,Cotton,FW,closed,b83295f0d2cc0bcf,Fusarium Wilt
Z:\Projects\Smart-Farming\Datasets\final_combined_datasets\CLCE\FW\CLCE_FW_103.png,Cotton,FW,closed,ac6bd3c46c2a2735,Fusarium Wilt
Z:\Projects\Smart-Farming\Datasets\final_combined_datasets\CLCE\FW\CLCE_FW_104.png,Cotton,FW,closed,bd63c007875ecacc,Fusarium Wilt
Z:\Projects\Smart-Farming\Datasets\final_combined_datasets\CLCE\FW\CLCE_FW_105.png,Cotton,FW,closed,bda3c23e6be06087,Fusarium Wilt
Z:\Projects\Smart-Farming\Datasets\final_combined_datasets\CLCE\FW\CLCE_FW_106.png,Cotton,FW,closed,ae2c84c39e97d11e,Fusarium Wilt
Z:\Projects\Smart-Farming\Datasets\final_combined_datasets\CLCE\FW\CLCE_FW_107.png,Cotton,FW,closed,b434cbc7cc93c338,Fusarium Wilt
Z:\Projects\Smart-Farming\Datasets\final_combined_datasets\CLCE\FW\CLCE_FW_108.png,Cotton,FW,closed,ee339487d3c2cac8,Fusarium Wilt
Z:\Projects\Smart-Farming\Datasets\final_combined_datasets\CLCE\FW\CLCE_FW_109.png,Cotton,FW,closed,e5629ea5309ad399,Fusarium Wilt
Z:\Projects\Smart-Farming\Datasets\final_combined_datasets\CLCE\FW\CLCE_FW_110.png,Cotton,FW,closed,e54a8e65d2381bc7,Fusarium Wilt
Z:\Projects\Smart-Farming\Datasets\final_combined_datasets\CLCE\FW\CLCE_FW_111.png,Cotton,FW,closed,ee7b91c469382437,Fusarium Wilt
Z:\Projects\Smart-Farming\Datasets\final_combined_datasets\CLCE\FW\CLCE_FW_112.png,Cotton,FW,closed,e16183cd989cce73,Fusarium Wilt
Z:\Projects\Smart-Farming\Datasets\final_combined_datasets\CLCE\FW\CLCE_FW_113.png,Cotton,FW,closed,b863d007879d4f9a,Fusarium Wilt
Z:\Projects\Smart-Farming\Datasets\final_combined_datasets\CLCE\FW\CLCE_FW_114.png,Cotton,FW,closed,b903d43f6fe06087,Fusarium Wilt
Z:\Projects\Smart-Farming\Datasets\final_combined_datasets\CLCE\FW\CLCE_FW_115.png,Cotton,FW,closed,ae2cc4c1da9af11b,Fusarium Wilt
Z:\Projects\Smart-Farming\Datasets\final_combined_datasets\CLCE\FW\CLCE_FW_116.png,Cotton,FW,closed,ae9c91237fa4c11b,Fusarium Wilt
Z:\Projects\Smart-Farming\Datasets\final_combined_datasets\CLCE\FW\CLCE_FW_117.png,Cotton,FW,closed,a531d20d9ee6d887,Fusarium Wilt
Z:\Projects\Smart-Farming\Datasets\final_combined_datasets\CLCE\FW\CLCE_FW_118.png,Cotton,FW,closed,f431cb5498c7cc9c,Fusarium Wilt
Z:\Projects\Smart-Farming\Datasets\final_combined_datasets\CLCE\FW\CLCE_FW_119.png,Cotton,FW,closed,e84f85a4d2369b72,Fusarium Wilt
Z:\Projects\Smart-Farming\Datasets\final_combined_datasets\CLCE\FW\CLCE_FW_120.png,Cotton,FW,closed,e5289a978b339963,Fusarium Wilt
Z:\Projects\Smart-Farming\Datasets\final_combined_datasets\CLCE\FW\CLCE_FW_121.png,Cotton,FW,closed,e24a962599b6cda6,Fusarium Wilt
Z:\Projects\Smart-Farming\Datasets\final_combined_datasets\CLCE\FW\CLCE_FW_122.png,Cotton,FW,closed,eae3d41e809c1fd8,Fusarium Wilt
Z:\Projects\Smart-Farming\Datasets\final_combined_datasets\CLCE\FW\CLCE_FW_123.png,Cotton,FW,closed,bda0c20f2db07b33,Fusarium Wilt
Z:\Projects\Smart-Farming\Datasets\final_combined_datasets\CLCE\FW\CLCE_FW_124.png,Cotton,FW,closed,eb6c94d290997bc1,Fusarium Wilt
Z:\Projects\Smart-Farming\Datasets\final_combined_datasets\CLCE\FW\CLCE_FW_125.png,Cotton,FW,closed,ea63c1fc87941c9c,Fusarium Wilt
Z:\Projects\Smart-Farming\Datasets\final_combined_datasets\CLCE\FW\CLCE_FW_126.png,Cotton,FW,closed,bda0d21c3db070b7,Fusarium Wilt
Z:\Projects\Smart-Farming\Datasets\final_combined_datasets\CLCE\FW\CLCE_FW_127.png,Cotton,FW,closed,aa34851fd2c2cfc5,Fusarium Wilt
Z:\Projects\Smart-Farming\Datasets\final_combined_datasets\CLCE\FW\CLCE_FW_128.png,Cotton,FW,closed,a8799497cf5a5ac0,Fusarium Wilt
Z:\Projects\Smart-Farming\Datasets\final_combined_datasets\CLCE\FW\CLCE_FW_129.png,Cotton,FW,closed,ad67c0a497989ada,Fusarium Wilt
Z:\Projects\Smart-Farming\Datasets\final_combined_datasets\CLCE\FW\CLCE_FW_130.png,Cotton,FW,closed,bd24d23c7de2c096,Fusarium Wilt
Z:\Projects\Smart-Farming\Datasets\final_combined_datasets\CLCE\FW\CLCE_FW_131.png,Cotton,FW,closed,af6cd0901e9b382f,Fusarium Wilt
Z:\Projects\Smart-Farming\Datasets\final_combined_datasets\CLCE\FW\CLCE_FW_132.png,Cotton,FW,closed,e7369c6e19296a91,Fusarium Wilt
Z:\Projects\Smart-Farming\Datasets\final_combined_datasets\CLCE\FW\CLCE_FW_133.png,Cotton,FW,closed,afcc90322fe9a4cc,Fusarium Wilt
Z:\Projects\Smart-Farming\Datasets\final_combined_datasets\CLCE\FW\CLCE_FW_134.png,Cotton,FW,closed,fa3595b0d0434d5b,Fusarium Wilt
Z:\Projects\Smart-Farming\Datasets\final_combined_datasets\CLCE\FW\CLCE_FW_135.png,Cotton,FW,closed,eaf585686a26b5b0,Fusarium Wilt
Z:\Projects\Smart-Farming\Datasets\final_combined_datasets\CLCE\FW\CLCE_FW_136.png,Cotton,FW,closed,bf63d01c4f4c29f0,Fusarium Wilt
Z:\Projects\Smart-Farming\Datasets\final_combined_datasets\CLCE\FW\CLCE_FW_137.png,Cotton,FW,closed,e76494654adb9591,Fusarium Wilt
Z:\Projects\Smart-Farming\Datasets\final_combined_datasets\CLCE\FW\CLCE_FW_138.png,Cotton,FW,closed,bd71c036879693c9,Fusarium Wilt
Z:\Projects\Smart-Farming\Datasets\final_combined_datasets\CLCE\FW\CLCE_FW_139.png,Cotton,FW,closed,bda3c23c7de06096,Fusarium Wilt
Z:\Projects\Smart-Farming\Datasets\final_combined_datasets\CLCE\FW\CLCE_FW_140.png,Cotton,FW,closed,fa6a95918e974c68,Fusarium Wilt
Z:\Projects\Smart-Farming\Datasets\final_combined_datasets\CLCE\FW\CLCE_FW_141.png,Cotton,FW,closed,e16d92d6989a4c6d,Fusarium Wilt
Z:\Projects\Smart-Farming\Datasets\final_combined_datasets\CLCE\FW\CLCE_FW_142.png,Cotton,FW,closed,ea76958516d7c948,Fusarium Wilt
Z:\Projects\Smart-Farming\Datasets\final_combined_datasets\CLCE\FW\CLCE_FW_143.png,Cotton,FW,closed,e467851ecab4b156,Fusarium Wilt
Z:\Projects\Smart-Farming\Datasets\final_combined_datasets\CLCE\FW\CLCE_FW_144.png,Cotton,FW,closed,e870958f4a78a9ad,Fusarium Wilt
Z:\Projects\Smart-Farming\Datasets\final_combined_datasets\CLCE\FW\CLCE_FW_145.png,Cotton,FW,closed,aff1d286878c99c8,Fusarium Wilt
Z:\Projects\Smart-Farming\Datasets\final_combined_datasets\CLCE\FW\CLCE_FW_146.png,Cotton,FW,closed,bd83d07c61e0878f,Fusarium Wilt
Z:\Projects\Smart-Farming\Datasets\final_combined_datasets\CLCE\FW\CLCE_FW_147.png,Cotton,FW,closed,a531c21b9ec7d98c,Fusarium Wilt
Z:\Projects\Smart-Farming\Datasets\final_combined_datasets\CLCE\FW\CLCE_FW_148.png,Cotton,FW,closed,e58c9ab7c8333067,Fusarium Wilt
Z:\Projects\Smart-Farming\Datasets\final_combined_datasets\CLCE\FW\CLCE_FW_149.png,Cotton,FW,closed,e16a8da5965a6ad2,Fusarium Wilt
Z:\Projects\Smart-Farming\Datasets\final_combined_datasets\CLCE\FW\CLCE_FW_150.png,Cotton,FW,closed,becb91b5d9139032,Fusarium Wilt
Z:\Projects\Smart-Farming\Datasets\final_combined_datasets\CLCE\FW\CLCE_FW_151.png,Cotton,FW,closed,ea87943a6bc17a94,Fusarium Wilt
Z:\Projects\Smart-Farming\Datasets\final_combined_datasets\CLCE\FW\CLCE_FW_152.png,Cotton,FW,closed,fb61c0178cb8cf98,Fusarium Wilt
Z:\Projects\Smart-Farming\Datasets\final_combined_datasets\CLCE\FW\CLCE_FW_153.png,Cotton,FW,closed,eae795886aa36436,Fusarium Wilt
Z:\Projects\Smart-Farming\Datasets\final_combined_datasets\CLCE\FW\CLCE_FW_154.png,Cotton,FW,closed,e5659667199ac1d1,Fusarium Wilt
Z:\Projects\Smart-Farming\Datasets\final_combined_datasets\CLCE\FW\CLCE_FW_155.png,Cotton,FW,closed,bcc4d32368bca5cc,Fusarium Wilt
Z:\Projects\Smart-Farming\Datasets\final_combined_datasets\CLCE\FW\CLCE_FW_156.png,Cotton,FW,closed,a9c3d22c2df1c09f,Fusarium Wilt
Z:\Projects\Smart-Farming\Datasets\final_combined_datasets\CLCE\FW\CLCE_FW_157.png,Cotton,FW,closed,bcd2c26c3d9670e1,Fusarium Wilt
Z:\Projects\Smart-Farming\Datasets\final_combined_datasets\CLCE\FW\CLCE_FW_158.png,Cotton,FW,closed,beccc13b2fa0909e,Fusarium Wilt
Z:\Projects\Smart-Farming\Datasets\final_combined_datasets\CLCE\FW\CLCE_FW_159.png,Cotton,FW,closed,a79690492bb1e6ce,Fusarium Wilt
Z:\Projects\Smart-Farming\Datasets\final_combined_datasets\CLCE\FW\CLCE_FW_160.png,Cotton,FW,closed,b8c4877b683c9dc2,Fusarium Wilt
Z:\Projects\Smart-Farming\Datasets\final_combined_datasets\CLCE\FW\CLCE_FW_161.png,Cotton,FW,closed,e17287c59e3931cc,Fusarium Wilt
Z:\Projects\Smart-Farming\Datasets\final_combined_datasets\CLCE\FW\CLCE_FW_162.png,Cotton,FW,closed,e390946e3ae3c99c,Fusarium Wilt
Z:\Projects\Smart-Farming\Datasets\final_combined_datasets\CLCE\FW\CLCE_FW_163.png,Cotton,FW,closed,b896c5793297f0c2,Fusarium Wilt
Z:\Projects\Smart-Farming\Datasets\final_combined_datasets\CLCE\FW\CLCE_FW_164.png,Cotton,FW,closed,a9c6d03927d26997,Fusarium Wilt
Z:\Projects\Smart-Farming\Datasets\final_combined_datasets\CLCE\FW\CLCE_FW_165.png,Cotton,FW,closed,e571946e1a86cb99,Fusarium Wilt
Z:\Projects\Smart-Farming\Datasets\final_combined_datasets\CLCE\FW\CLCE_FW_166.png,Cotton,FW,closed,bfc0d02d72b24bc9,Fusarium Wilt
Z:\Projects\Smart-Farming\Datasets\final_combined_datasets\CLCE\FW\CLCE_FW_167.png,Cotton,FW,closed,adc8923f69a487d8,Fusarium Wilt
Z:\Projects\Smart-Farming\Datasets\final_combined_datasets\CLCE\FW\CLCE_FW_168.png,Cotton,FW,closed,eb94947a38e5c29c,Fusarium Wilt
Z:\Projects\Smart-Farming\Datasets\final_combined_datasets\CLCE\FW\CLCE_FW_169.png,Cotton,FW,closed,b8c785687a91e1ce,Fusarium Wilt
Z:\Projects\Smart-Farming\Datasets\final_combined_datasets\CLCE\FW\CLCE_FW_170.png,Cotton,FW,closed,b8db85644e3c71d2,Fusarium Wilt
Z:\Projects\Smart-Farming\Datasets\final_combined_datasets\CLCE\FW\CLCE_FW_171.png,Cotton,FW,closed,adc2923d63e01eda,Fusarium Wilt
Z:\Projects\Smart-Farming\Datasets\final_combined_datasets\CLCE\FW\CLCE_FW_172.png,Cotton,FW,closed,e5249adb9131cccb,Fusarium Wilt
Z:\Projects\Smart-Farming\Datasets\final_combined_datasets\CLCE\FW\CLCE_FW_173.png,Cotton,FW,closed,ff23c09c3e23e164,Fusarium Wilt
Z:\Projects\Smart-Farming\Datasets\final_combined_datasets\CLCE\FW\CLCE_FW_174.png,Cotton,FW,closed,acc3923c6bc2a597,Fusarium Wilt
Z:\Projects\Smart-Farming\Datasets\final_combined_datasets\CLCE\FW\CLCE_FW_175.png,Cotton,FW,closed,e56d966618359393,Fusarium Wilt
Z:\Projects\Smart-Farming\Datasets\final_combined_datasets\CLCE\FW\CLCE_FW_176.png,Cotton,FW,closed,e499cec999a6616c,Fusarium Wilt
Z:\Projects\Smart-Farming\Datasets\final_combined_datasets\CLCE\FW\CLCE_FW_177.png,Cotton,FW,closed,e36296953958c3ce,Fusarium Wilt
Z:\Projects\Smart-Farming\Datasets\final_combined_datasets\CLCE\FW\CLCE_FW_178.png,Cotton,FW,closed,e369979058b3e54c,Fusarium Wilt
Z:\Projects\Smart-Farming\Datasets\final_combined_datasets\CLCE\FW\CLCE_FW_179.png,Cotton,FW,closed,e5319ece9194c963,Fusarium Wilt
Z:\Projects\Smart-Farming\Datasets\final_combined_datasets\CLCE\FW\CLCE_FW_180.png,Cotton,FW,closed,e466979c1c596393,Fusarium Wilt
Z:\Projects\Smart-Farming\Datasets\final_combined_datasets\CLCE\FW\CLCE_FW_181.png,Cotton,FW,closed,e13294cfcb497c62,Fusarium Wilt
Z:\Projects\Smart-Farming\Datasets\final_combined_datasets\CLCE\FW\CLCE_FW_182.png,Cotton,FW,closed,f1479730c92c66d3,Fusarium Wilt
Z:\Projects\Smart-Farming\Datasets\final_combined_datasets\CLCE\FW\CLCE_FW_183.png,Cotton,FW,closed,e86997de99966230,Fusarium Wilt
Z:\Projects\Smart-Farming\Datasets\final_combined_datasets\CLCE\FW\CLCE_FW_184.png,Cotton,FW,closed,e7659a969818c7c9,Fusarium Wilt
Z:\Projects\Smart-Farming\Datasets\final_combined_datasets\CLCE\FW\CLCE_FW_185.png,Cotton,FW,closed,e86c956bd3f08692,Fusarium Wilt
Z:\Projects\Smart-Farming\Datasets\final_combined_datasets\CLCE\FW\CLCE_FW_186.png,Cotton,FW,closed,e16397931c9c2d6c,Fusarium Wilt
Z:\Projects\Smart-Farming\Datasets\final_combined_datasets\CLCE\FW\CLCE_FW_187.png,Cotton,FW,closed,e5729ca599495acc,Fusarium Wilt
Z:\Projects\Smart-Farming\Datasets\final_combined_datasets\CLCE\FW\CLCE_FW_188.png,Cotton,FW,closed,e16b866469ccb0db,Fusarium Wilt
Z:\Projects\Smart-Farming\Datasets\final_combined_datasets\CLCE\FW\CLCE_FW_189.png,Cotton,FW,closed,e1729ecd838e1c99,Fusarium Wilt
Z:\Projects\Smart-Farming\Datasets\final_combined_datasets\CLCE\FW\CLCE_FW_190.png,Cotton,FW,closed,e5649ac6993969c9,Fusarium Wilt
Z:\Projects\Smart-Farming\Datasets\final_combined_datasets\CLCE\FW\CLCE_FW_191.png,Cotton,FW,closed,e3669693389cf149,Fusarium Wilt
Z:\Projects\Smart-Farming\Datasets\final_combined_datasets\CLCE\FW\CLCE_FW_192.png,Cotton,FW,closed,e7339acc91296cd1,Fusarium Wilt
Z:\Projects\Smart-Farming\Datasets\final_combined_datasets\CLCE\FW\CLCE_FW_193.png,Cotton,FW,closed,f0388ec3c9c69cda,Fusarium Wilt
Z:\Projects\Smart-Farming\Datasets\final_combined_datasets\CLCE\FW\CLCE_FW_194.png,Cotton,FW,closed,e5669a9494996b4b,Fusarium Wilt
Z:\Projects\Smart-Farming\Datasets\final_combined_datasets\CLCE\FW\CLCE_FW_195.png,Cotton,FW,closed,e36996965819a769,Fusarium Wilt
Z:\Projects\Smart-Farming\Datasets\final_combined_datasets\CLCE\FW\CLCE_FW_196.png,Cotton,FW,closed,e13694d993cccd91,Fusarium Wilt
Z:\Projects\Smart-Farming\Datasets\final_combined_datasets\CLCE\FW\CLCE_FW_197.png,Cotton,FW,closed,f63ec060cfa4d233,Fusarium Wilt
Z:\Projects\Smart-Farming\Datasets\final_combined_datasets\CLCE\FW\CLCE_FW_198.png,Cotton,FW,closed,e5648ec39838cfc3,Fusarium Wilt
Z:\Projects\Smart-Farming\Datasets\final_combined_datasets\CLCE\FW\CLCE_FW_199.png,Cotton,FW,closed,e43392e6996d4a35,Fusarium Wilt
Z:\Projects\Smart-Farming\Datasets\final_combined_datasets\CLCE\FW\CLCE_FW_200.png,Cotton,FW,closed,e4498fb619c96665,Fusarium Wilt
Z:\Projects\Smart-Farming\Datasets\final_combined_datasets\CLCE\FW\CLCE_FW_201.png,Cotton,FW,closed,e31c96c3cc796435,Fusarium Wilt
Z:\Projects\Smart-Farming\Datasets\final_combined_datasets\CLCE\FW\CLCE_FW_202.png,Cotton,FW,closed,e35e87e1983cc2d2,Fusarium Wilt
Z:\Projects\Smart-Farming\Datasets\final_combined_datasets\CLCE\FW\CLCE_FW_203.png,Cotton,FW,closed,e1039a786ce66799,Fusarium Wilt
Z:\Projects\Smart-Farming\Datasets\final_combined_datasets\CLCE\FW\CLCE_FW_204.png,Cotton,FW,closed,e1699696989a4b6d,Fusarium Wilt
Z:\Projects\Smart-Farming\Datasets\final_combined_datasets\CLCE\FW\CLCE_FW_205.png,Cotton,FW,closed,e11b9ac69c6c6933,Fusarium Wilt
Z:\Projects\Smart-Farming\Datasets\final_combined_datasets\CLCE\FW\CLCE_FW_206.png,Cotton,FW,closed,e5269a9132d96db2,Fusarium Wilt
Z:\Projects\Smart-Farming\Datasets\final_combined_datasets\CLCE\FW\CLCE_FW_207.png,Cotton,FW,closed,e1469e674e1861cf,Fusarium Wilt
Z:\Projects\Smart-Farming\Datasets\final_combined_datasets\CLCE\FW\CLCE_FW_208.png,Cotton,FW,closed,e56594e79290d9ca,Fusarium Wilt
Z:\Projects\Smart-Farming\Datasets\final_combined_datasets\CLCE\FW\CLCE_FW_209.png,Cotton,FW,closed,fce3c232960ccb2d,Fusarium Wilt
Z:\Projects\Smart-Farming\Datasets\final_combined_datasets\CLCE\FW\CLCE_FW_210.png,Cotton,FW,closed,e34e96b15892b1cd,Fusarium Wilt
Z:\Projects\Smart-Farming\Datasets\final_combined_datasets\CLCE\FW\CLCE_FW_211.png,Cotton,FW,closed,e13896c7999c6963,Fusarium Wilt
Z:\Projects\Smart-Farming\Datasets\final_combined_datasets\CLCE\FW\CLCE_FW_212.png,Cotton,FW,closed,e56686369cc9989b,Fusarium Wilt
Z:\Projects\Smart-Farming\Datasets\final_combined_datasets\CLCE\FW\CLCE_FW_213.png,Cotton,FW,closed,e13b96a79a9cc5c0,Fusarium Wilt
Z:\Projects\Smart-Farming\Datasets\final_combined_datasets\CLCE\FW\CLCE_FW_214.png,Cotton,FW,closed,e12996f3cbcc8c34,Fusarium Wilt
Z:\Projects\Smart-Farming\Datasets\final_combined_datasets\CLCE\FW\CLCE_FW_215.png,Cotton,FW,closed,e565969498c7cb4c,Fusarium Wilt
Z:\Projects\Smart-Farming\Datasets\final_combined_datasets\CLCE\FW\CLCE_FW_216.png,Cotton,FW,closed,e933943ec38d98c9,Fusarium Wilt
Z:\Projects\Smart-Farming\Datasets\final_combined_datasets\CLCE\FW\CLCE_FW_217.png,Cotton,FW,closed,e727873018b3db8c,Fusarium Wilt
Z:\Projects\Smart-Farming\Datasets\final_combined_datasets\CLCE\FW\CLCE_FW_218.png,Cotton,FW,closed,e263979c8c754972,Fusarium Wilt
Z:\Projects\Smart-Farming\Datasets\final_combined_datasets\CLCE\FW\CLCE_FW_219.png,Cotton,FW,closed,e41a96b7c96cd264,Fusarium Wilt
Z:\Projects\Smart-Farming\Datasets\final_combined_datasets\CLCE\FW\CLCE_FW_220.png,Cotton,FW,closed,e4698f96394c96b1,Fusarium Wilt
Z:\Projects\Smart-Farming\Datasets\final_combined_datasets\CLCE\FW\CLCE_FW_221.png,Cotton,FW,closed,e1329e61c7961c9e,Fusarium Wilt
Z:\Projects\Smart-Farming\Datasets\final_combined_datasets\CLCE\FW\CLCE_FW_222.png,Cotton,FW,closed,e571968e998e6139,Fusarium Wilt
Z:\Projects\Smart-Farming\Datasets\final_combined_datasets\CLCE\FW\CLCE_FW_223.png,Cotton,FW,closed,e26697d948596696,Fusarium Wilt
Z:\Projects\Smart-Farming\Datasets\final_combined_datasets\CLCE\FW\CLCE_FW_224.png,Cotton,FW,closed,e36c9c379039d29a,Fusarium Wilt
Z:\Projects\Smart-Farming\Datasets\final_combined_datasets\CLCE\FW\CLCE_FW_225.png,Cotton,FW,closed,e36b9e95489892cd,Fusarium Wilt
Z:\Projects\Smart-Farming\Datasets\final_combined_datasets\CLCE\FW\CLCE_FW_226.png,Cotton,FW,closed,e51896c79969d961,Fusarium Wilt
Z:\Projects\Smart-Farming\Datasets\final_combined_datasets\CLCE\FW\CLCE_FW_227.png,Cotton,FW,closed,e3499c3499963667,Fusarium Wilt
Z:\Projects\Smart-Farming\Datasets\final_combined_datasets\CLCE\FW\CLCE_FW_228.png,Cotton,FW,closed,e44697781ab1b34b,Fusarium Wilt
Z:\Projects\Smart-Farming\Datasets\final_combined_datasets\CLCE\FW\CLCE_FW_229.png,Cotton,FW,closed,e1339663cb8c9ccc,Fusarium Wilt
Z:\Projects\Smart-Farming\Datasets\final_combined_datasets\CLCE\FW\CLCE_FW_230.png,Cotton,FW,closed,e16d9e93cbd39084,Fusarium Wilt
Z:\Projects\Smart-Farming\Datasets\final_combined_datasets\CLCE\FW\CLCE_FW_231.png,Cotton,FW,closed,e539c3661c86c6b3,Fusarium Wilt
Z:\Projects\Smart-Farming\Datasets\final_combined_datasets\CLCE\FW\CLCE_FW_232.png,Cotton,FW,closed,e5669eb918d96146,Fusarium Wilt
Z:\Projects\Smart-Farming\Datasets\final_combined_datasets\CLCE\FW\CLCE_FW_233.png,Cotton,FW,closed,e5659a9259c9e46c,Fusarium Wilt
Z:\Projects\Smart-Farming\Datasets\final_combined_datasets\CLCE\FW\CLCE_FW_234.png,Cotton,FW,closed,e1329666cbc9b18d,Fusarium Wilt
Z:\Projects\Smart-Farming\Datasets\final_combined_datasets\CLCE\FW\CLCE_FW_235.png,Cotton,FW,closed,e56d8666199a9399,Fusarium Wilt
Z:\Projects\Smart-Farming\Datasets\final_combined_datasets\CLCE\FW\CLCE_FW_236.png,Cotton,FW,closed,e16996b41b4ad993,Fusarium Wilt
Z:\Projects\Smart-Farming\Datasets\final_combined_datasets\CLCE\FW\CLCE_FW_237.png,Cotton,FW,closed,e1329665c61979ce,Fusarium Wilt
Z:\Projects\Smart-Farming\Datasets\final_combined_datasets\CLCE\FW\CLCE_FW_238.png,Cotton,FW,closed,e52d9c669292cb93,Fusarium Wilt
Z:\Projects\Smart-Farming\Datasets\final_combined_datasets\CLCE\FW\CLCE_FW_239.png,Cotton,FW,closed,e8c69638993dc693,Fusarium Wilt
Z:\Projects\Smart-Farming\Datasets\final_combined_datasets\CLCE\FW\CLCE_FW_240.png,Cotton,FW,closed,e1199bb19ca6694b,Fusarium Wilt
Z:\Projects\Smart-Farming\Datasets\final_combined_datasets\CLCE\FW\CLCE_FW_241.png,Cotton,FW,closed,e3699ca69a999c19,Fusarium Wilt
Z:\Projects\Smart-Farming\Datasets\final_combined_datasets\CLCE\FW\CLCE_FW_242.png,Cotton,FW,closed,e1619632999b71cd,Fusarium Wilt
Z:\Projects\Smart-Farming\Datasets\final_combined_datasets\CLCE\FW\CLCE_FW_243.png,Cotton,FW,closed,e1699c86539c9c9b,Fusarium Wilt
Z:\Projects\Smart-Farming\Datasets\final_combined_datasets\CLCE\FW\CLCE_FW_244.png,Cotton,FW,closed,ee63956d1294da92,Fusarium Wilt
Z:\Projects\Smart-Farming\Datasets\final_combined_datasets\CLCE\FW\CLCE_FW_245.png,Cotton,FW,closed,eb4c94339a794c96,Fusarium Wilt
Z:\Projects\Smart-Farming\Datasets\final_combined_datasets\CLCE\FW\CLCE_FW_246.png,Cotton,FW,closed,e3639c4679989999,Fusarium Wilt
Z:\Projects\Smart-Farming\Datasets\final_combined_datasets\CLCE\FW\CLCE_FW_247.png,Cotton,FW,closed,f1699b921ccf644c,Fusarium Wilt
Z:\Projects\Smart-Farming\Datasets\final_combined_datasets\CLCE\FW\CLCE_FW_248.png,Cotton,FW,closed,e7649c8258996d9d,Fusarium Wilt
Z:\Projects\Smart-Farming\Datasets\final_combined_datasets\CLCE\FW\CLCE_FW_249.png,Cotton,FW,closed,f074ca83cccf9949,Fusarium Wilt
Z:\Projects\Smart-Farming\Datasets\final_combined_datasets\CLCE\FW\CLCE_FW_250.png,Cotton,FW,closed,e1679627c69a91cc,Fusarium Wilt
Z:\Projects\Smart-Farming\Datasets\final_combined_datasets\CLCE\FW\CLCE_FW_251.png,Cotton,FW,closed,e7649687981999d9,Fusarium Wilt
Z:\Projects\Smart-Farming\Datasets\final_combined_datasets\CLCE\FW\CLCE_FW_252.png,Cotton,FW,closed,e896976a99695a85,Fusarium Wilt
Z:\Projects\Smart-Farming\Datasets\final_combined_datasets\CLCE\FW\CLCE_FW_253.png,Cotton,FW,closed,e16b96b65809656d,Fusarium Wilt
Z:\Projects\Smart-Farming\Datasets\final_combined_datasets\CLCE\FW\CLCE_FW_254.png,Cotton,FW,closed,e1319e4e98967372,Fusarium Wilt
Z:\Projects\Smart-Farming\Datasets\final_combined_datasets\CLCE\FW\CLCE_FW_255.png,Cotton,FW,closed,e6199e86d9581c3d,Fusarium Wilt
Z:\Projects\Smart-Farming\Datasets\final_combined_datasets\CLCE\FW\CLCE_FW_256.png,Cotton,FW,closed,f166923297911e9b,Fusarium Wilt
Z:\Projects\Smart-Farming\Datasets\final_combined_datasets\CLCE\FW\CLCE_FW_257.png,Cotton,FW,closed,e3699d8f8cb83192,Fusarium Wilt
Z:\Projects\Smart-Farming\Datasets\final_combined_datasets\CLCE\FW\CLCE_FW_258.png,Cotton,FW,closed,e56c84369eb2931b,Fusarium Wilt
Z:\Projects\Smart-Farming\Datasets\final_combined_datasets\CLCE\FW\CLCE_FW_259.png,Cotton,FW,closed,e13b9bc78c4c6c58,Fusarium Wilt
Z:\Projects\Smart-Farming\Datasets\final_combined_datasets\CLCE\FW\CLCE_FW_260.png,Cotton,FW,closed,e296977998294ac7,Fusarium Wilt
Z:\Projects\Smart-Farming\Datasets\final_combined_datasets\CLCE\FW\CLCE_FW_261.png,Cotton,FW,closed,e13b974b98943b58,Fusarium Wilt
Z:\Projects\Smart-Farming\Datasets\final_combined_datasets\CLCE\FW\CLCE_FW_262.png,Cotton,FW,closed,e17c9ea59a5a9a90,Fusarium Wilt
Z:\Projects\Smart-Farming\Datasets\final_combined_datasets\CLCE\FW\CLCE_FW_263.png,Cotton,FW,closed,e96a95959a9cb09a,Fusarium Wilt
Z:\Projects\Smart-Farming\Datasets\final_combined_datasets\CLCE\FW\CLCE_FW_264.png,Cotton,FW,closed,e13095678e96cec9,Fusarium Wilt
Z:\Projects\Smart-Farming\Datasets\final_combined_datasets\CLCE\FW\CLCE_FW_265.png,Cotton,FW,closed,e34d8c66903793cb,Fusarium Wilt
Z:\Projects\Smart-Farming\Datasets\final_combined_datasets\CLCE\FW\CLCE_FW_266.png,Cotton,FW,closed,e31e94391c276d72,Fusarium Wilt
Z:\Projects\Smart-Farming\Datasets\final_combined_datasets\CLCE\FW\CLCE_FW_267.png,Cotton,FW,closed,e53996c7982c4973,Fusarium Wilt
Z:\Projects\Smart-Farming\Datasets\final_combined_datasets\CLCE\FW\CLCE_FW_268.png,Cotton,FW,closed,e96e97259c493394,Fusarium Wilt
Z:\Projects\Smart-Farming\Datasets\final_combined_datasets\CLCE\FW\CLCE_FW_269.png,Cotton,FW,closed,e87995a7db949418,Fusarium Wilt
Z:\Projects\Smart-Farming\Datasets\final_combined_datasets\CLCE\FW\CLCE_FW_270.png,Cotton,FW,closed,e5638694925adb99,Fusarium Wilt
Z:\Projects\Smart-Farming\Datasets\final_combined_datasets\CLCE\FW\CLCE_FW_271.png,Cotton,FW,closed,e0338466d2cd9b9d,Fusarium Wilt
Z:\Projects\Smart-Farming\Datasets\final_combined_datasets\CLCE\FW\CLCE_FW_272.png,Cotton,FW,closed,e76686969839c393,Fusarium Wilt
Z:\Projects\Smart-Farming\Datasets\final_combined_datasets\CLCE\FW\CLCE_FW_273.png,Cotton,FW,closed,e273946697a599a4,Fusarium Wilt
Z:\Projects\Smart-Farming\Datasets\final_combined_datasets\CLCE\FW\CLCE_FW_274.png,Cotton,FW,closed,e1699494dcc6877c,Fusarium Wilt
Z:\Projects\Smart-Farming\Datasets\final_combined_datasets\CLCE\FW\CLCE_FW_275.png,Cotton,FW,closed,e539934b9896cae2,Fusarium Wilt
Z:\Projects\Smart-Farming\Datasets\final_combined_datasets\CLCE\FW\CLCE_FW_276.png,Cotton,FW,closed,e1699427cb4ab4cd,Fusarium Wilt
Z:\Projects\Smart-Farming\Datasets\final_combined_datasets\CLCE\FW\CLCE_FW_277.png,Cotton,FW,closed,ec6bc334994e1699,Fusarium Wilt
Z:\Projects\Smart-Farming\Datasets\final_combined_datasets\CLCE\FW\CLCE_FW_278.png,Cotton,FW,closed,f1329467ce9a9c98,Fusarium Wilt
Z:\Projects\Smart-Farming\Datasets\final_combined_datasets\CLCE\FW\CLCE_FW_279.png,Cotton,FW,closed,e66a97c7183c2593,Fusarium Wilt
Z:\Projects\Smart-Farming\Datasets\final_combined_datasets\CLCE\FW\CLCE_FW_280.png,Cotton,FW,closed,e36b95b598866558,Fusarium Wilt
Z:\Projects\Smart-Farming\Datasets\final_combined_datasets\CLCE\FW\CLCE_FW_281.png,Cotton,FW,closed,e4648e699993331f,Fusarium Wilt
Z:\Projects\Smart-Farming\Datasets\final_combined_datasets\CLCE\FW\CLCE_FW_282.png,Cotton,FW,closed,e1639691c34dbc9c,Fusarium Wilt
Z:\Projects\Smart-Farming\Datasets\final_combined_datasets\CLCE\FW\CLCE_FW_283.png,Cotton,FW,closed,f0748692cdcfc48e,Fusarium Wilt
Z:\Projects\Smart-Farming\Datasets\final_combined_datasets\CLCE\FW\CLCE_FW_284.png,Cotton,FW,closed,e4699586d126c6de,Fusarium Wilt
Z:\Projects\Smart-Farming\Datasets\final_combined_datasets\CLCE\FW\CLCE_FW_285.png,Cotton,FW,closed,e163942d668666de,Fusarium Wilt
Z:\Projects\Smart-Farming\Datasets\final_combined_datasets\CLCE\FW\CLCE_FW_286.png,Cotton,FW,closed,e1649693b490dbda,Fusarium Wilt
Z:\Projects\Smart-Farming\Datasets\final_combined_datasets\CLCE\FW\CLCE_FW_287.png,Cotton,FW,closed,e16987c49c17c7c3,Fusarium Wilt
Z:\Projects\Smart-Farming\Datasets\final_combined_datasets\CLCE\FW\CLCE_FW_288.png,Cotton,FW,closed,e16d85949cc7c61e,Fusarium Wilt
Z:\Projects\Smart-Farming\Datasets\final_combined_datasets\CLCE\FW\CLCE_FW_289.png,Cotton,FW,closed,f43896c5cb8393b2,Fusarium Wilt
Z:\Projects\Smart-Farming\Datasets\final_combined_datasets\CLCE\FW\CLCE_FW_290.png,Cotton,FW,closed,e46dc622cdb492dc,Fusarium Wilt
Z:\Projects\Smart-Farming\Datasets\final_combined_datasets\CLCE\FW\CLCE_FW_291.png,Cotton,FW,closed,e869853471969adb,Fusarium Wilt
Z:\Projects\Smart-Farming\Datasets\final_combined_datasets\CLCE\FW\CLCE_FW_292.png,Cotton,FW,closed,e56992c69892c3db,Fusarium Wilt
Z:\Projects\Smart-Farming\Datasets\final_combined_datasets\CLCE\FW\CLCE_FW_293.png,Cotton,FW,closed,e1469624ca7bdc69,Fusarium Wilt
Z:\Projects\Smart-Farming\Datasets\final_combined_datasets\CLCE\FW\CLCE_FW_294.png,Cotton,FW,closed,e9328567363c72c5,Fusarium Wilt
Z:\Projects\Smart-Farming\Datasets\final_combined_datasets\CLCE\FW\CLCE_FW_295.png,Cotton,FW,closed,e5669e25d849cd94,Fusarium Wilt
Z:\Projects\Smart-Farming\Datasets\final_combined_datasets\CLCE\FW\CLCE_FW_296.png,Cotton,FW,closed,b8d9c36639d2660d,Fusarium Wilt
Z:\Projects\Smart-Farming\Datasets\final_combined_datasets\CLCE\FW\CLCE_FW_297.png,Cotton,FW,closed,bfc1c03f0ed0cdc1,Fusarium Wilt
Z:\Projects\Smart-Farming\Datasets\final_combined_datasets\CLCE\FW\CLCE_FW_298.png,Cotton,FW,closed,b78dc8b2244df29c,Fusarium Wilt
Z:\Projects\Smart-Farming\Datasets\final_combined_datasets\CLCE\FW\CLCE_FW_299.png,Cotton,FW,closed,bcccc33d2cd3c10d,Fusarium Wilt
Z:\Projects\Smart-Farming\Datasets\final_combined_datasets\CLCE\FW\CLCE_FW_300.png,Cotton,FW,closed,aefa81c43e7b60a4,Fusarium Wilt
Z:\Projects\Smart-Farming\Datasets\final_combined_datasets\CLCE\FW\CLCE_FW_301.png,Cotton,FW,closed,afe9d400c8b71b63,Fusarium Wilt
Z:\Projects\Smart-Farming\Datasets\final_combined_datasets\CLCE\FW\CLCE_FW_302.png,Cotton,FW,closed,ec96c589ca5b8738,Fusarium Wilt
Z:\Projects\Smart-Farming\Datasets\final_combined_datasets\CLCE\FW\CLCE_FW_303.png,Cotton,FW,closed,f961913b8ec0e51e,Fusarium Wilt
Z:\Projects\Smart-Farming\Datasets\final_combined_datasets\CLCE\FW\CLCE_FW_304.png,Cotton,FW,closed,b93c90239ff1d292,Fusarium Wilt
Z:\Projects\Smart-Farming\Datasets\final_combined_datasets\CLCE\FW\CLCE_FW_305.png,Cotton,FW,closed,a5f69cc49a893399,Fusarium Wilt
Z:\Projects\Smart-Farming\Datasets\final_combined_datasets\CLCE\FW\CLCE_FW_306.png,Cotton,FW,closed,ac3387f0d2c71b86,Fusarium Wilt
Z:\Projects\Smart-Farming\Datasets\final_combined_datasets\CLCE\FW\CLCE_FW_307.png,Cotton,FW,closed,e868858f97f03a33,Fusarium Wilt
Z:\Projects\Smart-Farming\Datasets\final_combined_datasets\CLCE\FW\CLCE_FW_308.png,Cotton,FW,closed,a8be8785c95a1a1f,Fusarium Wilt
Z:\Projects\Smart-Farming\Datasets\final_combined_datasets\CLCE\FW\CLCE_FW_309.png,Cotton,FW,closed,acfa97c1681b3c25,Fusarium Wilt
Z:\Projects\Smart-Farming\Datasets\final_combined_datasets\CLCE\FW\CLCE_FW_310.png,Cotton,FW,closed,a1b193639832cbf3,Fusarium Wilt
Z:\Projects\Smart-Farming\Datasets\final_combined_datasets\CLCE\FW\CLCE_FW_311.png,Cotton,FW,closed,a0999bcc98c7cdcc,Fusarium Wilt
Z:\Projects\Smart-Farming\Datasets\final_combined_datasets\CLCE\FW\CLCE_FW_317.png,Cotton,FW,closed,b9d9c2262dd2668d,Fusarium Wilt
Z:\Projects\Smart-Farming\Datasets\final_combined_datasets\CLCE\FW\CLCE_FW_322.png,Cotton,FW,closed,b231cfc7cc65318c,Fusarium Wilt
Z:\Projects\Smart-Farming\Datasets\final_combined_datasets\CLCE\FW\CLCE_FW_323.png,Cotton,FW,closed,b4c1c33c6dc3369c,Fusarium Wilt
Z:\Projects\Smart-Farming\Datasets\final_combined_datasets\CLCE\FW\CLCE_FW_324.png,Cotton,FW,closed,b7c8c8243e936cce,Fusarium Wilt
Z:\Projects\Smart-Farming\Datasets\final_combined_datasets\CLCE\FW\CLCE_FW_325.png,Cotton,FW,closed,acc1936e6d949a4b,Fusarium Wilt
Z:\Projects\Smart-Farming\Datasets\final_combined_datasets\CLCE\HL\CLCE_HL_172.png,Cotton,HL,closed,f564c3639c9cc899,Healthy
Z:\Projects\Smart-Farming\Datasets\final_combined_datasets\CLCE\HL\CLCE_HL_001.png,Cotton,HL,closed,f29c9ec9cd1a9826,Healthy
Z:\Projects\Smart-Farming\Datasets\final_combined_datasets\CLCE\HL\CLCE_HL_003.png,Cotton,HL,closed,e16696c3c69a3c9c,Healthy
Z:\Projects\Smart-Farming\Datasets\final_combined_datasets\CLCE\HL\CLCE_HL_004.png,Cotton,HL,closed,aff2d0a512ca6cb4,Healthy
Z:\Projects\Smart-Farming\Datasets\final_combined_datasets\CLCE\HL\CLCE_HL_005.png,Cotton,HL,closed,f564c3c39838c9d9,Healthy
Z:\Projects\Smart-Farming\Datasets\final_combined_datasets\CLCE\HL\CLCE_HL_006.png,Cotton,HL,closed,e54496d298b5c9d3,Healthy
Z:\Projects\Smart-Farming\Datasets\final_combined_datasets\CLCE\HL\CLCE_HL_007.png,Cotton,HL,closed,f1c3923c4ee16c1b,Healthy
Z:\Projects\Smart-Farming\Datasets\final_combined_datasets\CLCE\HL\CLCE_HL_008.png,Cotton,HL,closed,f098cbc79e646532,Healthy
Z:\Projects\Smart-Farming\Datasets\final_combined_datasets\CLCE\HL\CLCE_HL_009.png,Cotton,HL,closed,f14d921e8eb2642f,Healthy
Z:\Projects\Smart-Farming\Datasets\final_combined_datasets\CLCE\HL\CLCE_HL_010.png,Cotton,HL,closed,f463cb9899c968c9,Healthy
Z:\Projects\Smart-Farming\Datasets\final_combined_datasets\CLCE\HL\CLCE_HL_011.png,Cotton,HL,closed,e133966cc3cc38dc,Healthy
Z:\Projects\Smart-Farming\Datasets\final_combined_datasets\CLCE\HL\CLCE_HL_012.png,Cotton,HL,closed,e5c496921939cdd3,Healthy
Z:\Projects\Smart-Farming\Datasets\final_combined_datasets\CLCE\HL\CLCE_HL_013.png,Cotton,HL,closed,e1c99e9cccc3246d,Healthy
Z:\Projects\Smart-Farming\Datasets\final_combined_datasets\CLCE\HL\CLCE_HL_014.png,Cotton,HL,closed,f458cbc79ac66330,Healthy
Z:\Projects\Smart-Farming\Datasets\final_combined_datasets\CLCE\HL\CLCE_HL_015.png,Cotton,HL,closed,e4c79b18986963c7,Healthy
Z:\Projects\Smart-Farming\Datasets\final_combined_datasets\CLCE\HL\CLCE_HL_016.png,Cotton,HL,closed,baecc19706da3b21,Healthy
Z:\Projects\Smart-Farming\Datasets\final_combined_datasets\CLCE\HL\CLCE_HL_017.png,Cotton,HL,closed,e1669ec3ce993918,Healthy
Z:\Projects\Smart-Farming\Datasets\final_combined_datasets\CLCE\HL\CLCE_HL_018.png,Cotton,HL,closed,e56d9ac3981cccc3,Healthy
Z:\Projects\Smart-Farming\Datasets\final_combined_datasets\CLCE\HL\CLCE_HL_019.png,Cotton,HL,closed,f0cc969ec9631c63,Healthy
Z:\Projects\Smart-Farming\Datasets\final_combined_datasets\CLCE\HL\CLCE_HL_020.png,Cotton,HL,closed,a539971a98cccb66,Healthy
Z:\Projects\Smart-Farming\Datasets\final_combined_datasets\CLCE\HL\CLCE_HL_021.png,Cotton,HL,closed,f458c3c39b86316b,Healthy
Z:\Projects\Smart-Farming\Datasets\final_combined_datasets\CLCE\HL\CLCE_HL_022.png,Cotton,HL,closed,f467c3929ec948c9,Healthy
Z:\Projects\Smart-Farming\Datasets\final_combined_datasets\CLCE\HL\CLCE_HL_023.png,Cotton,HL,closed,e169969659969659,Healthy
Z:\Projects\Smart-Farming\Datasets\final_combined_datasets\CLCE\HL\CLCE_HL_024.png,Cotton,HL,closed,e17396e44acc3939,Healthy
Z:\Projects\Smart-Farming\Datasets\final_combined_datasets\CLCE\HL\CLCE_HL_025.png,Cotton,HL,closed,f458c3c39e276c32,Healthy
Z:\Projects\Smart-Farming\Datasets\final_combined_datasets\CLCE\HL\CLCE_HL_026.png,Cotton,HL,closed,e5659b3898c3cd98,Healthy
Z:\Projects\Smart-Farming\Datasets\final_combined_datasets\CLCE\HL\CLCE_HL_027.png,Cotton,HL,closed,e37297a50c9c69c9,Healthy
Z:\Projects\Smart-Farming\Datasets\final_combined_datasets\CLCE\HL\CLCE_HL_028.png,Cotton,HL,closed,e7d29c949b6b9224,Healthy
Z:\Projects\Smart-Farming\Datasets\final_combined_datasets\CLCE\HL\CLCE_HL_029.png,Cotton,HL,closed,e86696b596d86991,Healthy
Z:\Projects\Smart-Farming\Datasets\final_combined_datasets\CLCE\HL\CLCE_HL_030.png,Cotton,HL,closed,e17096e7c69a4c8d,Healthy
Z:\Projects\Smart-Farming\Datasets\final_combined_datasets\CLCE\HL\CLCE_HL_031.png,Cotton,HL,closed,e5619ec69390c99b,Healthy
Z:\Projects\Smart-Farming\Datasets\final_combined_datasets\CLCE\HL\CLCE_HL_032.png,Cotton,HL,closed,e36b9cb448c6646d,Healthy
Z:\Projects\Smart-Farming\Datasets\final_combined_datasets\CLCE\HL\CLCE_HL_033.png,Cotton,HL,closed,f15983929e6dc86c,Healthy
Z:\Projects\Smart-Farming\Datasets\final_combined_datasets\CLCE\HL\CLCE_HL_034.png,Cotton,HL,closed,be6cd1d00cdff00a,Healthy
Z:\Projects\Smart-Farming\Datasets\final_combined_datasets\CLCE\HL\CLCE_HL_035.png,Cotton,HL,closed,e9629ea5b5d85292,Healthy
Z:\Projects\Smart-Farming\Datasets\final_combined_datasets\CLCE\HL\CLCE_HL_036.png,Cotton,HL,closed,e04d96cbc9b29c72,Healthy
Z:\Projects\Smart-Farming\Datasets\final_combined_datasets\CLCE\HL\CLCE_HL_037.png,Cotton,HL,closed,e36694cdc6987998,Healthy
Z:\Projects\Smart-Farming\Datasets\final_combined_datasets\CLCE\HL\CLCE_HL_038.png,Cotton,HL,closed,e56396cc9330cbc3,Healthy
Z:\Projects\Smart-Farming\Datasets\final_combined_datasets\CLCE\HL\CLCE_HL_039.png,Cotton,HL,closed,e1c9963cc6b64c63,Healthy
Z:\Projects\Smart-Farming\Datasets\final_combined_datasets\CLCE\HL\CLCE_HL_040.png,Cotton,HL,closed,f1389bc7940d6dc2,Healthy
Z:\Projects\Smart-Farming\Datasets\final_combined_datasets\CLCE\HL\CLCE_HL_041.png,Cotton,HL,closed,e1668eb4969932cb,Healthy
Z:\Projects\Smart-Farming\Datasets\final_combined_datasets\CLCE\HL\CLCE_HL_042.png,Cotton,HL,closed,e36494c3c6927e9c,Healthy
Z:\Projects\Smart-Farming\Datasets\final_combined_datasets\CLCE\HL\CLCE_HL_043.png,Cotton,HL,closed,e566d2639a38c9d1,Healthy
Z:\Projects\Smart-Farming\Datasets\final_combined_datasets\CLCE\HL\CLCE_HL_044.png,Cotton,HL,closed,e34b95b498c69c2e,Healthy
Z:\Projects\Smart-Farming\Datasets\final_combined_datasets\CLCE\HL\CLCE_HL_045.png,Cotton,HL,closed,e1939e4e946c6e25,Healthy
Z:\Projects\Smart-Farming\Datasets\final_combined_datasets\CLCE\HL\CLCE_HL_046.png,Cotton,HL,closed,bff3d08c61c84b25,Healthy
Z:\Projects\Smart-Farming\Datasets\final_combined_datasets\CLCE\HL\CLCE_HL_047.png,Cotton,HL,closed,f467c3b49e494899,Healthy
Z:\Projects\Smart-Farming\Datasets\final_combined_datasets\CLCE\HL\CLCE_HL_048.png,Cotton,HL,closed,e14697b49a58d29b,Healthy
Z:\Projects\Smart-Farming\Datasets\final_combined_datasets\CLCE\HL\CLCE_HL_049.png,Cotton,HL,closed,e17294e5c2cf49cc,Healthy
Z:\Projects\Smart-Farming\Datasets\final_combined_datasets\CLCE\HL\CLCE_HL_050.png,Cotton,HL,closed,e57196ce989cc983,Healthy
Z:\Projects\Smart-Farming\Datasets\final_combined_datasets\CLCE\HL\CLCE_HL_051.png,Cotton,HL,closed,e1cb963ccaf28c38,Healthy
Z:\Projects\Smart-Farming\Datasets\final_combined_datasets\CLCE\HL\CLCE_HL_052.png,Cotton,HL,closed,e11993e79c6e4b24,Healthy
Z:\Projects\Smart-Farming\Datasets\final_combined_datasets\CLCE\HL\CLCE_HL_053.png,Cotton,HL,closed,e4478fb499494bc9,Healthy
Z:\Projects\Smart-Farming\Datasets\final_combined_datasets\CLCE\HL\CLCE_HL_054.png,Cotton,HL,closed,f93691e1861bcccc,Healthy
Z:\Projects\Smart-Farming\Datasets\final_combined_datasets\CLCE\HL\CLCE_HL_055.png,Cotton,HL,closed,e54c96c69931cbc3,Healthy
Z:\Projects\Smart-Farming\Datasets\final_combined_datasets\CLCE\HL\CLCE_HL_056.png,Cotton,HL,closed,f05b96c7496c9c85,Healthy
Z:\Projects\Smart-Farming\Datasets\final_combined_datasets\CLCE\HL\CLCE_HL_057.png,Cotton,HL,closed,e46d879619cb913c,Healthy
Z:\Projects\Smart-Farming\Datasets\final_combined_datasets\CLCE\HL\CLCE_HL_058.png,Cotton,HL,closed,b16397b1cc1d1c4d,Healthy
Z:\Projects\Smart-Farming\Datasets\final_combined_datasets\CLCE\HL\CLCE_HL_059.png,Cotton,HL,closed,e17296e7ca183ccc,Healthy
Z:\Projects\Smart-Farming\Datasets\final_combined_datasets\CLCE\HL\CLCE_HL_060.png,Cotton,HL,closed,aea6d4c109587f95,Healthy
Z:\Projects\Smart-Farming\Datasets\final_combined_datasets\CLCE\HL\CLCE_HL_061.png,Cotton,HL,closed,e1329458cbcd99d9,Healthy
Z:\Projects\Smart-Farming\Datasets\final_combined_datasets\CLCE\HL\CLCE_HL_062.png,Cotton,HL,closed,e56496e69839c993,Healthy
Z:\Projects\Smart-Farming\Datasets\final_combined_datasets\CLCE\HL\CLCE_HL_063.png,Cotton,HL,closed,f07896c74d1c9c87,Healthy
Z:\Projects\Smart-Farming\Datasets\final_combined_datasets\CLCE\HL\CLCE_HL_064.png,Cotton,HL,closed,e16393319cddcb18,Healthy
Z:\Projects\Smart-Farming\Datasets\final_combined_datasets\CLCE\HL\CLCE_HL_065.png,Cotton,HL,closed,e14b97709cb46dc2,Healthy
Z:\Projects\Smart-Farming\Datasets\final_combined_datasets\CLCE\HL\CLCE_HL_066.png,Cotton,HL,closed,bff0c0bdc10668ea,Healthy
Z:\Projects\Smart-Farming\Datasets\final_combined_datasets\CLCE\HL\CLCE_HL_067.png,Cotton,HL,closed,e5689cb4c9499a9d,Healthy
Z:\Projects\Smart-Farming\Datasets\final_combined_datasets\CLCE\HL\CLCE_HL_068.png,Cotton,HL,closed,e169969699866a79,Healthy
Z:\Projects\Smart-Farming\Datasets\final_combined_datasets\CLCE\HL\CLCE_HL_069.png,Cotton,HL,closed,e13396c6cb8c3999,Healthy
Z:\Projects\Smart-Farming\Datasets\final_combined_datasets\CLCE\HL\CLCE_HL_070.png,Cotton,HL,closed,e56193c69898cf93,Healthy
Z:\Projects\Smart-Farming\Datasets\final_combined_datasets\CLCE\HL\CLCE_HL_071.png,Cotton,HL,closed,e57192c7981ec9c3,Healthy
Z:\Projects\Smart-Farming\Datasets\final_combined_datasets\CLCE\HL\CLCE_HL_072.png,Cotton,HL,closed,e1c9961cdaa63c66,Healthy
Z:\Projects\Smart-Farming\Datasets\final_combined_datasets\CLCE\HL\CLCE_HL_073.png,Cotton,HL,closed,f03296c7c96c99e4,Healthy
Z:\Projects\Smart-Farming\Datasets\final_combined_datasets\CLCE\HL\CLCE_HL_074.png,Cotton,HL,closed,e46b8f94934a5a93,Healthy
Z:\Projects\Smart-Farming\Datasets\final_combined_datasets\CLCE\HL\CLCE_HL_075.png,Cotton,HL,closed,e561969c99c6cd1a,Healthy
Z:\Projects\Smart-Farming\Datasets\final_combined_datasets\CLCE\HL\CLCE_HL_076.png,Cotton,HL,closed,e33496c79c1ac9c5,Healthy
Z:\Projects\Smart-Farming\Datasets\final_combined_datasets\CLCE\HL\CLCE_HL_077.png,Cotton,HL,closed,e58ec3a5983cc9c6,Healthy
Z:\Projects\Smart-Farming\Datasets\final_combined_datasets\CLCE\HL\CLCE_HL_078.png,Cotton,HL,closed,f3238e92cdc991b4,Healthy
Z:\Projects\Smart-Farming\Datasets\final_combined_datasets\CLCE\HL\CLCE_HL_079.png,Cotton,HL,closed,e43686e75996b158,Healthy
Z:\Projects\Smart-Farming\Datasets\final_combined_datasets\CLCE\HL\CLCE_HL_080.png,Cotton,HL,closed,e14d9cb6cb32328e,Healthy
Z:\Projects\Smart-Farming\Datasets\final_combined_datasets\CLCE\HL\CLCE_HL_081.png,Cotton,HL,closed,e530d3c7989ccc93,Healthy
Z:\Projects\Smart-Farming\Datasets\final_combined_datasets\CLCE\HL\CLCE_HL_082.png,Cotton,HL,closed,e1699cb4cb523927,Healthy
Z:\Projects\Smart-Farming\Datasets\final_combined_datasets\CLCE\HL\CLCE_HL_083.png,Cotton,HL,closed,e13993c39cb649b4,Healthy
Z:\Projects\Smart-Farming\Datasets\final_combined_datasets\CLCE\HL\CLCE_HL_084.png,Cotton,HL,closed,e164967a9c96989d,Healthy
Z:\Projects\Smart-Farming\Datasets\final_combined_datasets\CLCE\HL\CLCE_HL_085.png,Cotton,HL,closed,e1499eb0cc96346f,Healthy
Z:\Projects\Smart-Farming\Datasets\final_combined_datasets\CLCE\HL\CLCE_HL_086.png,Cotton,HL,closed,e06997965ad39598,Healthy
Z:\Projects\Smart-Farming\Datasets\final_combined_datasets\CLCE\HL\CLCE_HL_087.png,Cotton,HL,closed,e13694cdce9931ca,Healthy
Z:\Projects\Smart-Farming\Datasets\final_combined_datasets\CLCE\HL\CLCE_HL_088.png,Cotton,HL,closed,bb8cd1c08fb36a0b,Healthy
Z:\Projects\Smart-Farming\Datasets\final_combined_datasets\CLCE\HL\CLCE_HL_089.png,Cotton,HL,closed,f08d864bcbb69e42,Healthy
Z:\Projects\Smart-Farming\Datasets\final_combined_datasets\CLCE\HL\CLCE_HL_090.png,Cotton,HL,closed,ac34c7499bcdb017,Healthy
Z:\Projects\Smart-Farming\Datasets\final_combined_datasets\CLCE\HL\CLCE_HL_091.png,Cotton,HL,closed,bbac84936a6c71c3,Healthy
Z:\Projects\Smart-Farming\Datasets\final_combined_datasets\CLCE\HL\CLCE_HL_092.png,Cotton,HL,closed,afc6c029db3527e0,Healthy
Z:\Projects\Smart-Farming\Datasets\final_combined_datasets\CLCE\HL\CLCE_HL_093.png,Cotton,HL,closed,aff0c0ad91501ebb,Healthy
Z:\Projects\Smart-Farming\Datasets\final_combined_datasets\CLCE\HL\CLCE_HL_094.png,Cotton,HL,closed,a96ec33c94b44cd6,Healthy
Z:\Projects\Smart-Farming\Datasets\final_combined_datasets\CLCE\HL\CLCE_HL_095.png,Cotton,HL,closed,beccc093c97b123c,Healthy
Z:\Projects\Smart-Farming\Datasets\final_combined_datasets\CLCE\HL\CLCE_HL_096.png,Cotton,HL,closed,bbccc0d30e2d313e,Healthy
Z:\Projects\Smart-Farming\Datasets\final_combined_datasets\CLCE\HL\CLCE_HL_097.png,Cotton,HL,closed,f53892c394b64ba6,Healthy
Z:\Projects\Smart-Farming\Datasets\final_combined_datasets\CLCE\HL\CLCE_HL_098.png,Cotton,HL,closed,aec6d0391bf626c1,Healthy
Z:\Projects\Smart-Farming\Datasets\final_combined_datasets\CLCE\HL\CLCE_HL_099.png,Cotton,HL,closed,ac3c84499bc3b1b7,Healthy
Z:\Projects\Smart-Farming\Datasets\final_combined_datasets\CLCE\HL\CLCE_HL_100.png,Cotton,HL,closed,e590c68c96c79b39,Healthy
Z:\Projects\Smart-Farming\Datasets\final_combined_datasets\CLCE\HL\CLCE_HL_101.png,Cotton,HL,closed,e59086cc9ec6cb39,Healthy
Z:\Projects\Smart-Farming\Datasets\final_combined_datasets\CLCE\HL\CLCE_HL_102.png,Cotton,HL,closed,b4e3cb389e986989,Healthy
Z:\Projects\Smart-Farming\Datasets\final_combined_datasets\CLCE\HL\CLCE_HL_103.png,Cotton,HL,closed,e0cc9696c339596b,Healthy
Z:\Projects\Smart-Farming\Datasets\final_combined_datasets\CLCE\HL\CLCE_HL_104.png,Cotton,HL,closed,e19997c79c264c6c,Healthy
Z:\Projects\Smart-Farming\Datasets\final_combined_datasets\CLCE\HL\CLCE_HL_105.png,Cotton,HL,closed,ab65d0b985da5a70,Healthy
Z:\Projects\Smart-Farming\Datasets\final_combined_datasets\CLCE\HL\CLCE_HL_106.png,Cotton,HL,closed,e1b196389cc69b39,Healthy
Z:\Projects\Smart-Farming\Datasets\final_combined_datasets\CLCE\HL\CLCE_HL_107.png,Cotton,HL,closed,e566cbb096989c99,Healthy
Z:\Projects\Smart-Farming\Datasets\final_combined_datasets\CLCE\HL\CLCE_HL_108.png,Cotton,HL,closed,b4e3c3b69609cbc8,Healthy
Z:\Projects\Smart-Farming\Datasets\final_combined_datasets\CLCE\HL\CLCE_HL_109.png,Cotton,HL,closed,e190876d9ac7993c,Healthy
Z:\Projects\Smart-Farming\Datasets\final_combined_datasets\CLCE\HL\CLCE_HL_110.png,Cotton,HL,closed,fbd3d42c4e207293,Healthy
Z:\Projects\Smart-Farming\Datasets\final_combined_datasets\CLCE\HL\CLCE_HL_111.png,Cotton,HL,closed,bea8c0b4cbc19787,Healthy
Z:\Projects\Smart-Farming\Datasets\final_combined_datasets\CLCE\HL\CLCE_HL_112.png,Cotton,HL,closed,fb73d09d4e842c4a,Healthy
Z:\Projects\Smart-Farming\Datasets\final_combined_datasets\CLCE\HL\CLCE_HL_113.png,Cotton,HL,closed,a3bc95c31ee7e880,Healthy
Z:\Projects\Smart-Farming\Datasets\final_combined_datasets\CLCE\HL\CLCE_HL_114.png,Cotton,HL,closed,a166931c9cd9c99b,Healthy
Z:\Projects\Smart-Farming\Datasets\final_combined_datasets\CLCE\HL\CLCE_HL_115.png,Cotton,HL,closed,afd6d0491b1525a7,Healthy
Z:\Projects\Smart-Farming\Datasets\final_combined_datasets\CLCE\HL\CLCE_HL_116.png,Cotton,HL,closed,a9fc94c38e93e158,Healthy
Z:\Projects\Smart-Farming\Datasets\final_combined_datasets\CLCE\HL\CLCE_HL_117.png,Cotton,HL,closed,ae59c0a55bdaa319,Healthy
Z:\Projects\Smart-Farming\Datasets\final_combined_datasets\CLCE\HL\CLCE_HL_118.png,Cotton,HL,closed,aa9990f0c9a74f4e,Healthy
Z:\Projects\Smart-Farming\Datasets\final_combined_datasets\CLCE\HL\CLCE_HL_119.png,Cotton,HL,closed,aa9994d48f275a56,Healthy
Z:\Projects\Smart-Farming\Datasets\final_combined_datasets\CLCE\HL\CLCE_HL_120.png,Cotton,HL,closed,e17696c3ce1869cc,Healthy
Z:\Projects\Smart-Farming\Datasets\final_combined_datasets\CLCE\HL\CLCE_HL_121.png,Cotton,HL,closed,acd6d24b8fb1e908,Healthy
Z:\Projects\Smart-Farming\Datasets\final_combined_datasets\CLCE\HL\CLCE_HL_122.png,Cotton,HL,closed,ec9cc14b93b15a63,Healthy
Z:\Projects\Smart-Farming\Datasets\final_combined_datasets\CLCE\HL\CLCE_HL_123.png,Cotton,HL,closed,e59186189cc7db6c,Healthy
Z:\Projects\Smart-Farming\Datasets\final_combined_datasets\CLCE\HL\CLCE_HL_124.png,Cotton,HL,closed,e4cb86984b39b167,Healthy
Z:\Projects\Smart-Farming\Datasets\final_combined_datasets\CLCE\HL\CLCE_HL_125.png,Cotton,HL,closed,f092864bc79d9a0f,Healthy
Z:\Projects\Smart-Farming\Datasets\final_combined_datasets\CLCE\HL\CLCE_HL_126.png,Cotton,HL,closed,e81bc5b4d2ce9386,Healthy
Z:\Projects\Smart-Farming\Datasets\final_combined_datasets\CLCE\HL\CLCE_HL_127.png,Cotton,HL,closed,bca3c2969b6c998c,Healthy
Z:\Projects\Smart-Farming\Datasets\final_combined_datasets\CLCE\HL\CLCE_HL_128.png,Cotton,HL,closed,b7b8c09bc72cc496,Healthy
Z:\Projects\Smart-Farming\Datasets\final_combined_datasets\CLCE\HL\CLCE_HL_129.png,Cotton,HL,closed,aeced1a5d81b0be0,Healthy
Z:\Projects\Smart-Farming\Datasets\final_combined_datasets\CLCE\HL\CLCE_HL_130.png,Cotton,HL,closed,b166d32e9692cc99,Healthy
Z:\Projects\Smart-Farming\Datasets\final_combined_datasets\CLCE\HL\CLCE_HL_131.png,Cotton,HL,closed,e5649ac698986fc3,Healthy
Z:\Projects\Smart-Farming\Datasets\final_combined_datasets\CLCE\HL\CLCE_HL_132.png,Cotton,HL,closed,aef4d04818b32f1f,Healthy
Z:\Projects\Smart-Farming\Datasets\final_combined_datasets\CLCE\HL\CLCE_HL_133.png,Cotton,HL,closed,bacdc197c6723e08,Healthy
Z:\Projects\Smart-Farming\Datasets\final_combined_datasets\CLCE\HL\CLCE_HL_134.png,Cotton,HL,closed,becbd1b4c2762528,Healthy
Z:\Projects\Smart-Farming\Datasets\final_combined_datasets\CLCE\HL\CLCE_HL_135.png,Cotton,HL,closed,f9a1d39c8e966cc0,Healthy
Z:\Projects\Smart-Farming\Datasets\final_combined_datasets\CLCE\HL\CLCE_HL_136.png,Cotton,HL,closed,e1699e9699cb4319,Healthy
Z:\Projects\Smart-Farming\Datasets\final_combined_datasets\CLCE\HL\CLCE_HL_137.png,Cotton,HL,closed,f072cfc74d983229,Healthy
Z:\Projects\Smart-Farming\Datasets\final_combined_datasets\CLCE\HL\CLCE_HL_138.png,Cotton,HL,closed,b23cc392c469cfa6,Healthy
Z:\Projects\Smart-Farming\Datasets\final_combined_datasets\CLCE\HL\CLCE_HL_139.png,Cotton,HL,closed,f46cc692c99b9859,Healthy
Z:\Projects\Smart-Farming\Datasets\final_combined_datasets\CLCE\HL\CLCE_HL_140.png,Cotton,HL,closed,e17396c45a9839cb,Healthy
Z:\Projects\Smart-Farming\Datasets\final_combined_datasets\CLCE\HL\CLCE_HL_141.png,Cotton,HL,closed,e7459ad299194d8b,Healthy
Z:\Projects\Smart-Farming\Datasets\final_combined_datasets\CLCE\HL\CLCE_HL_142.png,Cotton,HL,closed,f161d3980cc7646f,Healthy
Z:\Projects\Smart-Farming\Datasets\final_combined_datasets\CLCE\HL\CLCE_HL_143.png,Cotton,HL,closed,f199cbc39c664c34,Healthy
Z:\Projects\Smart-Farming\Datasets\final_combined_datasets\CLCE\HL\CLCE_HL_144.png,Cotton,HL,closed,ac3cc460dacd9d3c,Healthy
Z:\Projects\Smart-Farming\Datasets\final_combined_datasets\CLCE\HL\CLCE_HL_145.png,Cotton,HL,closed,f058c7c3cc1d9c96,Healthy
Z:\Projects\Smart-Farming\Datasets\final_combined_datasets\CLCE\HL\CLCE_HL_146.png,Cotton,HL,closed,e463c3b49ac969c9,Healthy
Z:\Projects\Smart-Farming\Datasets\final_combined_datasets\CLCE\HL\CLCE_HL_147.png,Cotton,HL,closed,e5339eccc98a3931,Healthy
Z:\Projects\Smart-Farming\Datasets\final_combined_datasets\CLCE\HL\CLCE_HL_148.png,Cotton,HL,closed,e498c64d9ac7d92c,Healthy
Z:\Projects\Smart-Farming\Datasets\final_combined_datasets\CLCE\HL\CLCE_HL_149.png,Cotton,HL,closed,e563c3b69898c999,Healthy
Z:\Projects\Smart-Farming\Datasets\final_combined_datasets\CLCE\HL\CLCE_HL_150.png,Cotton,HL,closed,a13d96c39295cba3,Healthy
Z:\Projects\Smart-Farming\Datasets\final_combined_datasets\CLCE\HL\CLCE_HL_151.png,Cotton,HL,closed,e163969ccc9c65cc,Healthy
Z:\Projects\Smart-Farming\Datasets\final_combined_datasets\CLCE\HL\CLCE_HL_152.png,Cotton,HL,closed,e1799bc394946da4,Healthy
Z:\Projects\Smart-Farming\Datasets\final_combined_datasets\CLCE\HL\CLCE_HL_153.png,Cotton,HL,closed,fc64c39493cc6659,Healthy
Z:\Projects\Smart-Farming\Datasets\final_combined_datasets\CLCE\HL\CLCE_HL_154.png,Cotton,HL,closed,f07396e4c38e2c8e,Healthy
Z:\Projects\Smart-Farming\Datasets\final_combined_datasets\CLCE\HL\CLCE_HL_155.png,Cotton,HL,closed,e1619e769896c798,Healthy
Z:\Projects\Smart-Farming\Datasets\final_combined_datasets\CLCE\HL\CLCE_HL_156.png,Cotton,HL,closed,b4339036c969cbb6,Healthy
Z:\Projects\Smart-Farming\Datasets\final_combined_datasets\CLCE\HL\CLCE_HL_157.png,Cotton,HL,closed,f1639398cc9c6cca,Healthy
Z:\Projects\Smart-Farming\Datasets\final_combined_datasets\CLCE\HL\CLCE_HL_158.png,Cotton,HL,closed,f018cbcf9c966c2c,Healthy
Z:\Projects\Smart-Farming\Datasets\final_combined_datasets\CLCE\HL\CLCE_HL_159.png,Cotton,HL,closed,ec69d0b6c9869b89,Healthy
Z:\Projects\Smart-Farming\Datasets\final_combined_datasets\CLCE\HL\CLCE_HL_160.png,Cotton,HL,closed,e1699e96c9cb9494,Healthy
Z:\Projects\Smart-Farming\Datasets\final_combined_datasets\CLCE\HL\CLCE_HL_161.png,Cotton,HL,closed,ae3bd4e008ceed0b,Healthy
Z:\Projects\Smart-Farming\Datasets\final_combined_datasets\CLCE\HL\CLCE_HL_162.png,Cotton,HL,closed,e592c35c98c3d92d,Healthy
Z:\Projects\Smart-Farming\Datasets\final_combined_datasets\CLCE\HL\CLCE_HL_163.png,Cotton,HL,closed,e46696949992cb5b,Healthy
Z:\Projects\Smart-Farming\Datasets\final_combined_datasets\CLCE\HL\CLCE_HL_164.png,Cotton,HL,closed,f949963cccd64c86,Healthy
Z:\Projects\Smart-Farming\Datasets\final_combined_datasets\CLCE\HL\CLCE_HL_165.png,Cotton,HL,closed,f198cbc7946cc664,Healthy
Z:\Projects\Smart-Farming\Datasets\final_combined_datasets\CLCE\HL\CLCE_HL_166.png,Cotton,HL,closed,e4638e9492c969db,Healthy
Z:\Projects\Smart-Farming\Datasets\final_combined_datasets\CLCE\HL\CLCE_HL_167.png,Cotton,HL,closed,f032962dc3cd39cc,Healthy
Z:\Projects\Smart-Farming\Datasets\final_combined_datasets\CLCE\HL\CLCE_HL_168.png,Cotton,HL,closed,e56496c69998c99b,Healthy
Z:\Projects\Smart-Farming\Datasets\final_combined_datasets\CLCE\HL\CLCE_HL_169.png,Cotton,HL,closed,e1699e904ccf666c,Healthy
Z:\Projects\Smart-Farming\Datasets\final_combined_datasets\CLCE\HL\CLCE_HL_170.png,Cotton,HL,closed,f1d9cbc6cc6ccc04,Healthy
Z:\Projects\Smart-Farming\Datasets\final_combined_datasets\CLCE\HL\CLCE_HL_171.png,Cotton,HL,closed,f461c39698cb6999,Healthy
Z:\Projects\Smart-Farming\Datasets\final_combined_datasets\CLCE\ALS\CLCE_ALS_001.png,Cotton,ALS,closed,ebe3d09c2bc360e8,Alternaria Leaf Spot
Z:\Projects\Smart-Farming\Datasets\final_combined_datasets\CLCE\ALS\CLCE_ALS_002.png,Cotton,ALS,closed,eff390cc2c3b22c2,Alternaria Leaf Spot
Z:\Projects\Smart-Farming\Datasets\final_combined_datasets\CLCE\ALS\CLCE_ALS_003.png,Cotton,ALS,closed,b299cb3ec4c2ccc3,Alternaria Leaf Spot
Z:\Projects\Smart-Farming\Datasets\final_combined_datasets\CLCE\ALS\CLCE_ALS_004.png,Cotton,ALS,closed,b6ecc1923e69c534,Alternaria Leaf Spot
Z:\Projects\Smart-Farming\Datasets\final_combined_datasets\CLCE\ALS\CLCE_ALS_005.png,Cotton,ALS,closed,e0c99fb678898336,Alternaria Leaf Spot
Z:\Projects\Smart-Farming\Datasets\final_combined_datasets\CLCE\ALS\CLCE_ALS_006.png,Cotton,ALS,closed,b1f48ec3382cc3b3,Alternaria Leaf Spot
Z:\Projects\Smart-Farming\Datasets\final_combined_datasets\CLCE\ALS\CLCE_ALS_007.png,Cotton,ALS,closed,e1919e6e39b1c718,Alternaria Leaf Spot
Z:\Projects\Smart-Farming\Datasets\final_combined_datasets\CLCE\ALS\CLCE_ALS_008.png,Cotton,ALS,closed,e1c99e7661a19cc6,Alternaria Leaf Spot
Z:\Projects\Smart-Farming\Datasets\final_combined_datasets\CLCE\ALS\CLCE_ALS_009.png,Cotton,ALS,closed,eec4913b6e849599,Alternaria Leaf Spot
Z:\Projects\Smart-Farming\Datasets\final_combined_datasets\CLCE\ALS\CLCE_ALS_010.png,Cotton,ALS,closed,bbc2c43c6af0950f,Alternaria Leaf Spot
Z:\Projects\Smart-Farming\Datasets\final_combined_datasets\CLCE\ALS\CLCE_ALS_011.png,Cotton,ALS,closed,e8cf873068ed2593,Alternaria Leaf Spot
Z:\Projects\Smart-Farming\Datasets\final_combined_datasets\CLCE\ALS\CLCE_ALS_012.png,Cotton,ALS,closed,e097966a6984c6db,Alternaria Leaf Spot
Z:\Projects\Smart-Farming\Datasets\final_combined_datasets\CLCE\ALS\CLCE_ALS_013.png,Cotton,ALS,closed,bc90c76d68b4351b,Alternaria Leaf Spot
Z:\Projects\Smart-Farming\Datasets\final_combined_datasets\CLCE\ALS\CLCE_ALS_014.png,Cotton,ALS,closed,b271c90f9b99e48c,Alternaria Leaf Spot
Z:\Projects\Smart-Farming\Datasets\final_combined_datasets\CLCE\ALS\CLCE_ALS_015.png,Cotton,ALS,closed,acc9d23669e0a59b,Alternaria Leaf Spot
Z:\Projects\Smart-Farming\Datasets\final_combined_datasets\CLCE\ALS\CLCE_ALS_016.png,Cotton,ALS,closed,bcc4c33b6db022cb,Alternaria Leaf Spot
Z:\Projects\Smart-Farming\Datasets\final_combined_datasets\CLCE\ALS\CLCE_ALS_017.png,Cotton,ALS,closed,eacc95336ed4850b,Alternaria Leaf Spot
Z:\Projects\Smart-Farming\Datasets\final_combined_datasets\CLCE\ALS\CLCE_ALS_018.png,Cotton,ALS,closed,edc392386be09c9a,Alternaria Leaf Spot
Z:\Projects\Smart-Farming\Datasets\final_combined_datasets\CLCE\ALS\CLCE_ALS_019.png,Cotton,ALS,closed,e194976978b5a19a,Alternaria Leaf Spot
Z:\Projects\Smart-Farming\Datasets\final_combined_datasets\CLCE\ALS\CLCE_ALS_020.png,Cotton,ALS,closed,bfd2c02d7690c90f,Alternaria Leaf Spot
Z:\Projects\Smart-Farming\Datasets\final_combined_datasets\CLCE\ALS\CLCE_ALS_021.png,Cotton,ALS,closed,bcc4c33968e48e9b,Alternaria Leaf Spot
Z:\Projects\Smart-Farming\Datasets\final_combined_datasets\CLCE\ALS\CLCE_ALS_022.png,Cotton,ALS,closed,afc2d0bd2a42b4e5,Alternaria Leaf Spot
Z:\Projects\Smart-Farming\Datasets\final_combined_datasets\CLCE\ALS\CLCE_ALS_023.png,Cotton,ALS,closed,a9e0c69779e22725,Alternaria Leaf Spot
Z:\Projects\Smart-Farming\Datasets\final_combined_datasets\CLCE\ALS\CLCE_ALS_024.png,Cotton,ALS,closed,f8c786686996924f,Alternaria Leaf Spot
Z:\Projects\Smart-Farming\Datasets\final_combined_datasets\CLCE\ALS\CLCE_ALS_025.png,Cotton,ALS,closed,a669cbc6989bc998,Alternaria Leaf Spot
Z:\Projects\Smart-Farming\Datasets\final_combined_datasets\CLCE\ALS\CLCE_ALS_026.png,Cotton,ALS,closed,b89cc3c9d8a7c436,Alternaria Leaf Spot
Z:\Projects\Smart-Farming\Datasets\final_combined_datasets\CLCE\ALS\CLCE_ALS_027.png,Cotton,ALS,closed,a9b4d4c82b95f9b0,Alternaria Leaf Spot
Z:\Projects\Smart-Farming\Datasets\final_combined_datasets\CLCE\ALS\CLCE_ALS_028.png,Cotton,ALS,closed,acc282bd6d62626f,Alternaria Leaf Spot
Z:\Projects\Smart-Farming\Datasets\final_combined_datasets\CLCE\ALS\CLCE_ALS_029.png,Cotton,ALS,closed,ab9cd4233be4908f,Alternaria Leaf Spot
Z:\Projects\Smart-Farming\Datasets\final_combined_datasets\CLCE\ALS\CLCE_ALS_030.png,Cotton,ALS,closed,afc2913d73c4259a,Alternaria Leaf Spot
Z:\Projects\Smart-Farming\Datasets\final_combined_datasets\CLCE\ALS\CLCE_ALS_031.png,Cotton,ALS,closed,bccc933a68b44ccb,Alternaria Leaf Spot
Z:\Projects\Smart-Farming\Datasets\final_combined_datasets\CLCE\ALS\CLCE_ALS_032.png,Cotton,ALS,closed,a9d0966e2f78d095,Alternaria Leaf Spot
Z:\Projects\Smart-Farming\Datasets\final_combined_datasets\CLCE\ALS\CLCE_ALS_033.png,Cotton,ALS,closed,bfc680097e36c35a,Alternaria Leaf Spot
Z:\Projects\Smart-Farming\Datasets\final_combined_datasets\CLCE\ALS\CLCE_ALS_034.png,Cotton,ALS,closed,b633c964ce994c9c,Alternaria Leaf Spot
Z:\Projects\Smart-Farming\Datasets\final_combined_datasets\CLCE\ALS\CLCE_ALS_035.png,Cotton,ALS,closed,be2cc99bc3c232c3,Alternaria Leaf Spot
Z:\Projects\Smart-Farming\Datasets\final_combined_datasets\CLCE\ALS\CLCE_ALS_036.png,Cotton,ALS,closed,baccc4326bb4b4cc,Alternaria Leaf Spot
Z:\Projects\Smart-Farming\Datasets\final_combined_datasets\CLCE\ALS\CLCE_ALS_037.png,Cotton,ALS,closed,b9d2c0ac6cd2d1e5,Alternaria Leaf Spot
Z:\Projects\Smart-Farming\Datasets\final_combined_datasets\CLCE\ALS\CLCE_ALS_038.png,Cotton,ALS,closed,e691956e38e6c31a,Alternaria Leaf Spot
Z:\Projects\Smart-Farming\Datasets\final_combined_datasets\CLCE\ALS\CLCE_ALS_039.png,Cotton,ALS,closed,b8c7933b6c944a39,Alternaria Leaf Spot
Z:\Projects\Smart-Farming\Datasets\final_combined_datasets\CLCE\ALS\CLCE_ALS_040.png,Cotton,ALS,closed,e896937834c74b8d,Alternaria Leaf Spot
Z:\Projects\Smart-Farming\Datasets\final_combined_datasets\CLCE\ALS\CLCE_ALS_041.png,Cotton,ALS,closed,ae84d13b37e48cca,Alternaria Leaf Spot
Z:\Projects\Smart-Farming\Datasets\final_combined_datasets\CLCE\ALS\CLCE_ALS_042.png,Cotton,ALS,closed,acc793396966c4cc,Alternaria Leaf Spot
Z:\Projects\Smart-Farming\Datasets\final_combined_datasets\CLCE\ALS\CLCE_ALS_043.png,Cotton,ALS,closed,ba97c5683e37c0c8,Alternaria Leaf Spot
Z:\Projects\Smart-Farming\Datasets\final_combined_datasets\CLCE\ALS\CLCE_ALS_044.png,Cotton,ALS,closed,adc3913d7ac38594,Alternaria Leaf Spot
Z:\Projects\Smart-Farming\Datasets\final_combined_datasets\CLCE\ALS\CLCE_ALS_045.png,Cotton,ALS,closed,b49bc76c783094cb,Alternaria Leaf Spot
Z:\Projects\Smart-Farming\Datasets\final_combined_datasets\CLCE\ALS\CLCE_ALS_046.png,Cotton,ALS,closed,b699c36c9866c99a,Alternaria Leaf Spot
Z:\Projects\Smart-Farming\Datasets\final_combined_datasets\CLCE\ALS\CLCE_ALS_047.png,Cotton,ALS,closed,b463db33cc1c64cc,Alternaria Leaf Spot
Z:\Projects\Smart-Farming\Datasets\final_combined_datasets\CLCE\ALS\CLCE_ALS_048.png,Cotton,ALS,closed,e8cd977a682146ce,Alternaria Leaf Spot
Z:\Projects\Smart-Farming\Datasets\final_combined_datasets\CLCE\ALS\CLCE_ALS_049.png,Cotton,ALS,closed,bcc8c33768c087cf,Alternaria Leaf Spot
Z:\Projects\Smart-Farming\Datasets\final_combined_datasets\CLCE\ALS\CLCE_ALS_050.png,Cotton,ALS,closed,b998c6672f6a3894,Alternaria Leaf Spot
Z:\Projects\Smart-Farming\Datasets\final_combined_datasets\CLCE\ALS\CLCE_ALS_051.png,Cotton,ALS,closed,fac3842c5ee2a28f,Alternaria Leaf Spot
Z:\Projects\Smart-Farming\Datasets\final_combined_datasets\CLCE\ALS\CLCE_ALS_052.png,Cotton,ALS,closed,bcc7d3383d2764c0,Alternaria Leaf Spot
Z:\Projects\Smart-Farming\Datasets\final_combined_datasets\CLCE\ALS\CLCE_ALS_053.png,Cotton,ALS,closed,bbccc4326e2db1c8,Alternaria Leaf Spot
Z:\Projects\Smart-Farming\Datasets\final_combined_datasets\CLCE\ALS\CLCE_ALS_054.png,Cotton,ALS,closed,e9c4961979c6632d,Alternaria Leaf Spot
Z:\Projects\Smart-Farming\Datasets\final_combined_datasets\CLCE\ALS\CLCE_ALS_055.png,Cotton,ALS,closed,ba92976d683834e6,Alternaria Leaf Spot
Z:\Projects\Smart-Farming\Datasets\final_combined_datasets\CLCE\ALS\CLCE_ALS_056.png,Cotton,ALS,closed,af86d0582d67f2c2,Alternaria Leaf Spot
Z:\Projects\Smart-Farming\Datasets\final_combined_datasets\CLCE\ALS\CLCE_ALS_057.png,Cotton,ALS,closed,b43cc9c3c99b934c,Alternaria Leaf Spot
Z:\Projects\Smart-Farming\Datasets\final_combined_datasets\CLCE\ALS\CLCE_ALS_058.png,Cotton,ALS,closed,a5f6d24996b06c69,Alternaria Leaf Spot
Z:\Projects\Smart-Farming\Datasets\final_combined_datasets\CLCE\ALS\CLCE_ALS_059.png,Cotton,ALS,closed,be8dc1466e39b05a,Alternaria Leaf Spot
Z:\Projects\Smart-Farming\Datasets\final_combined_datasets\CLCE\ALS\CLCE_ALS_060.png,Cotton,ALS,closed,a9c694396fe0909f,Alternaria Leaf Spot
Z:\Projects\Smart-Farming\Datasets\final_combined_datasets\CLCE\ALS\CLCE_ALS_061.png,Cotton,ALS,closed,b0dccb233ce0c39d,Alternaria Leaf Spot
Z:\Projects\Smart-Farming\Datasets\final_combined_datasets\CLCE\ALS\CLCE_ALS_062.png,Cotton,ALS,closed,b4d2876c78b326ca,Alternaria Leaf Spot
Z:\Projects\Smart-Farming\Datasets\final_combined_datasets\CLCE\ALS\CLCE_ALS_063.png,Cotton,ALS,closed,ac9c836b3cb4c4cb,Alternaria Leaf Spot
Z:\Projects\Smart-Farming\Datasets\final_combined_datasets\CLCE\ALS\CLCE_ALS_064.png,Cotton,ALS,closed,fb81842e69f11e8e,Alternaria Leaf Spot
Z:\Projects\Smart-Farming\Datasets\final_combined_datasets\CLCE\ALS\CLCE_ALS_065.png,Cotton,ALS,closed,b099cbcece641867,Alternaria Leaf Spot
Z:\Projects\Smart-Farming\Datasets\final_combined_datasets\CLCE\ALS\CLCE_ALS_066.png,Cotton,ALS,closed,e2cd953868e7a49a,Alternaria Leaf Spot
Z:\Projects\Smart-Farming\Datasets\final_combined_datasets\CLCE\ALS\CLCE_ALS_067.png,Cotton,ALS,closed,afd0c02f3ef48343,Alternaria Leaf Spot
Z:\Projects\Smart-Farming\Datasets\final_combined_datasets\CLCE\ALS\CLCE_ALS_068.png,Cotton,ALS,closed,b8c5913a6de488db,Alternaria Leaf Spot
Z:\Projects\Smart-Farming\Datasets\final_combined_datasets\CLCE\ALS\CLCE_ALS_069.png,Cotton,ALS,closed,adc9d28696266c67,Alternaria Leaf Spot
Z:\Projects\Smart-Farming\Datasets\final_combined_datasets\CLCE\ALS\CLCE_ALS_070.png,Cotton,ALS,closed,e83f97c0680f2d72,Alternaria Leaf Spot
Z:\Projects\Smart-Farming\Datasets\final_combined_datasets\CLCE\ALS\CLCE_ALS_071.png,Cotton,ALS,closed,afecd0933b6ce404,Alternaria Leaf Spot
Z:\Projects\Smart-Farming\Datasets\final_combined_datasets\CLCE\ALS\CLCE_ALS_072.png,Cotton,ALS,closed,a9c6943dc7706595,Alternaria Leaf Spot
Z:\Projects\Smart-Farming\Datasets\final_combined_datasets\CLCE\ALS\CLCE_ALS_073.png,Cotton,ALS,closed,bd93c26c3d93d0c8,Alternaria Leaf Spot
Z:\Projects\Smart-Farming\Datasets\final_combined_datasets\CLCE\ALS\CLCE_ALS_074.png,Cotton,ALS,closed,a9c7963c6fc26087,Alternaria Leaf Spot
Z:\Projects\Smart-Farming\Datasets\final_combined_datasets\CLCE\ALS\CLCE_ALS_075.png,Cotton,ALS,closed,e991966e2f31489e,Alternaria Leaf Spot
Z:\Projects\Smart-Farming\Datasets\final_combined_datasets\CLCE\ALS\CLCE_ALS_076.png,Cotton,ALS,closed,bbc3840c7e62a3d3,Alternaria Leaf Spot
Z:\Projects\Smart-Farming\Datasets\final_combined_datasets\CLCE\ALS\CLCE_ALS_077.png,Cotton,ALS,closed,bf83c03c2d6732c3,Alternaria Leaf Spot
Z:\Projects\Smart-Farming\Datasets\final_combined_datasets\CLCE\ALS\CLCE_ALS_078.png,Cotton,ALS,closed,bcc1833e6b25d4ca,Alternaria Leaf Spot
Z:\Projects\Smart-Farming\Datasets\final_combined_datasets\CLCE\ALS\CLCE_ALS_079.png,Cotton,ALS,closed,bfd0c33f3c600996,Alternaria Leaf Spot
Z:\Projects\Smart-Farming\Datasets\final_combined_datasets\CLCE\ALS\CLCE_ALS_080.png,Cotton,ALS,closed,b3c1c966c699da61,Alternaria Leaf Spot
Z:\Projects\Smart-Farming\Datasets\final_combined_datasets\CLCE\ALS\CLCE_ALS_081.png,Cotton,ALS,closed,b30ecd99cc6c709a,Alternaria Leaf Spot
Z:\Projects\Smart-Farming\Datasets\final_combined_datasets\CLCE\ALS\CLCE_ALS_082.png,Cotton,ALS,closed,b38cc927c39b6465,Alternaria Leaf Spot
Z:\Projects\Smart-Farming\Datasets\final_combined_datasets\CLCE\ALS\CLCE_ALS_083.png,Cotton,ALS,closed,bb96cc99c626c239,Alternaria Leaf Spot
Z:\Projects\Smart-Farming\Datasets\final_combined_datasets\CLCE\ALS\CLCE_ALS_084.png,Cotton,ALS,closed,ba7ac6d1694e0e70,Alternaria Leaf Spot
Z:\Projects\Smart-Farming\Datasets\final_combined_datasets\CLCE\ALS\CLCE_ALS_085.png,Cotton,ALS,closed,a5678e9298339b96,Alternaria Leaf Spot
Z:\Projects\Smart-Farming\Datasets\final_combined_datasets\CLCE\ALS\CLCE_ALS_086.png,Cotton,ALS,closed,ee6e81b1584a37a5,Alternaria Leaf Spot
Z:\Projects\Smart-Farming\Datasets\final_combined_datasets\CLCE\ALS\CLCE_ALS_087.png,Cotton,ALS,closed,bcccc3233cb4d24b,Alternaria Leaf Spot
Z:\Projects\Smart-Farming\Datasets\final_combined_datasets\CLCE\ALS\CLCE_ALS_088.png,Cotton,ALS,closed,b4c6cbb38d389193,Alternaria Leaf Spot
Z:\Projects\Smart-Farming\Datasets\final_combined_datasets\CLCE\ALS\CLCE_ALS_089.png,Cotton,ALS,closed,a6a39b34cd6d9832,Alternaria Leaf Spot
Z:\Projects\Smart-Farming\Datasets\final_combined_datasets\CLCE\ALS\CLCE_ALS_090.png,Cotton,ALS,closed,a0399bcdccb64ca6,Alternaria Leaf Spot
Z:\Projects\Smart-Farming\Datasets\final_combined_datasets\CLCE\ALS\CLCE_ALS_091.png,Cotton,ALS,closed,eb32948c3b52e43b,Alternaria Leaf Spot
Z:\Projects\Smart-Farming\Datasets\final_combined_datasets\CLCE\ALS\CLCE_ALS_092.png,Cotton,ALS,closed,edc2c23c3fe06187,Alternaria Leaf Spot
Z:\Projects\Smart-Farming\Datasets\final_combined_datasets\CLCE\ALS\CLCE_ALS_093.png,Cotton,ALS,closed,bc24c3933d6c6636,Alternaria Leaf Spot
Z:\Projects\Smart-Farming\Datasets\final_combined_datasets\CLCE\ALS\CLCE_ALS_094.png,Cotton,ALS,closed,e93696c94a993c66,Alternaria Leaf Spot
Z:\Projects\Smart-Farming\Datasets\final_combined_datasets\CLCE\ALS\CLCE_ALS_095.png,Cotton,ALS,closed,b80ccc33c66373cd,Alternaria Leaf Spot
Z:\Projects\Smart-Farming\Datasets\final_combined_datasets\CLCE\ALS\CLCE_ALS_096.png,Cotton,ALS,closed,e39e96696a869538,Alternaria Leaf Spot
Z:\Projects\Smart-Farming\Datasets\final_combined_datasets\CLCE\ALS\CLCE_ALS_097.png,Cotton,ALS,closed,f1c6866cccb8ccc3,Alternaria Leaf Spot
Z:\Projects\Smart-Farming\Datasets\final_combined_datasets\CLCE\ALS\CLCE_ALS_098.png,Cotton,ALS,closed,e8688785717a9a3b,Alternaria Leaf Spot
Z:\Projects\Smart-Farming\Datasets\final_combined_datasets\CLCE\ALS\CLCE_ALS_099.png,Cotton,ALS,closed,afc2d02d3ff26085,Alternaria Leaf Spot
Z:\Projects\Smart-Farming\Datasets\final_combined_datasets\CLCE\ALS\CLCE_ALS_100.png,Cotton,ALS,closed,bef2c00d4fb4307a,Alternaria Leaf Spot
Z:\Projects\Smart-Farming\Datasets\final_combined_datasets\CLCE\ALS\CLCE_ALS_101.png,Cotton,ALS,closed,af95d06a2d354ec2,Alternaria Leaf Spot
Z:\Projects\Smart-Farming\Datasets\final_combined_datasets\CLCE\ALS\CLCE_ALS_102.png,Cotton,ALS,closed,fac1852e78e195d4,Alternaria Leaf Spot
Z:\Projects\Smart-Farming\Datasets\final_combined_datasets\CLCE\ALS\CLCE_ALS_103.png,Cotton,ALS,closed,efc890376ac8a587,Alternaria Leaf Spot
Z:\Projects\Smart-Farming\Datasets\final_combined_datasets\CLCE\ALS\CLCE_ALS_104.png,Cotton,ALS,closed,e1e59f9878b42562,Alternaria Leaf Spot
Z:\Projects\Smart-Farming\Datasets\final_combined_datasets\CLCE\ALS\CLCE_ALS_105.png,Cotton,ALS,closed,fa3ac5c16a4e8db0,Alternaria Leaf Spot
Z:\Projects\Smart-Farming\Datasets\final_combined_datasets\CLCE\ALS\CLCE_ALS_106.png,Cotton,ALS,closed,e66691c9c9996c33,Alternaria Leaf Spot
Z:\Projects\Smart-Farming\Datasets\final_combined_datasets\CLCE\ALS\CLCE_ALS_107.png,Cotton,ALS,closed,e76b9894331b4e61,Alternaria Leaf Spot
Z:\Projects\Smart-Farming\Datasets\final_combined_datasets\CLCE\ALS\CLCE_ALS_108.png,Cotton,ALS,closed,ac38d3c62f39d0e2,Alternaria Leaf Spot
Z:\Projects\Smart-Farming\Datasets\final_combined_datasets\CLCE\ALS\CLCE_ALS_109.png,Cotton,ALS,closed,e8d2852fdaa1394e,Alternaria Leaf Spot
Z:\Projects\Smart-Farming\Datasets\final_combined_datasets\CLCE\ALS\CLCE_ALS_110.png,Cotton,ALS,closed,b2d0c91bcef066c6,Alternaria Leaf Spot
Z:\Projects\Smart-Farming\Datasets\final_combined_datasets\CLCE\ALS\CLCE_ALS_111.png,Cotton,ALS,closed,b2cdc966ce330e38,Alternaria Leaf Spot
Z:\Projects\Smart-Farming\Datasets\final_combined_datasets\CLCE\ALS\CLCE_ALS_112.png,Cotton,ALS,closed,b3c8c93ec6263873,Alternaria Leaf Spot
Z:\Projects\Smart-Farming\Datasets\final_combined_datasets\CLCE\ALS\CLCE_ALS_113.png,Cotton,ALS,closed,e8979778a5a6d821,Alternaria Leaf Spot
Z:\Projects\Smart-Farming\Datasets\final_combined_datasets\CLCE\ALS\CLCE_ALS_114.png,Cotton,ALS,closed,b3c4cc9bcf308633,Alternaria Leaf Spot
Z:\Projects\Smart-Farming\Datasets\final_combined_datasets\CLCE\ALS\CLCE_ALS_115.png,Cotton,ALS,closed,bad1846e63919c4f,Alternaria Leaf Spot
Z:\Projects\Smart-Farming\Datasets\final_combined_datasets\CLCE\ALS\CLCE_ALS_116.png,Cotton,ALS,closed,bfc3c0296f92b20d,Alternaria Leaf Spot
Z:\Projects\Smart-Farming\Datasets\final_combined_datasets\CLCE\ALS\CLCE_ALS_117.png,Cotton,ALS,closed,e8c691396be6849b,Alternaria Leaf Spot
Z:\Projects\Smart-Farming\Datasets\final_combined_datasets\CLCE\ALS\CLCE_ALS_118.png,Cotton,ALS,closed,bc93c26c35975bc0,Alternaria Leaf Spot
Z:\Projects\Smart-Farming\Datasets\final_combined_datasets\CLCE\ALS\CLCE_ALS_119.png,Cotton,ALS,closed,afc1c03e3fe1849a,Alternaria Leaf Spot
Z:\Projects\Smart-Farming\Datasets\final_combined_datasets\CLCE\ALS\CLCE_ALS_120.png,Cotton,ALS,closed,b90ec8f1c726c731,Alternaria Leaf Spot
Z:\Projects\Smart-Farming\Datasets\final_combined_datasets\CLCE\ALS\CLCE_ALS_121.png,Cotton,ALS,closed,b4c4c33b6cb425cb,Alternaria Leaf Spot
Z:\Projects\Smart-Farming\Datasets\final_combined_datasets\CLCE\ALS\CLCE_ALS_122.png,Cotton,ALS,closed,bbc4d0236ebeb1c0,Alternaria Leaf Spot
Z:\Projects\Smart-Farming\Datasets\final_combined_datasets\CLCE\ALS\CLCE_ALS_123.png,Cotton,ALS,closed,b4b9cb64cd0636c9,Alternaria Leaf Spot
Z:\Projects\Smart-Farming\Datasets\final_combined_datasets\CLCE\ALS\CLCE_ALS_124.png,Cotton,ALS,closed,e896d3693636c0cb,Alternaria Leaf Spot
Z:\Projects\Smart-Farming\Datasets\final_combined_datasets\CLCE\ALS\CLCE_ALS_125.png,Cotton,ALS,closed,ef9c94c342273d38,Alternaria Leaf Spot
Z:\Projects\Smart-Farming\Datasets\final_combined_datasets\CLCE\ALS\CLCE_ALS_126.png,Cotton,ALS,closed,fbc1943e63919c1c,Alternaria Leaf Spot
Z:\Projects\Smart-Farming\Datasets\final_combined_datasets\CLCE\ALS\CLCE_ALS_127.png,Cotton,ALS,closed,e5ce9e10db6c9461,Alternaria Leaf Spot
Z:\Projects\Smart-Farming\Datasets\final_combined_datasets\CLCE\ALS\CLCE_ALS_128.png,Cotton,ALS,closed,f8c987b67ae0218d,Alternaria Leaf Spot
Z:\Projects\Smart-Farming\Datasets\final_combined_datasets\CLCE\ALS\CLCE_ALS_129.png,Cotton,ALS,closed,a9d6d22966e106db,Alternaria Leaf Spot
Z:\Projects\Smart-Farming\Datasets\final_combined_datasets\CLCE\ALS\CLCE_ALS_130.png,Cotton,ALS,closed,bb06c0dfc6c0c7c3,Alternaria Leaf Spot
Z:\Projects\Smart-Farming\Datasets\final_combined_datasets\CLCE\ALS\CLCE_ALS_131.png,Cotton,ALS,closed,ea6a858584769e9e,Alternaria Leaf Spot
Z:\Projects\Smart-Farming\Datasets\final_combined_datasets\CLCE\ALS\CLCE_ALS_132.png,Cotton,ALS,closed,e895c67a6485cb72,Alternaria Leaf Spot
Z:\Projects\Smart-Farming\Datasets\final_combined_datasets\CLCE\ALS\CLCE_ALS_133.png,Cotton,ALS,closed,bb90c66e39c3d28c,Alternaria Leaf Spot
Z:\Projects\Smart-Farming\Datasets\final_combined_datasets\CLCE\ALS\CLCE_ALS_134.png,Cotton,ALS,closed,ea8995722ea9e1cc,Alternaria Leaf Spot
Z:\Projects\Smart-Farming\Datasets\final_combined_datasets\CLCE\ALS\CLCE_ALS_135.png,Cotton,ALS,closed,eed0913f3ae0a598,Alternaria Leaf Spot
Z:\Projects\Smart-Farming\Datasets\final_combined_datasets\CLCE\ALS\CLCE_ALS_136.png,Cotton,ALS,closed,ebc1d43c63e23195,Alternaria Leaf Spot
Z:\Projects\Smart-Farming\Datasets\final_combined_datasets\CLCE\ALS\CLCE_ALS_137.png,Cotton,ALS,closed,bec4c13b6c3536c8,Alternaria Leaf Spot
Z:\Projects\Smart-Farming\Datasets\final_combined_datasets\CLCE\ALS\CLCE_ALS_138.png,Cotton,ALS,closed,a993d0640f7bf095,Alternaria Leaf Spot
Z:\Projects\Smart-Farming\Datasets\final_combined_datasets\CLCE\ALS\CLCE_ALS_139.png,Cotton,ALS,closed,b224c9939c99cecd,Alternaria Leaf Spot
Z:\Projects\Smart-Farming\Datasets\final_combined_datasets\CLCE\ALS\CLCE_ALS_140.png,Cotton,ALS,closed,fab891c36a6ca4f0,Alternaria Leaf Spot
Z:\Projects\Smart-Farming\Datasets\final_combined_datasets\CLCE\ALS\CLCE_ALS_141.png,Cotton,ALS,closed,b9c2c23d2fe0c88f,Alternaria Leaf Spot
Z:\Projects\Smart-Farming\Datasets\final_combined_datasets\CLCE\ALS\CLCE_ALS_142.png,Cotton,ALS,closed,b2c6cbcccc999a61,Alternaria Leaf Spot
Z:\Projects\Smart-Farming\Datasets\final_combined_datasets\CLCE\ALS\CLCE_ALS_143.png,Cotton,ALS,closed,beccc1613e9649c3,Alternaria Leaf Spot
Z:\Projects\Smart-Farming\Datasets\final_combined_datasets\CLCE\ALS\CLCE_ALS_144.png,Cotton,ALS,closed,bfc0c03c6dc3b6c8,Alternaria Leaf Spot
Z:\Projects\Smart-Farming\Datasets\final_combined_datasets\CLCE\ALS\CLCE_ALS_145.png,Cotton,ALS,closed,b3c3cf34cc349833,Alternaria Leaf Spot
Z:\Projects\Smart-Farming\Datasets\final_combined_datasets\CLCE\ALS\CLCE_ALS_146.png,Cotton,ALS,closed,b241cf4ccc939b65,Alternaria Leaf Spot
Z:\Projects\Smart-Farming\Datasets\final_combined_datasets\CLCE\ALS\CLCE_ALS_147.png,Cotton,ALS,closed,b09ccfc59a366433,Alternaria Leaf Spot
Z:\Projects\Smart-Farming\Datasets\final_combined_datasets\CLCE\ALS\CLCE_ALS_148.png,Cotton,ALS,closed,b0cbcb3cce34c338,Alternaria Leaf Spot
Z:\Projects\Smart-Farming\Datasets\final_combined_datasets\CLCE\ALS\CLCE_ALS_149.png,Cotton,ALS,closed,b3e7c999c43c0e32,Alternaria Leaf Spot
Z:\Projects\Smart-Farming\Datasets\final_combined_datasets\CLCE\ALS\CLCE_ALS_150.png,Cotton,ALS,closed,bb98c526e2c31e66,Alternaria Leaf Spot
Z:\Projects\Smart-Farming\Datasets\final_combined_datasets\CLCE\ALS\CLCE_ALS_151.png,Cotton,ALS,closed,ee9c91632db4f01a,Alternaria Leaf Spot
Z:\Projects\Smart-Farming\Datasets\final_combined_datasets\CLCE\ALS\CLCE_ALS_153.png,Cotton,ALS,closed,e88795735ecce184,Alternaria Leaf Spot
Z:\Projects\Smart-Farming\Datasets\final_combined_datasets\CLCE\ALS\CLCE_ALS_154.png,Cotton,ALS,closed,b23bc9e1c70c46ce,Alternaria Leaf Spot
Z:\Projects\Smart-Farming\Datasets\final_combined_datasets\CLCE\ALS\CLCE_ALS_155.png,Cotton,ALS,closed,b9d2c62f19e09687,Alternaria Leaf Spot
Z:\Projects\Smart-Farming\Datasets\final_combined_datasets\CLCE\ALS\CLCE_ALS_156.png,Cotton,ALS,closed,bbc0c42ed3b10ece,Alternaria Leaf Spot
Z:\Projects\Smart-Farming\Datasets\final_combined_datasets\CLCE\ALS\CLCE_ALS_157.png,Cotton,ALS,closed,bb0fc462c6c93c74,Alternaria Leaf Spot
Z:\Projects\Smart-Farming\Datasets\final_combined_datasets\CLCE\ALS\CLCE_ALS_158.png,Cotton,ALS,closed,e0e1979c5ac325ad,Alternaria Leaf Spot
Z:\Projects\Smart-Farming\Datasets\final_combined_datasets\CLCE\ALS\CLCE_ALS_159.png,Cotton,ALS,closed,bacc85917b60b48f,Alternaria Leaf Spot
Z:\Projects\Smart-Farming\Datasets\final_combined_datasets\CLCE\ALS\CLCE_ALS_160.png,Cotton,ALS,closed,af9cd0e13bb424ca,Alternaria Leaf Spot
Z:\Projects\Smart-Farming\Datasets\final_combined_datasets\CLCE\ALS\CLCE_ALS_161.png,Cotton,ALS,closed,ea93950c2af3b09e,Alternaria Leaf Spot
Z:\Projects\Smart-Farming\Datasets\final_combined_datasets\CLCE\ALS\CLCE_ALS_162.png,Cotton,ALS,closed,fac284783e67e390,Alternaria Leaf Spot
Z:\Projects\Smart-Farming\Datasets\final_combined_datasets\CLCE\ALS\CLCE_ALS_163.png,Cotton,ALS,closed,b9c9961ec2b62761,Alternaria Leaf Spot
Z:\Projects\Smart-Farming\Datasets\final_combined_datasets\CLCE\ALS\CLCE_ALS_164.png,Cotton,ALS,closed,f8c487333ae4259e,Alternaria Leaf Spot
Z:\Projects\Smart-Farming\Datasets\final_combined_datasets\CLCE\ALS\CLCE_ALS_165.png,Cotton,ALS,closed,e3c29c3d689a6327,Alternaria Leaf Spot
Z:\Projects\Smart-Farming\Datasets\final_combined_datasets\CLCE\ALS\CLCE_ALS_166.png,Cotton,ALS,closed,ec93976c69946643,Alternaria Leaf Spot
Z:\Projects\Smart-Farming\Datasets\final_combined_datasets\CLCE\ALS\CLCE_ALS_167.png,Cotton,ALS,closed,ead9957668859718,Alternaria Leaf Spot
Z:\Projects\Smart-Farming\Datasets\final_combined_datasets\CLCE\ALS\CLCE_ALS_168.png,Cotton,ALS,closed,b2ccc931cc679996,Alternaria Leaf Spot
Z:\Projects\Smart-Farming\Datasets\final_combined_datasets\CLCE\ALS\CLCE_ALS_169.png,Cotton,ALS,closed,e8c6873978c7a692,Alternaria Leaf Spot
Z:\Projects\Smart-Farming\Datasets\final_combined_datasets\CLCE\ALS\CLCE_ALS_170.png,Cotton,ALS,closed,e1998f6638b1271e,Alternaria Leaf Spot
Z:\Projects\Smart-Farming\Datasets\final_combined_datasets\CLCE\ALS\CLCE_ALS_171.png,Cotton,ALS,closed,a49b9f6199643396,Alternaria Leaf Spot
Z:\Projects\Smart-Farming\Datasets\final_combined_datasets\CLCE\ALS\CLCE_ALS_172.png,Cotton,ALS,closed,e99686692c96c1e7,Alternaria Leaf Spot
Z:\Projects\Smart-Farming\Datasets\final_combined_datasets\CLCE\ALS\CLCE_ALS_173.png,Cotton,ALS,closed,bcc3c33c3bc38496,Alternaria Leaf Spot
Z:\Projects\Smart-Farming\Datasets\final_combined_datasets\CLCE\BB\CLCE_BB_001.png,Cotton,BB,closed,e96696b49c994a9a,Bacterial Blight
Z:\Projects\Smart-Farming\Datasets\final_combined_datasets\CLCE\BB\CLCE_BB_002.png,Cotton,BB,closed,ecb2870ed2c51bcc,Bacterial Blight
Z:\Projects\Smart-Farming\Datasets\final_combined_datasets\CLCE\BB\CLCE_BB_003.png,Cotton,BB,closed,efc984945aa6395a,Bacterial Blight
Z:\Projects\Smart-Farming\Datasets\final_combined_datasets\CLCE\BB\CLCE_BB_004.png,Cotton,BB,closed,e8969561ce0f6678,Bacterial Blight
Z:\Projects\Smart-Farming\Datasets\final_combined_datasets\CLCE\BB\CLCE_BB_005.png,Cotton,BB,closed,bf1cc0e09ec34997,Bacterial Blight
Z:\Projects\Smart-Farming\Datasets\final_combined_datasets\CLCE\BB\CLCE_BB_006.png,Cotton,BB,closed,ef96c06c96813a1f,Bacterial Blight
Z:\Projects\Smart-Farming\Datasets\final_combined_datasets\CLCE\BB\CLCE_BB_007.png,Cotton,BB,closed,aaed851e96b01a73,Bacterial Blight
Z:\Projects\Smart-Farming\Datasets\final_combined_datasets\CLCE\BB\CLCE_BB_008.png,Cotton,BB,closed,fa85d07a85181f5b,Bacterial Blight
Z:\Projects\Smart-Farming\Datasets\final_combined_datasets\CLCE\BB\CLCE_BB_010.png,Cotton,BB,closed,b299cf369c64e126,Bacterial Blight
Z:\Projects\Smart-Farming\Datasets\final_combined_datasets\CLCE\BB\CLCE_BB_012.png,Cotton,BB,closed,e8c997966868c795,Bacterial Blight
Z:\Projects\Smart-Farming\Datasets\final_combined_datasets\CLCE\BB\CLCE_BB_013.png,Cotton,BB,closed,bc63c23c3dc29633,Bacterial Blight
Z:\Projects\Smart-Farming\Datasets\final_combined_datasets\CLCE\BB\CLCE_BB_014.png,Cotton,BB,closed,e03697c9691db433,Bacterial Blight
Z:\Projects\Smart-Farming\Datasets\final_combined_datasets\CLCE\BB\CLCE_BB_015.png,Cotton,BB,closed,ae64c71e9c5a7981,Bacterial Blight
Z:\Projects\Smart-Farming\Datasets\final_combined_datasets\CLCE\BB\CLCE_BB_016.png,Cotton,BB,closed,fa3984e05b86e36a,Bacterial Blight
Z:\Projects\Smart-Farming\Datasets\final_combined_datasets\CLCE\BB\CLCE_BB_017.png,Cotton,BB,closed,a698cb8998bcc9e3,Bacterial Blight
Z:\Projects\Smart-Farming\Datasets\final_combined_datasets\CLCE\BB\CLCE_BB_019.png,Cotton,BB,closed,b2cfcb989861cc3c,Bacterial Blight
Z:\Projects\Smart-Farming\Datasets\final_combined_datasets\CLCE\BB\CLCE_BB_020.png,Cotton,BB,closed,fa9985c67b3ca091,Bacterial Blight
Z:\Projects\Smart-Farming\Datasets\final_combined_datasets\CLCE\BB\CLCE_BB_021.png,Cotton,BB,closed,f4648337c9d29ca5,Bacterial Blight
Z:\Projects\Smart-Farming\Datasets\final_combined_datasets\CLCE\BB\CLCE_BB_022.png,Cotton,BB,closed,af33d1684a2c3ec6,Bacterial Blight
Z:\Projects\Smart-Farming\Datasets\final_combined_datasets\CLCE\BB\CLCE_BB_023.png,Cotton,BB,closed,fbccd430cb921873,Bacterial Blight
Z:\Projects\Smart-Farming\Datasets\final_combined_datasets\CLCE\BB\CLCE_BB_024.png,Cotton,BB,closed,ae91c47bdac50b85,Bacterial Blight
Z:\Projects\Smart-Farming\Datasets\final_combined_datasets\CLCE\BB\CLCE_BB_025.png,Cotton,BB,closed,efd0d025925c9b9c,Bacterial Blight
Z:\Projects\Smart-Farming\Datasets\final_combined_datasets\CLCE\BB\CLCE_BB_026.png,Cotton,BB,closed,ebd0902f915ecbd0,Bacterial Blight
Z:\Projects\Smart-Farming\Datasets\final_combined_datasets\CLCE\BB\CLCE_BB_027.png,Cotton,BB,closed,a7c9d437ca3e9904,Bacterial Blight
Z:\Projects\Smart-Farming\Datasets\final_combined_datasets\CLCE\BB\CLCE_BB_028.png,Cotton,BB,closed,ffccd032cf323860,Bacterial Blight
Z:\Projects\Smart-Farming\Datasets\final_combined_datasets\CLCE\BB\CLCE_BB_029.png,Cotton,BB,closed,bfc3c04eda29893c,Bacterial Blight
Z:\Projects\Smart-Farming\Datasets\final_combined_datasets\CLCE\BB\CLCE_BB_031.png,Cotton,BB,closed,b8c5873a6ca56a8d,Bacterial Blight
Z:\Projects\Smart-Farming\Datasets\final_combined_datasets\CLCE\BB\CLCE_BB_032.png,Cotton,BB,closed,ab9ed0f18562862f,Bacterial Blight
Z:\Projects\Smart-Farming\Datasets\final_combined_datasets\CLCE\BB\CLCE_BB_033.png,Cotton,BB,closed,b9d2c42c7a93a58e,Bacterial Blight
Z:\Projects\Smart-Farming\Datasets\final_combined_datasets\CLCE\BB\CLCE_BB_034.png,Cotton,BB,closed,eac69139c7b41c1b,Bacterial Blight
Z:\Projects\Smart-Farming\Datasets\final_combined_datasets\CLCE\BB\CLCE_BB_035.png,Cotton,BB,closed,bad2c52d6e92b0a9,Bacterial Blight
Z:\Projects\Smart-Farming\Datasets\final_combined_datasets\CLCE\BB\CLCE_BB_036.png,Cotton,BB,closed,e7c690396dc6328b,Bacterial Blight
Z:\Projects\Smart-Farming\Datasets\final_combined_datasets\CLCE\BB\CLCE_BB_037.png,Cotton,BB,closed,ec9792683796c893,Bacterial Blight
Z:\Projects\Smart-Farming\Datasets\final_combined_datasets\CLCE\BB\CLCE_BB_038.png,Cotton,BB,closed,e893856af1853e69,Bacterial Blight
Z:\Projects\Smart-Farming\Datasets\final_combined_datasets\CLCE\BB\CLCE_BB_039.png,Cotton,BB,closed,b2cd9678c7945863,Bacterial Blight
Z:\Projects\Smart-Farming\Datasets\final_combined_datasets\CLCE\BB\CLCE_BB_040.png,Cotton,BB,closed,abc2942c6be2e49b,Bacterial Blight
Z:\Projects\Smart-Farming\Datasets\final_combined_datasets\CLCE\BB\CLCE_BB_041.png,Cotton,BB,closed,e98694687a87e59a,Bacterial Blight
Z:\Projects\Smart-Farming\Datasets\final_combined_datasets\CLCE\BB\CLCE_BB_042.png,Cotton,BB,closed,acd3c32c3b847aca,Bacterial Blight
Z:\Projects\Smart-Farming\Datasets\final_combined_datasets\CLCE\BB\CLCE_BB_043.png,Cotton,BB,closed,bf4dd0ccc2c6859a,Bacterial Blight
Z:\Projects\Smart-Farming\Datasets\final_combined_datasets\CLCE\BB\CLCE_BB_044.png,Cotton,BB,closed,af6ac2a5c4461ead,Bacterial Blight
Z:\Projects\Smart-Farming\Datasets\final_combined_datasets\CLCE\BB\CLCE_BB_045.png,Cotton,BB,closed,fac9872e68a196cc,Bacterial Blight
Z:\Projects\Smart-Farming\Datasets\final_combined_datasets\CLCE\BB\CLCE_BB_046.png,Cotton,BB,closed,e9c693286ec3a49e,Bacterial Blight
Z:\Projects\Smart-Farming\Datasets\final_combined_datasets\CLCE\BB\CLCE_BB_047.png,Cotton,BB,closed,bbecc0933a6ce1b0,Bacterial Blight
Z:\Projects\Smart-Farming\Datasets\final_combined_datasets\CLCE\BB\CLCE_BB_048.png,Cotton,BB,closed,e1cd963239c76398,Bacterial Blight
Z:\Projects\Smart-Farming\Datasets\final_combined_datasets\CLCE\BB\CLCE_BB_049.png,Cotton,BB,closed,e49b9e6c31865a99,Bacterial Blight
Z:\Projects\Smart-Farming\Datasets\final_combined_datasets\CLCE\BB\CLCE_BB_050.png,Cotton,BB,closed,ebc3843c6b83f60c,Bacterial Blight
Z:\Projects\Smart-Farming\Datasets\final_combined_datasets\CLCE\BB\CLCE_BB_052.png,Cotton,BB,closed,acde93717886e491,Bacterial Blight
Z:\Projects\Smart-Farming\Datasets\final_combined_datasets\CLCE\BB\CLCE_BB_053.png,Cotton,BB,closed,b6d8c32d3cc24f98,Bacterial Blight
Z:\Projects\Smart-Farming\Datasets\final_combined_datasets\CLCE\BB\CLCE_BB_054.png,Cotton,BB,closed,b33ccda09c8fc5c8,Bacterial Blight
Z:\Projects\Smart-Farming\Datasets\final_combined_datasets\CLCE\BB\CLCE_BB_055.png,Cotton,BB,closed,b039cde4c68e3ac3,Bacterial Blight
Z:\Projects\Smart-Farming\Datasets\final_combined_datasets\CLCE\BB\CLCE_BB_056.png,Cotton,BB,closed,eb6ac4a5855c1e8d,Bacterial Blight
Z:\Projects\Smart-Farming\Datasets\final_combined_datasets\CLCE\BB\CLCE_BB_057.png,Cotton,BB,closed,eac2952c6ab565ca,Bacterial Blight
Z:\Projects\Smart-Farming\Datasets\final_combined_datasets\CLCE\BB\CLCE_BB_058.png,Cotton,BB,closed,ebca9435697a2585,Bacterial Blight
Z:\Projects\Smart-Farming\Datasets\final_combined_datasets\CLCE\BB\CLCE_BB_059.png,Cotton,BB,closed,e9c4923b2ce5619e,Bacterial Blight
Z:\Projects\Smart-Farming\Datasets\final_combined_datasets\CLCE\BB\CLCE_BB_060.png,Cotton,BB,closed,ba93c16c3eb1318e,Bacterial Blight
Z:\Projects\Smart-Farming\Datasets\final_combined_datasets\CLCE\BB\CLCE_BB_061.png,Cotton,BB,closed,fa91856e3aa1c19d,Bacterial Blight
Z:\Projects\Smart-Farming\Datasets\final_combined_datasets\CLCE\BB\CLCE_BB_062.png,Cotton,BB,closed,bfc1b4cad2968386,Bacterial Blight
Z:\Projects\Smart-Farming\Datasets\final_combined_datasets\CLCE\BB\CLCE_BB_067.png,Cotton,BB,closed,af9cc0da85131e67,Bacterial Blight
Z:\Projects\Smart-Farming\Datasets\final_combined_datasets\CLCE\BB\CLCE_BB_068.png,Cotton,BB,closed,ea9385349d63924f,Bacterial Blight
Z:\Projects\Smart-Farming\Datasets\final_combined_datasets\CLCE\BB\CLCE_BB_069.png,Cotton,BB,closed,bbf0910f9e09d4b4,Bacterial Blight
Z:\Projects\Smart-Farming\Datasets\final_combined_datasets\CLCE\BB\CLCE_BB_070.png,Cotton,BB,closed,fcca918fc3f48622,Bacterial Blight
Z:\Projects\Smart-Farming\Datasets\final_combined_datasets\CLCE\BB\CLCE_BB_071.png,Cotton,BB,closed,ad9cc26f3c60d887,Bacterial Blight
Z:\Projects\Smart-Farming\Datasets\final_combined_datasets\CLCE\BB\CLCE_BB_072.png,Cotton,BB,closed,bfd1c00fdc31906b,Bacterial Blight
Z:\Projects\Smart-Farming\Datasets\final_combined_datasets\CLCE\BB\CLCE_BB_073.png,Cotton,BB,closed,bd93d1f4c342c664,Bacterial Blight
Z:\Projects\Smart-Farming\Datasets\final_combined_datasets\CLCE\BB\CLCE_BB_074.png,Cotton,BB,closed,e8cc85a9d6369363,Bacterial Blight
Z:\Projects\Smart-Farming\Datasets\final_combined_datasets\CLCE\BB\CLCE_BB_075.png,Cotton,BB,closed,ee96c1b1c7439c2c,Bacterial Blight
Z:\Projects\Smart-Farming\Datasets\final_combined_datasets\CLCE\BB\CLCE_BB_076.png,Cotton,BB,closed,aa6ac4e5cdc6c585,Bacterial Blight
Z:\Projects\Smart-Farming\Datasets\final_combined_datasets\CLCE\BB\CLCE_BB_077.png,Cotton,BB,closed,fad3802e871d4af8,Bacterial Blight
Z:\Projects\Smart-Farming\Datasets\final_combined_datasets\CLCE\BB\CLCE_BB_078.png,Cotton,BB,closed,e19e96c798689a65,Bacterial Blight
Z:\Projects\Smart-Farming\Datasets\final_combined_datasets\CLCE\BB\CLCE_BB_079.png,Cotton,BB,closed,e8689694cb6dcca6,Bacterial Blight
Z:\Projects\Smart-Farming\Datasets\final_combined_datasets\CLCE\BB\CLCE_BB_080.png,Cotton,BB,closed,fee4a01f991a0a79,Bacterial Blight
Z:\Projects\Smart-Farming\Datasets\final_combined_datasets\CLCE\BB\CLCE_BB_081.png,Cotton,BB,closed,bf3ba0b1fac89181,Bacterial Blight
Z:\Projects\Smart-Farming\Datasets\final_combined_datasets\CLCE\BB\CLCE_BB_082.png,Cotton,BB,closed,ba2ff5ecc880c493,Bacterial Blight
Z:\Projects\Smart-Farming\Datasets\final_combined_datasets\CLCE\BB\CLCE_BB_084.png,Cotton,BB,closed,e1cc9e336c8993cc,Bacterial Blight
Z:\Projects\Smart-Farming\Datasets\final_combined_datasets\CLCE\BB\CLCE_BB_085.png,Cotton,BB,closed,e78c98736d98b24c,Bacterial Blight
Z:\Projects\Smart-Farming\Datasets\final_combined_datasets\CLCE\BB\CLCE_BB_086.png,Cotton,BB,closed,b077c39b9c38cc1c,Bacterial Blight
Z:\Projects\Smart-Farming\Datasets\final_combined_datasets\CLCE\BB\CLCE_BB_087.png,Cotton,BB,closed,fa6ac285cbf08587,Bacterial Blight
Z:\Projects\Smart-Farming\Datasets\final_combined_datasets\CLCE\BB\CLCE_BB_088.png,Cotton,BB,closed,a076cfc39819cd99,Bacterial Blight
Z:\Projects\Smart-Farming\Datasets\final_combined_datasets\CLCE\BB\CLCE_BB_089.png,Cotton,BB,closed,b077cf839c18c49d,Bacterial Blight
Z:\Projects\Smart-Farming\Datasets\final_combined_datasets\CLCE\BB\CLCE_BB_090.png,Cotton,BB,closed,ff2580387f576064,Bacterial Blight
Z:\Projects\Smart-Farming\Datasets\final_combined_datasets\CLCE\BB\CLCE_BB_091.png,Cotton,BB,closed,ff2494983b537164,Bacterial Blight
Z:\Projects\Smart-Farming\Datasets\final_combined_datasets\CLCE\BB\CLCE_BB_092.png,Cotton,BB,closed,f3748b93984ac9a5,Bacterial Blight
Z:\Projects\Smart-Farming\Datasets\final_combined_datasets\CLCE\BB\CLCE_BB_093.png,Cotton,BB,closed,b0cfc35998adcc4c,Bacterial Blight
Z:\Projects\Smart-Farming\Datasets\final_combined_datasets\CLCE\BB\CLCE_BB_094.png,Cotton,BB,closed,bb8dd2288ff30887,Bacterial Blight
Z:\Projects\Smart-Farming\Datasets\final_combined_datasets\CLCE\BB\CLCE_BB_095.png,Cotton,BB,closed,b23bc870cc1dc75c,Bacterial Blight
Z:\Projects\Smart-Farming\Datasets\final_combined_datasets\CLCE\BB\CLCE_BB_097.png,Cotton,BB,closed,af22d0ec4bc83db1,Bacterial Blight
Z:\Projects\Smart-Farming\Datasets\final_combined_datasets\CLCE\BB\CLCE_BB_098.png,Cotton,BB,closed,fa95d1b0cf420e4e,Bacterial Blight
Z:\Projects\Smart-Farming\Datasets\final_combined_datasets\CLCE\BB\CLCE_BB_099.png,Cotton,BB,closed,fac885475eb8e08d,Bacterial Blight
Z:\Projects\Smart-Farming\Datasets\final_combined_datasets\CLCE\BB\CLCE_BB_100.png,Cotton,BB,closed,e5259669cd869c5a,Bacterial Blight
Z:\Projects\Smart-Farming\Datasets\final_combined_datasets\CLCE\BB\CLCE_BB_101.png,Cotton,BB,closed,fbcc85720eb9708c,Bacterial Blight
Z:\Projects\Smart-Farming\Datasets\final_combined_datasets\CLCE\BB\CLCE_BB_102.png,Cotton,BB,closed,fad881875e3a614d,Bacterial Blight
Z:\Projects\Smart-Farming\Datasets\final_combined_datasets\CLCE\BB\CLCE_BB_107.png,Cotton,BB,closed,fb4ac089da358736,Bacterial Blight
Z:\Projects\Smart-Farming\Datasets\final_combined_datasets\CLCE\BB\CLCE_BB_108.png,Cotton,BB,closed,bfc6c02b6e91a4ca,Bacterial Blight
Z:\Projects\Smart-Farming\Datasets\final_combined_datasets\CLCE\BB\CLCE_BB_109.png,Cotton,BB,closed,fa9885637a92a5cc,Bacterial Blight
Z:\Projects\Smart-Farming\Datasets\final_combined_datasets\CLCE\BB\CLCE_BB_110.png,Cotton,BB,closed,e1cc9a736c9336c8,Bacterial Blight
Z:\Projects\Smart-Farming\Datasets\final_combined_datasets\CLCE\BB\CLCE_BB_112.png,Cotton,BB,closed,e7889a626996b6c9,Bacterial Blight
Z:\Projects\Smart-Farming\Datasets\final_combined_datasets\CLCE\BB\CLCE_BB_114.png,Cotton,BB,closed,b2cccf323cc3a19c,Bacterial Blight
Z:\Projects\Smart-Farming\Datasets\final_combined_datasets\CLCE\BB\CLCE_BB_115.png,Cotton,BB,closed,af0fc41e8fe0d292,Bacterial Blight
Z:\Projects\Smart-Farming\Datasets\final_combined_datasets\CLCE\BB\CLCE_BB_116.png,Cotton,BB,closed,f2c8cf2638c2e39c,Bacterial Blight
Z:\Projects\Smart-Farming\Datasets\final_combined_datasets\CLCE\BB\CLCE_BB_118.png,Cotton,BB,closed,bed6c04d7d463069,Bacterial Blight
Z:\Projects\Smart-Farming\Datasets\final_combined_datasets\CLCE\BB\CLCE_BB_119.png,Cotton,BB,closed,a1c3d2959e78c91b,Bacterial Blight
Z:\Projects\Smart-Farming\Datasets\final_combined_datasets\CLCE\BB\CLCE_BB_120.png,Cotton,BB,closed,f4688737cbd29c81,Bacterial Blight
Z:\Projects\Smart-Farming\Datasets\final_combined_datasets\CLCE\BB\CLCE_BB_122.png,Cotton,BB,closed,ff8c81337ea8e04c,Bacterial Blight
Z:\Projects\Smart-Farming\Datasets\final_combined_datasets\CLCE\BB\CLCE_BB_124.png,Cotton,BB,closed,fb87a10b8f78d841,Bacterial Blight
Z:\Projects\Smart-Farming\Datasets\final_combined_datasets\CLCE\BB\CLCE_BB_126.png,Cotton,BB,closed,fe87a053985e9c19,Bacterial Blight
Z:\Projects\Smart-Farming\Datasets\final_combined_datasets\CLCE\BB\CLCE_BB_127.png,Cotton,BB,closed,bec4c15bcb1dc834,Bacterial Blight
Z:\Projects\Smart-Farming\Datasets\final_combined_datasets\CLCE\BB\CLCE_BB_132.png,Cotton,BB,closed,aff89425f803c91e,Bacterial Blight
Z:\Projects\Smart-Farming\Datasets\final_combined_datasets\CLCE\BB\CLCE_BB_140.png,Cotton,BB,closed,fa4bc02c87978f92,Bacterial Blight
Z:\Projects\Smart-Farming\Datasets\final_combined_datasets\CLCE\BB\CLCE_BB_141.png,Cotton,BB,closed,e94ec2e49785da83,Bacterial Blight
Z:\Projects\Smart-Farming\Datasets\final_combined_datasets\CLCE\BB\CLCE_BB_142.png,Cotton,BB,closed,feb0844bcb0f9ad0,Bacterial Blight
Z:\Projects\Smart-Farming\Datasets\final_combined_datasets\CLCE\BB\CLCE_BB_143.png,Cotton,BB,closed,ebc7c1ac96181e5a,Bacterial Blight
Z:\Projects\Smart-Farming\Datasets\final_combined_datasets\CLCE\BB\CLCE_BB_144.png,Cotton,BB,closed,e1299e93c896cc67,Bacterial Blight
Z:\Projects\Smart-Farming\Datasets\final_combined_datasets\CLCE\BB\CLCE_BB_145.png,Cotton,BB,closed,e4329ececd499833,Bacterial Blight
Z:\Projects\Smart-Farming\Datasets\final_combined_datasets\CLCE\BB\CLCE_BB_146.png,Cotton,BB,closed,ae59d14b3bb43452,Bacterial Blight
Z:\Projects\Smart-Farming\Datasets\final_combined_datasets\CLCE\BB\CLCE_BB_147.png,Cotton,BB,closed,eea6c0d93b4ea126,Bacterial Blight
Z:\Projects\Smart-Farming\Datasets\final_combined_datasets\CLCE\BB\CLCE_BB_148.png,Cotton,BB,closed,e8c897b77a5a242c,Bacterial Blight
Z:\Projects\Smart-Farming\Datasets\final_combined_datasets\CLCE\BB\CLCE_BB_149.png,Cotton,BB,closed,ad98c0623f2d78da,Bacterial Blight
Z:\Projects\Smart-Farming\Datasets\final_combined_datasets\CLCE\BB\CLCE_BB_150.png,Cotton,BB,closed,b6e4c14a6b373472,Bacterial Blight
Z:\Projects\Smart-Farming\Datasets\final_combined_datasets\CLCE\BB\CLCE_BB_151.png,Cotton,BB,closed,aa39f4c9c4e4cba1,Bacterial Blight
Z:\Projects\Smart-Farming\Datasets\final_combined_datasets\CLCE\BB\CLCE_BB_152.png,Cotton,BB,closed,eec1813e7bc1a499,Bacterial Blight
Z:\Projects\Smart-Farming\Datasets\final_combined_datasets\CLCE\BB\CLCE_BB_153.png,Cotton,BB,closed,eac9857678e1871a,Bacterial Blight
Z:\Projects\Smart-Farming\Datasets\final_combined_datasets\CLCE\BB\CLCE_BB_154.png,Cotton,BB,closed,fb79c0c46f4a6870,Bacterial Blight
Z:\Projects\Smart-Farming\Datasets\final_combined_datasets\CLCE\BB\CLCE_BB_155.png,Cotton,BB,closed,ede6d298394e6065,Bacterial Blight
Z:\Projects\Smart-Farming\Datasets\final_combined_datasets\CLCE\BB\CLCE_BB_156.png,Cotton,BB,closed,f43686c5c94b9d38,Bacterial Blight
Z:\Projects\Smart-Farming\Datasets\final_combined_datasets\CLCE\BB\CLCE_BB_157.png,Cotton,BB,closed,bcc0c32f6bf0348b,Bacterial Blight
Z:\Projects\Smart-Farming\Datasets\final_combined_datasets\CLCE\BB\CLCE_BB_158.png,Cotton,BB,closed,ec9c91633bb4e44a,Bacterial Blight
Z:\Projects\Smart-Farming\Datasets\final_combined_datasets\CLCE\BB\CLCE_BB_159.png,Cotton,BB,closed,ee9281697ae6a4ca,Bacterial Blight
Z:\Projects\Smart-Farming\Datasets\final_combined_datasets\CLCE\BB\CLCE_BB_160.png,Cotton,BB,closed,fa7895856e5af030,Bacterial Blight
Z:\Projects\Smart-Farming\Datasets\final_combined_datasets\CLCE\BB\CLCE_BB_161.png,Cotton,BB,closed,eacf85307a4721ec,Bacterial Blight
Z:\Projects\Smart-Farming\Datasets\final_combined_datasets\CLCE\BB\CLCE_BB_162.png,Cotton,BB,closed,eae095953cca632d,Bacterial Blight
Z:\Projects\Smart-Farming\Datasets\final_combined_datasets\CLCE\BB\CLCE_BB_163.png,Cotton,BB,closed,feb5a462914ad3c8,Bacterial Blight
Z:\Projects\Smart-Farming\Datasets\final_combined_datasets\CLCE\BB\CLCE_BB_164.png,Cotton,BB,closed,ea95954a7a3d25c2,Bacterial Blight
Z:\Projects\Smart-Farming\Datasets\final_combined_datasets\CLCE\BB\CLCE_BB_165.png,Cotton,BB,closed,eaf095c53a7824b5,Bacterial Blight
Z:\Projects\Smart-Farming\Datasets\final_combined_datasets\CLCE\BB\CLCE_BB_166.png,Cotton,BB,closed,bb93c48c3ed2b02d,Bacterial Blight
Z:\Projects\Smart-Farming\Datasets\final_combined_datasets\CLCE\BB\CLCE_BB_168.png,Cotton,BB,closed,fad2859d6a42b331,Bacterial Blight
Z:\Projects\Smart-Farming\Datasets\final_combined_datasets\CLCE\BB\CLCE_BB_169.png,Cotton,BB,closed,faca85b57c48301f,Bacterial Blight
Z:\Projects\Smart-Farming\Datasets\final_combined_datasets\CLCE\BB\CLCE_BB_170.png,Cotton,BB,closed,eaee9533389c624a,Bacterial Blight
Z:\Projects\Smart-Farming\Datasets\final_combined_datasets\CLCE\BB\CLCE_BB_171.png,Cotton,BB,closed,eab995876a2c3c70,Bacterial Blight
Z:\Projects\Smart-Farming\Datasets\final_combined_datasets\CLCE\BB\CLCE_BB_172.png,Cotton,BB,closed,b492cb6c7c93874c,Bacterial Blight
Z:\Projects\Smart-Farming\Datasets\final_combined_datasets\CLCE\BB\CLCE_BB_173.png,Cotton,BB,closed,e19c8e63799c92c3,Bacterial Blight
Z:\Projects\Smart-Farming\Datasets\final_combined_datasets\CLCE\BB\CLCE_BB_174.png,Cotton,BB,closed,b6c3c93c34c3c31d,Bacterial Blight
Z:\Projects\Smart-Farming\Datasets\final_combined_datasets\CLCE\BB\CLCE_BB_175.png,Cotton,BB,closed,feb4a0d3915ad348,Bacterial Blight
Z:\Projects\Smart-Farming\Datasets\final_combined_datasets\CLCE\BB\CLCE_BB_176.png,Cotton,BB,closed,b186ce796d969249,Bacterial Blight
Z:\Projects\Smart-Farming\Datasets\final_combined_datasets\CLCE\BB\CLCE_BB_177.png,Cotton,BB,closed,a1999e6679d3861c,Bacterial Blight
Z:\Projects\Smart-Farming\Datasets\final_combined_datasets\CLCE\BB\CLCE_BB_178.png,Cotton,BB,closed,ef8690396bc6e44c,Bacterial Blight
Z:\Projects\Smart-Farming\Datasets\final_combined_datasets\CLCE\BB\CLCE_BB_179.png,Cotton,BB,closed,b8d8c7176861359e,Bacterial Blight
Z:\Projects\Smart-Farming\Datasets\final_combined_datasets\CLCE\BB\CLCE_BB_180.png,Cotton,BB,closed,e18e92716d0ee6c5,Bacterial Blight
Z:\Projects\Smart-Farming\Datasets\final_combined_datasets\CLCE\BB\CLCE_BB_181.png,Cotton,BB,closed,bcd2c22d38d2874f,Bacterial Blight
Z:\Projects\Smart-Farming\Datasets\final_combined_datasets\CLCE\BB\CLCE_BB_182.png,Cotton,BB,closed,f1cc877268a193ce,Bacterial Blight
Z:\Projects\Smart-Farming\Datasets\final_combined_datasets\CLCE\BB\CLCE_BB_183.png,Cotton,BB,closed,adb1d0cc2f8df070,Bacterial Blight
Z:\Projects\Smart-Farming\Datasets\final_combined_datasets\CLCE\BB\CLCE_BB_184.png,Cotton,BB,closed,a1399ec699929b69,Bacterial Blight
Z:\Projects\Smart-Farming\Datasets\final_combined_datasets\CLCE\BB\CLCE_BB_185.png,Cotton,BB,closed,e9d8d0273ef0618d,Bacterial Blight
Z:\Projects\Smart-Farming\Datasets\final_combined_datasets\CLCE\BB\CLCE_BB_186.png,Cotton,BB,closed,bfc2904fdc6c903c,Bacterial Blight
Z:\Projects\Smart-Farming\Datasets\final_combined_datasets\CLCE\BB\CLCE_BB_187.png,Cotton,BB,closed,b0cccbc8cc396673,Bacterial Blight
Z:\Projects\Smart-Farming\Datasets\final_combined_datasets\CLCE\BB\CLCE_BB_188.png,Cotton,BB,closed,a8f297cd68529d25,Bacterial Blight
Z:\Projects\Smart-Farming\Datasets\final_combined_datasets\CLCE\BB\CLCE_BB_189.png,Cotton,BB,closed,ea9495393ee4a097,Bacterial Blight
Z:\Projects\Smart-Farming\Datasets\final_combined_datasets\CLCE\BB\CLCE_BB_190.png,Cotton,BB,closed,afd780e83f86c291,Bacterial Blight
Z:\Projects\Smart-Farming\Datasets\final_combined_datasets\CLCE\BB\CLCE_BB_191.png,Cotton,BB,closed,b1c8ca273ce3c39c,Bacterial Blight
Z:\Projects\Smart-Farming\Datasets\final_combined_datasets\CLCE\BB\CLCE_BB_192.png,Cotton,BB,closed,bdd2c32d36d26107,Bacterial Blight
Z:\Projects\Smart-Farming\Datasets\final_combined_datasets\CLCE\BB\CLCE_BB_193.png,Cotton,BB,closed,bec8c33e6c900f69,Bacterial Blight
Z:\Projects\Smart-Farming\Datasets\final_combined_datasets\CLCE\BB\CLCE_BB_194.png,Cotton,BB,closed,eed991223e64e199,Bacterial Blight
Z:\Projects\Smart-Farming\Datasets\final_combined_datasets\CLCE\BB\CLCE_BB_195.png,Cotton,BB,closed,ebe4941b4ef0212f,Bacterial Blight
Z:\Projects\Smart-Farming\Datasets\final_combined_datasets\CLCE\BB\CLCE_BB_196.png,Cotton,BB,closed,f8db87644e3131ca,Bacterial Blight
Z:\Projects\Smart-Farming\Datasets\final_combined_datasets\CLCE\BB\CLCE_BB_197.png,Cotton,BB,closed,bfd9d09fc8c085b0,Bacterial Blight
Z:\Projects\Smart-Farming\Datasets\final_combined_datasets\CLCE\BB\CLCE_BB_199.png,Cotton,BB,closed,eb92946d3ee26294,Bacterial Blight
Z:\Projects\Smart-Farming\Datasets\final_combined_datasets\CLCE\BB\CLCE_BB_200.png,Cotton,BB,closed,bec4815b7cb406cb,Bacterial Blight
Z:\Projects\Smart-Farming\Datasets\final_combined_datasets\CLCE\BB\CLCE_BB_201.png,Cotton,BB,closed,b232cf33cccc8c99,Bacterial Blight
Z:\Projects\Smart-Farming\Datasets\final_combined_datasets\CLCE\BB\CLCE_BB_202.png,Cotton,BB,closed,baccc1176ae8b487,Bacterial Blight
Z:\Projects\Smart-Farming\Datasets\final_combined_datasets\CLCE\BB\CLCE_BB_203.png,Cotton,BB,closed,b432cb67c9cc3994,Bacterial Blight
Z:\Projects\Smart-Farming\Datasets\final_combined_datasets\CLCE\BB\CLCE_BB_204.png,Cotton,BB,closed,f89785686ea530da,Bacterial Blight
Z:\Projects\Smart-Farming\Datasets\final_combined_datasets\CLCE\BB\CLCE_BB_205.png,Cotton,BB,closed,fb9d94622eb93190,Bacterial Blight
Z:\Projects\Smart-Farming\Datasets\final_combined_datasets\CLCE\BB\CLCE_BB_206.png,Cotton,BB,closed,abe3d1780ec4e0b3,Bacterial Blight
Z:\Projects\Smart-Farming\Datasets\final_combined_datasets\CLCE\BB\CLCE_BB_207.png,Cotton,BB,closed,e19a926d28e3e59c,Bacterial Blight
Z:\Projects\Smart-Farming\Datasets\final_combined_datasets\CLCE\BB\CLCE_BB_208.png,Cotton,BB,closed,f8b285486eb7b1d0,Bacterial Blight
Z:\Projects\Smart-Farming\Datasets\final_combined_datasets\CLCE\BB\CLCE_BB_209.png,Cotton,BB,closed,bd2cd2d2c4c3c34b,Bacterial Blight
Z:\Projects\Smart-Farming\Datasets\final_combined_datasets\CLCE\BB\CLCE_BB_210.png,Cotton,BB,closed,bac9c4326ba495cb,Bacterial Blight
Z:\Projects\Smart-Farming\Datasets\final_combined_datasets\CLCE\BB\CLCE_BB_211.png,Cotton,BB,closed,ecb297c878b5245a,Bacterial Blight
Z:\Projects\Smart-Farming\Datasets\final_combined_datasets\CLCE\BB\CLCE_BB_212.png,Cotton,BB,closed,ea96946927a4ea1b,Bacterial Blight
Z:\Projects\Smart-Farming\Datasets\final_combined_datasets\CLCE\BB\CLCE_BB_213.png,Cotton,BB,closed,f9c5862a69b11ee2,Bacterial Blight
Z:\Projects\Smart-Farming\Datasets\final_combined_datasets\CLCE\BB\CLCE_BB_214.png,Cotton,BB,closed,bac794384fe5901e,Bacterial Blight
Z:\Projects\Smart-Farming\Datasets\final_combined_datasets\CLCE\BB\CLCE_BB_215.png,Cotton,BB,closed,ee91c62b39e40e9c,Bacterial Blight
Z:\Projects\Smart-Farming\Datasets\final_combined_datasets\CLCE\BB\CLCE_BB_216.png,Cotton,BB,closed,ba84c56abcb04e8f,Bacterial Blight
Z:\Projects\Smart-Farming\Datasets\final_combined_datasets\CLCE\BB\CLCE_BB_217.png,Cotton,BB,closed,facc85136e2de0cc,Bacterial Blight
Z:\Projects\Smart-Farming\Datasets\final_combined_datasets\CLCE\BB\CLCE_BB_218.png,Cotton,BB,closed,ecd3832c7ac1a497,Bacterial Blight
Z:\Projects\Smart-Farming\Datasets\final_combined_datasets\CLCE\VW\CLCE_VW_001.png,Cotton,VW,closed,fae1851f9c780dc1,Verticillium Wilt
Z:\Projects\Smart-Farming\Datasets\final_combined_datasets\CLCE\VW\CLCE_VW_002.png,Cotton,VW,closed,fbc880b1df930e4a,Verticillium Wilt
Z:\Projects\Smart-Farming\Datasets\final_combined_datasets\CLCE\VW\CLCE_VW_003.png,Cotton,VW,closed,be5a9585c2f091ea,Verticillium Wilt
Z:\Projects\Smart-Farming\Datasets\final_combined_datasets\CLCE\VW\CLCE_VW_004.png,Cotton,VW,closed,fe6083bdc09e941e,Verticillium Wilt
Z:\Projects\Smart-Farming\Datasets\final_combined_datasets\CLCE\VW\CLCE_VW_005.png,Cotton,VW,closed,ba61950fcbf4cb02,Verticillium Wilt
Z:\Projects\Smart-Farming\Datasets\final_combined_datasets\CLCE\VW\CLCE_VW_006.png,Cotton,VW,closed,a7b9a1c312c39a9d,Verticillium Wilt
Z:\Projects\Smart-Farming\Datasets\final_combined_datasets\CLCE\VW\CLCE_VW_007.png,Cotton,VW,closed,ebc0c20f959a9ec9,Verticillium Wilt
Z:\Projects\Smart-Farming\Datasets\final_combined_datasets\CLCE\VW\CLCE_VW_008.png,Cotton,VW,closed,aec6c0397be4b44a,Verticillium Wilt
Z:\Projects\Smart-Farming\Datasets\final_combined_datasets\CLCE\VW\CLCE_VW_009.png,Cotton,VW,closed,acc99335687b258d,Verticillium Wilt
Z:\Projects\Smart-Farming\Datasets\final_combined_datasets\CLCE\VW\CLCE_VW_010.png,Cotton,VW,closed,ed9292693db4618e,Verticillium Wilt
Z:\Projects\Smart-Farming\Datasets\final_combined_datasets\CLCE\VW\CLCE_VW_011.png,Cotton,VW,closed,e88c977a6cc1859e,Verticillium Wilt
Z:\Projects\Smart-Farming\Datasets\final_combined_datasets\CLCE\VW\CLCE_VW_012.png,Cotton,VW,closed,bbb3c04c2d02f2b7,Verticillium Wilt
Z:\Projects\Smart-Farming\Datasets\final_combined_datasets\CLCE\VW\CLCE_VW_013.png,Cotton,VW,closed,beb48074d24b8f8d,Verticillium Wilt
Z:\Projects\Smart-Farming\Datasets\final_combined_datasets\CLCE\VW\CLCE_VW_014.png,Cotton,VW,closed,eeec8191395a2e2d,Verticillium Wilt
Z:\Projects\Smart-Farming\Datasets\final_combined_datasets\CLCE\VW\CLCE_VW_015.png,Cotton,VW,closed,b0c1c93ece62e639,Verticillium Wilt
Z:\Projects\Smart-Farming\Datasets\final_combined_datasets\CLCE\VW\CLCE_VW_016.png,Cotton,VW,closed,b89091cbcf6dc12e,Verticillium Wilt
Z:\Projects\Smart-Farming\Datasets\final_combined_datasets\CLCE\VW\CLCE_VW_017.png,Cotton,VW,closed,ba9e85cbce60c631,Verticillium Wilt
Z:\Projects\Smart-Farming\Datasets\final_combined_datasets\CLCE\VW\CLCE_VW_018.png,Cotton,VW,closed,ebe194d2781ce362,Verticillium Wilt
Z:\Projects\Smart-Farming\Datasets\final_combined_datasets\CLCE\VW\CLCE_VW_019.png,Cotton,VW,closed,ec92876978a437d2,Verticillium Wilt
Z:\Projects\Smart-Farming\Datasets\final_combined_datasets\CLCE\VW\CLCE_VW_020.png,Cotton,VW,closed,eee691997a722684,Verticillium Wilt
Z:\Projects\Smart-Farming\Datasets\final_combined_datasets\CLCE\VW\CLCE_VW_021.png,Cotton,VW,closed,b8ec85937a61359c,Verticillium Wilt
Z:\Projects\Smart-Farming\Datasets\final_combined_datasets\CLCE\VW\CLCE_VW_022.png,Cotton,VW,closed,e99c96633f386186,Verticillium Wilt
Z:\Projects\Smart-Farming\Datasets\final_combined_datasets\CLCE\VW\CLCE_VW_023.png,Cotton,VW,closed,f892874d6eb2b093,Verticillium Wilt
Z:\Projects\Smart-Farming\Datasets\final_combined_datasets\CLCE\VW\CLCE_VW_024.png,Cotton,VW,closed,ebe8d00785bfcc90,Verticillium Wilt
Z:\Projects\Smart-Farming\Datasets\final_combined_datasets\CLCE\VW\CLCE_VW_025.png,Cotton,VW,closed,bfecc0932e6c3198,Verticillium Wilt
Z:\Projects\Smart-Farming\Datasets\final_combined_datasets\CLCE\VW\CLCE_VW_026.png,Cotton,VW,closed,eb92c02d2fe2c28f,Verticillium Wilt
Z:\Projects\Smart-Farming\Datasets\final_combined_datasets\CLCE\VW\CLCE_VW_027.png,Cotton,VW,closed,b9c9863c69e3349a,Verticillium Wilt
Z:\Projects\Smart-Farming\Datasets\final_combined_datasets\CLCE\VW\CLCE_VW_028.png,Cotton,VW,closed,ad96d2693d946586,Verticillium Wilt
Z:\Projects\Smart-Farming\Datasets\final_combined_datasets\CLCE\VW\CLCE_VW_029.png,Cotton,VW,closed,ea7a85e5980eb49c,Verticillium Wilt
Z:\Projects\Smart-Farming\Datasets\final_combined_datasets\CLCE\VW\CLCE_VW_030.png,Cotton,VW,closed,bd92c06d3e90b1ce,Verticillium Wilt
Z:\Projects\Smart-Farming\Datasets\final_combined_datasets\CLCE\VW\CLCE_VW_031.png,Cotton,VW,closed,f88587686993b4ce,Verticillium Wilt
Z:\Projects\Smart-Farming\Datasets\final_combined_datasets\CLCE\VW\CLCE_VW_032.png,Cotton,VW,closed,af93c06c2d93b3c8,Verticillium Wilt
Z:\Projects\Smart-Farming\Datasets\final_combined_datasets\CLCE\VW\CLCE_VW_033.png,Cotton,VW,closed,eb93946c6bc3941c,Verticillium Wilt
Z:\Projects\Smart-Farming\Datasets\final_combined_datasets\CLCE\VW\CLCE_VW_034.png,Cotton,VW,closed,e18e9671698c96d3,Verticillium Wilt
Z:\Projects\Smart-Farming\Datasets\final_combined_datasets\CLCE\VW\CLCE_VW_035.png,Cotton,VW,closed,ba1e95e58cb1c127,Verticillium Wilt
Z:\Projects\Smart-Farming\Datasets\final_combined_datasets\CLCE\VW\CLCE_VW_036.png,Cotton,VW,closed,e4929e6933965969,Verticillium Wilt
Z:\Projects\Smart-Farming\Datasets\final_combined_datasets\CLCE\VW\CLCE_VW_037.png,Cotton,VW,closed,e09d96689d966a69,Verticillium Wilt
Z:\Projects\Smart-Farming\Datasets\final_combined_datasets\CLCE\VW\CLCE_VW_038.png,Cotton,VW,closed,ba869187c378c7a6,Verticillium Wilt
Z:\Projects\Smart-Farming\Datasets\final_combined_datasets\CLCE\VW\CLCE_VW_039.png,Cotton,VW,closed,b7b3c2c82d1db072,Verticillium Wilt
Z:\Projects\Smart-Farming\Datasets\final_combined_datasets\CLCE\VW\CLCE_VW_040.png,Cotton,VW,closed,bcbcc3c32b68b41c,Verticillium Wilt
Z:\Projects\Smart-Farming\Datasets\final_combined_datasets\CLCE\VW\CLCE_VW_041.png,Cotton,VW,closed,ab66d4391b0d69c6,Verticillium Wilt
Z:\Projects\Smart-Farming\Datasets\final_combined_datasets\CLCE\VW\CLCE_VW_042.png,Cotton,VW,closed,e9cc92732dc4c3cc,Verticillium Wilt
Z:\Projects\Smart-Farming\Datasets\final_combined_datasets\CLCE\VW\CLCE_VW_043.png,Cotton,VW,closed,f9c686686d9293c9,Verticillium Wilt
Z:\Projects\Smart-Farming\Datasets\final_combined_datasets\CLCE\VW\CLCE_VW_044.png,Cotton,VW,closed,e09d976239c5c35a,Verticillium Wilt
Z:\Projects\Smart-Farming\Datasets\final_combined_datasets\CLCE\VW\CLCE_VW_045.png,Cotton,VW,closed,bbb3c0cc2d63b033,Verticillium Wilt
Z:\Projects\Smart-Farming\Datasets\final_combined_datasets\CLCE\VW\CLCE_VW_046.png,Cotton,VW,closed,bcecc3933b683407,Verticillium Wilt
Z:\Projects\Smart-Farming\Datasets\final_combined_datasets\CLCE\VW\CLCE_VW_047.png,Cotton,VW,closed,b491c22e2ff1708f,Verticillium Wilt
Z:\Projects\Smart-Farming\Datasets\final_combined_datasets\CLCE\VW\CLCE_VW_048.png,Cotton,VW,closed,fe62d0b1e88a871d,Verticillium Wilt
Z:\Projects\Smart-Farming\Datasets\final_combined_datasets\CLCE\VW\CLCE_VW_049.png,Cotton,VW,closed,f893c5683b94e0cb,Verticillium Wilt
Z:\Projects\Smart-Farming\Datasets\final_combined_datasets\CLCE\VW\CLCE_VW_050.png,Cotton,VW,closed,fb9c866f2cd0830e,Verticillium Wilt
Z:\Projects\Smart-Farming\Datasets\final_combined_datasets\CLCE\VW\CLCE_VW_051.png,Cotton,VW,closed,afc3c03c2fe3901d,Verticillium Wilt
Z:\Projects\Smart-Farming\Datasets\final_combined_datasets\CLCE\VW\CLCE_VW_052.png,Cotton,VW,closed,ee4ac0a49bc79596,Verticillium Wilt
Z:\Projects\Smart-Farming\Datasets\final_combined_datasets\CLCE\VW\CLCE_VW_053.png,Cotton,VW,closed,bcc4833a6dc096cf,Verticillium Wilt
Z:\Projects\Smart-Farming\Datasets\final_combined_datasets\CLCE\VW\CLCE_VW_054.png,Cotton,VW,closed,a4cb9a2c6fd28c9c,Verticillium Wilt
Z:\Projects\Smart-Farming\Datasets\final_combined_datasets\CLCE\VW\CLCE_VW_055.png,Cotton,VW,closed,b9d2c66c3bc2482f,Verticillium Wilt
Z:\Projects\Smart-Farming\Datasets\final_combined_datasets\CLCE\VW\CLCE_VW_056.png,Cotton,VW,closed,e8c5976868879e78,Verticillium Wilt
Z:\Projects\Smart-Farming\Datasets\final_combined_datasets\CLCE\VW\CLCE_VW_057.png,Cotton,VW,closed,e1e99e923869e586,Verticillium Wilt
Z:\Projects\Smart-Farming\Datasets\final_combined_datasets\CLCE\VW\CLCE_VW_058.png,Cotton,VW,closed,e4c79a7861c79499,Verticillium Wilt
Z:\Projects\Smart-Farming\Datasets\final_combined_datasets\CLCE\VW\CLCE_VW_059.png,Cotton,VW,closed,e19c9e637492cb8c,Verticillium Wilt
Z:\Projects\Smart-Farming\Datasets\final_combined_datasets\CLCE\VW\CLCE_VW_060.png,Cotton,VW,closed,ba28d3b7c958c6c1,Verticillium Wilt
Z:\Projects\Smart-Farming\Datasets\final_combined_datasets\CLCE\VW\CLCE_VW_061.png,Cotton,VW,closed,e19e9e6165869a39,Verticillium Wilt
Z:\Projects\Smart-Farming\Datasets\final_combined_datasets\CLCE\VW\CLCE_VW_062.png,Cotton,VW,closed,e39c9c616e963958,Verticillium Wilt
Z:\Projects\Smart-Farming\Datasets\final_combined_datasets\CLCE\VW\CLCE_VW_063.png,Cotton,VW,closed,ae72d12dc34c4fc2,Verticillium Wilt
Z:\Projects\Smart-Farming\Datasets\final_combined_datasets\CLCE\VW\CLCE_VW_064.png,Cotton,VW,closed,bde1c29e3c61d11a,Verticillium Wilt
Z:\Projects\Smart-Farming\Datasets\final_combined_datasets\CLCE\VW\CLCE_VW_065.png,Cotton,VW,closed,eab2878d6878c2a7,Verticillium Wilt
Z:\Projects\Smart-Farming\Datasets\final_combined_datasets\CLCE\VW\CLCE_VW_066.png,Cotton,VW,closed,b299cf6d98323165,Verticillium Wilt
Z:\Projects\Smart-Farming\Datasets\final_combined_datasets\CLCE\VW\CLCE_VW_067.png,Cotton,VW,closed,e5ce9a3998266c4d,Verticillium Wilt
Z:\Projects\Smart-Farming\Datasets\final_combined_datasets\CLCE\VW\CLCE_VW_068.png,Cotton,VW,closed,e6c899b3196466ce,Verticillium Wilt
Z:\Projects\Smart-Farming\Datasets\final_combined_datasets\CLCE\VW\CLCE_VW_069.png,Cotton,VW,closed,fb93c42c6a93f190,Verticillium Wilt
Z:\Projects\Smart-Farming\Datasets\final_combined_datasets\CLCE\VW\CLCE_VW_070.png,Cotton,VW,closed,ee9681697a96a4c9,Verticillium Wilt
Z:\Projects\Smart-Farming\Datasets\final_combined_datasets\CLCE\VW\CLCE_VW_071.png,Cotton,VW,closed,fccc86933b68e40d,Verticillium Wilt
Z:\Projects\Smart-Farming\Datasets\final_combined_datasets\CLCE\VW\CLCE_VW_072.png,Cotton,VW,closed,fb90911e9ee8c961,Verticillium Wilt
Z:\Projects\Smart-Farming\Datasets\final_combined_datasets\CLCE\VW\CLCE_VW_073.png,Cotton,VW,closed,b5d1c21e3de1701e,Verticillium Wilt
Z:\Projects\Smart-Farming\Datasets\final_combined_datasets\CLCE\VW\CLCE_VW_074.png,Cotton,VW,closed,fb78c48596c49ac6,Verticillium Wilt
Z:\Projects\Smart-Farming\Datasets\final_combined_datasets\CLCE\VW\CLCE_VW_075.png,Cotton,VW,closed,f4908b6b2d9436cb,Verticillium Wilt
Z:\Projects\Smart-Farming\Datasets\final_combined_datasets\CLCE\VW\CLCE_VW_076.png,Cotton,VW,closed,ad98c26f3d90c34d,Verticillium Wilt
Z:\Projects\Smart-Farming\Datasets\final_combined_datasets\CLCE\VW\CLCE_VW_077.png,Cotton,VW,closed,bbb3c40c6ec2b0b5,Verticillium Wilt
Z:\Projects\Smart-Farming\Datasets\final_combined_datasets\CLCE\VW\CLCE_VW_078.png,Cotton,VW,closed,fccd9372691d84c8,Verticillium Wilt
Z:\Projects\Smart-Farming\Datasets\final_combined_datasets\CLCE\VW\CLCE_VW_079.png,Cotton,VW,closed,ebe394cc6861c792,Verticillium Wilt
Z:\Projects\Smart-Farming\Datasets\final_combined_datasets\CLCE\VW\CLCE_VW_080.png,Cotton,VW,closed,b0c7cf782793c04d,Verticillium Wilt
Z:\Projects\Smart-Farming\Datasets\final_combined_datasets\CLCE\VW\CLCE_VW_081.png,Cotton,VW,closed,a4d9c32639c0979f,Verticillium Wilt
Z:\Projects\Smart-Farming\Datasets\final_combined_datasets\CLCE\VW\CLCE_VW_082.png,Cotton,VW,closed,bfb3c0cc2c4ab233,Verticillium Wilt
Z:\Projects\Smart-Farming\Datasets\final_combined_datasets\CLCE\VW\CLCE_VW_083.png,Cotton,VW,closed,ecec92933b49e48c,Verticillium Wilt
Z:\Projects\Smart-Farming\Datasets\final_combined_datasets\CLCE\VW\CLCE_VW_084.png,Cotton,VW,closed,fa9885898e49ce6e,Verticillium Wilt
Z:\Projects\Smart-Farming\Datasets\final_combined_datasets\CLCE\VW\CLCE_VW_085.png,Cotton,VW,closed,fa47813e9eb8c891,Verticillium Wilt
Z:\Projects\Smart-Farming\Datasets\final_combined_datasets\CLCE\VW\CLCE_VW_086.png,Cotton,VW,closed,b1c29e6d6dd0308f,Verticillium Wilt
Z:\Projects\Smart-Farming\Datasets\final_combined_datasets\CLCE\VW\CLCE_VW_087.png,Cotton,VW,closed,e99296683b96c1cb,Verticillium Wilt
Z:\Projects\Smart-Farming\Datasets\final_combined_datasets\CLCE\VW\CLCE_VW_088.png,Cotton,VW,closed,e891976a79c5c61a,Verticillium Wilt
Z:\Projects\Smart-Farming\Datasets\final_combined_datasets\CLCE\VW\CLCE_VW_089.png,Cotton,VW,closed,fa88917668a197da,Verticillium Wilt
Z:\Projects\Smart-Farming\Datasets\final_combined_datasets\CLCE\VW\CLCE_VW_090.png,Cotton,VW,closed,f0c68f697892a7c4,Verticillium Wilt
Z:\Projects\Smart-Farming\Datasets\final_combined_datasets\CLCE\VW\CLCE_VW_091.png,Cotton,VW,closed,eec691693b96a6c0,Verticillium Wilt
Z:\Projects\Smart-Farming\Datasets\final_combined_datasets\CLCE\VW\CLCE_VW_092.png,Cotton,VW,closed,acc0873b79e0b41f,Verticillium Wilt
Z:\Projects\Smart-Farming\Datasets\final_combined_datasets\CLCE\VW\CLCE_VW_093.png,Cotton,VW,closed,fc81873a39e5628b,Verticillium Wilt
Z:\Projects\Smart-Farming\Datasets\final_combined_datasets\CLCE\VW\CLCE_VW_094.png,Cotton,VW,closed,eed290696a3ab7c0,Verticillium Wilt
Z:\Projects\Smart-Farming\Datasets\final_combined_datasets\CLCE\VW\CLCE_VW_095.png,Cotton,VW,closed,e8f895876a7a3521,Verticillium Wilt
Z:\Projects\Smart-Farming\Datasets\final_combined_datasets\CLCE\VW\CLCE_VW_096.png,Cotton,VW,closed,ef1d90609e87d84e,Verticillium Wilt
Z:\Projects\Smart-Farming\Datasets\final_combined_datasets\CLCE\VW\CLCE_VW_097.png,Cotton,VW,closed,f84285adc29f1d9a,Verticillium Wilt
Z:\Projects\Smart-Farming\Datasets\final_combined_datasets\CLCE\VW\CLCE_VW_098.png,Cotton,VW,closed,acb8d2c26b2f3538,Verticillium Wilt
Z:\Projects\Smart-Farming\Datasets\final_combined_datasets\CLCE\VW\CLCE_VW_099.png,Cotton,VW,closed,bce1c2943c4b63e5,Verticillium Wilt
Z:\Projects\Smart-Farming\Datasets\final_combined_datasets\CLCE\VW\CLCE_VW_100.png,Cotton,VW,closed,b897c7682e9731c2,Verticillium Wilt
Z:\Projects\Smart-Farming\Datasets\final_combined_datasets\CLCE\VW\CLCE_VW_101.png,Cotton,VW,closed,bc9ac3652d9ad4c8,Verticillium Wilt
Z:\Projects\Smart-Farming\Datasets\final_combined_datasets\CLCE\VW\CLCE_VW_102.png,Cotton,VW,closed,e8d793686d86d838,Verticillium Wilt
Z:\Projects\Smart-Farming\Datasets\final_combined_datasets\CLCE\VW\CLCE_VW_103.png,Cotton,VW,closed,e19e9e6169967a18,Verticillium Wilt
Z:\Projects\Smart-Farming\Datasets\final_combined_datasets\CLCE\VW\CLCE_VW_104.png,Cotton,VW,closed,a19ace6593c66c36,Verticillium Wilt
Z:\Projects\Smart-Farming\Datasets\final_combined_datasets\CLCE\VW\CLCE_VW_105.png,Cotton,VW,closed,a09ecf6886c7792c,Verticillium Wilt
Z:\Projects\Smart-Farming\Datasets\final_combined_datasets\CLCE\VW\CLCE_VW_106.png,Cotton,VW,closed,b3c3c42c6ad3b10f,Verticillium Wilt
Z:\Projects\Smart-Farming\Datasets\final_combined_datasets\CLCE\VW\CLCE_VW_107.png,Cotton,VW,closed,bf2d951b481ec1c9,Verticillium Wilt
Z:\Projects\Smart-Farming\Datasets\final_combined_datasets\CLCE\VW\CLCE_VW_108.png,Cotton,VW,closed,fac6841d9cb86bc1,Verticillium Wilt
Z:\Projects\Smart-Farming\Datasets\final_combined_datasets\CLCE\VW\CLCE_VW_109.png,Cotton,VW,closed,a9c9d63269cb94c3,Verticillium Wilt
Z:\Projects\Smart-Farming\Datasets\final_combined_datasets\CLCE\VW\CLCE_VW_110.png,Cotton,VW,closed,be0ad4b4cb428ceb,Verticillium Wilt
Z:\Projects\Smart-Farming\Datasets\final_combined_datasets\CLCE\VW\CLCE_VW_111.png,Cotton,VW,closed,e6d2936b69c68619,Verticillium Wilt
Z:\Projects\Smart-Farming\Datasets\final_combined_datasets\CLCE\VW\CLCE_VW_112.png,Cotton,VW,closed,e1c69e6964964b4d,Verticillium Wilt
Z:\Projects\Smart-Farming\Datasets\final_combined_datasets\CLCE\VW\CLCE_VW_113.png,Cotton,VW,closed,b233cdcc1ccde60c,Verticillium Wilt
Z:\Projects\Smart-Farming\Datasets\final_combined_datasets\CLCE\VW\CLCE_VW_114.png,Cotton,VW,closed,fac985a67a39a198,Verticillium Wilt
Z:\Projects\Smart-Farming\Datasets\final_combined_datasets\CLCE\VW\CLCE_VW_115.png,Cotton,VW,closed,e8c495397ac6259d,Verticillium Wilt
Z:\Projects\Smart-Farming\Datasets\final_combined_datasets\CLCE\VW\CLCE_VW_116.png,Cotton,VW,closed,e18796786aa525da,Verticillium Wilt
Z:\Projects\Smart-Farming\Datasets\final_combined_datasets\CLCE\VW\CLCE_VW_117.png,Cotton,VW,closed,e991946e78a1c39e,Verticillium Wilt
Z:\Projects\Smart-Farming\Datasets\final_combined_datasets\CLCE\VW\CLCE_VW_118.png,Cotton,VW,closed,a33c9a4ccdb3986c,Verticillium Wilt
Z:\Projects\Smart-Farming\Datasets\final_combined_datasets\CLCE\VW\CLCE_VW_119.png,Cotton,VW,closed,fac6853d9e98c891,Verticillium Wilt
Z:\Projects\Smart-Farming\Datasets\final_combined_datasets\CLCE\VW\CLCE_VW_120.png,Cotton,VW,closed,bec8c1367ea1859a,Verticillium Wilt
Z:\Projects\Smart-Farming\Datasets\final_combined_datasets\CLCE\VW\CLCE_VW_121.png,Cotton,VW,closed,ebc4963a3ce4628d,Verticillium Wilt
Z:\Projects\Smart-Farming\Datasets\final_combined_datasets\CLCE\VW\CLCE_VW_122.png,Cotton,VW,closed,f84e81e08fb5d896,Verticillium Wilt
Z:\Projects\Smart-Farming\Datasets\final_combined_datasets\CLCE\VW\CLCE_VW_123.png,Cotton,VW,closed,b89c87676c98f087,Verticillium Wilt
Z:\Projects\Smart-Farming\Datasets\final_combined_datasets\CLCE\VW\CLCE_VW_124.png,Cotton,VW,closed,ecc491397ac6e41d,Verticillium Wilt
Z:\Projects\Smart-Farming\Datasets\final_combined_datasets\CLCE\VW\CLCE_VW_125.png,Cotton,VW,closed,b8c8973269b53cca,Verticillium Wilt
Z:\Projects\Smart-Farming\Datasets\final_combined_datasets\CLCE\VW\CLCE_VW_126.png,Cotton,VW,closed,fa90851fc56a7a61,Verticillium Wilt
Z:\Projects\Smart-Farming\Datasets\final_combined_datasets\CLCE\VW\CLCE_VW_127.png,Cotton,VW,closed,afd0d0273bd0859b,Verticillium Wilt
Z:\Projects\Smart-Farming\Datasets\final_combined_datasets\CLCE\VW\CLCE_VW_128.png,Cotton,VW,closed,ebc4943a6ce107ce,Verticillium Wilt
Z:\Projects\Smart-Farming\Datasets\final_combined_datasets\CLCE\VW\CLCE_VW_129.png,Cotton,VW,closed,bc96d1c8c36dc127,Verticillium Wilt
Z:\Projects\Smart-Farming\Datasets\final_combined_datasets\CLCE\VW\CLCE_VW_130.png,Cotton,VW,closed,fbe0811f9ee8c883,Verticillium Wilt
Z:\Projects\Smart-Farming\Datasets\final_combined_datasets\CLCE\VW\CLCE_VW_131.png,Cotton,VW,closed,ea9d95633d64c294,Verticillium Wilt
Z:\Projects\Smart-Farming\Datasets\final_combined_datasets\CLCE\VW\CLCE_VW_132.png,Cotton,VW,closed,fa90c52b32f00f8f,Verticillium Wilt
Z:\Projects\Smart-Farming\Datasets\final_combined_datasets\CLCE\VW\CLCE_VW_133.png,Cotton,VW,closed,bcc1c1326ae0bdcb,Verticillium Wilt
Z:\Projects\Smart-Farming\Datasets\final_combined_datasets\CLCE\VW\CLCE_VW_134.png,Cotton,VW,closed,fee2c4bd92181bd0,Verticillium Wilt
Z:\Projects\Smart-Farming\Datasets\final_combined_datasets\CLCE\VW\CLCE_VW_135.png,Cotton,VW,closed,fa9081c98f4dce66,Verticillium Wilt
Z:\Projects\Smart-Farming\Datasets\final_combined_datasets\CLCE\VW\CLCE_VW_136.png,Cotton,VW,closed,fea7c06287189e99,Verticillium Wilt
Z:\Projects\Smart-Farming\Datasets\final_combined_datasets\CLCE\VW\CLCE_VW_137.png,Cotton,VW,closed,ebbdc1c387949c09,Verticillium Wilt
Z:\Projects\Smart-Farming\Datasets\final_combined_datasets\CLCE\VW\CLCE_VW_138.png,Cotton,VW,closed,bfe4d0d8c895899a,Verticillium Wilt
Z:\Projects\Smart-Farming\Datasets\final_combined_datasets\CLCE\VW\CLCE_VW_139.png,Cotton,VW,closed,fbb1e0b09543c14f,Verticillium Wilt
Z:\Projects\Smart-Farming\Datasets\final_combined_datasets\CLCE\VW\CLCE_VW_140.png,Cotton,VW,closed,e92fd0708735cab4,Verticillium Wilt
Z:\Projects\Smart-Farming\Datasets\final_combined_datasets\CLCE\VW\CLCE_VW_141.png,Cotton,VW,closed,bacc85d1d0b4d31e,Verticillium Wilt
Z:\Projects\Smart-Farming\Datasets\final_combined_datasets\CLCE\VW\CLCE_VW_142.png,Cotton,VW,closed,ffbd8c6cc0c0b4c1,Verticillium Wilt
Z:\Projects\Smart-Farming\Datasets\final_combined_datasets\CLCE\VW\CLCE_VW_143.png,Cotton,VW,closed,ba9bf4dd88484d46,Verticillium Wilt
Z:\Projects\Smart-Farming\Datasets\final_combined_datasets\CLCE\VW\CLCE_VW_144.png,Cotton,VW,closed,ed3ac4619ec790cc,Verticillium Wilt
Z:\Projects\Smart-Farming\Datasets\final_combined_datasets\CLCE\VW\CLCE_VW_145.png,Cotton,VW,closed,fac3859cda1ec960,Verticillium Wilt
Z:\Projects\Smart-Farming\Datasets\final_combined_datasets\CLCE\VW\CLCE_VW_146.png,Cotton,VW,closed,fbb3908c0ecc6e92,Verticillium Wilt
Z:\Projects\Smart-Farming\Datasets\final_combined_datasets\CLCE\VW\CLCE_VW_147.png,Cotton,VW,closed,af93d0258c6c1be5,Verticillium Wilt
Z:\Projects\Smart-Farming\Datasets\final_combined_datasets\CLCE\VW\CLCE_VW_148.png,Cotton,VW,closed,ea99c0da97654e64,Verticillium Wilt
Z:\Projects\Smart-Farming\Datasets\final_combined_datasets\CLCE\VW\CLCE_VW_149.png,Cotton,VW,closed,af4bd0b5c8524c6b,Verticillium Wilt
Z:\Projects\Smart-Farming\Datasets\final_combined_datasets\CLCE\VW\CLCE_VW_150.png,Cotton,VW,closed,facd850fd2b04e32,Verticillium Wilt
Z:\Projects\Smart-Farming\Datasets\final_combined_datasets\CLCE\VW\CLCE_VW_151.png,Cotton,VW,closed,fa1c95a18ab1c1e7,Verticillium Wilt
Z:\Projects\Smart-Farming\Datasets\final_combined_datasets\CLCE\VW\CLCE_VW_152.png,Cotton,VW,closed,aebd85c0d8c68b8b,Verticillium Wilt
Z:\Projects\Smart-Farming\Datasets\final_combined_datasets\CLCE\VW\CLCE_VW_153.png,Cotton,VW,closed,ad9cd0e8caa19b47,Verticillium Wilt
Z:\Projects\Smart-Farming\Datasets\final_combined_datasets\CLCE\VW\CLCE_VW_154.png,Cotton,VW,closed,ffe0c0b6c21ac11f,Verticillium Wilt
Z:\Projects\Smart-Farming\Datasets\final_combined_datasets\CLCE\VW\CLCE_VW_155.png,Cotton,VW,closed,ae4bd0b485d6730b,Verticillium Wilt
Z:\Projects\Smart-Farming\Datasets\final_combined_datasets\CLCE\VW\CLCE_VW_156.png,Cotton,VW,closed,b293cf61981ccdcc,Verticillium Wilt
Z:\Projects\Smart-Farming\Datasets\final_combined_datasets\CLCE\VW\CLCE_VW_157.png,Cotton,VW,closed,ebccd4a185d21e27,Verticillium Wilt
Z:\Projects\Smart-Farming\Datasets\final_combined_datasets\CLCE\VW\CLCE_VW_158.png,Cotton,VW,closed,ff93812e8d6c4a8c,Verticillium Wilt
Z:\Projects\Smart-Farming\Datasets\final_combined_datasets\CLCE\VW\CLCE_VW_159.png,Cotton,VW,closed,ad93c21b9e6cd924,Verticillium Wilt
Z:\Projects\Smart-Farming\Datasets\final_combined_datasets\CLCE\VW\CLCE_VW_160.png,Cotton,VW,closed,bef38502d07e8b0d,Verticillium Wilt
Z:\Projects\Smart-Farming\Datasets\final_combined_datasets\CLCE\VW\CLCE_VW_161.png,Cotton,VW,closed,efd880663f3ca099,Verticillium Wilt
Z:\Projects\Smart-Farming\Datasets\final_combined_datasets\CLCE\VW\CLCE_VW_162.png,Cotton,VW,closed,eff0c4a7800e9b1e,Verticillium Wilt
Z:\Projects\Smart-Farming\Datasets\final_combined_datasets\CLCE\VW\CLCE_VW_163.png,Cotton,VW,closed,fa1fd0a887489765,Verticillium Wilt
Z:\Projects\Smart-Farming\Datasets\final_combined_datasets\CLCE\VW\CLCE_VW_164.png,Cotton,VW,closed,bea594f0d24b8b0d,Verticillium Wilt
Z:\Projects\Smart-Farming\Datasets\final_combined_datasets\CLCE\VW\CLCE_VW_165.png,Cotton,VW,closed,ea58c52b97d5d884,Verticillium Wilt
Z:\Projects\Smart-Farming\Datasets\final_combined_datasets\CLCE\VW\CLCE_VW_166.png,Cotton,VW,closed,fab3811b8768cf28,Verticillium Wilt
Z:\Projects\Smart-Farming\Datasets\final_combined_datasets\CLCE\VW\CLCE_VW_167.png,Cotton,VW,closed,bff29085c25a8b0f,Verticillium Wilt
Z:\Projects\Smart-Farming\Datasets\final_combined_datasets\CLCE\VW\CLCE_VW_168.png,Cotton,VW,closed,ea83845e9960b74f,Verticillium Wilt
Z:\Projects\Smart-Farming\Datasets\final_combined_datasets\CLCE\VW\CLCE_VW_169.png,Cotton,VW,closed,fbc290a78f1c4dc8,Verticillium Wilt
Z:\Projects\Smart-Farming\Datasets\final_combined_datasets\CLCE\VW\CLCE_VW_170.png,Cotton,VW,closed,bfcd81b9d0948ba2,Verticillium Wilt
Z:\Projects\Smart-Farming\Datasets\final_combined_datasets\CLCE\VW\CLCE_VW_171.png,Cotton,VW,closed,fc30c40fdac49bca,Verticillium Wilt
Z:\Projects\Smart-Farming\Datasets\final_combined_datasets\CLCE\VW\CLCE_VW_172.png,Cotton,VW,closed,eccf85b09b1b38c1,Verticillium Wilt
Z:\Projects\Smart-Farming\Datasets\final_combined_datasets\CLCE\VW\CLCE_VW_173.png,Cotton,VW,closed,fc60c337c4380fcb,Verticillium Wilt
Z:\Projects\Smart-Farming\Datasets\final_combined_datasets\CLCE\VW\CLCE_VW_174.png,Cotton,VW,closed,f8bc81c192cf6666,Verticillium Wilt
Z:\Projects\Smart-Farming\Datasets\final_combined_datasets\CLCE\VW\CLCE_VW_175.png,Cotton,VW,closed,a916d46b876533cc,Verticillium Wilt
Z:\Projects\Smart-Farming\Datasets\final_combined_datasets\CLCE\VW\CLCE_VW_176.png,Cotton,VW,closed,fbc0843fc8f00fca,Verticillium Wilt
Z:\Projects\Smart-Farming\Datasets\final_combined_datasets\CLCE\VW\CLCE_VW_177.png,Cotton,VW,closed,bace81e13e1760ec,Verticillium Wilt
Z:\Projects\Smart-Farming\Datasets\final_combined_datasets\CLCE\VW\CLCE_VW_178.png,Cotton,VW,closed,ef7990c01986f578,Verticillium Wilt
Z:\Projects\Smart-Farming\Datasets\final_combined_datasets\CLCE\VW\CLCE_VW_179.png,Cotton,VW,closed,eae2911e9eec62c1,Verticillium Wilt
Z:\Projects\Smart-Farming\Datasets\final_combined_datasets\CLCE\VW\CLCE_VW_180.png,Cotton,VW,closed,eeea81851bb3381e,Verticillium Wilt
Z:\Projects\Smart-Farming\Datasets\final_combined_datasets\CLCE\VW\CLCE_VW_181.png,Cotton,VW,closed,f1a5869e3869636c,Verticillium Wilt
Z:\Projects\Smart-Farming\Datasets\final_combined_datasets\CLCE\VW\CLCE_VW_182.png,Cotton,VW,closed,beec911bc886c5c9,Verticillium Wilt
Z:\Projects\Smart-Farming\Datasets\final_combined_datasets\CLCE\VW\CLCE_VW_183.png,Cotton,VW,closed,e7cc983319666666,Verticillium Wilt
Z:\Projects\Smart-Farming\Datasets\final_combined_datasets\CLCE\VW\CLCE_VW_184.png,Cotton,VW,closed,e0299f9779582665,Verticillium Wilt
Z:\Projects\Smart-Farming\Datasets\final_combined_datasets\CLCE\VW\CLCE_VW_185.png,Cotton,VW,closed,ab52d46dca592f90,Verticillium Wilt
Z:\Projects\Smart-Farming\Datasets\final_combined_datasets\CLCE\VW\CLCE_VW_186.png,Cotton,VW,closed,fcc3863c5a6061e7,Verticillium Wilt
Z:\Projects\Smart-Farming\Datasets\final_combined_datasets\CLCE\VW\CLCE_VW_187.png,Cotton,VW,closed,fe9881977e68e085,Verticillium Wilt
Z:\Projects\Smart-Farming\Datasets\final_combined_datasets\CLCE\VW\CLCE_VW_188.png,Cotton,VW,closed,ab36d4294a792d93,Verticillium Wilt
Z:\Projects\Smart-Farming\Datasets\final_combined_datasets\CLCE\VW\CLCE_VW_189.png,Cotton,VW,closed,b62ec390cd619ca7,Verticillium Wilt
Z:\Projects\Smart-Farming\Datasets\final_combined_datasets\CLCE\VW\CLCE_VW_190.png,Cotton,VW,closed,fae0859fc01a0e7b,Verticillium Wilt
Z:\Projects\Smart-Farming\Datasets\final_combined_datasets\CLCE\VW\CLCE_VW_191.png,Cotton,VW,closed,ef72c08d85ce1ed0,Verticillium Wilt
Z:\Projects\Smart-Farming\Datasets\final_combined_datasets\CLCE\VW\CLCE_VW_192.png,Cotton,VW,closed,ff60d00f851e6a96,Verticillium Wilt
Z:\Projects\Smart-Farming\Datasets\final_combined_datasets\CLCE\VW\CLCE_VW_193.png,Cotton,VW,closed,bc3797e0c0c84b8f,Verticillium Wilt
Z:\Projects\Smart-Farming\Datasets\final_combined_datasets\CLCE\VW\CLCE_VW_194.png,Cotton,VW,closed,bee19594ca1e8c78,Verticillium Wilt
Z:\Projects\Smart-Farming\Datasets\final_combined_datasets\CLCE\VW\CLCE_VW_195.png,Cotton,VW,closed,e538c2c79c67c92c,Verticillium Wilt
Z:\Projects\Smart-Farming\Datasets\final_combined_datasets\CLCE\VW\CLCE_VW_196.png,Cotton,VW,closed,f538c2c39e4fc90c,Verticillium Wilt
Z:\Projects\Smart-Farming\Datasets\final_combined_datasets\CLCE\VW\CLCE_VW_197.png,Cotton,VW,closed,ebc6c52d967a900b,Verticillium Wilt
Z:\Projects\Smart-Farming\Datasets\final_combined_datasets\CLCE\VW\CLCE_VW_198.png,Cotton,VW,closed,ebd1951e9e686381,Verticillium Wilt
Z:\Projects\Smart-Farming\Datasets\final_combined_datasets\CLCE\VW\CLCE_VW_199.png,Cotton,VW,closed,f43a8735cb429c8d,Verticillium Wilt
Z:\Projects\Smart-Farming\Datasets\final_combined_datasets\CLCE\VW\CLCE_VW_200.png,Cotton,VW,closed,f06c8332ce939ccb,Verticillium Wilt
Z:\Projects\Smart-Farming\Datasets\final_combined_datasets\CLCE\VW\CLCE_VW_201.png,Cotton,VW,closed,f9e7d01a8e984a99,Verticillium Wilt
Z:\Projects\Smart-Farming\Datasets\final_combined_datasets\CLCE\VW\CLCE_VW_202.png,Cotton,VW,closed,aa52d52f8e6c58b4,Verticillium Wilt
Z:\Projects\Smart-Farming\Datasets\final_combined_datasets\CLCE\VW\CLCE_VW_203.png,Cotton,VW,closed,fad881879ed6c80e,Verticillium Wilt
Z:\Projects\Smart-Farming\Datasets\final_combined_datasets\CLCE\VW\CLCE_VW_204.png,Cotton,VW,closed,e8e7853c9e987891,Verticillium Wilt
Z:\Projects\Smart-Farming\Datasets\final_combined_datasets\CLCE\VW\CLCE_VW_205.png,Cotton,VW,closed,ead6d50b0a68f685,Verticillium Wilt
Z:\Projects\Smart-Farming\Datasets\final_combined_datasets\CLCE\VW\CLCE_VW_206.png,Cotton,VW,closed,acb0c74adbc19f0c,Verticillium Wilt
Z:\Projects\Smart-Farming\Datasets\final_combined_datasets\CLCE\VW\CLCE_VW_207.png,Cotton,VW,closed,ebe8c00f8fb4ccb0,Verticillium Wilt
Z:\Projects\Smart-Farming\Datasets\final_combined_datasets\CLCE\VW\CLCE_VW_208.png,Cotton,VW,closed,be48c1b7db423929,Verticillium Wilt
Z:\Projects\Smart-Farming\Datasets\final_combined_datasets\CLCE\VW\CLCE_VW_209.png,Cotton,VW,closed,ea67c4e19d0e94e8,Verticillium Wilt
Z:\Projects\Smart-Farming\Datasets\final_combined_datasets\CLCE\VW\CLCE_VW_210.png,Cotton,VW,closed,e1929761da6c9cc5,Verticillium Wilt
Z:\Projects\Smart-Farming\Datasets\final_combined_datasets\CLCE\VW\CLCE_VW_211.png,Cotton,VW,closed,bee0809f1b3863e9,Verticillium Wilt
Z:\Projects\Smart-Farming\Datasets\final_combined_datasets\CLCE\VW\CLCE_VW_212.png,Cotton,VW,closed,afe9c0161b6c37c1,Verticillium Wilt
Z:\Projects\Smart-Farming\Datasets\final_combined_datasets\CLCE\VW\CLCE_VW_213.png,Cotton,VW,closed,aac89147d527b336,Verticillium Wilt
Z:\Projects\Smart-Farming\Datasets\final_combined_datasets\CLCE\VW\CLCE_VW_214.png,Cotton,VW,closed,f9dc8062cf61693c,Verticillium Wilt
Z:\Projects\Smart-Farming\Datasets\final_combined_datasets\CLCE\VW\CLCE_VW_215.png,Cotton,VW,closed,efe89016caa63e68,Verticillium Wilt
Z:\Projects\Smart-Farming\Datasets\final_combined_datasets\CLCE\VW\CLCE_VW_216.png,Cotton,VW,closed,f89c944296e3c33d,Verticillium Wilt
Z:\Projects\Smart-Farming\Datasets\final_combined_datasets\CLCE\VW\CLCE_VW_217.png,Cotton,VW,closed,eec4851dda3889e3,Verticillium Wilt
Z:\Projects\Smart-Farming\Datasets\final_combined_datasets\CLCE\VW\CLCE_VW_218.png,Cotton,VW,closed,fb93c05e0f68a3a1,Verticillium Wilt
Z:\Projects\Smart-Farming\Datasets\final_combined_datasets\CLCE\VW\CLCE_VW_219.png,Cotton,VW,closed,e9cad0079f70c837,Verticillium Wilt
Z:\Projects\Smart-Farming\Datasets\final_combined_datasets\CLCE\VW\CLCE_VW_220.png,Cotton,VW,closed,ef93d02c0f6c3293,Verticillium Wilt
Z:\Projects\Smart-Farming\Datasets\final_combined_datasets\CLCE\VW\CLCE_VW_221.png,Cotton,VW,closed,fb93d01e8e686aa1,Verticillium Wilt
Z:\Projects\Smart-Farming\Datasets\final_combined_datasets\CLCE\VW\CLCE_VW_222.png,Cotton,VW,closed,fac8951fca302d63,Verticillium Wilt
Z:\Projects\Smart-Farming\Datasets\final_combined_datasets\CLCE\VW\CLCE_VW_223.png,Cotton,VW,closed,bfb39058c20dccf4,Verticillium Wilt
Z:\Projects\Smart-Farming\Datasets\final_combined_datasets\CLCE\VW\CLCE_VW_224.png,Cotton,VW,closed,fae0951fc7b04e30,Verticillium Wilt
Z:\Projects\Smart-Farming\Datasets\final_combined_datasets\CLCE\VW\CLCE_VW_225.png,Cotton,VW,closed,ebf0941f1ee86886,Verticillium Wilt
Z:\Projects\Smart-Farming\Datasets\final_combined_datasets\CLCE\VW\CLCE_VW_226.png,Cotton,VW,closed,eb80951f9c692dc5,Verticillium Wilt
Z:\Projects\Smart-Farming\Datasets\final_combined_datasets\CLCE\VW\CLCE_VW_227.png,Cotton,VW,closed,ea3586628b4b9d9a,Verticillium Wilt
Z:\Projects\Smart-Farming\Datasets\final_combined_datasets\CLCE\VW\CLCE_VW_228.png,Cotton,VW,closed,fae1951ecab26149,Verticillium Wilt
Z:\Projects\Smart-Farming\Datasets\final_combined_datasets\CLCE\VW\CLCE_VW_229.png,Cotton,VW,closed,e093971acb969c63,Verticillium Wilt
Z:\Projects\Smart-Farming\Datasets\final_combined_datasets\CLCE\VW\CLCE_VW_230.png,Cotton,VW,closed,eccfc1b493189693,Verticillium Wilt
Z:\Projects\Smart-Farming\Datasets\final_combined_datasets\CLCE\VW\CLCE_VW_231.png,Cotton,VW,closed,be4c85b4c2729db2,Verticillium Wilt
Z:\Projects\Smart-Farming\Datasets\final_combined_datasets\CLCE\VW\CLCE_VW_232.png,Cotton,VW,closed,ee85861e987a9b61,Verticillium Wilt
Z:\Projects\Smart-Farming\Datasets\final_combined_datasets\CLCE\VW\CLCE_VW_233.png,Cotton,VW,closed,fa96854bce2d98d0,Verticillium Wilt
Z:\Projects\Smart-Farming\Datasets\final_combined_datasets\CLCE\VW\CLCE_VW_234.png,Cotton,VW,closed,ebe0871e9678c833,Verticillium Wilt
Z:\Projects\Smart-Farming\Datasets\final_combined_datasets\CLCE\VW\CLCE_VW_235.png,Cotton,VW,closed,ee3d95c0db92ca90,Verticillium Wilt
Z:\Projects\Smart-Farming\Datasets\final_combined_datasets\CLCE\VW\CLCE_VW_236.png,Cotton,VW,closed,af63c4bc901e5e98,Verticillium Wilt
Z:\Projects\Smart-Farming\Datasets\final_combined_datasets\CLCE\VW\CLCE_VW_237.png,Cotton,VW,closed,a563d2a49ebac8c3,Verticillium Wilt
Z:\Projects\Smart-Farming\Datasets\final_combined_datasets\CLCE\VW\CLCE_VW_238.png,Cotton,VW,closed,fab585f0c20f12d9,Verticillium Wilt
Z:\Projects\Smart-Farming\Datasets\final_combined_datasets\CLCE\VW\CLCE_VW_239.png,Cotton,VW,closed,af3b943fd0e0c384,Verticillium Wilt
Z:\Projects\Smart-Farming\Datasets\final_combined_datasets\CLCE\VW\CLCE_VW_240.png,Cotton,VW,closed,ba3795f0c20f86c9,Verticillium Wilt
Z:\Projects\Smart-Farming\Datasets\final_combined_datasets\CLCE\VW\CLCE_VW_241.png,Cotton,VW,closed,ea399583dae5c2c2,Verticillium Wilt
Z:\Projects\Smart-Farming\Datasets\final_combined_datasets\CLCE\VW\CLCE_VW_242.png,Cotton,VW,closed,bf63d0a4819bd29a,Verticillium Wilt
Z:\Projects\Smart-Farming\Datasets\final_combined_datasets\CLCE\VW\CLCE_VW_243.png,Cotton,VW,closed,bf12d0694acc3e96,Verticillium Wilt
Z:\Projects\Smart-Farming\Datasets\final_combined_datasets\CLCE\VW\CLCE_VW_244.png,Cotton,VW,closed,bfb3905cc149cdd0,Verticillium Wilt
Z:\Projects\Smart-Farming\Datasets\final_combined_datasets\CLCE\VW\CLCE_VW_245.png,Cotton,VW,closed,ea49913ccef0ce23,Verticillium Wilt
Z:\Projects\Smart-Farming\Datasets\final_combined_datasets\CLCE\VW\CLCE_VW_246.png,Cotton,VW,closed,b963d097879a4ad8,Verticillium Wilt
Z:\Projects\Smart-Farming\Datasets\final_combined_datasets\CLCE\VW\CLCE_VW_247.png,Cotton,VW,closed,ae3894e1dae0e996,Verticillium Wilt
Z:\Projects\Smart-Farming\Datasets\final_combined_datasets\CLCE\VW\CLCE_VW_248.png,Cotton,VW,closed,ec3185e6d2e0ca9e,Verticillium Wilt
Z:\Projects\Smart-Farming\Datasets\final_combined_datasets\CLCE\VW\CLCE_VW_249.png,Cotton,VW,closed,ea9985c31a667a3c,Verticillium Wilt
Z:\Projects\Smart-Farming\Datasets\final_combined_datasets\CLCE\VW\CLCE_VW_250.png,Cotton,VW,closed,fe2691d84e8d3166,Verticillium Wilt
Z:\Projects\Smart-Farming\Datasets\final_combined_datasets\CLCE\VW\CLCE_VW_251.png,Cotton,VW,closed,bb6991b4cec2644d,Verticillium Wilt
Z:\Projects\Smart-Farming\Datasets\final_combined_datasets\CLCE\VW\CLCE_VW_252.png,Cotton,VW,closed,fdc1801fda687325,Verticillium Wilt
Z:\Projects\Smart-Farming\Datasets\final_combined_datasets\CLCE\VW\CLCE_VW_253.png,Cotton,VW,closed,ff63c0941ec87859,Verticillium Wilt
Z:\Projects\Smart-Farming\Datasets\final_combined_datasets\CLCE\VW\CLCE_VW_254.png,Cotton,VW,closed,ae3694c14adbc92b,Verticillium Wilt
Z:\Projects\Smart-Farming\Datasets\final_combined_datasets\CLCE\VW\CLCE_VW_255.png,Cotton,VW,closed,ea66d5191a8879c7,Verticillium Wilt
Z:\Projects\Smart-Farming\Datasets\final_combined_datasets\CLCE\VW\CLCE_VW_256.png,Cotton,VW,closed,eeb581529d48b969,Verticillium Wilt
Z:\Projects\Smart-Farming\Datasets\final_combined_datasets\CLCE\VW\CLCE_VW_257.png,Cotton,VW,closed,ea62951f1ec86933,Verticillium Wilt
Z:\Projects\Smart-Farming\Datasets\final_combined_datasets\CLCE\VW\CLCE_VW_258.png,Cotton,VW,closed,bf32d0c94f0d2c96,Verticillium Wilt
Z:\Projects\Smart-Farming\Datasets\final_combined_datasets\CLCE\VW\CLCE_VW_259.png,Cotton,VW,closed,eace85349eb178c2,Verticillium Wilt
Z:\Projects\Smart-Farming\Datasets\final_combined_datasets\CLCE\VW\CLCE_VW_260.png,Cotton,VW,closed,af3d91c24a9ba525,Verticillium Wilt
Z:\Projects\Smart-Farming\Datasets\final_combined_datasets\CLCE\VW\CLCE_VW_261.png,Cotton,VW,closed,eb6ac4b49e92386a,Verticillium Wilt
Z:\Projects\Smart-Farming\Datasets\final_combined_datasets\CLCE\VW\CLCE_VW_262.png,Cotton,VW,closed,af59c0f14b63392c,Verticillium Wilt
Z:\Projects\Smart-Farming\Datasets\final_combined_datasets\CLCE\VW\CLCE_VW_263.png,Cotton,VW,closed,fa259570c1434f9b,Verticillium Wilt
Z:\Projects\Smart-Farming\Datasets\final_combined_datasets\CLCE\VW\CLCE_VW_264.png,Cotton,VW,closed,eb63c06e818d9e9a,Verticillium Wilt
Z:\Projects\Smart-Farming\Datasets\final_combined_datasets\CLCE\VW\CLCE_VW_265.png,Cotton,VW,closed,af1bc4f49842f323,Verticillium Wilt
Z:\Projects\Smart-Farming\Datasets\final_combined_datasets\CLUE\CV\CLUE_CV_095.jpg,Cotton,CV,uncontrolled,aa82d0bec0bfc4b5,Curl Virus
Z:\Projects\Smart-Farming\Datasets\final_combined_datasets\CLUE\CV\CLUE_CV_096.jpg,Cotton,CV,uncontrolled,afe4d45ec618ca94,Curl Virus
Z:\Projects\Smart-Farming\Datasets\final_combined_datasets\CLUE\CV\CLUE_CV_097.jpg,Cotton,CV,uncontrolled,8ac1becfad781413,Curl Virus
Z:\Projects\Smart-Farming\Datasets\final_combined_datasets\CLUE\CV\CLUE_CV_098.jpg,Cotton,CV,uncontrolled,c4946f00427fdafa,Curl Virus
Z:\Projects\Smart-Farming\Datasets\final_combined_datasets\CLUE\CV\CLUE_CV_099.jpg,Cotton,CV,uncontrolled,876d0ab0bf1b49d4,Curl Virus
Z:\Projects\Smart-Farming\Datasets\final_combined_datasets\CLUE\CV\CLUE_CV_101.jpg,Cotton,CV,uncontrolled,d5091f3524a07ede,Curl Virus
Z:\Projects\Smart-Farming\Datasets\final_combined_datasets\CLUE\CV\CLUE_CV_102.jpg,Cotton,CV,uncontrolled,c85e504637ed4763,Curl Virus
Z:\Projects\Smart-Farming\Datasets\final_combined_datasets\CLUE\CV\CLUE_CV_103.jpg,Cotton,CV,uncontrolled,8dcd3af6b03215c3,Curl Virus
Z:\Projects\Smart-Farming\Datasets\final_combined_datasets\CLUE\CV\CLUE_CV_105.jpg,Cotton,CV,uncontrolled,e8e5d49c1ff85103,Curl Virus
Z:\Projects\Smart-Farming\Datasets\final_combined_datasets\CLUE\CV\CLUE_CV_106.jpg,Cotton,CV,uncontrolled,afc4944e986bf461,Curl Virus
Z:\Projects\Smart-Farming\Datasets\final_combined_datasets\CLUE\CV\CLUE_CV_107.jpg,Cotton,CV,uncontrolled,ead4abbab012d4c5,Curl Virus
Z:\Projects\Smart-Farming\Datasets\final_combined_datasets\CLUE\CV\CLUE_CV_108.jpg,Cotton,CV,uncontrolled,d885786ae7e002f7,Curl Virus
Z:\Projects\Smart-Farming\Datasets\final_combined_datasets\CLUE\CV\CLUE_CV_109.jpg,Cotton,CV,uncontrolled,a0c5a03757ad1e5d,Curl Virus
Z:\Projects\Smart-Farming\Datasets\final_combined_datasets\CLUE\CV\CLUE_CV_087.jpg,Cotton,CV,uncontrolled,eb81b45ca75a952c,Curl Virus
Z:\Projects\Smart-Farming\Datasets\final_combined_datasets\CLUE\CV\CLUE_CV_110.jpg,Cotton,CV,uncontrolled,eeafa0f05d39842a,Curl Virus
Z:\Projects\Smart-Farming\Datasets\final_combined_datasets\CLUE\CV\CLUE_CV_090.jpg,Cotton,CV,uncontrolled,ddd6681fb0789261,Curl Virus
Z:\Projects\Smart-Farming\Datasets\final_combined_datasets\CLUE\CV\CLUE_CV_091.jpg,Cotton,CV,uncontrolled,b6d2e9ae7a649160,Curl Virus
Z:\Projects\Smart-Farming\Datasets\final_combined_datasets\CLUE\CV\CLUE_CV_092.png,Cotton,CV,uncontrolled,f0d19c75eb50884f,Curl Virus
Z:\Projects\Smart-Farming\Datasets\final_combined_datasets\CLUE\CV\CLUE_CV_093.jpg,Cotton,CV,uncontrolled,874eff7c2800a3a7,Curl Virus
Z:\Projects\Smart-Farming\Datasets\final_combined_datasets\CLUE\CV\CLUE_CV_094.jpg,Cotton,CV,uncontrolled,efc4905a9939d169,Curl Virus
Z:\Projects\Smart-Farming\Datasets\final_combined_datasets\CLUE\CV\CLUE_CV_086.jpg,Cotton,CV,uncontrolled,eea4845adb39a1b1,Curl Virus
Z:\Projects\Smart-Farming\Datasets\final_combined_datasets\CLUE\CV\CLUE_CV_001.png,Cotton,CV,uncontrolled,813e5eb46af123e1,Curl Virus
Z:\Projects\Smart-Farming\Datasets\final_combined_datasets\CLUE\CV\CLUE_CV_002.jpg,Cotton,CV,uncontrolled,e4b7b4ec07a11aa6,Curl Virus
Z:\Projects\Smart-Farming\Datasets\final_combined_datasets\CLUE\CV\CLUE_CV_003.jpg,Cotton,CV,uncontrolled,a0582e31662fabcf,Curl Virus
Z:\Projects\Smart-Farming\Datasets\final_combined_datasets\CLUE\CV\CLUE_CV_008.jpg,Cotton,CV,uncontrolled,b1441cf1676dd332,Curl Virus
Z:\Projects\Smart-Farming\Datasets\final_combined_datasets\CLUE\CV\CLUE_CV_011.jpg,Cotton,CV,uncontrolled,aa93b5999919cd4c,Curl Virus
Z:\Projects\Smart-Farming\Datasets\final_combined_datasets\CLUE\CV\CLUE_CV_013.jpg,Cotton,CV,uncontrolled,800e3fad35f46e70,Curl Virus
Z:\Projects\Smart-Farming\Datasets\final_combined_datasets\CLUE\CV\CLUE_CV_014.jpg,Cotton,CV,uncontrolled,bdb2a30d41a558f3,Curl Virus
Z:\Projects\Smart-Farming\Datasets\final_combined_datasets\CLUE\CV\CLUE_CV_015.jpg,Cotton,CV,uncontrolled,903e3a8f07d5ee50,Curl Virus
Z:\Projects\Smart-Farming\Datasets\final_combined_datasets\CLUE\CV\CLUE_CV_018.jpg,Cotton,CV,uncontrolled,9fb1788be1c507c4,Curl Virus
Z:\Projects\Smart-Farming\Datasets\final_combined_datasets\CLUE\CV\CLUE_CV_019.jpg,Cotton,CV,uncontrolled,ee84e4d2931a8e79,Curl Virus
Z:\Projects\Smart-Farming\Datasets\final_combined_datasets\CLUE\CV\CLUE_CV_020.jpg,Cotton,CV,uncontrolled,ef8cd4839272b558,Curl Virus
Z:\Projects\Smart-Farming\Datasets\final_combined_datasets\CLUE\CV\CLUE_CV_021.jpg,Cotton,CV,uncontrolled,aa8d805397729767,Curl Virus
Z:\Projects\Smart-Farming\Datasets\final_combined_datasets\CLUE\CV\CLUE_CV_023.jpg,Cotton,CV,uncontrolled,afe6f048c2a6cb58,Curl Virus
Z:\Projects\Smart-Farming\Datasets\final_combined_datasets\CLUE\CV\CLUE_CV_025.jpg,Cotton,CV,uncontrolled,c5cf4e5200fa6d2b,Curl Virus
Z:\Projects\Smart-Farming\Datasets\final_combined_datasets\CLUE\CV\CLUE_CV_026.jpg,Cotton,CV,uncontrolled,b463cb2d969c149d,Curl Virus
Z:\Projects\Smart-Farming\Datasets\final_combined_datasets\CLUE\CV\CLUE_CV_027.jpg,Cotton,CV,uncontrolled,fe96c05a876990b9,Curl Virus
Z:\Projects\Smart-Farming\Datasets\final_combined_datasets\CLUE\CV\CLUE_CV_028.jpg,Cotton,CV,uncontrolled,e3f61449784716b5,Curl Virus
Z:\Projects\Smart-Farming\Datasets\final_combined_datasets\CLUE\CV\CLUE_CV_030.jpg,Cotton,CV,uncontrolled,a2b7f511cb0a8b69,Curl Virus
Z:\Projects\Smart-Farming\Datasets\final_combined_datasets\CLUE\CV\CLUE_CV_031.jpg,Cotton,CV,uncontrolled,d307e96c016db2e3,Curl Virus
Z:\Projects\Smart-Farming\Datasets\final_combined_datasets\CLUE\CV\CLUE_CV_032.jpg,Cotton,CV,uncontrolled,fc878d46885cd93a,Curl Virus
Z:\Projects\Smart-Farming\Datasets\final_combined_datasets\CLUE\CV\CLUE_CV_033.jpg,Cotton,CV,uncontrolled,b4964ccd9b3466c5,Curl Virus
Z:\Projects\Smart-Farming\Datasets\final_combined_datasets\CLUE\CV\CLUE_CV_034.jpg,Cotton,CV,uncontrolled,c35035b82f0b2f9b,Curl Virus
Z:\Projects\Smart-Farming\Datasets\final_combined_datasets\CLUE\CV\CLUE_CV_035.jpg,Cotton,CV,uncontrolled,d471f820e131973f,Curl Virus
Z:\Projects\Smart-Farming\Datasets\final_combined_datasets\CLUE\CV\CLUE_CV_036.jpg,Cotton,CV,uncontrolled,fbc2a0079d2fc878,Curl Virus
Z:\Projects\Smart-Farming\Datasets\final_combined_datasets\CLUE\CV\CLUE_CV_037.jpg,Cotton,CV,uncontrolled,958e42b00f677b2b,Curl Virus
Z:\Projects\Smart-Farming\Datasets\final_combined_datasets\CLUE\CV\CLUE_CV_038.jpg,Cotton,CV,uncontrolled,f1a39a045eade552,Curl Virus
Z:\Projects\Smart-Farming\Datasets\final_combined_datasets\CLUE\CV\CLUE_CV_039.jpg,Cotton,CV,uncontrolled,d5095b35a4a07acf,Curl Virus
Z:\Projects\Smart-Farming\Datasets\final_combined_datasets\CLUE\CV\CLUE_CV_040.jpg,Cotton,CV,uncontrolled,940aed68f183b2f5,Curl Virus
Z:\Projects\Smart-Farming\Datasets\final_combined_datasets\CLUE\CV\CLUE_CV_042.jpg,Cotton,CV,uncontrolled,b2b3b193b9994949,Curl Virus
Z:\Projects\Smart-Farming\Datasets\final_combined_datasets\CLUE\CV\CLUE_CV_043.jpg,Cotton,CV,uncontrolled,85072f9c6066675f,Curl Virus
Z:\Projects\Smart-Farming\Datasets\final_combined_datasets\CLUE\CV\CLUE_CV_044.png,Cotton,CV,uncontrolled,bfc0d04992879d57,Curl Virus
Z:\Projects\Smart-Farming\Datasets\final_combined_datasets\CLUE\CV\CLUE_CV_045.jpg,Cotton,CV,uncontrolled,e9d11d97856e02b9,Curl Virus
Z:\Projects\Smart-Farming\Datasets\final_combined_datasets\CLUE\CV\CLUE_CV_046.jpg,Cotton,CV,uncontrolled,b6b2bf190b4396a4,Curl Virus
Z:\Projects\Smart-Farming\Datasets\final_combined_datasets\CLUE\CV\CLUE_CV_048.png,Cotton,CV,uncontrolled,eacd913f4a403fa8,Curl Virus
Z:\Projects\Smart-Farming\Datasets\final_combined_datasets\CLUE\CV\CLUE_CV_050.jpg,Cotton,CV,uncontrolled,8387186e6fed2329,Curl Virus
Z:\Projects\Smart-Farming\Datasets\final_combined_datasets\CLUE\CV\CLUE_CV_051.jpg,Cotton,CV,uncontrolled,f1d9ccf3ca080a4f,Curl Virus
Z:\Projects\Smart-Farming\Datasets\final_combined_datasets\CLUE\CV\CLUE_CV_053.jpg,Cotton,CV,uncontrolled,c0f05b422eabb93d,Curl Virus
Z:\Projects\Smart-Farming\Datasets\final_combined_datasets\CLUE\CV\CLUE_CV_054.jpg,Cotton,CV,uncontrolled,d3ac3c6236c25cb3,Curl Virus
Z:\Projects\Smart-Farming\Datasets\final_combined_datasets\CLUE\CV\CLUE_CV_055.jpg,Cotton,CV,uncontrolled,ee8e8157927a8d68,Curl Virus
Z:\Projects\Smart-Farming\Datasets\final_combined_datasets\CLUE\CV\CLUE_CV_057.jpg,Cotton,CV,uncontrolled,80c3addfab701517,Curl Virus
Z:\Projects\Smart-Farming\Datasets\final_combined_datasets\CLUE\CV\CLUE_CV_058.jpg,Cotton,CV,uncontrolled,840aab59e193f36d,Curl Virus
Z:\Projects\Smart-Farming\Datasets\final_combined_datasets\CLUE\CV\CLUE_CV_062.jpg,Cotton,CV,uncontrolled,d0cd3fc07039a07f,Curl Virus
Z:\Projects\Smart-Farming\Datasets\final_combined_datasets\CLUE\CV\CLUE_CV_063.jpg,Cotton,CV,uncontrolled,a2bbd0c04b5f9e68,Curl Virus
Z:\Projects\Smart-Farming\Datasets\final_combined_datasets\CLUE\CV\CLUE_CV_064.jpg,Cotton,CV,uncontrolled,f196cbb35e215036,Curl Virus
Z:\Projects\Smart-Farming\Datasets\final_combined_datasets\CLUE\CV\CLUE_CV_065.jpg,Cotton,CV,uncontrolled,ea3850ac6cea6bb4,Curl Virus
Z:\Projects\Smart-Farming\Datasets\final_combined_datasets\CLUE\CV\CLUE_CV_066.jpg,Cotton,CV,uncontrolled,e94743744b3596b1,Curl Virus
Z:\Projects\Smart-Farming\Datasets\final_combined_datasets\CLUE\CV\CLUE_CV_067.jpg,Cotton,CV,uncontrolled,b0b5a3f66a0d454d,Curl Virus
Z:\Projects\Smart-Farming\Datasets\final_combined_datasets\CLUE\CV\CLUE_CV_068.png,Cotton,CV,uncontrolled,e8838c158d3ad76e,Curl Virus
Z:\Projects\Smart-Farming\Datasets\final_combined_datasets\CLUE\CV\CLUE_CV_070.jpg,Cotton,CV,uncontrolled,edcb922c846dc335,Curl Virus
Z:\Projects\Smart-Farming\Datasets\final_combined_datasets\CLUE\CV\CLUE_CV_071.png,Cotton,CV,uncontrolled,95c60258703c1fff,Curl Virus
Z:\Projects\Smart-Farming\Datasets\final_combined_datasets\CLUE\CV\CLUE_CV_072.jpg,Cotton,CV,uncontrolled,fa70f6c3c422ec1c,Curl Virus
Z:\Projects\Smart-Farming\Datasets\final_combined_datasets\CLUE\CV\CLUE_CV_073.jpg,Cotton,CV,uncontrolled,bfdd8490f26a984c,Curl Virus
Z:\Projects\Smart-Farming\Datasets\final_combined_datasets\CLUE\CV\CLUE_CV_074.jpg,Cotton,CV,uncontrolled,c484f8cac47d8d6b,Curl Virus
Z:\Projects\Smart-Farming\Datasets\final_combined_datasets\CLUE\CV\CLUE_CV_075.jpg,Cotton,CV,uncontrolled,c3814cf2296ce6bd,Curl Virus
Z:\Projects\Smart-Farming\Datasets\final_combined_datasets\CLUE\CV\CLUE_CV_076.jpg,Cotton,CV,uncontrolled,ca956177893de4c2,Curl Virus
Z:\Projects\Smart-Farming\Datasets\final_combined_datasets\CLUE\CV\CLUE_CV_077.jpg,Cotton,CV,uncontrolled,85676a6a2592f5d1,Curl Virus
Z:\Projects\Smart-Farming\Datasets\final_combined_datasets\CLUE\CV\CLUE_CV_078.jpg,Cotton,CV,uncontrolled,ee99863ad1671a25,Curl Virus
Z:\Projects\Smart-Farming\Datasets\final_combined_datasets\CLUE\CV\CLUE_CV_079.jpg,Cotton,CV,uncontrolled,d5a46a07605e3bda,Curl Virus
Z:\Projects\Smart-Farming\Datasets\final_combined_datasets\CLUE\CV\CLUE_CV_080.png,Cotton,CV,uncontrolled,ee87c052927a9d69,Curl Virus
Z:\Projects\Smart-Farming\Datasets\final_combined_datasets\CLUE\CV\CLUE_CV_081.jpg,Cotton,CV,uncontrolled,bb33d1948d6d0fc0,Curl Virus
Z:\Projects\Smart-Farming\Datasets\final_combined_datasets\CLUE\CV\CLUE_CV_082.jpg,Cotton,CV,uncontrolled,ea92851fcf68c938,Curl Virus
Z:\Projects\Smart-Farming\Datasets\final_combined_datasets\CLUE\CV\CLUE_CV_083.jpg,Cotton,CV,uncontrolled,d8676f5ce5994049,Curl Virus
Z:\Projects\Smart-Farming\Datasets\final_combined_datasets\CLUE\CV\CLUE_CV_084.jpg,Cotton,CV,uncontrolled,b640b6af68e2ab68,Curl Virus
Z:\Projects\Smart-Farming\Datasets\final_combined_datasets\CLUE\CV\CLUE_CV_085.png,Cotton,CV,uncontrolled,c3be9a2ca5534ce2,Curl Virus
Z:\Projects\Smart-Farming\Datasets\final_combined_datasets\CLUE\FW\CLUE_FW_273.jpg,Cotton,FW,uncontrolled,9c44b69e3991de0e,Fusarium Wilt
Z:\Projects\Smart-Farming\Datasets\final_combined_datasets\CLUE\FW\CLUE_FW_274.png,Cotton,FW,uncontrolled,f95cc265dc682533,Fusarium Wilt
Z:\Projects\Smart-Farming\Datasets\final_combined_datasets\CLUE\FW\CLUE_FW_314.jpg,Cotton,FW,uncontrolled,c34b07a33d24b67c,Fusarium Wilt
Z:\Projects\Smart-Farming\Datasets\final_combined_datasets\CLUE\FW\CLUE_FW_315.jpg,Cotton,FW,uncontrolled,c7944a5a387aaea9,Fusarium Wilt
Z:\Projects\Smart-Farming\Datasets\final_combined_datasets\CLUE\FW\CLUE_FW_316.jpg,Cotton,FW,uncontrolled,96e15a096a97e3d4,Fusarium Wilt
Z:\Projects\Smart-Farming\Datasets\final_combined_datasets\CLUE\FW\CLUE_FW_317.jpg,Cotton,FW,uncontrolled,923e1ff06dd0fa01,Fusarium Wilt
Z:\Projects\Smart-Farming\Datasets\final_combined_datasets\CLUE\FW\CLUE_FW_318.jpg,Cotton,FW,uncontrolled,a5b76a3ab42d08ae,Fusarium Wilt
Z:\Projects\Smart-Farming\Datasets\final_combined_datasets\CLUE\FW\CLUE_FW_276.jpg,Cotton,FW,uncontrolled,9c486333e3853f53,Fusarium Wilt
Z:\Projects\Smart-Farming\Datasets\final_combined_datasets\CLUE\FW\CLUE_FW_319.jpg,Cotton,FW,uncontrolled,d1d34e3af86c64c1,Fusarium Wilt
Z:\Projects\Smart-Farming\Datasets\final_combined_datasets\CLUE\FW\CLUE_FW_321.jpg,Cotton,FW,uncontrolled,9cba698d2972ad94,Fusarium Wilt
Z:\Projects\Smart-Farming\Datasets\final_combined_datasets\CLUE\FW\CLUE_FW_322.jpg,Cotton,FW,uncontrolled,86713b90afc6116f,Fusarium Wilt
Z:\Projects\Smart-Farming\Datasets\final_combined_datasets\CLUE\FW\CLUE_FW_323.jpg,Cotton,FW,uncontrolled,c9103c277cd8f83e,Fusarium Wilt
Z:\Projects\Smart-Farming\Datasets\final_combined_datasets\CLUE\FW\CLUE_FW_324.jpg,Cotton,FW,uncontrolled,d2b38c6dbc235343,Fusarium Wilt
Z:\Projects\Smart-Farming\Datasets\final_combined_datasets\CLUE\FW\CLUE_FW_277.jpg,Cotton,FW,uncontrolled,d13c6f8695916e2a,Fusarium Wilt
Z:\Projects\Smart-Farming\Datasets\final_combined_datasets\CLUE\FW\CLUE_FW_325.jpg,Cotton,FW,uncontrolled,ad16cc93c36c328f,Fusarium Wilt
Z:\Projects\Smart-Farming\Datasets\final_combined_datasets\CLUE\FW\CLUE_FW_278.jpg,Cotton,FW,uncontrolled,c9e23699262f62f8,Fusarium Wilt
Z:\Projects\Smart-Farming\Datasets\final_combined_datasets\CLUE\FW\CLUE_FW_326.png,Cotton,FW,uncontrolled,f10c9f73482934bd,Fusarium Wilt
Z:\Projects\Smart-Farming\Datasets\final_combined_datasets\CLUE\FW\CLUE_FW_328.png,Cotton,FW,uncontrolled,f4cde2e6383625e0,Fusarium Wilt
Z:\Projects\Smart-Farming\Datasets\final_combined_datasets\CLUE\FW\CLUE_FW_329.png,Cotton,FW,uncontrolled,a4acead91d83611f,Fusarium Wilt
Z:\Projects\Smart-Farming\Datasets\final_combined_datasets\CLUE\FW\CLUE_FW_330.jpg,Cotton,FW,uncontrolled,bd236051915195ff,Fusarium Wilt
Z:\Projects\Smart-Farming\Datasets\final_combined_datasets\CLUE\FW\CLUE_FW_331.jpg,Cotton,FW,uncontrolled,e88935fbc4bb4151,Fusarium Wilt
Z:\Projects\Smart-Farming\Datasets\final_combined_datasets\CLUE\FW\CLUE_FW_332.jpg,Cotton,FW,uncontrolled,8bcee168817f4176,Fusarium Wilt
Z:\Projects\Smart-Farming\Datasets\final_combined_datasets\CLUE\FW\CLUE_FW_334.jpg,Cotton,FW,uncontrolled,de64b4cad5d55488,Fusarium Wilt
Z:\Projects\Smart-Farming\Datasets\final_combined_datasets\CLUE\FW\CLUE_FW_335.jpg,Cotton,FW,uncontrolled,80fa8f6ee21de590,Fusarium Wilt
Z:\Projects\Smart-Farming\Datasets\final_combined_datasets\CLUE\FW\CLUE_FW_279.jpg,Cotton,FW,uncontrolled,87dd3b0d0d59e251,Fusarium Wilt
Z:\Projects\Smart-Farming\Datasets\final_combined_datasets\CLUE\FW\CLUE_FW_336.jpg,Cotton,FW,uncontrolled,f9ec0b70968b095d,Fusarium Wilt
Z:\Projects\Smart-Farming\Datasets\final_combined_datasets\CLUE\FW\CLUE_FW_338.jpg,Cotton,FW,uncontrolled,998685ccb21a79f3,Fusarium Wilt
Z:\Projects\Smart-Farming\Datasets\final_combined_datasets\CLUE\FW\CLUE_FW_339.jpg,Cotton,FW,uncontrolled,ac465edac32518f6,Fusarium Wilt
Z:\Projects\Smart-Farming\Datasets\final_combined_datasets\CLUE\FW\CLUE_FW_340.jpg,Cotton,FW,uncontrolled,cc2ed066e7b22c59,Fusarium Wilt
Z:\Projects\Smart-Farming\Datasets\final_combined_datasets\CLUE\FW\CLUE_FW_341.jpg,Cotton,FW,uncontrolled,cbe8b7949acb5488,Fusarium Wilt
Z:\Projects\Smart-Farming\Datasets\final_combined_datasets\CLUE\FW\CLUE_FW_343.jpg,Cotton,FW,uncontrolled,a893354f986779e0,Fusarium Wilt
Z:\Projects\Smart-Farming\Datasets\final_combined_datasets\CLUE\FW\CLUE_FW_344.jpg,Cotton,FW,uncontrolled,9e4af23ecf610323,Fusarium Wilt
Z:\Projects\Smart-Farming\Datasets\final_combined_datasets\CLUE\FW\CLUE_FW_345.jpg,Cotton,FW,uncontrolled,fd3960c58dcd2c4a,Fusarium Wilt
Z:\Projects\Smart-Farming\Datasets\final_combined_datasets\CLUE\FW\CLUE_FW_346.jpg,Cotton,FW,uncontrolled,f5c835a81c4333fc,Fusarium Wilt
Z:\Projects\Smart-Farming\Datasets\final_combined_datasets\CLUE\FW\CLUE_FW_347.jpg,Cotton,FW,uncontrolled,d13ab35459161fd8,Fusarium Wilt
Z:\Projects\Smart-Farming\Datasets\final_combined_datasets\CLUE\FW\CLUE_FW_348.jpg,Cotton,FW,uncontrolled,8c653ac35f0f331c,Fusarium Wilt
Z:\Projects\Smart-Farming\Datasets\final_combined_datasets\CLUE\FW\CLUE_FW_350.jpg,Cotton,FW,uncontrolled,c50d377ef8106b0b,Fusarium Wilt
Z:\Projects\Smart-Farming\Datasets\final_combined_datasets\CLUE\FW\CLUE_FW_351.jpg,Cotton,FW,uncontrolled,d9ce6f6902a466b4,Fusarium Wilt
Z:\Projects\Smart-Farming\Datasets\final_combined_datasets\CLUE\FW\CLUE_FW_352.jpg,Cotton,FW,uncontrolled,90a762d4adba3ea1,Fusarium Wilt
Z:\Projects\Smart-Farming\Datasets\final_combined_datasets\CLUE\FW\CLUE_FW_281.jpg,Cotton,FW,uncontrolled,97137710298df798,Fusarium Wilt
Z:\Projects\Smart-Farming\Datasets\final_combined_datasets\CLUE\FW\CLUE_FW_282.jpg,Cotton,FW,uncontrolled,d2734ea6589286bb,Fusarium Wilt
Z:\Projects\Smart-Farming\Datasets\final_combined_datasets\CLUE\FW\CLUE_FW_353.png,Cotton,FW,uncontrolled,eb6abdf4f1108311,Fusarium Wilt
Z:\Projects\Smart-Farming\Datasets\final_combined_datasets\CLUE\FW\CLUE_FW_283.jpg,Cotton,FW,uncontrolled,c2bd22ba7c27a236,Fusarium Wilt
Z:\Projects\Smart-Farming\Datasets\final_combined_datasets\CLUE\FW\CLUE_FW_354.png,Cotton,FW,uncontrolled,f8955285c6cc675a,Fusarium Wilt
Z:\Projects\Smart-Farming\Datasets\final_combined_datasets\CLUE\FW\CLUE_FW_355.png,Cotton,FW,uncontrolled,89ead3bc900b7e07,Fusarium Wilt
Z:\Projects\Smart-Farming\Datasets\final_combined_datasets\CLUE\FW\CLUE_FW_356.png,Cotton,FW,uncontrolled,ad37072f8b4632f0,Fusarium Wilt
Z:\Projects\Smart-Farming\Datasets\final_combined_datasets\CLUE\FW\CLUE_FW_357.png,Cotton,FW,uncontrolled,dc508716cda1abad,Fusarium Wilt
Z:\Projects\Smart-Farming\Datasets\final_combined_datasets\CLUE\FW\CLUE_FW_358.jpg,Cotton,FW,uncontrolled,8bcc77385caa38a6,Fusarium Wilt
Z:\Projects\Smart-Farming\Datasets\final_combined_datasets\CLUE\FW\CLUE_FW_359.jpg,Cotton,FW,uncontrolled,903d626f0b1cf0f5,Fusarium Wilt
Z:\Projects\Smart-Farming\Datasets\final_combined_datasets\CLUE\FW\CLUE_FW_360.jpg,Cotton,FW,uncontrolled,de6626938b227d0e,Fusarium Wilt
Z:\Projects\Smart-Farming\Datasets\final_combined_datasets\CLUE\FW\CLUE_FW_361.jpg,Cotton,FW,uncontrolled,c59733455e96a05d,Fusarium Wilt
Z:\Projects\Smart-Farming\Datasets\final_combined_datasets\CLUE\FW\CLUE_FW_362.jpg,Cotton,FW,uncontrolled,8671332caeb6398d,Fusarium Wilt
Z:\Projects\Smart-Farming\Datasets\final_combined_datasets\CLUE\FW\CLUE_FW_363.jpg,Cotton,FW,uncontrolled,d81523334eccf936,Fusarium Wilt
Z:\Projects\Smart-Farming\Datasets\final_combined_datasets\CLUE\FW\CLUE_FW_364.jpg,Cotton,FW,uncontrolled,d3db6684db086c27,Fusarium Wilt
Z:\Projects\Smart-Farming\Datasets\final_combined_datasets\CLUE\FW\CLUE_FW_365.jpg,Cotton,FW,uncontrolled,8dbb76991b62a898,Fusarium Wilt
Z:\Projects\Smart-Farming\Datasets\final_combined_datasets\CLUE\FW\CLUE_FW_366.jpg,Cotton,FW,uncontrolled,90e30fb669c8a5cd,Fusarium Wilt
Z:\Projects\Smart-Farming\Datasets\final_combined_datasets\CLUE\FW\CLUE_FW_367.jpg,Cotton,FW,uncontrolled,82190fc77967253e,Fusarium Wilt
Z:\Projects\Smart-Farming\Datasets\final_combined_datasets\CLUE\FW\CLUE_FW_368.jpg,Cotton,FW,uncontrolled,c5495a1c3c62f46f,Fusarium Wilt
Z:\Projects\Smart-Farming\Datasets\final_combined_datasets\CLUE\FW\CLUE_FW_369.jpg,Cotton,FW,uncontrolled,d7b25a6d2ccc7094,Fusarium Wilt
Z:\Projects\Smart-Farming\Datasets\final_combined_datasets\CLUE\FW\CLUE_FW_370.jpg,Cotton,FW,uncontrolled,f1ccb6d1699807b1,Fusarium Wilt
Z:\Projects\Smart-Farming\Datasets\final_combined_datasets\CLUE\FW\CLUE_FW_371.jpg,Cotton,FW,uncontrolled,a08df8e0193776ce,Fusarium Wilt
Z:\Projects\Smart-Farming\Datasets\final_combined_datasets\CLUE\FW\CLUE_FW_372.jpg,Cotton,FW,uncontrolled,a666e37b3c325219,Fusarium Wilt
Z:\Projects\Smart-Farming\Datasets\final_combined_datasets\CLUE\FW\CLUE_FW_373.jpg,Cotton,FW,uncontrolled,f527a94a4c9da364,Fusarium Wilt
Z:\Projects\Smart-Farming\Datasets\final_combined_datasets\CLUE\FW\CLUE_FW_374.jpg,Cotton,FW,uncontrolled,eea9d64e986831b8,Fusarium Wilt
Z:\Projects\Smart-Farming\Datasets\final_combined_datasets\CLUE\FW\CLUE_FW_375.jpg,Cotton,FW,uncontrolled,bce0927e88e4e517,Fusarium Wilt
Z:\Projects\Smart-Farming\Datasets\final_combined_datasets\CLUE\FW\CLUE_FW_376.jpg,Cotton,FW,uncontrolled,bb0b83e4cdc26e16,Fusarium Wilt
Z:\Projects\Smart-Farming\Datasets\final_combined_datasets\CLUE\FW\CLUE_FW_377.jpg,Cotton,FW,uncontrolled,e848c7d49d4ab0bd,Fusarium Wilt
Z:\Projects\Smart-Farming\Datasets\final_combined_datasets\CLUE\FW\CLUE_FW_285.jpg,Cotton,FW,uncontrolled,f862461f8a989fc9,Fusarium Wilt
Z:\Projects\Smart-Farming\Datasets\final_combined_datasets\CLUE\FW\CLUE_FW_378.jpg,Cotton,FW,uncontrolled,c04f1a3f3df43834,Fusarium Wilt
Z:\Projects\Smart-Farming\Datasets\final_combined_datasets\CLUE\FW\CLUE_FW_379.jpg,Cotton,FW,uncontrolled,d5914a7a2f0b652d,Fusarium Wilt
Z:\Projects\Smart-Farming\Datasets\final_combined_datasets\CLUE\FW\CLUE_FW_380.jpg,Cotton,FW,uncontrolled,95e54e85685e699a,Fusarium Wilt
Z:\Projects\Smart-Farming\Datasets\final_combined_datasets\CLUE\FW\CLUE_FW_381.jpg,Cotton,FW,uncontrolled,843b1fd07aa370a7,Fusarium Wilt
Z:\Projects\Smart-Farming\Datasets\final_combined_datasets\CLUE\FW\CLUE_FW_286.jpg,Cotton,FW,uncontrolled,dab495c3ca672d44,Fusarium Wilt
Z:\Projects\Smart-Farming\Datasets\final_combined_datasets\CLUE\FW\CLUE_FW_382.jpg,Cotton,FW,uncontrolled,c5583bbd708172c7,Fusarium Wilt
Z:\Projects\Smart-Farming\Datasets\final_combined_datasets\CLUE\FW\CLUE_FW_383.jpg,Cotton,FW,uncontrolled,c0630fe47f973096,Fusarium Wilt
Z:\Projects\Smart-Farming\Datasets\final_combined_datasets\CLUE\FW\CLUE_FW_287.jpg,Cotton,FW,uncontrolled,adc813b4df32c863,Fusarium Wilt
Z:\Projects\Smart-Farming\Datasets\final_combined_datasets\CLUE\FW\CLUE_FW_384.JPG,Cotton,FW,uncontrolled,88c495ebd6097a7c,Fusarium Wilt
Z:\Projects\Smart-Farming\Datasets\final_combined_datasets\CLUE\FW\CLUE_FW_386.JPG,Cotton,FW,uncontrolled,ad8e467eca3e0e60,Fusarium Wilt
Z:\Projects\Smart-Farming\Datasets\final_combined_datasets\CLUE\FW\CLUE_FW_387.JPG,Cotton,FW,uncontrolled,bd6ec0418ba32bd5,Fusarium Wilt
Z:\Projects\Smart-Farming\Datasets\final_combined_datasets\CLUE\FW\CLUE_FW_388.JPG,Cotton,FW,uncontrolled,f82493d49f941bca,Fusarium Wilt
Z:\Projects\Smart-Farming\Datasets\final_combined_datasets\CLUE\FW\CLUE_FW_288.jpg,Cotton,FW,uncontrolled,8f1ec0699ecd386c,Fusarium Wilt
Z:\Projects\Smart-Farming\Datasets\final_combined_datasets\CLUE\FW\CLUE_FW_389.jpg,Cotton,FW,uncontrolled,aa1295d75ac8c1de,Fusarium Wilt
Z:\Projects\Smart-Farming\Datasets\final_combined_datasets\CLUE\FW\CLUE_FW_390.jpg,Cotton,FW,uncontrolled,ea4ad12cd86cac67,Fusarium Wilt
Z:\Projects\Smart-Farming\Datasets\final_combined_datasets\CLUE\FW\CLUE_FW_391.jpg,Cotton,FW,uncontrolled,ffb8c27d0b429074,Fusarium Wilt
Z:\Projects\Smart-Farming\Datasets\final_combined_datasets\CLUE\FW\CLUE_FW_392.jpg,Cotton,FW,uncontrolled,b7e084868dc2f9cd,Fusarium Wilt
Z:\Projects\Smart-Farming\Datasets\final_combined_datasets\CLUE\FW\CLUE_FW_289.jpg,Cotton,FW,uncontrolled,bac4854bc83bb43b,Fusarium Wilt
Z:\Projects\Smart-Farming\Datasets\final_combined_datasets\CLUE\FW\CLUE_FW_393.jpg,Cotton,FW,uncontrolled,df186966938566a9,Fusarium Wilt
Z:\Projects\Smart-Farming\Datasets\final_combined_datasets\CLUE\FW\CLUE_FW_394.jpg,Cotton,FW,uncontrolled,c770a35fc02f2c6c,Fusarium Wilt
Z:\Projects\Smart-Farming\Datasets\final_combined_datasets\CLUE\FW\CLUE_FW_395.jpg,Cotton,FW,uncontrolled,fd9c321543c2e9e1,Fusarium Wilt
Z:\Projects\Smart-Farming\Datasets\final_combined_datasets\CLUE\FW\CLUE_FW_396.jpg,Cotton,FW,uncontrolled,92daf6a5958570c6,Fusarium Wilt
Z:\Projects\Smart-Farming\Datasets\final_combined_datasets\CLUE\FW\CLUE_FW_397.jpg,Cotton,FW,uncontrolled,a82667af1768b44b,Fusarium Wilt
Z:\Projects\Smart-Farming\Datasets\final_combined_datasets\CLUE\FW\CLUE_FW_398.png,Cotton,FW,uncontrolled,a41de9c11e3c9bac,Fusarium Wilt
Z:\Projects\Smart-Farming\Datasets\final_combined_datasets\CLUE\FW\CLUE_FW_399.jpg,Cotton,FW,uncontrolled,b8836cd24f7b2c52,Fusarium Wilt
Z:\Projects\Smart-Farming\Datasets\final_combined_datasets\CLUE\FW\CLUE_FW_400.jpg,Cotton,FW,uncontrolled,856cf3c0fb770819,Fusarium Wilt
Z:\Projects\Smart-Farming\Datasets\final_combined_datasets\CLUE\FW\CLUE_FW_401.jpg,Cotton,FW,uncontrolled,ed2939681a9179f8,Fusarium Wilt
Z:\Projects\Smart-Farming\Datasets\final_combined_datasets\CLUE\FW\CLUE_FW_402.jpg,Cotton,FW,uncontrolled,d0c2a66aaed558b3,Fusarium Wilt
Z:\Projects\Smart-Farming\Datasets\final_combined_datasets\CLUE\FW\CLUE_FW_403.jpg,Cotton,FW,uncontrolled,bae5ed992a1d1382,Fusarium Wilt
Z:\Projects\Smart-Farming\Datasets\final_combined_datasets\CLUE\FW\CLUE_FW_404.jpg,Cotton,FW,uncontrolled,a415b5c3e951dc27,Fusarium Wilt
Z:\Projects\Smart-Farming\Datasets\final_combined_datasets\CLUE\FW\CLUE_FW_405.jpg,Cotton,FW,uncontrolled,ef4bb8335fa64420,Fusarium Wilt
Z:\Projects\Smart-Farming\Datasets\final_combined_datasets\CLUE\FW\CLUE_FW_406.jpg,Cotton,FW,uncontrolled,f09fe069bc9b8889,Fusarium Wilt
Z:\Projects\Smart-Farming\Datasets\final_combined_datasets\CLUE\FW\CLUE_FW_407.jpg,Cotton,FW,uncontrolled,f4d4eac7c6cc2a0c,Fusarium Wilt
Z:\Projects\Smart-Farming\Datasets\final_combined_datasets\CLUE\FW\CLUE_FW_408.jpg,Cotton,FW,uncontrolled,aaa9beb472886f48,Fusarium Wilt
Z:\Projects\Smart-Farming\Datasets\final_combined_datasets\CLUE\FW\CLUE_FW_409.jpg,Cotton,FW,uncontrolled,a15eae6582667f06,Fusarium Wilt
Z:\Projects\Smart-Farming\Datasets\final_combined_datasets\CLUE\FW\CLUE_FW_410.jpg,Cotton,FW,uncontrolled,ff03ab0e27223ae2,Fusarium Wilt
Z:\Projects\Smart-Farming\Datasets\final_combined_datasets\CLUE\FW\CLUE_FW_411.jpg,Cotton,FW,uncontrolled,bfb2e01b09843dea,Fusarium Wilt
Z:\Projects\Smart-Farming\Datasets\final_combined_datasets\CLUE\FW\CLUE_FW_412.jpg,Cotton,FW,uncontrolled,b074ba82ceb386cb,Fusarium Wilt
Z:\Projects\Smart-Farming\Datasets\final_combined_datasets\CLUE\FW\CLUE_FW_291.jpg,Cotton,FW,uncontrolled,bf0dd2f2cc37c060,Fusarium Wilt
Z:\Projects\Smart-Farming\Datasets\final_combined_datasets\CLUE\FW\CLUE_FW_413.jpg,Cotton,FW,uncontrolled,ea1cb1b17c1f6a50,Fusarium Wilt
Z:\Projects\Smart-Farming\Datasets\final_combined_datasets\CLUE\FW\CLUE_FW_414.jpg,Cotton,FW,uncontrolled,e59eeb289b11d161,Fusarium Wilt
Z:\Projects\Smart-Farming\Datasets\final_combined_datasets\CLUE\FW\CLUE_FW_415.jpg,Cotton,FW,uncontrolled,b24f3e0ccb3068d7,Fusarium Wilt
Z:\Projects\Smart-Farming\Datasets\final_combined_datasets\CLUE\FW\CLUE_FW_292.jpg,Cotton,FW,uncontrolled,ef6ec0e19d91a191,Fusarium Wilt
Z:\Projects\Smart-Farming\Datasets\final_combined_datasets\CLUE\FW\CLUE_FW_293.jpg,Cotton,FW,uncontrolled,eaa78358999c95ca,Fusarium Wilt
Z:\Projects\Smart-Farming\Datasets\final_combined_datasets\CLUE\FW\CLUE_FW_294.jpg,Cotton,FW,uncontrolled,cbb08ac7e03d0ecd,Fusarium Wilt
Z:\Projects\Smart-Farming\Datasets\final_combined_datasets\CLUE\FW\CLUE_FW_296.jpg,Cotton,FW,uncontrolled,accc1911f543f7c4,Fusarium Wilt
Z:\Projects\Smart-Farming\Datasets\final_combined_datasets\CLUE\FW\CLUE_FW_297.jpg,Cotton,FW,uncontrolled,9e1adf6935865143,Fusarium Wilt
Z:\Projects\Smart-Farming\Datasets\final_combined_datasets\CLUE\FW\CLUE_FW_298.jpg,Cotton,FW,uncontrolled,f9664cbba0e8a26a,Fusarium Wilt
Z:\Projects\Smart-Farming\Datasets\final_combined_datasets\CLUE\FW\CLUE_FW_299.jpg,Cotton,FW,uncontrolled,df0376015f8354b6,Fusarium Wilt
Z:\Projects\Smart-Farming\Datasets\final_combined_datasets\CLUE\FW\CLUE_FW_301.jpg,Cotton,FW,uncontrolled,90be74ecddd83089,Fusarium Wilt
Z:\Projects\Smart-Farming\Datasets\final_combined_datasets\CLUE\FW\CLUE_FW_302.jpg,Cotton,FW,uncontrolled,aae923ab0a2f157c,Fusarium Wilt
Z:\Projects\Smart-Farming\Datasets\final_combined_datasets\CLUE\FW\CLUE_FW_303.jpg,Cotton,FW,uncontrolled,aba19256eb245a7a,Fusarium Wilt
Z:\Projects\Smart-Farming\Datasets\final_combined_datasets\CLUE\FW\CLUE_FW_305.jpg,Cotton,FW,uncontrolled,bd4e9866da01e695,Fusarium Wilt
Z:\Projects\Smart-Farming\Datasets\final_combined_datasets\CLUE\FW\CLUE_FW_306.jpg,Cotton,FW,uncontrolled,fe0bc37cbc860ec0,Fusarium Wilt
Z:\Projects\Smart-Farming\Datasets\final_combined_datasets\CLUE\FW\CLUE_FW_307.jpg,Cotton,FW,uncontrolled,e8e4cccc8b8bb235,Fusarium Wilt
Z:\Projects\Smart-Farming\Datasets\final_combined_datasets\CLUE\FW\CLUE_FW_308.jpg,Cotton,FW,uncontrolled,9074fc729637a325,Fusarium Wilt
Z:\Projects\Smart-Farming\Datasets\final_combined_datasets\CLUE\FW\CLUE_FW_310.jpg,Cotton,FW,uncontrolled,ff6522a975384952,Fusarium Wilt
Z:\Projects\Smart-Farming\Datasets\final_combined_datasets\CLUE\FW\CLUE_FW_311.jpg,Cotton,FW,uncontrolled,c59ea8c8c29df48e,Fusarium Wilt
Z:\Projects\Smart-Farming\Datasets\final_combined_datasets\CLUE\FW\CLUE_FW_312.jpg,Cotton,FW,uncontrolled,aacf770320921efa,Fusarium Wilt
Z:\Projects\Smart-Farming\Datasets\final_combined_datasets\CLUE\FW\CLUE_FW_313.jpg,Cotton,FW,uncontrolled,ffc5a058875a42ad,Fusarium Wilt
Z:\Projects\Smart-Farming\Datasets\final_combined_datasets\CLUE\FW\CLUE_FW_001.jpg,Cotton,FW,uncontrolled,977007dcf8272363,Fusarium Wilt
Z:\Projects\Smart-Farming\Datasets\final_combined_datasets\CLUE\FW\CLUE_FW_003.png,Cotton,FW,uncontrolled,8cbfc37f81c4b250,Fusarium Wilt
Z:\Projects\Smart-Farming\Datasets\final_combined_datasets\CLUE\FW\CLUE_FW_006.png,Cotton,FW,uncontrolled,b0b0acb6f8931ba9,Fusarium Wilt
Z:\Projects\Smart-Farming\Datasets\final_combined_datasets\CLUE\FW\CLUE_FW_020.jpg,Cotton,FW,uncontrolled,85d6701b610e9f7c,Fusarium Wilt
Z:\Projects\Smart-Farming\Datasets\final_combined_datasets\CLUE\FW\CLUE_FW_021.jpg,Cotton,FW,uncontrolled,f842461d98f93567,Fusarium Wilt
Z:\Projects\Smart-Farming\Datasets\final_combined_datasets\CLUE\FW\CLUE_FW_028.jpg,Cotton,FW,uncontrolled,d46841478edd5a79,Fusarium Wilt
Z:\Projects\Smart-Farming\Datasets\final_combined_datasets\CLUE\FW\CLUE_FW_034.jpg,Cotton,FW,uncontrolled,fb35a44a19958f68,Fusarium Wilt
Z:\Projects\Smart-Farming\Datasets\final_combined_datasets\CLUE\FW\CLUE_FW_035.jpg,Cotton,FW,uncontrolled,e3c4b4984e33c39b,Fusarium Wilt
Z:\Projects\Smart-Farming\Datasets\final_combined_datasets\CLUE\FW\CLUE_FW_037.jpg,Cotton,FW,uncontrolled,a69ff1600c3ddac2,Fusarium Wilt
Z:\Projects\Smart-Farming\Datasets\final_combined_datasets\CLUE\FW\CLUE_FW_038.jpg,Cotton,FW,uncontrolled,a666e1339b999631,Fusarium Wilt
Z:\Projects\Smart-Farming\Datasets\final_combined_datasets\CLUE\FW\CLUE_FW_039.jpg,Cotton,FW,uncontrolled,9ca71d802fd828f7,Fusarium Wilt
Z:\Projects\Smart-Farming\Datasets\final_combined_datasets\CLUE\FW\CLUE_FW_040.jpg,Cotton,FW,uncontrolled,80501ef0ffbc3c3c,Fusarium Wilt
Z:\Projects\Smart-Farming\Datasets\final_combined_datasets\CLUE\FW\CLUE_FW_041.jpg,Cotton,FW,uncontrolled,c90d482a7a727d5d,Fusarium Wilt
Z:\Projects\Smart-Farming\Datasets\final_combined_datasets\CLUE\FW\CLUE_FW_042.jpg,Cotton,FW,uncontrolled,d5ea4b5aaa164996,Fusarium Wilt
Z:\Projects\Smart-Farming\Datasets\final_combined_datasets\CLUE\FW\CLUE_FW_043.jpg,Cotton,FW,uncontrolled,9c77a91d62996495,Fusarium Wilt
Z:\Projects\Smart-Farming\Datasets\final_combined_datasets\CLUE\FW\CLUE_FW_044.jpg,Cotton,FW,uncontrolled,f11d3f90e1875d24,Fusarium Wilt
Z:\Projects\Smart-Farming\Datasets\final_combined_datasets\CLUE\FW\CLUE_FW_045.jpg,Cotton,FW,uncontrolled,c9ddb8a73622113b,Fusarium Wilt
Z:\Projects\Smart-Farming\Datasets\final_combined_datasets\CLUE\FW\CLUE_FW_049.jpg,Cotton,FW,uncontrolled,bdc6099f6d6d9202,Fusarium Wilt
Z:\Projects\Smart-Farming\Datasets\final_combined_datasets\CLUE\FW\CLUE_FW_050.jpg,Cotton,FW,uncontrolled,8719d9c7e98906e9,Fusarium Wilt
Z:\Projects\Smart-Farming\Datasets\final_combined_datasets\CLUE\FW\CLUE_FW_051.jpg,Cotton,FW,uncontrolled,e86c5c3538c7c7a8,Fusarium Wilt
Z:\Projects\Smart-Farming\Datasets\final_combined_datasets\CLUE\FW\CLUE_FW_052.jpg,Cotton,FW,uncontrolled,d393dc64acae3434,Fusarium Wilt
Z:\Projects\Smart-Farming\Datasets\final_combined_datasets\CLUE\FW\CLUE_FW_053.jpg,Cotton,FW,uncontrolled,b9e54ab669689195,Fusarium Wilt
Z:\Projects\Smart-Farming\Datasets\final_combined_datasets\CLUE\FW\CLUE_FW_054.jpg,Cotton,FW,uncontrolled,863989cef986619e,Fusarium Wilt
Z:\Projects\Smart-Farming\Datasets\final_combined_datasets\CLUE\FW\CLUE_FW_055.jpg,Cotton,FW,uncontrolled,ec4f1f1d2cc0c03f,Fusarium Wilt
Z:\Projects\Smart-Farming\Datasets\final_combined_datasets\CLUE\FW\CLUE_FW_056.jpg,Cotton,FW,uncontrolled,ec79d307f0b00ecc,Fusarium Wilt
Z:\Projects\Smart-Farming\Datasets\final_combined_datasets\CLUE\FW\CLUE_FW_057.jpg,Cotton,FW,uncontrolled,f8b8993996c66625,Fusarium Wilt
Z:\Projects\Smart-Farming\Datasets\final_combined_datasets\CLUE\FW\CLUE_FW_058.jpg,Cotton,FW,uncontrolled,b9d386ada41a5b64,Fusarium Wilt
Z:\Projects\Smart-Farming\Datasets\final_combined_datasets\CLUE\FW\CLUE_FW_059.jpg,Cotton,FW,uncontrolled,ed35ceb382c8f0b0,Fusarium Wilt
Z:\Projects\Smart-Farming\Datasets\final_combined_datasets\CLUE\FW\CLUE_FW_060.jpg,Cotton,FW,uncontrolled,eaf38606f1b54585,Fusarium Wilt
Z:\Projects\Smart-Farming\Datasets\final_combined_datasets\CLUE\FW\CLUE_FW_061.jpg,Cotton,FW,uncontrolled,b89f9919d562a51a,Fusarium Wilt
Z:\Projects\Smart-Farming\Datasets\final_combined_datasets\CLUE\FW\CLUE_FW_062.jpg,Cotton,FW,uncontrolled,bf59d3aca40e102f,Fusarium Wilt
Z:\Projects\Smart-Farming\Datasets\final_combined_datasets\CLUE\FW\CLUE_FW_065.png,Cotton,FW,uncontrolled,a167b74c6d9cb04a,Fusarium Wilt
Z:\Projects\Smart-Farming\Datasets\final_combined_datasets\CLUE\FW\CLUE_FW_066.jpg,Cotton,FW,uncontrolled,8c963a6ce27b3bc0,Fusarium Wilt
Z:\Projects\Smart-Farming\Datasets\final_combined_datasets\CLUE\FW\CLUE_FW_070.jpg,Cotton,FW,uncontrolled,be0f0f1031636d73,Fusarium Wilt
Z:\Projects\Smart-Farming\Datasets\final_combined_datasets\CLUE\FW\CLUE_FW_071.jpg,Cotton,FW,uncontrolled,d550dac4b3b7b01a,Fusarium Wilt
Z:\Projects\Smart-Farming\Datasets\final_combined_datasets\CLUE\FW\CLUE_FW_072.jpg,Cotton,FW,uncontrolled,eba55aba644138d9,Fusarium Wilt
Z:\Projects\Smart-Farming\Datasets\final_combined_datasets\CLUE\FW\CLUE_FW_073.jpg,Cotton,FW,uncontrolled,80fb1b6e421f647a,Fusarium Wilt
Z:\Projects\Smart-Farming\Datasets\final_combined_datasets\CLUE\FW\CLUE_FW_074.jpg,Cotton,FW,uncontrolled,950e0e313af76873,Fusarium Wilt
Z:\Projects\Smart-Farming\Datasets\final_combined_datasets\CLUE\FW\CLUE_FW_075.jpg,Cotton,FW,uncontrolled,d5534ecc17b531d0,Fusarium Wilt
Z:\Projects\Smart-Farming\Datasets\final_combined_datasets\CLUE\FW\CLUE_FW_076.jpg,Cotton,FW,uncontrolled,c0a4539a65e93d9b,Fusarium Wilt
Z:\Projects\Smart-Farming\Datasets\final_combined_datasets\CLUE\FW\CLUE_FW_085.jpg,Cotton,FW,uncontrolled,d8e95a4d74c0714f,Fusarium Wilt
Z:\Projects\Smart-Farming\Datasets\final_combined_datasets\CLUE\FW\CLUE_FW_086.jpg,Cotton,FW,uncontrolled,91aa1fffa44c7406,Fusarium Wilt
Z:\Projects\Smart-Farming\Datasets\final_combined_datasets\CLUE\FW\CLUE_FW_087.jpg,Cotton,FW,uncontrolled,8d430fe7216a27e5,Fusarium Wilt
Z:\Projects\Smart-Farming\Datasets\final_combined_datasets\CLUE\FW\CLUE_FW_088.jpg,Cotton,FW,uncontrolled,c4004a57f1e62bef,Fusarium Wilt
Z:\Projects\Smart-Farming\Datasets\final_combined_datasets\CLUE\FW\CLUE_FW_090.jpg,Cotton,FW,uncontrolled,a76660024be9667f,Fusarium Wilt
Z:\Projects\Smart-Farming\Datasets\final_combined_datasets\CLUE\FW\CLUE_FW_093.jpg,Cotton,FW,uncontrolled,8490e6fe0cfc43f2,Fusarium Wilt
Z:\Projects\Smart-Farming\Datasets\final_combined_datasets\CLUE\FW\CLUE_FW_094.jpg,Cotton,FW,uncontrolled,a06668026be966ff,Fusarium Wilt
Z:\Projects\Smart-Farming\Datasets\final_combined_datasets\CLUE\FW\CLUE_FW_095.jpg,Cotton,FW,uncontrolled,a68d138746f17d8c,Fusarium Wilt
Z:\Projects\Smart-Farming\Datasets\final_combined_datasets\CLUE\FW\CLUE_FW_096.jpg,Cotton,FW,uncontrolled,805bf373128eed23,Fusarium Wilt
Z:\Projects\Smart-Farming\Datasets\final_combined_datasets\CLUE\FW\CLUE_FW_097.jpg,Cotton,FW,uncontrolled,f3676e2d13532826,Fusarium Wilt
Z:\Projects\Smart-Farming\Datasets\final_combined_datasets\CLUE\FW\CLUE_FW_098.jpg,Cotton,FW,uncontrolled,d5f1a6d94724b889,Fusarium Wilt
Z:\Projects\Smart-Farming\Datasets\final_combined_datasets\CLUE\FW\CLUE_FW_100.jpg,Cotton,FW,uncontrolled,d9a314d21ac94f7c,Fusarium Wilt
Z:\Projects\Smart-Farming\Datasets\final_combined_datasets\CLUE\FW\CLUE_FW_103.jpg,Cotton,FW,uncontrolled,e30779ebc6a62258,Fusarium Wilt
Z:\Projects\Smart-Farming\Datasets\final_combined_datasets\CLUE\FW\CLUE_FW_104.jpg,Cotton,FW,uncontrolled,c9ece2346c1baba4,Fusarium Wilt
Z:\Projects\Smart-Farming\Datasets\final_combined_datasets\CLUE\FW\CLUE_FW_105.jpg,Cotton,FW,uncontrolled,b6ad2e419b0c73d2,Fusarium Wilt
Z:\Projects\Smart-Farming\Datasets\final_combined_datasets\CLUE\FW\CLUE_FW_106.jpg,Cotton,FW,uncontrolled,c7433df4706f0b48,Fusarium Wilt
Z:\Projects\Smart-Farming\Datasets\final_combined_datasets\CLUE\FW\CLUE_FW_107.jpg,Cotton,FW,uncontrolled,c588692d72e393b3,Fusarium Wilt
Z:\Projects\Smart-Farming\Datasets\final_combined_datasets\CLUE\FW\CLUE_FW_108.jpg,Cotton,FW,uncontrolled,92f9685e25c55e62,Fusarium Wilt
Z:\Projects\Smart-Farming\Datasets\final_combined_datasets\CLUE\FW\CLUE_FW_109.jpg,Cotton,FW,uncontrolled,91223ec727cbd619,Fusarium Wilt
Z:\Projects\Smart-Farming\Datasets\final_combined_datasets\CLUE\FW\CLUE_FW_110.jpg,Cotton,FW,uncontrolled,86a37857cb7a24cc,Fusarium Wilt
Z:\Projects\Smart-Farming\Datasets\final_combined_datasets\CLUE\FW\CLUE_FW_111.jpg,Cotton,FW,uncontrolled,9c69336178cee90d,Fusarium Wilt
Z:\Projects\Smart-Farming\Datasets\final_combined_datasets\CLUE\FW\CLUE_FW_112.jpg,Cotton,FW,uncontrolled,d3092ddd9ad07166,Fusarium Wilt
Z:\Projects\Smart-Farming\Datasets\final_combined_datasets\CLUE\FW\CLUE_FW_113.jpg,Cotton,FW,uncontrolled,c9c276ca2d64dca6,Fusarium Wilt
Z:\Projects\Smart-Farming\Datasets\final_combined_datasets\CLUE\FW\CLUE_FW_114.png,Cotton,FW,uncontrolled,8d95660070bdd3d7,Fusarium Wilt
Z:\Projects\Smart-Farming\Datasets\final_combined_datasets\CLUE\FW\CLUE_FW_115.png,Cotton,FW,uncontrolled,927f791b51b05692,Fusarium Wilt
Z:\Projects\Smart-Farming\Datasets\final_combined_datasets\CLUE\FW\CLUE_FW_116.png,Cotton,FW,uncontrolled,d13f33aa2517862d,Fusarium Wilt
Z:\Projects\Smart-Farming\Datasets\final_combined_datasets\CLUE\FW\CLUE_FW_117.png,Cotton,FW,uncontrolled,c7d53cb1845a23bc,Fusarium Wilt
Z:\Projects\Smart-Farming\Datasets\final_combined_datasets\CLUE\FW\CLUE_FW_118.jpg,Cotton,FW,uncontrolled,eef1019a5e61fc06,Fusarium Wilt
Z:\Projects\Smart-Farming\Datasets\final_combined_datasets\CLUE\FW\CLUE_FW_119.jpg,Cotton,FW,uncontrolled,879a920fcf9ec831,Fusarium Wilt
Z:\Projects\Smart-Farming\Datasets\final_combined_datasets\CLUE\FW\CLUE_FW_120.jpg,Cotton,FW,uncontrolled,bb5b50302acba9ec,Fusarium Wilt
Z:\Projects\Smart-Farming\Datasets\final_combined_datasets\CLUE\FW\CLUE_FW_121.jpg,Cotton,FW,uncontrolled,d230cfa59a549d93,Fusarium Wilt
Z:\Projects\Smart-Farming\Datasets\final_combined_datasets\CLUE\FW\CLUE_FW_135.jpg,Cotton,FW,uncontrolled,e307046b70cfb4b3,Fusarium Wilt
Z:\Projects\Smart-Farming\Datasets\final_combined_datasets\CLUE\FW\CLUE_FW_136.jpg,Cotton,FW,uncontrolled,d2c9ce5e49379990,Fusarium Wilt
Z:\Projects\Smart-Farming\Datasets\final_combined_datasets\CLUE\FW\CLUE_FW_137.jpg,Cotton,FW,uncontrolled,b6ad51c32d65e119,Fusarium Wilt
Z:\Projects\Smart-Farming\Datasets\final_combined_datasets\CLUE\FW\CLUE_FW_138.jpg,Cotton,FW,uncontrolled,876393f41499d53a,Fusarium Wilt
Z:\Projects\Smart-Farming\Datasets\final_combined_datasets\CLUE\FW\CLUE_FW_153.jpg,Cotton,FW,uncontrolled,cc396b823db67059,Fusarium Wilt
Z:\Projects\Smart-Farming\Datasets\final_combined_datasets\CLUE\FW\CLUE_FW_155.jpg,Cotton,FW,uncontrolled,c1f63f1a34d9611c,Fusarium Wilt
Z:\Projects\Smart-Farming\Datasets\final_combined_datasets\CLUE\FW\CLUE_FW_156.jpg,Cotton,FW,uncontrolled,99933f28683c25f3,Fusarium Wilt
Z:\Projects\Smart-Farming\Datasets\final_combined_datasets\CLUE\FW\CLUE_FW_157.jpg,Cotton,FW,uncontrolled,945c6eb0697334b6,Fusarium Wilt
Z:\Projects\Smart-Farming\Datasets\final_combined_datasets\CLUE\FW\CLUE_FW_158.jpg,Cotton,FW,uncontrolled,c4e04e9778df294a,Fusarium Wilt
Z:\Projects\Smart-Farming\Datasets\final_combined_datasets\CLUE\FW\CLUE_FW_159.jpg,Cotton,FW,uncontrolled,81ba1f497ae56073,Fusarium Wilt
Z:\Projects\Smart-Farming\Datasets\final_combined_datasets\CLUE\FW\CLUE_FW_160.jpg,Cotton,FW,uncontrolled,914b1a3d2d757ce0,Fusarium Wilt
Z:\Projects\Smart-Farming\Datasets\final_combined_datasets\CLUE\FW\CLUE_FW_161.jpg,Cotton,FW,uncontrolled,d4124ae32f4b35e9,Fusarium Wilt
Z:\Projects\Smart-Farming\Datasets\final_combined_datasets\CLUE\FW\CLUE_FW_166.jpg,Cotton,FW,uncontrolled,956f1ae0f697009b,Fusarium Wilt
Z:\Projects\Smart-Farming\Datasets\final_combined_datasets\CLUE\FW\CLUE_FW_167.jpg,Cotton,FW,uncontrolled,c80f0df834d97897,Fusarium Wilt
Z:\Projects\Smart-Farming\Datasets\final_combined_datasets\CLUE\FW\CLUE_FW_168.jpg,Cotton,FW,uncontrolled,c0c74f4ab33d5531,Fusarium Wilt
Z:\Projects\Smart-Farming\Datasets\final_combined_datasets\CLUE\FW\CLUE_FW_169.jpg,Cotton,FW,uncontrolled,9da7585a61332d3a,Fusarium Wilt
Z:\Projects\Smart-Farming\Datasets\final_combined_datasets\CLUE\FW\CLUE_FW_171.jpg,Cotton,FW,uncontrolled,81c214edda770fd1,Fusarium Wilt
Z:\Projects\Smart-Farming\Datasets\final_combined_datasets\CLUE\FW\CLUE_FW_172.jpg,Cotton,FW,uncontrolled,c09e6f2f25c476e0,Fusarium Wilt
Z:\Projects\Smart-Farming\Datasets\final_combined_datasets\CLUE\FW\CLUE_FW_173.jpg,Cotton,FW,uncontrolled,90f26e17252b276d,Fusarium Wilt
Z:\Projects\Smart-Farming\Datasets\final_combined_datasets\CLUE\FW\CLUE_FW_174.jpg,Cotton,FW,uncontrolled,97343aa5726e236a,Fusarium Wilt
Z:\Projects\Smart-Farming\Datasets\final_combined_datasets\CLUE\FW\CLUE_FW_176.jpg,Cotton,FW,uncontrolled,c08f0f5a7d783839,Fusarium Wilt
Z:\Projects\Smart-Farming\Datasets\final_combined_datasets\CLUE\FW\CLUE_FW_177.jpg,Cotton,FW,uncontrolled,95c95b4e283d653c,Fusarium Wilt
Z:\Projects\Smart-Farming\Datasets\final_combined_datasets\CLUE\FW\CLUE_FW_178.jpg,Cotton,FW,uncontrolled,95275af028c26dbb,Fusarium Wilt
Z:\Projects\Smart-Farming\Datasets\final_combined_datasets\CLUE\FW\CLUE_FW_187.jpg,Cotton,FW,uncontrolled,aa14b7b99160edc5,Fusarium Wilt
Z:\Projects\Smart-Farming\Datasets\final_combined_datasets\CLUE\FW\CLUE_FW_188.jpg,Cotton,FW,uncontrolled,ea52e32dc730856e,Fusarium Wilt
Z:\Projects\Smart-Farming\Datasets\final_combined_datasets\CLUE\FW\CLUE_FW_189.jpg,Cotton,FW,uncontrolled,efbce010c44ab86f,Fusarium Wilt
Z:\Projects\Smart-Farming\Datasets\final_combined_datasets\CLUE\FW\CLUE_FW_191.jpg,Cotton,FW,uncontrolled,d8c6669db4c18f58,Fusarium Wilt
Z:\Projects\Smart-Farming\Datasets\final_combined_datasets\CLUE\FW\CLUE_FW_192.jpg,Cotton,FW,uncontrolled,8ab23dccc62f3722,Fusarium Wilt
Z:\Projects\Smart-Farming\Datasets\final_combined_datasets\CLUE\FW\CLUE_FW_193.jpg,Cotton,FW,uncontrolled,894d3237e1699a73,Fusarium Wilt
Z:\Projects\Smart-Farming\Datasets\final_combined_datasets\CLUE\FW\CLUE_FW_199.jpg,Cotton,FW,uncontrolled,e2d69c13a32789e5,Fusarium Wilt
Z:\Projects\Smart-Farming\Datasets\final_combined_datasets\CLUE\FW\CLUE_FW_200.jpg,Cotton,FW,uncontrolled,be94d82777b0894a,Fusarium Wilt
Z:\Projects\Smart-Farming\Datasets\final_combined_datasets\CLUE\FW\CLUE_FW_201.jpg,Cotton,FW,uncontrolled,b37c08b8e68dcc47,Fusarium Wilt
Z:\Projects\Smart-Farming\Datasets\final_combined_datasets\CLUE\FW\CLUE_FW_202.jpg,Cotton,FW,uncontrolled,eb3e8d8b221adce0,Fusarium Wilt
Z:\Projects\Smart-Farming\Datasets\final_combined_datasets\CLUE\FW\CLUE_FW_203.png,Cotton,FW,uncontrolled,e665f01b38984f27,Fusarium Wilt
Z:\Projects\Smart-Farming\Datasets\final_combined_datasets\CLUE\FW\CLUE_FW_204.png,Cotton,FW,uncontrolled,f1b7bc6943968606,Fusarium Wilt
Z:\Projects\Smart-Farming\Datasets\final_combined_datasets\CLUE\FW\CLUE_FW_205.png,Cotton,FW,uncontrolled,b3cda5b16d320a8d,Fusarium Wilt
Z:\Projects\Smart-Farming\Datasets\final_combined_datasets\CLUE\FW\CLUE_FW_225.jpg,Cotton,FW,uncontrolled,dd1cd3f00f24bc1c,Fusarium Wilt
Z:\Projects\Smart-Farming\Datasets\final_combined_datasets\CLUE\FW\CLUE_FW_226.jpg,Cotton,FW,uncontrolled,e5e443a68a9a387d,Fusarium Wilt
Z:\Projects\Smart-Farming\Datasets\final_combined_datasets\CLUE\FW\CLUE_FW_227.jpg,Cotton,FW,uncontrolled,88b4865a7a8ea9f6,Fusarium Wilt
Z:\Projects\Smart-Farming\Datasets\final_combined_datasets\CLUE\FW\CLUE_FW_228.jpg,Cotton,FW,uncontrolled,8c0941785f631fde,Fusarium Wilt
Z:\Projects\Smart-Farming\Datasets\final_combined_datasets\CLUE\FW\CLUE_FW_232.jpg,Cotton,FW,uncontrolled,d8dab5355887c2e1,Fusarium Wilt
Z:\Projects\Smart-Farming\Datasets\final_combined_datasets\CLUE\FW\CLUE_FW_233.jpg,Cotton,FW,uncontrolled,dc7060adc68ed07e,Fusarium Wilt
Z:\Projects\Smart-Farming\Datasets\final_combined_datasets\CLUE\FW\CLUE_FW_234.jpg,Cotton,FW,uncontrolled,b29e64ad9d613b60,Fusarium Wilt
Z:\Projects\Smart-Farming\Datasets\final_combined_datasets\CLUE\FW\CLUE_FW_235.jpg,Cotton,FW,uncontrolled,8d70e29f0d2d9743,Fusarium Wilt
Z:\Projects\Smart-Farming\Datasets\final_combined_datasets\CLUE\FW\CLUE_FW_236.jpg,Cotton,FW,uncontrolled,e7343107c9cb66ca,Fusarium Wilt
Z:\Projects\Smart-Farming\Datasets\final_combined_datasets\CLUE\FW\CLUE_FW_237.jpg,Cotton,FW,uncontrolled,cdd5e0281caeb593,Fusarium Wilt
Z:\Projects\Smart-Farming\Datasets\final_combined_datasets\CLUE\FW\CLUE_FW_238.jpg,Cotton,FW,uncontrolled,b2bd631ec99a10b6,Fusarium Wilt
Z:\Projects\Smart-Farming\Datasets\final_combined_datasets\CLUE\FW\CLUE_FW_239.jpg,Cotton,FW,uncontrolled,987fb5924914e13d,Fusarium Wilt
Z:\Projects\Smart-Farming\Datasets\final_combined_datasets\CLUE\FW\CLUE_FW_240.jpg,Cotton,FW,uncontrolled,e71f36b49c31451c,Fusarium Wilt
Z:\Projects\Smart-Farming\Datasets\final_combined_datasets\CLUE\FW\CLUE_FW_243.jpg,Cotton,FW,uncontrolled,cbbea496c0c8da65,Fusarium Wilt
Z:\Projects\Smart-Farming\Datasets\final_combined_datasets\CLUE\FW\CLUE_FW_244.jpg,Cotton,FW,uncontrolled,cd5521568857ed63,Fusarium Wilt
Z:\Projects\Smart-Farming\Datasets\final_combined_datasets\CLUE\FW\CLUE_FW_248.jpg,Cotton,FW,uncontrolled,abdb3507932487d4,Fusarium Wilt
Z:\Projects\Smart-Farming\Datasets\final_combined_datasets\CLUE\FW\CLUE_FW_252.jpg,Cotton,FW,uncontrolled,9e14713c95628fab,Fusarium Wilt
Z:\Projects\Smart-Farming\Datasets\final_combined_datasets\CLUE\FW\CLUE_FW_253.jpg,Cotton,FW,uncontrolled,d1933878ddc8612f,Fusarium Wilt
Z:\Projects\Smart-Farming\Datasets\final_combined_datasets\CLUE\FW\CLUE_FW_254.jpg,Cotton,FW,uncontrolled,99cb66ad685c149e,Fusarium Wilt
Z:\Projects\Smart-Farming\Datasets\final_combined_datasets\CLUE\FW\CLUE_FW_255.jpg,Cotton,FW,uncontrolled,84396df2a86a3ea5,Fusarium Wilt
Z:\Projects\Smart-Farming\Datasets\final_combined_datasets\CLUE\FW\CLUE_FW_256.jpg,Cotton,FW,uncontrolled,cc6173073df64174,Fusarium Wilt
Z:\Projects\Smart-Farming\Datasets\final_combined_datasets\CLUE\FW\CLUE_FW_257.jpg,Cotton,FW,uncontrolled,bc83f4c1c09cdb9c,Fusarium Wilt
Z:\Projects\Smart-Farming\Datasets\final_combined_datasets\CLUE\FW\CLUE_FW_258.jpg,Cotton,FW,uncontrolled,aa6ef5e0d2f01307,Fusarium Wilt
Z:\Projects\Smart-Farming\Datasets\final_combined_datasets\CLUE\FW\CLUE_FW_259.jpg,Cotton,FW,uncontrolled,e929a16b95368e36,Fusarium Wilt
Z:\Projects\Smart-Farming\Datasets\final_combined_datasets\CLUE\FW\CLUE_FW_260.jpg,Cotton,FW,uncontrolled,fe99f07cc619888c,Fusarium Wilt
Z:\Projects\Smart-Farming\Datasets\final_combined_datasets\CLUE\FW\CLUE_FW_261.jpg,Cotton,FW,uncontrolled,beece7a1828cdd01,Fusarium Wilt
Z:\Projects\Smart-Farming\Datasets\final_combined_datasets\CLUE\FW\CLUE_FW_262.jpg,Cotton,FW,uncontrolled,aa33a5d492b3d926,Fusarium Wilt
Z:\Projects\Smart-Farming\Datasets\final_combined_datasets\CLUE\FW\CLUE_FW_263.jpg,Cotton,FW,uncontrolled,eb46b20bd726883b,Fusarium Wilt
Z:\Projects\Smart-Farming\Datasets\final_combined_datasets\CLUE\FW\CLUE_FW_264.jpg,Cotton,FW,uncontrolled,bcffc37f81443050,Fusarium Wilt
Z:\Projects\Smart-Farming\Datasets\final_combined_datasets\CLUE\FW\CLUE_FW_265.jpg,Cotton,FW,uncontrolled,bd608786a5e5272d,Fusarium Wilt
Z:\Projects\Smart-Farming\Datasets\final_combined_datasets\CLUE\FW\CLUE_FW_266.jpg,Cotton,FW,uncontrolled,e91112d5d4e265fa,Fusarium Wilt
Z:\Projects\Smart-Farming\Datasets\final_combined_datasets\CLUE\FW\CLUE_FW_267.jpg,Cotton,FW,uncontrolled,e8cad22cf06f7087,Fusarium Wilt
Z:\Projects\Smart-Farming\Datasets\final_combined_datasets\CLUE\FW\CLUE_FW_268.jpg,Cotton,FW,uncontrolled,bdd27f1bc1344066,Fusarium Wilt
Z:\Projects\Smart-Farming\Datasets\final_combined_datasets\CLUE\FW\CLUE_FW_269.jpg,Cotton,FW,uncontrolled,9d3ef0a1e5f024a9,Fusarium Wilt
Z:\Projects\Smart-Farming\Datasets\final_combined_datasets\CLUE\FW\CLUE_FW_270.jpg,Cotton,FW,uncontrolled,e8782ab19c9f15cc,Fusarium Wilt
Z:\Projects\Smart-Farming\Datasets\final_combined_datasets\CLUE\FW\CLUE_FW_271.jpg,Cotton,FW,uncontrolled,c894a50bb85f7157,Fusarium Wilt
Z:\Projects\Smart-Farming\Datasets\final_combined_datasets\CLUE\FW\CLUE_FW_272.jpg,Cotton,FW,uncontrolled,82b8df697c9cb20c,Fusarium Wilt
Z:\Projects\Smart-Farming\Datasets\final_combined_datasets\CLUE\H\CLUE_H_253.jpg,Cotton,H,uncontrolled,e3b600b6599b9d29,Healthy
Z:\Projects\Smart-Farming\Datasets\final_combined_datasets\CLUE\H\CLUE_H_255.jpg,Cotton,H,uncontrolled,b74491be471af00f,Healthy
Z:\Projects\Smart-Farming\Datasets\final_combined_datasets\CLUE\H\CLUE_H_257.jpg,Cotton,H,uncontrolled,b2b5926915269d76,Healthy
Z:\Projects\Smart-Farming\Datasets\final_combined_datasets\CLUE\H\CLUE_H_260.jpg,Cotton,H,uncontrolled,c48c3f63f292b50d,Healthy
Z:\Projects\Smart-Farming\Datasets\final_combined_datasets\CLUE\H\CLUE_H_262.jpg,Cotton,H,uncontrolled,ea87ac3dc27a5107,Healthy
Z:\Projects\Smart-Farming\Datasets\final_combined_datasets\CLUE\H\CLUE_H_265.jpg,Cotton,H,uncontrolled,80a5566abd4ecd2b,Healthy
Z:\Projects\Smart-Farming\Datasets\final_combined_datasets\CLUE\H\CLUE_H_267.jpg,Cotton,H,uncontrolled,c45a7ade764702c9,Healthy
Z:\Projects\Smart-Farming\Datasets\final_combined_datasets\CLUE\H\CLUE_H_269.jpg,Cotton,H,uncontrolled,8bb42ab03cf9b4c9,Healthy
Z:\Projects\Smart-Farming\Datasets\final_combined_datasets\CLUE\H\CLUE_H_273.jpg,Cotton,H,uncontrolled,89762b3a3de5948c,Healthy
Z:\Projects\Smart-Farming\Datasets\final_combined_datasets\CLUE\H\CLUE_H_275.jpg,Cotton,H,uncontrolled,d2912b0fec1a2df8,Healthy
Z:\Projects\Smart-Farming\Datasets\final_combined_datasets\CLUE\H\CLUE_H_276.jpg,Cotton,H,uncontrolled,98643ed8c4b7b4a9,Healthy
Z:\Projects\Smart-Farming\Datasets\final_combined_datasets\CLUE\H\CLUE_H_280.jpg,Cotton,H,uncontrolled,c76a033f3d3c02e9,Healthy
Z:\Projects\Smart-Farming\Datasets\final_combined_datasets\CLUE\H\CLUE_H_284.jpg,Cotton,H,uncontrolled,859d7c9d3cb170c2,Healthy
Z:\Projects\Smart-Farming\Datasets\final_combined_datasets\CLUE\H\CLUE_H_286.jpg,Cotton,H,uncontrolled,846b1f6f591bc01d,Healthy
Z:\Projects\Smart-Farming\Datasets\final_combined_datasets\CLUE\H\CLUE_H_293.jpg,Cotton,H,uncontrolled,825a5fe51f291ae8,Healthy
Z:\Projects\Smart-Farming\Datasets\final_combined_datasets\CLUE\H\CLUE_H_297.jpg,Cotton,H,uncontrolled,d0c50b9c7e1e863b,Healthy
Z:\Projects\Smart-Farming\Datasets\final_combined_datasets\CLUE\H\CLUE_H_300.jpg,Cotton,H,uncontrolled,d2370b623da12f9a,Healthy
Z:\Projects\Smart-Farming\Datasets\final_combined_datasets\CLUE\H\CLUE_H_303.jpg,Cotton,H,uncontrolled,80cd7afc2fbe0530,Healthy
Z:\Projects\Smart-Farming\Datasets\final_combined_datasets\CLUE\H\CLUE_H_308.jpg,Cotton,H,uncontrolled,8d2c4ee07a2736d3,Healthy
Z:\Projects\Smart-Farming\Datasets\final_combined_datasets\CLUE\H\CLUE_H_316.jpg,Cotton,H,uncontrolled,c1f24db6b54a32e4,Healthy
Z:\Projects\Smart-Farming\Datasets\final_combined_datasets\CLUE\H\CLUE_H_319.jpg,Cotton,H,uncontrolled,d9187ba52cc2d655,Healthy
Z:\Projects\Smart-Farming\Datasets\final_combined_datasets\CLUE\H\CLUE_H_322.png,Cotton,H,uncontrolled,c9b73507c38dc2f0,Healthy
Z:\Projects\Smart-Farming\Datasets\final_combined_datasets\CLUE\H\CLUE_H_323.png,Cotton,H,uncontrolled,9ade34b6d1210faa,Healthy
Z:\Projects\Smart-Farming\Datasets\final_combined_datasets\CLUE\H\CLUE_H_324.png,Cotton,H,uncontrolled,9c1d60ad9627965b,Healthy
Z:\Projects\Smart-Farming\Datasets\final_combined_datasets\CLUE\H\CLUE_H_326.jpg,Cotton,H,uncontrolled,e760c53f0ca161eb,Healthy
Z:\Projects\Smart-Farming\Datasets\final_combined_datasets\CLUE\H\CLUE_H_329.jpg,Cotton,H,uncontrolled,834527cb6bb66c4c,Healthy
Z:\Projects\Smart-Farming\Datasets\final_combined_datasets\CLUE\H\CLUE_H_336.jpg,Cotton,H,uncontrolled,c2d25fb51530fa58,Healthy
Z:\Projects\Smart-Farming\Datasets\final_combined_datasets\CLUE\H\CLUE_H_338.jpg,Cotton,H,uncontrolled,d21c1f8073c7e2c7,Healthy
Z:\Projects\Smart-Farming\Datasets\final_combined_datasets\CLUE\H\CLUE_H_340.jpg,Cotton,H,uncontrolled,af4ac8eb374cc1c1,Healthy
Z:\Projects\Smart-Farming\Datasets\final_combined_datasets\CLUE\H\CLUE_H_343.jpg,Cotton,H,uncontrolled,fae49d4162e6b449,Healthy
Z:\Projects\Smart-Farming\Datasets\final_combined_datasets\CLUE\H\CLUE_H_345.jpg,Cotton,H,uncontrolled,90783a716a5e6e6a,Healthy
Z:\Projects\Smart-Farming\Datasets\final_combined_datasets\CLUE\H\CLUE_H_348.jpg,Cotton,H,uncontrolled,80a07b0b07f92eef,Healthy
Z:\Projects\Smart-Farming\Datasets\final_combined_datasets\CLUE\H\CLUE_H_350.jpg,Cotton,H,uncontrolled,d12a7f854a977911,Healthy
Z:\Projects\Smart-Farming\Datasets\final_combined_datasets\CLUE\H\CLUE_H_353.jpg,Cotton,H,uncontrolled,95557358ee4b6c48,Healthy
Z:\Projects\Smart-Farming\Datasets\final_combined_datasets\CLUE\H\CLUE_H_356.jpg,Cotton,H,uncontrolled,d1fa4aaf4fd02891,Healthy
Z:\Projects\Smart-Farming\Datasets\final_combined_datasets\CLUE\H\CLUE_H_359.jpg,Cotton,H,uncontrolled,eed8f9d6504e0718,Healthy
Z:\Projects\Smart-Farming\Datasets\final_combined_datasets\CLUE\H\CLUE_H_361.jpg,Cotton,H,uncontrolled,9d423a763a2e64f4,Healthy
Z:\Projects\Smart-Farming\Datasets\final_combined_datasets\CLUE\H\CLUE_H_364.jpg,Cotton,H,uncontrolled,c46e32b13b956bc1,Healthy
Z:\Projects\Smart-Farming\Datasets\final_combined_datasets\CLUE\H\CLUE_H_369.jpg,Cotton,H,uncontrolled,832e78caacf74634,Healthy
Z:\Projects\Smart-Farming\Datasets\final_combined_datasets\CLUE\H\CLUE_H_371.jpg,Cotton,H,uncontrolled,d2842a64f85d3bdc,Healthy
Z:\Projects\Smart-Farming\Datasets\final_combined_datasets\CLUE\H\CLUE_H_372.jpg,Cotton,H,uncontrolled,db946c2a2fad2869,Healthy
Z:\Projects\Smart-Farming\Datasets\final_combined_datasets\CLUE\H\CLUE_H_373.jpg,Cotton,H,uncontrolled,8e3e39807a077dc3,Healthy
Z:\Projects\Smart-Farming\Datasets\final_combined_datasets\CLUE\H\CLUE_H_375.jpg,Cotton,H,uncontrolled,cfcc38999326cc66,Healthy
Z:\Projects\Smart-Farming\Datasets\final_combined_datasets\CLUE\H\CLUE_H_378.jpg,Cotton,H,uncontrolled,c6b96fe202eb1b14,Healthy
Z:\Projects\Smart-Farming\Datasets\final_combined_datasets\CLUE\H\CLUE_H_380.jpg,Cotton,H,uncontrolled,bad48989f5995ac4,Healthy
Z:\Projects\Smart-Farming\Datasets\final_combined_datasets\CLUE\H\CLUE_H_382.jpg,Cotton,H,uncontrolled,e3e3260d2b5b68b8,Healthy
Z:\Projects\Smart-Farming\Datasets\final_combined_datasets\CLUE\H\CLUE_H_385.jpg,Cotton,H,uncontrolled,c139e9f21f4bec20,Healthy
Z:\Projects\Smart-Farming\Datasets\final_combined_datasets\CLUE\H\CLUE_H_386.jpg,Cotton,H,uncontrolled,c4ad1ae86ca7cd52,Healthy
Z:\Projects\Smart-Farming\Datasets\final_combined_datasets\CLUE\H\CLUE_H_389.jpg,Cotton,H,uncontrolled,84e01f1f14be3e9c,Healthy
Z:\Projects\Smart-Farming\Datasets\final_combined_datasets\CLUE\H\CLUE_H_394.jpg,Cotton,H,uncontrolled,c4230877732f77a2,Healthy
Z:\Projects\Smart-Farming\Datasets\final_combined_datasets\CLUE\H\CLUE_H_396.jpg,Cotton,H,uncontrolled,c2b96ec01aef1b16,Healthy
Z:\Projects\Smart-Farming\Datasets\final_combined_datasets\CLUE\H\CLUE_H_398.jpg,Cotton,H,uncontrolled,c593968c1297ec67,Healthy
Z:\Projects\Smart-Farming\Datasets\final_combined_datasets\CLUE\H\CLUE_H_400.jpg,Cotton,H,uncontrolled,be7c239312c86db8,Healthy
Z:\Projects\Smart-Farming\Datasets\final_combined_datasets\CLUE\H\CLUE_H_402.jpg,Cotton,H,uncontrolled,920a1fe52d070dbf,Healthy
Z:\Projects\Smart-Farming\Datasets\final_combined_datasets\CLUE\H\CLUE_H_405.jpg,Cotton,H,uncontrolled,d44a64b462daaeb9,Healthy
Z:\Projects\Smart-Farming\Datasets\final_combined_datasets\CLUE\H\CLUE_H_408.jpg,Cotton,H,uncontrolled,f2bcd60dc3426c56,Healthy
Z:\Projects\Smart-Farming\Datasets\final_combined_datasets\CLUE\H\CLUE_H_412.jpg,Cotton,H,uncontrolled,80210ab1febc8def,Healthy
Z:\Projects\Smart-Farming\Datasets\final_combined_datasets\CLUE\H\CLUE_H_420.jpg,Cotton,H,uncontrolled,981c1ef07aa16abb,Healthy
Z:\Projects\Smart-Farming\Datasets\final_combined_datasets\CLUE\H\CLUE_H_206.jpg,Cotton,H,uncontrolled,84943fd27259b19d,Healthy
Z:\Projects\Smart-Farming\Datasets\final_combined_datasets\CLUE\H\CLUE_H_424.jpg,Cotton,H,uncontrolled,95c01f06eb1f2baa,Healthy
Z:\Projects\Smart-Farming\Datasets\final_combined_datasets\CLUE\H\CLUE_H_426.jpg,Cotton,H,uncontrolled,bf3f267b08d044c9,Healthy
Z:\Projects\Smart-Farming\Datasets\final_combined_datasets\CLUE\H\CLUE_H_428.jpg,Cotton,H,uncontrolled,fef2f34821a0b0b3,Healthy
Z:\Projects\Smart-Farming\Datasets\final_combined_datasets\CLUE\H\CLUE_H_430.jpg,Cotton,H,uncontrolled,85a9a9a83e5eca8e,Healthy
Z:\Projects\Smart-Farming\Datasets\final_combined_datasets\CLUE\H\CLUE_H_431.jpg,Cotton,H,uncontrolled,c42a46058db95fd7,Healthy
Z:\Projects\Smart-Farming\Datasets\final_combined_datasets\CLUE\H\CLUE_H_432.jpg,Cotton,H,uncontrolled,86927816b0a997fe,Healthy
Z:\Projects\Smart-Farming\Datasets\final_combined_datasets\CLUE\H\CLUE_H_208.jpg,Cotton,H,uncontrolled,88943f52f259b51d,Healthy
Z:\Projects\Smart-Farming\Datasets\final_combined_datasets\CLUE\H\CLUE_H_440.jpg,Cotton,H,uncontrolled,87642c97b58b6666,Healthy
Z:\Projects\Smart-Farming\Datasets\final_combined_datasets\CLUE\H\CLUE_H_442.jpg,Cotton,H,uncontrolled,d8f711505b6c364e,Healthy
Z:\Projects\Smart-Farming\Datasets\final_combined_datasets\CLUE\H\CLUE_H_449.jpg,Cotton,H,uncontrolled,963c6dc32c1a9a79,Healthy
Z:\Projects\Smart-Farming\Datasets\final_combined_datasets\CLUE\H\CLUE_H_211.jpg,Cotton,H,uncontrolled,c6ba05fb5c450cd5,Healthy
Z:\Projects\Smart-Farming\Datasets\final_combined_datasets\CLUE\H\CLUE_H_456.jpg,Cotton,H,uncontrolled,e8b0a8db0ce2d3ad,Healthy
Z:\Projects\Smart-Farming\Datasets\final_combined_datasets\CLUE\H\CLUE_H_457.jpg,Cotton,H,uncontrolled,d50ddc3a701c9b53,Healthy
Z:\Projects\Smart-Farming\Datasets\final_combined_datasets\CLUE\H\CLUE_H_214.jpg,Cotton,H,uncontrolled,c28c2f6b60de943d,Healthy
Z:\Projects\Smart-Farming\Datasets\final_combined_datasets\CLUE\H\CLUE_H_461.jpg,Cotton,H,uncontrolled,bf5089a3e41dc725,Healthy
Z:\Projects\Smart-Farming\Datasets\final_combined_datasets\CLUE\H\CLUE_H_461.png,Cotton,H,uncontrolled,d526cd612eb5609e,Healthy
Z:\Projects\Smart-Farming\Datasets\final_combined_datasets\CLUE\H\CLUE_H_218.jpg,Cotton,H,uncontrolled,972678e13576c1a3,Healthy
Z:\Projects\Smart-Farming\Datasets\final_combined_datasets\CLUE\H\CLUE_H_219.jpg,Cotton,H,uncontrolled,9dcc62629cb96636,Healthy
Z:\Projects\Smart-Farming\Datasets\final_combined_datasets\CLUE\H\CLUE_H_223.jpg,Cotton,H,uncontrolled,ef57fc3813210b0d,Healthy
Z:\Projects\Smart-Farming\Datasets\final_combined_datasets\CLUE\H\CLUE_H_226.jpg,Cotton,H,uncontrolled,a43f9487331eea70,Healthy
Z:\Projects\Smart-Farming\Datasets\final_combined_datasets\CLUE\H\CLUE_H_229.jpg,Cotton,H,uncontrolled,8d38e36378686e47,Healthy
Z:\Projects\Smart-Farming\Datasets\final_combined_datasets\CLUE\H\CLUE_H_235.jpg,Cotton,H,uncontrolled,952a35615bc999dc,Healthy
Z:\Projects\Smart-Farming\Datasets\final_combined_datasets\CLUE\H\CLUE_H_237.jpg,Cotton,H,uncontrolled,846f6e60b61bb3c1,Healthy
Z:\Projects\Smart-Farming\Datasets\final_combined_datasets\CLUE\H\CLUE_H_239.jpg,Cotton,H,uncontrolled,842f6e60369f37c1,Healthy
Z:\Projects\Smart-Farming\Datasets\final_combined_datasets\CLUE\H\CLUE_H_242.jpg,Cotton,H,uncontrolled,d87a3d356542c55c,Healthy
Z:\Projects\Smart-Farming\Datasets\final_combined_datasets\CLUE\H\CLUE_H_249.jpg,Cotton,H,uncontrolled,83fdc4cb5e0581da,Healthy
Z:\Projects\Smart-Farming\Datasets\final_combined_datasets\CLUE\H\CLUE_H_003.jpg,Cotton,H,uncontrolled,cebf1c747090c5b4,Healthy
Z:\Projects\Smart-Farming\Datasets\final_combined_datasets\CLUE\H\CLUE_H_010.jpg,Cotton,H,uncontrolled,a7d7a9c182c1e5f0,Healthy
Z:\Projects\Smart-Farming\Datasets\final_combined_datasets\CLUE\H\CLUE_H_011.jpg,Cotton,H,uncontrolled,ce673ad1611c78cc,Healthy
Z:\Projects\Smart-Farming\Datasets\final_combined_datasets\CLUE\H\CLUE_H_015.jpg,Cotton,H,uncontrolled,c32c9cfb299c31c3,Healthy
Z:\Projects\Smart-Farming\Datasets\final_combined_datasets\CLUE\H\CLUE_H_016.jpg,Cotton,H,uncontrolled,d0f8ca933d483d35,Healthy
Z:\Projects\Smart-Farming\Datasets\final_combined_datasets\CLUE\H\CLUE_H_017.jpg,Cotton,H,uncontrolled,8dcf1b2bf81494b4,Healthy
Z:\Projects\Smart-Farming\Datasets\final_combined_datasets\CLUE\H\CLUE_H_018.jpg,Cotton,H,uncontrolled,c7c3d0b42b2725d6,Healthy
Z:\Projects\Smart-Farming\Datasets\final_combined_datasets\CLUE\H\CLUE_H_019.jpg,Cotton,H,uncontrolled,87a9b8d3ca2e49d4,Healthy
Z:\Projects\Smart-Farming\Datasets\final_combined_datasets\CLUE\H\CLUE_H_022.jpg,Cotton,H,uncontrolled,85d273cc23e499ae,Healthy
Z:\Projects\Smart-Farming\Datasets\final_combined_datasets\CLUE\H\CLUE_H_023.jpg,Cotton,H,uncontrolled,c4ac7d2d05c93b55,Healthy
Z:\Projects\Smart-Farming\Datasets\final_combined_datasets\CLUE\H\CLUE_H_024.jpg,Cotton,H,uncontrolled,8ae51babf99514d0,Healthy
Z:\Projects\Smart-Farming\Datasets\final_combined_datasets\CLUE\H\CLUE_H_027.jpg,Cotton,H,uncontrolled,ef5027e8a419d84f,Healthy
Z:\Projects\Smart-Farming\Datasets\final_combined_datasets\CLUE\H\CLUE_H_030.jpg,Cotton,H,uncontrolled,8ff4e5ce5a1c8621,Healthy
Z:\Projects\Smart-Farming\Datasets\final_combined_datasets\CLUE\H\CLUE_H_031.jpg,Cotton,H,uncontrolled,857e6e602617b6e1,Healthy
Z:\Projects\Smart-Farming\Datasets\final_combined_datasets\CLUE\H\CLUE_H_035.jpg,Cotton,H,uncontrolled,9a882f76dcf9f040,Healthy
Z:\Projects\Smart-Farming\Datasets\final_combined_datasets\CLUE\H\CLUE_H_036.jpg,Cotton,H,uncontrolled,d5dd2e8178070f2b,Healthy
Z:\Projects\Smart-Farming\Datasets\final_combined_datasets\CLUE\H\CLUE_H_037.jpg,Cotton,H,uncontrolled,90b67e392515e1ba,Healthy
Z:\Projects\Smart-Farming\Datasets\final_combined_datasets\CLUE\H\CLUE_H_038.jpg,Cotton,H,uncontrolled,d5712e83acb1b1b4,Healthy
Z:\Projects\Smart-Farming\Datasets\final_combined_datasets\CLUE\H\CLUE_H_039.jpg,Cotton,H,uncontrolled,914573722d76331d,Healthy
Z:\Projects\Smart-Farming\Datasets\final_combined_datasets\CLUE\H\CLUE_H_040.jpg,Cotton,H,uncontrolled,96333e7166a9c0ad,Healthy
Z:\Projects\Smart-Farming\Datasets\final_combined_datasets\CLUE\H\CLUE_H_043.jpg,Cotton,H,uncontrolled,c99d22f83bdb23c0,Healthy
Z:\Projects\Smart-Farming\Datasets\final_combined_datasets\CLUE\H\CLUE_H_044.jpg,Cotton,H,uncontrolled,97ce7aa1611b6c38,Healthy
Z:\Projects\Smart-Farming\Datasets\final_combined_datasets\CLUE\H\CLUE_H_045.jpg,Cotton,H,uncontrolled,cef17a9b32387320,Healthy
Z:\Projects\Smart-Farming\Datasets\final_combined_datasets\CLUE\H\CLUE_H_048.jpg,Cotton,H,uncontrolled,9ddc4a3831b473c5,Healthy
Z:\Projects\Smart-Farming\Datasets\final_combined_datasets\CLUE\H\CLUE_H_050.jpg,Cotton,H,uncontrolled,c9dd22f07aca67c0,Healthy
Z:\Projects\Smart-Farming\Datasets\final_combined_datasets\CLUE\H\CLUE_H_053.jpg,Cotton,H,uncontrolled,bbf0d82192671ae3,Healthy
Z:\Projects\Smart-Farming\Datasets\final_combined_datasets\CLUE\H\CLUE_H_056.png,Cotton,H,uncontrolled,cf74619e848ffa02,Healthy
Z:\Projects\Smart-Farming\Datasets\final_combined_datasets\CLUE\H\CLUE_H_058.jpg,Cotton,H,uncontrolled,fcd71349692dc154,Healthy
Z:\Projects\Smart-Farming\Datasets\final_combined_datasets\CLUE\H\CLUE_H_063.jpg,Cotton,H,uncontrolled,ae9860fec8eec468,Healthy
Z:\Projects\Smart-Farming\Datasets\final_combined_datasets\CLUE\H\CLUE_H_067.jpg,Cotton,H,uncontrolled,a09eadd35fe1f001,Healthy
Z:\Projects\Smart-Farming\Datasets\final_combined_datasets\CLUE\H\CLUE_H_068.jpg,Cotton,H,uncontrolled,d25c64b3e3134a3d,Healthy
Z:\Projects\Smart-Farming\Datasets\final_combined_datasets\CLUE\H\CLUE_H_071.jpg,Cotton,H,uncontrolled,ee10b99ff0f8c4c0,Healthy
Z:\Projects\Smart-Farming\Datasets\final_combined_datasets\CLUE\H\CLUE_H_074.jpg,Cotton,H,uncontrolled,bd92c9ecb25681a5,Healthy
Z:\Projects\Smart-Farming\Datasets\final_combined_datasets\CLUE\H\CLUE_H_075.jpg,Cotton,H,uncontrolled,80812f1625dbf6ed,Healthy
Z:\Projects\Smart-Farming\Datasets\final_combined_datasets\CLUE\H\CLUE_H_077.jpg,Cotton,H,uncontrolled,82a158f6c8f64d5e,Healthy
Z:\Projects\Smart-Farming\Datasets\final_combined_datasets\CLUE\H\CLUE_H_078.jpg,Cotton,H,uncontrolled,d513523a7a477866,Healthy
Z:\Projects\Smart-Farming\Datasets\final_combined_datasets\CLUE\H\CLUE_H_081.jpg,Cotton,H,uncontrolled,d56c5d831b839a5c,Healthy
Z:\Projects\Smart-Farming\Datasets\final_combined_datasets\CLUE\H\CLUE_H_082.jpg,Cotton,H,uncontrolled,c984b16f3293d24f,Healthy
Z:\Projects\Smart-Farming\Datasets\final_combined_datasets\CLUE\H\CLUE_H_085.jpg,Cotton,H,uncontrolled,c7ca7a69242b3d26,Healthy
Z:\Projects\Smart-Farming\Datasets\final_combined_datasets\CLUE\H\CLUE_H_090.jpg,Cotton,H,uncontrolled,862fb316458d127f,Healthy
Z:\Projects\Smart-Farming\Datasets\final_combined_datasets\CLUE\H\CLUE_H_091.jpg,Cotton,H,uncontrolled,a7e3c1c7c3c5b0c2,Healthy
Z:\Projects\Smart-Farming\Datasets\final_combined_datasets\CLUE\H\CLUE_H_094.jpg,Cotton,H,uncontrolled,d9f1fbb898500267,Healthy
Z:\Projects\Smart-Farming\Datasets\final_combined_datasets\CLUE\H\CLUE_H_095.jpg,Cotton,H,uncontrolled,94903eca4a3767b5,Healthy
Z:\Projects\Smart-Farming\Datasets\final_combined_datasets\CLUE\H\CLUE_H_098.jpg,Cotton,H,uncontrolled,c06f420ead0a9f3f,Healthy
Z:\Projects\Smart-Farming\Datasets\final_combined_datasets\CLUE\H\CLUE_H_099.jpg,Cotton,H,uncontrolled,9abe7698028fff00,Healthy
Z:\Projects\Smart-Farming\Datasets\final_combined_datasets\CLUE\H\CLUE_H_102.jpg,Cotton,H,uncontrolled,90077e6aecc5cc87,Healthy
Z:\Projects\Smart-Farming\Datasets\final_combined_datasets\CLUE\H\CLUE_H_103.jpg,Cotton,H,uncontrolled,85407ff42ee0ff01,Healthy
Z:\Projects\Smart-Farming\Datasets\final_combined_datasets\CLUE\H\CLUE_H_109.jpg,Cotton,H,uncontrolled,c46a2e791b98ff02,Healthy
Z:\Projects\Smart-Farming\Datasets\final_combined_datasets\CLUE\H\CLUE_H_110.jpg,Cotton,H,uncontrolled,97ac7be42b0e61a1,Healthy
Z:\Projects\Smart-Farming\Datasets\final_combined_datasets\CLUE\H\CLUE_H_111.jpg,Cotton,H,uncontrolled,857c4ca468a7ee17,Healthy
Z:\Projects\Smart-Farming\Datasets\final_combined_datasets\CLUE\H\CLUE_H_114.jpg,Cotton,H,uncontrolled,84680f5b786d58eb,Healthy
Z:\Projects\Smart-Farming\Datasets\final_combined_datasets\CLUE\H\CLUE_H_116.jpg,Cotton,H,uncontrolled,f768007e9b44df88,Healthy
Z:\Projects\Smart-Farming\Datasets\final_combined_datasets\CLUE\H\CLUE_H_121.jpg,Cotton,H,uncontrolled,986f3b9c63d52491,Healthy
Z:\Projects\Smart-Farming\Datasets\final_combined_datasets\CLUE\H\CLUE_H_122.png,Cotton,H,uncontrolled,a56f4a7a2952496b,Healthy
Z:\Projects\Smart-Farming\Datasets\final_combined_datasets\CLUE\H\CLUE_H_125.jpg,Cotton,H,uncontrolled,895c37bec4b08c9e,Healthy
Z:\Projects\Smart-Farming\Datasets\final_combined_datasets\CLUE\H\CLUE_H_126.jpg,Cotton,H,uncontrolled,d3e385eaf528920e,Healthy
Z:\Projects\Smart-Farming\Datasets\final_combined_datasets\CLUE\H\CLUE_H_127.jpg,Cotton,H,uncontrolled,e0c290df67ad9392,Healthy
Z:\Projects\Smart-Farming\Datasets\final_combined_datasets\CLUE\H\CLUE_H_129.jpg,Cotton,H,uncontrolled,aa7db7c06278e1d0,Healthy
Z:\Projects\Smart-Farming\Datasets\final_combined_datasets\CLUE\H\CLUE_H_133.jpg,Cotton,H,uncontrolled,f886bfc1da0a7095,Healthy
Z:\Projects\Smart-Farming\Datasets\final_combined_datasets\CLUE\H\CLUE_H_134.jpg,Cotton,H,uncontrolled,df3c6adbe24c0234,Healthy
Z:\Projects\Smart-Farming\Datasets\final_combined_datasets\CLUE\H\CLUE_H_135.jpg,Cotton,H,uncontrolled,dc976047285c7db4,Healthy
Z:\Projects\Smart-Farming\Datasets\final_combined_datasets\CLUE\H\CLUE_H_136.jpg,Cotton,H,uncontrolled,95ee39c03f8828bb,Healthy
Z:\Projects\Smart-Farming\Datasets\final_combined_datasets\CLUE\H\CLUE_H_137.jpg,Cotton,H,uncontrolled,94e9664d3e7a6a84,Healthy
Z:\Projects\Smart-Farming\Datasets\final_combined_datasets\CLUE\H\CLUE_H_138.jpg,Cotton,H,uncontrolled,caf22a6ea20f3987,Healthy
Z:\Projects\Smart-Farming\Datasets\final_combined_datasets\CLUE\H\CLUE_H_139.jpg,Cotton,H,uncontrolled,8df20729349f52ad,Healthy
Z:\Projects\Smart-Farming\Datasets\final_combined_datasets\CLUE\H\CLUE_H_140.jpg,Cotton,H,uncontrolled,ba1fcbe2ca3e20c1,Healthy
Z:\Projects\Smart-Farming\Datasets\final_combined_datasets\CLUE\H\CLUE_H_141.jpg,Cotton,H,uncontrolled,d1e12716315127fd,Healthy
Z:\Projects\Smart-Farming\Datasets\final_combined_datasets\CLUE\H\CLUE_H_142.jpg,Cotton,H,uncontrolled,85931b71345ff44c,Healthy
Z:\Projects\Smart-Farming\Datasets\final_combined_datasets\CLUE\H\CLUE_H_143.jpg,Cotton,H,uncontrolled,86c53cee878ca9aa,Healthy
Z:\Projects\Smart-Farming\Datasets\final_combined_datasets\CLUE\H\CLUE_H_144.jpg,Cotton,H,uncontrolled,ed80aef00f82f547,Healthy
Z:\Projects\Smart-Farming\Datasets\final_combined_datasets\CLUE\H\CLUE_H_147.jpg,Cotton,H,uncontrolled,a1c6bcd1a2a49bf2,Healthy
Z:\Projects\Smart-Farming\Datasets\final_combined_datasets\CLUE\H\CLUE_H_150.jpg,Cotton,H,uncontrolled,f687e81b5d83a05c,Healthy
Z:\Projects\Smart-Farming\Datasets\final_combined_datasets\CLUE\H\CLUE_H_151.png,Cotton,H,uncontrolled,808898eb7b3f7534,Healthy
Z:\Projects\Smart-Farming\Datasets\final_combined_datasets\CLUE\H\CLUE_H_152.png,Cotton,H,uncontrolled,96e99765d1c6909c,Healthy
Z:\Projects\Smart-Farming\Datasets\final_combined_datasets\CLUE\H\CLUE_H_156.jpg,Cotton,H,uncontrolled,93b449c3e6b9a64c,Healthy
Z:\Projects\Smart-Farming\Datasets\final_combined_datasets\CLUE\H\CLUE_H_159.jpg,Cotton,H,uncontrolled,abd2bca35ea31286,Healthy
Z:\Projects\Smart-Farming\Datasets\final_combined_datasets\CLUE\H\CLUE_H_161.jpg,Cotton,H,uncontrolled,c08164ef0e6bce76,Healthy
Z:\Projects\Smart-Farming\Datasets\final_combined_datasets\CLUE\H\CLUE_H_163.png,Cotton,H,uncontrolled,f597b4017a4b6869,Healthy
Z:\Projects\Smart-Farming\Datasets\final_combined_datasets\CLUE\H\CLUE_H_166.jpg,Cotton,H,uncontrolled,b2efc3b64c32a84c,Healthy
Z:\Projects\Smart-Farming\Datasets\final_combined_datasets\CLUE\H\CLUE_H_168.jpg,Cotton,H,uncontrolled,8ef1241c67c16d8f,Healthy
Z:\Projects\Smart-Farming\Datasets\final_combined_datasets\CLUE\H\CLUE_H_169.jpg,Cotton,H,uncontrolled,946e3ff438e00cd5,Healthy
Z:\Projects\Smart-Farming\Datasets\final_combined_datasets\CLUE\H\CLUE_H_171.jpg,Cotton,H,uncontrolled,ddf0a994cc8b2a63,Healthy
Z:\Projects\Smart-Farming\Datasets\final_combined_datasets\CLUE\H\CLUE_H_172.jpg,Cotton,H,uncontrolled,81137b0718b1fced,Healthy
Z:\Projects\Smart-Farming\Datasets\final_combined_datasets\CLUE\H\CLUE_H_173.jpg,Cotton,H,uncontrolled,c4997ca90add01df,Healthy
Z:\Projects\Smart-Farming\Datasets\final_combined_datasets\CLUE\H\CLUE_H_174.jpg,Cotton,H,uncontrolled,8defc4c4952f0ab2,Healthy
Z:\Projects\Smart-Farming\Datasets\final_combined_datasets\CLUE\H\CLUE_H_175.jpg,Cotton,H,uncontrolled,b1aa5ff5691292e0,Healthy
Z:\Projects\Smart-Farming\Datasets\final_combined_datasets\CLUE\H\CLUE_H_176.jpg,Cotton,H,uncontrolled,d08603de2fc25ec7,Healthy
Z:\Projects\Smart-Farming\Datasets\final_combined_datasets\CLUE\H\CLUE_H_177.jpg,Cotton,H,uncontrolled,92333b3051b5a3ee,Healthy
Z:\Projects\Smart-Farming\Datasets\final_combined_datasets\CLUE\H\CLUE_H_178.jpg,Cotton,H,uncontrolled,de5c33f660821d74,Healthy
Z:\Projects\Smart-Farming\Datasets\final_combined_datasets\CLUE\H\CLUE_H_179.jpg,Cotton,H,uncontrolled,d4af290722f8975a,Healthy
Z:\Projects\Smart-Farming\Datasets\final_combined_datasets\CLUE\H\CLUE_H_180.jpg,Cotton,H,uncontrolled,d59921e033c3774b,Healthy
Z:\Projects\Smart-Farming\Datasets\final_combined_datasets\CLUE\H\CLUE_H_181.jpg,Cotton,H,uncontrolled,f7d5b32770bc0188,Healthy
Z:\Projects\Smart-Farming\Datasets\final_combined_datasets\CLUE\H\CLUE_H_182.jpg,Cotton,H,uncontrolled,d7861b1b6e051c1f,Healthy
Z:\Projects\Smart-Farming\Datasets\final_combined_datasets\CLUE\H\CLUE_H_183.jpg,Cotton,H,uncontrolled,8b7934b69981d69c,Healthy
Z:\Projects\Smart-Farming\Datasets\final_combined_datasets\CLUE\H\CLUE_H_184.jpg,Cotton,H,uncontrolled,86933dd4853c89bb,Healthy
Z:\Projects\Smart-Farming\Datasets\final_combined_datasets\CLUE\H\CLUE_H_185.jpg,Cotton,H,uncontrolled,ee0e2ceca0f05ad3,Healthy
Z:\Projects\Smart-Farming\Datasets\final_combined_datasets\CLUE\H\CLUE_H_186.jpg,Cotton,H,uncontrolled,d1496be78f1298e1,Healthy
Z:\Projects\Smart-Farming\Datasets\final_combined_datasets\CLUE\H\CLUE_H_187.jpg,Cotton,H,uncontrolled,c77361c38e9d4878,Healthy
Z:\Projects\Smart-Farming\Datasets\final_combined_datasets\CLUE\H\CLUE_H_188.jpg,Cotton,H,uncontrolled,d4a62533463d3d1d,Healthy
Z:\Projects\Smart-Farming\Datasets\final_combined_datasets\CLUE\H\CLUE_H_189.jpg,Cotton,H,uncontrolled,c85d97ba9b414393,Healthy
Z:\Projects\Smart-Farming\Datasets\final_combined_datasets\CLUE\H\CLUE_H_190.jpg,Cotton,H,uncontrolled,9f415a2eb4e2b543,Healthy
Z:\Projects\Smart-Farming\Datasets\final_combined_datasets\CLUE\H\CLUE_H_191.jpg,Cotton,H,uncontrolled,e895729b342d30f6,Healthy
Z:\Projects\Smart-Farming\Datasets\final_combined_datasets\CLUE\H\CLUE_H_192.jpg,Cotton,H,uncontrolled,c2fe2595d69e00f4,Healthy
Z:\Projects\Smart-Farming\Datasets\final_combined_datasets\CLUE\H\CLUE_H_193.jpg,Cotton,H,uncontrolled,83ee7da51fa848b0,Healthy
Z:\Projects\Smart-Farming\Datasets\final_combined_datasets\CLUE\H\CLUE_H_194.jpg,Cotton,H,uncontrolled,d85b21e947a74f06,Healthy
Z:\Projects\Smart-Farming\Datasets\final_combined_datasets\CLUE\H\CLUE_H_195.jpg,Cotton,H,uncontrolled,df0d785cf5a042d1,Healthy
Z:\Projects\Smart-Farming\Datasets\final_combined_datasets\CLUE\H\CLUE_H_196.jpg,Cotton,H,uncontrolled,d0517b4a934963bd,Healthy
Z:\Projects\Smart-Farming\Datasets\final_combined_datasets\CLUE\H\CLUE_H_197.jpg,Cotton,H,uncontrolled,9a4b535375e5e0c2,Healthy
Z:\Projects\Smart-Farming\Datasets\final_combined_datasets\CLUE\H\CLUE_H_198.jpg,Cotton,H,uncontrolled,8745fb9940598df1,Healthy
Z:\Projects\Smart-Farming\Datasets\final_combined_datasets\CLUE\H\CLUE_H_199.jpg,Cotton,H,uncontrolled,dc8d184a27cb63f8,Healthy
Z:\Projects\Smart-Farming\Datasets\final_combined_datasets\CLUE\H\CLUE_H_200.jpg,Cotton,H,uncontrolled,8ce45d9f3678260e,Healthy
Z:\Projects\Smart-Farming\Datasets\final_combined_datasets\CLUE\H\CLUE_H_201.jpg,Cotton,H,uncontrolled,815ddec86ce53076,Healthy
Z:\Projects\Smart-Farming\Datasets\final_combined_datasets\CLUE\H\CLUE_H_202.jpg,Cotton,H,uncontrolled,843c5f546ac47cea,Healthy
Z:\Projects\Smart-Farming\Datasets\final_combined_datasets\CLUE\H\CLUE_H_203.jpg,Cotton,H,uncontrolled,f657048f449e2d8e,Healthy
Z:\Projects\Smart-Farming\Datasets\final_combined_datasets\CLUE\H\CLUE_H_204.jpg,Cotton,H,uncontrolled,dc2d487029baf587,Healthy
Z:\Projects\Smart-Farming\Datasets\final_combined_datasets\CLUE\H\CLUE_H_205.jpg,Cotton,H,uncontrolled,9154737a3c9c72b1,Healthy
Z:\Projects\Smart-Farming\Datasets\final_combined_datasets\CLUE\PM\CLUE_PM_03.jpg,Cotton,PM,uncontrolled,c0f3437057f1b649,Powdery Mildew
Z:\Projects\Smart-Farming\Datasets\final_combined_datasets\CLUE\PM\CLUE_PM_04.jpg,Cotton,PM,uncontrolled,d8093a5aadb4635b,Powdery Mildew
Z:\Projects\Smart-Farming\Datasets\final_combined_datasets\CLUE\PM\CLUE_PM_05.jpg,Cotton,PM,uncontrolled,c5706e947bb53a05,Powdery Mildew
Z:\Projects\Smart-Farming\Datasets\final_combined_datasets\CLUE\PM\CLUE_PM_06.jpg,Cotton,PM,uncontrolled,92852e3b765a595c,Powdery Mildew
Z:\Projects\Smart-Farming\Datasets\final_combined_datasets\CLUE\PM\CLUE_PM_07.jpg,Cotton,PM,uncontrolled,8cf3ac3d95d8c149,Powdery Mildew
Z:\Projects\Smart-Farming\Datasets\final_combined_datasets\CLUE\PM\CLUE_PM_08.jpg,Cotton,PM,uncontrolled,9a153ac6a6c276b3,Powdery Mildew
Z:\Projects\Smart-Farming\Datasets\final_combined_datasets\CLUE\PM\CLUE_PM_09.jpg,Cotton,PM,uncontrolled,850c6ff1b3b1a968,Powdery Mildew
Z:\Projects\Smart-Farming\Datasets\final_combined_datasets\CLUE\PM\CLUE_PM_10.jpg,Cotton,PM,uncontrolled,d37a32a44b42b4e7,Powdery Mildew
Z:\Projects\Smart-Farming\Datasets\final_combined_datasets\CLUE\PM\CLUE_PM_11.jpg,Cotton,PM,uncontrolled,d5ec4e10f079635a,Powdery Mildew
Z:\Projects\Smart-Farming\Datasets\final_combined_datasets\CLUE\PM\CLUE_PM_13.jpg,Cotton,PM,uncontrolled,90c2373d76170e3d,Powdery Mildew
Z:\Projects\Smart-Farming\Datasets\final_combined_datasets\CLUE\PM\CLUE_PM_14.jpg,Cotton,PM,uncontrolled,c2b445035ddb9ad9,Powdery Mildew
Z:\Projects\Smart-Farming\Datasets\final_combined_datasets\CLUE\PM\CLUE_PM_15.jpg,Cotton,PM,uncontrolled,dda3cade6a120758,Powdery Mildew
Z:\Projects\Smart-Farming\Datasets\final_combined_datasets\CLUE\PM\CLUE_PM_16.jpg,Cotton,PM,uncontrolled,c0ce5f01f63622f6,Powdery Mildew
Z:\Projects\Smart-Farming\Datasets\final_combined_datasets\CLUE\PM\CLUE_PM_17.jpg,Cotton,PM,uncontrolled,c1fa4bf06da2a9a1,Powdery Mildew
Z:\Projects\Smart-Farming\Datasets\final_combined_datasets\CLUE\PM\CLUE_PM_18.jpg,Cotton,PM,uncontrolled,cb84a307612eaf9e,Powdery Mildew
Z:\Projects\Smart-Farming\Datasets\final_combined_datasets\CLUE\PM\CLUE_PM_19.jpg,Cotton,PM,uncontrolled,85e51e897d5d209e,Powdery Mildew
Z:\Projects\Smart-Farming\Datasets\final_combined_datasets\CLUE\PM\CLUE_PM_20.jpg,Cotton,PM,uncontrolled,d44a2e297d7bab80,Powdery Mildew
Z:\Projects\Smart-Farming\Datasets\final_combined_datasets\CLUE\PM\CLUE_PM_21.jpg,Cotton,PM,uncontrolled,d4a90a7571aa71bc,Powdery Mildew
Z:\Projects\Smart-Farming\Datasets\final_combined_datasets\CLUE\PM\CLUE_PM_22.jpg,Cotton,PM,uncontrolled,c3b12eda7c11169b,Powdery Mildew
Z:\Projects\Smart-Farming\Datasets\final_combined_datasets\CLUE\PM\CLUE_PM_23.jpg,Cotton,PM,uncontrolled,d1e03a06795e759c,Powdery Mildew
Z:\Projects\Smart-Farming\Datasets\final_combined_datasets\CLUE\PM\CLUE_PM_24.jpg,Cotton,PM,uncontrolled,d499615cd728974b,Powdery Mildew
Z:\Projects\Smart-Farming\Datasets\final_combined_datasets\CLUE\PM\CLUE_PM_25.jpg,Cotton,PM,uncontrolled,c5b46d06301fed8e,Powdery Mildew
Z:\Projects\Smart-Farming\Datasets\final_combined_datasets\CLUE\PM\CLUE_PM_26.jpg,Cotton,PM,uncontrolled,d1f31a047956359e,Powdery Mildew
Z:\Projects\Smart-Farming\Datasets\final_combined_datasets\CLUE\PM\CLUE_PM_27.jpg,Cotton,PM,uncontrolled,97a253e588df48ac,Powdery Mildew
Z:\Projects\Smart-Farming\Datasets\final_combined_datasets\CLUE\PM\CLUE_PM_28.jpg,Cotton,PM,uncontrolled,937157c21a027e7e,Powdery Mildew
Z:\Projects\Smart-Farming\Datasets\final_combined_datasets\CLUE\PM\CLUE_PM_29.jpg,Cotton,PM,uncontrolled,944a3ab9780b327f,Powdery Mildew
Z:\Projects\Smart-Farming\Datasets\final_combined_datasets\CLUE\PM\CLUE_PM_30.jpg,Cotton,PM,uncontrolled,950a60e1f3d73cb8,Powdery Mildew
Z:\Projects\Smart-Farming\Datasets\final_combined_datasets\CLUE\PM\CLUE_PM_31.jpg,Cotton,PM,uncontrolled,976a3d85bcf09087,Powdery Mildew
Z:\Projects\Smart-Farming\Datasets\final_combined_datasets\CLUE\PM\CLUE_PM_32.jpg,Cotton,PM,uncontrolled,dcba390c23afc60e,Powdery Mildew
Z:\Projects\Smart-Farming\Datasets\final_combined_datasets\CLUE\PM\CLUE_PM_33.jpg,Cotton,PM,uncontrolled,e1e21307f11d257d,Powdery Mildew
Z:\Projects\Smart-Farming\Datasets\final_combined_datasets\CLUE\PM\CLUE_PM_34.jpg,Cotton,PM,uncontrolled,dbe4828f83bf9821,Powdery Mildew
Z:\Projects\Smart-Farming\Datasets\final_combined_datasets\CLUE\PM\CLUE_PM_35.jpg,Cotton,PM,uncontrolled,c50b1eb764b226a7,Powdery Mildew
Z:\Projects\Smart-Farming\Datasets\final_combined_datasets\CLUE\PM\CLUE_PM_36.jpg,Cotton,PM,uncontrolled,c5a66b241555fd07,Powdery Mildew
Z:\Projects\Smart-Farming\Datasets\final_combined_datasets\CLUE\PM\CLUE_PM_37.jpg,Cotton,PM,uncontrolled,87ed16897d5d241c,Powdery Mildew
Z:\Projects\Smart-Farming\Datasets\final_combined_datasets\CLUE\PM\CLUE_PM_38.jpg,Cotton,PM,uncontrolled,946f436903a91f9d,Powdery Mildew
Z:\Projects\Smart-Farming\Datasets\final_combined_datasets\CLUE\PM\CLUE_PM_39.jpg,Cotton,PM,uncontrolled,d4050f9f6d2c3c9a,Powdery Mildew
Z:\Projects\Smart-Farming\Datasets\final_combined_datasets\CLUE\PM\CLUE_PM_40.jpg,Cotton,PM,uncontrolled,d19d62b94647ad07,Powdery Mildew
Z:\Projects\Smart-Farming\Datasets\final_combined_datasets\CLUE\TS\CLUE_TS_02.jpg,Cotton,TS,uncontrolled,ffb4a680f342c256,Target Spot
Z:\Projects\Smart-Farming\Datasets\final_combined_datasets\CLUE\TS\CLUE_TS_03.jpg,Cotton,TS,uncontrolled,905b524daa4efcf0,Target Spot
Z:\Projects\Smart-Farming\Datasets\final_combined_datasets\CLUE\TS\CLUE_TS_04.jpg,Cotton,TS,uncontrolled,ddb521d2828b5eb8,Target Spot
Z:\Projects\Smart-Farming\Datasets\final_combined_datasets\CLUE\TS\CLUE_TS_01.jpg,Cotton,TS,uncontrolled,8e27b9925357d911,Target Spot
Z:\Projects\Smart-Farming\Datasets\final_combined_datasets\CLUE\TS\CLUE_TS_05.jpeg,Cotton,TS,uncontrolled,d095787ef0166a0f,Target Spot
Z:\Projects\Smart-Farming\Datasets\final_combined_datasets\CLUE\TS\CLUE_TS_07.jpg,Cotton,TS,uncontrolled,84ee06525e64dea7,Target Spot
Z:\Projects\Smart-Farming\Datasets\final_combined_datasets\CLUE\TS\CLUE_TS_08.jpg,Cotton,TS,uncontrolled,a85752add1aaf50a,Target Spot
Z:\Projects\Smart-Farming\Datasets\final_combined_datasets\CLUE\TS\CLUE_TS_09.jpg,Cotton,TS,uncontrolled,fd03f07f4020ef58,Target Spot
Z:\Projects\Smart-Farming\Datasets\final_combined_datasets\CLUE\TS\CLUE_TS_10.jpg,Cotton,TS,uncontrolled,8bcb3f90128f7c8c,Target Spot
Z:\Projects\Smart-Farming\Datasets\final_combined_datasets\CLUE\TS\CLUE_TS_11.jpg,Cotton,TS,uncontrolled,a029f3d92239e4de,Target Spot
Z:\Projects\Smart-Farming\Datasets\final_combined_datasets\CLUE\TS\CLUE_TS_12.jpg,Cotton,TS,uncontrolled,85ad4a6ab35656a6,Target Spot
Z:\Projects\Smart-Farming\Datasets\final_combined_datasets\CLUE\TS\CLUE_TS_13.jpg,Cotton,TS,uncontrolled,aa2ff53548608f6a,Target Spot
Z:\Projects\Smart-Farming\Datasets\final_combined_datasets\CLUE\TS\CLUE_TS_14.jpg,Cotton,TS,uncontrolled,d47f09aa7baa3980,Target Spot
Z:\Projects\Smart-Farming\Datasets\final_combined_datasets\CLUE\TS\CLUE_TS_15.jpg,Cotton,TS,uncontrolled,be94a94bc0f68726,Target Spot
Z:\Projects\Smart-Farming\Datasets\final_combined_datasets\CLUE\TS\CLUE_TS_16.jpg,Cotton,TS,uncontrolled,b7c3c07e9f254858,Target Spot
Z:\Projects\Smart-Farming\Datasets\final_combined_datasets\CLUE\TS\CLUE_TS_17.jpg,Cotton,TS,uncontrolled,ea5f837a57d03302,Target Spot
Z:\Projects\Smart-Farming\Datasets\final_combined_datasets\CLUE\TS\CLUE_TS_19.jpg,Cotton,TS,uncontrolled,aea8e8e4b553f414,Target Spot
Z:\Projects\Smart-Farming\Datasets\final_combined_datasets\CLUE\TS\CLUE_TS_20.jpg,Cotton,TS,uncontrolled,ca4a0107c0fff8b7,Target Spot
Z:\Projects\Smart-Farming\Datasets\final_combined_datasets\CLUE\TS\CLUE_TS_21.jpg,Cotton,TS,uncontrolled,be2740b9ff808768,Target Spot
Z:\Projects\Smart-Farming\Datasets\final_combined_datasets\CLUE\TS\CLUE_TS_22.jpg,Cotton,TS,uncontrolled,9536073cc25ae96e,Target Spot
Z:\Projects\Smart-Farming\Datasets\final_combined_datasets\CLUE\TS\CLUE_TS_23.jpg,Cotton,TS,uncontrolled,8dac62943b4d39cb,Target Spot
Z:\Projects\Smart-Farming\Datasets\final_combined_datasets\CLUE\TS\CLUE_TS_24.jpg,Cotton,TS,uncontrolled,c4b0378b7cf0b20f,Target Spot
Z:\Projects\Smart-Farming\Datasets\final_combined_datasets\CLUE\TS\CLUE_TS_25.jpg,Cotton,TS,uncontrolled,bac738c41ae89769,Target Spot
Z:\Projects\Smart-Farming\Datasets\final_combined_datasets\CLUE\TS\CLUE_TS_26.jpg,Cotton,TS,uncontrolled,c84d2f7134d62f26,Target Spot
Z:\Projects\Smart-Farming\Datasets\final_combined_datasets\CLUE\TS\CLUE_TS_27.jpg,Cotton,TS,uncontrolled,c58d7ad2b14829ed,Target Spot
Z:\Projects\Smart-Farming\Datasets\final_combined_datasets\CLUE\TS\CLUE_TS_28.jpg,Cotton,TS,uncontrolled,d6697ae53ac40c35,Target Spot
Z:\Projects\Smart-Farming\Datasets\final_combined_datasets\CLUE\TS\CLUE_TS_29.jpg,Cotton,TS,uncontrolled,d48f259f27953382,Target Spot
Z:\Projects\Smart-Farming\Datasets\final_combined_datasets\CLUE\TS\CLUE_TS_30.jpg,Cotton,TS,uncontrolled,e3b807b94077d057,Target Spot
Z:\Projects\Smart-Farming\Datasets\final_combined_datasets\CLUE\TS\CLUE_TS_31.jpg,Cotton,TS,uncontrolled,b43335b712994b4d,Target Spot
Z:\Projects\Smart-Farming\Datasets\final_combined_datasets\CLUE\TS\CLUE_TS_32.jpg,Cotton,TS,uncontrolled,aabdfd90b460e4a2,Target Spot
Z:\Projects\Smart-Farming\Datasets\final_combined_datasets\CLUE\TS\CLUE_TS_33.jpg,Cotton,TS,uncontrolled,846f59b12ae3e83c,Target Spot
Z:\Projects\Smart-Farming\Datasets\final_combined_datasets\CLUE\TS\CLUE_TS_34.jpg,Cotton,TS,uncontrolled,d26d31e77f44e204,Target Spot
Z:\Projects\Smart-Farming\Datasets\final_combined_datasets\CLUE\TS\CLUE_TS_35.jpg,Cotton,TS,uncontrolled,d05a0b4d4d37a70f,Target Spot
Z:\Projects\Smart-Farming\Datasets\final_combined_datasets\CLUE\TS\CLUE_TS_36.jpg,Cotton,TS,uncontrolled,870b496d6c2d94f6,Target Spot
Z:\Projects\Smart-Farming\Datasets\final_combined_datasets\CLUE\TS\CLUE_TS_37.jpg,Cotton,TS,uncontrolled,fa82ff007e02ef03,Target Spot
Z:\Projects\Smart-Farming\Datasets\final_combined_datasets\CLUE\TS\CLUE_TS_38.jpg,Cotton,TS,uncontrolled,9b287b60378d6659,Target Spot
Z:\Projects\Smart-Farming\Datasets\final_combined_datasets\CLUE\TS\CLUE_TS_39.jpg,Cotton,TS,uncontrolled,c0076e5b398735f4,Target Spot
Z:\Projects\Smart-Farming\Datasets\final_combined_datasets\CLUE\TS\CLUE_TS_40.jpg,Cotton,TS,uncontrolled,c52462d919ce4ee7,Target Spot
Z:\Projects\Smart-Farming\Datasets\final_combined_datasets\CLUE\TS\CLUE_TS_41.jpg,Cotton,TS,uncontrolled,e37a6338037532e3,Target Spot
Z:\Projects\Smart-Farming\Datasets\final_combined_datasets\CLUE\TS\CLUE_TS_42.jpg,Cotton,TS,uncontrolled,d4e54f58a8259397,Target Spot
Z:\Projects\Smart-Farming\Datasets\final_combined_datasets\CLUE\BB\CLUE_BB_010.jpg,Cotton,BB,uncontrolled,a75d641a5486bf83,Bacterial Blight
Z:\Projects\Smart-Farming\Datasets\final_combined_datasets\CLUE\BB\CLUE_BB_011.jpg,Cotton,BB,uncontrolled,94606af3390279fd,Bacterial Blight
Z:\Projects\Smart-Farming\Datasets\final_combined_datasets\CLUE\BB\CLUE_BB_012.jpg,Cotton,BB,uncontrolled,80566b2d7d3733e0,Bacterial Blight
Z:\Projects\Smart-Farming\Datasets\final_combined_datasets\CLUE\BB\CLUE_BB_005.jpg,Cotton,BB,uncontrolled,aab3d11e8569cd4a,Bacterial Blight
Z:\Projects\Smart-Farming\Datasets\final_combined_datasets\CLUE\BB\CLUE_BB_013.jpg,Cotton,BB,uncontrolled,9ccf713826f84bd0,Bacterial Blight
Z:\Projects\Smart-Farming\Datasets\final_combined_datasets\CLUE\BB\CLUE_BB_014.jpg,Cotton,BB,uncontrolled,d02ebd4a3cd6a531,Bacterial Blight
Z:\Projects\Smart-Farming\Datasets\final_combined_datasets\CLUE\BB\CLUE_BB_015.png,Cotton,BB,uncontrolled,95fec8cc1c3b3f00,Bacterial Blight
Z:\Projects\Smart-Farming\Datasets\final_combined_datasets\CLUE\BB\CLUE_BB_016.png,Cotton,BB,uncontrolled,9523d4f5607e622e,Bacterial Blight
Z:\Projects\Smart-Farming\Datasets\final_combined_datasets\CLUE\BB\CLUE_BB_017.jpg,Cotton,BB,uncontrolled,c87aa1947aab9723,Bacterial Blight
Z:\Projects\Smart-Farming\Datasets\final_combined_datasets\CLUE\BB\CLUE_BB_019.jpg,Cotton,BB,uncontrolled,9a7279b42a6310fb,Bacterial Blight
Z:\Projects\Smart-Farming\Datasets\final_combined_datasets\CLUE\BB\CLUE_BB_006.jpg,Cotton,BB,uncontrolled,ffd3944bcc289434,Bacterial Blight
Z:\Projects\Smart-Farming\Datasets\final_combined_datasets\CLUE\BB\CLUE_BB_020.jpg,Cotton,BB,uncontrolled,d8a01ec1eb2fd51c,Bacterial Blight
Z:\Projects\Smart-Farming\Datasets\final_combined_datasets\CLUE\BB\CLUE_BB_007.jpg,Cotton,BB,uncontrolled,ad86d05a992dd363,Bacterial Blight
Z:\Projects\Smart-Farming\Datasets\final_combined_datasets\CLUE\BB\CLUE_BB_003.png,Cotton,BB,uncontrolled,c70e6e6664b2249f,Bacterial Blight
Z:\Projects\Smart-Farming\Datasets\final_combined_datasets\CLUE\BB\CLUE_BB_008.jpg,Cotton,BB,uncontrolled,fa8685da581a9c97,Bacterial Blight
Z:\Projects\Smart-Farming\Datasets\final_combined_datasets\CLUE\BB\CLUE_BB_004.jpg,Cotton,BB,uncontrolled,ffd3e083c0388c1f,Bacterial Blight
Z:\Projects\Smart-Farming\Datasets\final_combined_datasets\CLUE\BB\CLUE_BB_009.jpg,Cotton,BB,uncontrolled,d0b02efb6505e738,Bacterial Blight
Z:\Projects\Smart-Farming\Datasets\final_combined_datasets\CLUE\BB\CLUE_BB_002.jpg,Cotton,BB,uncontrolled,94bd62c86df0a1b3,Bacterial Blight
Z:\Projects\Smart-Farming\Datasets\final_combined_datasets\CLUE\BB\CLUE_BB_001.jpg,Cotton,BB,uncontrolled,e4dd1d3975a8b448,Bacterial Blight
Z:\Projects\Smart-Farming\Datasets\final_combined_datasets\CLUE\BB\CLUE_BB_024.jpg,Cotton,BB,uncontrolled,a9ab22585276bcad,Bacterial Blight
Z:\Projects\Smart-Farming\Datasets\final_combined_datasets\CLUE\BB\CLUE_BB_029.png,Cotton,BB,uncontrolled,de265ab60b47390d,Bacterial Blight
Z:\Projects\Smart-Farming\Datasets\final_combined_datasets\CLUE\BB\CLUE_BB_031.png,Cotton,BB,uncontrolled,f862b84e8c0f84fd,Bacterial Blight
Z:\Projects\Smart-Farming\Datasets\final_combined_datasets\CLUE\BB\CLUE_BB_032.png,Cotton,BB,uncontrolled,ab2ee55abdc0541a,Bacterial Blight
Z:\Projects\Smart-Farming\Datasets\final_combined_datasets\CLUE\BB\CLUE_BB_034.jpg,Cotton,BB,uncontrolled,965db25b86533994,Bacterial Blight
Z:\Projects\Smart-Farming\Datasets\final_combined_datasets\CLUE\BB\CLUE_BB_036.jpg,Cotton,BB,uncontrolled,8a1c273ed9678b19,Bacterial Blight
Z:\Projects\Smart-Farming\Datasets\final_combined_datasets\CLUE\BB\CLUE_BB_037.jpg,Cotton,BB,uncontrolled,9d54a01a1f3f9539,Bacterial Blight
Z:\Projects\Smart-Farming\Datasets\final_combined_datasets\CLUE\BB\CLUE_BB_040.jpg,Cotton,BB,uncontrolled,ade4cccb851d7131,Bacterial Blight
Z:\Projects\Smart-Farming\Datasets\final_combined_datasets\CLUE\BB\CLUE_BB_041.png,Cotton,BB,uncontrolled,c334adbf424059de,Bacterial Blight
Z:\Projects\Smart-Farming\Datasets\final_combined_datasets\CLUE\BB\CLUE_BB_043.jpg,Cotton,BB,uncontrolled,d8f83324cc7d7426,Bacterial Blight
Z:\Projects\Smart-Farming\Datasets\final_combined_datasets\CLUE\BB\CLUE_BB_044.jpg,Cotton,BB,uncontrolled,afe68443c27a983d,Bacterial Blight
Z:\Projects\Smart-Farming\Datasets\final_combined_datasets\CLUE\BB\CLUE_BB_046.jpg,Cotton,BB,uncontrolled,ab45ea479770352c,Bacterial Blight
Z:\Projects\Smart-Farming\Datasets\final_combined_datasets\CLUE\BB\CLUE_BB_047.jpg,Cotton,BB,uncontrolled,851e3a51706f6e2b,Bacterial Blight
Z:\Projects\Smart-Farming\Datasets\final_combined_datasets\CLUE\BB\CLUE_BB_048.jpg,Cotton,BB,uncontrolled,d0b42ffb25c51b81,Bacterial Blight
Z:\Projects\Smart-Farming\Datasets\final_combined_datasets\CLUE\BB\CLUE_BB_049.jpg,Cotton,BB,uncontrolled,bfe4c443c278981f,Bacterial Blight
Z:\Projects\Smart-Farming\Datasets\final_combined_datasets\CLUE\BB\CLUE_BB_050.jpg,Cotton,BB,uncontrolled,855b3f4ac16a57a1,Bacterial Blight
Z:\Projects\Smart-Farming\Datasets\final_combined_datasets\CLUE\BB\CLUE_BB_051.jpg,Cotton,BB,uncontrolled,a56564555bd39266,Bacterial Blight
Z:\Projects\Smart-Farming\Datasets\final_combined_datasets\CLUE\BB\CLUE_BB_052.jpg,Cotton,BB,uncontrolled,981971cfbe9a1316,Bacterial Blight
Z:\Projects\Smart-Farming\Datasets\final_combined_datasets\CLUE\BB\CLUE_BB_053.jpg,Cotton,BB,uncontrolled,f0f731b4212cea2d,Bacterial Blight
Z:\Projects\Smart-Farming\Datasets\final_combined_datasets\CLUE\BB\CLUE_BB_056.jpg,Cotton,BB,uncontrolled,a51ae6993e64529d,Bacterial Blight
Z:\Projects\Smart-Farming\Datasets\final_combined_datasets\CLUE\BB\CLUE_BB_057.jpg,Cotton,BB,uncontrolled,9729623b979219ce,Bacterial Blight
Z:\Projects\Smart-Farming\Datasets\final_combined_datasets\CLUE\BB\CLUE_BB_058.jpg,Cotton,BB,uncontrolled,d20933166bf0be2b,Bacterial Blight
Z:\Projects\Smart-Farming\Datasets\final_combined_datasets\CLUE\BB\CLUE_BB_059.jpg,Cotton,BB,uncontrolled,8997f1108f6bec68,Bacterial Blight
Z:\Projects\Smart-Farming\Datasets\final_combined_datasets\CLUE\BB\CLUE_BB_060.jpg,Cotton,BB,uncontrolled,956e1d5a990ce1bc,Bacterial Blight
Z:\Projects\Smart-Farming\Datasets\final_combined_datasets\CLUE\BB\CLUE_BB_061.png,Cotton,BB,uncontrolled,a93f33f37224884e,Bacterial Blight
Z:\Projects\Smart-Farming\Datasets\final_combined_datasets\CLUE\BB\CLUE_BB_062.jpg,Cotton,BB,uncontrolled,f24495681ee53ace,Bacterial Blight
Z:\Projects\Smart-Farming\Datasets\final_combined_datasets\CLUE\BB\CLUE_BB_063.jpg,Cotton,BB,uncontrolled,85876c52656e7a2b,Bacterial Blight
Z:\Projects\Smart-Farming\Datasets\final_combined_datasets\CLUE\BB\CLUE_BB_064.png,Cotton,BB,uncontrolled,8038aff5fe43524a,Bacterial Blight
Z:\Projects\Smart-Farming\Datasets\final_combined_datasets\CLUE\BB\CLUE_BB_066.jpg,Cotton,BB,uncontrolled,fdbd620af2a5e101,Bacterial Blight
Z:\Projects\Smart-Farming\Datasets\final_combined_datasets\CLUE\BB\CLUE_BB_068.png,Cotton,BB,uncontrolled,964f44eea2e6a691,Bacterial Blight
Z:\Projects\Smart-Farming\Datasets\final_combined_datasets\CLUE\BB\CLUE_BB_069.png,Cotton,BB,uncontrolled,9b831e765009debc,Bacterial Blight
Z:\Projects\Smart-Farming\Datasets\final_combined_datasets\CLUE\BB\CLUE_BB_070.jpg,Cotton,BB,uncontrolled,c82a3deb70aa5399,Bacterial Blight
Z:\Projects\Smart-Farming\Datasets\final_combined_datasets\CLUE\BB\CLUE_BB_071.png,Cotton,BB,uncontrolled,8e0f421bbfece40c,Bacterial Blight
Z:\Projects\Smart-Farming\Datasets\final_combined_datasets\CLUE\BB\CLUE_BB_072.png,Cotton,BB,uncontrolled,9ba417b1ea46b1a6,Bacterial Blight
Z:\Projects\Smart-Farming\Datasets\final_combined_datasets\CLUE\BB\CLUE_BB_073.jpg,Cotton,BB,uncontrolled,b245b0dbcc237c6c,Bacterial Blight
Z:\Projects\Smart-Farming\Datasets\final_combined_datasets\CLUE\BB\CLUE_BB_074.jpg,Cotton,BB,uncontrolled,aaef8d96595a9824,Bacterial Blight
Z:\Projects\Smart-Farming\Datasets\final_combined_datasets\CLUE\BB\CLUE_BB_075.jpg,Cotton,BB,uncontrolled,90a76ada6ccc34ab,Bacterial Blight
Z:\Projects\Smart-Farming\Datasets\final_combined_datasets\CLUE\BB\CLUE_BB_076.jpg,Cotton,BB,uncontrolled,d4c36b2d3531791a,Bacterial Blight
Z:\Projects\Smart-Farming\Datasets\final_combined_datasets\CLUE\BB\CLUE_BB_077.png,Cotton,BB,uncontrolled,a4d28b1f38797623,Bacterial Blight
Z:\Projects\Smart-Farming\Datasets\final_combined_datasets\CLUE\BB\CLUE_BB_078.png,Cotton,BB,uncontrolled,e0b98fa1386c73ca,Bacterial Blight
Z:\Projects\Smart-Farming\Datasets\final_combined_datasets\CLUE\BB\CLUE_BB_079.jpg,Cotton,BB,uncontrolled,9c1cdcdedea0e062,Bacterial Blight
Z:\Projects\Smart-Farming\Datasets\final_combined_datasets\CLUE\BB\CLUE_BB_080.jpg,Cotton,BB,uncontrolled,be402707f80799dd,Bacterial Blight
Z:\Projects\Smart-Farming\Datasets\final_combined_datasets\CLUE\BB\CLUE_BB_082.jpg,Cotton,BB,uncontrolled,847d4f7a88caa574,Bacterial Blight
Z:\Projects\Smart-Farming\Datasets\final_combined_datasets\CLUE\BB\CLUE_BB_083.jpg,Cotton,BB,uncontrolled,c1926a0bb647df15,Bacterial Blight
Z:\Projects\Smart-Farming\Datasets\final_combined_datasets\CLUE\BB\CLUE_BB_084.jpg,Cotton,BB,uncontrolled,ca5968b432f07f68,Bacterial Blight
Z:\Projects\Smart-Farming\Datasets\final_combined_datasets\CLUE\BB\CLUE_BB_085.jpg,Cotton,BB,uncontrolled,85d8c334733c955e,Bacterial Blight
Z:\Projects\Smart-Farming\Datasets\final_combined_datasets\CLUE\BB\CLUE_BB_087.jpg,Cotton,BB,uncontrolled,95d00969f8bf82ec,Bacterial Blight
Z:\Projects\Smart-Farming\Datasets\final_combined_datasets\CLUE\BB\CLUE_BB_089.jpg,Cotton,BB,uncontrolled,d7776bcc208425d6,Bacterial Blight
Z:\Projects\Smart-Farming\Datasets\final_combined_datasets\CLUE\BB\CLUE_BB_090.jpg,Cotton,BB,uncontrolled,d7ddde6878902825,Bacterial Blight
Z:\Projects\Smart-Farming\Datasets\final_combined_datasets\CLUE\BB\CLUE_BB_091.jpg,Cotton,BB,uncontrolled,98e653b370b49e94,Bacterial Blight
Z:\Projects\Smart-Farming\Datasets\final_combined_datasets\CLUE\BB\CLUE_BB_092.jpg,Cotton,BB,uncontrolled,90c0e5de72f1e0d3,Bacterial Blight
Z:\Projects\Smart-Farming\Datasets\final_combined_datasets\CLUE\BB\CLUE_BB_093.jpg,Cotton,BB,uncontrolled,e899cb44e7638cc6,Bacterial Blight
Z:\Projects\Smart-Farming\Datasets\final_combined_datasets\CLUE\BB\CLUE_BB_094.jpg,Cotton,BB,uncontrolled,d47a5a76633908ad,Bacterial Blight
Z:\Projects\Smart-Farming\Datasets\final_combined_datasets\CLUE\BB\CLUE_BB_095.jpg,Cotton,BB,uncontrolled,a50f5a996df40c56,Bacterial Blight
Z:\Projects\Smart-Farming\Datasets\final_combined_datasets\CLUE\BB\CLUE_BB_096.jpg,Cotton,BB,uncontrolled,a52df7b21fd15003,Bacterial Blight
Z:\Projects\Smart-Farming\Datasets\final_combined_datasets\CLUE\BB\CLUE_BB_097.jpg,Cotton,BB,uncontrolled,f807bb38c60f84f8,Bacterial Blight
Z:\Projects\Smart-Farming\Datasets\final_combined_datasets\CLUE\BB\CLUE_BB_098.jpg,Cotton,BB,uncontrolled,d85cc0e0b1edbe26,Bacterial Blight
Z:\Projects\Smart-Farming\Datasets\final_combined_datasets\CLUE\BB\CLUE_BB_099.jpg,Cotton,BB,uncontrolled,ff69a1bcd09584c2,Bacterial Blight
Z:\Projects\Smart-Farming\Datasets\final_combined_datasets\CLUE\BB\CLUE_BB_101.jpg,Cotton,BB,uncontrolled,95c47f874ea2e03c,Bacterial Blight
Z:\Projects\Smart-Farming\Datasets\final_combined_datasets\CLUE\BB\CLUE_BB_102.jpg,Cotton,BB,uncontrolled,94923afe521b7929,Bacterial Blight
Z:\Projects\Smart-Farming\Datasets\final_combined_datasets\CLUE\BB\CLUE_BB_103.jpg,Cotton,BB,uncontrolled,d5c4c2686ddd4a65,Bacterial Blight
Z:\Projects\Smart-Farming\Datasets\final_combined_datasets\CLUE\BB\CLUE_BB_104.jpg,Cotton,BB,uncontrolled,d02a2deb74a2533b,Bacterial Blight
Z:\Projects\Smart-Farming\Datasets\final_combined_datasets\CLUE\BB\CLUE_BB_105.jpg,Cotton,BB,uncontrolled,c6075013afedfc0c,Bacterial Blight
Z:\Projects\Smart-Farming\Datasets\final_combined_datasets\CLUE\BB\CLUE_BB_106.jpg,Cotton,BB,uncontrolled,9345b0d8ce227d6e,Bacterial Blight
Z:\Projects\Smart-Farming\Datasets\final_combined_datasets\CLUE\BB\CLUE_BB_107.jpg,Cotton,BB,uncontrolled,aaa785965d5abc24,Bacterial Blight
Z:\Projects\Smart-Farming\Datasets\final_combined_datasets\CLUE\BB\CLUE_BB_108.jpg,Cotton,BB,uncontrolled,c1a62fff0592e4c1,Bacterial Blight
Z:\Projects\Smart-Farming\Datasets\final_combined_datasets\CLUE\BB\CLUE_BB_109.jpg,Cotton,BB,uncontrolled,c0c01ffab34a3d47,Bacterial Blight
Z:\Projects\Smart-Farming\Datasets\final_combined_datasets\CLUE\BB\CLUE_BB_110.jpg,Cotton,BB,uncontrolled,d452485e3a3b2da7,Bacterial Blight
Z:\Projects\Smart-Farming\Datasets\final_combined_datasets\CLUE\BB\CLUE_BB_111.jpg,Cotton,BB,uncontrolled,80fd57d05fe2224b,Bacterial Blight
Z:\Projects\Smart-Farming\Datasets\final_combined_datasets\CLUE\BB\CLUE_BB_112.jpg,Cotton,BB,uncontrolled,fe8a43f114ba853c,Bacterial Blight
Z:\Projects\Smart-Farming\Datasets\final_combined_datasets\CLUE\BB\CLUE_BB_113.jpg,Cotton,BB,uncontrolled,9a1d0ce6e7e70332,Bacterial Blight
Z:\Projects\Smart-Farming\Datasets\final_combined_datasets\CLUE\BB\CLUE_BB_114.jpg,Cotton,BB,uncontrolled,b0a3c0971f06f72e,Bacterial Blight
Z:\Projects\Smart-Farming\Datasets\final_combined_datasets\CLUE\BB\CLUE_BB_115.jpg,Cotton,BB,uncontrolled,979f0f232bc93039,Bacterial Blight
Z:\Projects\Smart-Farming\Datasets\final_combined_datasets\CLUE\BB\CLUE_BB_116.jpg,Cotton,BB,uncontrolled,a79cc6690c85739b,Bacterial Blight
Z:\Projects\Smart-Farming\Datasets\final_combined_datasets\CLUE\BB\CLUE_BB_117.jpg,Cotton,BB,uncontrolled,fee63ee682e880c2,Bacterial Blight
Z:\Projects\Smart-Farming\Datasets\final_combined_datasets\CLUE\BB\CLUE_BB_118.jpg,Cotton,BB,uncontrolled,d4a5769439572ea8,Bacterial Blight
Z:\Projects\Smart-Farming\Datasets\final_combined_datasets\CLUE\BB\CLUE_BB_119.jpg,Cotton,BB,uncontrolled,aeadb5d4cada8881,Bacterial Blight
Z:\Projects\Smart-Farming\Datasets\final_combined_datasets\CLUE\BB\CLUE_BB_120.jpg,Cotton,BB,uncontrolled,81632975777f5602,Bacterial Blight
Z:\Projects\Smart-Farming\Datasets\final_combined_datasets\CLUE\BB\CLUE_BB_121.jpg,Cotton,BB,uncontrolled,9c139e2ebb495968,Bacterial Blight
Z:\Projects\Smart-Farming\Datasets\final_combined_datasets\CLUE\BB\CLUE_BB_122.jpg,Cotton,BB,uncontrolled,da1d2d486a6d29ad,Bacterial Blight
Z:\Projects\Smart-Farming\Datasets\final_combined_datasets\CLUE\BB\CLUE_BB_123.jpg,Cotton,BB,uncontrolled,80a03d956d8ed5b7,Bacterial Blight
Z:\Projects\Smart-Farming\Datasets\final_combined_datasets\CLUE\BB\CLUE_BB_124.jpg,Cotton,BB,uncontrolled,80f45ba86be3b14b,Bacterial Blight
