filepath,crop,disease_raw,environment,phash,disease
Z:\Projects\Smart-Farming\Datasets\final_combined_datasets\GLCDfGLUE\ER\GLCDFGLUE_ER_073.jpg,Groundnut,ER,derived,9c5223aac73cc5ba,Rust
Z:\Projects\Smart-Farming\Datasets\final_combined_datasets\GLCDfGLUE\ER\GLCDFGLUE_ER_074.jpg,Groundnut,ER,derived,c0da3de5c504abba,Rust
Z:\Projects\Smart-Farming\Datasets\final_combined_datasets\GLCDfGLUE\ER\GLCDFGLUE_ER_075.jpg,Groundnut,ER,derived,dee83e107f22701d,Rust
Z:\Projects\Smart-Farming\Datasets\final_combined_datasets\GLCDfGLUE\ER\GLCDFGLUE_ER_076.jpg,Groundnut,ER,derived,94f26e35b23e1319,Rust
Z:\Projects\Smart-Farming\Datasets\final_combined_datasets\GLCDfGLUE\ER\GLCDFGLUE_ER_077.jpg,Groundnut,ER,derived,916a29e8fe8de095,Rust
Z:\Projects\Smart-Farming\Datasets\final_combined_datasets\GLCDfGLUE\ER\GLCDFGLUE_ER_078.jpg,Groundnut,ER,derived,98522bbac734c55e,Rust
Z:\Projects\Smart-Farming\Datasets\final_combined_datasets\GLCDfGLUE\ER\GLCDFGLUE_ER_079.jpg,Groundnut,ER,derived,99522bb18734d55e,Rust
Z:\Projects\Smart-Farming\Datasets\final_combined_datasets\GLCDfGLUE\ER\GLCDFGLUE_ER_080.jpg,Groundnut,ER,derived,9c73a33dc40cecd2,Rust
Z:\Projects\Smart-Farming\Datasets\final_combined_datasets\GLCDfGLUE\ER\GLCDFGLUE_ER_081.jpg,Groundnut,ER,derived,cd132ef496e49964,Rust
Z:\Projects\Smart-Farming\Datasets\final_combined_datasets\GLCDfGLUE\ER\GLCDFGLUE_ER_082.jpg,Groundnut,ER,derived,9d71222ee40f5ed4,Rust
Z:\Projects\Smart-Farming\Datasets\final_combined_datasets\GLCDfGLUE\ER\GLCDFGLUE_ER_083.jpg,Groundnut,ER,derived,9771a30eed881fd0,Rust
Z:\Projects\Smart-Farming\Datasets\final_combined_datasets\GLCDfGLUE\ER\GLCDFGLUE_ER_084.jpg,Groundnut,ER,derived,9cf1222ee40deed1,Rust
Z:\Projects\Smart-Farming\Datasets\final_combined_datasets\GLCDfGLUE\ER\GLCDFGLUE_ER_085.jpg,Groundnut,ER,derived,cd1b2ef4bae49844,Rust
Z:\Projects\Smart-Farming\Datasets\final_combined_datasets\GLCDfGLUE\ER\GLCDFGLUE_ER_086.jpg,Groundnut,ER,derived,cd0676e99049bccb,Rust
Z:\Projects\Smart-Farming\Datasets\final_combined_datasets\GLCDfGLUE\ER\GLCDFGLUE_ER_087.jpg,Groundnut,ER,derived,c9076effd26090e8,Rust
Z:\Projects\Smart-Farming\Datasets\final_combined_datasets\GLCDfGLUE\ER\GLCDFGLUE_ER_088.jpg,Groundnut,ER,derived,cd076eeff2609061,Rust
Z:\Projects\Smart-Farming\Datasets\final_combined_datasets\GLCDfGLUE\ER\GLCDFGLUE_ER_089.jpg,Groundnut,ER,derived,994e79a1afb18c31,Rust
Z:\Projects\Smart-Farming\Datasets\final_combined_datasets\GLCDfGLUE\ER\GLCDFGLUE_ER_090.jpg,Groundnut,ER,derived,d84e798daba54c15,Rust
Z:\Projects\Smart-Farming\Datasets\final_combined_datasets\GLCDfGLUE\ER\GLCDFGLUE_ER_091.jpg,Groundnut,ER,derived,98423babaea5c7a8,Rust
Z:\Projects\Smart-Farming\Datasets\final_combined_datasets\GLCDfGLUE\ER\GLCDFGLUE_ER_092.jpg,Groundnut,ER,derived,8c1b3ee4fb64c10e,Rust
Z:\Projects\Smart-Farming\Datasets\final_combined_datasets\GLCDfGLUE\ER\GLCDFGLUE_ER_093.jpg,Groundnut,ER,derived,cd0772fd9241905f,Rust
Z:\Projects\Smart-Farming\Datasets\final_combined_datasets\GLCDfGLUE\ER\GLCDFGLUE_ER_094.jpg,Groundnut,ER,derived,8c1b2cf4fae49964,Rust
Z:\Projects\Smart-Farming\Datasets\final_combined_datasets\GLCDfGLUE\ER\GLCDFGLUE_ER_095.jpg,Groundnut,ER,derived,c235365b9c9d4ea4,Rust
Z:\Projects\Smart-Farming\Datasets\final_combined_datasets\GLCDfGLUE\ER\GLCDFGLUE_ER_096.jpg,Groundnut,ER,derived,98d47bb0c7b1c631,Rust
Z:\Projects\Smart-Farming\Datasets\final_combined_datasets\GLCDfGLUE\ER\GLCDFGLUE_ER_097.jpg,Groundnut,ER,derived,9ef5a30cc8881fd3,Rust
Z:\Projects\Smart-Farming\Datasets\final_combined_datasets\GLCDfGLUE\ER\GLCDFGLUE_ER_098.jpg,Groundnut,ER,derived,98523baac7b4c53a,Rust
Z:\Projects\Smart-Farming\Datasets\final_combined_datasets\GLCDfGLUE\ER\GLCDFGLUE_ER_099.jpg,Groundnut,ER,derived,cd0766fdd26190e1,Rust
Z:\Projects\Smart-Farming\Datasets\final_combined_datasets\GLCDfGLUE\ER\GLCDFGLUE_ER_100.jpg,Groundnut,ER,derived,c926f678b5590995,Rust
Z:\Projects\Smart-Farming\Datasets\final_combined_datasets\GLCDfGLUE\ER\GLCDFGLUE_ER_101.jpg,Groundnut,ER,derived,985227b8c75ce54b,Rust
Z:\Projects\Smart-Farming\Datasets\final_combined_datasets\GLCDfGLUE\ER\GLCDFGLUE_ER_102.jpg,Groundnut,ER,derived,c124777bb1591b85,Rust
Z:\Projects\Smart-Farming\Datasets\final_combined_datasets\GLCDfGLUE\ER\GLCDFGLUE_ER_103.jpg,Groundnut,ER,derived,c90776ebb260b50b,Rust
Z:\Projects\Smart-Farming\Datasets\final_combined_datasets\GLCDfGLUE\ER\GLCDFGLUE_ER_104.jpg,Groundnut,ER,derived,c9036eb712e89ee8,Rust
Z:\Projects\Smart-Farming\Datasets\final_combined_datasets\GLCDfGLUE\ER\GLCDFGLUE_ER_105.jpg,Groundnut,ER,derived,9c523aea0725c7bc,Rust
Z:\Projects\Smart-Farming\Datasets\final_combined_datasets\GLCDfGLUE\ER\GLCDFGLUE_ER_106.jpg,Groundnut,ER,derived,c9046db752fa92e8,Rust
Z:\Projects\Smart-Farming\Datasets\final_combined_datasets\GLCDfGLUE\ER\GLCDFGLUE_ER_107.jpg,Groundnut,ER,derived,c90676f99049b5c7,Rust
Z:\Projects\Smart-Farming\Datasets\final_combined_datasets\GLCDfGLUE\ER\GLCDFGLUE_ER_108.jpg,Groundnut,ER,derived,c90366ef92e8b269,Rust
Z:\Projects\Smart-Farming\Datasets\final_combined_datasets\GLCDfGLUE\ER\GLCDFGLUE_ER_109.jpg,Groundnut,ER,derived,cd192efc3ee09960,Rust
Z:\Projects\Smart-Farming\Datasets\final_combined_datasets\GLCDfGLUE\ER\GLCDFGLUE_ER_110.jpg,Groundnut,ER,derived,98563ba2c7b5c730,Rust
Z:\Projects\Smart-Farming\Datasets\final_combined_datasets\GLCDfGLUE\ER\GLCDFGLUE_ER_111.jpg,Groundnut,ER,derived,9c7323aee40ce8d3,Rust
Z:\Projects\Smart-Farming\Datasets\final_combined_datasets\GLCDfGLUE\ER\GLCDFGLUE_ER_112.jpg,Groundnut,ER,derived,d94e7985afa18c15,Rust
Z:\Projects\Smart-Farming\Datasets\final_combined_datasets\GLCDfGLUE\ER\GLCDFGLUE_ER_113.jpg,Groundnut,ER,derived,cd077eff92609049,Rust
Z:\Projects\Smart-Farming\Datasets\final_combined_datasets\GLCDfGLUE\ER\GLCDFGLUE_ER_114.jpg,Groundnut,ER,derived,9c5322aee72ce29c,Rust
Z:\Projects\Smart-Farming\Datasets\final_combined_datasets\GLCDfGLUE\ER\GLCDFGLUE_ER_115.jpg,Groundnut,ER,derived,94f3a32ee40cdcd4,Rust
Z:\Projects\Smart-Farming\Datasets\final_combined_datasets\GLCDfGLUE\ER\GLCDFGLUE_ER_116.jpg,Groundnut,ER,derived,995663b0c735c51e,Rust
Z:\Projects\Smart-Farming\Datasets\final_combined_datasets\GLCDfGLUE\ER\GLCDFGLUE_ER_117.jpg,Groundnut,ER,derived,c8a4672ab25bb3c9,Rust
Z:\Projects\Smart-Farming\Datasets\final_combined_datasets\GLCDfGLUE\ER\GLCDFGLUE_ER_118.jpg,Groundnut,ER,derived,8d1b2cd8fef13b00,Rust
Z:\Projects\Smart-Farming\Datasets\final_combined_datasets\GLCDfGLUE\ER\GLCDFGLUE_ER_119.jpg,Groundnut,ER,derived,98522bb3a7b5c51c,Rust
Z:\Projects\Smart-Farming\Datasets\final_combined_datasets\GLCDfGLUE\ER\GLCDFGLUE_ER_120.jpg,Groundnut,ER,derived,9df1222fe60e4ed0,Rust
Z:\Projects\Smart-Farming\Datasets\final_combined_datasets\GLCDfGLUE\ER\GLCDFGLUE_ER_121.jpg,Groundnut,ER,derived,984e7bab6aa1cc31,Rust
Z:\Projects\Smart-Farming\Datasets\final_combined_datasets\GLCDfGLUE\ER\GLCDFGLUE_ER_122.jpg,Groundnut,ER,derived,cc1f3ee4db65810c,Rust
Z:\Projects\Smart-Farming\Datasets\final_combined_datasets\GLCDfGLUE\ER\GLCDFGLUE_ER_123.jpg,Groundnut,ER,derived,c9036eff92e09a64,Rust
Z:\Projects\Smart-Farming\Datasets\final_combined_datasets\GLCDfGLUE\ER\GLCDFGLUE_ER_124.jpg,Groundnut,ER,derived,9873a7bcc40ce8d3,Rust
Z:\Projects\Smart-Farming\Datasets\final_combined_datasets\GLCDfGLUE\ER\GLCDFGLUE_ER_125.jpg,Groundnut,ER,derived,98567ba1c7b18d31,Rust
Z:\Projects\Smart-Farming\Datasets\final_combined_datasets\GLCDfGLUE\ER\GLCDFGLUE_ER_126.jpg,Groundnut,ER,derived,cd076ebe72b090e8,Rust
Z:\Projects\Smart-Farming\Datasets\final_combined_datasets\GLCDfGLUE\ER\GLCDFGLUE_ER_127.jpg,Groundnut,ER,derived,c52672f991592d96,Rust
Z:\Projects\Smart-Farming\Datasets\final_combined_datasets\GLCDfGLUE\ER\GLCDFGLUE_ER_128.jpg,Groundnut,ER,derived,985333a8c73cc5dc,Rust
Z:\Projects\Smart-Farming\Datasets\final_combined_datasets\GLCDfGLUE\ER\GLCDFGLUE_ER_129.jpg,Groundnut,ER,derived,c9a4757ab05bb9c0,Rust
Z:\Projects\Smart-Farming\Datasets\final_combined_datasets\GLCDfGLUE\ER\GLCDFGLUE_ER_130.jpg,Groundnut,ER,derived,8c193cd0faf4d926,Rust
Z:\Projects\Smart-Farming\Datasets\final_combined_datasets\GLCDfGLUE\ER\GLCDFGLUE_ER_131.jpg,Groundnut,ER,derived,d94e6ba1aeb18433,Rust
Z:\Projects\Smart-Farming\Datasets\final_combined_datasets\GLCDfGLUE\ER\GLCDFGLUE_ER_132.jpg,Groundnut,ER,derived,9473a32ce40d7cd3,Rust
Z:\Projects\Smart-Farming\Datasets\final_combined_datasets\GLCDfGLUE\ER\GLCDFGLUE_ER_133.jpg,Groundnut,ER,derived,985327bcc51ce8cb,Rust
Z:\Projects\Smart-Farming\Datasets\final_combined_datasets\GLCDfGLUE\ER\GLCDFGLUE_ER_134.jpg,Groundnut,ER,derived,c90672f99148bdd6,Rust
Z:\Projects\Smart-Farming\Datasets\final_combined_datasets\GLCDfGLUE\ER\GLCDFGLUE_ER_135.jpg,Groundnut,ER,derived,cc0b3ef4dbe49144,Rust
Z:\Projects\Smart-Farming\Datasets\final_combined_datasets\GLCDfGLUE\ER\GLCDFGLUE_ER_136.jpg,Groundnut,ER,derived,985a6ba1a735c55a,Rust
Z:\Projects\Smart-Farming\Datasets\final_combined_datasets\GLCDfGLUE\ER\GLCDFGLUE_ER_137.jpg,Groundnut,ER,derived,c90666ef926896e9,Rust
Z:\Projects\Smart-Farming\Datasets\final_combined_datasets\GLCDfGLUE\ER\GLCDFGLUE_ER_138.jpg,Groundnut,ER,derived,9a4c7ba9eab18c31,Rust
Z:\Projects\Smart-Farming\Datasets\final_combined_datasets\GLCDfGLUE\ER\GLCDFGLUE_ER_139.jpg,Groundnut,ER,derived,9df1232ee40fd41c,Rust
Z:\Projects\Smart-Farming\Datasets\final_combined_datasets\GLCDfGLUE\ER\GLCDFGLUE_ER_140.jpg,Groundnut,ER,derived,c224775bb9595a85,Rust
Z:\Projects\Smart-Farming\Datasets\final_combined_datasets\GLCDfGLUE\ER\GLCDFGLUE_ER_141.jpg,Groundnut,ER,derived,98467aaa6ab1ce39,Rust
Z:\Projects\Smart-Farming\Datasets\final_combined_datasets\GLCDfGLUE\ER\GLCDFGLUE_ER_142.jpg,Groundnut,ER,derived,9e8e41b19051df4f,Rust
Z:\Projects\Smart-Farming\Datasets\final_combined_datasets\GLCDfGLUE\ER\GLCDFGLUE_ER_143.jpg,Groundnut,ER,derived,c0d23de5f1a78916,Rust
Z:\Projects\Smart-Farming\Datasets\final_combined_datasets\GLCDfGLUE\ER\GLCDFGLUE_ER_144.jpg,Groundnut,ER,derived,958f68b084d1f4db,Rust
Z:\Projects\Smart-Farming\Datasets\final_combined_datasets\GLCDfGLUE\ER\GLCDFGLUE_ER_145.jpg,Groundnut,ER,derived,9f8e69b08051d4fb,Rust
Z:\Projects\Smart-Farming\Datasets\final_combined_datasets\GLCDfGLUE\ER\GLCDFGLUE_ER_146.jpg,Groundnut,ER,derived,c09337ebf1a3d106,Rust
Z:\Projects\Smart-Farming\Datasets\final_combined_datasets\GLCDfGLUE\ER\GLCDFGLUE_ER_147.jpg,Groundnut,ER,derived,c9ce39e902e565c6,Rust
Z:\Projects\Smart-Farming\Datasets\final_combined_datasets\GLCDfGLUE\ER\GLCDFGLUE_ER_148.jpg,Groundnut,ER,derived,c0d23de9b1a5a9a6,Rust
Z:\Projects\Smart-Farming\Datasets\final_combined_datasets\GLCDfGLUE\ER\GLCDFGLUE_ER_149.jpg,Groundnut,ER,derived,c2933da9f0c6de18,Rust
Z:\Projects\Smart-Farming\Datasets\final_combined_datasets\GLCDfGLUE\ER\GLCDFGLUE_ER_150.jpg,Groundnut,ER,derived,d0d23dede187889a,Rust
Z:\Projects\Smart-Farming\Datasets\final_combined_datasets\GLCDfGLUE\ER\GLCDFGLUE_ER_151.jpg,Groundnut,ER,derived,cadb35e5e1868a1a,Rust
Z:\Projects\Smart-Farming\Datasets\final_combined_datasets\GLCDfGLUE\ER\GLCDFGLUE_ER_152.jpg,Groundnut,ER,derived,98bd659056bb3703,Rust
Z:\Projects\Smart-Farming\Datasets\final_combined_datasets\GLCDfGLUE\ER\GLCDFGLUE_ER_153.jpg,Groundnut,ER,derived,958f44909451f7cf,Rust
Z:\Projects\Smart-Farming\Datasets\final_combined_datasets\GLCDfGLUE\ER\GLCDFGLUE_ER_154.jpg,Groundnut,ER,derived,c2d734a5e0fe4e18,Rust
Z:\Projects\Smart-Farming\Datasets\final_combined_datasets\GLCDfGLUE\ER\GLCDFGLUE_ER_155.jpg,Groundnut,ER,derived,9c9d6bb653838307,Rust
Z:\Projects\Smart-Farming\Datasets\final_combined_datasets\GLCDfGLUE\ER\GLCDFGLUE_ER_156.jpg,Groundnut,ER,derived,878668b8b5d25f45,Rust
Z:\Projects\Smart-Farming\Datasets\final_combined_datasets\GLCDfGLUE\ER\GLCDFGLUE_ER_157.jpg,Groundnut,ER,derived,cbdb10c5431487bf,Rust
Z:\Projects\Smart-Farming\Datasets\final_combined_datasets\GLCDfGLUE\ER\GLCDFGLUE_ER_158.jpg,Groundnut,ER,derived,9f8a6fb457c080e3,Rust
Z:\Projects\Smart-Farming\Datasets\final_combined_datasets\GLCDfGLUE\ER\GLCDFGLUE_ER_159.jpg,Groundnut,ER,derived,c2d335e5f1af8052,Rust
Z:\Projects\Smart-Farming\Datasets\final_combined_datasets\GLCDfGLUE\ER\GLCDFGLUE_ER_160.jpg,Groundnut,ER,derived,958768b5a0d0f0fb,Rust
Z:\Projects\Smart-Farming\Datasets\final_combined_datasets\GLCDfGLUE\ER\GLCDFGLUE_ER_161.jpg,Groundnut,ER,derived,968e4091d65b5f4e,Rust
Z:\Projects\Smart-Farming\Datasets\final_combined_datasets\GLCDfGLUE\ER\GLCDFGLUE_ER_162.jpg,Groundnut,ER,derived,958768b0b4d0d5cf,Rust
Z:\Projects\Smart-Farming\Datasets\final_combined_datasets\GLCDfGLUE\ER\GLCDFGLUE_ER_163.jpg,Groundnut,ER,derived,9f8e40b0b45b5f4c,Rust
Z:\Projects\Smart-Farming\Datasets\final_combined_datasets\GLCDfGLUE\ER\GLCDFGLUE_ER_164.jpg,Groundnut,ER,derived,c8da38e1554535af,Rust
Z:\Projects\Smart-Farming\Datasets\final_combined_datasets\GLCDfGLUE\ER\GLCDFGLUE_ER_165.jpg,Groundnut,ER,derived,d2d33dede00f0e18,Rust
Z:\Projects\Smart-Farming\Datasets\final_combined_datasets\GLCDfGLUE\ER\GLCDFGLUE_ER_166.jpg,Groundnut,ER,derived,9e9e4591574182ef,Rust
Z:\Projects\Smart-Farming\Datasets\final_combined_datasets\GLCDfGLUE\ER\GLCDFGLUE_ER_167.jpg,Groundnut,ER,derived,958f6ab190d0b0ef,Rust
Z:\Projects\Smart-Farming\Datasets\final_combined_datasets\GLCDfGLUE\ER\GLCDFGLUE_ER_168.jpg,Groundnut,ER,derived,c0d33debe1a78906,Rust
Z:\Projects\Smart-Farming\Datasets\final_combined_datasets\GLCDfGLUE\ER\GLCDFGLUE_ER_169.jpg,Groundnut,ER,derived,c2d735e5a31e0a59,Rust
Z:\Projects\Smart-Farming\Datasets\final_combined_datasets\GLCDfGLUE\ER\GLCDFGLUE_ER_170.jpg,Groundnut,ER,derived,9e8e40b08051ffdf,Rust
Z:\Projects\Smart-Farming\Datasets\final_combined_datasets\GLCDfGLUE\ER\GLCDFGLUE_ER_171.jpg,Groundnut,ER,derived,838668f8bdcb5a45,Rust
Z:\Projects\Smart-Farming\Datasets\final_combined_datasets\GLCDfGLUE\ER\GLCDFGLUE_ER_172.jpg,Groundnut,ER,derived,83c46afeaed05349,Rust
Z:\Projects\Smart-Farming\Datasets\final_combined_datasets\GLCDfGLUE\ER\GLCDFGLUE_ER_173.jpg,Groundnut,ER,derived,c9ec3de903ed20c6,Rust
Z:\Projects\Smart-Farming\Datasets\final_combined_datasets\GLCDfGLUE\ER\GLCDFGLUE_ER_174.jpg,Groundnut,ER,derived,c2d335e5e0eedc10,Rust
Z:\Projects\Smart-Farming\Datasets\final_combined_datasets\GLCDfGLUE\ER\GLCDFGLUE_ER_175.jpg,Groundnut,ER,derived,d0d33defe1878a10,Rust
Z:\Projects\Smart-Farming\Datasets\final_combined_datasets\GLCDfGLUE\ER\GLCDFGLUE_ER_176.jpg,Groundnut,ER,derived,87866abeacf28a43,Rust
Z:\Projects\Smart-Farming\Datasets\final_combined_datasets\GLCDfGLUE\ER\GLCDFGLUE_ER_177.jpg,Groundnut,ER,derived,978660b0b4fb5f05,Rust
Z:\Projects\Smart-Farming\Datasets\final_combined_datasets\GLCDfGLUE\ER\GLCDFGLUE_ER_178.jpg,Groundnut,ER,derived,c2933fa1e0a3df06,Rust
Z:\Projects\Smart-Farming\Datasets\final_combined_datasets\GLCDfGLUE\ER\GLCDFGLUE_ER_179.jpg,Groundnut,ER,derived,c8ca38e906c77796,Rust
Z:\Projects\Smart-Farming\Datasets\final_combined_datasets\GLCDfGLUE\ER\GLCDFGLUE_ER_180.jpg,Groundnut,ER,derived,9f8b6abd12d0b0c3,Rust
Z:\Projects\Smart-Farming\Datasets\final_combined_datasets\GLCDfGLUE\ER\GLCDFGLUE_ER_181.jpg,Groundnut,ER,derived,c2d33de5e18f0a1a,Rust
Z:\Projects\Smart-Farming\Datasets\final_combined_datasets\GLCDfGLUE\ER\GLCDFGLUE_ER_182.jpg,Groundnut,ER,derived,9cbc6cb457530353,Rust
Z:\Projects\Smart-Farming\Datasets\final_combined_datasets\GLCDfGLUE\ER\GLCDFGLUE_ER_183.jpg,Groundnut,ER,derived,cbcb38e5024656f6,Rust
Z:\Projects\Smart-Farming\Datasets\final_combined_datasets\GLCDfGLUE\ER\GLCDFGLUE_ER_184.jpg,Groundnut,ER,derived,9f9a6bb457038147,Rust
Z:\Projects\Smart-Farming\Datasets\final_combined_datasets\GLCDfGLUE\ER\GLCDFGLUE_ER_185.jpg,Groundnut,ER,derived,cbdb15c58704aa9b,Rust
Z:\Projects\Smart-Farming\Datasets\final_combined_datasets\GLCDfGLUE\ER\GLCDFGLUE_ER_186.jpg,Groundnut,ER,derived,978e68b0a0d1fc5b,Rust
Z:\Projects\Smart-Farming\Datasets\final_combined_datasets\GLCDfGLUE\ER\GLCDFGLUE_ER_187.jpg,Groundnut,ER,derived,85876cb994d2d4cb,Rust
Z:\Projects\Smart-Farming\Datasets\final_combined_datasets\GLCDfGLUE\ER\GLCDFGLUE_ER_188.jpg,Groundnut,ER,derived,9f8660b0a4fabe23,Rust
Z:\Projects\Smart-Farming\Datasets\final_combined_datasets\GLCDfGLUE\ER\GLCDFGLUE_ER_189.jpg,Groundnut,ER,derived,978e60b0a0fabc57,Rust
Z:\Projects\Smart-Farming\Datasets\final_combined_datasets\GLCDfGLUE\ER\GLCDFGLUE_ER_190.jpg,Groundnut,ER,derived,81c66abeaeb29a83,Rust
Z:\Projects\Smart-Farming\Datasets\final_combined_datasets\GLCDfGLUE\ER\GLCDFGLUE_ER_191.jpg,Groundnut,ER,derived,d6933fa8f8d4051c,Rust
Z:\Projects\Smart-Farming\Datasets\final_combined_datasets\GLCDfGLUE\ER\GLCDFGLUE_ER_192.jpg,Groundnut,ER,derived,cde830c507fee292,Rust
Z:\Projects\Smart-Farming\Datasets\final_combined_datasets\GLCDfGLUE\ER\GLCDFGLUE_ER_193.jpg,Groundnut,ER,derived,cacf2ae902c57596,Rust
Z:\Projects\Smart-Farming\Datasets\final_combined_datasets\GLCDfGLUE\ER\GLCDFGLUE_ER_194.jpg,Groundnut,ER,derived,c0da3de0d585a59e,Rust
Z:\Projects\Smart-Farming\Datasets\final_combined_datasets\GLCDfGLUE\ER\GLCDFGLUE_ER_195.jpg,Groundnut,ER,derived,949f4490d051faef,Rust
Z:\Projects\Smart-Farming\Datasets\final_combined_datasets\GLCDfGLUE\ER\GLCDFGLUE_ER_196.jpg,Groundnut,ER,derived,858668bebed013cb,Rust
Z:\Projects\Smart-Farming\Datasets\final_combined_datasets\GLCDfGLUE\ER\GLCDFGLUE_ER_197.jpg,Groundnut,ER,derived,cbdb15e5f5048a1a,Rust
Z:\Projects\Smart-Farming\Datasets\final_combined_datasets\GLCDfGLUE\ER\GLCDFGLUE_ER_198.jpg,Groundnut,ER,derived,98bd69b072aa3783,Rust
Z:\Projects\Smart-Farming\Datasets\final_combined_datasets\GLCDfGLUE\ER\GLCDFGLUE_ER_199.jpg,Groundnut,ER,derived,d0d33dedc1070e5a,Rust
Z:\Projects\Smart-Farming\Datasets\final_combined_datasets\GLCDfGLUE\ER\GLCDFGLUE_ER_200.jpg,Groundnut,ER,derived,d8da3fe0d185a586,Rust
Z:\Projects\Smart-Farming\Datasets\final_combined_datasets\GLCDfGLUE\ER\GLCDFGLUE_ER_201.jpg,Groundnut,ER,derived,85866abeacf2ae12,Rust
Z:\Projects\Smart-Farming\Datasets\final_combined_datasets\GLCDfGLUE\ER\GLCDFGLUE_ER_202.jpg,Groundnut,ER,derived,c8da38e5570515be,Rust
Z:\Projects\Smart-Farming\Datasets\final_combined_datasets\GLCDfGLUE\ER\GLCDFGLUE_ER_203.jpg,Groundnut,ER,derived,9cbd6d9057b90313,Rust
Z:\Projects\Smart-Farming\Datasets\final_combined_datasets\GLCDfGLUE\ER\GLCDFGLUE_ER_204.jpg,Groundnut,ER,derived,858549adf4f0f472,Rust
Z:\Projects\Smart-Farming\Datasets\final_combined_datasets\GLCDfGLUE\ER\GLCDFGLUE_ER_205.jpg,Groundnut,ER,derived,9d8f6fb40410e0fb,Rust
Z:\Projects\Smart-Farming\Datasets\final_combined_datasets\GLCDfGLUE\ER\GLCDFGLUE_ER_206.jpg,Groundnut,ER,derived,9d8f6db500d060fb,Rust
Z:\Projects\Smart-Farming\Datasets\final_combined_datasets\GLCDfGLUE\ER\GLCDFGLUE_ER_207.jpg,Groundnut,ER,derived,9d9f6bb01242a0ef,Rust
Z:\Projects\Smart-Farming\Datasets\final_combined_datasets\GLCDfGLUE\ER\GLCDFGLUE_ER_208.jpg,Groundnut,ER,derived,828a7bea28456bd7,Rust
Z:\Projects\Smart-Farming\Datasets\final_combined_datasets\GLCDfGLUE\ER\GLCDFGLUE_ER_209.jpg,Groundnut,ER,derived,809a7bea2a756b43,Rust
Z:\Projects\Smart-Farming\Datasets\final_combined_datasets\GLCDfGLUE\ER\GLCDFGLUE_ER_210.jpg,Groundnut,ER,derived,dcff2c17f800f803,Rust
Z:\Projects\Smart-Farming\Datasets\final_combined_datasets\GLCDfGLUE\ER\GLCDFGLUE_ER_211.jpg,Groundnut,ER,derived,85975177566942e3,Rust
Z:\Projects\Smart-Farming\Datasets\final_combined_datasets\GLCDfGLUE\ER\GLCDFGLUE_ER_212.jpg,Groundnut,ER,derived,88ca6963a855adde,Rust
Z:\Projects\Smart-Farming\Datasets\final_combined_datasets\GLCDfGLUE\ER\GLCDFGLUE_ER_213.jpg,Groundnut,ER,derived,d1ef68096c47616e,Rust
Z:\Projects\Smart-Farming\Datasets\final_combined_datasets\GLCDfGLUE\ER\GLCDFGLUE_ER_214.jpg,Groundnut,ER,derived,8eb52a7a5523b2a6,Rust
Z:\Projects\Smart-Farming\Datasets\final_combined_datasets\GLCDfGLUE\ER\GLCDFGLUE_ER_215.jpg,Groundnut,ER,derived,82bd7a692a652769,Rust
Z:\Projects\Smart-Farming\Datasets\final_combined_datasets\GLCDfGLUE\ER\GLCDFGLUE_ER_216.jpg,Groundnut,ER,derived,d3e06d2b207623f3,Rust
Z:\Projects\Smart-Farming\Datasets\final_combined_datasets\GLCDfGLUE\ER\GLCDFGLUE_ER_217.jpg,Groundnut,ER,derived,dae97f00ecf76200,Rust
Z:\Projects\Smart-Farming\Datasets\final_combined_datasets\GLCDfGLUE\ER\GLCDFGLUE_ER_218.jpg,Groundnut,ER,derived,8eb52a7575232665,Rust
Z:\Projects\Smart-Farming\Datasets\final_combined_datasets\GLCDfGLUE\ER\GLCDFGLUE_ER_219.jpg,Groundnut,ER,derived,dedf3c10f823005f,Rust
Z:\Projects\Smart-Farming\Datasets\final_combined_datasets\GLCDfGLUE\ER\GLCDFGLUE_ER_220.jpg,Groundnut,ER,derived,deef2c04fe00703e,Rust
Z:\Projects\Smart-Farming\Datasets\final_combined_datasets\GLCDfGLUE\ER\GLCDFGLUE_ER_221.jpg,Groundnut,ER,derived,dbe87f082c477708,Rust
Z:\Projects\Smart-Farming\Datasets\final_combined_datasets\GLCDfGLUE\ER\GLCDFGLUE_ER_222.jpg,Groundnut,ER,derived,d7e82f347b307038,Rust
Z:\Projects\Smart-Farming\Datasets\final_combined_datasets\GLCDfGLUE\ER\GLCDFGLUE_ER_223.jpg,Groundnut,ER,derived,91fc2b3e703072da,Rust
Z:\Projects\Smart-Farming\Datasets\final_combined_datasets\GLCDfGLUE\ER\GLCDFGLUE_ER_224.jpg,Groundnut,ER,derived,d5ca2d0d0da034ff,Rust
Z:\Projects\Smart-Farming\Datasets\final_combined_datasets\GLCDfGLUE\ER\GLCDFGLUE_ER_225.jpg,Groundnut,ER,derived,dbe87f002c777320,Rust
Z:\Projects\Smart-Farming\Datasets\final_combined_datasets\GLCDfGLUE\ER\GLCDFGLUE_ER_226.jpg,Groundnut,ER,derived,dee83e007e377038,Rust
Z:\Projects\Smart-Farming\Datasets\final_combined_datasets\GLCDfGLUE\ER\GLCDFGLUE_ER_227.jpg,Groundnut,ER,derived,848a79ea68656bc7,Rust
Z:\Projects\Smart-Farming\Datasets\final_combined_datasets\GLCDfGLUE\ER\GLCDFGLUE_ER_228.jpg,Groundnut,ER,derived,d1c3062f077c3fa2,Rust
Z:\Projects\Smart-Farming\Datasets\final_combined_datasets\GLCDfGLUE\ER\GLCDFGLUE_ER_229.jpg,Groundnut,ER,derived,8baa6b45aa75654a,Rust
Z:\Projects\Smart-Farming\Datasets\final_combined_datasets\GLCDfGLUE\ER\GLCDFGLUE_ER_230.jpg,Groundnut,ER,derived,dfca2e307f207611,Rust
Z:\Projects\Smart-Farming\Datasets\final_combined_datasets\GLCDfGLUE\ER\GLCDFGLUE_ER_231.jpg,Groundnut,ER,derived,d4ce2e047f203e1f,Rust
Z:\Projects\Smart-Farming\Datasets\final_combined_datasets\GLCDfGLUE\ER\GLCDFGLUE_ER_232.jpg,Groundnut,ER,derived,d5cf2e275f203e02,Rust
Z:\Projects\Smart-Farming\Datasets\final_combined_datasets\GLCDfGLUE\ER\GLCDFGLUE_ER_233.jpg,Groundnut,ER,derived,cb966b67a844a15e,Rust
Z:\Projects\Smart-Farming\Datasets\final_combined_datasets\GLCDfGLUE\ER\GLCDFGLUE_ER_234.jpg,Groundnut,ER,derived,898a6b42a955adde,Rust
Z:\Projects\Smart-Farming\Datasets\final_combined_datasets\GLCDfGLUE\ER\GLCDFGLUE_ER_235.jpg,Groundnut,ER,derived,80bd7a5a18742b7d,Rust
Z:\Projects\Smart-Farming\Datasets\final_combined_datasets\GLCDfGLUE\ER\GLCDFGLUE_ER_236.jpg,Groundnut,ER,derived,82967a736a626ac7,Rust
Z:\Projects\Smart-Farming\Datasets\final_combined_datasets\GLCDfGLUE\ER\GLCDFGLUE_ER_237.jpg,Groundnut,ER,derived,d7ca2e0c2f203e3e,Rust
Z:\Projects\Smart-Farming\Datasets\final_combined_datasets\GLCDfGLUE\ER\GLCDFGLUE_ER_238.jpg,Groundnut,ER,derived,829b7b512a75696a,Rust
Z:\Projects\Smart-Farming\Datasets\final_combined_datasets\GLCDfGLUE\ER\GLCDFGLUE_ER_239.jpg,Groundnut,ER,derived,8a8e7a692a652b4f,Rust
Z:\Projects\Smart-Farming\Datasets\final_combined_datasets\GLCDfGLUE\ER\GLCDFGLUE_ER_240.jpg,Groundnut,ER,derived,80bf7f4e78527640,Rust
Z:\Projects\Smart-Farming\Datasets\final_combined_datasets\GLCDfGLUE\ER\GLCDFGLUE_ER_241.jpg,Groundnut,ER,derived,d1ea680b6d07674d,Rust
Z:\Projects\Smart-Farming\Datasets\final_combined_datasets\GLCDfGLUE\ER\GLCDFGLUE_ER_242.jpg,Groundnut,ER,derived,d0ef68216c7762f0,Rust
Z:\Projects\Smart-Farming\Datasets\final_combined_datasets\GLCDfGLUE\ER\GLCDFGLUE_ER_243.jpg,Groundnut,ER,derived,8a9e7b602a756b46,Rust
Z:\Projects\Smart-Farming\Datasets\final_combined_datasets\GLCDfGLUE\ER\GLCDFGLUE_ER_244.jpg,Groundnut,ER,derived,deff2c147e003817,Rust
Z:\Projects\Smart-Farming\Datasets\final_combined_datasets\GLCDfGLUE\ER\GLCDFGLUE_ER_245.jpg,Groundnut,ER,derived,c4ab7d6a2560276b,Rust
Z:\Projects\Smart-Farming\Datasets\final_combined_datasets\GLCDfGLUE\ER\GLCDFGLUE_ER_246.jpg,Groundnut,ER,derived,d7cf0e0f07643f02,Rust
Z:\Projects\Smart-Farming\Datasets\final_combined_datasets\GLCDfGLUE\ER\GLCDFGLUE_ER_247.jpg,Groundnut,ER,derived,8bb82b55ab726529,Rust
Z:\Projects\Smart-Farming\Datasets\final_combined_datasets\GLCDfGLUE\ER\GLCDFGLUE_ER_248.jpg,Groundnut,ER,derived,8b8e6b64ab65a50e,Rust
Z:\Projects\Smart-Farming\Datasets\final_combined_datasets\GLCDfGLUE\ER\GLCDFGLUE_ER_249.jpg,Groundnut,ER,derived,84a97d603f6225af,Rust
Z:\Projects\Smart-Farming\Datasets\final_combined_datasets\GLCDfGLUE\ER\GLCDFGLUE_ER_250.jpg,Groundnut,ER,derived,829f7a682a756b4a,Rust
Z:\Projects\Smart-Farming\Datasets\final_combined_datasets\GLCDfGLUE\ER\GLCDFGLUE_ER_251.jpg,Groundnut,ER,derived,91fa6a1b4d076f05,Rust
Z:\Projects\Smart-Farming\Datasets\final_combined_datasets\GLCDfGLUE\ER\GLCDFGLUE_ER_252.jpg,Groundnut,ER,derived,def93c10fa33005b,Rust
Z:\Projects\Smart-Farming\Datasets\final_combined_datasets\GLCDfGLUE\ER\GLCDFGLUE_ER_253.jpg,Groundnut,ER,derived,84bf3d5a38503739,Rust
Z:\Projects\Smart-Farming\Datasets\final_combined_datasets\GLCDfGLUE\ER\GLCDFGLUE_ER_254.jpg,Groundnut,ER,derived,95c32d223d363f92,Rust
Z:\Projects\Smart-Farming\Datasets\final_combined_datasets\GLCDfGLUE\ER\GLCDFGLUE_ER_255.jpg,Groundnut,ER,derived,8bba7b51aa71612a,Rust
Z:\Projects\Smart-Farming\Datasets\final_combined_datasets\GLCDfGLUE\ER\GLCDFGLUE_ER_256.jpg,Groundnut,ER,derived,8bbd6b452e66254c,Rust
Z:\Projects\Smart-Farming\Datasets\final_combined_datasets\GLCDfGLUE\ER\GLCDFGLUE_ER_257.jpg,Groundnut,ER,derived,849a5fea4a616ac7,Rust
Z:\Projects\Smart-Farming\Datasets\final_combined_datasets\GLCDfGLUE\ER\GLCDFGLUE_ER_258.jpg,Groundnut,ER,derived,82ad6a6d2a65274f,Rust
Z:\Projects\Smart-Farming\Datasets\final_combined_datasets\GLCDfGLUE\ER\GLCDFGLUE_ER_259.jpg,Groundnut,ER,derived,dee93e007f20303f,Rust
Z:\Projects\Smart-Farming\Datasets\final_combined_datasets\GLCDfGLUE\ER\GLCDFGLUE_ER_260.jpg,Groundnut,ER,derived,d5fc283c7934703a,Rust
Z:\Projects\Smart-Farming\Datasets\final_combined_datasets\GLCDfGLUE\ER\GLCDFGLUE_ER_261.jpg,Groundnut,ER,derived,8abd7b593a702529,Rust
Z:\Projects\Smart-Farming\Datasets\final_combined_datasets\GLCDfGLUE\ER\GLCDFGLUE_ER_262.jpg,Groundnut,ER,derived,829a7b7a5a316a53,Rust
Z:\Projects\Smart-Farming\Datasets\final_combined_datasets\GLCDfGLUE\ER\GLCDFGLUE_ER_263.jpg,Groundnut,ER,derived,dec32e307f307e10,Rust
Z:\Projects\Smart-Farming\Datasets\final_combined_datasets\GLCDfGLUE\ER\GLCDFGLUE_ER_264.jpg,Groundnut,ER,derived,86b82a7a753366aa,Rust
Z:\Projects\Smart-Farming\Datasets\final_combined_datasets\GLCDfGLUE\ER\GLCDFGLUE_ER_265.jpg,Groundnut,ER,derived,888a7b602b55ef4e,Rust
Z:\Projects\Smart-Farming\Datasets\final_combined_datasets\GLCDfGLUE\ER\GLCDFGLUE_ER_266.jpg,Groundnut,ER,derived,9d822d06fd15fc83,Rust
Z:\Projects\Smart-Farming\Datasets\final_combined_datasets\GLCDfGLUE\ER\GLCDFGLUE_ER_267.jpg,Groundnut,ER,derived,dbe07f2020f773a0,Rust
Z:\Projects\Smart-Farming\Datasets\final_combined_datasets\GLCDfGLUE\ER\GLCDFGLUE_ER_268.jpg,Groundnut,ER,derived,dccb3e10fc20b05f,Rust
Z:\Projects\Smart-Farming\Datasets\final_combined_datasets\GLCDfGLUE\ER\GLCDFGLUE_ER_269.jpg,Groundnut,ER,derived,8abe6b452a75694a,Rust
Z:\Projects\Smart-Farming\Datasets\final_combined_datasets\GLCDfGLUE\ER\GLCDFGLUE_ER_270.jpg,Groundnut,ER,derived,8baa6945ab74256e,Rust
Z:\Projects\Smart-Farming\Datasets\final_combined_datasets\GLCDfGLUE\ER\GLCDFGLUE_ER_271.jpg,Groundnut,ER,derived,d2ef792828672366,Rust
Z:\Projects\Smart-Farming\Datasets\final_combined_datasets\GLCDfGLUE\ER\GLCDFGLUE_ER_272.jpg,Groundnut,ER,derived,dfe83e307b20f051,Rust
Z:\Projects\Smart-Farming\Datasets\final_combined_datasets\GLCDfGLUE\ER\GLCDFGLUE_ER_273.jpg,Groundnut,ER,derived,deef0cf45e007e02,Rust
Z:\Projects\Smart-Farming\Datasets\final_combined_datasets\GLCDfGLUE\ER\GLCDFGLUE_ER_274.jpg,Groundnut,ER,derived,dee82e00ff26303e,Rust
Z:\Projects\Smart-Farming\Datasets\final_combined_datasets\GLCDfGLUE\ER\GLCDFGLUE_ER_275.jpg,Groundnut,ER,derived,d7ef06ff05203e02,Rust
Z:\Projects\Smart-Farming\Datasets\final_combined_datasets\GLCDfGLUE\ER\GLCDFGLUE_ER_276.jpg,Groundnut,ER,derived,dd873d16fd00f803,Rust
Z:\Projects\Smart-Farming\Datasets\final_combined_datasets\GLCDfGLUE\ER\GLCDFGLUE_ER_277.jpg,Groundnut,ER,derived,86e96cbfe61432a2,Rust
Z:\Projects\Smart-Farming\Datasets\final_combined_datasets\GLCDfGLUE\ER\GLCDFGLUE_ER_278.jpg,Groundnut,ER,derived,94f33a35b03e9319,Rust
Z:\Projects\Smart-Farming\Datasets\final_combined_datasets\GLCDfGLUE\ER\GLCDFGLUE_ER_279.jpg,Groundnut,ER,derived,83a72a62756be64c,Rust
Z:\Projects\Smart-Farming\Datasets\final_combined_datasets\GLCDfGLUE\ER\GLCDFGLUE_ER_280.jpg,Groundnut,ER,derived,80e96dbde55422f2,Rust
Z:\Projects\Smart-Farming\Datasets\final_combined_datasets\GLCDfGLUE\ER\GLCDFGLUE_ER_281.jpg,Groundnut,ER,derived,d0bd3a7031e147a7,Rust
Z:\Projects\Smart-Farming\Datasets\final_combined_datasets\GLCDfGLUE\ER\GLCDFGLUE_ER_282.jpg,Groundnut,ER,derived,d0bd3a7db0782361,Rust
Z:\Projects\Smart-Farming\Datasets\final_combined_datasets\GLCDfGLUE\ER\GLCDFGLUE_ER_283.jpg,Groundnut,ER,derived,c0ae6e60e16bce8d,Rust
Z:\Projects\Smart-Farming\Datasets\final_combined_datasets\GLCDfGLUE\ER\GLCDFGLUE_ER_284.jpg,Groundnut,ER,derived,85e86d3724721b3b,Rust
Z:\Projects\Smart-Farming\Datasets\final_combined_datasets\GLCDfGLUE\ER\GLCDFGLUE_ER_285.jpg,Groundnut,ER,derived,81ae6c60c5edce9c,Rust
Z:\Projects\Smart-Farming\Datasets\final_combined_datasets\GLCDfGLUE\ER\GLCDFGLUE_ER_286.jpg,Groundnut,ER,derived,d3b13163724746e6,Rust
Z:\Projects\Smart-Farming\Datasets\final_combined_datasets\GLCDfGLUE\ER\GLCDFGLUE_ER_287.jpg,Groundnut,ER,derived,c4cb4c5de9c99589,Rust
Z:\Projects\Smart-Farming\Datasets\final_combined_datasets\GLCDfGLUE\ER\GLCDFGLUE_ER_288.jpg,Groundnut,ER,derived,95f63b21343ea2b8,Rust
Z:\Projects\Smart-Farming\Datasets\final_combined_datasets\GLCDfGLUE\ER\GLCDFGLUE_ER_289.jpg,Groundnut,ER,derived,80aa6e60e1e9de9d,Rust
Z:\Projects\Smart-Farming\Datasets\final_combined_datasets\GLCDfGLUE\ER\GLCDFGLUE_ER_290.jpg,Groundnut,ER,derived,d1bd3860756146e7,Rust
Z:\Projects\Smart-Farming\Datasets\final_combined_datasets\GLCDfGLUE\ER\GLCDFGLUE_ER_291.jpg,Groundnut,ER,derived,c4834c7fe949d589,Rust
Z:\Projects\Smart-Farming\Datasets\final_combined_datasets\GLCDfGLUE\ER\GLCDFGLUE_ER_292.jpg,Groundnut,ER,derived,d0bd3a78b17121a7,Rust
Z:\Projects\Smart-Farming\Datasets\final_combined_datasets\GLCDfGLUE\ER\GLCDFGLUE_ER_293.jpg,Groundnut,ER,derived,91f6192abd1d909d,Rust
Z:\Projects\Smart-Farming\Datasets\final_combined_datasets\GLCDfGLUE\ER\GLCDFGLUE_ER_294.jpg,Groundnut,ER,derived,c4f34b233d273439,Rust
Z:\Projects\Smart-Farming\Datasets\final_combined_datasets\GLCDfGLUE\ER\GLCDFGLUE_ER_295.jpg,Groundnut,ER,derived,c3a72a62e7650e8e,Rust
Z:\Projects\Smart-Farming\Datasets\final_combined_datasets\GLCDfGLUE\ER\GLCDFGLUE_ER_296.jpg,Groundnut,ER,derived,91f63b23bd1580ba,Rust
Z:\Projects\Smart-Farming\Datasets\final_combined_datasets\GLCDfGLUE\ER\GLCDFGLUE_ER_297.jpg,Groundnut,ER,derived,84e46d3735521bab,Rust
Z:\Projects\Smart-Farming\Datasets\final_combined_datasets\GLCDfGLUE\ER\GLCDFGLUE_ER_298.jpg,Groundnut,ER,derived,c3a66e66e24ac4ce,Rust
Z:\Projects\Smart-Farming\Datasets\final_combined_datasets\GLCDfGLUE\ER\GLCDFGLUE_ER_299.jpg,Groundnut,ER,derived,d1f63b233d05303b,Rust
Z:\Projects\Smart-Farming\Datasets\final_combined_datasets\GLCDfGLUE\ER\GLCDFGLUE_ER_300.jpg,Groundnut,ER,derived,96e27e36929059cb,Rust
Z:\Projects\Smart-Farming\Datasets\final_combined_datasets\GLCDfGLUE\ER\GLCDFGLUE_ER_301.jpg,Groundnut,ER,derived,84f72b233c2f3538,Rust
Z:\Projects\Smart-Farming\Datasets\final_combined_datasets\GLCDfGLUE\ER\GLCDFGLUE_ER_302.jpg,Groundnut,ER,derived,c4f76b236c372039,Rust
Z:\Projects\Smart-Farming\Datasets\final_combined_datasets\GLCDfGLUE\ER\GLCDFGLUE_ER_303.jpg,Groundnut,ER,derived,94f33b39b11d91c8,Rust
Z:\Projects\Smart-Farming\Datasets\final_combined_datasets\GLCDfGLUE\ER\GLCDFGLUE_ER_304.jpg,Groundnut,ER,derived,c0aa6e4ce1c9d78d,Rust
Z:\Projects\Smart-Farming\Datasets\final_combined_datasets\GLCDfGLUE\ER\GLCDFGLUE_ER_305.jpg,Groundnut,ER,derived,86e86c37a63613b3,Rust
Z:\Projects\Smart-Farming\Datasets\final_combined_datasets\GLCDfGLUE\ER\GLCDFGLUE_ER_306.jpg,Groundnut,ER,derived,d1a23e762972616d,Rust
Z:\Projects\Smart-Farming\Datasets\final_combined_datasets\GLCDfGLUE\ER\GLCDFGLUE_ER_307.jpg,Groundnut,ER,derived,d5ea2b05743f2239,Rust
Z:\Projects\Smart-Farming\Datasets\final_combined_datasets\GLCDfGLUE\ER\GLCDFGLUE_ER_308.jpg,Groundnut,ER,derived,85ea6f25e435b231,Rust
Z:\Projects\Smart-Farming\Datasets\final_combined_datasets\GLCDfGLUE\ER\GLCDFGLUE_ER_309.jpg,Groundnut,ER,derived,91d4192abf1cc4dd,Rust
Z:\Projects\Smart-Farming\Datasets\final_combined_datasets\GLCDfGLUE\ER\GLCDFGLUE_ER_310.jpg,Groundnut,ER,derived,85e86f25e43473b2,Rust
Z:\Projects\Smart-Farming\Datasets\final_combined_datasets\GLCDfGLUE\ER\GLCDFGLUE_ER_311.jpg,Groundnut,ER,derived,84e86dbfe47432a2,Rust
Z:\Projects\Smart-Farming\Datasets\final_combined_datasets\GLCDfGLUE\ER\GLCDFGLUE_ER_312.jpg,Groundnut,ER,derived,86f76e23b43f1212,Rust
Z:\Projects\Smart-Farming\Datasets\final_combined_datasets\GLCDfGLUE\ER\GLCDFGLUE_ER_313.jpg,Groundnut,ER,derived,d1b13a6265074ebe,Rust
Z:\Projects\Smart-Farming\Datasets\final_combined_datasets\GLCDfGLUE\ER\GLCDFGLUE_ER_314.jpg,Groundnut,ER,derived,d4f73b25343f1218,Rust
Z:\Projects\Smart-Farming\Datasets\final_combined_datasets\GLCDfGLUE\ER\GLCDFGLUE_ER_315.jpg,Groundnut,ER,derived,84e86f37243613f3,Rust
Z:\Projects\Smart-Farming\Datasets\final_combined_datasets\GLCDfGLUE\ER\GLCDFGLUE_ER_316.jpg,Groundnut,ER,derived,d0bc3c7075a14f66,Rust
Z:\Projects\Smart-Farming\Datasets\final_combined_datasets\GLCDfGLUE\ER\GLCDFGLUE_ER_317.jpg,Groundnut,ER,derived,90f2793590b89bd9,Rust
Z:\Projects\Smart-Farming\Datasets\final_combined_datasets\GLCDfGLUE\ER\GLCDFGLUE_ER_318.jpg,Groundnut,ER,derived,80a26e72616ae6ef,Rust
Z:\Projects\Smart-Farming\Datasets\final_combined_datasets\GLCDfGLUE\ER\GLCDFGLUE_ER_319.jpg,Groundnut,ER,derived,a5fc6f24f4351292,Rust
Z:\Projects\Smart-Farming\Datasets\final_combined_datasets\GLCDfGLUE\ER\GLCDFGLUE_ER_320.jpg,Groundnut,ER,derived,96e27e36a2101bdb,Rust
Z:\Projects\Smart-Farming\Datasets\final_combined_datasets\GLCDfGLUE\ER\GLCDFGLUE_ER_321.jpg,Groundnut,ER,derived,d0bd3a75b178b460,Rust
Z:\Projects\Smart-Farming\Datasets\final_combined_datasets\GLCDfGLUE\ER\GLCDFGLUE_ER_322.jpg,Groundnut,ER,derived,d1b5386272074ef6,Rust
Z:\Projects\Smart-Farming\Datasets\final_combined_datasets\GLCDfGLUE\ER\GLCDFGLUE_ER_323.jpg,Groundnut,ER,derived,94e46f3530341bdb,Rust
Z:\Projects\Smart-Farming\Datasets\final_combined_datasets\GLCDfGLUE\ER\GLCDFGLUE_ER_324.jpg,Groundnut,ER,derived,94f27e35203eb319,Rust
Z:\Projects\Smart-Farming\Datasets\final_combined_datasets\GLCDfGLUE\ER\GLCDFGLUE_ER_325.jpg,Groundnut,ER,derived,d1b53862f76106e6,Rust
Z:\Projects\Smart-Farming\Datasets\final_combined_datasets\GLCDfGLUE\ER\GLCDFGLUE_ER_326.jpg,Groundnut,ER,derived,91fe392abd1d80b8,Rust
Z:\Projects\Smart-Farming\Datasets\final_combined_datasets\GLCDfGLUE\ER\GLCDFGLUE_ER_327.jpg,Groundnut,ER,derived,c5a26e76e268c4cd,Rust
Z:\Projects\Smart-Farming\Datasets\final_combined_datasets\GLCDfGLUE\ER\GLCDFGLUE_ER_328.jpg,Groundnut,ER,derived,c1a32b60e5eb4e87,Rust
Z:\Projects\Smart-Farming\Datasets\final_combined_datasets\GLCDfGLUE\ER\GLCDFGLUE_ER_329.jpg,Groundnut,ER,derived,81af7e50216a726f,Rust
Z:\Projects\Smart-Farming\Datasets\final_combined_datasets\GLCDfGLUE\ER\GLCDFGLUE_ER_330.jpg,Groundnut,ER,derived,85c86f28e52df534,Rust
Z:\Projects\Smart-Farming\Datasets\final_combined_datasets\GLCDfGLUE\ER\GLCDFGLUE_ER_331.jpg,Groundnut,ER,derived,80aa6e60e16be6ed,Rust
Z:\Projects\Smart-Farming\Datasets\final_combined_datasets\GLCDfGLUE\ER\GLCDFGLUE_ER_332.jpg,Groundnut,ER,derived,d3bc39e8b10167a6,Rust
Z:\Projects\Smart-Farming\Datasets\final_combined_datasets\GLCDfGLUE\ER\GLCDFGLUE_ER_333.jpg,Groundnut,ER,derived,95fb3b39b09c89c0,Rust
Z:\Projects\Smart-Farming\Datasets\final_combined_datasets\GLCDfGLUE\ER\GLCDFGLUE_ER_334.jpg,Groundnut,ER,derived,81b73b70716b664c,Rust
Z:\Projects\Smart-Farming\Datasets\final_combined_datasets\GLCDfGLUE\ER\GLCDFGLUE_ER_335.jpg,Groundnut,ER,derived,c3b52962f765460e,Rust
Z:\Projects\Smart-Farming\Datasets\final_combined_datasets\GLCDfGLUE\ER\GLCDFGLUE_ER_336.jpg,Groundnut,ER,derived,91de192abc9cc2dc,Rust
Z:\Projects\Smart-Farming\Datasets\final_combined_datasets\GLCDfGLUE\ER\GLCDFGLUE_ER_337.jpg,Groundnut,ER,derived,94f27a3690b81bcb,Rust
Z:\Projects\Smart-Farming\Datasets\final_combined_datasets\GLCDfGLUE\ER\GLCDFGLUE_ER_338.jpg,Groundnut,ER,derived,8aaa6e4881c9d7dd,Rust
Z:\Projects\Smart-Farming\Datasets\final_combined_datasets\GLCDfGLUE\ER\GLCDFGLUE_ER_339.jpg,Groundnut,ER,derived,95f33b21b43f8298,Rust
Z:\Projects\Smart-Farming\Datasets\final_combined_datasets\GLCDfGLUE\ER\GLCDFGLUE_ER_340.jpg,Groundnut,ER,derived,c0ab6c7de849958d,Rust
Z:\Projects\Smart-Farming\Datasets\final_combined_datasets\GLCDfGLUE\ER\GLCDFGLUE_ER_341.jpg,Groundnut,ER,derived,d5fe2b0574373038,Rust
Z:\Projects\Smart-Farming\Datasets\final_combined_datasets\GLCDfGLUE\ER\GLCDFGLUE_ER_342.jpg,Groundnut,ER,derived,85e96d2524f413f3,Rust
Z:\Projects\Smart-Farming\Datasets\final_combined_datasets\GLCDfGLUE\ER\GLCDFGLUE_ER_343.jpg,Groundnut,ER,derived,c5a24c776a776168,Rust
Z:\Projects\Smart-Farming\Datasets\final_combined_datasets\GLCDfGLUE\ER\GLCDFGLUE_ER_344.jpg,Groundnut,ER,derived,83ab6a70616be26d,Rust
Z:\Projects\Smart-Farming\Datasets\final_combined_datasets\GLCDfGLUE\ER\GLCDFGLUE_ER_345.jpg,Groundnut,ER,derived,956b2f01f09fb81c,Rust
Z:\Projects\Smart-Farming\Datasets\final_combined_datasets\GLCDfGLUE\ER\GLCDFGLUE_ER_346.jpg,Groundnut,ER,derived,956828c1fe95e09f,Rust
Z:\Projects\Smart-Farming\Datasets\final_combined_datasets\GLCDfGLUE\ER\GLCDFGLUE_ER_347.jpg,Groundnut,ER,derived,c42162be5bd52dd1,Rust
Z:\Projects\Smart-Farming\Datasets\final_combined_datasets\GLCDfGLUE\ER\GLCDFGLUE_ER_348.jpg,Groundnut,ER,derived,cc274437eadcc946,Rust
Z:\Projects\Smart-Farming\Datasets\final_combined_datasets\GLCDfGLUE\ER\GLCDFGLUE_ER_349.jpg,Groundnut,ER,derived,916a3989fe8d20f6,Rust
Z:\Projects\Smart-Farming\Datasets\final_combined_datasets\GLCDfGLUE\ER\GLCDFGLUE_ER_350.jpg,Groundnut,ER,derived,956a3588f68d20ef,Rust
Z:\Projects\Smart-Farming\Datasets\final_combined_datasets\GLCDfGLUE\ER\GLCDFGLUE_ER_351.jpg,Groundnut,ER,derived,95eb3f81f0dd2940,Rust
Z:\Projects\Smart-Farming\Datasets\final_combined_datasets\GLCDfGLUE\ER\GLCDFGLUE_ER_352.jpg,Groundnut,ER,derived,dd1c7c9f2bd025c0,Rust
Z:\Projects\Smart-Farming\Datasets\final_combined_datasets\GLCDfGLUE\ER\GLCDFGLUE_ER_353.jpg,Groundnut,ER,derived,c1a123ff1bc4ad4a,Rust
Z:\Projects\Smart-Farming\Datasets\final_combined_datasets\GLCDfGLUE\ER\GLCDFGLUE_ER_354.jpg,Groundnut,ER,derived,c43979bc2bd0bdc0,Rust
Z:\Projects\Smart-Farming\Datasets\final_combined_datasets\GLCDfGLUE\ER\GLCDFGLUE_ER_355.jpg,Groundnut,ER,derived,d5b860bf1bd52cc0,Rust
Z:\Projects\Smart-Farming\Datasets\final_combined_datasets\GLCDfGLUE\ER\GLCDFGLUE_ER_356.jpg,Groundnut,ER,derived,dd1078bf3bd025c1,Rust
Z:\Projects\Smart-Farming\Datasets\final_combined_datasets\GLCDfGLUE\ER\GLCDFGLUE_ER_357.jpg,Groundnut,ER,derived,c3f830e713c9ad49,Rust
Z:\Projects\Smart-Farming\Datasets\final_combined_datasets\GLCDfGLUE\ER\GLCDFGLUE_ER_358.jpg,Groundnut,ER,derived,c7b160b61bd529d1,Rust
Z:\Projects\Smart-Farming\Datasets\final_combined_datasets\GLCDfGLUE\ER\GLCDFGLUE_ER_359.jpg,Groundnut,ER,derived,c1a120ff3bd5ad48,Rust
Z:\Projects\Smart-Farming\Datasets\final_combined_datasets\GLCDfGLUE\ER\GLCDFGLUE_ER_360.jpg,Groundnut,ER,derived,dc264c3fead8c852,Rust
Z:\Projects\Smart-Farming\Datasets\final_combined_datasets\GLCDfGLUE\ER\GLCDFGLUE_ER_361.jpg,Groundnut,ER,derived,8a75296b07c09fa7,Rust
Z:\Projects\Smart-Farming\Datasets\final_combined_datasets\GLCDfGLUE\ER\GLCDFGLUE_ER_362.jpg,Groundnut,ER,derived,dd146cde2bd03d60,Rust
Z:\Projects\Smart-Farming\Datasets\final_combined_datasets\GLCDfGLUE\ER\GLCDFGLUE_ER_363.jpg,Groundnut,ER,derived,dd3868bf6bd0a8c0,Rust
Z:\Projects\Smart-Farming\Datasets\final_combined_datasets\GLCDfGLUE\ER\GLCDFGLUE_ER_364.jpg,Groundnut,ER,derived,956b1f01f09db89a,Rust
Z:\Projects\Smart-Farming\Datasets\final_combined_datasets\GLCDfGLUE\ER\GLCDFGLUE_ER_365.jpg,Groundnut,ER,derived,c5b920ff33c5a560,Rust
Z:\Projects\Smart-Farming\Datasets\final_combined_datasets\GLCDfGLUE\ER\GLCDFGLUE_ER_366.jpg,Groundnut,ER,derived,c03f5a74a3c8cd4b,Rust
Z:\Projects\Smart-Farming\Datasets\final_combined_datasets\GLCDfGLUE\ER\GLCDFGLUE_ER_367.jpg,Groundnut,ER,derived,956215a8f68d38ee,Rust
Z:\Projects\Smart-Farming\Datasets\final_combined_datasets\GLCDfGLUE\ER\GLCDFGLUE_ER_368.jpg,Groundnut,ER,derived,95d42ad56a95e13a,Rust
Z:\Projects\Smart-Farming\Datasets\final_combined_datasets\GLCDfGLUE\ER\GLCDFGLUE_ER_369.jpg,Groundnut,ER,derived,926d25e34f847f84,Rust
Z:\Projects\Smart-Farming\Datasets\final_combined_datasets\GLCDfGLUE\ER\GLCDFGLUE_ER_370.jpg,Groundnut,ER,derived,c43f6cdcabc034e2,Rust
Z:\Projects\Smart-Farming\Datasets\final_combined_datasets\GLCDfGLUE\ER\GLCDFGLUE_ER_371.jpg,Groundnut,ER,derived,956a3d20fe9d908e,Rust
Z:\Projects\Smart-Farming\Datasets\final_combined_datasets\GLCDfGLUE\ER\GLCDFGLUE_ER_372.jpg,Groundnut,ER,derived,94eb3e05f0dd6b40,Rust
Z:\Projects\Smart-Farming\Datasets\final_combined_datasets\GLCDfGLUE\ER\GLCDFGLUE_ER_373.jpg,Groundnut,ER,derived,8a72096abf899d8b,Rust
Z:\Projects\Smart-Farming\Datasets\final_combined_datasets\GLCDfGLUE\ER\GLCDFGLUE_ER_374.jpg,Groundnut,ER,derived,916a3988fe9da09d,Rust
Z:\Projects\Smart-Farming\Datasets\final_combined_datasets\GLCDfGLUE\ER\GLCDFGLUE_ER_375.jpg,Groundnut,ER,derived,99620962fe8d9c1f,Rust
Z:\Projects\Smart-Farming\Datasets\final_combined_datasets\GLCDfGLUE\ER\GLCDFGLUE_ER_376.jpg,Groundnut,ER,derived,c03f4a74a1c8edce,Rust
Z:\Projects\Smart-Farming\Datasets\final_combined_datasets\GLCDfGLUE\ER\GLCDFGLUE_ER_377.jpg,Groundnut,ER,derived,c03e6a74a5cacd4b,Rust
Z:\Projects\Smart-Farming\Datasets\final_combined_datasets\GLCDfGLUE\ER\GLCDFGLUE_ER_378.jpg,Groundnut,ER,derived,cd3068be5ad588d3,Rust
Z:\Projects\Smart-Farming\Datasets\final_combined_datasets\GLCDfGLUE\ER\GLCDFGLUE_ER_379.jpg,Groundnut,ER,derived,907d35eb0f807d85,Rust
Z:\Projects\Smart-Farming\Datasets\final_combined_datasets\GLCDfGLUE\ER\GLCDFGLUE_ER_380.jpg,Groundnut,ER,derived,886019eabe8dfd86,Rust
Z:\Projects\Smart-Farming\Datasets\final_combined_datasets\GLCDfGLUE\ER\GLCDFGLUE_ER_381.jpg,Groundnut,ER,derived,c03f6cf4abc8e5c0,Rust
Z:\Projects\Smart-Farming\Datasets\final_combined_datasets\GLCDfGLUE\ER\GLCDFGLUE_ER_382.jpg,Groundnut,ER,derived,956215a2be8998df,Rust
Z:\Projects\Smart-Farming\Datasets\final_combined_datasets\GLCDfGLUE\ER\GLCDFGLUE_ER_383.jpg,Groundnut,ER,derived,956a2de0fe859887,Rust
Z:\Projects\Smart-Farming\Datasets\final_combined_datasets\GLCDfGLUE\ER\GLCDFGLUE_ER_384.jpg,Groundnut,ER,derived,c0817fc0bbc2b4eb,Rust
Z:\Projects\Smart-Farming\Datasets\final_combined_datasets\GLCDfGLUE\ER\GLCDFGLUE_ER_385.jpg,Groundnut,ER,derived,c0be6bd4a58b7807,Rust
Z:\Projects\Smart-Farming\Datasets\final_combined_datasets\GLCDfGLUE\ER\GLCDFGLUE_ER_386.jpg,Groundnut,ER,derived,dd245c2feadcc842,Rust
Z:\Projects\Smart-Farming\Datasets\final_combined_datasets\GLCDfGLUE\ER\GLCDFGLUE_ER_387.jpg,Groundnut,ER,derived,956a39e1fe8c809e,Rust
Z:\Projects\Smart-Farming\Datasets\final_combined_datasets\GLCDfGLUE\ER\GLCDFGLUE_ER_388.jpg,Groundnut,ER,derived,886d3deb6e807895,Rust
Z:\Projects\Smart-Farming\Datasets\final_combined_datasets\GLCDfGLUE\ER\GLCDFGLUE_ER_389.jpg,Groundnut,ER,derived,916829e8fe8dd09e,Rust
Z:\Projects\Smart-Farming\Datasets\final_combined_datasets\GLCDfGLUE\ER\GLCDFGLUE_ER_390.jpg,Groundnut,ER,derived,c13f6a54a5c86e2b,Rust
Z:\Projects\Smart-Farming\Datasets\final_combined_datasets\GLCDfGLUE\ER\GLCDFGLUE_ER_391.jpg,Groundnut,ER,derived,8a72096a3e8d9f87,Rust
Z:\Projects\Smart-Farming\Datasets\final_combined_datasets\GLCDfGLUE\ER\GLCDFGLUE_ER_392.jpg,Groundnut,ER,derived,cf205c2e5396cad6,Rust
Z:\Projects\Smart-Farming\Datasets\final_combined_datasets\GLCDfGLUE\ER\GLCDFGLUE_ER_393.jpg,Groundnut,ER,derived,8a423b8afe8d6876,Rust
Z:\Projects\Smart-Farming\Datasets\final_combined_datasets\GLCDfGLUE\ER\GLCDFGLUE_ER_394.jpg,Groundnut,ER,derived,85720562f68ddc57,Rust
Z:\Projects\Smart-Farming\Datasets\final_combined_datasets\GLCDfGLUE\ER\GLCDFGLUE_ER_395.jpg,Groundnut,ER,derived,d4807fd03bc1b46b,Rust
Z:\Projects\Smart-Farming\Datasets\final_combined_datasets\GLCDfGLUE\ER\GLCDFGLUE_ER_396.jpg,Groundnut,ER,derived,ce156addabc03c23,Rust
Z:\Projects\Smart-Farming\Datasets\final_combined_datasets\GLCDfGLUE\ER\GLCDFGLUE_ER_397.jpg,Groundnut,ER,derived,c83760dda3d83d23,Rust
Z:\Projects\Smart-Farming\Datasets\final_combined_datasets\GLCDfGLUE\ER\GLCDFGLUE_ER_398.jpg,Groundnut,ER,derived,95743eef0e857884,Rust
Z:\Projects\Smart-Farming\Datasets\final_combined_datasets\GLCDfGLUE\ER\GLCDFGLUE_ER_399.jpg,Groundnut,ER,derived,cd386cbf23d4acc0,Rust
Z:\Projects\Smart-Farming\Datasets\final_combined_datasets\GLCDfGLUE\ER\GLCDFGLUE_ER_400.jpg,Groundnut,ER,derived,886d3deb2f807d84,Rust
Z:\Projects\Smart-Farming\Datasets\final_combined_datasets\GLCDfGLUE\ER\GLCDFGLUE_ER_401.jpg,Groundnut,ER,derived,986d29ca77817995,Rust
Z:\Projects\Smart-Farming\Datasets\final_combined_datasets\GLCDfGLUE\ER\GLCDFGLUE_ER_402.jpg,Groundnut,ER,derived,d5b020ff1bd5ad40,Rust
Z:\Projects\Smart-Farming\Datasets\final_combined_datasets\GLCDfGLUE\ER\GLCDFGLUE_ER_403.jpg,Groundnut,ER,derived,9a6d296a07c29ba7,Rust
Z:\Projects\Smart-Farming\Datasets\final_combined_datasets\GLCDfGLUE\ER\GLCDFGLUE_ER_404.jpg,Groundnut,ER,derived,94f475ab6e80f01d,Rust
Z:\Projects\Smart-Farming\Datasets\final_combined_datasets\GLCDfGLUE\ER\GLCDFGLUE_ER_405.jpg,Groundnut,ER,derived,dd305c3f4bd0a8d2,Rust
Z:\Projects\Smart-Farming\Datasets\final_combined_datasets\GLCDfGLUE\ER\GLCDFGLUE_ER_406.jpg,Groundnut,ER,derived,956c2ae52e85f895,Rust
Z:\Projects\Smart-Farming\Datasets\final_combined_datasets\GLCDfGLUE\ER\GLCDFGLUE_ER_407.jpg,Groundnut,ER,derived,856a0f20f68d98df,Rust
Z:\Projects\Smart-Farming\Datasets\final_combined_datasets\GLCDfGLUE\ER\GLCDFGLUE_ER_408.jpg,Groundnut,ER,derived,95621d20fe8d989f,Rust
Z:\Projects\Smart-Farming\Datasets\final_combined_datasets\GLCDfGLUE\ER\GLCDFGLUE_ER_409.jpg,Groundnut,ER,derived,c03f5835abd8cd52,Rust
Z:\Projects\Smart-Farming\Datasets\final_combined_datasets\GLCDfGLUE\HL\GLCDFGLUE_HL_295.jpg,Groundnut,HL,derived,85c23fd7388c631d,Healthy
Z:\Projects\Smart-Farming\Datasets\final_combined_datasets\GLCDfGLUE\HL\GLCDFGLUE_HL_296.jpg,Groundnut,HL,derived,d8956a846cda374e,Healthy
Z:\Projects\Smart-Farming\Datasets\final_combined_datasets\GLCDfGLUE\HL\GLCDFGLUE_HL_297.jpg,Groundnut,HL,derived,c2dda20abd49f7a0,Healthy
Z:\Projects\Smart-Farming\Datasets\final_combined_datasets\GLCDfGLUE\HL\GLCDFGLUE_HL_298.jpg,Groundnut,HL,derived,84e01743fd07f50f,Healthy
Z:\Projects\Smart-Farming\Datasets\final_combined_datasets\GLCDfGLUE\HL\GLCDFGLUE_HL_299.jpg,Groundnut,HL,derived,d197a24ab549b764,Healthy
Z:\Projects\Smart-Farming\Datasets\final_combined_datasets\GLCDfGLUE\HL\GLCDFGLUE_HL_300.jpg,Groundnut,HL,derived,9488fe5dea1ce215,Healthy
Z:\Projects\Smart-Farming\Datasets\final_combined_datasets\GLCDfGLUE\HL\GLCDFGLUE_HL_301.jpg,Groundnut,HL,derived,95c2bfd700ad6711,Healthy
Z:\Projects\Smart-Farming\Datasets\final_combined_datasets\GLCDfGLUE\HL\GLCDFGLUE_HL_302.jpg,Groundnut,HL,derived,cad4075aa5ab56a5,Healthy
Z:\Projects\Smart-Farming\Datasets\final_combined_datasets\GLCDfGLUE\HL\GLCDFGLUE_HL_303.jpg,Groundnut,HL,derived,d09de25aac5bb468,Healthy
Z:\Projects\Smart-Farming\Datasets\final_combined_datasets\GLCDfGLUE\HL\GLCDFGLUE_HL_304.jpg,Groundnut,HL,derived,90c81503fd0ef1fe,Healthy
Z:\Projects\Smart-Farming\Datasets\final_combined_datasets\GLCDfGLUE\HL\GLCDFGLUE_HL_305.jpg,Groundnut,HL,derived,c0b76a8e2c59a64f,Healthy
Z:\Projects\Smart-Farming\Datasets\final_combined_datasets\GLCDfGLUE\HL\GLCDFGLUE_HL_306.jpg,Groundnut,HL,derived,d497ea8245b97748,Healthy
Z:\Projects\Smart-Farming\Datasets\final_combined_datasets\GLCDfGLUE\HL\GLCDFGLUE_HL_307.jpg,Groundnut,HL,derived,cad4035aa55af4b9,Healthy
Z:\Projects\Smart-Farming\Datasets\final_combined_datasets\GLCDfGLUE\HL\GLCDFGLUE_HL_308.jpg,Groundnut,HL,derived,c59f005eac5b17a9,Healthy
Z:\Projects\Smart-Farming\Datasets\final_combined_datasets\GLCDfGLUE\HL\GLCDFGLUE_HL_309.jpg,Groundnut,HL,derived,95e21df33908f31a,Healthy
Z:\Projects\Smart-Farming\Datasets\final_combined_datasets\GLCDfGLUE\HL\GLCDFGLUE_HL_310.jpg,Groundnut,HL,derived,c0ff408aad59a74b,Healthy
Z:\Projects\Smart-Farming\Datasets\final_combined_datasets\GLCDfGLUE\HL\GLCDFGLUE_HL_311.jpg,Groundnut,HL,derived,c19f6056ac5b26ab,Healthy
Z:\Projects\Smart-Farming\Datasets\final_combined_datasets\GLCDfGLUE\HL\GLCDFGLUE_HL_312.jpg,Groundnut,HL,derived,8fa05e03fc2f41ea,Healthy
Z:\Projects\Smart-Farming\Datasets\final_combined_datasets\GLCDfGLUE\HL\GLCDFGLUE_HL_313.jpg,Groundnut,HL,derived,90ca5503f90f71fa,Healthy
Z:\Projects\Smart-Farming\Datasets\final_combined_datasets\GLCDfGLUE\HL\GLCDFGLUE_HL_314.jpg,Groundnut,HL,derived,8fc22ed07a0ee21f,Healthy
Z:\Projects\Smart-Farming\Datasets\final_combined_datasets\GLCDfGLUE\HL\GLCDFGLUE_HL_315.jpg,Groundnut,HL,derived,94aa550ff90e60fc,Healthy
Z:\Projects\Smart-Farming\Datasets\final_combined_datasets\GLCDfGLUE\HL\GLCDFGLUE_HL_316.jpg,Groundnut,HL,derived,85a01703fd0ff1ad,Healthy
Z:\Projects\Smart-Farming\Datasets\final_combined_datasets\GLCDfGLUE\HL\GLCDFGLUE_HL_317.jpg,Groundnut,HL,derived,c0dda04abd097fa5,Healthy
Z:\Projects\Smart-Farming\Datasets\final_combined_datasets\GLCDfGLUE\HL\GLCDFGLUE_HL_318.jpg,Groundnut,HL,derived,9588f65fe01ca27c,Healthy
Z:\Projects\Smart-Farming\Datasets\final_combined_datasets\GLCDfGLUE\HL\GLCDFGLUE_HL_319.jpg,Groundnut,HL,derived,8dc03fd17a0ee21b,Healthy
Z:\Projects\Smart-Farming\Datasets\final_combined_datasets\GLCDfGLUE\HL\GLCDFGLUE_HL_320.jpg,Groundnut,HL,derived,83a05f03fd0fd92a,Healthy
Z:\Projects\Smart-Farming\Datasets\final_combined_datasets\GLCDfGLUE\HL\GLCDFGLUE_HL_321.jpg,Groundnut,HL,derived,afc02f11e21fe619,Healthy
Z:\Projects\Smart-Farming\Datasets\final_combined_datasets\GLCDfGLUE\HL\GLCDFGLUE_HL_322.jpg,Groundnut,HL,derived,afc02713e61fe630,Healthy
Z:\Projects\Smart-Farming\Datasets\final_combined_datasets\GLCDfGLUE\HL\GLCDFGLUE_HL_323.jpg,Groundnut,HL,derived,d09da24ab559b768,Healthy
Z:\Projects\Smart-Farming\Datasets\final_combined_datasets\GLCDfGLUE\HL\GLCDFGLUE_HL_324.jpg,Groundnut,HL,derived,adc03fc11dcd238b,Healthy
Z:\Projects\Smart-Farming\Datasets\final_combined_datasets\GLCDfGLUE\HL\GLCDFGLUE_HL_325.jpg,Groundnut,HL,derived,a9c13f914b1be23a,Healthy
Z:\Projects\Smart-Farming\Datasets\final_combined_datasets\GLCDfGLUE\HL\GLCDFGLUE_HL_326.jpg,Groundnut,HL,derived,8be02fe01bcf720b,Healthy
Z:\Projects\Smart-Farming\Datasets\final_combined_datasets\GLCDfGLUE\HL\GLCDFGLUE_HL_327.jpg,Groundnut,HL,derived,958a540ff87d2af0,Healthy
Z:\Projects\Smart-Farming\Datasets\final_combined_datasets\GLCDfGLUE\HL\GLCDFGLUE_HL_328.jpg,Groundnut,HL,derived,85c2bf574038e733,Healthy
Z:\Projects\Smart-Farming\Datasets\final_combined_datasets\GLCDfGLUE\HL\GLCDFGLUE_HL_329.jpg,Groundnut,HL,derived,95aa550ff81ce03d,Healthy
Z:\Projects\Smart-Farming\Datasets\final_combined_datasets\GLCDfGLUE\HL\GLCDFGLUE_HL_330.jpg,Groundnut,HL,derived,9f81560ff03f01f8,Healthy
Z:\Projects\Smart-Farming\Datasets\final_combined_datasets\GLCDfGLUE\HL\GLCDFGLUE_HL_331.jpg,Groundnut,HL,derived,95c23fdf680ce215,Healthy
Z:\Projects\Smart-Farming\Datasets\final_combined_datasets\GLCDfGLUE\HL\GLCDFGLUE_HL_332.jpg,Groundnut,HL,derived,c0df005aad097fad,Healthy
Z:\Projects\Smart-Farming\Datasets\final_combined_datasets\GLCDfGLUE\HL\GLCDFGLUE_HL_333.jpg,Groundnut,HL,derived,d2f5425ea95aa558,Healthy
Z:\Projects\Smart-Farming\Datasets\final_combined_datasets\GLCDfGLUE\HL\GLCDFGLUE_HL_334.jpg,Groundnut,HL,derived,c0fd005eac5ab5ad,Healthy
Z:\Projects\Smart-Farming\Datasets\final_combined_datasets\GLCDfGLUE\HL\GLCDFGLUE_HL_335.jpg,Groundnut,HL,derived,d19faa0ab749b740,Healthy
Z:\Projects\Smart-Farming\Datasets\final_combined_datasets\GLCDfGLUE\HL\GLCDFGLUE_HL_336.jpg,Groundnut,HL,derived,d0976a825df93744,Healthy
Z:\Projects\Smart-Farming\Datasets\final_combined_datasets\GLCDfGLUE\HL\GLCDFGLUE_HL_337.jpg,Groundnut,HL,derived,84c3ff1f603ce611,Healthy
Z:\Projects\Smart-Farming\Datasets\final_combined_datasets\GLCDfGLUE\HL\GLCDFGLUE_HL_338.jpg,Groundnut,HL,derived,a7c02614f21fe63d,Healthy
Z:\Projects\Smart-Farming\Datasets\final_combined_datasets\GLCDfGLUE\HL\GLCDFGLUE_HL_339.jpg,Groundnut,HL,derived,85c0f71ff01ce21d,Healthy
Z:\Projects\Smart-Farming\Datasets\final_combined_datasets\GLCDfGLUE\HL\GLCDFGLUE_HL_340.jpg,Groundnut,HL,derived,c2f5015aad4ab5ad,Healthy
Z:\Projects\Smart-Farming\Datasets\final_combined_datasets\GLCDfGLUE\HL\GLCDFGLUE_HL_341.jpg,Groundnut,HL,derived,85e206d2384efa5f,Healthy
Z:\Projects\Smart-Farming\Datasets\final_combined_datasets\GLCDfGLUE\HL\GLCDFGLUE_HL_342.jpg,Groundnut,HL,derived,c09fea827d993f40,Healthy
Z:\Projects\Smart-Farming\Datasets\final_combined_datasets\GLCDfGLUE\HL\GLCDFGLUE_HL_343.jpg,Groundnut,HL,derived,94a0570378ff50fc,Healthy
Z:\Projects\Smart-Farming\Datasets\final_combined_datasets\GLCDfGLUE\HL\GLCDFGLUE_HL_344.jpg,Groundnut,HL,derived,9f81560ffc0fe00d,Healthy
Z:\Projects\Smart-Farming\Datasets\final_combined_datasets\GLCDfGLUE\HL\GLCDFGLUE_HL_345.jpg,Groundnut,HL,derived,84ca150bfd0ef1ae,Healthy
Z:\Projects\Smart-Farming\Datasets\final_combined_datasets\GLCDfGLUE\HL\GLCDFGLUE_HL_346.jpg,Groundnut,HL,derived,90bf32b42bd0edc2,Healthy
Z:\Projects\Smart-Farming\Datasets\final_combined_datasets\GLCDfGLUE\HL\GLCDFGLUE_HL_347.jpg,Groundnut,HL,derived,c9784be56d864f82,Healthy
Z:\Projects\Smart-Farming\Datasets\final_combined_datasets\GLCDfGLUE\HL\GLCDFGLUE_HL_348.jpg,Groundnut,HL,derived,9bb033b033f260eb,Healthy
Z:\Projects\Smart-Farming\Datasets\final_combined_datasets\GLCDfGLUE\HL\GLCDFGLUE_HL_349.jpg,Groundnut,HL,derived,9dab1e91bac3c10b,Healthy
Z:\Projects\Smart-Farming\Datasets\final_combined_datasets\GLCDfGLUE\HL\GLCDFGLUE_HL_350.jpg,Groundnut,HL,derived,98b13ab039d2e9c7,Healthy
Z:\Projects\Smart-Farming\Datasets\final_combined_datasets\GLCDfGLUE\HL\GLCDFGLUE_HL_351.jpg,Groundnut,HL,derived,c9fc4be568a5a486,Healthy
Z:\Projects\Smart-Farming\Datasets\final_combined_datasets\GLCDfGLUE\HL\GLCDFGLUE_HL_352.jpg,Groundnut,HL,derived,98bb12b43bd4e9c2,Healthy
Z:\Projects\Smart-Farming\Datasets\final_combined_datasets\GLCDfGLUE\HL\GLCDFGLUE_HL_353.jpg,Groundnut,HL,derived,c5ec47e166a5a097,Healthy
Z:\Projects\Smart-Farming\Datasets\final_combined_datasets\GLCDfGLUE\HL\GLCDFGLUE_HL_354.jpg,Groundnut,HL,derived,b56334e13806bb9e,Healthy
Z:\Projects\Smart-Farming\Datasets\final_combined_datasets\GLCDfGLUE\HL\GLCDFGLUE_HL_355.jpg,Groundnut,HL,derived,d56857e17e612227,Healthy
Z:\Projects\Smart-Farming\Datasets\final_combined_datasets\GLCDfGLUE\HL\GLCDFGLUE_HL_356.jpg,Groundnut,HL,derived,c86e43e06ba5af85,Healthy
Z:\Projects\Smart-Farming\Datasets\final_combined_datasets\GLCDfGLUE\HL\GLCDFGLUE_HL_357.jpg,Groundnut,HL,derived,9d2f1e95b8c39183,Healthy
Z:\Projects\Smart-Farming\Datasets\final_combined_datasets\GLCDfGLUE\HL\GLCDFGLUE_HL_358.jpg,Groundnut,HL,derived,9cbb1eb43ad4c00f,Healthy
Z:\Projects\Smart-Farming\Datasets\final_combined_datasets\GLCDfGLUE\HL\GLCDFGLUE_HL_359.jpg,Groundnut,HL,derived,d46476e13807b89f,Healthy
Z:\Projects\Smart-Farming\Datasets\final_combined_datasets\GLCDfGLUE\HL\GLCDFGLUE_HL_360.jpg,Groundnut,HL,derived,98b91ab03db2f1a3,Healthy
Z:\Projects\Smart-Farming\Datasets\final_combined_datasets\GLCDfGLUE\HL\GLCDFGLUE_HL_361.jpg,Groundnut,HL,derived,88bf03b43f342b72,Healthy
Z:\Projects\Smart-Farming\Datasets\final_combined_datasets\GLCDfGLUE\HL\GLCDFGLUE_HL_362.jpg,Groundnut,HL,derived,c87a4bc0ed96c45e,Healthy
Z:\Projects\Smart-Farming\Datasets\final_combined_datasets\GLCDfGLUE\HL\GLCDFGLUE_HL_363.jpg,Groundnut,HL,derived,81b627b665376543,Healthy
Z:\Projects\Smart-Farming\Datasets\final_combined_datasets\GLCDfGLUE\HL\GLCDFGLUE_HL_364.jpg,Groundnut,HL,derived,d5e232e13a16b19e,Healthy
Z:\Projects\Smart-Farming\Datasets\final_combined_datasets\GLCDfGLUE\HL\GLCDFGLUE_HL_365.jpg,Groundnut,HL,derived,81bf67346d026d4b,Healthy
Z:\Projects\Smart-Farming\Datasets\final_combined_datasets\GLCDfGLUE\HL\GLCDFGLUE_HL_366.jpg,Groundnut,HL,derived,9d2a1fb11ed19a83,Healthy
Z:\Projects\Smart-Farming\Datasets\final_combined_datasets\GLCDfGLUE\HL\GLCDFGLUE_HL_367.jpg,Groundnut,HL,derived,cfe446e162a7309e,Healthy
Z:\Projects\Smart-Farming\Datasets\final_combined_datasets\GLCDfGLUE\HL\GLCDFGLUE_HL_368.jpg,Groundnut,HL,derived,9daf1a95b8c3110f,Healthy
Z:\Projects\Smart-Farming\Datasets\final_combined_datasets\GLCDfGLUE\HL\GLCDFGLUE_HL_369.jpg,Groundnut,HL,derived,f66036e13a16b89e,Healthy
Z:\Projects\Smart-Farming\Datasets\final_combined_datasets\GLCDfGLUE\HL\GLCDFGLUE_HL_370.jpg,Groundnut,HL,derived,c87b4be06ba50dd4,Healthy
Z:\Projects\Smart-Farming\Datasets\final_combined_datasets\GLCDfGLUE\HL\GLCDFGLUE_HL_371.jpg,Groundnut,HL,derived,98b13ab239c3e98e,Healthy
Z:\Projects\Smart-Farming\Datasets\final_combined_datasets\GLCDfGLUE\HL\GLCDFGLUE_HL_372.jpg,Groundnut,HL,derived,98b912b429d2e9cf,Healthy
Z:\Projects\Smart-Farming\Datasets\final_combined_datasets\GLCDfGLUE\HL\GLCDFGLUE_HL_373.jpg,Groundnut,HL,derived,c86e4ae86aa4ef85,Healthy
Z:\Projects\Smart-Farming\Datasets\final_combined_datasets\GLCDfGLUE\HL\GLCDFGLUE_HL_374.jpg,Groundnut,HL,derived,d6e572e374223592,Healthy
Z:\Projects\Smart-Farming\Datasets\final_combined_datasets\GLCDfGLUE\HL\GLCDFGLUE_HL_375.jpg,Groundnut,HL,derived,9bb03bb225dac04f,Healthy
Z:\Projects\Smart-Farming\Datasets\final_combined_datasets\GLCDfGLUE\HL\GLCDFGLUE_HL_376.jpg,Groundnut,HL,derived,9d2f1eb53ad15083,Healthy
Z:\Projects\Smart-Farming\Datasets\final_combined_datasets\GLCDfGLUE\HL\GLCDFGLUE_HL_377.jpg,Groundnut,HL,derived,903d23b46dd2edc2,Healthy
Z:\Projects\Smart-Farming\Datasets\final_combined_datasets\GLCDfGLUE\HL\GLCDFGLUE_HL_378.jpg,Groundnut,HL,derived,c56a57e174607e61,Healthy
Z:\Projects\Smart-Farming\Datasets\final_combined_datasets\GLCDfGLUE\HL\GLCDFGLUE_HL_379.jpg,Groundnut,HL,derived,9ab912b03bf275c2,Healthy
Z:\Projects\Smart-Farming\Datasets\final_combined_datasets\GLCDfGLUE\HL\GLCDFGLUE_HL_380.jpg,Groundnut,HL,derived,cee46ae56aa6a096,Healthy
Z:\Projects\Smart-Farming\Datasets\final_combined_datasets\GLCDfGLUE\HL\GLCDFGLUE_HL_381.jpg,Groundnut,HL,derived,9ab112b433f261eb,Healthy
Z:\Projects\Smart-Farming\Datasets\final_combined_datasets\GLCDfGLUE\HL\GLCDFGLUE_HL_382.jpg,Groundnut,HL,derived,81b767b46d03e4c9,Healthy
Z:\Projects\Smart-Farming\Datasets\final_combined_datasets\GLCDfGLUE\HL\GLCDFGLUE_HL_383.jpg,Groundnut,HL,derived,d5e056e1626731b6,Healthy
Z:\Projects\Smart-Farming\Datasets\final_combined_datasets\GLCDfGLUE\HL\GLCDFGLUE_HL_384.jpg,Groundnut,HL,derived,cde84dc36c964e92,Healthy
Z:\Projects\Smart-Farming\Datasets\final_combined_datasets\GLCDfGLUE\HL\GLCDFGLUE_HL_385.jpg,Groundnut,HL,derived,c76877e176613285,Healthy
Z:\Projects\Smart-Farming\Datasets\final_combined_datasets\GLCDfGLUE\HL\GLCDFGLUE_HL_386.jpg,Groundnut,HL,derived,983b12bd3ab0b3f0,Healthy
Z:\Projects\Smart-Farming\Datasets\final_combined_datasets\GLCDfGLUE\HL\GLCDFGLUE_HL_387.jpg,Groundnut,HL,derived,9cad1a95b8c3c30f,Healthy
Z:\Projects\Smart-Farming\Datasets\final_combined_datasets\GLCDfGLUE\HL\GLCDFGLUE_HL_388.jpg,Groundnut,HL,derived,9bb023b225d3e0cf,Healthy
Z:\Projects\Smart-Farming\Datasets\final_combined_datasets\GLCDfGLUE\HL\GLCDFGLUE_HL_389.jpg,Groundnut,HL,derived,cdec47e06f81a895,Healthy
Z:\Projects\Smart-Farming\Datasets\final_combined_datasets\GLCDfGLUE\HL\GLCDFGLUE_HL_390.jpg,Groundnut,HL,derived,9bb01bb43b3232f2,Healthy
Z:\Projects\Smart-Farming\Datasets\final_combined_datasets\GLCDfGLUE\HL\GLCDFGLUE_HL_391.jpg,Groundnut,HL,derived,9cad1eb438d31a87,Healthy
Z:\Projects\Smart-Farming\Datasets\final_combined_datasets\GLCDfGLUE\HL\GLCDFGLUE_HL_392.jpg,Groundnut,HL,derived,9d2c1e343cf0f551,Healthy
Z:\Projects\Smart-Farming\Datasets\final_combined_datasets\GLCDfGLUE\HL\GLCDFGLUE_HL_393.jpg,Groundnut,HL,derived,81b527b66543e4cb,Healthy
Z:\Projects\Smart-Farming\Datasets\final_combined_datasets\GLCDfGLUE\HL\GLCDFGLUE_HL_394.jpg,Groundnut,HL,derived,c8fa4be06d96c4d2,Healthy
Z:\Projects\Smart-Farming\Datasets\final_combined_datasets\GLCDfGLUE\HL\GLCDFGLUE_HL_395.jpg,Groundnut,HL,derived,cee446e162a723b6,Healthy
Z:\Projects\Smart-Farming\Datasets\final_combined_datasets\GLCDfGLUE\HL\GLCDFGLUE_HL_396.jpg,Groundnut,HL,derived,903f12b5333477f0,Healthy
Z:\Projects\Smart-Farming\Datasets\final_combined_datasets\GLCDfGLUE\HL\GLCDFGLUE_HL_397.jpg,Groundnut,HL,derived,e03661a46f43e6cb,Healthy
Z:\Projects\Smart-Farming\Datasets\final_combined_datasets\GLCDfGLUE\HL\GLCDFGLUE_HL_398.jpg,Groundnut,HL,derived,c9f84fc06d9686d2,Healthy
Z:\Projects\Smart-Farming\Datasets\final_combined_datasets\GLCDfGLUE\HL\GLCDFGLUE_HL_399.jpg,Groundnut,HL,derived,9db81eb03af0f8c2,Healthy
Z:\Projects\Smart-Farming\Datasets\final_combined_datasets\GLCDfGLUE\HL\GLCDFGLUE_HL_400.jpg,Groundnut,HL,derived,903d02b43b347ff2,Healthy
Z:\Projects\Smart-Farming\Datasets\final_combined_datasets\GLCDfGLUE\HL\GLCDFGLUE_HL_401.jpg,Groundnut,HL,derived,9cb91eb038f0b993,Healthy
Z:\Projects\Smart-Farming\Datasets\final_combined_datasets\GLCDfGLUE\HL\GLCDFGLUE_HL_402.jpg,Groundnut,HL,derived,e23662a764d3c6ca,Healthy
Z:\Projects\Smart-Farming\Datasets\final_combined_datasets\GLCDfGLUE\HL\GLCDFGLUE_HL_403.jpg,Groundnut,HL,derived,81b667346f026ecb,Healthy
Z:\Projects\Smart-Farming\Datasets\final_combined_datasets\GLCDfGLUE\HL\GLCDFGLUE_HL_404.jpg,Groundnut,HL,derived,c87d4be06fa5e484,Healthy
Z:\Projects\Smart-Farming\Datasets\final_combined_datasets\GLCDfGLUE\HL\GLCDFGLUE_HL_405.jpg,Groundnut,HL,derived,c9f84fc0ec96925a,Healthy
Z:\Projects\Smart-Farming\Datasets\final_combined_datasets\GLCDfGLUE\HL\GLCDFGLUE_HL_406.jpg,Groundnut,HL,derived,e23463b469536fc2,Healthy
Z:\Projects\Smart-Farming\Datasets\final_combined_datasets\GLCDfGLUE\HL\GLCDFGLUE_HL_407.jpg,Groundnut,HL,derived,c9e84be46d868dd2,Healthy
Z:\Projects\Smart-Farming\Datasets\final_combined_datasets\GLCDfGLUE\HL\GLCDFGLUE_HL_408.jpg,Groundnut,HL,derived,d4e272e3311eb19c,Healthy
Z:\Projects\Smart-Farming\Datasets\final_combined_datasets\GLCDfGLUE\HL\GLCDFGLUE_HL_409.jpg,Groundnut,HL,derived,a03e67246f126ecb,Healthy
Z:\Projects\Smart-Farming\Datasets\final_combined_datasets\GLCDfGLUE\HL\GLCDFGLUE_HL_063.jpg,Groundnut,HL,derived,953957b82aa8ba65,Healthy
Z:\Projects\Smart-Farming\Datasets\final_combined_datasets\GLCDfGLUE\HL\GLCDFGLUE_HL_064.jpg,Groundnut,HL,derived,893d6824ff83de90,Healthy
Z:\Projects\Smart-Farming\Datasets\final_combined_datasets\GLCDfGLUE\HL\GLCDFGLUE_HL_065.jpg,Groundnut,HL,derived,a18f760077c2738f,Healthy
Z:\Projects\Smart-Farming\Datasets\final_combined_datasets\GLCDfGLUE\HL\GLCDFGLUE_HL_066.jpg,Groundnut,HL,derived,95ca374ff00ef01c,Healthy
Z:\Projects\Smart-Farming\Datasets\final_combined_datasets\GLCDfGLUE\HL\GLCDFGLUE_HL_067.jpg,Groundnut,HL,derived,9bb01ab03ff265c2,Healthy
Z:\Projects\Smart-Farming\Datasets\final_combined_datasets\GLCDfGLUE\HL\GLCDFGLUE_HL_068.jpg,Groundnut,HL,derived,c56a15f208758af7,Healthy
Z:\Projects\Smart-Farming\Datasets\final_combined_datasets\GLCDfGLUE\HL\GLCDFGLUE_HL_069.jpg,Groundnut,HL,derived,951a57305ca9bea9,Healthy
Z:\Projects\Smart-Farming\Datasets\final_combined_datasets\GLCDfGLUE\HL\GLCDFGLUE_HL_070.jpg,Groundnut,HL,derived,903742be49135db7,Healthy
Z:\Projects\Smart-Farming\Datasets\final_combined_datasets\GLCDfGLUE\HL\GLCDFGLUE_HL_071.jpg,Groundnut,HL,derived,c06f46eb57ac4730,Healthy
Z:\Projects\Smart-Farming\Datasets\final_combined_datasets\GLCDfGLUE\HL\GLCDFGLUE_HL_003.jpg,Groundnut,HL,derived,9c471f423de3aaa1,Healthy
Z:\Projects\Smart-Farming\Datasets\final_combined_datasets\GLCDfGLUE\HL\GLCDFGLUE_HL_004.jpg,Groundnut,HL,derived,98165f1e5d5a1c5a,Healthy
Z:\Projects\Smart-Farming\Datasets\final_combined_datasets\GLCDfGLUE\HL\GLCDFGLUE_HL_005.jpg,Groundnut,HL,derived,c9034b076996fbf0,Healthy
Z:\Projects\Smart-Farming\Datasets\final_combined_datasets\GLCDfGLUE\HL\GLCDFGLUE_HL_006.jpg,Groundnut,HL,derived,c04d406d40ffc3fd,Healthy
Z:\Projects\Smart-Farming\Datasets\final_combined_datasets\GLCDfGLUE\HL\GLCDFGLUE_HL_007.jpg,Groundnut,HL,derived,933453be4b205977,Healthy
Z:\Projects\Smart-Farming\Datasets\final_combined_datasets\GLCDfGLUE\HL\GLCDFGLUE_HL_008.jpg,Groundnut,HL,derived,dc4e3c55a2e251e9,Healthy
Z:\Projects\Smart-Farming\Datasets\final_combined_datasets\GLCDfGLUE\HL\GLCDFGLUE_HL_009.jpg,Groundnut,HL,derived,893f68007f970dbc,Healthy
Z:\Projects\Smart-Farming\Datasets\final_combined_datasets\GLCDfGLUE\HL\GLCDFGLUE_HL_010.jpg,Groundnut,HL,derived,8f3406fc4757e84a,Healthy
Z:\Projects\Smart-Farming\Datasets\final_combined_datasets\GLCDfGLUE\HL\GLCDFGLUE_HL_012.jpg,Groundnut,HL,derived,891a68387bb30dbd,Healthy
Z:\Projects\Smart-Farming\Datasets\final_combined_datasets\GLCDfGLUE\HL\GLCDFGLUE_HL_013.jpg,Groundnut,HL,derived,87246476f912fe1a,Healthy
Z:\Projects\Smart-Farming\Datasets\final_combined_datasets\GLCDfGLUE\HL\GLCDFGLUE_HL_014.jpg,Groundnut,HL,derived,d27153a156a1f939,Healthy
Z:\Projects\Smart-Farming\Datasets\final_combined_datasets\GLCDfGLUE\HL\GLCDFGLUE_HL_015.jpg,Groundnut,HL,derived,893d6800ff935eb4,Healthy
Z:\Projects\Smart-Farming\Datasets\final_combined_datasets\GLCDfGLUE\HL\GLCDFGLUE_HL_016.jpg,Groundnut,HL,derived,dc6e3a55f2a211c9,Healthy
Z:\Projects\Smart-Farming\Datasets\final_combined_datasets\GLCDfGLUE\HL\GLCDFGLUE_HL_017.jpg,Groundnut,HL,derived,dc2e3a55f6a0d1c1,Healthy
Z:\Projects\Smart-Farming\Datasets\final_combined_datasets\GLCDfGLUE\HL\GLCDFGLUE_HL_018.jpg,Groundnut,HL,derived,de4e3d4574e2b0c1,Healthy
Z:\Projects\Smart-Farming\Datasets\final_combined_datasets\GLCDfGLUE\HL\GLCDFGLUE_HL_019.jpg,Groundnut,HL,derived,872d44fc6156fc58,Healthy
Z:\Projects\Smart-Farming\Datasets\final_combined_datasets\GLCDfGLUE\HL\GLCDFGLUE_HL_020.jpg,Groundnut,HL,derived,d05a2b115cf36d93,Healthy
Z:\Projects\Smart-Farming\Datasets\final_combined_datasets\GLCDfGLUE\HL\GLCDFGLUE_HL_021.jpg,Groundnut,HL,derived,d4ca27d526d516d8,Healthy
Z:\Projects\Smart-Farming\Datasets\final_combined_datasets\GLCDfGLUE\HL\GLCDFGLUE_HL_022.jpg,Groundnut,HL,derived,81b970b97a817e9c,Healthy
Z:\Projects\Smart-Farming\Datasets\final_combined_datasets\GLCDfGLUE\HL\GLCDFGLUE_HL_023.jpg,Groundnut,HL,derived,f4d322d526d714d2,Healthy
Z:\Projects\Smart-Farming\Datasets\final_combined_datasets\GLCDfGLUE\HL\GLCDFGLUE_HL_024.jpg,Groundnut,HL,derived,d159291164b3ed9b,Healthy
Z:\Projects\Smart-Farming\Datasets\final_combined_datasets\GLCDfGLUE\HL\GLCDFGLUE_HL_025.jpg,Groundnut,HL,derived,85bf40ba70a366b5,Healthy
Z:\Projects\Smart-Farming\Datasets\final_combined_datasets\GLCDfGLUE\HL\GLCDFGLUE_HL_026.jpg,Groundnut,HL,derived,b5ec23ec2adc0a59,Healthy
Z:\Projects\Smart-Farming\Datasets\final_combined_datasets\GLCDfGLUE\HL\GLCDFGLUE_HL_027.jpg,Groundnut,HL,derived,a40d3d6d38c73cc6,Healthy
Z:\Projects\Smart-Farming\Datasets\final_combined_datasets\GLCDfGLUE\HL\GLCDFGLUE_HL_028.jpg,Groundnut,HL,derived,d0a544ef25f623e4,Healthy
Z:\Projects\Smart-Farming\Datasets\final_combined_datasets\GLCDfGLUE\HL\GLCDFGLUE_HL_029.jpg,Groundnut,HL,derived,95ee23ec2bdc0319,Healthy
Z:\Projects\Smart-Farming\Datasets\final_combined_datasets\GLCDfGLUE\HL\GLCDFGLUE_HL_030.jpg,Groundnut,HL,derived,a19673807b905b9f,Healthy
Z:\Projects\Smart-Farming\Datasets\final_combined_datasets\GLCDfGLUE\HL\GLCDFGLUE_HL_031.jpg,Groundnut,HL,derived,d15b2b5122ba35da,Healthy
Z:\Projects\Smart-Farming\Datasets\final_combined_datasets\GLCDfGLUE\HL\GLCDFGLUE_HL_032.jpg,Groundnut,HL,derived,d2e437f625d43780,Healthy
Z:\Projects\Smart-Farming\Datasets\final_combined_datasets\GLCDfGLUE\HL\GLCDFGLUE_HL_034.jpg,Groundnut,HL,derived,d0b54296ac5fa54b,Healthy
Z:\Projects\Smart-Farming\Datasets\final_combined_datasets\GLCDfGLUE\HL\GLCDFGLUE_HL_036.jpg,Groundnut,HL,derived,a0c33fd7601fe21a,Healthy
Z:\Projects\Smart-Farming\Datasets\final_combined_datasets\GLCDfGLUE\HL\GLCDFGLUE_HL_037.jpg,Groundnut,HL,derived,80c33fdf403de21b,Healthy
Z:\Projects\Smart-Farming\Datasets\final_combined_datasets\GLCDfGLUE\HL\GLCDFGLUE_HL_038.jpg,Groundnut,HL,derived,97a2540ff81ee0bc,Healthy
Z:\Projects\Smart-Farming\Datasets\final_combined_datasets\GLCDfGLUE\HL\GLCDFGLUE_HL_040.jpg,Groundnut,HL,derived,84c037dff90ef01c,Healthy
Z:\Projects\Smart-Farming\Datasets\final_combined_datasets\GLCDfGLUE\HL\GLCDFGLUE_HL_072.jpg,Groundnut,HL,derived,9c561f5e5d5a044b,Healthy
Z:\Projects\Smart-Farming\Datasets\final_combined_datasets\GLCDfGLUE\HL\GLCDFGLUE_HL_073.jpg,Groundnut,HL,derived,c16853eb77ec01e4,Healthy
Z:\Projects\Smart-Farming\Datasets\final_combined_datasets\GLCDfGLUE\HL\GLCDFGLUE_HL_074.jpg,Groundnut,HL,derived,d56157eb2d5005f2,Healthy
Z:\Projects\Smart-Farming\Datasets\final_combined_datasets\GLCDfGLUE\HL\GLCDFGLUE_HL_075.jpg,Groundnut,HL,derived,c56a57eb07740671,Healthy
Z:\Projects\Smart-Farming\Datasets\final_combined_datasets\GLCDfGLUE\HL\GLCDFGLUE_HL_076.jpg,Groundnut,HL,derived,c844406f40ffd1fd,Healthy
Z:\Projects\Smart-Farming\Datasets\final_combined_datasets\GLCDfGLUE\HL\GLCDFGLUE_HL_077.jpg,Groundnut,HL,derived,952a5f127a515ea9,Healthy
Z:\Projects\Smart-Farming\Datasets\final_combined_datasets\GLCDfGLUE\HL\GLCDFGLUE_HL_078.jpg,Groundnut,HL,derived,9d31153e15fa30ea,Healthy
Z:\Projects\Smart-Farming\Datasets\final_combined_datasets\GLCDfGLUE\HL\GLCDFGLUE_HL_079.jpg,Groundnut,HL,derived,c94f0a0f081fd3be,Healthy
Z:\Projects\Smart-Farming\Datasets\final_combined_datasets\GLCDfGLUE\HL\GLCDFGLUE_HL_080.jpg,Groundnut,HL,derived,c94f080d49bcfbf0,Healthy
Z:\Projects\Smart-Farming\Datasets\final_combined_datasets\GLCDfGLUE\HL\GLCDFGLUE_HL_081.jpg,Groundnut,HL,derived,c178315a29cc27fd,Healthy
Z:\Projects\Smart-Farming\Datasets\final_combined_datasets\GLCDfGLUE\HL\GLCDFGLUE_HL_082.jpg,Groundnut,HL,derived,c06d40ef44bd46bd,Healthy
Z:\Projects\Smart-Farming\Datasets\final_combined_datasets\GLCDfGLUE\HL\GLCDFGLUE_HL_083.jpg,Groundnut,HL,derived,c44f0e4f295f085f,Healthy
Z:\Projects\Smart-Farming\Datasets\final_combined_datasets\GLCDfGLUE\HL\GLCDFGLUE_HL_084.jpg,Groundnut,HL,derived,9d1115373cfa30ba,Healthy
Z:\Projects\Smart-Farming\Datasets\final_combined_datasets\GLCDfGLUE\HL\GLCDFGLUE_HL_085.jpg,Groundnut,HL,derived,c17a017a27760777,Healthy
Z:\Projects\Smart-Farming\Datasets\final_combined_datasets\GLCDfGLUE\HL\GLCDFGLUE_HL_087.jpg,Groundnut,HL,derived,c06e026566ecfe74,Healthy
Z:\Projects\Smart-Farming\Datasets\final_combined_datasets\GLCDfGLUE\HL\GLCDFGLUE_HL_090.jpg,Groundnut,HL,derived,941357b205bbaf91,Healthy
Z:\Projects\Smart-Farming\Datasets\final_combined_datasets\GLCDfGLUE\HL\GLCDFGLUE_HL_091.jpg,Groundnut,HL,derived,d56217f3285508f7,Healthy
Z:\Projects\Smart-Farming\Datasets\final_combined_datasets\GLCDfGLUE\HL\GLCDFGLUE_HL_092.jpg,Groundnut,HL,derived,c16e027562f4fe54,Healthy
Z:\Projects\Smart-Farming\Datasets\final_combined_datasets\GLCDfGLUE\HL\GLCDFGLUE_HL_093.jpg,Groundnut,HL,derived,c1617ae97f4502f8,Healthy
Z:\Projects\Smart-Farming\Datasets\final_combined_datasets\GLCDfGLUE\HL\GLCDFGLUE_HL_094.jpg,Groundnut,HL,derived,941b573255baab91,Healthy
Z:\Projects\Smart-Farming\Datasets\final_combined_datasets\GLCDfGLUE\HL\GLCDFGLUE_HL_095.jpg,Groundnut,HL,derived,943b04be24bb54bb,Healthy
Z:\Projects\Smart-Farming\Datasets\final_combined_datasets\GLCDfGLUE\HL\GLCDFGLUE_HL_096.jpg,Groundnut,HL,derived,c56a17fa09740a77,Healthy
Z:\Projects\Smart-Farming\Datasets\final_combined_datasets\GLCDfGLUE\HL\GLCDFGLUE_HL_097.jpg,Groundnut,HL,derived,9c561f5e1d4a86e1,Healthy
Z:\Projects\Smart-Farming\Datasets\final_combined_datasets\GLCDfGLUE\HL\GLCDFGLUE_HL_098.jpg,Groundnut,HL,derived,9c551f561d5a84ea,Healthy
Z:\Projects\Smart-Farming\Datasets\final_combined_datasets\GLCDfGLUE\HL\GLCDFGLUE_HL_099.jpg,Groundnut,HL,derived,9c561e523cc1aee5,Healthy
Z:\Projects\Smart-Farming\Datasets\final_combined_datasets\GLCDfGLUE\HL\GLCDFGLUE_HL_101.jpg,Groundnut,HL,derived,c56a47ea17f08e70,Healthy
Z:\Projects\Smart-Farming\Datasets\final_combined_datasets\GLCDfGLUE\HL\GLCDFGLUE_HL_102.jpg,Groundnut,HL,derived,c17e0b7469b0e9f0,Healthy
Z:\Projects\Smart-Farming\Datasets\final_combined_datasets\GLCDfGLUE\HL\GLCDFGLUE_HL_103.jpg,Groundnut,HL,derived,943d06be2aa877a9,Healthy
Z:\Projects\Smart-Farming\Datasets\final_combined_datasets\GLCDfGLUE\HL\GLCDFGLUE_HL_104.jpg,Groundnut,HL,derived,c17f09552b38c1fa,Healthy
Z:\Projects\Smart-Farming\Datasets\final_combined_datasets\GLCDfGLUE\HL\GLCDFGLUE_HL_105.jpg,Groundnut,HL,derived,c067406b71ef25e6,Healthy
Z:\Projects\Smart-Farming\Datasets\final_combined_datasets\GLCDfGLUE\HL\GLCDFGLUE_HL_106.jpg,Groundnut,HL,derived,953b15be20ba20fb,Healthy
Z:\Projects\Smart-Farming\Datasets\final_combined_datasets\GLCDfGLUE\HL\GLCDFGLUE_HL_107.jpg,Groundnut,HL,derived,c14f084f096f41ff,Healthy
Z:\Projects\Smart-Farming\Datasets\final_combined_datasets\GLCDfGLUE\HL\GLCDFGLUE_HL_108.jpg,Groundnut,HL,derived,9d1327362dba30ba,Healthy
Z:\Projects\Smart-Farming\Datasets\final_combined_datasets\GLCDfGLUE\HL\GLCDFGLUE_HL_109.jpg,Groundnut,HL,derived,c16077abff05232c,Healthy
Z:\Projects\Smart-Farming\Datasets\final_combined_datasets\GLCDfGLUE\HL\GLCDFGLUE_HL_110.jpg,Groundnut,HL,derived,953357ba24aa22bb,Healthy
Z:\Projects\Smart-Farming\Datasets\final_combined_datasets\GLCDfGLUE\HL\GLCDFGLUE_HL_111.jpg,Groundnut,HL,derived,951a5f5a5e4914e5,Healthy
Z:\Projects\Smart-Farming\Datasets\final_combined_datasets\GLCDfGLUE\HL\GLCDFGLUE_HL_112.jpg,Groundnut,HL,derived,c56e45ea05ae07f8,Healthy
Z:\Projects\Smart-Farming\Datasets\final_combined_datasets\GLCDfGLUE\HL\GLCDFGLUE_HL_113.jpg,Groundnut,HL,derived,9c561f521de8aea1,Healthy
Z:\Projects\Smart-Farming\Datasets\final_combined_datasets\GLCDfGLUE\HL\GLCDFGLUE_HL_114.jpg,Groundnut,HL,derived,c04602ef50ef7ce5,Healthy
Z:\Projects\Smart-Farming\Datasets\final_combined_datasets\GLCDfGLUE\HL\GLCDFGLUE_HL_115.jpg,Groundnut,HL,derived,953b242f6c1976b8,Healthy
Z:\Projects\Smart-Farming\Datasets\final_combined_datasets\GLCDfGLUE\HL\GLCDFGLUE_HL_117.jpg,Groundnut,HL,derived,952917a83aa99ec7,Healthy
Z:\Projects\Smart-Farming\Datasets\final_combined_datasets\GLCDfGLUE\HL\GLCDFGLUE_HL_118.jpg,Groundnut,HL,derived,c06c406f41ef457f,Healthy
Z:\Projects\Smart-Farming\Datasets\final_combined_datasets\GLCDfGLUE\HL\GLCDFGLUE_HL_119.jpg,Groundnut,HL,derived,c16857ea35e805fc,Healthy
Z:\Projects\Smart-Farming\Datasets\final_combined_datasets\GLCDfGLUE\HL\GLCDFGLUE_HL_120.jpg,Groundnut,HL,derived,c17821782b7527f3,Healthy
Z:\Projects\Smart-Farming\Datasets\final_combined_datasets\GLCDfGLUE\HL\GLCDFGLUE_HL_121.jpg,Groundnut,HL,derived,c56a17eb1f750c42,Healthy
Z:\Projects\Smart-Farming\Datasets\final_combined_datasets\GLCDfGLUE\HL\GLCDFGLUE_HL_122.jpg,Groundnut,HL,derived,c17c0bf46db0dd90,Healthy
Z:\Projects\Smart-Farming\Datasets\final_combined_datasets\GLCDfGLUE\HL\GLCDFGLUE_HL_124.jpg,Groundnut,HL,derived,c16843eb77fd0231,Healthy
Z:\Projects\Smart-Farming\Datasets\final_combined_datasets\GLCDfGLUE\HL\GLCDFGLUE_HL_125.jpg,Groundnut,HL,derived,942a5c41fcc7a5a7,Healthy
Z:\Projects\Smart-Farming\Datasets\final_combined_datasets\GLCDfGLUE\HL\GLCDFGLUE_HL_126.jpg,Groundnut,HL,derived,943a5e185e6994ed,Healthy
Z:\Projects\Smart-Farming\Datasets\final_combined_datasets\GLCDfGLUE\HL\GLCDFGLUE_HL_127.jpg,Groundnut,HL,derived,c06f44eb45ac47bc,Healthy
Z:\Projects\Smart-Farming\Datasets\final_combined_datasets\GLCDfGLUE\HL\GLCDFGLUE_HL_128.jpg,Groundnut,HL,derived,c17402f576fcee10,Healthy
Z:\Projects\Smart-Farming\Datasets\final_combined_datasets\GLCDfGLUE\HL\GLCDFGLUE_HL_129.jpg,Groundnut,HL,derived,903f02bf7a235726,Healthy
Z:\Projects\Smart-Farming\Datasets\final_combined_datasets\GLCDfGLUE\HL\GLCDFGLUE_HL_130.jpg,Groundnut,HL,derived,943d12be72a05767,Healthy
Z:\Projects\Smart-Farming\Datasets\final_combined_datasets\GLCDfGLUE\HL\GLCDFGLUE_HL_131.jpg,Groundnut,HL,derived,95315fa82aa9fa45,Healthy
Z:\Projects\Smart-Farming\Datasets\final_combined_datasets\GLCDfGLUE\HL\GLCDFGLUE_HL_132.jpg,Groundnut,HL,derived,942b5ea13aa9aaad,Healthy
Z:\Projects\Smart-Farming\Datasets\final_combined_datasets\GLCDfGLUE\HL\GLCDFGLUE_HL_133.jpg,Groundnut,HL,derived,c26506ff3e758e02,Healthy
Z:\Projects\Smart-Farming\Datasets\final_combined_datasets\GLCDfGLUE\HL\GLCDFGLUE_HL_134.jpg,Groundnut,HL,derived,c06c02656bfceef0,Healthy
Z:\Projects\Smart-Farming\Datasets\final_combined_datasets\GLCDfGLUE\HL\GLCDFGLUE_HL_135.jpg,Groundnut,HL,derived,c84d087d49fcfb90,Healthy
Z:\Projects\Smart-Farming\Datasets\final_combined_datasets\GLCDfGLUE\HL\GLCDFGLUE_HL_136.jpg,Groundnut,HL,derived,97315fa80ba15b55,Healthy
Z:\Projects\Smart-Farming\Datasets\final_combined_datasets\GLCDfGLUE\HL\GLCDFGLUE_HL_137.jpg,Groundnut,HL,derived,953b113e11fb11e9,Healthy
Z:\Projects\Smart-Farming\Datasets\final_combined_datasets\GLCDfGLUE\HL\GLCDFGLUE_HL_138.jpg,Groundnut,HL,derived,c16a57eb37ee0031,Healthy
Z:\Projects\Smart-Farming\Datasets\final_combined_datasets\GLCDfGLUE\HL\GLCDFGLUE_HL_139.jpg,Groundnut,HL,derived,943157a82ba9bb65,Healthy
Z:\Projects\Smart-Farming\Datasets\final_combined_datasets\GLCDfGLUE\HL\GLCDFGLUE_HL_140.jpg,Groundnut,HL,derived,953b17ba22a87365,Healthy
Z:\Projects\Smart-Farming\Datasets\final_combined_datasets\GLCDfGLUE\HL\GLCDFGLUE_HL_141.jpg,Groundnut,HL,derived,9d19153a1dea96e8,Healthy
Z:\Projects\Smart-Farming\Datasets\final_combined_datasets\GLCDfGLUE\HL\GLCDFGLUE_HL_142.jpg,Groundnut,HL,derived,8f3406fc47b6686c,Healthy
Z:\Projects\Smart-Farming\Datasets\final_combined_datasets\GLCDfGLUE\HL\GLCDFGLUE_HL_143.jpg,Groundnut,HL,derived,da7953a856723919,Healthy
Z:\Projects\Smart-Farming\Datasets\final_combined_datasets\GLCDfGLUE\HL\GLCDFGLUE_HL_146.jpg,Groundnut,HL,derived,de4e344174ea3959,Healthy
Z:\Projects\Smart-Farming\Datasets\final_combined_datasets\GLCDfGLUE\HL\GLCDFGLUE_HL_147.jpg,Groundnut,HL,derived,da6153a95407ad1f,Healthy
Z:\Projects\Smart-Farming\Datasets\final_combined_datasets\GLCDfGLUE\HL\GLCDFGLUE_HL_148.jpg,Groundnut,HL,derived,d86955a93a533b0d,Healthy
Z:\Projects\Smart-Farming\Datasets\final_combined_datasets\GLCDfGLUE\HL\GLCDFGLUE_HL_149.jpg,Groundnut,HL,derived,dc6955a816733b19,Healthy
Z:\Projects\Smart-Farming\Datasets\final_combined_datasets\GLCDfGLUE\HL\GLCDFGLUE_HL_150.jpg,Groundnut,HL,derived,832d04fd6176ec5c,Healthy
Z:\Projects\Smart-Farming\Datasets\final_combined_datasets\GLCDfGLUE\HL\GLCDFGLUE_HL_151.jpg,Groundnut,HL,derived,da6153ab1446ad5e,Healthy
Z:\Projects\Smart-Farming\Datasets\final_combined_datasets\GLCDfGLUE\HL\GLCDFGLUE_HL_152.jpg,Groundnut,HL,derived,895a48587be38dad,Healthy
Z:\Projects\Smart-Farming\Datasets\final_combined_datasets\GLCDfGLUE\HL\GLCDFGLUE_HL_153.jpg,Groundnut,HL,derived,8d3c007d7f076e4c,Healthy
Z:\Projects\Smart-Farming\Datasets\final_combined_datasets\GLCDfGLUE\HL\GLCDFGLUE_HL_154.jpg,Groundnut,HL,derived,89396c00ffb606fc,Healthy
Z:\Projects\Smart-Farming\Datasets\final_combined_datasets\GLCDfGLUE\HL\GLCDFGLUE_HL_157.jpg,Groundnut,HL,derived,dc4e3c5574a271c9,Healthy
Z:\Projects\Smart-Farming\Datasets\final_combined_datasets\GLCDfGLUE\HL\GLCDFGLUE_HL_158.jpg,Groundnut,HL,derived,802f6474f952fe52,Healthy
Z:\Projects\Smart-Farming\Datasets\final_combined_datasets\GLCDfGLUE\HL\GLCDFGLUE_HL_160.jpg,Groundnut,HL,derived,8f2406fc07f4ac6e,Healthy
Z:\Projects\Smart-Farming\Datasets\final_combined_datasets\GLCDfGLUE\HL\GLCDFGLUE_HL_162.jpg,Groundnut,HL,derived,892d6c67fb02fc50,Healthy
Z:\Projects\Smart-Farming\Datasets\final_combined_datasets\GLCDfGLUE\HL\GLCDFGLUE_HL_163.jpg,Groundnut,HL,derived,893d6825ff02be51,Healthy
Z:\Projects\Smart-Farming\Datasets\final_combined_datasets\GLCDfGLUE\HL\GLCDFGLUE_HL_164.jpg,Groundnut,HL,derived,d8613b22aa56eda6,Healthy
Z:\Projects\Smart-Farming\Datasets\final_combined_datasets\GLCDfGLUE\HL\GLCDFGLUE_HL_165.jpg,Groundnut,HL,derived,dd7c3a64b0c4f0ac,Healthy
Z:\Projects\Smart-Farming\Datasets\final_combined_datasets\GLCDfGLUE\HL\GLCDFGLUE_HL_166.jpg,Groundnut,HL,derived,dc5d3d452ae250e9,Healthy
Z:\Projects\Smart-Farming\Datasets\final_combined_datasets\GLCDfGLUE\HL\GLCDFGLUE_HL_167.jpg,Groundnut,HL,derived,ce06054fe5e6f0d2,Healthy
Z:\Projects\Smart-Farming\Datasets\final_combined_datasets\GLCDfGLUE\HL\GLCDFGLUE_HL_168.jpg,Groundnut,HL,derived,872426fe015efc1b,Healthy
Z:\Projects\Smart-Farming\Datasets\final_combined_datasets\GLCDfGLUE\HL\GLCDFGLUE_HL_169.jpg,Groundnut,HL,derived,802f646d71d3fc58,Healthy
Z:\Projects\Smart-Farming\Datasets\final_combined_datasets\GLCDfGLUE\HL\GLCDFGLUE_HL_171.jpg,Groundnut,HL,derived,9b1b603aa0b3659f,Healthy
Z:\Projects\Smart-Farming\Datasets\final_combined_datasets\GLCDfGLUE\HL\GLCDFGLUE_HL_173.jpg,Groundnut,HL,derived,dc683974aad6c3a4,Healthy
Z:\Projects\Smart-Farming\Datasets\final_combined_datasets\GLCDfGLUE\HL\GLCDFGLUE_HL_174.jpg,Groundnut,HL,derived,802f6c70f992bed2,Healthy
Z:\Projects\Smart-Farming\Datasets\final_combined_datasets\GLCDfGLUE\HL\GLCDFGLUE_HL_175.jpg,Groundnut,HL,derived,dc4f3c6d24e270e8,Healthy
Z:\Projects\Smart-Farming\Datasets\final_combined_datasets\GLCDfGLUE\HL\GLCDFGLUE_HL_177.jpg,Groundnut,HL,derived,812726fd01f72e6c,Healthy
Z:\Projects\Smart-Farming\Datasets\final_combined_datasets\GLCDfGLUE\HL\GLCDFGLUE_HL_178.jpg,Groundnut,HL,derived,d8693972aa56eb06,Healthy
Z:\Projects\Smart-Farming\Datasets\final_combined_datasets\GLCDfGLUE\HL\GLCDFGLUE_HL_179.jpg,Groundnut,HL,derived,873406fc235efc1a,Healthy
Z:\Projects\Smart-Farming\Datasets\final_combined_datasets\GLCDfGLUE\HL\GLCDFGLUE_HL_180.jpg,Groundnut,HL,derived,8d3c047d6f02fe58,Healthy
Z:\Projects\Smart-Farming\Datasets\final_combined_datasets\GLCDfGLUE\HL\GLCDFGLUE_HL_181.jpg,Groundnut,HL,derived,d27157ab540aad5a,Healthy
Z:\Projects\Smart-Farming\Datasets\final_combined_datasets\GLCDfGLUE\HL\GLCDFGLUE_HL_182.jpg,Groundnut,HL,derived,dc6a1d392e5219e9,Healthy
Z:\Projects\Smart-Farming\Datasets\final_combined_datasets\GLCDfGLUE\HL\GLCDFGLUE_HL_183.jpg,Groundnut,HL,derived,df583a7402c4f2ec,Healthy
Z:\Projects\Smart-Farming\Datasets\final_combined_datasets\GLCDfGLUE\HL\GLCDFGLUE_HL_184.jpg,Groundnut,HL,derived,89096f31d7938679,Healthy
Z:\Projects\Smart-Farming\Datasets\final_combined_datasets\GLCDfGLUE\HL\GLCDFGLUE_HL_185.jpg,Groundnut,HL,derived,880f6e6c5b434ced,Healthy
Z:\Projects\Smart-Farming\Datasets\final_combined_datasets\GLCDfGLUE\HL\GLCDFGLUE_HL_186.jpg,Groundnut,HL,derived,dc681d55aad709c5,Healthy
Z:\Projects\Smart-Farming\Datasets\final_combined_datasets\GLCDfGLUE\HL\GLCDFGLUE_HL_187.jpg,Groundnut,HL,derived,882f4e6f43074e5d,Healthy
Z:\Projects\Smart-Farming\Datasets\final_combined_datasets\GLCDfGLUE\HL\GLCDFGLUE_HL_188.jpg,Groundnut,HL,derived,dc783970aa57e905,Healthy
Z:\Projects\Smart-Farming\Datasets\final_combined_datasets\GLCDfGLUE\HL\GLCDFGLUE_HL_189.jpg,Groundnut,HL,derived,8d346867fb03b8d1,Healthy
Z:\Projects\Smart-Farming\Datasets\final_combined_datasets\GLCDfGLUE\HL\GLCDFGLUE_HL_190.jpg,Groundnut,HL,derived,8d3c097cff027e14,Healthy
Z:\Projects\Smart-Farming\Datasets\final_combined_datasets\GLCDfGLUE\HL\GLCDFGLUE_HL_191.jpg,Groundnut,HL,derived,872c6476fb02fc52,Healthy
Z:\Projects\Smart-Farming\Datasets\final_combined_datasets\GLCDfGLUE\HL\GLCDFGLUE_HL_192.jpg,Groundnut,HL,derived,d5793135ac47a945,Healthy
Z:\Projects\Smart-Farming\Datasets\final_combined_datasets\GLCDfGLUE\HL\GLCDFGLUE_HL_193.jpg,Groundnut,HL,derived,dc2a5515ae5719d1,Healthy
Z:\Projects\Smart-Farming\Datasets\final_combined_datasets\GLCDfGLUE\HL\GLCDFGLUE_HL_194.jpg,Groundnut,HL,derived,893f2900ffb24eb4,Healthy
Z:\Projects\Smart-Farming\Datasets\final_combined_datasets\GLCDfGLUE\HL\GLCDFGLUE_HL_195.jpg,Groundnut,HL,derived,d57a3135a547e905,Healthy
Z:\Projects\Smart-Farming\Datasets\final_combined_datasets\GLCDfGLUE\HL\GLCDFGLUE_HL_196.jpg,Groundnut,HL,derived,8f346277f903f803,Healthy
Z:\Projects\Smart-Farming\Datasets\final_combined_datasets\GLCDfGLUE\HL\GLCDFGLUE_HL_197.jpg,Groundnut,HL,derived,d5783135a4c5e9a5,Healthy
Z:\Projects\Smart-Farming\Datasets\final_combined_datasets\GLCDfGLUE\HL\GLCDFGLUE_HL_198.jpg,Groundnut,HL,derived,882d6c25ff83b6d0,Healthy
Z:\Projects\Smart-Farming\Datasets\final_combined_datasets\GLCDfGLUE\HL\GLCDFGLUE_HL_199.jpg,Groundnut,HL,derived,893f486c7b074cbc,Healthy
Z:\Projects\Smart-Farming\Datasets\final_combined_datasets\GLCDfGLUE\HL\GLCDFGLUE_HL_200.jpg,Groundnut,HL,derived,de4c3ae8b2e2f20a,Healthy
Z:\Projects\Smart-Farming\Datasets\final_combined_datasets\GLCDfGLUE\HL\GLCDFGLUE_HL_201.jpg,Groundnut,HL,derived,d8683955abe353a8,Healthy
Z:\Projects\Smart-Farming\Datasets\final_combined_datasets\GLCDfGLUE\HL\GLCDFGLUE_HL_202.jpg,Groundnut,HL,derived,dc0f1c0d2ce6d8ea,Healthy
Z:\Projects\Smart-Farming\Datasets\final_combined_datasets\GLCDfGLUE\HL\GLCDFGLUE_HL_204.jpg,Groundnut,HL,derived,da6153ab1252bd1e,Healthy
Z:\Projects\Smart-Farming\Datasets\final_combined_datasets\GLCDfGLUE\HL\GLCDFGLUE_HL_205.jpg,Groundnut,HL,derived,891b6800fbf78dac,Healthy
Z:\Projects\Smart-Farming\Datasets\final_combined_datasets\GLCDfGLUE\HL\GLCDFGLUE_HL_206.jpg,Groundnut,HL,derived,d47a3229ae47ab45,Healthy
Z:\Projects\Smart-Farming\Datasets\final_combined_datasets\GLCDfGLUE\HL\GLCDFGLUE_HL_207.jpg,Groundnut,HL,derived,dd7a19391e521b68,Healthy
Z:\Projects\Smart-Farming\Datasets\final_combined_datasets\GLCDfGLUE\HL\GLCDFGLUE_HL_208.jpg,Groundnut,HL,derived,880c6e2c5bb30fbd,Healthy
Z:\Projects\Smart-Farming\Datasets\final_combined_datasets\GLCDfGLUE\HL\GLCDFGLUE_HL_209.jpg,Groundnut,HL,derived,891b691079f785bc,Healthy
Z:\Projects\Smart-Farming\Datasets\final_combined_datasets\GLCDfGLUE\HL\GLCDFGLUE_HL_210.jpg,Groundnut,HL,derived,d67851b816f23b19,Healthy
Z:\Projects\Smart-Farming\Datasets\final_combined_datasets\GLCDfGLUE\HL\GLCDFGLUE_HL_211.jpg,Groundnut,HL,derived,f1d86990559aabcc,Healthy
Z:\Projects\Smart-Farming\Datasets\final_combined_datasets\GLCDfGLUE\HL\GLCDFGLUE_HL_212.jpg,Groundnut,HL,derived,f99868905795aacd,Healthy
Z:\Projects\Smart-Farming\Datasets\final_combined_datasets\GLCDfGLUE\HL\GLCDFGLUE_HL_213.jpg,Groundnut,HL,derived,f5ea23e522c526c9,Healthy
Z:\Projects\Smart-Farming\Datasets\final_combined_datasets\GLCDfGLUE\HL\GLCDFGLUE_HL_215.jpg,Groundnut,HL,derived,95ea29cc29dc9b19,Healthy
Z:\Projects\Smart-Farming\Datasets\final_combined_datasets\GLCDfGLUE\HL\GLCDFGLUE_HL_217.jpg,Groundnut,HL,derived,857e2e22fe62760c,Healthy
Z:\Projects\Smart-Farming\Datasets\final_combined_datasets\GLCDfGLUE\HL\GLCDFGLUE_HL_218.jpg,Groundnut,HL,derived,f1d32b9137a213c6,Healthy
Z:\Projects\Smart-Farming\Datasets\final_combined_datasets\GLCDfGLUE\HL\GLCDFGLUE_HL_220.jpg,Groundnut,HL,derived,94ec27d52ed50ec8,Healthy
Z:\Projects\Smart-Farming\Datasets\final_combined_datasets\GLCDfGLUE\HL\GLCDFGLUE_HL_221.jpg,Groundnut,HL,derived,f15a693165b26b92,Healthy
Z:\Projects\Smart-Farming\Datasets\final_combined_datasets\GLCDfGLUE\HL\GLCDFGLUE_HL_222.jpg,Groundnut,HL,derived,f4d226d526c654ea,Healthy
Z:\Projects\Smart-Farming\Datasets\final_combined_datasets\GLCDfGLUE\HL\GLCDFGLUE_HL_223.jpg,Groundnut,HL,derived,a4867ec462eb6693,Healthy
Z:\Projects\Smart-Farming\Datasets\final_combined_datasets\GLCDfGLUE\HL\GLCDFGLUE_HL_225.jpg,Groundnut,HL,derived,840e7e4433ee32cf,Healthy
Z:\Projects\Smart-Farming\Datasets\final_combined_datasets\GLCDfGLUE\HL\GLCDFGLUE_HL_226.jpg,Groundnut,HL,derived,800e7f0477ee738c,Healthy
Z:\Projects\Smart-Farming\Datasets\final_combined_datasets\GLCDfGLUE\HL\GLCDFGLUE_HL_227.jpg,Groundnut,HL,derived,87bf62ab72816295,Healthy
Z:\Projects\Smart-Farming\Datasets\final_combined_datasets\GLCDfGLUE\HL\GLCDFGLUE_HL_230.jpg,Groundnut,HL,derived,d2e505ec35c43f89,Healthy
Z:\Projects\Smart-Farming\Datasets\final_combined_datasets\GLCDfGLUE\HL\GLCDFGLUE_HL_233.jpg,Groundnut,HL,derived,f15a281165bb659b,Healthy
Z:\Projects\Smart-Farming\Datasets\final_combined_datasets\GLCDfGLUE\HL\GLCDFGLUE_HL_234.jpg,Groundnut,HL,derived,b5c526f526cd0cd8,Healthy
Z:\Projects\Smart-Farming\Datasets\final_combined_datasets\GLCDfGLUE\HL\GLCDFGLUE_HL_235.jpg,Groundnut,HL,derived,a1877780739341bf,Healthy
Z:\Projects\Smart-Farming\Datasets\final_combined_datasets\GLCDfGLUE\HL\GLCDFGLUE_HL_236.jpg,Groundnut,HL,derived,d5ea23ec2bcc23c8,Healthy
Z:\Projects\Smart-Farming\Datasets\final_combined_datasets\GLCDfGLUE\HL\GLCDFGLUE_HL_237.jpg,Groundnut,HL,derived,f81c68bc4d91ea8b,Healthy
Z:\Projects\Smart-Farming\Datasets\final_combined_datasets\GLCDfGLUE\HL\GLCDFGLUE_HL_238.jpg,Groundnut,HL,derived,f1da2b9117ca1bc4,Healthy
Z:\Projects\Smart-Farming\Datasets\final_combined_datasets\GLCDfGLUE\HL\GLCDFGLUE_HL_240.jpg,Groundnut,HL,derived,accd3cc500c2ffd8,Healthy
Z:\Projects\Smart-Farming\Datasets\final_combined_datasets\GLCDfGLUE\HL\GLCDFGLUE_HL_241.jpg,Groundnut,HL,derived,87f013ba70a362f5,Healthy
Z:\Projects\Smart-Farming\Datasets\final_combined_datasets\GLCDfGLUE\HL\GLCDFGLUE_HL_242.jpg,Groundnut,HL,derived,d54a237523b523d9,Healthy
Z:\Projects\Smart-Farming\Datasets\final_combined_datasets\GLCDfGLUE\HL\GLCDFGLUE_HL_243.jpg,Groundnut,HL,derived,fa1d6abc4891e28b,Healthy
Z:\Projects\Smart-Farming\Datasets\final_combined_datasets\GLCDfGLUE\HL\GLCDFGLUE_HL_244.jpg,Groundnut,HL,derived,adc93fe802c0e69e,Healthy
Z:\Projects\Smart-Farming\Datasets\final_combined_datasets\GLCDfGLUE\HL\GLCDFGLUE_HL_247.jpg,Groundnut,HL,derived,81bf70b07a81769d,Healthy
Z:\Projects\Smart-Farming\Datasets\final_combined_datasets\GLCDfGLUE\HL\GLCDFGLUE_HL_248.jpg,Groundnut,HL,derived,d2c627d626d43e89,Healthy
Z:\Projects\Smart-Farming\Datasets\final_combined_datasets\GLCDfGLUE\HL\GLCDFGLUE_HL_249.jpg,Groundnut,HL,derived,8d493d6918c03bfe,Healthy
Z:\Projects\Smart-Farming\Datasets\final_combined_datasets\GLCDfGLUE\HL\GLCDFGLUE_HL_250.jpg,Groundnut,HL,derived,f1d221b3259325d7,Healthy
Z:\Projects\Smart-Farming\Datasets\final_combined_datasets\GLCDfGLUE\HL\GLCDFGLUE_HL_251.jpg,Groundnut,HL,derived,81bf20b374a266bd,Healthy
Z:\Projects\Smart-Farming\Datasets\final_combined_datasets\GLCDfGLUE\HL\GLCDFGLUE_HL_252.jpg,Groundnut,HL,derived,f89c6ab86191b2cb,Healthy
Z:\Projects\Smart-Farming\Datasets\final_combined_datasets\GLCDfGLUE\HL\GLCDFGLUE_HL_253.jpg,Groundnut,HL,derived,840e7e043deeb2ce,Healthy
Z:\Projects\Smart-Farming\Datasets\final_combined_datasets\GLCDfGLUE\HL\GLCDFGLUE_HL_255.jpg,Groundnut,HL,derived,e19673a073907b8d,Healthy
Z:\Projects\Smart-Farming\Datasets\final_combined_datasets\GLCDfGLUE\HL\GLCDFGLUE_HL_257.jpg,Groundnut,HL,derived,d5ea656228e623ea,Healthy
Z:\Projects\Smart-Farming\Datasets\final_combined_datasets\GLCDfGLUE\HL\GLCDFGLUE_HL_258.jpg,Groundnut,HL,derived,d2e527d42cd45e89,Healthy
Z:\Projects\Smart-Farming\Datasets\final_combined_datasets\GLCDfGLUE\HL\GLCDFGLUE_HL_259.jpg,Groundnut,HL,derived,d4e425f42fd42ec8,Healthy
Z:\Projects\Smart-Farming\Datasets\final_combined_datasets\GLCDfGLUE\HL\GLCDFGLUE_HL_260.jpg,Groundnut,HL,derived,850f7d6508e73dc2,Healthy
Z:\Projects\Smart-Farming\Datasets\final_combined_datasets\GLCDfGLUE\HL\GLCDFGLUE_HL_261.jpg,Groundnut,HL,derived,f55868385db06d93,Healthy
Z:\Projects\Smart-Farming\Datasets\final_combined_datasets\GLCDfGLUE\HL\GLCDFGLUE_HL_263.jpg,Groundnut,HL,derived,d54a71752b273338,Healthy
Z:\Projects\Smart-Farming\Datasets\final_combined_datasets\GLCDfGLUE\HL\GLCDFGLUE_HL_265.jpg,Groundnut,HL,derived,d05b2355229736db,Healthy
Z:\Projects\Smart-Farming\Datasets\final_combined_datasets\GLCDfGLUE\HL\GLCDFGLUE_HL_266.jpg,Groundnut,HL,derived,c1b970b97a09ee4c,Healthy
Z:\Projects\Smart-Farming\Datasets\final_combined_datasets\GLCDfGLUE\HL\GLCDFGLUE_HL_267.jpg,Groundnut,HL,derived,85f015ba70a376b5,Healthy
Z:\Projects\Smart-Farming\Datasets\final_combined_datasets\GLCDfGLUE\HL\GLCDFGLUE_HL_268.jpg,Groundnut,HL,derived,df1d6a3c4cb468b0,Healthy
Z:\Projects\Smart-Farming\Datasets\final_combined_datasets\GLCDfGLUE\HL\GLCDFGLUE_HL_269.jpg,Groundnut,HL,derived,81bd50b970b366b9,Healthy
Z:\Projects\Smart-Farming\Datasets\final_combined_datasets\GLCDfGLUE\HL\GLCDFGLUE_HL_270.jpg,Groundnut,HL,derived,f15b2b1122bb27d2,Healthy
Z:\Projects\Smart-Farming\Datasets\final_combined_datasets\GLCDfGLUE\HL\GLCDFGLUE_HL_271.jpg,Groundnut,HL,derived,d0ea27f526d526c1,Healthy
Z:\Projects\Smart-Farming\Datasets\final_combined_datasets\GLCDfGLUE\HL\GLCDFGLUE_HL_272.jpg,Groundnut,HL,derived,81b974b97e894e8c,Healthy
Z:\Projects\Smart-Farming\Datasets\final_combined_datasets\GLCDfGLUE\HL\GLCDFGLUE_HL_273.jpg,Groundnut,HL,derived,80bf303374b366b9,Healthy
Z:\Projects\Smart-Farming\Datasets\final_combined_datasets\GLCDfGLUE\HL\GLCDFGLUE_HL_274.jpg,Groundnut,HL,derived,a40e7f0437ee328e,Healthy
Z:\Projects\Smart-Farming\Datasets\final_combined_datasets\GLCDfGLUE\HL\GLCDFGLUE_HL_275.jpg,Groundnut,HL,derived,859f72827787418f,Healthy
Z:\Projects\Smart-Farming\Datasets\final_combined_datasets\GLCDfGLUE\HL\GLCDFGLUE_HL_276.jpg,Groundnut,HL,derived,d4ec25ec2bcc2bc8,Healthy
Z:\Projects\Smart-Farming\Datasets\final_combined_datasets\GLCDfGLUE\HL\GLCDFGLUE_HL_277.jpg,Groundnut,HL,derived,81bf10b670a376b3,Healthy
Z:\Projects\Smart-Farming\Datasets\final_combined_datasets\GLCDfGLUE\HL\GLCDFGLUE_HL_278.jpg,Groundnut,HL,derived,a4867e8473ef6283,Healthy
Z:\Projects\Smart-Farming\Datasets\final_combined_datasets\GLCDfGLUE\HL\GLCDFGLUE_HL_279.jpg,Groundnut,HL,derived,cafc055aa52877a5,Healthy
Z:\Projects\Smart-Farming\Datasets\final_combined_datasets\GLCDfGLUE\HL\GLCDFGLUE_HL_280.jpg,Groundnut,HL,derived,adc32d91413fe23a,Healthy
Z:\Projects\Smart-Farming\Datasets\final_combined_datasets\GLCDfGLUE\HL\GLCDFGLUE_HL_283.jpg,Groundnut,HL,derived,d5b54396a952a15b,Healthy
Z:\Projects\Smart-Farming\Datasets\final_combined_datasets\GLCDfGLUE\HL\GLCDFGLUE_HL_284.jpg,Groundnut,HL,derived,d197629eac5ba149,Healthy
Z:\Projects\Smart-Farming\Datasets\final_combined_datasets\GLCDfGLUE\HL\GLCDFGLUE_HL_285.jpg,Groundnut,HL,derived,f59668c6146ab267,Healthy
Z:\Projects\Smart-Farming\Datasets\final_combined_datasets\GLCDfGLUE\HL\GLCDFGLUE_HL_286.jpg,Groundnut,HL,derived,d0b54ab66c9fa40b,Healthy
Z:\Projects\Smart-Farming\Datasets\final_combined_datasets\GLCDfGLUE\HL\GLCDFGLUE_HL_287.jpg,Groundnut,HL,derived,d1976a8a154db74c,Healthy
Z:\Projects\Smart-Farming\Datasets\final_combined_datasets\GLCDfGLUE\HL\GLCDFGLUE_HL_288.jpg,Groundnut,HL,derived,d497ea92459b5788,Healthy
Z:\Projects\Smart-Farming\Datasets\final_combined_datasets\GLCDfGLUE\HL\GLCDFGLUE_HL_289.jpg,Groundnut,HL,derived,9fa9500ff87c03f0,Healthy
Z:\Projects\Smart-Farming\Datasets\final_combined_datasets\GLCDfGLUE\HL\GLCDFGLUE_HL_291.jpg,Groundnut,HL,derived,80c03fd719cf6b0b,Healthy
Z:\Projects\Smart-Farming\Datasets\final_combined_datasets\GLCDfGLUE\HL\GLCDFGLUE_HL_292.jpg,Groundnut,HL,derived,afc02f92621ee63a,Healthy
Z:\Projects\Smart-Farming\Datasets\final_combined_datasets\GLCDfGLUE\HL\GLCDFGLUE_HL_294.jpg,Groundnut,HL,derived,93a9540ff8fc0af0,Healthy
Z:\Projects\Smart-Farming\Datasets\final_combined_datasets\GLCDfGLUE\R\GLCDFGLUE_R_077.jpg,Groundnut,R,derived,97d0022bbe4f0d1f,Rust
Z:\Projects\Smart-Farming\Datasets\final_combined_datasets\GLCDfGLUE\R\GLCDFGLUE_R_078.jpg,Groundnut,R,derived,81317ee0f053647f,Rust
Z:\Projects\Smart-Farming\Datasets\final_combined_datasets\GLCDfGLUE\R\GLCDFGLUE_R_079.jpg,Groundnut,R,derived,f2ca68ed36f03291,Rust
Z:\Projects\Smart-Farming\Datasets\final_combined_datasets\GLCDfGLUE\R\GLCDFGLUE_R_080.jpg,Groundnut,R,derived,e85ae4cbec3924f0,Rust
Z:\Projects\Smart-Farming\Datasets\final_combined_datasets\GLCDfGLUE\R\GLCDFGLUE_R_081.jpg,Groundnut,R,derived,8f2f3d397079a142,Rust
Z:\Projects\Smart-Farming\Datasets\final_combined_datasets\GLCDfGLUE\R\GLCDFGLUE_R_082.jpg,Groundnut,R,derived,c281d7760f30c67e,Rust
Z:\Projects\Smart-Farming\Datasets\final_combined_datasets\GLCDfGLUE\R\GLCDFGLUE_R_083.jpg,Groundnut,R,derived,97d00a2ffa4c1d1b,Rust
Z:\Projects\Smart-Farming\Datasets\final_combined_datasets\GLCDfGLUE\R\GLCDFGLUE_R_084.jpg,Groundnut,R,derived,d285d77e8f10505e,Rust
Z:\Projects\Smart-Farming\Datasets\final_combined_datasets\GLCDfGLUE\R\GLCDFGLUE_R_085.jpg,Groundnut,R,derived,87f0062b3e4d2d1f,Rust
Z:\Projects\Smart-Farming\Datasets\final_combined_datasets\GLCDfGLUE\R\GLCDFGLUE_R_086.jpg,Groundnut,R,derived,c285507e7b5258eb,Rust
Z:\Projects\Smart-Farming\Datasets\final_combined_datasets\GLCDfGLUE\R\GLCDFGLUE_R_087.jpg,Groundnut,R,derived,96d1832dfa46174b,Rust
Z:\Projects\Smart-Farming\Datasets\final_combined_datasets\GLCDfGLUE\R\GLCDFGLUE_R_088.jpg,Groundnut,R,derived,c3845f7a6b1b48c9,Rust
Z:\Projects\Smart-Farming\Datasets\final_combined_datasets\GLCDfGLUE\R\GLCDFGLUE_R_089.jpg,Groundnut,R,derived,97d1022bfa471755,Rust
Z:\Projects\Smart-Farming\Datasets\final_combined_datasets\GLCDfGLUE\R\GLCDFGLUE_R_090.jpg,Groundnut,R,derived,87d0062b3e470dbf,Rust
Z:\Projects\Smart-Farming\Datasets\final_combined_datasets\GLCDfGLUE\R\GLCDFGLUE_R_091.jpg,Groundnut,R,derived,97d40a2d3c7c3d1a,Rust
Z:\Projects\Smart-Farming\Datasets\final_combined_datasets\GLCDfGLUE\R\GLCDFGLUE_R_092.jpg,Groundnut,R,derived,87d402055b7dbb1b,Rust
Z:\Projects\Smart-Farming\Datasets\final_combined_datasets\GLCDfGLUE\R\GLCDFGLUE_R_093.jpg,Groundnut,R,derived,97d48b075864bb2b,Rust
Z:\Projects\Smart-Farming\Datasets\final_combined_datasets\GLCDfGLUE\R\GLCDFGLUE_R_094.jpg,Groundnut,R,derived,84bec0025eedf359,Rust
Z:\Projects\Smart-Farming\Datasets\final_combined_datasets\GLCDfGLUE\R\GLCDFGLUE_R_095.jpg,Groundnut,R,derived,c394537ae95b6981,Rust
Z:\Projects\Smart-Farming\Datasets\final_combined_datasets\GLCDfGLUE\R\GLCDFGLUE_R_096.jpg,Groundnut,R,derived,c281d6520cb1fe7e,Rust
Z:\Projects\Smart-Farming\Datasets\final_combined_datasets\GLCDfGLUE\R\GLCDFGLUE_R_097.jpg,Groundnut,R,derived,97c1016baa0b3fd5,Rust
Z:\Projects\Smart-Farming\Datasets\final_combined_datasets\GLCDfGLUE\R\GLCDFGLUE_R_098.jpg,Groundnut,R,derived,87d4822fde4d151b,Rust
Z:\Projects\Smart-Farming\Datasets\final_combined_datasets\GLCDfGLUE\R\GLCDFGLUE_R_099.jpg,Groundnut,R,derived,ca855c5a7d532ae1,Rust
Z:\Projects\Smart-Farming\Datasets\final_combined_datasets\GLCDfGLUE\R\GLCDFGLUE_R_100.jpg,Groundnut,R,derived,9cd19d7d802e78a6,Rust
Z:\Projects\Smart-Farming\Datasets\final_combined_datasets\GLCDfGLUE\R\GLCDFGLUE_R_101.jpg,Groundnut,R,derived,9e910a2d3c5e3db8,Rust
Z:\Projects\Smart-Farming\Datasets\final_combined_datasets\GLCDfGLUE\R\GLCDFGLUE_R_102.jpg,Groundnut,R,derived,c0965c7a7e5b2aa1,Rust
Z:\Projects\Smart-Farming\Datasets\final_combined_datasets\GLCDfGLUE\R\GLCDFGLUE_R_103.jpg,Groundnut,R,derived,d285d41e595258fb,Rust
Z:\Projects\Smart-Farming\Datasets\final_combined_datasets\GLCDfGLUE\R\GLCDFGLUE_R_104.jpg,Groundnut,R,derived,9dc3092f2a867af4,Rust
Z:\Projects\Smart-Farming\Datasets\final_combined_datasets\GLCDfGLUE\R\GLCDFGLUE_R_105.jpg,Groundnut,R,derived,c285d77aaf30425e,Rust
Z:\Projects\Smart-Farming\Datasets\final_combined_datasets\GLCDfGLUE\R\GLCDFGLUE_R_106.jpg,Groundnut,R,derived,97f0897ba8433caa,Rust
Z:\Projects\Smart-Farming\Datasets\final_combined_datasets\GLCDfGLUE\R\GLCDFGLUE_R_107.jpg,Groundnut,R,derived,c196482ad8fa3cf3,Rust
Z:\Projects\Smart-Farming\Datasets\final_combined_datasets\GLCDfGLUE\R\GLCDFGLUE_R_108.jpg,Groundnut,R,derived,c2a9d65219b1be3c,Rust
Z:\Projects\Smart-Farming\Datasets\final_combined_datasets\GLCDfGLUE\R\GLCDFGLUE_R_109.jpg,Groundnut,R,derived,96c30d2f290e7cf4,Rust
Z:\Projects\Smart-Farming\Datasets\final_combined_datasets\GLCDfGLUE\R\GLCDFGLUE_R_110.jpg,Groundnut,R,derived,96d00a2f3c5c3dba,Rust
Z:\Projects\Smart-Farming\Datasets\final_combined_datasets\GLCDfGLUE\R\GLCDFGLUE_R_111.jpg,Groundnut,R,derived,97d0832bba47155d,Rust
Z:\Projects\Smart-Farming\Datasets\final_combined_datasets\GLCDfGLUE\R\GLCDFGLUE_R_112.jpg,Groundnut,R,derived,839d4b211b7d3b1a,Rust
Z:\Projects\Smart-Farming\Datasets\final_combined_datasets\GLCDfGLUE\R\GLCDFGLUE_R_113.jpg,Groundnut,R,derived,879c42091f6d3f1b,Rust
Z:\Projects\Smart-Farming\Datasets\final_combined_datasets\GLCDfGLUE\R\GLCDFGLUE_R_114.jpg,Groundnut,R,derived,c2c99c520cb1fe5e,Rust
Z:\Projects\Smart-Farming\Datasets\final_combined_datasets\GLCDfGLUE\R\GLCDFGLUE_R_115.jpg,Groundnut,R,derived,9fd1894b28067dbc,Rust
Z:\Projects\Smart-Farming\Datasets\final_combined_datasets\GLCDfGLUE\R\GLCDFGLUE_R_116.jpg,Groundnut,R,derived,9dd1057b890f68ae,Rust
Z:\Projects\Smart-Farming\Datasets\final_combined_datasets\GLCDfGLUE\R\GLCDFGLUE_R_117.jpg,Groundnut,R,derived,d2c15f786d29604f,Rust
Z:\Projects\Smart-Farming\Datasets\final_combined_datasets\GLCDfGLUE\R\GLCDFGLUE_R_118.jpg,Groundnut,R,derived,d2a5535e4b1258eb,Rust
Z:\Projects\Smart-Farming\Datasets\final_combined_datasets\GLCDfGLUE\R\GLCDFGLUE_R_119.jpg,Groundnut,R,derived,c285d6520fb1c67e,Rust
Z:\Projects\Smart-Farming\Datasets\final_combined_datasets\GLCDfGLUE\R\GLCDFGLUE_R_120.jpg,Groundnut,R,derived,c394577aef1b4209,Rust
Z:\Projects\Smart-Farming\Datasets\final_combined_datasets\GLCDfGLUE\R\GLCDFGLUE_R_121.jpg,Groundnut,R,derived,c394537a6b1368e9,Rust
Z:\Projects\Smart-Farming\Datasets\final_combined_datasets\GLCDfGLUE\R\GLCDFGLUE_R_122.jpg,Groundnut,R,derived,80ad42291f7d3b1f,Rust
Z:\Projects\Smart-Farming\Datasets\final_combined_datasets\GLCDfGLUE\R\GLCDFGLUE_R_123.jpg,Groundnut,R,derived,d2c995540fb0ce5e,Rust
Z:\Projects\Smart-Farming\Datasets\final_combined_datasets\GLCDfGLUE\R\GLCDFGLUE_R_124.jpg,Groundnut,R,derived,c284547efd5329e1,Rust
Z:\Projects\Smart-Farming\Datasets\final_combined_datasets\GLCDfGLUE\R\GLCDFGLUE_R_125.jpg,Groundnut,R,derived,c096582a7cfb2fa1,Rust
Z:\Projects\Smart-Farming\Datasets\final_combined_datasets\GLCDfGLUE\R\GLCDFGLUE_R_126.jpg,Groundnut,R,derived,c284d02ed55e7df0,Rust
Z:\Projects\Smart-Farming\Datasets\final_combined_datasets\GLCDfGLUE\R\GLCDFGLUE_R_127.jpg,Groundnut,R,derived,d5da95550eb8c60e,Rust
Z:\Projects\Smart-Farming\Datasets\final_combined_datasets\GLCDfGLUE\R\GLCDFGLUE_R_128.jpg,Groundnut,R,derived,94c10579a10fabbf,Rust
Z:\Projects\Smart-Farming\Datasets\final_combined_datasets\GLCDfGLUE\R\GLCDFGLUE_R_129.jpg,Groundnut,R,derived,97dc0b055974b91b,Rust
Z:\Projects\Smart-Farming\Datasets\final_combined_datasets\GLCDfGLUE\R\GLCDFGLUE_R_130.jpg,Groundnut,R,derived,97d48227da65970b,Rust
Z:\Projects\Smart-Farming\Datasets\final_combined_datasets\GLCDfGLUE\R\GLCDFGLUE_R_131.jpg,Groundnut,R,derived,879c090719fcbb1b,Rust
Z:\Projects\Smart-Farming\Datasets\final_combined_datasets\GLCDfGLUE\R\GLCDFGLUE_R_132.jpg,Groundnut,R,derived,d2e1977c4b38584e,Rust
Z:\Projects\Smart-Farming\Datasets\final_combined_datasets\GLCDfGLUE\R\GLCDFGLUE_R_133.jpg,Groundnut,R,derived,c196582a787a3de3,Rust
Z:\Projects\Smart-Farming\Datasets\final_combined_datasets\GLCDfGLUE\R\GLCDFGLUE_R_134.jpg,Groundnut,R,derived,d285577e6b18584e,Rust
Z:\Projects\Smart-Farming\Datasets\final_combined_datasets\GLCDfGLUE\R\GLCDFGLUE_R_135.jpg,Groundnut,R,derived,c284503eff5e69e0,Rust
Z:\Projects\Smart-Farming\Datasets\final_combined_datasets\GLCDfGLUE\R\GLCDFGLUE_R_136.jpg,Groundnut,R,derived,94c3056ba90f7ab6,Rust
Z:\Projects\Smart-Farming\Datasets\final_combined_datasets\GLCDfGLUE\R\GLCDFGLUE_R_137.jpg,Groundnut,R,derived,9fd0092f2a067bf4,Rust
Z:\Projects\Smart-Farming\Datasets\final_combined_datasets\GLCDfGLUE\R\GLCDFGLUE_R_138.jpg,Groundnut,R,derived,87f0c37bba432439,Rust
Z:\Projects\Smart-Farming\Datasets\final_combined_datasets\GLCDfGLUE\R\GLCDFGLUE_R_139.jpg,Groundnut,R,derived,c285d7ffaf16400c,Rust
Z:\Projects\Smart-Farming\Datasets\final_combined_datasets\GLCDfGLUE\R\GLCDFGLUE_R_140.jpg,Groundnut,R,derived,86bc46291f4d2d1f,Rust
Z:\Projects\Smart-Farming\Datasets\final_combined_datasets\GLCDfGLUE\R\GLCDFGLUE_R_141.jpg,Groundnut,R,derived,d5d815554e286e4f,Rust
Z:\Projects\Smart-Farming\Datasets\final_combined_datasets\GLCDfGLUE\R\GLCDFGLUE_R_142.jpg,Groundnut,R,derived,879ec0035ce5cb6b,Rust
Z:\Projects\Smart-Farming\Datasets\final_combined_datasets\GLCDfGLUE\R\GLCDFGLUE_R_143.jpg,Groundnut,R,derived,ca84d80cdd572df1,Rust
Z:\Projects\Smart-Farming\Datasets\final_combined_datasets\GLCDfGLUE\R\GLCDFGLUE_R_144.jpg,Groundnut,R,derived,c9854d3a75f323a8,Rust
Z:\Projects\Smart-Farming\Datasets\final_combined_datasets\GLCDfGLUE\R\GLCDFGLUE_R_145.jpg,Groundnut,R,derived,9cd19d59810b78af,Rust
Z:\Projects\Smart-Farming\Datasets\final_combined_datasets\GLCDfGLUE\R\GLCDFGLUE_R_146.jpg,Groundnut,R,derived,d0cb5c524ca9ee4e,Rust
Z:\Projects\Smart-Farming\Datasets\final_combined_datasets\GLCDfGLUE\R\GLCDFGLUE_R_147.jpg,Groundnut,R,derived,87f6c22ad66da458,Rust
Z:\Projects\Smart-Farming\Datasets\final_combined_datasets\GLCDfGLUE\R\GLCDFGLUE_R_148.jpg,Groundnut,R,derived,80f97ff0fa00650f,Rust
Z:\Projects\Smart-Farming\Datasets\final_combined_datasets\GLCDfGLUE\R\GLCDFGLUE_R_149.jpg,Groundnut,R,derived,87507ae0e05364ff,Rust
Z:\Projects\Smart-Farming\Datasets\final_combined_datasets\GLCDfGLUE\R\GLCDFGLUE_R_150.jpg,Groundnut,R,derived,d2453fb5b49612a9,Rust
Z:\Projects\Smart-Farming\Datasets\final_combined_datasets\GLCDfGLUE\R\GLCDFGLUE_R_151.jpg,Groundnut,R,derived,d6652bb5b58650aa,Rust
Z:\Projects\Smart-Farming\Datasets\final_combined_datasets\GLCDfGLUE\R\GLCDFGLUE_R_152.jpg,Groundnut,R,derived,d0a52ab5ed562c5a,Rust
Z:\Projects\Smart-Farming\Datasets\final_combined_datasets\GLCDfGLUE\R\GLCDFGLUE_R_153.jpg,Groundnut,R,derived,d2486bf5ad55348c,Rust
Z:\Projects\Smart-Farming\Datasets\final_combined_datasets\GLCDfGLUE\R\GLCDFGLUE_R_154.jpg,Groundnut,R,derived,c2a42dbeb40a5b3b,Rust
Z:\Projects\Smart-Farming\Datasets\final_combined_datasets\GLCDfGLUE\R\GLCDFGLUE_R_155.jpg,Groundnut,R,derived,d2042fb5b52633ab,Rust
Z:\Projects\Smart-Farming\Datasets\final_combined_datasets\GLCDfGLUE\R\GLCDFGLUE_R_156.jpg,Groundnut,R,derived,d56a4aa9afa5258c,Rust
Z:\Projects\Smart-Farming\Datasets\final_combined_datasets\GLCDfGLUE\R\GLCDFGLUE_R_157.jpg,Groundnut,R,derived,d0a42bb5ada528de,Rust
Z:\Projects\Smart-Farming\Datasets\final_combined_datasets\GLCDfGLUE\R\GLCDFGLUE_R_158.jpg,Groundnut,R,derived,81f17ef0f053054f,Rust
Z:\Projects\Smart-Farming\Datasets\final_combined_datasets\GLCDfGLUE\R\GLCDFGLUE_R_159.jpg,Groundnut,R,derived,812e3f1c79f661c1,Rust
Z:\Projects\Smart-Farming\Datasets\final_combined_datasets\GLCDfGLUE\R\GLCDFGLUE_R_160.jpg,Groundnut,R,derived,d2456bf5b416748c,Rust
Z:\Projects\Smart-Farming\Datasets\final_combined_datasets\GLCDfGLUE\R\GLCDFGLUE_R_161.jpg,Groundnut,R,derived,95f17ca3e11f016c,Rust
Z:\Projects\Smart-Farming\Datasets\final_combined_datasets\GLCDfGLUE\R\GLCDFGLUE_R_162.jpg,Groundnut,R,derived,d55b4a692cb33594,Rust
Z:\Projects\Smart-Farming\Datasets\final_combined_datasets\GLCDfGLUE\R\GLCDFGLUE_R_163.jpg,Groundnut,R,derived,803b06fdfef06898,Rust
Z:\Projects\Smart-Farming\Datasets\final_combined_datasets\GLCDfGLUE\R\GLCDFGLUE_R_164.jpg,Groundnut,R,derived,81fe5ff43a922883,Rust
Z:\Projects\Smart-Farming\Datasets\final_combined_datasets\GLCDfGLUE\R\GLCDFGLUE_R_165.jpg,Groundnut,R,derived,c0a32dd3f45ab459,Rust
Z:\Projects\Smart-Farming\Datasets\final_combined_datasets\GLCDfGLUE\R\GLCDFGLUE_R_166.jpg,Groundnut,R,derived,853e3e1471f661c3,Rust
Z:\Projects\Smart-Farming\Datasets\final_combined_datasets\GLCDfGLUE\R\GLCDFGLUE_R_167.jpg,Groundnut,R,derived,c2a42bf5b56a706a,Rust
Z:\Projects\Smart-Farming\Datasets\final_combined_datasets\GLCDfGLUE\R\GLCDFGLUE_R_168.jpg,Groundnut,R,derived,95f07fa0f803f10d,Rust
Z:\Projects\Smart-Farming\Datasets\final_combined_datasets\GLCDfGLUE\R\GLCDFGLUE_R_169.jpg,Groundnut,R,derived,d0a42bb5add7205e,Rust
Z:\Projects\Smart-Farming\Datasets\final_combined_datasets\GLCDfGLUE\R\GLCDFGLUE_R_170.jpg,Groundnut,R,derived,80b97ff0fb50210f,Rust
Z:\Projects\Smart-Farming\Datasets\final_combined_datasets\GLCDfGLUE\R\GLCDFGLUE_R_171.jpg,Groundnut,R,derived,85f07ee039b32d83,Rust
Z:\Projects\Smart-Farming\Datasets\final_combined_datasets\GLCDfGLUE\R\GLCDFGLUE_R_172.jpg,Groundnut,R,derived,d4a32ab3ad56951a,Rust
Z:\Projects\Smart-Farming\Datasets\final_combined_datasets\GLCDfGLUE\R\GLCDFGLUE_R_173.jpg,Groundnut,R,derived,800f1f3c7bf661c1,Rust
Z:\Projects\Smart-Farming\Datasets\final_combined_datasets\GLCDfGLUE\R\GLCDFGLUE_R_174.jpg,Groundnut,R,derived,d46b6b492cb2349e,Rust
Z:\Projects\Smart-Farming\Datasets\final_combined_datasets\GLCDfGLUE\R\GLCDFGLUE_R_175.jpg,Groundnut,R,derived,97f17ce229932583,Rust
Z:\Projects\Smart-Farming\Datasets\final_combined_datasets\GLCDfGLUE\R\GLCDFGLUE_R_176.jpg,Groundnut,R,derived,d4a80aa1ade76957,Rust
Z:\Projects\Smart-Farming\Datasets\final_combined_datasets\GLCDfGLUE\R\GLCDFGLUE_R_177.jpg,Groundnut,R,derived,d55b5ac82cb53594,Rust
Z:\Projects\Smart-Farming\Datasets\final_combined_datasets\GLCDfGLUE\R\GLCDFGLUE_R_178.jpg,Groundnut,R,derived,87517ea0e03364bf,Rust
Z:\Projects\Smart-Farming\Datasets\final_combined_datasets\GLCDfGLUE\R\GLCDFGLUE_R_179.jpg,Groundnut,R,derived,871c3e90f1c361db,Rust
Z:\Projects\Smart-Farming\Datasets\final_combined_datasets\GLCDfGLUE\R\GLCDFGLUE_R_180.jpg,Groundnut,R,derived,c0a72ab7bd5e141a,Rust
Z:\Projects\Smart-Farming\Datasets\final_combined_datasets\GLCDfGLUE\R\GLCDFGLUE_R_181.jpg,Groundnut,R,derived,d4a10aa16f477cd6,Rust
Z:\Projects\Smart-Farming\Datasets\final_combined_datasets\GLCDfGLUE\R\GLCDFGLUE_R_182.jpg,Groundnut,R,derived,d2497b01349676de,Rust
Z:\Projects\Smart-Farming\Datasets\final_combined_datasets\GLCDfGLUE\R\GLCDFGLUE_R_183.jpg,Groundnut,R,derived,87117ea0e0d360ff,Rust
Z:\Projects\Smart-Farming\Datasets\final_combined_datasets\GLCDfGLUE\R\GLCDFGLUE_R_184.jpg,Groundnut,R,derived,d5ac2aa5af17505a,Rust
Z:\Projects\Smart-Farming\Datasets\final_combined_datasets\GLCDfGLUE\R\GLCDFGLUE_R_185.jpg,Groundnut,R,derived,d56832a9a4a5b59e,Rust
Z:\Projects\Smart-Farming\Datasets\final_combined_datasets\GLCDfGLUE\R\GLCDFGLUE_R_186.jpg,Groundnut,R,derived,81f15ff0fab07c01,Rust
Z:\Projects\Smart-Farming\Datasets\final_combined_datasets\GLCDfGLUE\R\GLCDFGLUE_R_187.jpg,Groundnut,R,derived,800f7fd4e0c3e4cb,Rust
Z:\Projects\Smart-Farming\Datasets\final_combined_datasets\GLCDfGLUE\R\GLCDFGLUE_R_188.jpg,Groundnut,R,derived,85f17ee0f8807d0b,Rust
Z:\Projects\Smart-Farming\Datasets\final_combined_datasets\GLCDfGLUE\R\GLCDFGLUE_R_189.jpg,Groundnut,R,derived,d4ac2aa5af57205e,Rust
Z:\Projects\Smart-Farming\Datasets\final_combined_datasets\GLCDfGLUE\R\GLCDFGLUE_R_190.jpg,Groundnut,R,derived,81f45fe4fa03e00f,Rust
Z:\Projects\Smart-Farming\Datasets\final_combined_datasets\GLCDfGLUE\R\GLCDFGLUE_R_191.jpg,Groundnut,R,derived,91f67fc4b803e00f,Rust
Z:\Projects\Smart-Farming\Datasets\final_combined_datasets\GLCDfGLUE\R\GLCDFGLUE_R_192.jpg,Groundnut,R,derived,85f47fe03803f10f,Rust
Z:\Projects\Smart-Farming\Datasets\final_combined_datasets\GLCDfGLUE\R\GLCDFGLUE_R_193.jpg,Groundnut,R,derived,97517ee0f8037c0b,Rust
Z:\Projects\Smart-Farming\Datasets\final_combined_datasets\GLCDfGLUE\R\GLCDFGLUE_R_194.jpg,Groundnut,R,derived,81fb1ffc7af02880,Rust
Z:\Projects\Smart-Farming\Datasets\final_combined_datasets\GLCDfGLUE\R\GLCDFGLUE_R_195.jpg,Groundnut,R,derived,85f17ee0e813641f,Rust
Z:\Projects\Smart-Farming\Datasets\final_combined_datasets\GLCDfGLUE\R\GLCDFGLUE_R_196.jpg,Groundnut,R,derived,800e0fff79e3e0c1,Rust
Z:\Projects\Smart-Farming\Datasets\final_combined_datasets\GLCDfGLUE\R\GLCDFGLUE_R_197.jpg,Groundnut,R,derived,95f17ca2e90f650c,Rust
Z:\Projects\Smart-Farming\Datasets\final_combined_datasets\GLCDfGLUE\R\GLCDFGLUE_R_198.jpg,Groundnut,R,derived,87d07ee0f8837d03,Rust
Z:\Projects\Smart-Farming\Datasets\final_combined_datasets\GLCDfGLUE\R\GLCDFGLUE_R_199.jpg,Groundnut,R,derived,801f3fdce1e061cb,Rust
Z:\Projects\Smart-Farming\Datasets\final_combined_datasets\GLCDfGLUE\R\GLCDFGLUE_R_200.jpg,Groundnut,R,derived,c0a72bb76d566550,Rust
Z:\Projects\Smart-Farming\Datasets\final_combined_datasets\GLCDfGLUE\R\GLCDFGLUE_R_201.jpg,Groundnut,R,derived,c0a32bb76d56a45a,Rust
Z:\Projects\Smart-Farming\Datasets\final_combined_datasets\GLCDfGLUE\R\GLCDFGLUE_R_202.jpg,Groundnut,R,derived,d2052bf5b55621ea,Rust
Z:\Projects\Smart-Farming\Datasets\final_combined_datasets\GLCDfGLUE\R\GLCDFGLUE_R_203.jpg,Groundnut,R,derived,851e3e5461e7278b,Rust
Z:\Projects\Smart-Farming\Datasets\final_combined_datasets\GLCDfGLUE\R\GLCDFGLUE_R_204.jpg,Groundnut,R,derived,d4446bf5ad15b48c,Rust
Z:\Projects\Smart-Farming\Datasets\final_combined_datasets\GLCDfGLUE\R\GLCDFGLUE_R_205.jpg,Groundnut,R,derived,83307ef0e05305ff,Rust
Z:\Projects\Smart-Farming\Datasets\final_combined_datasets\GLCDfGLUE\R\GLCDFGLUE_R_206.jpg,Groundnut,R,derived,870e3e54e1e3878b,Rust
Z:\Projects\Smart-Farming\Datasets\final_combined_datasets\GLCDfGLUE\R\GLCDFGLUE_R_207.jpg,Groundnut,R,derived,975178a0f9137c0f,Rust
Z:\Projects\Smart-Farming\Datasets\final_combined_datasets\GLCDfGLUE\R\GLCDFGLUE_R_208.jpg,Groundnut,R,derived,d5602aa5b5b7b0ca,Rust
Z:\Projects\Smart-Farming\Datasets\final_combined_datasets\GLCDfGLUE\R\GLCDFGLUE_R_209.jpg,Groundnut,R,derived,d0a42bb5ad76315a,Rust
Z:\Projects\Smart-Farming\Datasets\final_combined_datasets\GLCDfGLUE\R\GLCDFGLUE_R_210.jpg,Groundnut,R,derived,d24b3b81b496d35c,Rust
Z:\Projects\Smart-Farming\Datasets\final_combined_datasets\GLCDfGLUE\R\GLCDFGLUE_R_211.jpg,Groundnut,R,derived,95f17ea0f803650f,Rust
Z:\Projects\Smart-Farming\Datasets\final_combined_datasets\GLCDfGLUE\R\GLCDFGLUE_R_212.jpg,Groundnut,R,derived,efb82d3c15c218cb,Rust
Z:\Projects\Smart-Farming\Datasets\final_combined_datasets\GLCDfGLUE\R\GLCDFGLUE_R_213.jpg,Groundnut,R,derived,b79f3428303327b6,Rust
Z:\Projects\Smart-Farming\Datasets\final_combined_datasets\GLCDfGLUE\R\GLCDFGLUE_R_214.jpg,Groundnut,R,derived,d54a686b6d646ae4,Rust
Z:\Projects\Smart-Farming\Datasets\final_combined_datasets\GLCDfGLUE\R\GLCDFGLUE_R_215.jpg,Groundnut,R,derived,e2ca61f536e232d1,Rust
Z:\Projects\Smart-Farming\Datasets\final_combined_datasets\GLCDfGLUE\R\GLCDFGLUE_R_216.jpg,Groundnut,R,derived,b7ca3c7870914997,Rust
Z:\Projects\Smart-Farming\Datasets\final_combined_datasets\GLCDfGLUE\R\GLCDFGLUE_R_217.jpg,Groundnut,R,derived,d2ca69e534e632b1,Rust
Z:\Projects\Smart-Farming\Datasets\final_combined_datasets\GLCDfGLUE\R\GLCDFGLUE_R_218.jpg,Groundnut,R,derived,b69f34287037671c,Rust
Z:\Projects\Smart-Farming\Datasets\final_combined_datasets\GLCDfGLUE\R\GLCDFGLUE_R_219.jpg,Groundnut,R,derived,d2ca69652ce636a6,Rust
Z:\Projects\Smart-Farming\Datasets\final_combined_datasets\GLCDfGLUE\R\GLCDFGLUE_R_220.jpg,Groundnut,R,derived,eab86b3d2534328b,Rust
Z:\Projects\Smart-Farming\Datasets\final_combined_datasets\GLCDfGLUE\R\GLCDFGLUE_R_221.jpg,Groundnut,R,derived,8b9e5cb459b0f8c1,Rust
Z:\Projects\Smart-Farming\Datasets\final_combined_datasets\GLCDfGLUE\R\GLCDFGLUE_R_222.jpg,Groundnut,R,derived,dada6a3d25353438,Rust
Z:\Projects\Smart-Farming\Datasets\final_combined_datasets\GLCDfGLUE\R\GLCDFGLUE_R_223.jpg,Groundnut,R,derived,e2de682f35d0169a,Rust
Z:\Projects\Smart-Farming\Datasets\final_combined_datasets\GLCDfGLUE\R\GLCDFGLUE_R_224.jpg,Groundnut,R,derived,e29e6b2d21d51dc2,Rust
Z:\Projects\Smart-Farming\Datasets\final_combined_datasets\GLCDfGLUE\R\GLCDFGLUE_R_225.jpg,Groundnut,R,derived,e2ca693d2574725a,Rust
Z:\Projects\Smart-Farming\Datasets\final_combined_datasets\GLCDfGLUE\R\GLCDFGLUE_R_226.jpg,Groundnut,R,derived,d0cc6a2e6b657272,Rust
Z:\Projects\Smart-Farming\Datasets\final_combined_datasets\GLCDfGLUE\R\GLCDFGLUE_R_227.jpg,Groundnut,R,derived,978f3f687060232f,Rust
Z:\Projects\Smart-Farming\Datasets\final_combined_datasets\GLCDfGLUE\R\GLCDFGLUE_R_228.jpg,Groundnut,R,derived,a59b3d7870216787,Rust
Z:\Projects\Smart-Farming\Datasets\final_combined_datasets\GLCDfGLUE\R\GLCDFGLUE_R_229.jpg,Groundnut,R,derived,c0963faa70e1a74e,Rust
Z:\Projects\Smart-Farming\Datasets\final_combined_datasets\GLCDfGLUE\R\GLCDFGLUE_R_230.jpg,Groundnut,R,derived,d6cb29e524e4b516,Rust
Z:\Projects\Smart-Farming\Datasets\final_combined_datasets\GLCDfGLUE\R\GLCDFGLUE_R_231.jpg,Groundnut,R,derived,8f9a70a563a3a64e,Rust
Z:\Projects\Smart-Farming\Datasets\final_combined_datasets\GLCDfGLUE\R\GLCDFGLUE_R_232.jpg,Groundnut,R,derived,daca61e43ee634a4,Rust
Z:\Projects\Smart-Farming\Datasets\final_combined_datasets\GLCDfGLUE\R\GLCDFGLUE_R_233.jpg,Groundnut,R,derived,879e3c3829b363a3,Rust
Z:\Projects\Smart-Farming\Datasets\final_combined_datasets\GLCDfGLUE\R\GLCDFGLUE_R_234.jpg,Groundnut,R,derived,b79f34687025670e,Rust
Z:\Projects\Smart-Farming\Datasets\final_combined_datasets\GLCDfGLUE\R\GLCDFGLUE_R_235.jpg,Groundnut,R,derived,e2bc6b3d25d418ca,Rust
Z:\Projects\Smart-Farming\Datasets\final_combined_datasets\GLCDfGLUE\R\GLCDFGLUE_R_236.jpg,Groundnut,R,derived,d6cb29e50ce425b6,Rust
Z:\Projects\Smart-Farming\Datasets\final_combined_datasets\GLCDfGLUE\R\GLCDFGLUE_R_237.jpg,Groundnut,R,derived,839e7ca163a3a647,Rust
Z:\Projects\Smart-Farming\Datasets\final_combined_datasets\GLCDfGLUE\R\GLCDFGLUE_R_238.jpg,Groundnut,R,derived,b79f342860076f8e,Rust
Z:\Projects\Smart-Farming\Datasets\final_combined_datasets\GLCDfGLUE\R\GLCDFGLUE_R_239.jpg,Groundnut,R,derived,b79b3c687021278f,Rust
Z:\Projects\Smart-Farming\Datasets\final_combined_datasets\GLCDfGLUE\R\GLCDFGLUE_R_240.jpg,Groundnut,R,derived,a5833f3b62a043cf,Rust
Z:\Projects\Smart-Farming\Datasets\final_combined_datasets\GLCDfGLUE\R\GLCDFGLUE_R_241.jpg,Groundnut,R,derived,eabc693d35c218ca,Rust
Z:\Projects\Smart-Farming\Datasets\final_combined_datasets\GLCDfGLUE\R\GLCDFGLUE_R_242.jpg,Groundnut,R,derived,f5c268f435f0b219,Rust
Z:\Projects\Smart-Farming\Datasets\final_combined_datasets\GLCDfGLUE\R\GLCDFGLUE_R_243.jpg,Groundnut,R,derived,a78b3f787020638f,Rust
Z:\Projects\Smart-Farming\Datasets\final_combined_datasets\GLCDfGLUE\R\GLCDFGLUE_R_244.jpg,Groundnut,R,derived,b78b3ce860874b8e,Rust
Z:\Projects\Smart-Farming\Datasets\final_combined_datasets\GLCDfGLUE\R\GLCDFGLUE_R_245.jpg,Groundnut,R,derived,d2ca25f036f2b319,Rust
Z:\Projects\Smart-Farming\Datasets\final_combined_datasets\GLCDfGLUE\R\GLCDFGLUE_R_246.jpg,Groundnut,R,derived,d6ca69e524e625b4,Rust
Z:\Projects\Smart-Farming\Datasets\final_combined_datasets\GLCDfGLUE\R\GLCDFGLUE_R_247.jpg,Groundnut,R,derived,a79f3d2860a1678e,Rust
Z:\Projects\Smart-Farming\Datasets\final_combined_datasets\GLCDfGLUE\R\GLCDFGLUE_R_248.jpg,Groundnut,R,derived,f2c268f537f09219,Rust
Z:\Projects\Smart-Farming\Datasets\final_combined_datasets\GLCDfGLUE\R\GLCDFGLUE_R_249.jpg,Groundnut,R,derived,caca61647ee234e6,Rust
Z:\Projects\Smart-Farming\Datasets\final_combined_datasets\GLCDfGLUE\R\GLCDFGLUE_R_250.jpg,Groundnut,R,derived,d2dc6a2f23257558,Rust
Z:\Projects\Smart-Farming\Datasets\final_combined_datasets\GLCDfGLUE\R\GLCDFGLUE_R_251.jpg,Groundnut,R,derived,beea3c6860914d97,Rust
Z:\Projects\Smart-Farming\Datasets\final_combined_datasets\GLCDfGLUE\R\GLCDFGLUE_R_252.jpg,Groundnut,R,derived,daca21e43ef23790,Rust
Z:\Projects\Smart-Farming\Datasets\final_combined_datasets\GLCDfGLUE\R\GLCDFGLUE_R_253.jpg,Groundnut,R,derived,80973fbb70a163e4,Rust
Z:\Projects\Smart-Farming\Datasets\final_combined_datasets\GLCDfGLUE\R\GLCDFGLUE_R_254.jpg,Groundnut,R,derived,879f3cb06ba362a1,Rust
Z:\Projects\Smart-Farming\Datasets\final_combined_datasets\GLCDfGLUE\R\GLCDFGLUE_R_255.jpg,Groundnut,R,derived,8f9e342839333ab3,Rust
Z:\Projects\Smart-Farming\Datasets\final_combined_datasets\GLCDfGLUE\R\GLCDFGLUE_R_256.jpg,Groundnut,R,derived,d5c268f525b4b21b,Rust
Z:\Projects\Smart-Farming\Datasets\final_combined_datasets\GLCDfGLUE\R\GLCDFGLUE_R_257.jpg,Groundnut,R,derived,bae9786840974d9e,Rust
Z:\Projects\Smart-Farming\Datasets\final_combined_datasets\GLCDfGLUE\R\GLCDFGLUE_R_258.jpg,Groundnut,R,derived,d2ce6a2f61657262,Rust
Z:\Projects\Smart-Farming\Datasets\final_combined_datasets\GLCDfGLUE\R\GLCDFGLUE_R_259.jpg,Groundnut,R,derived,b79f34a063874f84,Rust
Z:\Projects\Smart-Farming\Datasets\final_combined_datasets\GLCDfGLUE\R\GLCDFGLUE_R_260.jpg,Groundnut,R,derived,e2ca68bd34d21a9b,Rust
Z:\Projects\Smart-Farming\Datasets\final_combined_datasets\GLCDfGLUE\R\GLCDFGLUE_R_261.jpg,Groundnut,R,derived,a79f3ca862876784,Rust
Z:\Projects\Smart-Farming\Datasets\final_combined_datasets\GLCDfGLUE\R\GLCDFGLUE_R_262.jpg,Groundnut,R,derived,decb09e90ce52d94,Rust
Z:\Projects\Smart-Farming\Datasets\final_combined_datasets\GLCDfGLUE\R\GLCDFGLUE_R_263.jpg,Groundnut,R,derived,8f9a34b06bb362a3,Rust
Z:\Projects\Smart-Farming\Datasets\final_combined_datasets\GLCDfGLUE\R\GLCDFGLUE_R_264.jpg,Groundnut,R,derived,ebbc29bd14c218cb,Rust
Z:\Projects\Smart-Farming\Datasets\final_combined_datasets\GLCDfGLUE\R\GLCDFGLUE_R_265.jpg,Groundnut,R,derived,e29e693d35d01aca,Rust
Z:\Projects\Smart-Farming\Datasets\final_combined_datasets\GLCDfGLUE\R\GLCDFGLUE_R_266.jpg,Groundnut,R,derived,ce9a6b3d2535341a,Rust
Z:\Projects\Smart-Farming\Datasets\final_combined_datasets\GLCDfGLUE\R\GLCDFGLUE_R_267.jpg,Groundnut,R,derived,d6dc6a2b232d251d,Rust
Z:\Projects\Smart-Farming\Datasets\final_combined_datasets\GLCDfGLUE\R\GLCDFGLUE_R_268.jpg,Groundnut,R,derived,80963fbb70a1e6c6,Rust
Z:\Projects\Smart-Farming\Datasets\final_combined_datasets\GLCDfGLUE\R\GLCDFGLUE_R_269.jpg,Groundnut,R,derived,849b3f7a38302737,Rust
Z:\Projects\Smart-Farming\Datasets\final_combined_datasets\GLCDfGLUE\R\GLCDFGLUE_R_270.jpg,Groundnut,R,derived,d6da6a2f25353514,Rust
Z:\Projects\Smart-Farming\Datasets\final_combined_datasets\GLCDfGLUE\R\GLCDFGLUE_R_271.jpg,Groundnut,R,derived,a7973da16285c74c,Rust
Z:\Projects\Smart-Farming\Datasets\final_combined_datasets\GLCDfGLUE\R\GLCDFGLUE_R_272.jpg,Groundnut,R,derived,878b3f7a7460222f,Rust
Z:\Projects\Smart-Farming\Datasets\final_combined_datasets\GLCDfGLUE\R\GLCDFGLUE_R_273.jpg,Groundnut,R,derived,e2ea29f53cc21a99,Rust
Z:\Projects\Smart-Farming\Datasets\final_combined_datasets\GLCDfGLUE\R\GLCDFGLUE_R_274.jpg,Groundnut,R,derived,c2ca617d65667343,Rust
Z:\Projects\Smart-Farming\Datasets\final_combined_datasets\GLCDfGLUE\R\GLCDFGLUE_R_275.jpg,Groundnut,R,derived,80973f3b78b162b1,Rust
Z:\Projects\Smart-Farming\Datasets\final_combined_datasets\GLCDfGLUE\R\GLCDFGLUE_R_276.jpg,Groundnut,R,derived,a58b3f7a62a06387,Rust
Z:\Projects\Smart-Farming\Datasets\final_combined_datasets\GLCDfGLUE\R\GLCDFGLUE_R_277.jpg,Groundnut,R,derived,d6cb21e434b6f312,Rust
Z:\Projects\Smart-Farming\Datasets\final_combined_datasets\GLCDfGLUE\R\GLCDFGLUE_R_278.jpg,Groundnut,R,derived,d5c2686a6d6527e4,Rust
Z:\Projects\Smart-Farming\Datasets\final_combined_datasets\GLCDfGLUE\R\GLCDFGLUE_R_279.jpg,Groundnut,R,derived,e85a52c9e2fd36c0,Rust
Z:\Projects\Smart-Farming\Datasets\final_combined_datasets\GLCDfGLUE\R\GLCDFGLUE_R_280.jpg,Groundnut,R,derived,bee09a801f6f307a,Rust
Z:\Projects\Smart-Farming\Datasets\final_combined_datasets\GLCDfGLUE\R\GLCDFGLUE_R_281.jpg,Groundnut,R,derived,e85a75ca663924f1,Rust
Z:\Projects\Smart-Farming\Datasets\final_combined_datasets\GLCDfGLUE\R\GLCDFGLUE_R_282.jpg,Groundnut,R,derived,be0ba807bc6f38a4,Rust
Z:\Projects\Smart-Farming\Datasets\final_combined_datasets\GLCDfGLUE\R\GLCDFGLUE_R_283.jpg,Groundnut,R,derived,ea35eb14683e6d22,Rust
Z:\Projects\Smart-Farming\Datasets\final_combined_datasets\GLCDfGLUE\R\GLCDFGLUE_R_284.jpg,Groundnut,R,derived,ed38e5fb643124c2,Rust
Z:\Projects\Smart-Farming\Datasets\final_combined_datasets\GLCDfGLUE\R\GLCDFGLUE_R_285.jpg,Groundnut,R,derived,ea256a346d36b5c1,Rust
Z:\Projects\Smart-Farming\Datasets\final_combined_datasets\GLCDfGLUE\R\GLCDFGLUE_R_286.jpg,Groundnut,R,derived,bd0f811f9e2a70ac,Rust
Z:\Projects\Smart-Farming\Datasets\final_combined_datasets\GLCDfGLUE\R\GLCDFGLUE_R_287.jpg,Groundnut,R,derived,be6bb803386b3970,Rust
Z:\Projects\Smart-Farming\Datasets\final_combined_datasets\GLCDfGLUE\R\GLCDFGLUE_R_288.jpg,Groundnut,R,derived,e05531caa3ed3785,Rust
Z:\Projects\Smart-Farming\Datasets\final_combined_datasets\GLCDfGLUE\R\GLCDFGLUE_R_289.jpg,Groundnut,R,derived,bd0b881fba6e38a4,Rust
Z:\Projects\Smart-Farming\Datasets\final_combined_datasets\GLCDfGLUE\R\GLCDFGLUE_R_290.jpg,Groundnut,R,derived,bd06811f9f385a5c,Rust
Z:\Projects\Smart-Farming\Datasets\final_combined_datasets\GLCDfGLUE\R\GLCDFGLUE_R_291.jpg,Groundnut,R,derived,bf60ba633c633053,Rust
Z:\Projects\Smart-Farming\Datasets\final_combined_datasets\GLCDfGLUE\R\GLCDFGLUE_R_292.jpg,Groundnut,R,derived,e853124b82fd3f0d,Rust
Z:\Projects\Smart-Farming\Datasets\final_combined_datasets\GLCDfGLUE\R\GLCDFGLUE_R_293.jpg,Groundnut,R,derived,a80ad8cbc93d6cf1,Rust
Z:\Projects\Smart-Farming\Datasets\final_combined_datasets\GLCDfGLUE\R\GLCDFGLUE_R_294.jpg,Groundnut,R,derived,be0bb80f386e39a4,Rust
Z:\Projects\Smart-Farming\Datasets\final_combined_datasets\GLCDfGLUE\R\GLCDFGLUE_R_295.jpg,Groundnut,R,derived,fe1f079816b122d3,Rust
Z:\Projects\Smart-Farming\Datasets\final_combined_datasets\GLCDfGLUE\R\GLCDFGLUE_R_296.jpg,Groundnut,R,derived,a848f0cbed7924f1,Rust
Z:\Projects\Smart-Farming\Datasets\final_combined_datasets\GLCDfGLUE\R\GLCDFGLUE_R_297.jpg,Groundnut,R,derived,b504659d76b966d0,Rust
Z:\Projects\Smart-Farming\Datasets\final_combined_datasets\GLCDfGLUE\R\GLCDFGLUE_R_298.jpg,Groundnut,R,derived,fe1f079812a963d4,Rust
Z:\Projects\Smart-Farming\Datasets\final_combined_datasets\GLCDfGLUE\R\GLCDFGLUE_R_299.jpg,Groundnut,R,derived,fc69aabb9868b054,Rust
Z:\Projects\Smart-Farming\Datasets\final_combined_datasets\GLCDfGLUE\R\GLCDFGLUE_R_300.jpg,Groundnut,R,derived,bd0f071c56a9625d,Rust
Z:\Projects\Smart-Farming\Datasets\final_combined_datasets\GLCDfGLUE\R\GLCDFGLUE_R_301.jpg,Groundnut,R,derived,be2b82919e4bbc58,Rust
Z:\Projects\Smart-Farming\Datasets\final_combined_datasets\GLCDfGLUE\R\GLCDFGLUE_R_302.jpg,Groundnut,R,derived,bf0f239f37a86280,Rust
Z:\Projects\Smart-Farming\Datasets\final_combined_datasets\GLCDfGLUE\R\GLCDFGLUE_R_303.jpg,Groundnut,R,derived,a938e4ebed3124e1,Rust
Z:\Projects\Smart-Farming\Datasets\final_combined_datasets\GLCDfGLUE\R\GLCDFGLUE_R_304.jpg,Groundnut,R,derived,eb1ed5cacb0ae980,Rust
Z:\Projects\Smart-Farming\Datasets\final_combined_datasets\GLCDfGLUE\R\GLCDFGLUE_R_305.jpg,Groundnut,R,derived,eb36ed1668366407,Rust
Z:\Projects\Smart-Farming\Datasets\final_combined_datasets\GLCDfGLUE\R\GLCDFGLUE_R_306.jpg,Groundnut,R,derived,e85874c962fd36d0,Rust
Z:\Projects\Smart-Farming\Datasets\final_combined_datasets\GLCDfGLUE\R\GLCDFGLUE_R_307.jpg,Groundnut,R,derived,bd05219fb7b87288,Rust
Z:\Projects\Smart-Farming\Datasets\final_combined_datasets\GLCDfGLUE\R\GLCDFGLUE_R_308.jpg,Groundnut,R,derived,be63ba433d633052,Rust
Z:\Projects\Smart-Farming\Datasets\final_combined_datasets\GLCDfGLUE\R\GLCDFGLUE_R_309.jpg,Groundnut,R,derived,ea3469166d3a6ce1,Rust
Z:\Projects\Smart-Farming\Datasets\final_combined_datasets\GLCDfGLUE\R\GLCDFGLUE_R_310.jpg,Groundnut,R,derived,eb356f1668346507,Rust
Z:\Projects\Smart-Farming\Datasets\final_combined_datasets\GLCDfGLUE\R\GLCDFGLUE_R_311.jpg,Groundnut,R,derived,bf0f288e336c71a4,Rust
Z:\Projects\Smart-Farming\Datasets\final_combined_datasets\GLCDfGLUE\R\GLCDFGLUE_R_312.jpg,Groundnut,R,derived,e93eed9a6c3124c1,Rust
Z:\Projects\Smart-Farming\Datasets\final_combined_datasets\GLCDfGLUE\R\GLCDFGLUE_R_313.jpg,Groundnut,R,derived,bee0bac31d633072,Rust
Z:\Projects\Smart-Farming\Datasets\final_combined_datasets\GLCDfGLUE\R\GLCDFGLUE_R_314.jpg,Groundnut,R,derived,ba63b8633d636192,Rust
Z:\Projects\Smart-Farming\Datasets\final_combined_datasets\GLCDfGLUE\R\GLCDFGLUE_R_315.jpg,Groundnut,R,derived,bc0fb88e396c71a4,Rust
Z:\Projects\Smart-Farming\Datasets\final_combined_datasets\GLCDfGLUE\R\GLCDFGLUE_R_316.jpg,Groundnut,R,derived,ad3aedba6c3124c2,Rust
Z:\Projects\Smart-Farming\Datasets\final_combined_datasets\GLCDfGLUE\R\GLCDFGLUE_R_317.jpg,Groundnut,R,derived,be1f279826a126d3,Rust
Z:\Projects\Smart-Farming\Datasets\final_combined_datasets\GLCDfGLUE\R\GLCDFGLUE_R_318.jpg,Groundnut,R,derived,fae1aa835d65306a,Rust
Z:\Projects\Smart-Farming\Datasets\final_combined_datasets\GLCDfGLUE\R\GLCDFGLUE_R_319.jpg,Groundnut,R,derived,e97aedcb6c3124c0,Rust
Z:\Projects\Smart-Farming\Datasets\final_combined_datasets\GLCDfGLUE\R\GLCDFGLUE_R_320.jpg,Groundnut,R,derived,ea1cc3c4cb1aeb8a,Rust
Z:\Projects\Smart-Farming\Datasets\final_combined_datasets\GLCDfGLUE\R\GLCDFGLUE_R_321.jpg,Groundnut,R,derived,ea3cebc4cb3a6c02,Rust
Z:\Projects\Smart-Farming\Datasets\final_combined_datasets\GLCDfGLUE\R\GLCDFGLUE_R_322.jpg,Groundnut,R,derived,be6bb847386631b0,Rust
Z:\Projects\Smart-Farming\Datasets\final_combined_datasets\GLCDfGLUE\R\GLCDFGLUE_R_323.jpg,Groundnut,R,derived,e81edd4ae92a64f0,Rust
Z:\Projects\Smart-Farming\Datasets\final_combined_datasets\GLCDfGLUE\R\GLCDFGLUE_R_324.jpg,Groundnut,R,derived,b82fb88e39647195,Rust
Z:\Projects\Smart-Farming\Datasets\final_combined_datasets\GLCDfGLUE\R\GLCDFGLUE_R_325.jpg,Groundnut,R,derived,e85a6ddb643924d1,Rust
Z:\Projects\Smart-Farming\Datasets\final_combined_datasets\GLCDfGLUE\R\GLCDFGLUE_R_326.jpg,Groundnut,R,derived,ea3dc3c44b3e6906,Rust
Z:\Projects\Smart-Farming\Datasets\final_combined_datasets\GLCDfGLUE\R\GLCDFGLUE_R_327.jpg,Groundnut,R,derived,bd0f8f1cdaa12b48,Rust
Z:\Projects\Smart-Farming\Datasets\final_combined_datasets\GLCDfGLUE\R\GLCDFGLUE_R_328.jpg,Groundnut,R,derived,f86da1beb8643194,Rust
Z:\Projects\Smart-Farming\Datasets\final_combined_datasets\GLCDfGLUE\R\GLCDFGLUE_R_329.jpg,Groundnut,R,derived,e85114cac3ed378d,Rust
Z:\Projects\Smart-Farming\Datasets\final_combined_datasets\GLCDfGLUE\R\GLCDFGLUE_R_330.jpg,Groundnut,R,derived,e81ad0cac92f6cf1,Rust
Z:\Projects\Smart-Farming\Datasets\final_combined_datasets\GLCDfGLUE\R\GLCDFGLUE_R_331.jpg,Groundnut,R,derived,b86bb88e386431d7,Rust
Z:\Projects\Smart-Farming\Datasets\final_combined_datasets\GLCDfGLUE\R\GLCDFGLUE_R_332.jpg,Groundnut,R,derived,ad36edfa6c306406,Rust
Z:\Projects\Smart-Farming\Datasets\final_combined_datasets\GLCDfGLUE\R\GLCDFGLUE_R_333.jpg,Groundnut,R,derived,eb3e6d926c3224e1,Rust
Z:\Projects\Smart-Farming\Datasets\final_combined_datasets\GLCDfGLUE\R\GLCDFGLUE_R_334.jpg,Groundnut,R,derived,bd0fa89fba2870a4,Rust
Z:\Projects\Smart-Farming\Datasets\final_combined_datasets\GLCDfGLUE\R\GLCDFGLUE_R_335.jpg,Groundnut,R,derived,afb4ef1648306527,Rust
Z:\Projects\Smart-Farming\Datasets\final_combined_datasets\GLCDfGLUE\R\GLCDFGLUE_R_336.jpg,Groundnut,R,derived,eb1eed4ae82864f0,Rust
Z:\Projects\Smart-Farming\Datasets\final_combined_datasets\GLCDfGLUE\R\GLCDFGLUE_R_337.jpg,Groundnut,R,derived,fc1db1bcb0a46394,Rust
Z:\Projects\Smart-Farming\Datasets\final_combined_datasets\GLCDfGLUE\R\GLCDFGLUE_R_338.jpg,Groundnut,R,derived,e85ada0bc97d0f09,Rust
Z:\Projects\Smart-Farming\Datasets\final_combined_datasets\GLCDfGLUE\R\GLCDFGLUE_R_339.jpg,Groundnut,R,derived,be6bb88b386c3152,Rust
Z:\Projects\Smart-Farming\Datasets\final_combined_datasets\GLCDfGLUE\R\GLCDFGLUE_R_340.jpg,Groundnut,R,derived,8b2b3d3d3859a075,Rust
Z:\Projects\Smart-Farming\Datasets\final_combined_datasets\GLCDfGLUE\R\GLCDFGLUE_R_341.jpg,Groundnut,R,derived,da7a6945ed1433e0,Rust
Z:\Projects\Smart-Farming\Datasets\final_combined_datasets\GLCDfGLUE\R\GLCDFGLUE_R_342.jpg,Groundnut,R,derived,ff652fa03430e2b2,Rust
Z:\Projects\Smart-Farming\Datasets\final_combined_datasets\GLCDfGLUE\R\GLCDFGLUE_R_343.jpg,Groundnut,R,derived,dc7c68a8e900d5f3,Rust
Z:\Projects\Smart-Farming\Datasets\final_combined_datasets\GLCDfGLUE\R\GLCDFGLUE_R_344.jpg,Groundnut,R,derived,9f2f3c10bc4027f6,Rust
Z:\Projects\Smart-Farming\Datasets\final_combined_datasets\GLCDfGLUE\R\GLCDFGLUE_R_345.jpg,Groundnut,R,derived,ca34753069b529e7,Rust
Z:\Projects\Smart-Farming\Datasets\final_combined_datasets\GLCDfGLUE\R\GLCDFGLUE_R_346.jpg,Groundnut,R,derived,da7e4aea0b2c343c,Rust
Z:\Projects\Smart-Farming\Datasets\final_combined_datasets\GLCDfGLUE\R\GLCDFGLUE_R_347.jpg,Groundnut,R,derived,ca7b6145e01f52ab,Rust
Z:\Projects\Smart-Farming\Datasets\final_combined_datasets\GLCDfGLUE\R\GLCDFGLUE_R_348.jpg,Groundnut,R,derived,8a387cfa613065f6,Rust
Z:\Projects\Smart-Farming\Datasets\final_combined_datasets\GLCDfGLUE\R\GLCDFGLUE_R_349.jpg,Groundnut,R,derived,8a3b38f1f063b5c2,Rust
Z:\Projects\Smart-Farming\Datasets\final_combined_datasets\GLCDfGLUE\R\GLCDFGLUE_R_350.jpg,Groundnut,R,derived,8f2f3c10fd48a578,Rust
Z:\Projects\Smart-Farming\Datasets\final_combined_datasets\GLCDfGLUE\R\GLCDFGLUE_R_351.jpg,Groundnut,R,derived,ca34783472e5a3c7,Rust
Z:\Projects\Smart-Farming\Datasets\final_combined_datasets\GLCDfGLUE\R\GLCDFGLUE_R_352.jpg,Groundnut,R,derived,ca387ab56065a7c3,Rust
Z:\Projects\Smart-Farming\Datasets\final_combined_datasets\GLCDfGLUE\R\GLCDFGLUE_R_353.jpg,Groundnut,R,derived,dd692da13461aab3,Rust
Z:\Projects\Smart-Farming\Datasets\final_combined_datasets\GLCDfGLUE\R\GLCDFGLUE_R_354.jpg,Groundnut,R,derived,8d2f3d54b85541b6,Rust
Z:\Projects\Smart-Farming\Datasets\final_combined_datasets\GLCDfGLUE\R\GLCDFGLUE_R_355.jpg,Groundnut,R,derived,9d3f3450315a07f6,Rust
Z:\Projects\Smart-Farming\Datasets\final_combined_datasets\GLCDfGLUE\R\GLCDFGLUE_R_356.jpg,Groundnut,R,derived,8d3d3c50717a057e,Rust
Z:\Projects\Smart-Farming\Datasets\final_combined_datasets\GLCDfGLUE\R\GLCDFGLUE_R_357.jpg,Groundnut,R,derived,dc7868a8eb0516f3,Rust
Z:\Projects\Smart-Farming\Datasets\final_combined_datasets\GLCDfGLUE\R\GLCDFGLUE_R_358.jpg,Groundnut,R,derived,ca3c7c347a25a1e5,Rust
Z:\Projects\Smart-Farming\Datasets\final_combined_datasets\GLCDfGLUE\R\GLCDFGLUE_R_359.jpg,Groundnut,R,derived,8b6829e127b4f696,Rust
Z:\Projects\Smart-Farming\Datasets\final_combined_datasets\GLCDfGLUE\R\GLCDFGLUE_R_360.jpg,Groundnut,R,derived,dd6929a81465bea3,Rust
Z:\Projects\Smart-Farming\Datasets\final_combined_datasets\GLCDfGLUE\R\GLCDFGLUE_R_361.jpg,Groundnut,R,derived,883d7c75517d4561,Rust
Z:\Projects\Smart-Farming\Datasets\final_combined_datasets\GLCDfGLUE\R\GLCDFGLUE_R_362.jpg,Groundnut,R,derived,da7a6845ed157429,Rust
Z:\Projects\Smart-Farming\Datasets\final_combined_datasets\GLCDfGLUE\R\GLCDFGLUE_R_363.jpg,Groundnut,R,derived,dd686bc10da89e78,Rust
Z:\Projects\Smart-Farming\Datasets\final_combined_datasets\GLCDfGLUE\R\GLCDFGLUE_R_364.jpg,Groundnut,R,derived,dd686924552ed257,Rust
Z:\Projects\Smart-Farming\Datasets\final_combined_datasets\GLCDfGLUE\R\GLCDFGLUE_R_365.jpg,Groundnut,R,derived,8a3c3e346875e365,Rust
Z:\Projects\Smart-Farming\Datasets\final_combined_datasets\GLCDfGLUE\R\GLCDFGLUE_R_366.jpg,Groundnut,R,derived,9f6128e13fb0f690,Rust
Z:\Projects\Smart-Farming\Datasets\final_combined_datasets\GLCDfGLUE\R\GLCDFGLUE_R_367.jpg,Groundnut,R,derived,9f6a6b642534f096,Rust
Z:\Projects\Smart-Farming\Datasets\final_combined_datasets\GLCDfGLUE\R\GLCDFGLUE_R_368.jpg,Groundnut,R,derived,d57b6981a30716ab,Rust
Z:\Projects\Smart-Farming\Datasets\final_combined_datasets\GLCDfGLUE\R\GLCDFGLUE_R_369.jpg,Groundnut,R,derived,8f2f3c14ba4147ae,Rust
Z:\Projects\Smart-Farming\Datasets\final_combined_datasets\GLCDfGLUE\R\GLCDFGLUE_R_370.jpg,Groundnut,R,derived,ca3f1e3e5a387221,Rust
Z:\Projects\Smart-Farming\Datasets\final_combined_datasets\GLCDfGLUE\R\GLCDFGLUE_R_371.jpg,Groundnut,R,derived,852d34d4b65343be,Rust
Z:\Projects\Smart-Farming\Datasets\final_combined_datasets\GLCDfGLUE\R\GLCDFGLUE_R_372.jpg,Groundnut,R,derived,8f2f3d10b851a17d,Rust
Z:\Projects\Smart-Farming\Datasets\final_combined_datasets\GLCDfGLUE\R\GLCDFGLUE_R_373.jpg,Groundnut,R,derived,dd6d29a3346570a3,Rust
Z:\Projects\Smart-Farming\Datasets\final_combined_datasets\GLCDfGLUE\R\GLCDFGLUE_R_374.jpg,Groundnut,R,derived,8d2f3454b25143fe,Rust
Z:\Projects\Smart-Farming\Datasets\final_combined_datasets\GLCDfGLUE\R\GLCDFGLUE_R_375.jpg,Groundnut,R,derived,9c3d7551517a9782,Rust
Z:\Projects\Smart-Farming\Datasets\final_combined_datasets\GLCDfGLUE\R\GLCDFGLUE_R_376.jpg,Groundnut,R,derived,9f6d2fa03630e296,Rust
Z:\Projects\Smart-Farming\Datasets\final_combined_datasets\GLCDfGLUE\R\GLCDFGLUE_R_377.jpg,Groundnut,R,derived,89293dfdb8558187,Rust
Z:\Projects\Smart-Farming\Datasets\final_combined_datasets\GLCDfGLUE\R\GLCDFGLUE_R_378.jpg,Groundnut,R,derived,c96b610d442f57cb,Rust
Z:\Projects\Smart-Farming\Datasets\final_combined_datasets\GLCDfGLUE\R\GLCDFGLUE_R_379.jpg,Groundnut,R,derived,da7a6305af1612ab,Rust
Z:\Projects\Smart-Farming\Datasets\final_combined_datasets\GLCDfGLUE\R\GLCDFGLUE_R_380.jpg,Groundnut,R,derived,d57568eae905e909,Rust
Z:\Projects\Smart-Farming\Datasets\final_combined_datasets\GLCDfGLUE\R\GLCDFGLUE_R_381.jpg,Groundnut,R,derived,883a7cf7612125f6,Rust
Z:\Projects\Smart-Farming\Datasets\final_combined_datasets\GLCDfGLUE\R\GLCDFGLUE_R_382.jpg,Groundnut,R,derived,da7e68ad6504f093,Rust
Z:\Projects\Smart-Farming\Datasets\final_combined_datasets\GLCDfGLUE\R\GLCDFGLUE_R_383.jpg,Groundnut,R,derived,8f2f3d5cb05581d4,Rust
Z:\Projects\Smart-Farming\Datasets\final_combined_datasets\GLCDfGLUE\R\GLCDFGLUE_R_384.jpg,Groundnut,R,derived,c86b6105750f57cb,Rust
Z:\Projects\Smart-Farming\Datasets\final_combined_datasets\GLCDfGLUE\R\GLCDFGLUE_R_385.jpg,Groundnut,R,derived,df7a2be02d28b630,Rust
Z:\Projects\Smart-Farming\Datasets\final_combined_datasets\GLCDfGLUE\R\GLCDFGLUE_R_386.jpg,Groundnut,R,derived,8f2f3d30707b8554,Rust
Z:\Projects\Smart-Farming\Datasets\final_combined_datasets\GLCDfGLUE\R\GLCDFGLUE_R_387.jpg,Groundnut,R,derived,ca2b0fbf5e386029,Rust
Z:\Projects\Smart-Farming\Datasets\final_combined_datasets\GLCDfGLUE\R\GLCDFGLUE_R_388.jpg,Groundnut,R,derived,8f2f3db83859a078,Rust
Z:\Projects\Smart-Farming\Datasets\final_combined_datasets\GLCDfGLUE\R\GLCDFGLUE_R_389.jpg,Groundnut,R,derived,9f6a4acb0f692d30,Rust
Z:\Projects\Smart-Farming\Datasets\final_combined_datasets\GLCDfGLUE\R\GLCDFGLUE_R_390.jpg,Groundnut,R,derived,da7a68c5e90cd42d,Rust
Z:\Projects\Smart-Farming\Datasets\final_combined_datasets\GLCDfGLUE\R\GLCDFGLUE_R_391.jpg,Groundnut,R,derived,8b6b61e52534f496,Rust
Z:\Projects\Smart-Farming\Datasets\final_combined_datasets\GLCDfGLUE\R\GLCDFGLUE_R_392.jpg,Groundnut,R,derived,9d2f3550b05f03d6,Rust
Z:\Projects\Smart-Farming\Datasets\final_combined_datasets\GLCDfGLUE\R\GLCDFGLUE_R_393.jpg,Groundnut,R,derived,da7a68ec252cf434,Rust
Z:\Projects\Smart-Farming\Datasets\final_combined_datasets\GLCDfGLUE\R\GLCDFGLUE_R_394.jpg,Groundnut,R,derived,8f2f3c90bd40b978,Rust
Z:\Projects\Smart-Farming\Datasets\final_combined_datasets\GLCDfGLUE\R\GLCDFGLUE_R_395.jpg,Groundnut,R,derived,81203dbdbe59a87c,Rust
Z:\Projects\Smart-Farming\Datasets\final_combined_datasets\GLCDfGLUE\R\GLCDFGLUE_R_396.jpg,Groundnut,R,derived,ca3e3eb17061a5c3,Rust
Z:\Projects\Smart-Farming\Datasets\final_combined_datasets\GLCDfGLUE\R\GLCDFGLUE_R_397.jpg,Groundnut,R,derived,9f6b2b612d61b4b0,Rust
Z:\Projects\Smart-Farming\Datasets\final_combined_datasets\GLCDfGLUE\R\GLCDFGLUE_R_398.jpg,Groundnut,R,derived,9f6929612f70f4b0,Rust
Z:\Projects\Smart-Farming\Datasets\final_combined_datasets\GLCDfGLUE\R\GLCDFGLUE_R_399.jpg,Groundnut,R,derived,9e7e4aea0b2ca534,Rust
Z:\Projects\Smart-Farming\Datasets\final_combined_datasets\GLCDfGLUE\R\GLCDFGLUE_R_400.jpg,Groundnut,R,derived,8a3c3ab56075a367,Rust
Z:\Projects\Smart-Farming\Datasets\final_combined_datasets\GLCDfGLUE\R\GLCDFGLUE_R_401.jpg,Groundnut,R,derived,da7e68ec2d0cb42c,Rust
Z:\Projects\Smart-Farming\Datasets\final_combined_datasets\GLCDfGLUE\R\GLCDFGLUE_R_402.jpg,Groundnut,R,derived,d27a6381ab1f12ab,Rust
Z:\Projects\Smart-Farming\Datasets\final_combined_datasets\GLCDfGLUE\R\GLCDFGLUE_R_403.jpg,Groundnut,R,derived,ca3e3a347a35a165,Rust
Z:\Projects\Smart-Farming\Datasets\final_combined_datasets\GLCDfGLUE\R\GLCDFGLUE_R_404.jpg,Groundnut,R,derived,dd6929e91d28be28,Rust
Z:\Projects\Smart-Farming\Datasets\final_combined_datasets\GLCDfGLUE\R\GLCDFGLUE_R_405.jpg,Groundnut,R,derived,d87a6005752fd4d3,Rust
Z:\Projects\Smart-Farming\Datasets\final_combined_datasets\GLCDfGLUE\R\GLCDFGLUE_R_406.jpg,Groundnut,R,derived,dd682bc13da83678,Rust
Z:\Projects\Smart-Farming\Datasets\final_combined_datasets\GLCDfGLUE\R\GLCDFGLUE_R_407.jpg,Groundnut,R,derived,df6a6da42534e096,Rust
Z:\Projects\Smart-Farming\Datasets\final_combined_datasets\GLCDfGLUE\R\GLCDFGLUE_R_408.jpg,Groundnut,R,derived,cb2b1fba5a396029,Rust
Z:\Projects\Smart-Farming\Datasets\final_combined_datasets\GLCDfGLUE\R\GLCDFGLUE_R_409.jpg,Groundnut,R,derived,9f2a3dbaf040a1d6,Rust
Z:\Projects\Smart-Farming\Datasets\final_combined_datasets\GLCDfGLUE\ELS\GLCDFGLUE_ELS_305.jpg,Groundnut,ELS,derived,90a20aaa2f9f3d9e,Leaf Spot
Z:\Projects\Smart-Farming\Datasets\final_combined_datasets\GLCDfGLUE\ELS\GLCDFGLUE_ELS_306.jpg,Groundnut,ELS,derived,803517b55fe47ca2,Leaf Spot
Z:\Projects\Smart-Farming\Datasets\final_combined_datasets\GLCDfGLUE\ELS\GLCDFGLUE_ELS_307.jpg,Groundnut,ELS,derived,c8dd5ec87aca6069,Leaf Spot
Z:\Projects\Smart-Farming\Datasets\final_combined_datasets\GLCDfGLUE\ELS\GLCDFGLUE_ELS_308.jpg,Groundnut,ELS,derived,c0cf56cb7fc86848,Leaf Spot
Z:\Projects\Smart-Farming\Datasets\final_combined_datasets\GLCDfGLUE\ELS\GLCDFGLUE_ELS_309.jpg,Groundnut,ELS,derived,d00e4a832ac72fdf,Leaf Spot
Z:\Projects\Smart-Farming\Datasets\final_combined_datasets\GLCDfGLUE\ELS\GLCDFGLUE_ELS_310.jpg,Groundnut,ELS,derived,80555ed67ac278da,Leaf Spot
Z:\Projects\Smart-Farming\Datasets\final_combined_datasets\GLCDfGLUE\ELS\GLCDFGLUE_ELS_311.jpg,Groundnut,ELS,derived,94d33ed2788b618b,Leaf Spot
Z:\Projects\Smart-Farming\Datasets\final_combined_datasets\GLCDfGLUE\ELS\GLCDFGLUE_ELS_312.jpg,Groundnut,ELS,derived,d0064a872fcf34de,Leaf Spot
Z:\Projects\Smart-Farming\Datasets\final_combined_datasets\GLCDfGLUE\ELS\GLCDFGLUE_ELS_313.jpg,Groundnut,ELS,derived,95533eda608f6307,Leaf Spot
Z:\Projects\Smart-Farming\Datasets\final_combined_datasets\GLCDfGLUE\ELS\GLCDFGLUE_ELS_314.jpg,Groundnut,ELS,derived,d0064e973dd734d4,Leaf Spot
Z:\Projects\Smart-Farming\Datasets\final_combined_datasets\GLCDfGLUE\ELS\GLCDFGLUE_ELS_315.jpg,Groundnut,ELS,derived,c4ed7fca684a2549,Leaf Spot
Z:\Projects\Smart-Farming\Datasets\final_combined_datasets\GLCDfGLUE\ELS\GLCDFGLUE_ELS_316.jpg,Groundnut,ELS,derived,c1d45bca68c861fd,Leaf Spot
Z:\Projects\Smart-Farming\Datasets\final_combined_datasets\GLCDfGLUE\ELS\GLCDFGLUE_ELS_317.jpg,Groundnut,ELS,derived,94d53ed47088e0fd,Leaf Spot
Z:\Projects\Smart-Farming\Datasets\final_combined_datasets\GLCDfGLUE\ELS\GLCDFGLUE_ELS_318.jpg,Groundnut,ELS,derived,c18d42812b8f2dff,Leaf Spot
Z:\Projects\Smart-Farming\Datasets\final_combined_datasets\GLCDfGLUE\ELS\GLCDFGLUE_ELS_319.jpg,Groundnut,ELS,derived,85751ef278f258c2,Leaf Spot
Z:\Projects\Smart-Farming\Datasets\final_combined_datasets\GLCDfGLUE\ELS\GLCDFGLUE_ELS_320.jpg,Groundnut,ELS,derived,c02456e75fc67e82,Leaf Spot
Z:\Projects\Smart-Farming\Datasets\final_combined_datasets\GLCDfGLUE\ELS\GLCDFGLUE_ELS_321.jpg,Groundnut,ELS,derived,98ba0a9a2a9e3f1e,Leaf Spot
Z:\Projects\Smart-Farming\Datasets\final_combined_datasets\GLCDfGLUE\ELS\GLCDFGLUE_ELS_322.jpg,Groundnut,ELS,derived,85751fd57ec61842,Leaf Spot
Z:\Projects\Smart-Farming\Datasets\final_combined_datasets\GLCDfGLUE\ELS\GLCDFGLUE_ELS_323.jpg,Groundnut,ELS,derived,81d16bca69c9617d,Leaf Spot
Z:\Projects\Smart-Farming\Datasets\final_combined_datasets\GLCDfGLUE\ELS\GLCDFGLUE_ELS_324.jpg,Groundnut,ELS,derived,95813f9d3d98722a,Leaf Spot
Z:\Projects\Smart-Farming\Datasets\final_combined_datasets\GLCDfGLUE\ELS\GLCDFGLUE_ELS_325.jpg,Groundnut,ELS,derived,c0d45ed47ec878ca,Leaf Spot
Z:\Projects\Smart-Farming\Datasets\final_combined_datasets\GLCDfGLUE\ELS\GLCDFGLUE_ELS_326.jpg,Groundnut,ELS,derived,d10e4a832b8b2ddf,Leaf Spot
Z:\Projects\Smart-Farming\Datasets\final_combined_datasets\GLCDfGLUE\ELS\GLCDFGLUE_ELS_327.jpg,Groundnut,ELS,derived,90fa029a2a9e2f9f,Leaf Spot
Z:\Projects\Smart-Farming\Datasets\final_combined_datasets\GLCDfGLUE\ELS\GLCDFGLUE_ELS_328.jpg,Groundnut,ELS,derived,d0004a956ddf7d95,Leaf Spot
Z:\Projects\Smart-Farming\Datasets\final_combined_datasets\GLCDfGLUE\ELS\GLCDFGLUE_ELS_329.jpg,Groundnut,ELS,derived,d5010b812dd73df3,Leaf Spot
Z:\Projects\Smart-Farming\Datasets\final_combined_datasets\GLCDfGLUE\ELS\GLCDFGLUE_ELS_330.jpg,Groundnut,ELS,derived,95513ed038cae0fd,Leaf Spot
Z:\Projects\Smart-Farming\Datasets\final_combined_datasets\GLCDfGLUE\ELS\GLCDFGLUE_ELS_331.jpg,Groundnut,ELS,derived,813504d51fd55ed3,Leaf Spot
Z:\Projects\Smart-Farming\Datasets\final_combined_datasets\GLCDfGLUE\ELS\GLCDFGLUE_ELS_332.jpg,Groundnut,ELS,derived,d5025b812b873dd7,Leaf Spot
Z:\Projects\Smart-Farming\Datasets\final_combined_datasets\GLCDfGLUE\ELS\GLCDFGLUE_ELS_333.jpg,Groundnut,ELS,derived,95810f952f9f358c,Leaf Spot
Z:\Projects\Smart-Farming\Datasets\final_combined_datasets\GLCDfGLUE\ELS\GLCDFGLUE_ELS_334.jpg,Groundnut,ELS,derived,d0244a036b5f6f57,Leaf Spot
Z:\Projects\Smart-Farming\Datasets\final_combined_datasets\GLCDfGLUE\ELS\GLCDFGLUE_ELS_335.jpg,Groundnut,ELS,derived,d56051f54b952b87,Leaf Spot
Z:\Projects\Smart-Farming\Datasets\final_combined_datasets\GLCDfGLUE\ELS\GLCDFGLUE_ELS_336.jpg,Groundnut,ELS,derived,c5ef5fcb6a4a2048,Leaf Spot
Z:\Projects\Smart-Farming\Datasets\final_combined_datasets\GLCDfGLUE\ELS\GLCDFGLUE_ELS_337.jpg,Groundnut,ELS,derived,95810f852ddf2daa,Leaf Spot
Z:\Projects\Smart-Farming\Datasets\final_combined_datasets\GLCDfGLUE\ELS\GLCDFGLUE_ELS_338.jpg,Groundnut,ELS,derived,d7326085eb0afe54,Leaf Spot
Z:\Projects\Smart-Farming\Datasets\final_combined_datasets\GLCDfGLUE\ELS\GLCDFGLUE_ELS_339.jpg,Groundnut,ELS,derived,c7306487ef0256fc,Leaf Spot
Z:\Projects\Smart-Farming\Datasets\final_combined_datasets\GLCDfGLUE\ELS\GLCDFGLUE_ELS_340.jpg,Groundnut,ELS,derived,d7b0608deb08f2dc,Leaf Spot
Z:\Projects\Smart-Farming\Datasets\final_combined_datasets\GLCDfGLUE\ELS\GLCDFGLUE_ELS_341.jpg,Groundnut,ELS,derived,c10b61fe50e44adf,Leaf Spot
Z:\Projects\Smart-Farming\Datasets\final_combined_datasets\GLCDfGLUE\ELS\GLCDFGLUE_ELS_342.jpg,Groundnut,ELS,derived,ce05688f7ede04a9,Leaf Spot
Z:\Projects\Smart-Farming\Datasets\final_combined_datasets\GLCDfGLUE\ELS\GLCDFGLUE_ELS_343.jpg,Groundnut,ELS,derived,8a6725e254feaf01,Leaf Spot
Z:\Projects\Smart-Farming\Datasets\final_combined_datasets\GLCDfGLUE\ELS\GLCDFGLUE_ELS_344.jpg,Groundnut,ELS,derived,c71d6b4003a76dec,Leaf Spot
Z:\Projects\Smart-Farming\Datasets\final_combined_datasets\GLCDfGLUE\ELS\GLCDFGLUE_ELS_345.jpg,Groundnut,ELS,derived,c0377d81638774ec,Leaf Spot
Z:\Projects\Smart-Farming\Datasets\final_combined_datasets\GLCDfGLUE\ELS\GLCDFGLUE_ELS_346.jpg,Groundnut,ELS,derived,c4376e88638756ec,Leaf Spot
Z:\Projects\Smart-Farming\Datasets\final_combined_datasets\GLCDfGLUE\ELS\GLCDFGLUE_ELS_347.jpg,Groundnut,ELS,derived,9a5d3e9506b3aa0b,Leaf Spot
Z:\Projects\Smart-Farming\Datasets\final_combined_datasets\GLCDfGLUE\ELS\GLCDFGLUE_ELS_348.jpg,Groundnut,ELS,derived,d53074a1eb03fe54,Leaf Spot
Z:\Projects\Smart-Farming\Datasets\final_combined_datasets\GLCDfGLUE\ELS\GLCDFGLUE_ELS_349.jpg,Groundnut,ELS,derived,c5b660836bc670fc,Leaf Spot
Z:\Projects\Smart-Farming\Datasets\final_combined_datasets\GLCDfGLUE\ELS\GLCDFGLUE_ELS_350.jpg,Groundnut,ELS,derived,c1367d80638b76dc,Leaf Spot
Z:\Projects\Smart-Farming\Datasets\final_combined_datasets\GLCDfGLUE\ELS\GLCDFGLUE_ELS_351.jpg,Groundnut,ELS,derived,d73064a1ef0357f0,Leaf Spot
Z:\Projects\Smart-Farming\Datasets\final_combined_datasets\GLCDfGLUE\ELS\GLCDFGLUE_ELS_352.jpg,Groundnut,ELS,derived,91603add17d253b9,Leaf Spot
Z:\Projects\Smart-Farming\Datasets\final_combined_datasets\GLCDfGLUE\ELS\GLCDFGLUE_ELS_353.jpg,Groundnut,ELS,derived,c4a07fc052c73fe8,Leaf Spot
Z:\Projects\Smart-Farming\Datasets\final_combined_datasets\GLCDfGLUE\ELS\GLCDFGLUE_ELS_354.jpg,Groundnut,ELS,derived,906439fd2e82535f,Leaf Spot
Z:\Projects\Smart-Farming\Datasets\final_combined_datasets\GLCDfGLUE\ELS\GLCDFGLUE_ELS_355.jpg,Groundnut,ELS,derived,c1296bc850e5ef4e,Leaf Spot
Z:\Projects\Smart-Farming\Datasets\final_combined_datasets\GLCDfGLUE\ELS\GLCDFGLUE_ELS_356.jpg,Groundnut,ELS,derived,d63260b7e903fa54,Leaf Spot
Z:\Projects\Smart-Farming\Datasets\final_combined_datasets\GLCDfGLUE\ELS\GLCDFGLUE_ELS_357.jpg,Groundnut,ELS,derived,93503dd02f8355fa,Leaf Spot
Z:\Projects\Smart-Farming\Datasets\final_combined_datasets\GLCDfGLUE\ELS\GLCDFGLUE_ELS_358.jpg,Groundnut,ELS,derived,945d3e9545b17a0b,Leaf Spot
Z:\Projects\Smart-Farming\Datasets\final_combined_datasets\GLCDfGLUE\ELS\GLCDFGLUE_ELS_359.jpg,Groundnut,ELS,derived,946c3abd27c2525b,Leaf Spot
Z:\Projects\Smart-Farming\Datasets\final_combined_datasets\GLCDfGLUE\ELS\GLCDFGLUE_ELS_360.jpg,Groundnut,ELS,derived,80367da06303d7fd,Leaf Spot
Z:\Projects\Smart-Farming\Datasets\final_combined_datasets\GLCDfGLUE\ELS\GLCDFGLUE_ELS_361.jpg,Groundnut,ELS,derived,c5357ca96b0307ea,Leaf Spot
Z:\Projects\Smart-Farming\Datasets\final_combined_datasets\GLCDfGLUE\ELS\GLCDFGLUE_ELS_362.jpg,Groundnut,ELS,derived,906039fc3e4253fd,Leaf Spot
Z:\Projects\Smart-Farming\Datasets\final_combined_datasets\GLCDfGLUE\ELS\GLCDFGLUE_ELS_363.jpg,Groundnut,ELS,derived,945f3f8945b15b0a,Leaf Spot
Z:\Projects\Smart-Farming\Datasets\final_combined_datasets\GLCDfGLUE\ELS\GLCDFGLUE_ELS_364.jpg,Groundnut,ELS,derived,945d3a9d4bd15a07,Leaf Spot
Z:\Projects\Smart-Farming\Datasets\final_combined_datasets\GLCDfGLUE\ELS\GLCDFGLUE_ELS_365.jpg,Groundnut,ELS,derived,826735d0be5f2689,Leaf Spot
Z:\Projects\Smart-Farming\Datasets\final_combined_datasets\GLCDfGLUE\ELS\GLCDFGLUE_ELS_366.jpg,Groundnut,ELS,derived,92553f950b827a1f,Leaf Spot
Z:\Projects\Smart-Farming\Datasets\final_combined_datasets\GLCDfGLUE\ELS\GLCDFGLUE_ELS_367.jpg,Groundnut,ELS,derived,9a553e9508b3f80f,Leaf Spot
Z:\Projects\Smart-Farming\Datasets\final_combined_datasets\GLCDfGLUE\ELS\GLCDFGLUE_ELS_368.jpg,Groundnut,ELS,derived,906c3ddd23827b59,Leaf Spot
Z:\Projects\Smart-Farming\Datasets\final_combined_datasets\GLCDfGLUE\ELS\GLCDFGLUE_ELS_369.jpg,Groundnut,ELS,derived,91623bd6379261b9,Leaf Spot
Z:\Projects\Smart-Farming\Datasets\final_combined_datasets\GLCDfGLUE\ELS\GLCDFGLUE_ELS_370.jpg,Groundnut,ELS,derived,927c3f9506b1aa99,Leaf Spot
Z:\Projects\Smart-Farming\Datasets\final_combined_datasets\GLCDfGLUE\ELS\GLCDFGLUE_ELS_371.jpg,Groundnut,ELS,derived,9a5c3f9506b3a919,Leaf Spot
Z:\Projects\Smart-Farming\Datasets\final_combined_datasets\GLCDfGLUE\ELS\GLCDFGLUE_ELS_372.jpg,Groundnut,ELS,derived,91683bfd17525391,Leaf Spot
Z:\Projects\Smart-Farming\Datasets\final_combined_datasets\GLCDfGLUE\ELS\GLCDFGLUE_ELS_373.jpg,Groundnut,ELS,derived,c43d6faa428707ec,Leaf Spot
Z:\Projects\Smart-Farming\Datasets\final_combined_datasets\GLCDfGLUE\ELS\GLCDFGLUE_ELS_374.jpg,Groundnut,ELS,derived,95e228dd369265b9,Leaf Spot
Z:\Projects\Smart-Farming\Datasets\final_combined_datasets\GLCDfGLUE\ELS\GLCDFGLUE_ELS_375.jpg,Groundnut,ELS,derived,91f42b950b9278f5,Leaf Spot
Z:\Projects\Smart-Farming\Datasets\final_combined_datasets\GLCDfGLUE\ELS\GLCDFGLUE_ELS_376.jpg,Groundnut,ELS,derived,c26321fe745ea7a0,Leaf Spot
Z:\Projects\Smart-Farming\Datasets\final_combined_datasets\GLCDfGLUE\ELS\GLCDFGLUE_ELS_377.jpg,Groundnut,ELS,derived,9a543f95098be90f,Leaf Spot
Z:\Projects\Smart-Farming\Datasets\final_combined_datasets\GLCDfGLUE\ELS\GLCDFGLUE_ELS_378.jpg,Groundnut,ELS,derived,c605608f7bde10ee,Leaf Spot
Z:\Projects\Smart-Farming\Datasets\final_combined_datasets\GLCDfGLUE\ELS\GLCDFGLUE_ELS_379.jpg,Groundnut,ELS,derived,c5396ec872d72e0c,Leaf Spot
Z:\Projects\Smart-Farming\Datasets\final_combined_datasets\GLCDfGLUE\ELS\GLCDFGLUE_ELS_380.jpg,Groundnut,ELS,derived,c70b6bc011a05ffe,Leaf Spot
Z:\Projects\Smart-Farming\Datasets\final_combined_datasets\GLCDfGLUE\ELS\GLCDFGLUE_ELS_381.jpg,Groundnut,ELS,derived,c732608feb0272fc,Leaf Spot
Z:\Projects\Smart-Farming\Datasets\final_combined_datasets\GLCDfGLUE\ELS\GLCDFGLUE_ELS_382.jpg,Groundnut,ELS,derived,cf082bc015bbfc5a,Leaf Spot
Z:\Projects\Smart-Farming\Datasets\final_combined_datasets\GLCDfGLUE\ELS\GLCDFGLUE_ELS_383.jpg,Groundnut,ELS,derived,c5346481eb037efc,Leaf Spot
Z:\Projects\Smart-Farming\Datasets\final_combined_datasets\GLCDfGLUE\ELS\GLCDFGLUE_ELS_384.jpg,Groundnut,ELS,derived,c52d7ec856c70f88,Leaf Spot
Z:\Projects\Smart-Farming\Datasets\final_combined_datasets\GLCDfGLUE\ELS\GLCDFGLUE_ELS_385.jpg,Groundnut,ELS,derived,80367da06903f5fb,Leaf Spot
Z:\Projects\Smart-Farming\Datasets\final_combined_datasets\GLCDfGLUE\ELS\GLCDFGLUE_ELS_386.jpg,Groundnut,ELS,derived,c10f6bdc10a04ffe,Leaf Spot
Z:\Projects\Smart-Farming\Datasets\final_combined_datasets\GLCDfGLUE\ELS\GLCDFGLUE_ELS_387.jpg,Groundnut,ELS,derived,c10b63da70e44ecf,Leaf Spot
Z:\Projects\Smart-Farming\Datasets\final_combined_datasets\GLCDfGLUE\ELS\GLCDFGLUE_ELS_388.jpg,Groundnut,ELS,derived,c5346ca9ef0716aa,Leaf Spot
Z:\Projects\Smart-Farming\Datasets\final_combined_datasets\GLCDfGLUE\ELS\GLCDFGLUE_ELS_389.jpg,Groundnut,ELS,derived,95f22ad727926199,Leaf Spot
Z:\Projects\Smart-Farming\Datasets\final_combined_datasets\GLCDfGLUE\ELS\GLCDFGLUE_ELS_390.jpg,Groundnut,ELS,derived,cf0568c77ed60c89,Leaf Spot
Z:\Projects\Smart-Farming\Datasets\final_combined_datasets\GLCDfGLUE\ELS\GLCDFGLUE_ELS_391.jpg,Groundnut,ELS,derived,90703dd63e9345b9,Leaf Spot
Z:\Projects\Smart-Farming\Datasets\final_combined_datasets\GLCDfGLUE\ELS\GLCDFGLUE_ELS_392.jpg,Groundnut,ELS,derived,c1347589638e76dc,Leaf Spot
Z:\Projects\Smart-Farming\Datasets\final_combined_datasets\GLCDfGLUE\ELS\GLCDFGLUE_ELS_393.jpg,Groundnut,ELS,derived,c5087fc85ec52f4a,Leaf Spot
Z:\Projects\Smart-Farming\Datasets\final_combined_datasets\GLCDfGLUE\ELS\GLCDFGLUE_ELS_394.jpg,Groundnut,ELS,derived,92603ddc3e8351fa,Leaf Spot
Z:\Projects\Smart-Farming\Datasets\final_combined_datasets\GLCDfGLUE\ELS\GLCDFGLUE_ELS_395.jpg,Groundnut,ELS,derived,846120dcbedf23d9,Leaf Spot
Z:\Projects\Smart-Farming\Datasets\final_combined_datasets\GLCDfGLUE\ELS\GLCDFGLUE_ELS_396.jpg,Groundnut,ELS,derived,82e125dc3e5b27a9,Leaf Spot
Z:\Projects\Smart-Farming\Datasets\final_combined_datasets\GLCDfGLUE\ELS\GLCDFGLUE_ELS_397.jpg,Groundnut,ELS,derived,945f2ead05b15a1b,Leaf Spot
Z:\Projects\Smart-Farming\Datasets\final_combined_datasets\GLCDfGLUE\ELS\GLCDFGLUE_ELS_398.jpg,Groundnut,ELS,derived,9a503dd42f8b7958,Leaf Spot
Z:\Projects\Smart-Farming\Datasets\final_combined_datasets\GLCDfGLUE\ELS\GLCDFGLUE_ELS_399.jpg,Groundnut,ELS,derived,91742ad717926ab9,Leaf Spot
Z:\Projects\Smart-Farming\Datasets\final_combined_datasets\GLCDfGLUE\ELS\GLCDFGLUE_ELS_400.jpg,Groundnut,ELS,derived,944e7e8545feaa0a,Leaf Spot
Z:\Projects\Smart-Farming\Datasets\final_combined_datasets\GLCDfGLUE\ELS\GLCDFGLUE_ELS_401.jpg,Groundnut,ELS,derived,826735d2be56a781,Leaf Spot
Z:\Projects\Smart-Farming\Datasets\final_combined_datasets\GLCDfGLUE\ELS\GLCDFGLUE_ELS_402.jpg,Groundnut,ELS,derived,c5a76c836bc710ec,Leaf Spot
Z:\Projects\Smart-Farming\Datasets\final_combined_datasets\GLCDfGLUE\ELS\GLCDFGLUE_ELS_403.jpg,Groundnut,ELS,derived,91f22bd6079269b9,Leaf Spot
Z:\Projects\Smart-Farming\Datasets\final_combined_datasets\GLCDfGLUE\ELS\GLCDFGLUE_ELS_404.jpg,Groundnut,ELS,derived,826735e2f656ab81,Leaf Spot
Z:\Projects\Smart-Farming\Datasets\final_combined_datasets\GLCDfGLUE\ELS\GLCDFGLUE_ELS_405.jpg,Groundnut,ELS,derived,c19b6adc18c50f57,Leaf Spot
Z:\Projects\Smart-Farming\Datasets\final_combined_datasets\GLCDfGLUE\ELS\GLCDFGLUE_ELS_406.jpg,Groundnut,ELS,derived,c5356ca16b0356fc,Leaf Spot
Z:\Projects\Smart-Farming\Datasets\final_combined_datasets\GLCDfGLUE\ELS\GLCDFGLUE_ELS_407.jpg,Groundnut,ELS,derived,956c3a9d17d25299,Leaf Spot
Z:\Projects\Smart-Farming\Datasets\final_combined_datasets\GLCDfGLUE\ELS\GLCDFGLUE_ELS_408.jpg,Groundnut,ELS,derived,91742b97079269bd,Leaf Spot
Z:\Projects\Smart-Farming\Datasets\final_combined_datasets\GLCDfGLUE\ELS\GLCDFGLUE_ELS_409.jpg,Groundnut,ELS,derived,836735e8fe560385,Leaf Spot
Z:\Projects\Smart-Farming\Datasets\final_combined_datasets\GLCDfGLUE\ELS\GLCDFGLUE_ELS_001.jpg,Groundnut,ELS,derived,d542f07ac370c6e3,Leaf Spot
Z:\Projects\Smart-Farming\Datasets\final_combined_datasets\GLCDfGLUE\ELS\GLCDFGLUE_ELS_002.jpg,Groundnut,ELS,derived,9415a92b95ad9b95,Leaf Spot
Z:\Projects\Smart-Farming\Datasets\final_combined_datasets\GLCDfGLUE\ELS\GLCDFGLUE_ELS_003.jpg,Groundnut,ELS,derived,d56af072c7610e8e,Leaf Spot
Z:\Projects\Smart-Farming\Datasets\final_combined_datasets\GLCDfGLUE\ELS\GLCDFGLUE_ELS_006.jpg,Groundnut,ELS,derived,df07703c4722d743,Leaf Spot
Z:\Projects\Smart-Farming\Datasets\final_combined_datasets\GLCDfGLUE\ELS\GLCDFGLUE_ELS_008.jpg,Groundnut,ELS,derived,9547f03ae170aaf1,Leaf Spot
Z:\Projects\Smart-Farming\Datasets\final_combined_datasets\GLCDfGLUE\ELS\GLCDFGLUE_ELS_009.jpg,Groundnut,ELS,derived,c41ba52fb62492f6,Leaf Spot
Z:\Projects\Smart-Farming\Datasets\final_combined_datasets\GLCDfGLUE\ELS\GLCDFGLUE_ELS_011.jpg,Groundnut,ELS,derived,9a542d6a95758ab6,Leaf Spot
Z:\Projects\Smart-Farming\Datasets\final_combined_datasets\GLCDfGLUE\ELS\GLCDFGLUE_ELS_012.jpg,Groundnut,ELS,derived,c512aa6aad2d96b5,Leaf Spot
Z:\Projects\Smart-Farming\Datasets\final_combined_datasets\GLCDfGLUE\ELS\GLCDFGLUE_ELS_013.jpg,Groundnut,ELS,derived,9146f07ae17187e3,Leaf Spot
Z:\Projects\Smart-Farming\Datasets\final_combined_datasets\GLCDfGLUE\ELS\GLCDFGLUE_ELS_014.jpg,Groundnut,ELS,derived,803fa12f92a4dbda,Leaf Spot
Z:\Projects\Smart-Farming\Datasets\final_combined_datasets\GLCDfGLUE\ELS\GLCDFGLUE_ELS_016.jpg,Groundnut,ELS,derived,d44de068c7e1f8c5,Leaf Spot
Z:\Projects\Smart-Farming\Datasets\final_combined_datasets\GLCDfGLUE\ELS\GLCDFGLUE_ELS_019.jpg,Groundnut,ELS,derived,dc07723c4723d647,Leaf Spot
Z:\Projects\Smart-Farming\Datasets\final_combined_datasets\GLCDfGLUE\ELS\GLCDFGLUE_ELS_021.jpg,Groundnut,ELS,derived,ca56296b146db275,Leaf Spot
Z:\Projects\Smart-Farming\Datasets\final_combined_datasets\GLCDfGLUE\ELS\GLCDFGLUE_ELS_022.jpg,Groundnut,ELS,derived,de2781500f3d917b,Leaf Spot
Z:\Projects\Smart-Farming\Datasets\final_combined_datasets\GLCDfGLUE\ELS\GLCDFGLUE_ELS_023.jpg,Groundnut,ELS,derived,df354152a11f5e70,Leaf Spot
Z:\Projects\Smart-Farming\Datasets\final_combined_datasets\GLCDfGLUE\ELS\GLCDFGLUE_ELS_024.jpg,Groundnut,ELS,derived,8b623907f11a5b79,Leaf Spot
Z:\Projects\Smart-Farming\Datasets\final_combined_datasets\GLCDfGLUE\ELS\GLCDFGLUE_ELS_025.jpg,Groundnut,ELS,derived,d73d4150a90f5f70,Leaf Spot
Z:\Projects\Smart-Farming\Datasets\final_combined_datasets\GLCDfGLUE\ELS\GLCDFGLUE_ELS_026.jpg,Groundnut,ELS,derived,8b6a3d85f1165378,Leaf Spot
Z:\Projects\Smart-Farming\Datasets\final_combined_datasets\GLCDfGLUE\ELS\GLCDFGLUE_ELS_027.jpg,Groundnut,ELS,derived,d72f4854810f567d,Leaf Spot
Z:\Projects\Smart-Farming\Datasets\final_combined_datasets\GLCDfGLUE\ELS\GLCDFGLUE_ELS_028.jpg,Groundnut,ELS,derived,c2709f09557ee12d,Leaf Spot
Z:\Projects\Smart-Farming\Datasets\final_combined_datasets\GLCDfGLUE\ELS\GLCDFGLUE_ELS_029.jpg,Groundnut,ELS,derived,d62d8858162fff50,Leaf Spot
Z:\Projects\Smart-Farming\Datasets\final_combined_datasets\GLCDfGLUE\ELS\GLCDFGLUE_ELS_030.jpg,Groundnut,ELS,derived,89603d17e2177b69,Leaf Spot
Z:\Projects\Smart-Farming\Datasets\final_combined_datasets\GLCDfGLUE\ELS\GLCDFGLUE_ELS_031.jpg,Groundnut,ELS,derived,dc356883f543273c,Leaf Spot
Z:\Projects\Smart-Farming\Datasets\final_combined_datasets\GLCDfGLUE\ELS\GLCDFGLUE_ELS_032.jpg,Groundnut,ELS,derived,827a1d05f55a4bad,Leaf Spot
Z:\Projects\Smart-Farming\Datasets\final_combined_datasets\GLCDfGLUE\ELS\GLCDFGLUE_ELS_033.jpg,Groundnut,ELS,derived,d5416aab6556b62a,Leaf Spot
Z:\Projects\Smart-Farming\Datasets\final_combined_datasets\GLCDfGLUE\ELS\GLCDFGLUE_ELS_034.jpg,Groundnut,ELS,derived,8b073cd03cdb784b,Leaf Spot
Z:\Projects\Smart-Farming\Datasets\final_combined_datasets\GLCDfGLUE\ELS\GLCDFGLUE_ELS_035.jpg,Groundnut,ELS,derived,de43698565c266f1,Leaf Spot
Z:\Projects\Smart-Farming\Datasets\final_combined_datasets\GLCDfGLUE\ELS\GLCDFGLUE_ELS_036.jpg,Groundnut,ELS,derived,d7554aa169c5691e,Leaf Spot
Z:\Projects\Smart-Farming\Datasets\final_combined_datasets\GLCDfGLUE\ELS\GLCDFGLUE_ELS_037.jpg,Groundnut,ELS,derived,df506a8361c66796,Leaf Spot
Z:\Projects\Smart-Farming\Datasets\final_combined_datasets\GLCDfGLUE\ELS\GLCDFGLUE_ELS_039.jpg,Groundnut,ELS,derived,d64769a565c2663a,Leaf Spot
Z:\Projects\Smart-Farming\Datasets\final_combined_datasets\GLCDfGLUE\ELS\GLCDFGLUE_ELS_040.jpg,Groundnut,ELS,derived,d44768ab6556762a,Leaf Spot
Z:\Projects\Smart-Farming\Datasets\final_combined_datasets\GLCDfGLUE\ELS\GLCDFGLUE_ELS_042.jpg,Groundnut,ELS,derived,d63f5a3d2a382570,Leaf Spot
Z:\Projects\Smart-Farming\Datasets\final_combined_datasets\GLCDfGLUE\ELS\GLCDFGLUE_ELS_043.jpg,Groundnut,ELS,derived,d45768aa6574653a,Leaf Spot
Z:\Projects\Smart-Farming\Datasets\final_combined_datasets\GLCDfGLUE\ELS\GLCDFGLUE_ELS_045.jpg,Groundnut,ELS,derived,da5369a565c264ba,Leaf Spot
Z:\Projects\Smart-Farming\Datasets\final_combined_datasets\GLCDfGLUE\ELS\GLCDFGLUE_ELS_046.jpg,Groundnut,ELS,derived,8a143fde309232ef,Leaf Spot
Z:\Projects\Smart-Farming\Datasets\final_combined_datasets\GLCDfGLUE\ELS\GLCDFGLUE_ELS_047.jpg,Groundnut,ELS,derived,df416a8a65dcb438,Leaf Spot
Z:\Projects\Smart-Farming\Datasets\final_combined_datasets\GLCDfGLUE\ELS\GLCDFGLUE_ELS_048.jpg,Groundnut,ELS,derived,de406b8d6588b6f1,Leaf Spot
Z:\Projects\Smart-Farming\Datasets\final_combined_datasets\GLCDfGLUE\ELS\GLCDFGLUE_ELS_050.jpg,Groundnut,ELS,derived,82123ffe308b326f,Leaf Spot
Z:\Projects\Smart-Farming\Datasets\final_combined_datasets\GLCDfGLUE\ELS\GLCDFGLUE_ELS_051.jpg,Groundnut,ELS,derived,8b6d3f297066c136,Leaf Spot
Z:\Projects\Smart-Farming\Datasets\final_combined_datasets\GLCDfGLUE\ELS\GLCDFGLUE_ELS_054.jpg,Groundnut,ELS,derived,8b023ff0309b32ef,Leaf Spot
Z:\Projects\Smart-Farming\Datasets\final_combined_datasets\GLCDfGLUE\ELS\GLCDFGLUE_ELS_056.jpg,Groundnut,ELS,derived,80511fd47eda78ca,Leaf Spot
Z:\Projects\Smart-Farming\Datasets\final_combined_datasets\GLCDfGLUE\ELS\GLCDFGLUE_ELS_057.jpg,Groundnut,ELS,derived,d56f55e54a554a44,Leaf Spot
Z:\Projects\Smart-Farming\Datasets\final_combined_datasets\GLCDfGLUE\ELS\GLCDFGLUE_ELS_058.jpg,Groundnut,ELS,derived,95511ed278da78ca,Leaf Spot
Z:\Projects\Smart-Farming\Datasets\final_combined_datasets\GLCDfGLUE\ELS\GLCDFGLUE_ELS_059.jpg,Groundnut,ELS,derived,81d35fd27a8b6183,Leaf Spot
Z:\Projects\Smart-Farming\Datasets\final_combined_datasets\GLCDfGLUE\ELS\GLCDFGLUE_ELS_061.jpg,Groundnut,ELS,derived,c180628129dfb5ff,Leaf Spot
Z:\Projects\Smart-Farming\Datasets\final_combined_datasets\GLCDfGLUE\ELS\GLCDFGLUE_ELS_067.jpg,Groundnut,ELS,derived,817507d51fd51e51,Leaf Spot
Z:\Projects\Smart-Farming\Datasets\final_combined_datasets\GLCDfGLUE\ELS\GLCDFGLUE_ELS_068.jpg,Groundnut,ELS,derived,d0244a876ba32faf,Leaf Spot
Z:\Projects\Smart-Farming\Datasets\final_combined_datasets\GLCDfGLUE\ELS\GLCDFGLUE_ELS_069.jpg,Groundnut,ELS,derived,91aa0abe2f9e741c,Leaf Spot
Z:\Projects\Smart-Farming\Datasets\final_combined_datasets\GLCDfGLUE\ELS\GLCDFGLUE_ELS_083.jpg,Groundnut,ELS,derived,85571fd67aca608a,Leaf Spot
Z:\Projects\Smart-Farming\Datasets\final_combined_datasets\GLCDfGLUE\ELS\GLCDFGLUE_ELS_084.jpg,Groundnut,ELS,derived,c5256e897ed70c8c,Leaf Spot
Z:\Projects\Smart-Farming\Datasets\final_combined_datasets\GLCDfGLUE\ELS\GLCDFGLUE_ELS_085.jpg,Groundnut,ELS,derived,80477d0ff83cf078,Leaf Spot
Z:\Projects\Smart-Farming\Datasets\final_combined_datasets\GLCDfGLUE\ELS\GLCDFGLUE_ELS_087.jpg,Groundnut,ELS,derived,d446f068c7f0cac7,Leaf Spot
Z:\Projects\Smart-Farming\Datasets\final_combined_datasets\GLCDfGLUE\ELS\GLCDFGLUE_ELS_090.jpg,Groundnut,ELS,derived,d507f078c3e0eac5,Leaf Spot
Z:\Projects\Smart-Farming\Datasets\final_combined_datasets\GLCDfGLUE\ELS\GLCDFGLUE_ELS_091.jpg,Groundnut,ELS,derived,901da12f94bd8b9e,Leaf Spot
Z:\Projects\Smart-Farming\Datasets\final_combined_datasets\GLCDfGLUE\ELS\GLCDFGLUE_ELS_092.jpg,Groundnut,ELS,derived,8017a52f96ad9b96,Leaf Spot
Z:\Projects\Smart-Farming\Datasets\final_combined_datasets\GLCDfGLUE\ELS\GLCDFGLUE_ELS_093.jpg,Groundnut,ELS,derived,df0dc078c3c1d9c3,Leaf Spot
Z:\Projects\Smart-Farming\Datasets\final_combined_datasets\GLCDfGLUE\ELS\GLCDFGLUE_ELS_094.jpg,Groundnut,ELS,derived,8a5e856a96d68a9e,Leaf Spot
Z:\Projects\Smart-Farming\Datasets\final_combined_datasets\GLCDfGLUE\ELS\GLCDFGLUE_ELS_096.jpg,Groundnut,ELS,derived,dd0dc0f8c3c1f8c5,Leaf Spot
Z:\Projects\Smart-Farming\Datasets\final_combined_datasets\GLCDfGLUE\ELS\GLCDFGLUE_ELS_097.jpg,Groundnut,ELS,derived,8112a53f96a5bf92,Leaf Spot
Z:\Projects\Smart-Farming\Datasets\final_combined_datasets\GLCDfGLUE\ELS\GLCDFGLUE_ELS_101.jpg,Groundnut,ELS,derived,9017a12f96bdab92,Leaf Spot
Z:\Projects\Smart-Farming\Datasets\final_combined_datasets\GLCDfGLUE\ELS\GLCDFGLUE_ELS_104.jpg,Groundnut,ELS,derived,9056f97ff070c1e0,Leaf Spot
Z:\Projects\Smart-Farming\Datasets\final_combined_datasets\GLCDfGLUE\ELS\GLCDFGLUE_ELS_105.jpg,Groundnut,ELS,derived,e50bae6aa5659435,Leaf Spot
Z:\Projects\Smart-Farming\Datasets\final_combined_datasets\GLCDfGLUE\ELS\GLCDFGLUE_ELS_106.jpg,Groundnut,ELS,derived,e063f773c1f00783,Leaf Spot
Z:\Projects\Smart-Farming\Datasets\final_combined_datasets\GLCDfGLUE\ELS\GLCDFGLUE_ELS_107.jpg,Groundnut,ELS,derived,df09d03ec38399c3,Leaf Spot
Z:\Projects\Smart-Farming\Datasets\final_combined_datasets\GLCDfGLUE\ELS\GLCDFGLUE_ELS_108.jpg,Groundnut,ELS,derived,9e1c8d2a95b5ce94,Leaf Spot
Z:\Projects\Smart-Farming\Datasets\final_combined_datasets\GLCDfGLUE\ELS\GLCDFGLUE_ELS_109.jpg,Groundnut,ELS,derived,8017a12fb6a5d3b6,Leaf Spot
Z:\Projects\Smart-Farming\Datasets\final_combined_datasets\GLCDfGLUE\ELS\GLCDFGLUE_ELS_110.jpg,Groundnut,ELS,derived,956af07ae171d503,Leaf Spot
Z:\Projects\Smart-Farming\Datasets\final_combined_datasets\GLCDfGLUE\ELS\GLCDFGLUE_ELS_111.jpg,Groundnut,ELS,derived,c42bac2eb47592b6,Leaf Spot
Z:\Projects\Smart-Farming\Datasets\final_combined_datasets\GLCDfGLUE\ELS\GLCDFGLUE_ELS_112.jpg,Groundnut,ELS,derived,8056a52f9635bf94,Leaf Spot
Z:\Projects\Smart-Farming\Datasets\final_combined_datasets\GLCDfGLUE\ELS\GLCDFGLUE_ELS_113.jpg,Groundnut,ELS,derived,9113a12f96a5db96,Leaf Spot
Z:\Projects\Smart-Farming\Datasets\final_combined_datasets\GLCDfGLUE\ELS\GLCDFGLUE_ELS_114.jpg,Groundnut,ELS,derived,9a548d6a94f5ca96,Leaf Spot
Z:\Projects\Smart-Farming\Datasets\final_combined_datasets\GLCDfGLUE\ELS\GLCDFGLUE_ELS_116.jpg,Groundnut,ELS,derived,df0d403cc3a1dccb,Leaf Spot
Z:\Projects\Smart-Farming\Datasets\final_combined_datasets\GLCDfGLUE\ELS\GLCDFGLUE_ELS_117.jpg,Groundnut,ELS,derived,dd07783e47387530,Leaf Spot
Z:\Projects\Smart-Farming\Datasets\final_combined_datasets\GLCDfGLUE\ELS\GLCDFGLUE_ELS_118.jpg,Groundnut,ELS,derived,8143f47ee178c3f0,Leaf Spot
Z:\Projects\Smart-Farming\Datasets\final_combined_datasets\GLCDfGLUE\ELS\GLCDFGLUE_ELS_120.jpg,Groundnut,ELS,derived,c167f773c3e00683,Leaf Spot
Z:\Projects\Smart-Farming\Datasets\final_combined_datasets\GLCDfGLUE\ELS\GLCDFGLUE_ELS_121.jpg,Groundnut,ELS,derived,d173f173c1210fc3,Leaf Spot
Z:\Projects\Smart-Farming\Datasets\final_combined_datasets\GLCDfGLUE\ELS\GLCDFGLUE_ELS_122.jpg,Groundnut,ELS,derived,9a14a52b94b5bf94,Leaf Spot
Z:\Projects\Smart-Farming\Datasets\final_combined_datasets\GLCDfGLUE\ELS\GLCDFGLUE_ELS_123.jpg,Groundnut,ELS,derived,dd0dc038c783d9cb,Leaf Spot
Z:\Projects\Smart-Farming\Datasets\final_combined_datasets\GLCDfGLUE\ELS\GLCDFGLUE_ELS_124.jpg,Groundnut,ELS,derived,d546f078c7708ae3,Leaf Spot
Z:\Projects\Smart-Farming\Datasets\final_combined_datasets\GLCDfGLUE\ELS\GLCDFGLUE_ELS_125.jpg,Groundnut,ELS,derived,df03743ec120d7c3,Leaf Spot
Z:\Projects\Smart-Farming\Datasets\final_combined_datasets\GLCDfGLUE\ELS\GLCDFGLUE_ELS_126.jpg,Groundnut,ELS,derived,d542f078c3f0ccc7,Leaf Spot
Z:\Projects\Smart-Farming\Datasets\final_combined_datasets\GLCDfGLUE\ELS\GLCDFGLUE_ELS_127.jpg,Groundnut,ELS,derived,d562f073cb610e87,Leaf Spot
Z:\Projects\Smart-Farming\Datasets\final_combined_datasets\GLCDfGLUE\ELS\GLCDFGLUE_ELS_128.jpg,Groundnut,ELS,derived,9547702e7570ab71,Leaf Spot
Z:\Projects\Smart-Farming\Datasets\final_combined_datasets\GLCDfGLUE\ELS\GLCDFGLUE_ELS_129.jpg,Groundnut,ELS,derived,d542f07ac7f08e8a,Leaf Spot
Z:\Projects\Smart-Farming\Datasets\final_combined_datasets\GLCDfGLUE\ELS\GLCDFGLUE_ELS_130.jpg,Groundnut,ELS,derived,c012a16bb42dffa5,Leaf Spot
Z:\Projects\Smart-Farming\Datasets\final_combined_datasets\GLCDfGLUE\ELS\GLCDFGLUE_ELS_131.jpg,Groundnut,ELS,derived,dd07687c633076aa,Leaf Spot
Z:\Projects\Smart-Farming\Datasets\final_combined_datasets\GLCDfGLUE\ELS\GLCDFGLUE_ELS_132.jpg,Groundnut,ELS,derived,9536aa2ab72d9295,Leaf Spot
Z:\Projects\Smart-Farming\Datasets\final_combined_datasets\GLCDfGLUE\ELS\GLCDFGLUE_ELS_133.jpg,Groundnut,ELS,derived,85437c3f617e4730,Leaf Spot
Z:\Projects\Smart-Farming\Datasets\final_combined_datasets\GLCDfGLUE\ELS\GLCDFGLUE_ELS_134.jpg,Groundnut,ELS,derived,8a52256b167daa76,Leaf Spot
Z:\Projects\Smart-Farming\Datasets\final_combined_datasets\GLCDfGLUE\ELS\GLCDFGLUE_ELS_135.jpg,Groundnut,ELS,derived,885ab56d92f78992,Leaf Spot
Z:\Projects\Smart-Farming\Datasets\final_combined_datasets\GLCDfGLUE\ELS\GLCDFGLUE_ELS_136.jpg,Groundnut,ELS,derived,937af072c1214fc7,Leaf Spot
Z:\Projects\Smart-Farming\Datasets\final_combined_datasets\GLCDfGLUE\ELS\GLCDFGLUE_ELS_137.jpg,Groundnut,ELS,derived,915ef07ef130c523,Leaf Spot
Z:\Projects\Smart-Farming\Datasets\final_combined_datasets\GLCDfGLUE\ELS\GLCDFGLUE_ELS_138.jpg,Groundnut,ELS,derived,8627a7269e345ada,Leaf Spot
Z:\Projects\Smart-Farming\Datasets\final_combined_datasets\GLCDfGLUE\ELS\GLCDFGLUE_ELS_139.jpg,Groundnut,ELS,derived,dd07687c472156ab,Leaf Spot
Z:\Projects\Smart-Farming\Datasets\final_combined_datasets\GLCDfGLUE\ELS\GLCDFGLUE_ELS_140.jpg,Groundnut,ELS,derived,d507703a4778a771,Leaf Spot
Z:\Projects\Smart-Farming\Datasets\final_combined_datasets\GLCDfGLUE\ELS\GLCDFGLUE_ELS_141.jpg,Groundnut,ELS,derived,ca522d6b166f3265,Leaf Spot
Z:\Projects\Smart-Farming\Datasets\final_combined_datasets\GLCDfGLUE\ELS\GLCDFGLUE_ELS_142.jpg,Groundnut,ELS,derived,b426ae26963553d6,Leaf Spot
Z:\Projects\Smart-Farming\Datasets\final_combined_datasets\GLCDfGLUE\ELS\GLCDFGLUE_ELS_143.jpg,Groundnut,ELS,derived,801aa53d92bdaf9a,Leaf Spot
Z:\Projects\Smart-Farming\Datasets\final_combined_datasets\GLCDfGLUE\ELS\GLCDFGLUE_ELS_145.jpg,Groundnut,ELS,derived,d72d4850830fff70,Leaf Spot
Z:\Projects\Smart-Farming\Datasets\final_combined_datasets\GLCDfGLUE\ELS\GLCDFGLUE_ELS_146.jpg,Groundnut,ELS,derived,de2d80501e2ffd43,Leaf Spot
Z:\Projects\Smart-Farming\Datasets\final_combined_datasets\GLCDfGLUE\ELS\GLCDFGLUE_ELS_147.jpg,Groundnut,ELS,derived,d73f41d0a10b16f9,Leaf Spot
Z:\Projects\Smart-Farming\Datasets\final_combined_datasets\GLCDfGLUE\ELS\GLCDFGLUE_ELS_148.jpg,Groundnut,ELS,derived,8376fd05423ef50a,Leaf Spot
Z:\Projects\Smart-Farming\Datasets\final_combined_datasets\GLCDfGLUE\ELS\GLCDFGLUE_ELS_149.jpg,Groundnut,ELS,derived,d7254854b10b57f5,Leaf Spot
Z:\Projects\Smart-Farming\Datasets\final_combined_datasets\GLCDfGLUE\ELS\GLCDFGLUE_ELS_150.jpg,Groundnut,ELS,derived,dc354893e5433f15,Leaf Spot
Z:\Projects\Smart-Farming\Datasets\final_combined_datasets\GLCDfGLUE\ELS\GLCDFGLUE_ELS_151.jpg,Groundnut,ELS,derived,de27a0501e2da55f,Leaf Spot
Z:\Projects\Smart-Farming\Datasets\final_combined_datasets\GLCDfGLUE\ELS\GLCDFGLUE_ELS_152.jpg,Groundnut,ELS,derived,d72d8854062fb87d,Leaf Spot
Z:\Projects\Smart-Farming\Datasets\final_combined_datasets\GLCDfGLUE\ELS\GLCDFGLUE_ELS_153.jpg,Groundnut,ELS,derived,c076ab0b505ff90d,Leaf Spot
Z:\Projects\Smart-Farming\Datasets\final_combined_datasets\GLCDfGLUE\ELS\GLCDFGLUE_ELS_155.jpg,Groundnut,ELS,derived,df3f4952a903162d,Leaf Spot
Z:\Projects\Smart-Farming\Datasets\final_combined_datasets\GLCDfGLUE\ELS\GLCDFGLUE_ELS_156.jpg,Groundnut,ELS,derived,8f6154055e684f3f,Leaf Spot
Z:\Projects\Smart-Farming\Datasets\final_combined_datasets\GLCDfGLUE\ELS\GLCDFGLUE_ELS_157.jpg,Groundnut,ELS,derived,8a723c07f456437b,Leaf Spot
Z:\Projects\Smart-Farming\Datasets\final_combined_datasets\GLCDfGLUE\ELS\GLCDFGLUE_ELS_159.jpg,Groundnut,ELS,derived,8f615406fe4a0b7e,Leaf Spot
Z:\Projects\Smart-Farming\Datasets\final_combined_datasets\GLCDfGLUE\ELS\GLCDFGLUE_ELS_160.jpg,Groundnut,ELS,derived,de376852a4570e3c,Leaf Spot
Z:\Projects\Smart-Farming\Datasets\final_combined_datasets\GLCDfGLUE\ELS\GLCDFGLUE_ELS_161.jpg,Groundnut,ELS,derived,df2f49d2e10306ad,Leaf Spot
Z:\Projects\Smart-Farming\Datasets\final_combined_datasets\GLCDfGLUE\ELS\GLCDFGLUE_ELS_162.jpg,Groundnut,ELS,derived,da344152ab1f5ee8,Leaf Spot
Z:\Projects\Smart-Farming\Datasets\final_combined_datasets\GLCDfGLUE\ELS\GLCDFGLUE_ELS_164.jpg,Groundnut,ELS,derived,d8346943bf071eac,Leaf Spot
Z:\Projects\Smart-Farming\Datasets\final_combined_datasets\GLCDfGLUE\ELS\GLCDFGLUE_ELS_165.jpg,Groundnut,ELS,derived,de2f80500f3fa07b,Leaf Spot
Z:\Projects\Smart-Farming\Datasets\final_combined_datasets\GLCDfGLUE\ELS\GLCDFGLUE_ELS_167.jpg,Groundnut,ELS,derived,8a6a3d07f0565379,Leaf Spot
Z:\Projects\Smart-Farming\Datasets\final_combined_datasets\GLCDfGLUE\ELS\GLCDFGLUE_ELS_168.jpg,Groundnut,ELS,derived,8374f5054bbcf02e,Leaf Spot
Z:\Projects\Smart-Farming\Datasets\final_combined_datasets\GLCDfGLUE\ELS\GLCDFGLUE_ELS_170.jpg,Groundnut,ELS,derived,962dca58152bff50,Leaf Spot
Z:\Projects\Smart-Farming\Datasets\final_combined_datasets\GLCDfGLUE\ELS\GLCDFGLUE_ELS_172.jpg,Groundnut,ELS,derived,8a6a14a7f44a4fad,Leaf Spot
Z:\Projects\Smart-Farming\Datasets\final_combined_datasets\GLCDfGLUE\ELS\GLCDFGLUE_ELS_174.jpg,Groundnut,ELS,derived,d8354883f7c3163e,Leaf Spot
Z:\Projects\Smart-Farming\Datasets\final_combined_datasets\GLCDfGLUE\ELS\GLCDFGLUE_ELS_175.jpg,Groundnut,ELS,derived,8b681dafb4167b48,Leaf Spot
Z:\Projects\Smart-Farming\Datasets\final_combined_datasets\GLCDfGLUE\ELS\GLCDFGLUE_ELS_177.jpg,Groundnut,ELS,derived,da34015bab0f5a6b,Leaf Spot
Z:\Projects\Smart-Farming\Datasets\final_combined_datasets\GLCDfGLUE\ELS\GLCDFGLUE_ELS_178.jpg,Groundnut,ELS,derived,972bea58176aa85a,Leaf Spot
Z:\Projects\Smart-Farming\Datasets\final_combined_datasets\GLCDfGLUE\ELS\GLCDFGLUE_ELS_179.jpg,Groundnut,ELS,derived,972dc85c002bfe75,Leaf Spot
Z:\Projects\Smart-Farming\Datasets\final_combined_datasets\GLCDfGLUE\ELS\GLCDFGLUE_ELS_180.jpg,Groundnut,ELS,derived,d72d8058073fb279,Leaf Spot
Z:\Projects\Smart-Farming\Datasets\final_combined_datasets\GLCDfGLUE\ELS\GLCDFGLUE_ELS_181.jpg,Groundnut,ELS,derived,de376952a5071e2c,Leaf Spot
Z:\Projects\Smart-Farming\Datasets\final_combined_datasets\GLCDfGLUE\ELS\GLCDFGLUE_ELS_182.jpg,Groundnut,ELS,derived,8f611407fe4a0f75,Leaf Spot
Z:\Projects\Smart-Farming\Datasets\final_combined_datasets\GLCDfGLUE\ELS\GLCDFGLUE_ELS_183.jpg,Groundnut,ELS,derived,dc3548a3e543bf09,Leaf Spot
Z:\Projects\Smart-Farming\Datasets\final_combined_datasets\GLCDfGLUE\ELS\GLCDFGLUE_ELS_184.jpg,Groundnut,ELS,derived,9725ea54010bdd7d,Leaf Spot
Z:\Projects\Smart-Farming\Datasets\final_combined_datasets\GLCDfGLUE\ELS\GLCDFGLUE_ELS_185.jpg,Groundnut,ELS,derived,8b601407fc5a6b7d,Leaf Spot
Z:\Projects\Smart-Farming\Datasets\final_combined_datasets\GLCDfGLUE\ELS\GLCDFGLUE_ELS_186.jpg,Groundnut,ELS,derived,da3441520fbd50fb,Leaf Spot
Z:\Projects\Smart-Farming\Datasets\final_combined_datasets\GLCDfGLUE\ELS\GLCDFGLUE_ELS_187.jpg,Groundnut,ELS,derived,8b603d87b4167b78,Leaf Spot
Z:\Projects\Smart-Farming\Datasets\final_combined_datasets\GLCDfGLUE\ELS\GLCDFGLUE_ELS_188.jpg,Groundnut,ELS,derived,d7354150ab0fff40,Leaf Spot
Z:\Projects\Smart-Farming\Datasets\final_combined_datasets\GLCDfGLUE\ELS\GLCDFGLUE_ELS_189.jpg,Groundnut,ELS,derived,8f7cd50c4bb8f0a2,Leaf Spot
Z:\Projects\Smart-Farming\Datasets\final_combined_datasets\GLCDfGLUE\ELS\GLCDFGLUE_ELS_190.jpg,Groundnut,ELS,derived,8f7154055bf8453e,Leaf Spot
Z:\Projects\Smart-Farming\Datasets\final_combined_datasets\GLCDfGLUE\ELS\GLCDFGLUE_ELS_191.jpg,Groundnut,ELS,derived,82705505df5eaf15,Leaf Spot
Z:\Projects\Smart-Farming\Datasets\final_combined_datasets\GLCDfGLUE\ELS\GLCDFGLUE_ELS_192.jpg,Groundnut,ELS,derived,8f6154055e78af17,Leaf Spot
Z:\Projects\Smart-Farming\Datasets\final_combined_datasets\GLCDfGLUE\ELS\GLCDFGLUE_ELS_193.jpg,Groundnut,ELS,derived,8b623c07ea524bf9,Leaf Spot
Z:\Projects\Smart-Farming\Datasets\final_combined_datasets\GLCDfGLUE\ELS\GLCDFGLUE_ELS_194.jpg,Groundnut,ELS,derived,de3d48d2e553061d,Leaf Spot
Z:\Projects\Smart-Farming\Datasets\final_combined_datasets\GLCDfGLUE\ELS\GLCDFGLUE_ELS_195.jpg,Groundnut,ELS,derived,de3d6c50a54d0e2d,Leaf Spot
Z:\Projects\Smart-Farming\Datasets\final_combined_datasets\GLCDfGLUE\ELS\GLCDFGLUE_ELS_197.jpg,Groundnut,ELS,derived,c270bf05517eed05,Leaf Spot
Z:\Projects\Smart-Farming\Datasets\final_combined_datasets\GLCDfGLUE\ELS\GLCDFGLUE_ELS_198.jpg,Groundnut,ELS,derived,8d613cd6a23e532b,Leaf Spot
Z:\Projects\Smart-Farming\Datasets\final_combined_datasets\GLCDfGLUE\ELS\GLCDFGLUE_ELS_199.jpg,Groundnut,ELS,derived,de3d01580f2ffc42,Leaf Spot
Z:\Projects\Smart-Farming\Datasets\final_combined_datasets\GLCDfGLUE\ELS\GLCDFGLUE_ELS_200.jpg,Groundnut,ELS,derived,962ba85a07eba8f1,Leaf Spot
Z:\Projects\Smart-Farming\Datasets\final_combined_datasets\GLCDfGLUE\ELS\GLCDFGLUE_ELS_201.jpg,Groundnut,ELS,derived,dc3441d3e543be15,Leaf Spot
Z:\Projects\Smart-Farming\Datasets\final_combined_datasets\GLCDfGLUE\ELS\GLCDFGLUE_ELS_202.jpg,Groundnut,ELS,derived,de3f01500b3f1a79,Leaf Spot
Z:\Projects\Smart-Farming\Datasets\final_combined_datasets\GLCDfGLUE\ELS\GLCDFGLUE_ELS_203.jpg,Groundnut,ELS,derived,da3701500fbd137b,Leaf Spot
Z:\Projects\Smart-Farming\Datasets\final_combined_datasets\GLCDfGLUE\ELS\GLCDFGLUE_ELS_204.jpg,Groundnut,ELS,derived,8b613d07f10a7b69,Leaf Spot
Z:\Projects\Smart-Farming\Datasets\final_combined_datasets\GLCDfGLUE\ELS\GLCDFGLUE_ELS_206.jpg,Groundnut,ELS,derived,d62d0058922ffef2,Leaf Spot
Z:\Projects\Smart-Farming\Datasets\final_combined_datasets\GLCDfGLUE\ELS\GLCDFGLUE_ELS_207.jpg,Groundnut,ELS,derived,8be015aff40e7b44,Leaf Spot
Z:\Projects\Smart-Farming\Datasets\final_combined_datasets\GLCDfGLUE\ELS\GLCDFGLUE_ELS_208.jpg,Groundnut,ELS,derived,827a1d81fc5e0bae,Leaf Spot
Z:\Projects\Smart-Farming\Datasets\final_combined_datasets\GLCDfGLUE\ELS\GLCDFGLUE_ELS_209.jpg,Groundnut,ELS,derived,dc346503b65e2a7c,Leaf Spot
Z:\Projects\Smart-Farming\Datasets\final_combined_datasets\GLCDfGLUE\ELS\GLCDFGLUE_ELS_210.jpg,Groundnut,ELS,derived,8a621c07fc566b79,Leaf Spot
Z:\Projects\Smart-Farming\Datasets\final_combined_datasets\GLCDfGLUE\ELS\GLCDFGLUE_ELS_211.jpg,Groundnut,ELS,derived,89611dfeb056ea49,Leaf Spot
Z:\Projects\Smart-Farming\Datasets\final_combined_datasets\GLCDfGLUE\ELS\GLCDFGLUE_ELS_212.jpg,Groundnut,ELS,derived,c370d50d557ee505,Leaf Spot
Z:\Projects\Smart-Farming\Datasets\final_combined_datasets\GLCDfGLUE\ELS\GLCDFGLUE_ELS_213.jpg,Groundnut,ELS,derived,c37cdf0d503eb805,Leaf Spot
Z:\Projects\Smart-Farming\Datasets\final_combined_datasets\GLCDfGLUE\ELS\GLCDFGLUE_ELS_218.jpg,Groundnut,ELS,derived,8b6d3f2978656126,Leaf Spot
Z:\Projects\Smart-Farming\Datasets\final_combined_datasets\GLCDfGLUE\ELS\GLCDFGLUE_ELS_220.jpg,Groundnut,ELS,derived,872634f770636374,Leaf Spot
Z:\Projects\Smart-Farming\Datasets\final_combined_datasets\GLCDfGLUE\ELS\GLCDFGLUE_ELS_224.jpg,Groundnut,ELS,derived,8b6b2f68786fe024,Leaf Spot
Z:\Projects\Smart-Farming\Datasets\final_combined_datasets\GLCDfGLUE\ELS\GLCDFGLUE_ELS_225.jpg,Groundnut,ELS,derived,80070ff93fe93869,Leaf Spot
Z:\Projects\Smart-Farming\Datasets\final_combined_datasets\GLCDfGLUE\ELS\GLCDFGLUE_ELS_226.jpg,Groundnut,ELS,derived,d53c5a3c6a3c2574,Leaf Spot
Z:\Projects\Smart-Farming\Datasets\final_combined_datasets\GLCDfGLUE\ELS\GLCDFGLUE_ELS_227.jpg,Groundnut,ELS,derived,dc3e4a7c293c2574,Leaf Spot
Z:\Projects\Smart-Farming\Datasets\final_combined_datasets\GLCDfGLUE\ELS\GLCDFGLUE_ELS_228.jpg,Groundnut,ELS,derived,81061fff3ca1306f,Leaf Spot
Z:\Projects\Smart-Farming\Datasets\final_combined_datasets\GLCDfGLUE\ELS\GLCDFGLUE_ELS_230.jpg,Groundnut,ELS,derived,d63c6a3d2532b561,Leaf Spot
Z:\Projects\Smart-Farming\Datasets\final_combined_datasets\GLCDfGLUE\ELS\GLCDFGLUE_ELS_231.jpg,Groundnut,ELS,derived,a0212df93f747037,Leaf Spot
Z:\Projects\Smart-Farming\Datasets\final_combined_datasets\GLCDfGLUE\ELS\GLCDFGLUE_ELS_233.jpg,Groundnut,ELS,derived,8a001ffe3c903cfb,Leaf Spot
Z:\Projects\Smart-Farming\Datasets\final_combined_datasets\GLCDfGLUE\ELS\GLCDFGLUE_ELS_235.jpg,Groundnut,ELS,derived,8b023ff03c9138ef,Leaf Spot
Z:\Projects\Smart-Farming\Datasets\final_combined_datasets\GLCDfGLUE\ELS\GLCDFGLUE_ELS_236.jpg,Groundnut,ELS,derived,da2849f86dbc247a,Leaf Spot
Z:\Projects\Smart-Farming\Datasets\final_combined_datasets\GLCDfGLUE\ELS\GLCDFGLUE_ELS_237.jpg,Groundnut,ELS,derived,d55058ac68bd6d3c,Leaf Spot
Z:\Projects\Smart-Farming\Datasets\final_combined_datasets\GLCDfGLUE\ELS\GLCDFGLUE_ELS_238.jpg,Groundnut,ELS,derived,d7416a8361c667ba,Leaf Spot
Z:\Projects\Smart-Farming\Datasets\final_combined_datasets\GLCDfGLUE\ELS\GLCDFGLUE_ELS_239.jpg,Groundnut,ELS,derived,8a143fd2309b33af,Leaf Spot
Z:\Projects\Smart-Farming\Datasets\final_combined_datasets\GLCDfGLUE\ELS\GLCDFGLUE_ELS_240.jpg,Groundnut,ELS,derived,de3c6a7c2d382472,Leaf Spot
Z:\Projects\Smart-Farming\Datasets\final_combined_datasets\GLCDfGLUE\ELS\GLCDFGLUE_ELS_241.jpg,Groundnut,ELS,derived,8b691f297c6d7025,Leaf Spot
Z:\Projects\Smart-Farming\Datasets\final_combined_datasets\GLCDfGLUE\ELS\GLCDFGLUE_ELS_242.jpg,Groundnut,ELS,derived,de2c5a5d6b3c2530,Leaf Spot
Z:\Projects\Smart-Farming\Datasets\final_combined_datasets\GLCDfGLUE\ELS\GLCDFGLUE_ELS_245.jpg,Groundnut,ELS,derived,8b143ed8309be3ad,Leaf Spot
Z:\Projects\Smart-Farming\Datasets\final_combined_datasets\GLCDfGLUE\ELS\GLCDFGLUE_ELS_246.jpg,Groundnut,ELS,derived,a0353cf73e627027,Leaf Spot
Z:\Projects\Smart-Farming\Datasets\final_combined_datasets\GLCDfGLUE\ELS\GLCDFGLUE_ELS_247.jpg,Groundnut,ELS,derived,8b153ed830cdc3ec,Leaf Spot
Z:\Projects\Smart-Farming\Datasets\final_combined_datasets\GLCDfGLUE\ELS\GLCDFGLUE_ELS_248.jpg,Groundnut,ELS,derived,8b021ffe3c8130ef,Leaf Spot
Z:\Projects\Smart-Farming\Datasets\final_combined_datasets\GLCDfGLUE\ELS\GLCDFGLUE_ELS_250.jpg,Groundnut,ELS,derived,d57268aa65743723,Leaf Spot
Z:\Projects\Smart-Farming\Datasets\final_combined_datasets\GLCDfGLUE\ELS\GLCDFGLUE_ELS_251.jpg,Groundnut,ELS,derived,df416a8b61c525bc,Leaf Spot
Z:\Projects\Smart-Farming\Datasets\final_combined_datasets\GLCDfGLUE\ELS\GLCDFGLUE_ELS_252.jpg,Groundnut,ELS,derived,d7436a8a6ac76532,Leaf Spot
Z:\Projects\Smart-Farming\Datasets\final_combined_datasets\GLCDfGLUE\ELS\GLCDFGLUE_ELS_253.jpg,Groundnut,ELS,derived,82163f9f3f88f049,Leaf Spot
Z:\Projects\Smart-Farming\Datasets\final_combined_datasets\GLCDfGLUE\ELS\GLCDFGLUE_ELS_254.jpg,Groundnut,ELS,derived,8b063cff30e33165,Leaf Spot
Z:\Projects\Smart-Farming\Datasets\final_combined_datasets\GLCDfGLUE\ELS\GLCDFGLUE_ELS_255.jpg,Groundnut,ELS,derived,80342dff3de0306f,Leaf Spot
Z:\Projects\Smart-Farming\Datasets\final_combined_datasets\GLCDfGLUE\ELS\GLCDFGLUE_ELS_256.jpg,Groundnut,ELS,derived,80343cff3c62706f,Leaf Spot
Z:\Projects\Smart-Farming\Datasets\final_combined_datasets\GLCDfGLUE\ELS\GLCDFGLUE_ELS_257.jpg,Groundnut,ELS,derived,de574aa165c465aa,Leaf Spot
Z:\Projects\Smart-Farming\Datasets\final_combined_datasets\GLCDfGLUE\ELS\GLCDFGLUE_ELS_258.jpg,Groundnut,ELS,derived,80273dff3c613067,Leaf Spot
Z:\Projects\Smart-Farming\Datasets\final_combined_datasets\GLCDfGLUE\ELS\GLCDFGLUE_ELS_259.jpg,Groundnut,ELS,derived,d5747abc29346570,Leaf Spot
Z:\Projects\Smart-Farming\Datasets\final_combined_datasets\GLCDfGLUE\ELS\GLCDFGLUE_ELS_260.jpg,Groundnut,ELS,derived,897d1d093ce9706d,Leaf Spot
Z:\Projects\Smart-Farming\Datasets\final_combined_datasets\GLCDfGLUE\ELS\GLCDFGLUE_ELS_261.jpg,Groundnut,ELS,derived,8a043ffe3c9030ef,Leaf Spot
Z:\Projects\Smart-Farming\Datasets\final_combined_datasets\GLCDfGLUE\ELS\GLCDFGLUE_ELS_262.jpg,Groundnut,ELS,derived,87673ce570646336,Leaf Spot
Z:\Projects\Smart-Farming\Datasets\final_combined_datasets\GLCDfGLUE\ELS\GLCDFGLUE_ELS_263.jpg,Groundnut,ELS,derived,8b163ed0309f33ad,Leaf Spot
Z:\Projects\Smart-Farming\Datasets\final_combined_datasets\GLCDfGLUE\ELS\GLCDFGLUE_ELS_264.jpg,Groundnut,ELS,derived,d43c6a3c293d3571,Leaf Spot
Z:\Projects\Smart-Farming\Datasets\final_combined_datasets\GLCDfGLUE\ELS\GLCDFGLUE_ELS_265.jpg,Groundnut,ELS,derived,d5554aaa69c565b8,Leaf Spot
Z:\Projects\Smart-Farming\Datasets\final_combined_datasets\GLCDfGLUE\ELS\GLCDFGLUE_ELS_267.jpg,Groundnut,ELS,derived,80040fff3cd038ff,Leaf Spot
Z:\Projects\Smart-Farming\Datasets\final_combined_datasets\GLCDfGLUE\ELS\GLCDFGLUE_ELS_268.jpg,Groundnut,ELS,derived,d7516aa161c565ba,Leaf Spot
Z:\Projects\Smart-Farming\Datasets\final_combined_datasets\GLCDfGLUE\ELS\GLCDFGLUE_ELS_269.jpg,Groundnut,ELS,derived,de526b876d8e2514,Leaf Spot
Z:\Projects\Smart-Farming\Datasets\final_combined_datasets\GLCDfGLUE\ELS\GLCDFGLUE_ELS_270.jpg,Groundnut,ELS,derived,d7514aab68c5619e,Leaf Spot
Z:\Projects\Smart-Farming\Datasets\final_combined_datasets\GLCDfGLUE\ELS\GLCDFGLUE_ELS_271.jpg,Groundnut,ELS,derived,d56179aa69352572,Leaf Spot
Z:\Projects\Smart-Farming\Datasets\final_combined_datasets\GLCDfGLUE\ELS\GLCDFGLUE_ELS_272.jpg,Groundnut,ELS,derived,d7416aab65c624ba,Leaf Spot
Z:\Projects\Smart-Farming\Datasets\final_combined_datasets\GLCDfGLUE\ELS\GLCDFGLUE_ELS_273.jpg,Groundnut,ELS,derived,d52d43816a8a2f9f,Leaf Spot
Z:\Projects\Smart-Farming\Datasets\final_combined_datasets\GLCDfGLUE\ELS\GLCDFGLUE_ELS_274.jpg,Groundnut,ELS,derived,85565ed2788268df,Leaf Spot
Z:\Projects\Smart-Farming\Datasets\final_combined_datasets\GLCDfGLUE\ELS\GLCDFGLUE_ELS_275.jpg,Groundnut,ELS,derived,d0204aa32bab6fb7,Leaf Spot
Z:\Projects\Smart-Farming\Datasets\final_combined_datasets\GLCDfGLUE\ELS\GLCDFGLUE_ELS_276.jpg,Groundnut,ELS,derived,955537d4388a70f9,Leaf Spot
Z:\Projects\Smart-Farming\Datasets\final_combined_datasets\GLCDfGLUE\ELS\GLCDFGLUE_ELS_277.jpg,Groundnut,ELS,derived,95812f953d9d35a8,Leaf Spot
Z:\Projects\Smart-Farming\Datasets\final_combined_datasets\GLCDfGLUE\ELS\GLCDFGLUE_ELS_279.jpg,Groundnut,ELS,derived,d52442816b936dbf,Leaf Spot
Z:\Projects\Smart-Farming\Datasets\final_combined_datasets\GLCDfGLUE\ELS\GLCDFGLUE_ELS_280.jpg,Groundnut,ELS,derived,8d880b8b2b9f2d3e,Leaf Spot
Z:\Projects\Smart-Farming\Datasets\final_combined_datasets\GLCDfGLUE\ELS\GLCDFGLUE_ELS_281.jpg,Groundnut,ELS,derived,c8d11ad47ad0f8ba,Leaf Spot
Z:\Projects\Smart-Farming\Datasets\final_combined_datasets\GLCDfGLUE\ELS\GLCDFGLUE_ELS_282.jpg,Groundnut,ELS,derived,85571fde7ac208c3,Leaf Spot
Z:\Projects\Smart-Farming\Datasets\final_combined_datasets\GLCDfGLUE\ELS\GLCDFGLUE_ELS_285.jpg,Groundnut,ELS,derived,95812f9d3d9c3aa8,Leaf Spot
Z:\Projects\Smart-Farming\Datasets\final_combined_datasets\GLCDfGLUE\ELS\GLCDFGLUE_ELS_287.jpg,Groundnut,ELS,derived,d0244b872f8b2daf,Leaf Spot
Z:\Projects\Smart-Farming\Datasets\final_combined_datasets\GLCDfGLUE\ELS\GLCDFGLUE_ELS_288.jpg,Groundnut,ELS,derived,d5200b832f9f2d8f,Leaf Spot
Z:\Projects\Smart-Farming\Datasets\final_combined_datasets\GLCDfGLUE\ELS\GLCDFGLUE_ELS_289.jpg,Groundnut,ELS,derived,95a00b832b8f2f9f,Leaf Spot
Z:\Projects\Smart-Farming\Datasets\final_combined_datasets\GLCDfGLUE\ELS\GLCDFGLUE_ELS_290.jpg,Groundnut,ELS,derived,85575fd268ca61c9,Leaf Spot
Z:\Projects\Smart-Farming\Datasets\final_combined_datasets\GLCDfGLUE\ELS\GLCDFGLUE_ELS_291.jpg,Groundnut,ELS,derived,d52442014b576ff7,Leaf Spot
Z:\Projects\Smart-Farming\Datasets\final_combined_datasets\GLCDfGLUE\ELS\GLCDFGLUE_ELS_292.jpg,Groundnut,ELS,derived,c0545ed4788a78df,Leaf Spot
Z:\Projects\Smart-Farming\Datasets\final_combined_datasets\GLCDfGLUE\ELS\GLCDFGLUE_ELS_294.jpg,Groundnut,ELS,derived,d52d42c14ac16fd7,Leaf Spot
Z:\Projects\Smart-Farming\Datasets\final_combined_datasets\GLCDfGLUE\ELS\GLCDFGLUE_ELS_295.jpg,Groundnut,ELS,derived,d0864a872ed635d7,Leaf Spot
Z:\Projects\Smart-Farming\Datasets\final_combined_datasets\GLCDfGLUE\ELS\GLCDFGLUE_ELS_296.jpg,Groundnut,ELS,derived,d4874a852d9735d5,Leaf Spot
Z:\Projects\Smart-Farming\Datasets\final_combined_datasets\GLCDfGLUE\ELS\GLCDFGLUE_ELS_297.jpg,Groundnut,ELS,derived,d0204aa76bbf4d17,Leaf Spot
Z:\Projects\Smart-Farming\Datasets\final_combined_datasets\GLCDfGLUE\ELS\GLCDFGLUE_ELS_298.jpg,Groundnut,ELS,derived,955317d47f93608a,Leaf Spot
Z:\Projects\Smart-Farming\Datasets\final_combined_datasets\GLCDfGLUE\ELS\GLCDFGLUE_ELS_300.jpg,Groundnut,ELS,derived,815317d67fd27882,Leaf Spot
Z:\Projects\Smart-Farming\Datasets\final_combined_datasets\GLCDfGLUE\ELS\GLCDFGLUE_ELS_302.jpg,Groundnut,ELS,derived,d0010f973dd7359c,Leaf Spot
Z:\Projects\Smart-Farming\Datasets\final_combined_datasets\GLCDfGLUE\LLS\GLCDFGLUE_LLS_312.jpg,Groundnut,LLS,derived,81cf6bc861c17e2d,Leaf Spot
Z:\Projects\Smart-Farming\Datasets\final_combined_datasets\GLCDfGLUE\LLS\GLCDFGLUE_LLS_313.jpg,Groundnut,LLS,derived,d61a7f96649422f8,Leaf Spot
Z:\Projects\Smart-Farming\Datasets\final_combined_datasets\GLCDfGLUE\LLS\GLCDFGLUE_LLS_314.jpg,Groundnut,LLS,derived,8a3a3ac0fdcf244e,Leaf Spot
Z:\Projects\Smart-Farming\Datasets\final_combined_datasets\GLCDfGLUE\LLS\GLCDFGLUE_LLS_315.jpg,Groundnut,LLS,derived,d5520b8a4f877297,Leaf Spot
Z:\Projects\Smart-Farming\Datasets\final_combined_datasets\GLCDfGLUE\LLS\GLCDFGLUE_LLS_316.jpg,Groundnut,LLS,derived,c9014b8b6d9fb05e,Leaf Spot
Z:\Projects\Smart-Farming\Datasets\final_combined_datasets\GLCDfGLUE\LLS\GLCDFGLUE_LLS_317.jpg,Groundnut,LLS,derived,80075edf3ad227ca,Leaf Spot
Z:\Projects\Smart-Farming\Datasets\final_combined_datasets\GLCDfGLUE\LLS\GLCDFGLUE_LLS_318.jpg,Groundnut,LLS,derived,824f2ec83709e73d,Leaf Spot
Z:\Projects\Smart-Farming\Datasets\final_combined_datasets\GLCDfGLUE\LLS\GLCDFGLUE_LLS_319.jpg,Groundnut,LLS,derived,d4a83f8d748f238c,Leaf Spot
Z:\Projects\Smart-Farming\Datasets\final_combined_datasets\GLCDfGLUE\LLS\GLCDFGLUE_LLS_320.jpg,Groundnut,LLS,derived,87d521c920bff436,Leaf Spot
Z:\Projects\Smart-Farming\Datasets\final_combined_datasets\GLCDfGLUE\LLS\GLCDFGLUE_LLS_321.jpg,Groundnut,LLS,derived,9c141ede3cca650f,Leaf Spot
Z:\Projects\Smart-Farming\Datasets\final_combined_datasets\GLCDfGLUE\LLS\GLCDFGLUE_LLS_322.jpg,Groundnut,LLS,derived,d62b7d9f4c962290,Leaf Spot
Z:\Projects\Smart-Farming\Datasets\final_combined_datasets\GLCDfGLUE\LLS\GLCDFGLUE_LLS_323.jpg,Groundnut,LLS,derived,802f6ad868c277ed,Leaf Spot
Z:\Projects\Smart-Farming\Datasets\final_combined_datasets\GLCDfGLUE\LLS\GLCDFGLUE_LLS_324.jpg,Groundnut,LLS,derived,86041fdf3fc227c2,Leaf Spot
Z:\Projects\Smart-Farming\Datasets\final_combined_datasets\GLCDfGLUE\LLS\GLCDFGLUE_LLS_325.jpg,Groundnut,LLS,derived,d61a7e9460d4b378,Leaf Spot
Z:\Projects\Smart-Farming\Datasets\final_combined_datasets\GLCDfGLUE\LLS\GLCDFGLUE_LLS_326.jpg,Groundnut,LLS,derived,833f2aca39c327c5,Leaf Spot
Z:\Projects\Smart-Farming\Datasets\final_combined_datasets\GLCDfGLUE\LLS\GLCDFGLUE_LLS_327.jpg,Groundnut,LLS,derived,d51a3f9474953278,Leaf Spot
Z:\Projects\Smart-Farming\Datasets\final_combined_datasets\GLCDfGLUE\LLS\GLCDFGLUE_LLS_328.jpg,Groundnut,LLS,derived,d54a6b816a977296,Leaf Spot
Z:\Projects\Smart-Farming\Datasets\final_combined_datasets\GLCDfGLUE\LLS\GLCDFGLUE_LLS_329.jpg,Groundnut,LLS,derived,94503fc0b0eff28d,Leaf Spot
Z:\Projects\Smart-Farming\Datasets\final_combined_datasets\GLCDfGLUE\LLS\GLCDFGLUE_LLS_330.jpg,Groundnut,LLS,derived,834f2aca7701e63d,Leaf Spot
Z:\Projects\Smart-Farming\Datasets\final_combined_datasets\GLCDfGLUE\LLS\GLCDFGLUE_LLS_331.jpg,Groundnut,LLS,derived,82476acb2bc26f2d,Leaf Spot
Z:\Projects\Smart-Farming\Datasets\final_combined_datasets\GLCDfGLUE\LLS\GLCDFGLUE_LLS_332.jpg,Groundnut,LLS,derived,86061fdf2bc2650f,Leaf Spot
Z:\Projects\Smart-Farming\Datasets\final_combined_datasets\GLCDfGLUE\LLS\GLCDFGLUE_LLS_333.jpg,Groundnut,LLS,derived,d62a7d9d68d66290,Leaf Spot
Z:\Projects\Smart-Farming\Datasets\final_combined_datasets\GLCDfGLUE\LLS\GLCDFGLUE_LLS_334.jpg,Groundnut,LLS,derived,c1436b85ecbf311a,Leaf Spot
Z:\Projects\Smart-Farming\Datasets\final_combined_datasets\GLCDfGLUE\LLS\GLCDFGLUE_LLS_335.jpg,Groundnut,LLS,derived,d684759d75922371,Leaf Spot
Z:\Projects\Smart-Farming\Datasets\final_combined_datasets\GLCDfGLUE\LLS\GLCDFGLUE_LLS_336.jpg,Groundnut,LLS,derived,d1414aa86f9d391f,Leaf Spot
Z:\Projects\Smart-Farming\Datasets\final_combined_datasets\GLCDfGLUE\LLS\GLCDFGLUE_LLS_337.jpg,Groundnut,LLS,derived,820f3ec23fc2670f,Leaf Spot
Z:\Projects\Smart-Farming\Datasets\final_combined_datasets\GLCDfGLUE\LLS\GLCDFGLUE_LLS_338.jpg,Groundnut,LLS,derived,95341fd038cb70cf,Leaf Spot
Z:\Projects\Smart-Farming\Datasets\final_combined_datasets\GLCDfGLUE\LLS\GLCDFGLUE_LLS_339.jpg,Groundnut,LLS,derived,80cb6ac86d80ff3d,Leaf Spot
Z:\Projects\Smart-Farming\Datasets\final_combined_datasets\GLCDfGLUE\LLS\GLCDFGLUE_LLS_340.jpg,Groundnut,LLS,derived,82076bd32bc227eb,Leaf Spot
Z:\Projects\Smart-Farming\Datasets\final_combined_datasets\GLCDfGLUE\LLS\GLCDFGLUE_LLS_341.jpg,Groundnut,LLS,derived,d59e3c9528d6a278,Leaf Spot
Z:\Projects\Smart-Farming\Datasets\final_combined_datasets\GLCDfGLUE\LLS\GLCDFGLUE_LLS_342.jpg,Groundnut,LLS,derived,9c5c1cdfb84ae40b,Leaf Spot
Z:\Projects\Smart-Farming\Datasets\final_combined_datasets\GLCDfGLUE\LLS\GLCDFGLUE_LLS_343.jpg,Groundnut,LLS,derived,d442798a718e67b3,Leaf Spot
Z:\Projects\Smart-Farming\Datasets\final_combined_datasets\GLCDfGLUE\LLS\GLCDFGLUE_LLS_344.jpg,Groundnut,LLS,derived,81132d5b65f94376,Leaf Spot
Z:\Projects\Smart-Farming\Datasets\final_combined_datasets\GLCDfGLUE\LLS\GLCDFGLUE_LLS_345.jpg,Groundnut,LLS,derived,c04b6c05e42edf37,Leaf Spot
Z:\Projects\Smart-Farming\Datasets\final_combined_datasets\GLCDfGLUE\LLS\GLCDFGLUE_LLS_346.jpg,Groundnut,LLS,derived,81172ddf14df90a6,Leaf Spot
Z:\Projects\Smart-Farming\Datasets\final_combined_datasets\GLCDfGLUE\LLS\GLCDFGLUE_LLS_347.jpg,Groundnut,LLS,derived,d6506e08ef2f8d23,Leaf Spot
Z:\Projects\Smart-Farming\Datasets\final_combined_datasets\GLCDfGLUE\LLS\GLCDFGLUE_LLS_348.jpg,Groundnut,LLS,derived,d4526e89ee0de923,Leaf Spot
Z:\Projects\Smart-Farming\Datasets\final_combined_datasets\GLCDfGLUE\LLS\GLCDFGLUE_LLS_349.jpg,Groundnut,LLS,derived,d35a6b89e308e533,Leaf Spot
Z:\Projects\Smart-Farming\Datasets\final_combined_datasets\GLCDfGLUE\LLS\GLCDFGLUE_LLS_350.jpg,Groundnut,LLS,derived,87172ddf24d812e6,Leaf Spot
Z:\Projects\Smart-Farming\Datasets\final_combined_datasets\GLCDfGLUE\LLS\GLCDFGLUE_LLS_351.jpg,Groundnut,LLS,derived,87172d5a04f9437e,Leaf Spot
Z:\Projects\Smart-Farming\Datasets\final_combined_datasets\GLCDfGLUE\LLS\GLCDFGLUE_LLS_352.jpg,Groundnut,LLS,derived,81162fdf163dda24,Leaf Spot
Z:\Projects\Smart-Farming\Datasets\final_combined_datasets\GLCDfGLUE\LLS\GLCDFGLUE_LLS_353.jpg,Groundnut,LLS,derived,d44f7a0bc3618e71,Leaf Spot
Z:\Projects\Smart-Farming\Datasets\final_combined_datasets\GLCDfGLUE\LLS\GLCDFGLUE_LLS_354.jpg,Groundnut,LLS,derived,80022fdb26dbf6e4,Leaf Spot
Z:\Projects\Smart-Farming\Datasets\final_combined_datasets\GLCDfGLUE\LLS\GLCDFGLUE_LLS_355.jpg,Groundnut,LLS,derived,d5557b886388eab1,Leaf Spot
Z:\Projects\Smart-Farming\Datasets\final_combined_datasets\GLCDfGLUE\LLS\GLCDFGLUE_LLS_356.jpg,Groundnut,LLS,derived,830d3b5db32ad872,Leaf Spot
Z:\Projects\Smart-Farming\Datasets\final_combined_datasets\GLCDfGLUE\LLS\GLCDFGLUE_LLS_357.jpg,Groundnut,LLS,derived,871f2cdfb208f886,Leaf Spot
Z:\Projects\Smart-Farming\Datasets\final_combined_datasets\GLCDfGLUE\LLS\GLCDFGLUE_LLS_358.jpg,Groundnut,LLS,derived,d24a798cc55d8c73,Leaf Spot
Z:\Projects\Smart-Farming\Datasets\final_combined_datasets\GLCDfGLUE\LLS\GLCDFGLUE_LLS_359.jpg,Groundnut,LLS,derived,c44a640de474de77,Leaf Spot
Z:\Projects\Smart-Farming\Datasets\final_combined_datasets\GLCDfGLUE\LLS\GLCDFGLUE_LLS_360.jpg,Groundnut,LLS,derived,d6427b8a638ce5b1,Leaf Spot
Z:\Projects\Smart-Farming\Datasets\final_combined_datasets\GLCDfGLUE\LLS\GLCDFGLUE_LLS_361.jpg,Groundnut,LLS,derived,970e3d5cb1798872,Leaf Spot
Z:\Projects\Smart-Farming\Datasets\final_combined_datasets\GLCDfGLUE\LLS\GLCDFGLUE_LLS_362.jpg,Groundnut,LLS,derived,871f3e5cb208d966,Leaf Spot
Z:\Projects\Smart-Farming\Datasets\final_combined_datasets\GLCDfGLUE\LLS\GLCDFGLUE_LLS_363.jpg,Groundnut,LLS,derived,81162ddf07fc8b26,Leaf Spot
Z:\Projects\Smart-Farming\Datasets\final_combined_datasets\GLCDfGLUE\LLS\GLCDFGLUE_LLS_364.jpg,Groundnut,LLS,derived,861f3e58d220dd76,Leaf Spot
Z:\Projects\Smart-Farming\Datasets\final_combined_datasets\GLCDfGLUE\LLS\GLCDFGLUE_LLS_365.jpg,Groundnut,LLS,derived,871f2ed99208fb26,Leaf Spot
Z:\Projects\Smart-Farming\Datasets\final_combined_datasets\GLCDfGLUE\LLS\GLCDFGLUE_LLS_366.jpg,Groundnut,LLS,derived,d4457a8a738a47d3,Leaf Spot
Z:\Projects\Smart-Farming\Datasets\final_combined_datasets\GLCDfGLUE\LLS\GLCDFGLUE_LLS_367.jpg,Groundnut,LLS,derived,861f3e5d9410d177,Leaf Spot
Z:\Projects\Smart-Farming\Datasets\final_combined_datasets\GLCDfGLUE\LLS\GLCDFGLUE_LLS_368.jpg,Groundnut,LLS,derived,c14a6c15e42cdd3f,Leaf Spot
Z:\Projects\Smart-Farming\Datasets\final_combined_datasets\GLCDfGLUE\LLS\GLCDFGLUE_LLS_369.jpg,Groundnut,LLS,derived,d442788b437f8e71,Leaf Spot
Z:\Projects\Smart-Farming\Datasets\final_combined_datasets\GLCDfGLUE\LLS\GLCDFGLUE_LLS_370.jpg,Groundnut,LLS,derived,951f3948b17ba86a,Leaf Spot
Z:\Projects\Smart-Farming\Datasets\final_combined_datasets\GLCDfGLUE\LLS\GLCDFGLUE_LLS_371.jpg,Groundnut,LLS,derived,d7526b08e30ced33,Leaf Spot
Z:\Projects\Smart-Farming\Datasets\final_combined_datasets\GLCDfGLUE\LLS\GLCDFGLUE_LLS_372.jpg,Groundnut,LLS,derived,d74a6b08e16d8c73,Leaf Spot
Z:\Projects\Smart-Farming\Datasets\final_combined_datasets\GLCDfGLUE\LLS\GLCDFGLUE_LLS_373.jpg,Groundnut,LLS,derived,d14a6d8de00ce53f,Leaf Spot
Z:\Projects\Smart-Farming\Datasets\final_combined_datasets\GLCDfGLUE\LLS\GLCDFGLUE_LLS_374.jpg,Groundnut,LLS,derived,87172dda04fa13e6,Leaf Spot
Z:\Projects\Smart-Farming\Datasets\final_combined_datasets\GLCDfGLUE\LLS\GLCDFGLUE_LLS_375.jpg,Groundnut,LLS,derived,820d3e5db5599876,Leaf Spot
Z:\Projects\Smart-Farming\Datasets\final_combined_datasets\GLCDfGLUE\LLS\GLCDFGLUE_LLS_376.jpg,Groundnut,LLS,derived,d5467b8e618ac5b1,Leaf Spot
Z:\Projects\Smart-Farming\Datasets\final_combined_datasets\GLCDfGLUE\LLS\GLCDFGLUE_LLS_377.jpg,Groundnut,LLS,derived,871f2cdf10cad8a6,Leaf Spot
Z:\Projects\Smart-Farming\Datasets\final_combined_datasets\GLCDfGLUE\LLS\GLCDFGLUE_LLS_378.jpg,Groundnut,LLS,derived,80093e5db43dd976,Leaf Spot
Z:\Projects\Smart-Farming\Datasets\final_combined_datasets\GLCDfGLUE\LLS\GLCDFGLUE_LLS_379.jpg,Groundnut,LLS,derived,d445788e728e1773,Leaf Spot
Z:\Projects\Smart-Farming\Datasets\final_combined_datasets\GLCDfGLUE\LLS\GLCDFGLUE_LLS_380.jpg,Groundnut,LLS,derived,d7486b08e06c9c7f,Leaf Spot
Z:\Projects\Smart-Farming\Datasets\final_combined_datasets\GLCDfGLUE\LLS\GLCDFGLUE_LLS_381.jpg,Groundnut,LLS,derived,841f38ccf65d306e,Leaf Spot
Z:\Projects\Smart-Farming\Datasets\final_combined_datasets\GLCDfGLUE\LLS\GLCDFGLUE_LLS_382.jpg,Groundnut,LLS,derived,c44b6c09e434dd77,Leaf Spot
Z:\Projects\Smart-Farming\Datasets\final_combined_datasets\GLCDfGLUE\LLS\GLCDFGLUE_LLS_383.jpg,Groundnut,LLS,derived,d24a7b8ae30de1b1,Leaf Spot
Z:\Projects\Smart-Farming\Datasets\final_combined_datasets\GLCDfGLUE\LLS\GLCDFGLUE_LLS_384.jpg,Groundnut,LLS,derived,d25a6a89ea0ced27,Leaf Spot
Z:\Projects\Smart-Farming\Datasets\final_combined_datasets\GLCDfGLUE\LLS\GLCDFGLUE_LLS_385.jpg,Groundnut,LLS,derived,c65a6e09e6269537,Leaf Spot
Z:\Projects\Smart-Farming\Datasets\final_combined_datasets\GLCDfGLUE\LLS\GLCDFGLUE_LLS_386.jpg,Groundnut,LLS,derived,d54f798bc1498c71,Leaf Spot
Z:\Projects\Smart-Farming\Datasets\final_combined_datasets\GLCDfGLUE\LLS\GLCDFGLUE_LLS_387.jpg,Groundnut,LLS,derived,86073dc4b5dd3866,Leaf Spot
Z:\Projects\Smart-Farming\Datasets\final_combined_datasets\GLCDfGLUE\LLS\GLCDFGLUE_LLS_388.jpg,Groundnut,LLS,derived,d24a7b0d0f778e03,Leaf Spot
Z:\Projects\Smart-Farming\Datasets\final_combined_datasets\GLCDfGLUE\LLS\GLCDFGLUE_LLS_389.jpg,Groundnut,LLS,derived,81972bdf06dfd024,Leaf Spot
Z:\Projects\Smart-Farming\Datasets\final_combined_datasets\GLCDfGLUE\LLS\GLCDFGLUE_LLS_390.jpg,Groundnut,LLS,derived,80053b5dba7ad876,Leaf Spot
Z:\Projects\Smart-Farming\Datasets\final_combined_datasets\GLCDfGLUE\LLS\GLCDFGLUE_LLS_391.jpg,Groundnut,LLS,derived,d443789a56a8de72,Leaf Spot
Z:\Projects\Smart-Farming\Datasets\final_combined_datasets\GLCDfGLUE\LLS\GLCDFGLUE_LLS_392.jpg,Groundnut,LLS,derived,d642798a618f85f3,Leaf Spot
Z:\Projects\Smart-Farming\Datasets\final_combined_datasets\GLCDfGLUE\LLS\GLCDFGLUE_LLS_393.jpg,Groundnut,LLS,derived,86073edcb65d9066,Leaf Spot
Z:\Projects\Smart-Farming\Datasets\final_combined_datasets\GLCDfGLUE\LLS\GLCDFGLUE_LLS_394.jpg,Groundnut,LLS,derived,871f385cb251d176,Leaf Spot
Z:\Projects\Smart-Farming\Datasets\final_combined_datasets\GLCDfGLUE\LLS\GLCDFGLUE_LLS_395.jpg,Groundnut,LLS,derived,821d3e5db531c93a,Leaf Spot
Z:\Projects\Smart-Farming\Datasets\final_combined_datasets\GLCDfGLUE\LLS\GLCDFGLUE_LLS_396.jpg,Groundnut,LLS,derived,81952bdf02fd9266,Leaf Spot
Z:\Projects\Smart-Farming\Datasets\final_combined_datasets\GLCDfGLUE\LLS\GLCDFGLUE_LLS_397.jpg,Groundnut,LLS,derived,930f3b5cb37a8862,Leaf Spot
Z:\Projects\Smart-Farming\Datasets\final_combined_datasets\GLCDfGLUE\LLS\GLCDFGLUE_LLS_398.jpg,Groundnut,LLS,derived,83053f5dbb589872,Leaf Spot
Z:\Projects\Smart-Farming\Datasets\final_combined_datasets\GLCDfGLUE\LLS\GLCDFGLUE_LLS_399.jpg,Groundnut,LLS,derived,d74a670d87758c23,Leaf Spot
Z:\Projects\Smart-Farming\Datasets\final_combined_datasets\GLCDfGLUE\LLS\GLCDFGLUE_LLS_400.jpg,Groundnut,LLS,derived,d54f7b0ac1688d71,Leaf Spot
Z:\Projects\Smart-Farming\Datasets\final_combined_datasets\GLCDfGLUE\LLS\GLCDFGLUE_LLS_401.jpg,Groundnut,LLS,derived,860f3cdcb65d3464,Leaf Spot
Z:\Projects\Smart-Farming\Datasets\final_combined_datasets\GLCDfGLUE\LLS\GLCDFGLUE_LLS_402.jpg,Groundnut,LLS,derived,82053e5db65d9966,Leaf Spot
Z:\Projects\Smart-Farming\Datasets\final_combined_datasets\GLCDfGLUE\LLS\GLCDFGLUE_LLS_403.jpg,Groundnut,LLS,derived,d447788a518ac7f3,Leaf Spot
Z:\Projects\Smart-Farming\Datasets\final_combined_datasets\GLCDfGLUE\LLS\GLCDFGLUE_LLS_404.jpg,Groundnut,LLS,derived,d65a6a08ee0ccd37,Leaf Spot
Z:\Projects\Smart-Farming\Datasets\final_combined_datasets\GLCDfGLUE\LLS\GLCDFGLUE_LLS_405.jpg,Groundnut,LLS,derived,820f2edfb658b0e4,Leaf Spot
Z:\Projects\Smart-Farming\Datasets\final_combined_datasets\GLCDfGLUE\LLS\GLCDFGLUE_LLS_001.jpg,Groundnut,LLS,derived,800b17172d7fbd70,Leaf Spot
Z:\Projects\Smart-Farming\Datasets\final_combined_datasets\GLCDfGLUE\LLS\GLCDFGLUE_LLS_002.jpg,Groundnut,LLS,derived,820b171f257abdf0,Leaf Spot
Z:\Projects\Smart-Farming\Datasets\final_combined_datasets\GLCDfGLUE\LLS\GLCDFGLUE_LLS_003.jpg,Groundnut,LLS,derived,88280a156f7e79fa,Leaf Spot
Z:\Projects\Smart-Farming\Datasets\final_combined_datasets\GLCDfGLUE\LLS\GLCDFGLUE_LLS_004.jpg,Groundnut,LLS,derived,8a445f1c4b293d7d,Leaf Spot
Z:\Projects\Smart-Farming\Datasets\final_combined_datasets\GLCDfGLUE\LLS\GLCDFGLUE_LLS_005.jpg,Groundnut,LLS,derived,d4d4524afa0f6d15,Leaf Spot
Z:\Projects\Smart-Farming\Datasets\final_combined_datasets\GLCDfGLUE\LLS\GLCDFGLUE_LLS_006.jpg,Groundnut,LLS,derived,818b03050f5f3fde,Leaf Spot
Z:\Projects\Smart-Farming\Datasets\final_combined_datasets\GLCDfGLUE\LLS\GLCDFGLUE_LLS_007.jpg,Groundnut,LLS,derived,da5a0a6aa92de5d4,Leaf Spot
Z:\Projects\Smart-Farming\Datasets\final_combined_datasets\GLCDfGLUE\LLS\GLCDFGLUE_LLS_008.jpg,Groundnut,LLS,derived,ded20e431b5b68a9,Leaf Spot
Z:\Projects\Smart-Farming\Datasets\final_combined_datasets\GLCDfGLUE\LLS\GLCDFGLUE_LLS_009.jpg,Groundnut,LLS,derived,8a8353074f0f1d7e,Leaf Spot
Z:\Projects\Smart-Farming\Datasets\final_combined_datasets\GLCDfGLUE\LLS\GLCDFGLUE_LLS_010.jpg,Groundnut,LLS,derived,870f1f5ffc783040,Leaf Spot
Z:\Projects\Smart-Farming\Datasets\final_combined_datasets\GLCDfGLUE\LLS\GLCDFGLUE_LLS_011.jpg,Groundnut,LLS,derived,d35e4258782fe8a5,Leaf Spot
Z:\Projects\Smart-Farming\Datasets\final_combined_datasets\GLCDfGLUE\LLS\GLCDFGLUE_LLS_012.jpg,Groundnut,LLS,derived,d4575803792b2df4,Leaf Spot
Z:\Projects\Smart-Farming\Datasets\final_combined_datasets\GLCDfGLUE\LLS\GLCDFGLUE_LLS_013.jpg,Groundnut,LLS,derived,870b171f3d7ab0a1,Leaf Spot
Z:\Projects\Smart-Farming\Datasets\final_combined_datasets\GLCDfGLUE\LLS\GLCDFGLUE_LLS_014.jpg,Groundnut,LLS,derived,d4575e407b2b28a7,Leaf Spot
Z:\Projects\Smart-Farming\Datasets\final_combined_datasets\GLCDfGLUE\LLS\GLCDFGLUE_LLS_015.jpg,Groundnut,LLS,derived,d5de56427a0b681b,Leaf Spot
Z:\Projects\Smart-Farming\Datasets\final_combined_datasets\GLCDfGLUE\LLS\GLCDFGLUE_LLS_016.jpg,Groundnut,LLS,derived,8a8e5e1c4e2d3d78,Leaf Spot
Z:\Projects\Smart-Farming\Datasets\final_combined_datasets\GLCDfGLUE\LLS\GLCDFGLUE_LLS_017.jpg,Groundnut,LLS,derived,d4555e023b2b2cf5,Leaf Spot
Z:\Projects\Smart-Farming\Datasets\final_combined_datasets\GLCDfGLUE\LLS\GLCDFGLUE_LLS_018.jpg,Groundnut,LLS,derived,9e037867a55c9f48,Leaf Spot
Z:\Projects\Smart-Farming\Datasets\final_combined_datasets\GLCDfGLUE\LLS\GLCDFGLUE_LLS_019.jpg,Groundnut,LLS,derived,97037867615fa52c,Leaf Spot
Z:\Projects\Smart-Farming\Datasets\final_combined_datasets\GLCDfGLUE\LLS\GLCDFGLUE_LLS_020.jpg,Groundnut,LLS,derived,97037863695f016f,Leaf Spot
Z:\Projects\Smart-Farming\Datasets\final_combined_datasets\GLCDfGLUE\LLS\GLCDFGLUE_LLS_021.jpg,Groundnut,LLS,derived,cb562d72343af01b,Leaf Spot
Z:\Projects\Smart-Farming\Datasets\final_combined_datasets\GLCDfGLUE\LLS\GLCDFGLUE_LLS_022.jpg,Groundnut,LLS,derived,c2532d13366bd2e9,Leaf Spot
Z:\Projects\Smart-Farming\Datasets\final_combined_datasets\GLCDfGLUE\LLS\GLCDFGLUE_LLS_023.jpg,Groundnut,LLS,derived,970f3847710a7d2d,Leaf Spot
Z:\Projects\Smart-Farming\Datasets\final_combined_datasets\GLCDfGLUE\LLS\GLCDFGLUE_LLS_024.jpg,Groundnut,LLS,derived,c6592d19366d92ea,Leaf Spot
Z:\Projects\Smart-Farming\Datasets\final_combined_datasets\GLCDfGLUE\LLS\GLCDFGLUE_LLS_025.jpg,Groundnut,LLS,derived,c2532d33f44bd269,Leaf Spot
Z:\Projects\Smart-Farming\Datasets\final_combined_datasets\GLCDfGLUE\LLS\GLCDFGLUE_LLS_026.jpg,Groundnut,LLS,derived,930e7866a33e86bc,Leaf Spot
Z:\Projects\Smart-Farming\Datasets\final_combined_datasets\GLCDfGLUE\LLS\GLCDFGLUE_LLS_027.jpg,Groundnut,LLS,derived,9306796e610ec7bc,Leaf Spot
Z:\Projects\Smart-Farming\Datasets\final_combined_datasets\GLCDfGLUE\LLS\GLCDFGLUE_LLS_028.jpg,Groundnut,LLS,derived,d2496d1b347e2754,Leaf Spot
Z:\Projects\Smart-Farming\Datasets\final_combined_datasets\GLCDfGLUE\LLS\GLCDFGLUE_LLS_029.jpg,Groundnut,LLS,derived,930d784c631cc73f,Leaf Spot
Z:\Projects\Smart-Farming\Datasets\final_combined_datasets\GLCDfGLUE\LLS\GLCDFGLUE_LLS_030.jpg,Groundnut,LLS,derived,871d384d6329f731,Leaf Spot
Z:\Projects\Smart-Farming\Datasets\final_combined_datasets\GLCDfGLUE\LLS\GLCDFGLUE_LLS_031.jpg,Groundnut,LLS,derived,93077866e11ec5bc,Leaf Spot
Z:\Projects\Smart-Farming\Datasets\final_combined_datasets\GLCDfGLUE\LLS\GLCDFGLUE_LLS_032.jpg,Groundnut,LLS,derived,97037867213ea53e,Leaf Spot
Z:\Projects\Smart-Farming\Datasets\final_combined_datasets\GLCDfGLUE\LLS\GLCDFGLUE_LLS_033.jpg,Groundnut,LLS,derived,af2d475303f142bc,Leaf Spot
Z:\Projects\Smart-Farming\Datasets\final_combined_datasets\GLCDfGLUE\LLS\GLCDFGLUE_LLS_034.jpg,Groundnut,LLS,derived,ac2c544b3f5f03d1,Leaf Spot
Z:\Projects\Smart-Farming\Datasets\final_combined_datasets\GLCDfGLUE\LLS\GLCDFGLUE_LLS_035.jpg,Groundnut,LLS,derived,fc39070b620bf4d5,Leaf Spot
Z:\Projects\Smart-Farming\Datasets\final_combined_datasets\GLCDfGLUE\LLS\GLCDFGLUE_LLS_037.jpg,Groundnut,LLS,derived,ae29645040fb56bf,Leaf Spot
Z:\Projects\Smart-Farming\Datasets\final_combined_datasets\GLCDfGLUE\LLS\GLCDFGLUE_LLS_038.jpg,Groundnut,LLS,derived,fc39051b430af3d5,Leaf Spot
Z:\Projects\Smart-Farming\Datasets\final_combined_datasets\GLCDfGLUE\LLS\GLCDFGLUE_LLS_039.jpg,Groundnut,LLS,derived,fc39051f432b92d5,Leaf Spot
Z:\Projects\Smart-Farming\Datasets\final_combined_datasets\GLCDfGLUE\LLS\GLCDFGLUE_LLS_040.jpg,Groundnut,LLS,derived,e96c504eb61ebc83,Leaf Spot
Z:\Projects\Smart-Farming\Datasets\final_combined_datasets\GLCDfGLUE\LLS\GLCDFGLUE_LLS_041.jpg,Groundnut,LLS,derived,bf24a01672b23f0f,Leaf Spot
Z:\Projects\Smart-Farming\Datasets\final_combined_datasets\GLCDfGLUE\LLS\GLCDFGLUE_LLS_042.jpg,Groundnut,LLS,derived,ae24a55650e17f0f,Leaf Spot
Z:\Projects\Smart-Farming\Datasets\final_combined_datasets\GLCDfGLUE\LLS\GLCDFGLUE_LLS_043.jpg,Groundnut,LLS,derived,fe38140757e207e9,Leaf Spot
Z:\Projects\Smart-Farming\Datasets\final_combined_datasets\GLCDfGLUE\LLS\GLCDFGLUE_LLS_044.jpg,Groundnut,LLS,derived,aa69605042fb5e9f,Leaf Spot
Z:\Projects\Smart-Farming\Datasets\final_combined_datasets\GLCDfGLUE\LLS\GLCDFGLUE_LLS_045.jpg,Groundnut,LLS,derived,fe38050f520ab7d5,Leaf Spot
Z:\Projects\Smart-Farming\Datasets\final_combined_datasets\GLCDfGLUE\LLS\GLCDFGLUE_LLS_046.jpg,Groundnut,LLS,derived,a9714041107efefe,Leaf Spot
Z:\Projects\Smart-Farming\Datasets\final_combined_datasets\GLCDfGLUE\LLS\GLCDFGLUE_LLS_047.jpg,Groundnut,LLS,derived,fa78f10161b72b54,Leaf Spot
Z:\Projects\Smart-Farming\Datasets\final_combined_datasets\GLCDfGLUE\LLS\GLCDFGLUE_LLS_048.jpg,Groundnut,LLS,derived,ab6f515e0717e8a0,Leaf Spot
Z:\Projects\Smart-Farming\Datasets\final_combined_datasets\GLCDfGLUE\LLS\GLCDFGLUE_LLS_050.jpg,Groundnut,LLS,derived,821f2aca3fc3278d,Leaf Spot
Z:\Projects\Smart-Farming\Datasets\final_combined_datasets\GLCDfGLUE\LLS\GLCDFGLUE_LLS_051.jpg,Groundnut,LLS,derived,dd6b6b952894711a,Leaf Spot
Z:\Projects\Smart-Farming\Datasets\final_combined_datasets\GLCDfGLUE\LLS\GLCDFGLUE_LLS_052.jpg,Groundnut,LLS,derived,c9036b856d9f315a,Leaf Spot
Z:\Projects\Smart-Farming\Datasets\final_combined_datasets\GLCDfGLUE\LLS\GLCDFGLUE_LLS_053.jpg,Groundnut,LLS,derived,81fd29c821cb7e2d,Leaf Spot
Z:\Projects\Smart-Farming\Datasets\final_combined_datasets\GLCDfGLUE\LLS\GLCDFGLUE_LLS_054.jpg,Groundnut,LLS,derived,d94149886d9db15f,Leaf Spot
Z:\Projects\Smart-Farming\Datasets\final_combined_datasets\GLCDfGLUE\LLS\GLCDFGLUE_LLS_055.jpg,Groundnut,LLS,derived,dd6b6b95a8b8211a,Leaf Spot
Z:\Projects\Smart-Farming\Datasets\final_combined_datasets\GLCDfGLUE\LLS\GLCDFGLUE_LLS_056.jpg,Groundnut,LLS,derived,95151df938c8f44b,Leaf Spot
Z:\Projects\Smart-Farming\Datasets\final_combined_datasets\GLCDfGLUE\LLS\GLCDFGLUE_LLS_057.jpg,Groundnut,LLS,derived,d48a7f9f74962290,Leaf Spot
Z:\Projects\Smart-Farming\Datasets\final_combined_datasets\GLCDfGLUE\LLS\GLCDFGLUE_LLS_058.jpg,Groundnut,LLS,derived,d7526b916a977218,Leaf Spot
Z:\Projects\Smart-Farming\Datasets\final_combined_datasets\GLCDfGLUE\LLS\GLCDFGLUE_LLS_059.jpg,Groundnut,LLS,derived,c905498ded5f915a,Leaf Spot
Z:\Projects\Smart-Farming\Datasets\final_combined_datasets\GLCDfGLUE\LLS\GLCDFGLUE_LLS_080.jpg,Groundnut,LLS,derived,93077867610ee13f,Leaf Spot
Z:\Projects\Smart-Farming\Datasets\final_combined_datasets\GLCDfGLUE\LLS\GLCDFGLUE_LLS_081.jpg,Groundnut,LLS,derived,af2d4553075142fd,Leaf Spot
Z:\Projects\Smart-Farming\Datasets\final_combined_datasets\GLCDfGLUE\LLS\GLCDFGLUE_LLS_083.jpg,Groundnut,LLS,derived,821f2e5f9458d966,Leaf Spot
Z:\Projects\Smart-Farming\Datasets\final_combined_datasets\GLCDfGLUE\LLS\GLCDFGLUE_LLS_085.jpg,Groundnut,LLS,derived,da5a0a6b2b2fe524,Leaf Spot
Z:\Projects\Smart-Farming\Datasets\final_combined_datasets\GLCDfGLUE\LLS\GLCDFGLUE_LLS_089.jpg,Groundnut,LLS,derived,df590a696a3ce125,Leaf Spot
Z:\Projects\Smart-Farming\Datasets\final_combined_datasets\GLCDfGLUE\LLS\GLCDFGLUE_LLS_091.jpg,Groundnut,LLS,derived,d7de42437a0b6827,Leaf Spot
Z:\Projects\Smart-Farming\Datasets\final_combined_datasets\GLCDfGLUE\LLS\GLCDFGLUE_LLS_092.jpg,Groundnut,LLS,derived,838f1f1f7e7a3040,Leaf Spot
Z:\Projects\Smart-Farming\Datasets\final_combined_datasets\GLCDfGLUE\LLS\GLCDFGLUE_LLS_094.jpg,Groundnut,LLS,derived,d4dd5f407b2a282b,Leaf Spot
Z:\Projects\Smart-Farming\Datasets\final_combined_datasets\GLCDfGLUE\LLS\GLCDFGLUE_LLS_096.jpg,Groundnut,LLS,derived,cac55a0c4b2a3d3f,Leaf Spot
Z:\Projects\Smart-Farming\Datasets\final_combined_datasets\GLCDfGLUE\LLS\GLCDFGLUE_LLS_097.jpg,Groundnut,LLS,derived,8a0d5f3c3e69b470,Leaf Spot
Z:\Projects\Smart-Farming\Datasets\final_combined_datasets\GLCDfGLUE\LLS\GLCDFGLUE_LLS_099.jpg,Groundnut,LLS,derived,db5a0b682b2ce5b4,Leaf Spot
Z:\Projects\Smart-Farming\Datasets\final_combined_datasets\GLCDfGLUE\LLS\GLCDFGLUE_LLS_102.jpg,Groundnut,LLS,derived,d4de54427b0b2d27,Leaf Spot
Z:\Projects\Smart-Farming\Datasets\final_combined_datasets\GLCDfGLUE\LLS\GLCDFGLUE_LLS_103.jpg,Groundnut,LLS,derived,810a07162f7e7df2,Leaf Spot
Z:\Projects\Smart-Farming\Datasets\final_combined_datasets\GLCDfGLUE\LLS\GLCDFGLUE_LLS_104.jpg,Groundnut,LLS,derived,81002f57fe7a59a3,Leaf Spot
Z:\Projects\Smart-Farming\Datasets\final_combined_datasets\GLCDfGLUE\LLS\GLCDFGLUE_LLS_105.jpg,Groundnut,LLS,derived,c2831705454f3f7e,Leaf Spot
Z:\Projects\Smart-Farming\Datasets\final_combined_datasets\GLCDfGLUE\LLS\GLCDFGLUE_LLS_106.jpg,Groundnut,LLS,derived,838b1f1f2f7a3850,Leaf Spot
Z:\Projects\Smart-Farming\Datasets\final_combined_datasets\GLCDfGLUE\LLS\GLCDFGLUE_LLS_107.jpg,Groundnut,LLS,derived,de5a4a4a2a2fe925,Leaf Spot
Z:\Projects\Smart-Farming\Datasets\final_combined_datasets\GLCDfGLUE\LLS\GLCDFGLUE_LLS_109.jpg,Groundnut,LLS,derived,df110a795e7d6828,Leaf Spot
Z:\Projects\Smart-Farming\Datasets\final_combined_datasets\GLCDfGLUE\LLS\GLCDFGLUE_LLS_110.jpg,Groundnut,LLS,derived,81002f7efc7879a3,Leaf Spot
Z:\Projects\Smart-Farming\Datasets\final_combined_datasets\GLCDfGLUE\LLS\GLCDFGLUE_LLS_113.jpg,Groundnut,LLS,derived,81022f172e7efda1,Leaf Spot
Z:\Projects\Smart-Farming\Datasets\final_combined_datasets\GLCDfGLUE\LLS\GLCDFGLUE_LLS_114.jpg,Groundnut,LLS,derived,d4df57547b026a03,Leaf Spot
Z:\Projects\Smart-Farming\Datasets\final_combined_datasets\GLCDfGLUE\LLS\GLCDFGLUE_LLS_115.jpg,Groundnut,LLS,derived,c207170d4f2a3d7e,Leaf Spot
Z:\Projects\Smart-Farming\Datasets\final_combined_datasets\GLCDfGLUE\LLS\GLCDFGLUE_LLS_116.jpg,Groundnut,LLS,derived,81812f5eac78792f,Leaf Spot
Z:\Projects\Smart-Farming\Datasets\final_combined_datasets\GLCDfGLUE\LLS\GLCDFGLUE_LLS_119.jpg,Groundnut,LLS,derived,d455780bb9250df6,Leaf Spot
Z:\Projects\Smart-Farming\Datasets\final_combined_datasets\GLCDfGLUE\LLS\GLCDFGLUE_LLS_120.jpg,Groundnut,LLS,derived,d5565258780f692f,Leaf Spot
Z:\Projects\Smart-Farming\Datasets\final_combined_datasets\GLCDfGLUE\LLS\GLCDFGLUE_LLS_121.jpg,Groundnut,LLS,derived,81890f5faf7e7840,Leaf Spot
Z:\Projects\Smart-Farming\Datasets\final_combined_datasets\GLCDfGLUE\LLS\GLCDFGLUE_LLS_122.jpg,Groundnut,LLS,derived,8a5c593c2b2db47c,Leaf Spot
Z:\Projects\Smart-Farming\Datasets\final_combined_datasets\GLCDfGLUE\LLS\GLCDFGLUE_LLS_123.jpg,Groundnut,LLS,derived,975a42585a3f682f,Leaf Spot
Z:\Projects\Smart-Farming\Datasets\final_combined_datasets\GLCDfGLUE\LLS\GLCDFGLUE_LLS_124.jpg,Groundnut,LLS,derived,8b8f5a1c4e2c3cf8,Leaf Spot
Z:\Projects\Smart-Farming\Datasets\final_combined_datasets\GLCDfGLUE\LLS\GLCDFGLUE_LLS_125.jpg,Groundnut,LLS,derived,deda0a4b1b2969a9,Leaf Spot
Z:\Projects\Smart-Farming\Datasets\final_combined_datasets\GLCDfGLUE\LLS\GLCDFGLUE_LLS_126.jpg,Groundnut,LLS,derived,880c5b2e396bb47d,Leaf Spot
Z:\Projects\Smart-Farming\Datasets\final_combined_datasets\GLCDfGLUE\LLS\GLCDFGLUE_LLS_127.jpg,Groundnut,LLS,derived,810b07172d5f3d7a,Leaf Spot
Z:\Projects\Smart-Farming\Datasets\final_combined_datasets\GLCDfGLUE\LLS\GLCDFGLUE_LLS_128.jpg,Groundnut,LLS,derived,8bc65b164f0f193c,Leaf Spot
Z:\Projects\Smart-Farming\Datasets\final_combined_datasets\GLCDfGLUE\LLS\GLCDFGLUE_LLS_129.jpg,Groundnut,LLS,derived,d45c580bf92d2d74,Leaf Spot
Z:\Projects\Smart-Farming\Datasets\final_combined_datasets\GLCDfGLUE\LLS\GLCDFGLUE_LLS_130.jpg,Groundnut,LLS,derived,810a0b152f5f3dfa,Leaf Spot
Z:\Projects\Smart-Farming\Datasets\final_combined_datasets\GLCDfGLUE\LLS\GLCDFGLUE_LLS_131.jpg,Groundnut,LLS,derived,d7de465a1a0b682b,Leaf Spot
Z:\Projects\Smart-Farming\Datasets\final_combined_datasets\GLCDfGLUE\LLS\GLCDFGLUE_LLS_132.jpg,Groundnut,LLS,derived,c20b170d0d5e3f7a,Leaf Spot
Z:\Projects\Smart-Farming\Datasets\final_combined_datasets\GLCDfGLUE\LLS\GLCDFGLUE_LLS_134.jpg,Groundnut,LLS,derived,d7580a787a3f682a,Leaf Spot
Z:\Projects\Smart-Farming\Datasets\final_combined_datasets\GLCDfGLUE\LLS\GLCDFGLUE_LLS_135.jpg,Groundnut,LLS,derived,81a80a01af5f5bfe,Leaf Spot
Z:\Projects\Smart-Farming\Datasets\final_combined_datasets\GLCDfGLUE\LLS\GLCDFGLUE_LLS_136.jpg,Groundnut,LLS,derived,8b0f5e1e7e78b060,Leaf Spot
Z:\Projects\Smart-Farming\Datasets\final_combined_datasets\GLCDfGLUE\LLS\GLCDFGLUE_LLS_137.jpg,Groundnut,LLS,derived,d4575140792ae9e7,Leaf Spot
Z:\Projects\Smart-Farming\Datasets\final_combined_datasets\GLCDfGLUE\LLS\GLCDFGLUE_LLS_138.jpg,Groundnut,LLS,derived,9f801f491e5f4c6a,Leaf Spot
Z:\Projects\Smart-Farming\Datasets\final_combined_datasets\GLCDfGLUE\LLS\GLCDFGLUE_LLS_139.jpg,Groundnut,LLS,derived,80800f57be7e58ee,Leaf Spot
Z:\Projects\Smart-Farming\Datasets\final_combined_datasets\GLCDfGLUE\LLS\GLCDFGLUE_LLS_140.jpg,Groundnut,LLS,derived,838d1f1f6f5a3c40,Leaf Spot
Z:\Projects\Smart-Farming\Datasets\final_combined_datasets\GLCDfGLUE\LLS\GLCDFGLUE_LLS_141.jpg,Groundnut,LLS,derived,8a0c5e3c3e79b0f2,Leaf Spot
Z:\Projects\Smart-Farming\Datasets\final_combined_datasets\GLCDfGLUE\LLS\GLCDFGLUE_LLS_142.jpg,Groundnut,LLS,derived,d45e4043792de5f4,Leaf Spot
Z:\Projects\Smart-Farming\Datasets\final_combined_datasets\GLCDfGLUE\LLS\GLCDFGLUE_LLS_143.jpg,Groundnut,LLS,derived,df930e491a585c6d,Leaf Spot
Z:\Projects\Smart-Farming\Datasets\final_combined_datasets\GLCDfGLUE\LLS\GLCDFGLUE_LLS_144.jpg,Groundnut,LLS,derived,df910c491e5e5c69,Leaf Spot
Z:\Projects\Smart-Farming\Datasets\final_combined_datasets\GLCDfGLUE\LLS\GLCDFGLUE_LLS_145.jpg,Groundnut,LLS,derived,820f173d277ab570,Leaf Spot
Z:\Projects\Smart-Farming\Datasets\final_combined_datasets\GLCDfGLUE\LLS\GLCDFGLUE_LLS_147.jpg,Groundnut,LLS,derived,d34c2d5e33649b46,Leaf Spot
Z:\Projects\Smart-Farming\Datasets\final_combined_datasets\GLCDfGLUE\LLS\GLCDFGLUE_LLS_148.jpg,Groundnut,LLS,derived,c3562d32f54ad03d,Leaf Spot
Z:\Projects\Smart-Farming\Datasets\final_combined_datasets\GLCDfGLUE\LLS\GLCDFGLUE_LLS_149.jpg,Groundnut,LLS,derived,c2562d32f44bf079,Leaf Spot
Z:\Projects\Smart-Farming\Datasets\final_combined_datasets\GLCDfGLUE\LLS\GLCDFGLUE_LLS_151.jpg,Groundnut,LLS,derived,c6532c13f66993e1,Leaf Spot
Z:\Projects\Smart-Farming\Datasets\final_combined_datasets\GLCDfGLUE\LLS\GLCDFGLUE_LLS_155.jpg,Groundnut,LLS,derived,c2552976b51af43a,Leaf Spot
Z:\Projects\Smart-Farming\Datasets\final_combined_datasets\GLCDfGLUE\LLS\GLCDFGLUE_LLS_158.jpg,Groundnut,LLS,derived,970b78477902f12f,Leaf Spot
Z:\Projects\Smart-Farming\Datasets\final_combined_datasets\GLCDfGLUE\LLS\GLCDFGLUE_LLS_159.jpg,Groundnut,LLS,derived,970e7846633e83bc,Leaf Spot
Z:\Projects\Smart-Farming\Datasets\final_combined_datasets\GLCDfGLUE\LLS\GLCDFGLUE_LLS_161.jpg,Groundnut,LLS,derived,97037c23e04fa54f,Leaf Spot
Z:\Projects\Smart-Farming\Datasets\final_combined_datasets\GLCDfGLUE\LLS\GLCDFGLUE_LLS_162.jpg,Groundnut,LLS,derived,87187c4a653be533,Leaf Spot
Z:\Projects\Smart-Farming\Datasets\final_combined_datasets\GLCDfGLUE\LLS\GLCDFGLUE_LLS_163.jpg,Groundnut,LLS,derived,d74b49136d1b4c0f,Leaf Spot
Z:\Projects\Smart-Farming\Datasets\final_combined_datasets\GLCDfGLUE\LLS\GLCDFGLUE_LLS_165.jpg,Groundnut,LLS,derived,c3562976b552f03a,Leaf Spot
Z:\Projects\Smart-Farming\Datasets\final_combined_datasets\GLCDfGLUE\LLS\GLCDFGLUE_LLS_166.jpg,Groundnut,LLS,derived,d6546d132d19765a,Leaf Spot
Z:\Projects\Smart-Farming\Datasets\final_combined_datasets\GLCDfGLUE\LLS\GLCDFGLUE_LLS_167.jpg,Groundnut,LLS,derived,cb162936f55ad0a9,Leaf Spot
Z:\Projects\Smart-Farming\Datasets\final_combined_datasets\GLCDfGLUE\LLS\GLCDFGLUE_LLS_168.jpg,Groundnut,LLS,derived,d6494d136d194e5d,Leaf Spot
Z:\Projects\Smart-Farming\Datasets\final_combined_datasets\GLCDfGLUE\LLS\GLCDFGLUE_LLS_172.jpg,Groundnut,LLS,derived,d7596919375c2274,Leaf Spot
Z:\Projects\Smart-Farming\Datasets\final_combined_datasets\GLCDfGLUE\LLS\GLCDFGLUE_LLS_173.jpg,Groundnut,LLS,derived,d64449156d05fe6d,Leaf Spot
Z:\Projects\Smart-Farming\Datasets\final_combined_datasets\GLCDfGLUE\LLS\GLCDFGLUE_LLS_175.jpg,Groundnut,LLS,derived,93437e637806e90f,Leaf Spot
Z:\Projects\Smart-Farming\Datasets\final_combined_datasets\GLCDfGLUE\LLS\GLCDFGLUE_LLS_176.jpg,Groundnut,LLS,derived,831d784d6309e73d,Leaf Spot
Z:\Projects\Smart-Farming\Datasets\final_combined_datasets\GLCDfGLUE\LLS\GLCDFGLUE_LLS_177.jpg,Groundnut,LLS,derived,c2596d1b247f2a74,Leaf Spot
Z:\Projects\Smart-Farming\Datasets\final_combined_datasets\GLCDfGLUE\LLS\GLCDFGLUE_LLS_178.jpg,Groundnut,LLS,derived,d6482d19367cb36c,Leaf Spot
Z:\Projects\Smart-Farming\Datasets\final_combined_datasets\GLCDfGLUE\LLS\GLCDFGLUE_LLS_179.jpg,Groundnut,LLS,derived,c25b2d13347b326b,Leaf Spot
Z:\Projects\Smart-Farming\Datasets\final_combined_datasets\GLCDfGLUE\LLS\GLCDFGLUE_LLS_180.jpg,Groundnut,LLS,derived,cb562d72f40aca1d,Leaf Spot
Z:\Projects\Smart-Farming\Datasets\final_combined_datasets\GLCDfGLUE\LLS\GLCDFGLUE_LLS_181.jpg,Groundnut,LLS,derived,96077867a15e97a8,Leaf Spot
Z:\Projects\Smart-Farming\Datasets\final_combined_datasets\GLCDfGLUE\LLS\GLCDFGLUE_LLS_182.jpg,Groundnut,LLS,derived,970b7846632e237e,Leaf Spot
Z:\Projects\Smart-Farming\Datasets\final_combined_datasets\GLCDfGLUE\LLS\GLCDFGLUE_LLS_183.jpg,Groundnut,LLS,derived,c1562d32f40bcadd,Leaf Spot
Z:\Projects\Smart-Farming\Datasets\final_combined_datasets\GLCDfGLUE\LLS\GLCDFGLUE_LLS_184.jpg,Groundnut,LLS,derived,97027c216827ed77,Leaf Spot
Z:\Projects\Smart-Farming\Datasets\final_combined_datasets\GLCDfGLUE\LLS\GLCDFGLUE_LLS_185.jpg,Groundnut,LLS,derived,d2592d19327db26c,Leaf Spot
Z:\Projects\Smart-Farming\Datasets\final_combined_datasets\GLCDfGLUE\LLS\GLCDFGLUE_LLS_188.jpg,Groundnut,LLS,derived,d61669362d13bc5a,Leaf Spot
Z:\Projects\Smart-Farming\Datasets\final_combined_datasets\GLCDfGLUE\LLS\GLCDFGLUE_LLS_189.jpg,Groundnut,LLS,derived,9708786c6738c6bd,Leaf Spot
Z:\Projects\Smart-Farming\Datasets\final_combined_datasets\GLCDfGLUE\LLS\GLCDFGLUE_LLS_190.jpg,Groundnut,LLS,derived,d34d295f306e9067,Leaf Spot
Z:\Projects\Smart-Farming\Datasets\final_combined_datasets\GLCDfGLUE\LLS\GLCDFGLUE_LLS_191.jpg,Groundnut,LLS,derived,b2057a4ce21cc7bd,Leaf Spot
Z:\Projects\Smart-Farming\Datasets\final_combined_datasets\GLCDfGLUE\LLS\GLCDFGLUE_LLS_192.jpg,Groundnut,LLS,derived,871d384c216d7f69,Leaf Spot
Z:\Projects\Smart-Farming\Datasets\final_combined_datasets\GLCDfGLUE\LLS\GLCDFGLUE_LLS_194.jpg,Groundnut,LLS,derived,d6496d1975190e7c,Leaf Spot
Z:\Projects\Smart-Farming\Datasets\final_combined_datasets\GLCDfGLUE\LLS\GLCDFGLUE_LLS_195.jpg,Groundnut,LLS,derived,930e784c632cc7bd,Leaf Spot
Z:\Projects\Smart-Farming\Datasets\final_combined_datasets\GLCDfGLUE\LLS\GLCDFGLUE_LLS_196.jpg,Groundnut,LLS,derived,d2170b362d57bc32,Leaf Spot
Z:\Projects\Smart-Farming\Datasets\final_combined_datasets\GLCDfGLUE\LLS\GLCDFGLUE_LLS_198.jpg,Groundnut,LLS,derived,971978296739ce51,Leaf Spot
Z:\Projects\Smart-Farming\Datasets\final_combined_datasets\GLCDfGLUE\LLS\GLCDFGLUE_LLS_199.jpg,Groundnut,LLS,derived,87607e616a07a96f,Leaf Spot
Z:\Projects\Smart-Farming\Datasets\final_combined_datasets\GLCDfGLUE\LLS\GLCDFGLUE_LLS_200.jpg,Groundnut,LLS,derived,c25e2d12747b742b,Leaf Spot
Z:\Projects\Smart-Farming\Datasets\final_combined_datasets\GLCDfGLUE\LLS\GLCDFGLUE_LLS_201.jpg,Groundnut,LLS,derived,971c384e71ab7d09,Leaf Spot
Z:\Projects\Smart-Farming\Datasets\final_combined_datasets\GLCDfGLUE\LLS\GLCDFGLUE_LLS_202.jpg,Groundnut,LLS,derived,c25b2d1b347d227a,Leaf Spot
Z:\Projects\Smart-Farming\Datasets\final_combined_datasets\GLCDfGLUE\LLS\GLCDFGLUE_LLS_204.jpg,Groundnut,LLS,derived,d2352b343556f51a,Leaf Spot
Z:\Projects\Smart-Farming\Datasets\final_combined_datasets\GLCDfGLUE\LLS\GLCDFGLUE_LLS_205.jpg,Groundnut,LLS,derived,c24e6d136c5fa85c,Leaf Spot
Z:\Projects\Smart-Farming\Datasets\final_combined_datasets\GLCDfGLUE\LLS\GLCDFGLUE_LLS_206.jpg,Groundnut,LLS,derived,809f1e4f7a4f1a58,Leaf Spot
Z:\Projects\Smart-Farming\Datasets\final_combined_datasets\GLCDfGLUE\LLS\GLCDFGLUE_LLS_207.jpg,Groundnut,LLS,derived,d2352b34bf56dc08,Leaf Spot
Z:\Projects\Smart-Farming\Datasets\final_combined_datasets\GLCDfGLUE\LLS\GLCDFGLUE_LLS_208.jpg,Groundnut,LLS,derived,861d784b6739ee11,Leaf Spot
Z:\Projects\Smart-Farming\Datasets\final_combined_datasets\GLCDfGLUE\LLS\GLCDFGLUE_LLS_210.jpg,Groundnut,LLS,derived,831d3d457858bb78,Leaf Spot
Z:\Projects\Smart-Farming\Datasets\final_combined_datasets\GLCDfGLUE\LLS\GLCDFGLUE_LLS_211.jpg,Groundnut,LLS,derived,96037867a15f85f8,Leaf Spot
Z:\Projects\Smart-Farming\Datasets\final_combined_datasets\GLCDfGLUE\LLS\GLCDFGLUE_LLS_212.jpg,Groundnut,LLS,derived,96437c63e00781ff,Leaf Spot
Z:\Projects\Smart-Farming\Datasets\final_combined_datasets\GLCDfGLUE\LLS\GLCDFGLUE_LLS_214.jpg,Groundnut,LLS,derived,fb7c15051fac0749,Leaf Spot
Z:\Projects\Smart-Farming\Datasets\final_combined_datasets\GLCDfGLUE\LLS\GLCDFGLUE_LLS_215.jpg,Groundnut,LLS,derived,be26a03652ab2f0f,Leaf Spot
Z:\Projects\Smart-Farming\Datasets\final_combined_datasets\GLCDfGLUE\LLS\GLCDFGLUE_LLS_216.jpg,Groundnut,LLS,derived,be24a01250bf7f0f,Leaf Spot
Z:\Projects\Smart-Farming\Datasets\final_combined_datasets\GLCDfGLUE\LLS\GLCDFGLUE_LLS_218.jpg,Groundnut,LLS,derived,e86c544eb60faed0,Leaf Spot
Z:\Projects\Smart-Farming\Datasets\final_combined_datasets\GLCDfGLUE\LLS\GLCDFGLUE_LLS_219.jpg,Groundnut,LLS,derived,a96c565a3f5ea380,Leaf Spot
Z:\Projects\Smart-Farming\Datasets\final_combined_datasets\GLCDfGLUE\LLS\GLCDFGLUE_LLS_220.jpg,Groundnut,LLS,derived,ab6f4152035752bd,Leaf Spot
Z:\Projects\Smart-Farming\Datasets\final_combined_datasets\GLCDfGLUE\LLS\GLCDFGLUE_LLS_221.jpg,Groundnut,LLS,derived,f97175161ff40a0a,Leaf Spot
Z:\Projects\Smart-Farming\Datasets\final_combined_datasets\GLCDfGLUE\LLS\GLCDFGLUE_LLS_225.jpg,Groundnut,LLS,derived,f971f00675f42c4a,Leaf Spot
Z:\Projects\Smart-Farming\Datasets\final_combined_datasets\GLCDfGLUE\LLS\GLCDFGLUE_LLS_226.jpg,Groundnut,LLS,derived,fe39120f7a0617c5,Leaf Spot
Z:\Projects\Smart-Farming\Datasets\final_combined_datasets\GLCDfGLUE\LLS\GLCDFGLUE_LLS_227.jpg,Groundnut,LLS,derived,f97012065ef41fa9,Leaf Spot
Z:\Projects\Smart-Farming\Datasets\final_combined_datasets\GLCDfGLUE\LLS\GLCDFGLUE_LLS_229.jpg,Groundnut,LLS,derived,ae2420527aa17f3f,Leaf Spot
Z:\Projects\Smart-Farming\Datasets\final_combined_datasets\GLCDfGLUE\LLS\GLCDFGLUE_LLS_231.jpg,Groundnut,LLS,derived,aa6b75500543e6d7,Leaf Spot
Z:\Projects\Smart-Farming\Datasets\final_combined_datasets\GLCDfGLUE\LLS\GLCDFGLUE_LLS_232.jpg,Groundnut,LLS,derived,fa79f10120e70b5e,Leaf Spot
Z:\Projects\Smart-Farming\Datasets\final_combined_datasets\GLCDfGLUE\LLS\GLCDFGLUE_LLS_233.jpg,Groundnut,LLS,derived,bd39051b621aead5,Leaf Spot
Z:\Projects\Smart-Farming\Datasets\final_combined_datasets\GLCDfGLUE\LLS\GLCDFGLUE_LLS_234.jpg,Groundnut,LLS,derived,ea73f54320e70a5a,Leaf Spot
Z:\Projects\Smart-Farming\Datasets\final_combined_datasets\GLCDfGLUE\LLS\GLCDFGLUE_LLS_235.jpg,Groundnut,LLS,derived,f971f00276d434ea,Leaf Spot
Z:\Projects\Smart-Farming\Datasets\final_combined_datasets\GLCDfGLUE\LLS\GLCDFGLUE_LLS_236.jpg,Groundnut,LLS,derived,ae2ca0527ae27e1b,Leaf Spot
Z:\Projects\Smart-Farming\Datasets\final_combined_datasets\GLCDfGLUE\LLS\GLCDFGLUE_LLS_238.jpg,Groundnut,LLS,derived,a96c544b3f5f43c0,Leaf Spot
Z:\Projects\Smart-Farming\Datasets\final_combined_datasets\GLCDfGLUE\LLS\GLCDFGLUE_LLS_239.jpg,Groundnut,LLS,derived,a424a75250b77d1f,Leaf Spot
Z:\Projects\Smart-Farming\Datasets\final_combined_datasets\GLCDfGLUE\LLS\GLCDFGLUE_LLS_240.jpg,Groundnut,LLS,derived,ac2c254b2f8162ff,Leaf Spot
Z:\Projects\Smart-Farming\Datasets\final_combined_datasets\GLCDfGLUE\LLS\GLCDFGLUE_LLS_241.jpg,Groundnut,LLS,derived,ab6f55520307f2b4,Leaf Spot
Z:\Projects\Smart-Farming\Datasets\final_combined_datasets\GLCDfGLUE\LLS\GLCDFGLUE_LLS_242.jpg,Groundnut,LLS,derived,eb71f50705a62a5a,Leaf Spot
Z:\Projects\Smart-Farming\Datasets\final_combined_datasets\GLCDfGLUE\LLS\GLCDFGLUE_LLS_243.jpg,Groundnut,LLS,derived,fa6f555c0507a784,Leaf Spot
Z:\Projects\Smart-Farming\Datasets\final_combined_datasets\GLCDfGLUE\LLS\GLCDFGLUE_LLS_244.jpg,Groundnut,LLS,derived,ff3c150517ae07c8,Leaf Spot
Z:\Projects\Smart-Farming\Datasets\final_combined_datasets\GLCDfGLUE\LLS\GLCDFGLUE_LLS_245.jpg,Groundnut,LLS,derived,bd39011be34aea95,Leaf Spot
Z:\Projects\Smart-Farming\Datasets\final_combined_datasets\GLCDfGLUE\LLS\GLCDFGLUE_LLS_246.jpg,Groundnut,LLS,derived,bc28059b433babd9,Leaf Spot
Z:\Projects\Smart-Farming\Datasets\final_combined_datasets\GLCDfGLUE\LLS\GLCDFGLUE_LLS_247.jpg,Groundnut,LLS,derived,fb79350505a60f4e,Leaf Spot
Z:\Projects\Smart-Farming\Datasets\final_combined_datasets\GLCDfGLUE\LLS\GLCDFGLUE_LLS_249.jpg,Groundnut,LLS,derived,fa7af14320e70956,Leaf Spot
Z:\Projects\Smart-Farming\Datasets\final_combined_datasets\GLCDfGLUE\LLS\GLCDFGLUE_LLS_251.jpg,Groundnut,LLS,derived,fe78311f72061785,Leaf Spot
Z:\Projects\Smart-Farming\Datasets\final_combined_datasets\GLCDfGLUE\LLS\GLCDFGLUE_LLS_252.jpg,Groundnut,LLS,derived,aa6b65500303f3bf,Leaf Spot
Z:\Projects\Smart-Farming\Datasets\final_combined_datasets\GLCDfGLUE\LLS\GLCDFGLUE_LLS_253.jpg,Groundnut,LLS,derived,ac2527534ba14afd,Leaf Spot
Z:\Projects\Smart-Farming\Datasets\final_combined_datasets\GLCDfGLUE\LLS\GLCDFGLUE_LLS_255.jpg,Groundnut,LLS,derived,af1b00037252ffe5,Leaf Spot
Z:\Projects\Smart-Farming\Datasets\final_combined_datasets\GLCDfGLUE\LLS\GLCDFGLUE_LLS_256.jpg,Groundnut,LLS,derived,af6d45530757429c,Leaf Spot
Z:\Projects\Smart-Farming\Datasets\final_combined_datasets\GLCDfGLUE\LLS\GLCDFGLUE_LLS_257.jpg,Groundnut,LLS,derived,fa7b31070abe1a4a,Leaf Spot
Z:\Projects\Smart-Farming\Datasets\final_combined_datasets\GLCDfGLUE\LLS\GLCDFGLUE_LLS_258.jpg,Groundnut,LLS,derived,fb7812061ef515a9,Leaf Spot
Z:\Projects\Smart-Farming\Datasets\final_combined_datasets\GLCDfGLUE\LLS\GLCDFGLUE_LLS_259.jpg,Groundnut,LLS,derived,fa6e55462707aab0,Leaf Spot
Z:\Projects\Smart-Farming\Datasets\final_combined_datasets\GLCDfGLUE\LLS\GLCDFGLUE_LLS_261.jpg,Groundnut,LLS,derived,ac2060525af95f5f,Leaf Spot
Z:\Projects\Smart-Farming\Datasets\final_combined_datasets\GLCDfGLUE\LLS\GLCDFGLUE_LLS_262.jpg,Groundnut,LLS,derived,fc3d051d032ba3d3,Leaf Spot
Z:\Projects\Smart-Farming\Datasets\final_combined_datasets\GLCDfGLUE\LLS\GLCDFGLUE_LLS_263.jpg,Groundnut,LLS,derived,bf3e000f5216b39b,Leaf Spot
Z:\Projects\Smart-Farming\Datasets\final_combined_datasets\GLCDfGLUE\LLS\GLCDFGLUE_LLS_264.jpg,Groundnut,LLS,derived,ae24a05672a37f0f,Leaf Spot
Z:\Projects\Smart-Farming\Datasets\final_combined_datasets\GLCDfGLUE\LLS\GLCDFGLUE_LLS_265.jpg,Groundnut,LLS,derived,fa78350556a617cc,Leaf Spot
Z:\Projects\Smart-Farming\Datasets\final_combined_datasets\GLCDfGLUE\LLS\GLCDFGLUE_LLS_266.jpg,Groundnut,LLS,derived,fc351415032babdb,Leaf Spot
Z:\Projects\Smart-Farming\Datasets\final_combined_datasets\GLCDfGLUE\LLS\GLCDFGLUE_LLS_267.jpg,Groundnut,LLS,derived,fb7415161fb40b0b,Leaf Spot
Z:\Projects\Smart-Farming\Datasets\final_combined_datasets\GLCDfGLUE\LLS\GLCDFGLUE_LLS_268.jpg,Groundnut,LLS,derived,aa6d505a155f17c6,Leaf Spot
Z:\Projects\Smart-Farming\Datasets\final_combined_datasets\GLCDfGLUE\LLS\GLCDFGLUE_LLS_269.jpg,Groundnut,LLS,derived,f979131e6a161785,Leaf Spot
Z:\Projects\Smart-Farming\Datasets\final_combined_datasets\GLCDfGLUE\LLS\GLCDFGLUE_LLS_271.jpg,Groundnut,LLS,derived,bd3b010be24af8d5,Leaf Spot
Z:\Projects\Smart-Farming\Datasets\final_combined_datasets\GLCDfGLUE\LLS\GLCDFGLUE_LLS_272.jpg,Groundnut,LLS,derived,fb71f50321f6085a,Leaf Spot
Z:\Projects\Smart-Farming\Datasets\final_combined_datasets\GLCDfGLUE\LLS\GLCDFGLUE_LLS_273.jpg,Groundnut,LLS,derived,fa78b10575a525cc,Leaf Spot
Z:\Projects\Smart-Farming\Datasets\final_combined_datasets\GLCDfGLUE\LLS\GLCDFGLUE_LLS_274.jpg,Groundnut,LLS,derived,ea63f54302f6585a,Leaf Spot
Z:\Projects\Smart-Farming\Datasets\final_combined_datasets\GLCDfGLUE\LLS\GLCDFGLUE_LLS_275.jpg,Groundnut,LLS,derived,fc39160f7a0b14d5,Leaf Spot
Z:\Projects\Smart-Farming\Datasets\final_combined_datasets\GLCDfGLUE\LLS\GLCDFGLUE_LLS_276.jpg,Groundnut,LLS,derived,803f6adc41d267d5,Leaf Spot
Z:\Projects\Smart-Farming\Datasets\final_combined_datasets\GLCDfGLUE\LLS\GLCDFGLUE_LLS_278.jpg,Groundnut,LLS,derived,d68a749e74d6a170,Leaf Spot
Z:\Projects\Smart-Farming\Datasets\final_combined_datasets\GLCDfGLUE\LLS\GLCDFGLUE_LLS_279.jpg,Groundnut,LLS,derived,8a4e3ac07d0f067f,Leaf Spot
Z:\Projects\Smart-Farming\Datasets\final_combined_datasets\GLCDfGLUE\LLS\GLCDFGLUE_LLS_280.jpg,Groundnut,LLS,derived,d5523f94749562b8,Leaf Spot
Z:\Projects\Smart-Farming\Datasets\final_combined_datasets\GLCDfGLUE\LLS\GLCDFGLUE_LLS_282.jpg,Groundnut,LLS,derived,d49a3f9574942378,Leaf Spot
Z:\Projects\Smart-Farming\Datasets\final_combined_datasets\GLCDfGLUE\LLS\GLCDFGLUE_LLS_283.jpg,Groundnut,LLS,derived,d1414aa86fa37a97,Leaf Spot
Z:\Projects\Smart-Farming\Datasets\final_combined_datasets\GLCDfGLUE\LLS\GLCDFGLUE_LLS_284.jpg,Groundnut,LLS,derived,d55a1f8a4d877096,Leaf Spot
Z:\Projects\Smart-Farming\Datasets\final_combined_datasets\GLCDfGLUE\LLS\GLCDFGLUE_LLS_286.jpg,Groundnut,LLS,derived,80c36adb2ac26fab,Leaf Spot
Z:\Projects\Smart-Farming\Datasets\final_combined_datasets\GLCDfGLUE\LLS\GLCDFGLUE_LLS_287.jpg,Groundnut,LLS,derived,8a4e3ac8750fc07f,Leaf Spot
Z:\Projects\Smart-Farming\Datasets\final_combined_datasets\GLCDfGLUE\LLS\GLCDFGLUE_LLS_288.jpg,Groundnut,LLS,derived,d55a7f96649622b0,Leaf Spot
Z:\Projects\Smart-Farming\Datasets\final_combined_datasets\GLCDfGLUE\LLS\GLCDFGLUE_LLS_289.jpg,Groundnut,LLS,derived,cd0f6995a4ba1758,Leaf Spot
Z:\Projects\Smart-Farming\Datasets\final_combined_datasets\GLCDfGLUE\LLS\GLCDFGLUE_LLS_290.jpg,Groundnut,LLS,derived,d4a83d9d74972a58,Leaf Spot
Z:\Projects\Smart-Farming\Datasets\final_combined_datasets\GLCDfGLUE\LLS\GLCDFGLUE_LLS_291.jpg,Groundnut,LLS,derived,80e969c86d837f2d,Leaf Spot
Z:\Projects\Smart-Farming\Datasets\final_combined_datasets\GLCDfGLUE\LLS\GLCDFGLUE_LLS_293.jpg,Groundnut,LLS,derived,c9046a95e47ad357,Leaf Spot
Z:\Projects\Smart-Farming\Datasets\final_combined_datasets\GLCDfGLUE\LLS\GLCDFGLUE_LLS_294.jpg,Groundnut,LLS,derived,9c513fc0b8cfc40f,Leaf Spot
Z:\Projects\Smart-Farming\Datasets\final_combined_datasets\GLCDfGLUE\LLS\GLCDFGLUE_LLS_295.jpg,Groundnut,LLS,derived,d7524a826a977297,Leaf Spot
Z:\Projects\Smart-Farming\Datasets\final_combined_datasets\GLCDfGLUE\LLS\GLCDFGLUE_LLS_296.jpg,Groundnut,LLS,derived,85151ff538f07cc2,Leaf Spot
Z:\Projects\Smart-Farming\Datasets\final_combined_datasets\GLCDfGLUE\LLS\GLCDFGLUE_LLS_299.jpg,Groundnut,LLS,derived,8a3e38c07d8f264f,Leaf Spot
Z:\Projects\Smart-Farming\Datasets\final_combined_datasets\GLCDfGLUE\LLS\GLCDFGLUE_LLS_302.jpg,Groundnut,LLS,derived,d71a7a9562953278,Leaf Spot
Z:\Projects\Smart-Farming\Datasets\final_combined_datasets\GLCDfGLUE\LLS\GLCDFGLUE_LLS_303.jpg,Groundnut,LLS,derived,823f3ad03fc027cb,Leaf Spot
Z:\Projects\Smart-Farming\Datasets\final_combined_datasets\GLCDfGLUE\LLS\GLCDFGLUE_LLS_304.jpg,Groundnut,LLS,derived,c8044d8ded5e937a,Leaf Spot
Z:\Projects\Smart-Farming\Datasets\final_combined_datasets\GLCDfGLUE\LLS\GLCDFGLUE_LLS_305.jpg,Groundnut,LLS,derived,dd1b6b95685a5158,Leaf Spot
Z:\Projects\Smart-Farming\Datasets\final_combined_datasets\GLCDfGLUE\LLS\GLCDFGLUE_LLS_306.jpg,Groundnut,LLS,derived,d5522b826e977296,Leaf Spot
Z:\Projects\Smart-Farming\Datasets\final_combined_datasets\GLCDfGLUE\LLS\GLCDFGLUE_LLS_307.jpg,Groundnut,LLS,derived,cd2f6b95a4aab118,Leaf Spot
Z:\Projects\Smart-Farming\Datasets\final_combined_datasets\GLCDfGLUE\LLS\GLCDFGLUE_LLS_308.jpg,Groundnut,LLS,derived,80ef6ac821c277ed,Leaf Spot
Z:\Projects\Smart-Farming\Datasets\final_combined_datasets\GLCDfGLUE\LLS\GLCDFGLUE_LLS_309.jpg,Groundnut,LLS,derived,837f2bca21c277c1,Leaf Spot
Z:\Projects\Smart-Farming\Datasets\final_combined_datasets\GLCDfGLUE\LLS\GLCDFGLUE_LLS_310.jpg,Groundnut,LLS,derived,d14b6b85699f311a,Leaf Spot
Z:\Projects\Smart-Farming\Datasets\final_combined_datasets\GLCDfGLUE\LLS\GLCDFGLUE_LLS_311.jpg,Groundnut,LLS,derived,c0614aa56dbf299e,Leaf Spot
Z:\Projects\Smart-Farming\Datasets\final_combined_datasets\GLCDfGLUE\ND\GLCDFGLUE_ND_291.jpg,Groundnut,ND,derived,d5022de4d55a765c,Nutrition Deficiency
Z:\Projects\Smart-Farming\Datasets\final_combined_datasets\GLCDfGLUE\ND\GLCDFGLUE_ND_292.jpg,Groundnut,ND,derived,c50735e4b5ba36e0,Nutrition Deficiency
Z:\Projects\Smart-Farming\Datasets\final_combined_datasets\GLCDfGLUE\ND\GLCDFGLUE_ND_293.jpg,Groundnut,ND,derived,954f27132ae7c5c4,Nutrition Deficiency
Z:\Projects\Smart-Farming\Datasets\final_combined_datasets\GLCDfGLUE\ND\GLCDFGLUE_ND_294.jpg,Groundnut,ND,derived,80dc63b9834e27fc,Nutrition Deficiency
Z:\Projects\Smart-Farming\Datasets\final_combined_datasets\GLCDfGLUE\ND\GLCDFGLUE_ND_295.jpg,Groundnut,ND,derived,c70135edd41a56e9,Nutrition Deficiency
Z:\Projects\Smart-Farming\Datasets\final_combined_datasets\GLCDfGLUE\ND\GLCDFGLUE_ND_296.jpg,Groundnut,ND,derived,c1177ee4afb20ae0,Nutrition Deficiency
Z:\Projects\Smart-Farming\Datasets\final_combined_datasets\GLCDfGLUE\ND\GLCDFGLUE_ND_297.jpg,Groundnut,ND,derived,815e63b9870e27dc,Nutrition Deficiency
Z:\Projects\Smart-Farming\Datasets\final_combined_datasets\GLCDfGLUE\ND\GLCDFGLUE_ND_298.jpg,Groundnut,ND,derived,904f25b3e0c555f6,Nutrition Deficiency
Z:\Projects\Smart-Farming\Datasets\final_combined_datasets\GLCDfGLUE\ND\GLCDFGLUE_ND_299.jpg,Groundnut,ND,derived,805f61b983af271d,Nutrition Deficiency
Z:\Projects\Smart-Farming\Datasets\final_combined_datasets\GLCDfGLUE\ND\GLCDFGLUE_ND_300.jpg,Groundnut,ND,derived,c0013ee5a5bb36f8,Nutrition Deficiency
Z:\Projects\Smart-Farming\Datasets\final_combined_datasets\GLCDfGLUE\ND\GLCDFGLUE_ND_301.jpg,Groundnut,ND,derived,885a7cb1970ea6b9,Nutrition Deficiency
Z:\Projects\Smart-Farming\Datasets\final_combined_datasets\GLCDfGLUE\ND\GLCDFGLUE_ND_302.jpg,Groundnut,ND,derived,945068b0f0ebebad,Nutrition Deficiency
Z:\Projects\Smart-Farming\Datasets\final_combined_datasets\GLCDfGLUE\ND\GLCDFGLUE_ND_303.jpg,Groundnut,ND,derived,904f2493e8c5def2,Nutrition Deficiency
Z:\Projects\Smart-Farming\Datasets\final_combined_datasets\GLCDfGLUE\ND\GLCDFGLUE_ND_304.jpg,Groundnut,ND,derived,905761bfd14f1714,Nutrition Deficiency
Z:\Projects\Smart-Farming\Datasets\final_combined_datasets\GLCDfGLUE\ND\GLCDFGLUE_ND_305.jpg,Groundnut,ND,derived,92dd7ab8804c23fe,Nutrition Deficiency
Z:\Projects\Smart-Farming\Datasets\final_combined_datasets\GLCDfGLUE\ND\GLCDFGLUE_ND_306.jpg,Groundnut,ND,derived,ce0a2dedd512351d,Nutrition Deficiency
Z:\Projects\Smart-Farming\Datasets\final_combined_datasets\GLCDfGLUE\ND\GLCDFGLUE_ND_307.jpg,Groundnut,ND,derived,944220b1f8ef5f95,Nutrition Deficiency
Z:\Projects\Smart-Farming\Datasets\final_combined_datasets\GLCDfGLUE\ND\GLCDFGLUE_ND_308.jpg,Groundnut,ND,derived,d58831edd21972ad,Nutrition Deficiency
Z:\Projects\Smart-Farming\Datasets\final_combined_datasets\GLCDfGLUE\ND\GLCDFGLUE_ND_309.jpg,Groundnut,ND,derived,94422eb3d8ef1f14,Nutrition Deficiency
Z:\Projects\Smart-Farming\Datasets\final_combined_datasets\GLCDfGLUE\ND\GLCDFGLUE_ND_310.jpg,Groundnut,ND,derived,94566ab8f0c703af,Nutrition Deficiency
Z:\Projects\Smart-Farming\Datasets\final_combined_datasets\GLCDfGLUE\ND\GLCDFGLUE_ND_311.jpg,Groundnut,ND,derived,9e566eb0dcc3682a,Nutrition Deficiency
Z:\Projects\Smart-Farming\Datasets\final_combined_datasets\GLCDfGLUE\ND\GLCDFGLUE_ND_312.jpg,Groundnut,ND,derived,944a2793e0e7e1f4,Nutrition Deficiency
Z:\Projects\Smart-Farming\Datasets\final_combined_datasets\GLCDfGLUE\ND\GLCDFGLUE_ND_313.jpg,Groundnut,ND,derived,9a577eb8d447610a,Nutrition Deficiency
Z:\Projects\Smart-Farming\Datasets\final_combined_datasets\GLCDfGLUE\ND\GLCDFGLUE_ND_314.jpg,Groundnut,ND,derived,c01f72447dbe54f0,Nutrition Deficiency
Z:\Projects\Smart-Farming\Datasets\final_combined_datasets\GLCDfGLUE\ND\GLCDFGLUE_ND_315.jpg,Groundnut,ND,derived,904f25bba1c541fe,Nutrition Deficiency
Z:\Projects\Smart-Farming\Datasets\final_combined_datasets\GLCDfGLUE\ND\GLCDFGLUE_ND_316.jpg,Groundnut,ND,derived,985f7cb1d40f2329,Nutrition Deficiency
Z:\Projects\Smart-Farming\Datasets\final_combined_datasets\GLCDfGLUE\ND\GLCDFGLUE_ND_317.jpg,Groundnut,ND,derived,c11574e4a5bebca8,Nutrition Deficiency
Z:\Projects\Smart-Farming\Datasets\final_combined_datasets\GLCDfGLUE\ND\GLCDFGLUE_ND_318.jpg,Groundnut,ND,derived,dd0d35e4c21b73a8,Nutrition Deficiency
Z:\Projects\Smart-Farming\Datasets\final_combined_datasets\GLCDfGLUE\ND\GLCDFGLUE_ND_319.jpg,Groundnut,ND,derived,d5092de4d05972ed,Nutrition Deficiency
Z:\Projects\Smart-Farming\Datasets\final_combined_datasets\GLCDfGLUE\ND\GLCDFGLUE_ND_320.jpg,Groundnut,ND,derived,c01f72467f96d491,Nutrition Deficiency
Z:\Projects\Smart-Farming\Datasets\final_combined_datasets\GLCDfGLUE\ND\GLCDFGLUE_ND_321.jpg,Groundnut,ND,derived,c51f75e295ba0a43,Nutrition Deficiency
Z:\Projects\Smart-Farming\Datasets\final_combined_datasets\GLCDfGLUE\ND\GLCDFGLUE_ND_322.jpg,Groundnut,ND,derived,d50b36e8d61b5e05,Nutrition Deficiency
Z:\Projects\Smart-Farming\Datasets\final_combined_datasets\GLCDfGLUE\ND\GLCDFGLUE_ND_323.jpg,Groundnut,ND,derived,9548279160e3e7f5,Nutrition Deficiency
Z:\Projects\Smart-Farming\Datasets\final_combined_datasets\GLCDfGLUE\ND\GLCDFGLUE_ND_324.jpg,Groundnut,ND,derived,dd0f2de4825a7278,Nutrition Deficiency
Z:\Projects\Smart-Farming\Datasets\final_combined_datasets\GLCDfGLUE\ND\GLCDFGLUE_ND_325.jpg,Groundnut,ND,derived,dd0f2de485ba145c,Nutrition Deficiency
Z:\Projects\Smart-Farming\Datasets\final_combined_datasets\GLCDfGLUE\ND\GLCDFGLUE_ND_326.jpg,Groundnut,ND,derived,95402791e8e7f5d4,Nutrition Deficiency
Z:\Projects\Smart-Farming\Datasets\final_combined_datasets\GLCDfGLUE\ND\GLCDFGLUE_ND_327.jpg,Groundnut,ND,derived,815f61b5c3ae1f14,Nutrition Deficiency
Z:\Projects\Smart-Farming\Datasets\final_combined_datasets\GLCDfGLUE\ND\GLCDFGLUE_ND_328.jpg,Groundnut,ND,derived,944a20b1e0efe1fe,Nutrition Deficiency
Z:\Projects\Smart-Farming\Datasets\final_combined_datasets\GLCDfGLUE\ND\GLCDFGLUE_ND_329.jpg,Groundnut,ND,derived,cb013be5a19236f9,Nutrition Deficiency
Z:\Projects\Smart-Farming\Datasets\final_combined_datasets\GLCDfGLUE\ND\GLCDFGLUE_ND_330.jpg,Groundnut,ND,derived,8a5e78b1d546027f,Nutrition Deficiency
Z:\Projects\Smart-Farming\Datasets\final_combined_datasets\GLCDfGLUE\ND\GLCDFGLUE_ND_331.jpg,Groundnut,ND,derived,91dc60b9834f23fc,Nutrition Deficiency
Z:\Projects\Smart-Farming\Datasets\final_combined_datasets\GLCDfGLUE\ND\GLCDFGLUE_ND_332.jpg,Groundnut,ND,derived,d28a29edd15172ec,Nutrition Deficiency
Z:\Projects\Smart-Farming\Datasets\final_combined_datasets\GLCDfGLUE\ND\GLCDFGLUE_ND_333.jpg,Groundnut,ND,derived,c01572c59fb19ae9,Nutrition Deficiency
Z:\Projects\Smart-Farming\Datasets\final_combined_datasets\GLCDfGLUE\ND\GLCDFGLUE_ND_334.jpg,Groundnut,ND,derived,c10537e4a5bb36e8,Nutrition Deficiency
Z:\Projects\Smart-Farming\Datasets\final_combined_datasets\GLCDfGLUE\ND\GLCDFGLUE_ND_335.jpg,Groundnut,ND,derived,905a61b1e1ae67bc,Nutrition Deficiency
Z:\Projects\Smart-Farming\Datasets\final_combined_datasets\GLCDfGLUE\ND\GLCDFGLUE_ND_336.jpg,Groundnut,ND,derived,c31b72ce749054d7,Nutrition Deficiency
Z:\Projects\Smart-Farming\Datasets\final_combined_datasets\GLCDfGLUE\ND\GLCDFGLUE_ND_337.jpg,Groundnut,ND,derived,90dd68b9814d27fc,Nutrition Deficiency
Z:\Projects\Smart-Farming\Datasets\final_combined_datasets\GLCDfGLUE\ND\GLCDFGLUE_ND_338.jpg,Groundnut,ND,derived,dd0f3de4045b5728,Nutrition Deficiency
Z:\Projects\Smart-Farming\Datasets\final_combined_datasets\GLCDfGLUE\ND\GLCDFGLUE_ND_339.jpg,Groundnut,ND,derived,c51a72eef59094a3,Nutrition Deficiency
Z:\Projects\Smart-Farming\Datasets\final_combined_datasets\GLCDfGLUE\ND\GLCDFGLUE_ND_340.jpg,Groundnut,ND,derived,945260b7d0ef1f15,Nutrition Deficiency
Z:\Projects\Smart-Farming\Datasets\final_combined_datasets\GLCDfGLUE\ND\GLCDFGLUE_ND_341.jpg,Groundnut,ND,derived,94af68ba7d7588a0,Nutrition Deficiency
Z:\Projects\Smart-Farming\Datasets\final_combined_datasets\GLCDfGLUE\ND\GLCDFGLUE_ND_342.jpg,Groundnut,ND,derived,daf825e5a1768a92,Nutrition Deficiency
Z:\Projects\Smart-Farming\Datasets\final_combined_datasets\GLCDfGLUE\ND\GLCDFGLUE_ND_343.jpg,Groundnut,ND,derived,c3f835ad81768e13,Nutrition Deficiency
Z:\Projects\Smart-Farming\Datasets\final_combined_datasets\GLCDfGLUE\ND\GLCDFGLUE_ND_344.jpg,Groundnut,ND,derived,ca9b3ec036665476,Nutrition Deficiency
Z:\Projects\Smart-Farming\Datasets\final_combined_datasets\GLCDfGLUE\ND\GLCDFGLUE_ND_345.jpg,Groundnut,ND,derived,c1f22dad6800ddbd,Nutrition Deficiency
Z:\Projects\Smart-Farming\Datasets\final_combined_datasets\GLCDfGLUE\ND\GLCDFGLUE_ND_346.jpg,Groundnut,ND,derived,c2fe29e86a6e5154,Nutrition Deficiency
Z:\Projects\Smart-Farming\Datasets\final_combined_datasets\GLCDfGLUE\ND\GLCDFGLUE_ND_347.jpg,Groundnut,ND,derived,caf8378515778172,Nutrition Deficiency
Z:\Projects\Smart-Farming\Datasets\final_combined_datasets\GLCDfGLUE\ND\GLCDFGLUE_ND_348.jpg,Groundnut,ND,derived,c3f837ad056e8e12,Nutrition Deficiency
Z:\Projects\Smart-Farming\Datasets\final_combined_datasets\GLCDfGLUE\ND\GLCDFGLUE_ND_349.jpg,Groundnut,ND,derived,dadc25e523648aba,Nutrition Deficiency
Z:\Projects\Smart-Farming\Datasets\final_combined_datasets\GLCDfGLUE\ND\GLCDFGLUE_ND_350.jpg,Groundnut,ND,derived,ded234e53465899a,Nutrition Deficiency
Z:\Projects\Smart-Farming\Datasets\final_combined_datasets\GLCDfGLUE\ND\GLCDFGLUE_ND_351.jpg,Groundnut,ND,derived,c0f729296835cfa9,Nutrition Deficiency
Z:\Projects\Smart-Farming\Datasets\final_combined_datasets\GLCDfGLUE\ND\GLCDFGLUE_ND_352.jpg,Groundnut,ND,derived,c1f837a505ed8f28,Nutrition Deficiency
Z:\Projects\Smart-Farming\Datasets\final_combined_datasets\GLCDfGLUE\ND\GLCDFGLUE_ND_353.jpg,Groundnut,ND,derived,87827d9f2f330439,Nutrition Deficiency
Z:\Projects\Smart-Farming\Datasets\final_combined_datasets\GLCDfGLUE\ND\GLCDFGLUE_ND_354.jpg,Groundnut,ND,derived,9f8d63d5203854f5,Nutrition Deficiency
Z:\Projects\Smart-Farming\Datasets\final_combined_datasets\GLCDfGLUE\ND\GLCDFGLUE_ND_355.jpg,Groundnut,ND,derived,c8da3c40b66454ff,Nutrition Deficiency
Z:\Projects\Smart-Farming\Datasets\final_combined_datasets\GLCDfGLUE\ND\GLCDFGLUE_ND_356.jpg,Groundnut,ND,derived,c0ff2d2d4224d7a9,Nutrition Deficiency
Z:\Projects\Smart-Farming\Datasets\final_combined_datasets\GLCDfGLUE\ND\GLCDFGLUE_ND_357.jpg,Groundnut,ND,derived,de9425e535648f26,Nutrition Deficiency
Z:\Projects\Smart-Farming\Datasets\final_combined_datasets\GLCDfGLUE\ND\GLCDFGLUE_ND_358.jpg,Groundnut,ND,derived,c1f435ad4220d6fd,Nutrition Deficiency
Z:\Projects\Smart-Farming\Datasets\final_combined_datasets\GLCDfGLUE\ND\GLCDFGLUE_ND_359.jpg,Groundnut,ND,derived,8fcf60946230f7e1,Nutrition Deficiency
Z:\Projects\Smart-Farming\Datasets\final_combined_datasets\GLCDfGLUE\ND\GLCDFGLUE_ND_360.jpg,Groundnut,ND,derived,9fcf798c67102782,Nutrition Deficiency
Z:\Projects\Smart-Farming\Datasets\final_combined_datasets\GLCDfGLUE\ND\GLCDFGLUE_ND_361.jpg,Groundnut,ND,derived,9fad60b45023dd47,Nutrition Deficiency
Z:\Projects\Smart-Farming\Datasets\final_combined_datasets\GLCDfGLUE\ND\GLCDFGLUE_ND_362.jpg,Groundnut,ND,derived,9f8d6991e32058ee,Nutrition Deficiency
Z:\Projects\Smart-Farming\Datasets\final_combined_datasets\GLCDfGLUE\ND\GLCDFGLUE_ND_363.jpg,Groundnut,ND,derived,82a878bdff2381c3,Nutrition Deficiency
Z:\Projects\Smart-Farming\Datasets\final_combined_datasets\GLCDfGLUE\ND\GLCDFGLUE_ND_364.jpg,Groundnut,ND,derived,d2ff28a86a2ed12c,Nutrition Deficiency
Z:\Projects\Smart-Farming\Datasets\final_combined_datasets\GLCDfGLUE\ND\GLCDFGLUE_ND_365.jpg,Groundnut,ND,derived,9f8d60955022dcef,Nutrition Deficiency
Z:\Projects\Smart-Farming\Datasets\final_combined_datasets\GLCDfGLUE\ND\GLCDFGLUE_ND_366.jpg,Groundnut,ND,derived,97a968b8757b8e01,Nutrition Deficiency
Z:\Projects\Smart-Farming\Datasets\final_combined_datasets\GLCDfGLUE\ND\GLCDFGLUE_ND_367.jpg,Groundnut,ND,derived,c8d9368077570577,Nutrition Deficiency
Z:\Projects\Smart-Farming\Datasets\final_combined_datasets\GLCDfGLUE\ND\GLCDFGLUE_ND_368.jpg,Groundnut,ND,derived,9f8d68b06030dcef,Nutrition Deficiency
Z:\Projects\Smart-Farming\Datasets\final_combined_datasets\GLCDfGLUE\ND\GLCDFGLUE_ND_369.jpg,Groundnut,ND,derived,c0fe29ed2824df15,Nutrition Deficiency
Z:\Projects\Smart-Farming\Datasets\final_combined_datasets\GLCDfGLUE\ND\GLCDFGLUE_ND_370.jpg,Groundnut,ND,derived,8f8860f8603ad67f,Nutrition Deficiency
Z:\Projects\Smart-Farming\Datasets\final_combined_datasets\GLCDfGLUE\ND\GLCDFGLUE_ND_371.jpg,Groundnut,ND,derived,d0ff28295425d7a9,Nutrition Deficiency
Z:\Projects\Smart-Farming\Datasets\final_combined_datasets\GLCDfGLUE\ND\GLCDFGLUE_ND_372.jpg,Groundnut,ND,derived,ca9a2cd936e47295,Nutrition Deficiency
Z:\Projects\Smart-Farming\Datasets\final_combined_datasets\GLCDfGLUE\ND\GLCDFGLUE_ND_373.jpg,Groundnut,ND,derived,8f8f70906230faeb,Nutrition Deficiency
Z:\Projects\Smart-Farming\Datasets\final_combined_datasets\GLCDfGLUE\ND\GLCDFGLUE_ND_374.jpg,Groundnut,ND,derived,c2ff29a94a24d5b1,Nutrition Deficiency
Z:\Projects\Smart-Farming\Datasets\final_combined_datasets\GLCDfGLUE\ND\GLCDFGLUE_ND_375.jpg,Groundnut,ND,derived,95aa6878177182fe,Nutrition Deficiency
Z:\Projects\Smart-Farming\Datasets\final_combined_datasets\GLCDfGLUE\ND\GLCDFGLUE_ND_376.jpg,Groundnut,ND,derived,cad835c5356589ba,Nutrition Deficiency
Z:\Projects\Smart-Farming\Datasets\final_combined_datasets\GLCDfGLUE\ND\GLCDFGLUE_ND_377.jpg,Groundnut,ND,derived,9f4f7b9463300372,Nutrition Deficiency
Z:\Projects\Smart-Farming\Datasets\final_combined_datasets\GLCDfGLUE\ND\GLCDFGLUE_ND_378.jpg,Groundnut,ND,derived,d2ff20aa722ed10e,Nutrition Deficiency
Z:\Projects\Smart-Farming\Datasets\final_combined_datasets\GLCDfGLUE\ND\GLCDFGLUE_ND_379.jpg,Groundnut,ND,derived,94ad6af8557f8b00,Nutrition Deficiency
Z:\Projects\Smart-Farming\Datasets\final_combined_datasets\GLCDfGLUE\ND\GLCDFGLUE_ND_380.jpg,Groundnut,ND,derived,9f8f6b95631105a3,Nutrition Deficiency
Z:\Projects\Smart-Farming\Datasets\final_combined_datasets\GLCDfGLUE\ND\GLCDFGLUE_ND_381.jpg,Groundnut,ND,derived,9ead63d440b8527d,Nutrition Deficiency
Z:\Projects\Smart-Farming\Datasets\final_combined_datasets\GLCDfGLUE\ND\GLCDFGLUE_ND_382.jpg,Groundnut,ND,derived,9f8d60b47020dde7,Nutrition Deficiency
Z:\Projects\Smart-Farming\Datasets\final_combined_datasets\GLCDfGLUE\ND\GLCDFGLUE_ND_383.jpg,Groundnut,ND,derived,ca1a2ec536655637,Nutrition Deficiency
Z:\Projects\Smart-Farming\Datasets\final_combined_datasets\GLCDfGLUE\ND\GLCDFGLUE_ND_384.jpg,Groundnut,ND,derived,8fcf70946130ebe2,Nutrition Deficiency
Z:\Projects\Smart-Farming\Datasets\final_combined_datasets\GLCDfGLUE\ND\GLCDFGLUE_ND_385.jpg,Groundnut,ND,derived,c9f837a5056f8b0a,Nutrition Deficiency
Z:\Projects\Smart-Farming\Datasets\final_combined_datasets\GLCDfGLUE\ND\GLCDFGLUE_ND_386.jpg,Groundnut,ND,derived,ca1a34c5366555b7,Nutrition Deficiency
Z:\Projects\Smart-Farming\Datasets\final_combined_datasets\GLCDfGLUE\ND\GLCDFGLUE_ND_387.jpg,Groundnut,ND,derived,9fce7994671103a3,Nutrition Deficiency
Z:\Projects\Smart-Farming\Datasets\final_combined_datasets\GLCDfGLUE\ND\GLCDFGLUE_ND_388.jpg,Groundnut,ND,derived,da9c25e525648bb6,Nutrition Deficiency
Z:\Projects\Smart-Farming\Datasets\final_combined_datasets\GLCDfGLUE\ND\GLCDFGLUE_ND_389.jpg,Groundnut,ND,derived,c2fc39ad202edb15,Nutrition Deficiency
Z:\Projects\Smart-Farming\Datasets\final_combined_datasets\GLCDfGLUE\ND\GLCDFGLUE_ND_390.jpg,Groundnut,ND,derived,c8d83c40ba6655fd,Nutrition Deficiency
Z:\Projects\Smart-Farming\Datasets\final_combined_datasets\GLCDfGLUE\ND\GLCDFGLUE_ND_391.jpg,Groundnut,ND,derived,8fcf78b06230dae2,Nutrition Deficiency
Z:\Projects\Smart-Farming\Datasets\final_combined_datasets\GLCDfGLUE\ND\GLCDFGLUE_ND_392.jpg,Groundnut,ND,derived,cbd83f8501edab28,Nutrition Deficiency
Z:\Projects\Smart-Farming\Datasets\final_combined_datasets\GLCDfGLUE\ND\GLCDFGLUE_ND_393.jpg,Groundnut,ND,derived,8fcf7994633023e2,Nutrition Deficiency
Z:\Projects\Smart-Farming\Datasets\final_combined_datasets\GLCDfGLUE\ND\GLCDFGLUE_ND_394.jpg,Groundnut,ND,derived,c2ff25ad4426d551,Nutrition Deficiency
Z:\Projects\Smart-Farming\Datasets\final_combined_datasets\GLCDfGLUE\ND\GLCDFGLUE_ND_395.jpg,Groundnut,ND,derived,878a60dc6238e6bf,Nutrition Deficiency
Z:\Projects\Smart-Farming\Datasets\final_combined_datasets\GLCDfGLUE\ND\GLCDFGLUE_ND_396.jpg,Groundnut,ND,derived,c2fc35ad402edf11,Nutrition Deficiency
Z:\Projects\Smart-Farming\Datasets\final_combined_datasets\GLCDfGLUE\ND\GLCDFGLUE_ND_397.jpg,Groundnut,ND,derived,da9a24c13465f5b5,Nutrition Deficiency
Z:\Projects\Smart-Farming\Datasets\final_combined_datasets\GLCDfGLUE\ND\GLCDFGLUE_ND_398.jpg,Groundnut,ND,derived,dad8358935ed03aa,Nutrition Deficiency
Z:\Projects\Smart-Farming\Datasets\final_combined_datasets\GLCDfGLUE\ND\GLCDFGLUE_ND_399.jpg,Groundnut,ND,derived,d2fc25e0aa76d492,Nutrition Deficiency
Z:\Projects\Smart-Farming\Datasets\final_combined_datasets\GLCDfGLUE\ND\GLCDFGLUE_ND_400.jpg,Groundnut,ND,derived,94ad60f8557b8b45,Nutrition Deficiency
Z:\Projects\Smart-Farming\Datasets\final_combined_datasets\GLCDfGLUE\ND\GLCDFGLUE_ND_401.jpg,Groundnut,ND,derived,cadb3ec0364450f7,Nutrition Deficiency
Z:\Projects\Smart-Farming\Datasets\final_combined_datasets\GLCDfGLUE\ND\GLCDFGLUE_ND_402.jpg,Groundnut,ND,derived,8fcf69906330d8ea,Nutrition Deficiency
Z:\Projects\Smart-Farming\Datasets\final_combined_datasets\GLCDfGLUE\ND\GLCDFGLUE_ND_403.jpg,Groundnut,ND,derived,9f8a6b91eb3048ea,Nutrition Deficiency
Z:\Projects\Smart-Farming\Datasets\final_combined_datasets\GLCDfGLUE\ND\GLCDFGLUE_ND_404.jpg,Groundnut,ND,derived,d2ff21aa4b2ec512,Nutrition Deficiency
Z:\Projects\Smart-Farming\Datasets\final_combined_datasets\GLCDfGLUE\ND\GLCDFGLUE_ND_405.jpg,Groundnut,ND,derived,c0fa3def6a065524,Nutrition Deficiency
Z:\Projects\Smart-Farming\Datasets\final_combined_datasets\GLCDfGLUE\ND\GLCDFGLUE_ND_406.jpg,Groundnut,ND,derived,87a970b5d523d5c4,Nutrition Deficiency
Z:\Projects\Smart-Farming\Datasets\final_combined_datasets\GLCDfGLUE\ND\GLCDFGLUE_ND_407.jpg,Groundnut,ND,derived,8f8f60dc6030f4b7,Nutrition Deficiency
Z:\Projects\Smart-Farming\Datasets\final_combined_datasets\GLCDfGLUE\ND\GLCDFGLUE_ND_408.jpg,Groundnut,ND,derived,d0ff252ac7358591,Nutrition Deficiency
Z:\Projects\Smart-Farming\Datasets\final_combined_datasets\GLCDfGLUE\ND\GLCDFGLUE_ND_409.jpg,Groundnut,ND,derived,c1f837ad402ade17,Nutrition Deficiency
Z:\Projects\Smart-Farming\Datasets\final_combined_datasets\GLCDfGLUE\ND\GLCDFGLUE_ND_410.jpg,Groundnut,ND,derived,cadb3e40b24654f6,Nutrition Deficiency
Z:\Projects\Smart-Farming\Datasets\final_combined_datasets\GLCDfGLUE\ND\GLCDFGLUE_ND_001.jpg,Groundnut,ND,derived,9e1e703c5e6ea152,Nutrition Deficiency
Z:\Projects\Smart-Farming\Datasets\final_combined_datasets\GLCDfGLUE\ND\GLCDFGLUE_ND_002.jpg,Groundnut,ND,derived,ca1b24e51ef80e73,Nutrition Deficiency
Z:\Projects\Smart-Farming\Datasets\final_combined_datasets\GLCDfGLUE\ND\GLCDFGLUE_ND_003.jpg,Groundnut,ND,derived,c80324e41ee3bfb3,Nutrition Deficiency
Z:\Projects\Smart-Farming\Datasets\final_combined_datasets\GLCDfGLUE\ND\GLCDFGLUE_ND_004.jpg,Groundnut,ND,derived,c91023fe365e5365,Nutrition Deficiency
Z:\Projects\Smart-Farming\Datasets\final_combined_datasets\GLCDfGLUE\ND\GLCDFGLUE_ND_005.jpg,Groundnut,ND,derived,ca0324e51e728ff3,Nutrition Deficiency
Z:\Projects\Smart-Farming\Datasets\final_combined_datasets\GLCDfGLUE\ND\GLCDFGLUE_ND_007.jpg,Groundnut,ND,derived,944e7593693d6836,Nutrition Deficiency
Z:\Projects\Smart-Farming\Datasets\final_combined_datasets\GLCDfGLUE\ND\GLCDFGLUE_ND_008.jpg,Groundnut,ND,derived,9c4e759161997c1e,Nutrition Deficiency
Z:\Projects\Smart-Farming\Datasets\final_combined_datasets\GLCDfGLUE\ND\GLCDFGLUE_ND_009.jpg,Groundnut,ND,derived,c81b24e51e6a1f73,Nutrition Deficiency
Z:\Projects\Smart-Farming\Datasets\final_combined_datasets\GLCDfGLUE\ND\GLCDFGLUE_ND_010.jpg,Groundnut,ND,derived,ca5b25e80b788d3b,Nutrition Deficiency
Z:\Projects\Smart-Farming\Datasets\final_combined_datasets\GLCDfGLUE\ND\GLCDFGLUE_ND_011.jpg,Groundnut,ND,derived,944566b36eb26cf0,Nutrition Deficiency
Z:\Projects\Smart-Farming\Datasets\final_combined_datasets\GLCDfGLUE\ND\GLCDFGLUE_ND_012.jpg,Groundnut,ND,derived,c80324e43e31ff37,Nutrition Deficiency
Z:\Projects\Smart-Farming\Datasets\final_combined_datasets\GLCDfGLUE\ND\GLCDFGLUE_ND_013.jpg,Groundnut,ND,derived,cc0124a41f31ff77,Nutrition Deficiency
Z:\Projects\Smart-Farming\Datasets\final_combined_datasets\GLCDfGLUE\ND\GLCDFGLUE_ND_014.jpg,Groundnut,ND,derived,c11920ce34ee3deb,Nutrition Deficiency
Z:\Projects\Smart-Farming\Datasets\final_combined_datasets\GLCDfGLUE\ND\GLCDFGLUE_ND_015.jpg,Groundnut,ND,derived,ca4b25e90b3bf423,Nutrition Deficiency
Z:\Projects\Smart-Farming\Datasets\final_combined_datasets\GLCDfGLUE\ND\GLCDFGLUE_ND_016.jpg,Groundnut,ND,derived,ce1a25ec0f780f39,Nutrition Deficiency
Z:\Projects\Smart-Farming\Datasets\final_combined_datasets\GLCDfGLUE\ND\GLCDFGLUE_ND_017.jpg,Groundnut,ND,derived,aca25e6b854ae578,Nutrition Deficiency
Z:\Projects\Smart-Farming\Datasets\final_combined_datasets\GLCDfGLUE\ND\GLCDFGLUE_ND_018.jpg,Groundnut,ND,derived,eee2ee023cea3066,Nutrition Deficiency
Z:\Projects\Smart-Farming\Datasets\final_combined_datasets\GLCDfGLUE\ND\GLCDFGLUE_ND_019.jpg,Groundnut,ND,derived,e6f0ce026ceb7262,Nutrition Deficiency
Z:\Projects\Smart-Farming\Datasets\final_combined_datasets\GLCDfGLUE\ND\GLCDFGLUE_ND_020.jpg,Groundnut,ND,derived,f971cb047d49306b,Nutrition Deficiency
Z:\Projects\Smart-Farming\Datasets\final_combined_datasets\GLCDfGLUE\ND\GLCDFGLUE_ND_021.jpg,Groundnut,ND,derived,a2a69a46a8ff740e,Nutrition Deficiency
Z:\Projects\Smart-Farming\Datasets\final_combined_datasets\GLCDfGLUE\ND\GLCDFGLUE_ND_022.jpg,Groundnut,ND,derived,b29d925879bc25f0,Nutrition Deficiency
Z:\Projects\Smart-Farming\Datasets\final_combined_datasets\GLCDfGLUE\ND\GLCDFGLUE_ND_023.jpg,Groundnut,ND,derived,a0a69a43b957aa57,Nutrition Deficiency
Z:\Projects\Smart-Farming\Datasets\final_combined_datasets\GLCDfGLUE\ND\GLCDFGLUE_ND_024.jpg,Groundnut,ND,derived,a2b5bb5a799c0532,Nutrition Deficiency
Z:\Projects\Smart-Farming\Datasets\final_combined_datasets\GLCDfGLUE\ND\GLCDFGLUE_ND_025.jpg,Groundnut,ND,derived,a2b59a5629be6532,Nutrition Deficiency
Z:\Projects\Smart-Farming\Datasets\final_combined_datasets\GLCDfGLUE\ND\GLCDFGLUE_ND_027.jpg,Groundnut,ND,derived,a1b6b95a6db86622,Nutrition Deficiency
Z:\Projects\Smart-Farming\Datasets\final_combined_datasets\GLCDfGLUE\ND\GLCDFGLUE_ND_028.jpg,Groundnut,ND,derived,b3a59347388e2f07,Nutrition Deficiency
Z:\Projects\Smart-Farming\Datasets\final_combined_datasets\GLCDfGLUE\ND\GLCDFGLUE_ND_029.jpg,Groundnut,ND,derived,cb387c017154f2ee,Nutrition Deficiency
Z:\Projects\Smart-Farming\Datasets\final_combined_datasets\GLCDfGLUE\ND\GLCDFGLUE_ND_030.jpg,Groundnut,ND,derived,d1353f6a3aa00bce,Nutrition Deficiency
Z:\Projects\Smart-Farming\Datasets\final_combined_datasets\GLCDfGLUE\ND\GLCDFGLUE_ND_031.jpg,Groundnut,ND,derived,8747293c74f2d8d4,Nutrition Deficiency
Z:\Projects\Smart-Farming\Datasets\final_combined_datasets\GLCDfGLUE\ND\GLCDFGLUE_ND_032.jpg,Groundnut,ND,derived,d0157f7a71012b6b,Nutrition Deficiency
Z:\Projects\Smart-Farming\Datasets\final_combined_datasets\GLCDfGLUE\ND\GLCDFGLUE_ND_033.jpg,Groundnut,ND,derived,d2127d6131a78de5,Nutrition Deficiency
Z:\Projects\Smart-Farming\Datasets\final_combined_datasets\GLCDfGLUE\ND\GLCDFGLUE_ND_034.jpg,Groundnut,ND,derived,864528bc7efa4a55,Nutrition Deficiency
Z:\Projects\Smart-Farming\Datasets\final_combined_datasets\GLCDfGLUE\ND\GLCDFGLUE_ND_035.jpg,Groundnut,ND,derived,d0157f6939a10faa,Nutrition Deficiency
Z:\Projects\Smart-Farming\Datasets\final_combined_datasets\GLCDfGLUE\ND\GLCDFGLUE_ND_036.jpg,Groundnut,ND,derived,df6b6a5d2c0ca03c,Nutrition Deficiency
Z:\Projects\Smart-Farming\Datasets\final_combined_datasets\GLCDfGLUE\ND\GLCDFGLUE_ND_037.jpg,Groundnut,ND,derived,9e6d2d543505a733,Nutrition Deficiency
Z:\Projects\Smart-Farming\Datasets\final_combined_datasets\GLCDfGLUE\ND\GLCDFGLUE_ND_038.jpg,Groundnut,ND,derived,d21e7f4070c5f586,Nutrition Deficiency
Z:\Projects\Smart-Farming\Datasets\final_combined_datasets\GLCDfGLUE\ND\GLCDFGLUE_ND_039.jpg,Groundnut,ND,derived,cf3f7c0f63464302,Nutrition Deficiency
Z:\Projects\Smart-Farming\Datasets\final_combined_datasets\GLCDfGLUE\ND\GLCDFGLUE_ND_040.jpg,Groundnut,ND,derived,9e6f295c2405a73e,Nutrition Deficiency
Z:\Projects\Smart-Farming\Datasets\final_combined_datasets\GLCDfGLUE\ND\GLCDFGLUE_ND_041.jpg,Groundnut,ND,derived,d2167e78713b216a,Nutrition Deficiency
Z:\Projects\Smart-Farming\Datasets\final_combined_datasets\GLCDfGLUE\ND\GLCDFGLUE_ND_044.jpg,Groundnut,ND,derived,d23a7e087144f0ef,Nutrition Deficiency
Z:\Projects\Smart-Farming\Datasets\final_combined_datasets\GLCDfGLUE\ND\GLCDFGLUE_ND_046.jpg,Groundnut,ND,derived,c50a75ea8dba4a4b,Nutrition Deficiency
Z:\Projects\Smart-Farming\Datasets\final_combined_datasets\GLCDfGLUE\ND\GLCDFGLUE_ND_047.jpg,Groundnut,ND,derived,c5073fec84ba5658,Nutrition Deficiency
Z:\Projects\Smart-Farming\Datasets\final_combined_datasets\GLCDfGLUE\ND\GLCDFGLUE_ND_050.jpg,Groundnut,ND,derived,95546ab0f0ee63a5,Nutrition Deficiency
Z:\Projects\Smart-Farming\Datasets\final_combined_datasets\GLCDfGLUE\ND\GLCDFGLUE_ND_054.jpg,Groundnut,ND,derived,cd022dec8552767d,Nutrition Deficiency
Z:\Projects\Smart-Farming\Datasets\final_combined_datasets\GLCDfGLUE\ND\GLCDFGLUE_ND_056.jpg,Groundnut,ND,derived,c1173fe6adba4a40,Nutrition Deficiency
Z:\Projects\Smart-Farming\Datasets\final_combined_datasets\GLCDfGLUE\ND\GLCDFGLUE_ND_072.jpg,Groundnut,ND,derived,874f2b152451f5ba,Nutrition Deficiency
Z:\Projects\Smart-Farming\Datasets\final_combined_datasets\GLCDfGLUE\ND\GLCDFGLUE_ND_073.jpg,Groundnut,ND,derived,c50735ec94ba56f0,Nutrition Deficiency
Z:\Projects\Smart-Farming\Datasets\final_combined_datasets\GLCDfGLUE\ND\GLCDFGLUE_ND_074.jpg,Groundnut,ND,derived,caf835e9256e8a52,Nutrition Deficiency
Z:\Projects\Smart-Farming\Datasets\final_combined_datasets\GLCDfGLUE\ND\GLCDFGLUE_ND_077.jpg,Groundnut,ND,derived,8f4670915ead5e64,Nutrition Deficiency
Z:\Projects\Smart-Farming\Datasets\final_combined_datasets\GLCDfGLUE\ND\GLCDFGLUE_ND_078.jpg,Groundnut,ND,derived,9f0e70b85e6c9466,Nutrition Deficiency
Z:\Projects\Smart-Farming\Datasets\final_combined_datasets\GLCDfGLUE\ND\GLCDFGLUE_ND_079.jpg,Groundnut,ND,derived,9b5570b5586db862,Nutrition Deficiency
Z:\Projects\Smart-Farming\Datasets\final_combined_datasets\GLCDfGLUE\ND\GLCDFGLUE_ND_080.jpg,Groundnut,ND,derived,ca4b276d0b3bd207,Nutrition Deficiency
Z:\Projects\Smart-Farming\Datasets\final_combined_datasets\GLCDfGLUE\ND\GLCDFGLUE_ND_083.jpg,Groundnut,ND,derived,c93831ef32e219e9,Nutrition Deficiency
Z:\Projects\Smart-Farming\Datasets\final_combined_datasets\GLCDfGLUE\ND\GLCDFGLUE_ND_085.jpg,Groundnut,ND,derived,c91a61cf364e2d6a,Nutrition Deficiency
Z:\Projects\Smart-Farming\Datasets\final_combined_datasets\GLCDfGLUE\ND\GLCDFGLUE_ND_086.jpg,Groundnut,ND,derived,9e1c7a385e68956a,Nutrition Deficiency
Z:\Projects\Smart-Farming\Datasets\final_combined_datasets\GLCDfGLUE\ND\GLCDFGLUE_ND_087.jpg,Groundnut,ND,derived,ca0324e41ef19f73,Nutrition Deficiency
Z:\Projects\Smart-Farming\Datasets\final_combined_datasets\GLCDfGLUE\ND\GLCDFGLUE_ND_088.jpg,Groundnut,ND,derived,9f4e75905d9d5c04,Nutrition Deficiency
Z:\Projects\Smart-Farming\Datasets\final_combined_datasets\GLCDfGLUE\ND\GLCDFGLUE_ND_089.jpg,Groundnut,ND,derived,c91b20c63cea3d6b,Nutrition Deficiency
Z:\Projects\Smart-Farming\Datasets\final_combined_datasets\GLCDfGLUE\ND\GLCDFGLUE_ND_092.jpg,Groundnut,ND,derived,ca1b26e50bec1bb1,Nutrition Deficiency
Z:\Projects\Smart-Farming\Datasets\final_combined_datasets\GLCDfGLUE\ND\GLCDFGLUE_ND_093.jpg,Groundnut,ND,derived,9c6c76bb67394430,Nutrition Deficiency
Z:\Projects\Smart-Farming\Datasets\final_combined_datasets\GLCDfGLUE\ND\GLCDFGLUE_ND_094.jpg,Groundnut,ND,derived,9f4e70905aad5ae4,Nutrition Deficiency
Z:\Projects\Smart-Farming\Datasets\final_combined_datasets\GLCDfGLUE\ND\GLCDFGLUE_ND_095.jpg,Groundnut,ND,derived,c11822e6386fb9e7,Nutrition Deficiency
Z:\Projects\Smart-Farming\Datasets\final_combined_datasets\GLCDfGLUE\ND\GLCDFGLUE_ND_096.jpg,Groundnut,ND,derived,9e5261b04ba7cee4,Nutrition Deficiency
Z:\Projects\Smart-Farming\Datasets\final_combined_datasets\GLCDfGLUE\ND\GLCDFGLUE_ND_097.jpg,Groundnut,ND,derived,9e4d36d26301743f,Nutrition Deficiency
Z:\Projects\Smart-Farming\Datasets\final_combined_datasets\GLCDfGLUE\ND\GLCDFGLUE_ND_098.jpg,Groundnut,ND,derived,ca1b24c50fe90ff1,Nutrition Deficiency
Z:\Projects\Smart-Farming\Datasets\final_combined_datasets\GLCDfGLUE\ND\GLCDFGLUE_ND_099.jpg,Groundnut,ND,derived,cf0b27e41f211f31,Nutrition Deficiency
Z:\Projects\Smart-Farming\Datasets\final_combined_datasets\GLCDfGLUE\ND\GLCDFGLUE_ND_101.jpg,Groundnut,ND,derived,cf0125e00f38fd37,Nutrition Deficiency
Z:\Projects\Smart-Farming\Datasets\final_combined_datasets\GLCDfGLUE\ND\GLCDFGLUE_ND_102.jpg,Groundnut,ND,derived,d92330e71ee299b1,Nutrition Deficiency
Z:\Projects\Smart-Farming\Datasets\final_combined_datasets\GLCDfGLUE\ND\GLCDFGLUE_ND_104.jpg,Groundnut,ND,derived,cf092f200f39553f,Nutrition Deficiency
Z:\Projects\Smart-Farming\Datasets\final_combined_datasets\GLCDfGLUE\ND\GLCDFGLUE_ND_105.jpg,Groundnut,ND,derived,9c4473ab63af07b0,Nutrition Deficiency
Z:\Projects\Smart-Farming\Datasets\final_combined_datasets\GLCDfGLUE\ND\GLCDFGLUE_ND_106.jpg,Groundnut,ND,derived,9f1e76385e4e0156,Nutrition Deficiency
Z:\Projects\Smart-Farming\Datasets\final_combined_datasets\GLCDfGLUE\ND\GLCDFGLUE_ND_107.jpg,Groundnut,ND,derived,9c6d76ab663144f0,Nutrition Deficiency
Z:\Projects\Smart-Farming\Datasets\final_combined_datasets\GLCDfGLUE\ND\GLCDFGLUE_ND_108.jpg,Groundnut,ND,derived,9f0e70b85ead5464,Nutrition Deficiency
Z:\Projects\Smart-Farming\Datasets\final_combined_datasets\GLCDfGLUE\ND\GLCDFGLUE_ND_110.jpg,Groundnut,ND,derived,ca1b27c40ff80fb1,Nutrition Deficiency
Z:\Projects\Smart-Farming\Datasets\final_combined_datasets\GLCDfGLUE\ND\GLCDFGLUE_ND_111.jpg,Groundnut,ND,derived,9b5578b15a659a64,Nutrition Deficiency
Z:\Projects\Smart-Farming\Datasets\final_combined_datasets\GLCDfGLUE\ND\GLCDFGLUE_ND_112.jpg,Groundnut,ND,derived,c91033e63ae3b9a3,Nutrition Deficiency
Z:\Projects\Smart-Farming\Datasets\final_combined_datasets\GLCDfGLUE\ND\GLCDFGLUE_ND_113.jpg,Groundnut,ND,derived,985479f54a65b86a,Nutrition Deficiency
Z:\Projects\Smart-Farming\Datasets\final_combined_datasets\GLCDfGLUE\ND\GLCDFGLUE_ND_114.jpg,Groundnut,ND,derived,9c4e34b263336c3e,Nutrition Deficiency
Z:\Projects\Smart-Farming\Datasets\final_combined_datasets\GLCDfGLUE\ND\GLCDFGLUE_ND_115.jpg,Groundnut,ND,derived,cb1a65c53e4e294b,Nutrition Deficiency
Z:\Projects\Smart-Farming\Datasets\final_combined_datasets\GLCDfGLUE\ND\GLCDFGLUE_ND_116.jpg,Groundnut,ND,derived,c11222e63ce7b9e3,Nutrition Deficiency
Z:\Projects\Smart-Farming\Datasets\final_combined_datasets\GLCDfGLUE\ND\GLCDFGLUE_ND_117.jpg,Groundnut,ND,derived,c90b24863ea1bf73,Nutrition Deficiency
Z:\Projects\Smart-Farming\Datasets\final_combined_datasets\GLCDfGLUE\ND\GLCDFGLUE_ND_118.jpg,Groundnut,ND,derived,945671b36936e836,Nutrition Deficiency
Z:\Projects\Smart-Farming\Datasets\final_combined_datasets\GLCDfGLUE\ND\GLCDFGLUE_ND_121.jpg,Groundnut,ND,derived,ca0a2de40f788f37,Nutrition Deficiency
Z:\Projects\Smart-Farming\Datasets\final_combined_datasets\GLCDfGLUE\ND\GLCDFGLUE_ND_122.jpg,Groundnut,ND,derived,cb0825e80f38ef37,Nutrition Deficiency
Z:\Projects\Smart-Farming\Datasets\final_combined_datasets\GLCDfGLUE\ND\GLCDFGLUE_ND_124.jpg,Groundnut,ND,derived,9c4576bb632b24f0,Nutrition Deficiency
Z:\Projects\Smart-Farming\Datasets\final_combined_datasets\GLCDfGLUE\ND\GLCDFGLUE_ND_125.jpg,Groundnut,ND,derived,9e4e72955ae45a64,Nutrition Deficiency
Z:\Projects\Smart-Farming\Datasets\final_combined_datasets\GLCDfGLUE\ND\GLCDFGLUE_ND_126.jpg,Groundnut,ND,derived,9c4d779b630960f8,Nutrition Deficiency
Z:\Projects\Smart-Farming\Datasets\final_combined_datasets\GLCDfGLUE\ND\GLCDFGLUE_ND_128.jpg,Groundnut,ND,derived,985471b55a75d865,Nutrition Deficiency
Z:\Projects\Smart-Farming\Datasets\final_combined_datasets\GLCDfGLUE\ND\GLCDFGLUE_ND_129.jpg,Groundnut,ND,derived,c91730e73ea2b9a1,Nutrition Deficiency
Z:\Projects\Smart-Farming\Datasets\final_combined_datasets\GLCDfGLUE\ND\GLCDFGLUE_ND_130.jpg,Groundnut,ND,derived,c93923fe33741165,Nutrition Deficiency
Z:\Projects\Smart-Farming\Datasets\final_combined_datasets\GLCDfGLUE\ND\GLCDFGLUE_ND_131.jpg,Groundnut,ND,derived,c90b24e41fa91f73,Nutrition Deficiency
Z:\Projects\Smart-Farming\Datasets\final_combined_datasets\GLCDfGLUE\ND\GLCDFGLUE_ND_132.jpg,Groundnut,ND,derived,cf022ce51f708fb1,Nutrition Deficiency
Z:\Projects\Smart-Farming\Datasets\final_combined_datasets\GLCDfGLUE\ND\GLCDFGLUE_ND_133.jpg,Groundnut,ND,derived,9f4e7191499d5d06,Nutrition Deficiency
Z:\Projects\Smart-Farming\Datasets\final_combined_datasets\GLCDfGLUE\ND\GLCDFGLUE_ND_134.jpg,Groundnut,ND,derived,c93933ee32e439a1,Nutrition Deficiency
Z:\Projects\Smart-Farming\Datasets\final_combined_datasets\GLCDfGLUE\ND\GLCDFGLUE_ND_135.jpg,Groundnut,ND,derived,9f1d70b95c6d9062,Nutrition Deficiency
Z:\Projects\Smart-Farming\Datasets\final_combined_datasets\GLCDfGLUE\ND\GLCDFGLUE_ND_136.jpg,Groundnut,ND,derived,ca5b236d0b1bf603,Nutrition Deficiency
Z:\Projects\Smart-Farming\Datasets\final_combined_datasets\GLCDfGLUE\ND\GLCDFGLUE_ND_137.jpg,Groundnut,ND,derived,ca1324e51e670f73,Nutrition Deficiency
Z:\Projects\Smart-Farming\Datasets\final_combined_datasets\GLCDfGLUE\ND\GLCDFGLUE_ND_138.jpg,Groundnut,ND,derived,c91734e71e6219e3,Nutrition Deficiency
Z:\Projects\Smart-Farming\Datasets\final_combined_datasets\GLCDfGLUE\ND\GLCDFGLUE_ND_139.jpg,Groundnut,ND,derived,9c4671b24b374ab6,Nutrition Deficiency
Z:\Projects\Smart-Farming\Datasets\final_combined_datasets\GLCDfGLUE\ND\GLCDFGLUE_ND_141.jpg,Groundnut,ND,derived,aca69c43a941ee5d,Nutrition Deficiency
Z:\Projects\Smart-Farming\Datasets\final_combined_datasets\GLCDfGLUE\ND\GLCDFGLUE_ND_142.jpg,Groundnut,ND,derived,aba49343a8ddfa03,Nutrition Deficiency
Z:\Projects\Smart-Farming\Datasets\final_combined_datasets\GLCDfGLUE\ND\GLCDFGLUE_ND_144.jpg,Groundnut,ND,derived,aaa69a57281e6f16,Nutrition Deficiency
Z:\Projects\Smart-Farming\Datasets\final_combined_datasets\GLCDfGLUE\ND\GLCDFGLUE_ND_145.jpg,Groundnut,ND,derived,b0bd911c69b4a277,Nutrition Deficiency
Z:\Projects\Smart-Farming\Datasets\final_combined_datasets\GLCDfGLUE\ND\GLCDFGLUE_ND_146.jpg,Groundnut,ND,derived,e5dcc5880fc93ea8,Nutrition Deficiency
Z:\Projects\Smart-Farming\Datasets\final_combined_datasets\GLCDfGLUE\ND\GLCDFGLUE_ND_148.jpg,Groundnut,ND,derived,b7a8974b1d8e0b07,Nutrition Deficiency
Z:\Projects\Smart-Farming\Datasets\final_combined_datasets\GLCDfGLUE\ND\GLCDFGLUE_ND_149.jpg,Groundnut,ND,derived,baa59a4738be2516,Nutrition Deficiency
Z:\Projects\Smart-Farming\Datasets\final_combined_datasets\GLCDfGLUE\ND\GLCDFGLUE_ND_150.jpg,Groundnut,ND,derived,f9774b1e701df001,Nutrition Deficiency
Z:\Projects\Smart-Farming\Datasets\final_combined_datasets\GLCDfGLUE\ND\GLCDFGLUE_ND_151.jpg,Groundnut,ND,derived,f977491ef00db228,Nutrition Deficiency
Z:\Projects\Smart-Farming\Datasets\final_combined_datasets\GLCDfGLUE\ND\GLCDFGLUE_ND_153.jpg,Groundnut,ND,derived,a2959a4f7a8e2555,Nutrition Deficiency
Z:\Projects\Smart-Farming\Datasets\final_combined_datasets\GLCDfGLUE\ND\GLCDFGLUE_ND_154.jpg,Groundnut,ND,derived,e7f0c6126edb5242,Nutrition Deficiency
Z:\Projects\Smart-Farming\Datasets\final_combined_datasets\GLCDfGLUE\ND\GLCDFGLUE_ND_156.jpg,Groundnut,ND,derived,aaa69a53283e673a,Nutrition Deficiency
Z:\Projects\Smart-Farming\Datasets\final_combined_datasets\GLCDfGLUE\ND\GLCDFGLUE_ND_157.jpg,Groundnut,ND,derived,aca69642ba51fe51,Nutrition Deficiency
Z:\Projects\Smart-Farming\Datasets\final_combined_datasets\GLCDfGLUE\ND\GLCDFGLUE_ND_158.jpg,Groundnut,ND,derived,f8f54a37c215b42c,Nutrition Deficiency
Z:\Projects\Smart-Farming\Datasets\final_combined_datasets\GLCDfGLUE\ND\GLCDFGLUE_ND_159.jpg,Groundnut,ND,derived,f7e0cf1a2eda0093,Nutrition Deficiency
Z:\Projects\Smart-Farming\Datasets\final_combined_datasets\GLCDfGLUE\ND\GLCDFGLUE_ND_161.jpg,Groundnut,ND,derived,a8a6b853287f663a,Nutrition Deficiency
Z:\Projects\Smart-Farming\Datasets\final_combined_datasets\GLCDfGLUE\ND\GLCDFGLUE_ND_162.jpg,Groundnut,ND,derived,e5ecc5091de17f20,Nutrition Deficiency
Z:\Projects\Smart-Farming\Datasets\final_combined_datasets\GLCDfGLUE\ND\GLCDFGLUE_ND_164.jpg,Groundnut,ND,derived,a0a69843ad7d6e3c,Nutrition Deficiency
Z:\Projects\Smart-Farming\Datasets\final_combined_datasets\GLCDfGLUE\ND\GLCDFGLUE_ND_165.jpg,Groundnut,ND,derived,a2b59a4bba8d15aa,Nutrition Deficiency
Z:\Projects\Smart-Farming\Datasets\final_combined_datasets\GLCDfGLUE\ND\GLCDFGLUE_ND_166.jpg,Groundnut,ND,derived,ada05e6b570b45aa,Nutrition Deficiency
Z:\Projects\Smart-Farming\Datasets\final_combined_datasets\GLCDfGLUE\ND\GLCDFGLUE_ND_167.jpg,Groundnut,ND,derived,f173c91e7028336d,Nutrition Deficiency
Z:\Projects\Smart-Farming\Datasets\final_combined_datasets\GLCDfGLUE\ND\GLCDFGLUE_ND_168.jpg,Groundnut,ND,derived,e7e8c6092cfb7620,Nutrition Deficiency
Z:\Projects\Smart-Farming\Datasets\final_combined_datasets\GLCDfGLUE\ND\GLCDFGLUE_ND_169.jpg,Groundnut,ND,derived,f1734b1ef00db309,Nutrition Deficiency
Z:\Projects\Smart-Farming\Datasets\final_combined_datasets\GLCDfGLUE\ND\GLCDFGLUE_ND_170.jpg,Groundnut,ND,derived,ada496629b40eef1,Nutrition Deficiency
Z:\Projects\Smart-Farming\Datasets\final_combined_datasets\GLCDfGLUE\ND\GLCDFGLUE_ND_171.jpg,Groundnut,ND,derived,f4e0c616ec80ef5a,Nutrition Deficiency
Z:\Projects\Smart-Farming\Datasets\final_combined_datasets\GLCDfGLUE\ND\GLCDFGLUE_ND_172.jpg,Groundnut,ND,derived,ad649d41295d703f,Nutrition Deficiency
Z:\Projects\Smart-Farming\Datasets\final_combined_datasets\GLCDfGLUE\ND\GLCDFGLUE_ND_173.jpg,Groundnut,ND,derived,a2b59a41facd558a,Nutrition Deficiency
Z:\Projects\Smart-Farming\Datasets\final_combined_datasets\GLCDfGLUE\ND\GLCDFGLUE_ND_174.jpg,Groundnut,ND,derived,f7f4c604ed9d5014,Nutrition Deficiency
Z:\Projects\Smart-Farming\Datasets\final_combined_datasets\GLCDfGLUE\ND\GLCDFGLUE_ND_175.jpg,Groundnut,ND,derived,ada417629f40b3f1,Nutrition Deficiency
Z:\Projects\Smart-Farming\Datasets\final_combined_datasets\GLCDfGLUE\ND\GLCDFGLUE_ND_176.jpg,Groundnut,ND,derived,e6f0cf026ceb604b,Nutrition Deficiency
Z:\Projects\Smart-Farming\Datasets\final_combined_datasets\GLCDfGLUE\ND\GLCDFGLUE_ND_177.jpg,Groundnut,ND,derived,e3fcc21c0cdd56b0,Nutrition Deficiency
Z:\Projects\Smart-Farming\Datasets\final_combined_datasets\GLCDfGLUE\ND\GLCDFGLUE_ND_178.jpg,Groundnut,ND,derived,f9f14337c415ab84,Nutrition Deficiency
Z:\Projects\Smart-Farming\Datasets\final_combined_datasets\GLCDfGLUE\ND\GLCDFGLUE_ND_179.jpg,Groundnut,ND,derived,e6f8c6093ce97720,Nutrition Deficiency
Z:\Projects\Smart-Farming\Datasets\final_combined_datasets\GLCDfGLUE\ND\GLCDFGLUE_ND_182.jpg,Groundnut,ND,derived,f8f1c317ed04ab84,Nutrition Deficiency
Z:\Projects\Smart-Farming\Datasets\final_combined_datasets\GLCDfGLUE\ND\GLCDFGLUE_ND_183.jpg,Groundnut,ND,derived,b0bd909c49bc2bf4,Nutrition Deficiency
Z:\Projects\Smart-Farming\Datasets\final_combined_datasets\GLCDfGLUE\ND\GLCDFGLUE_ND_184.jpg,Groundnut,ND,derived,f9f3093e501fb00d,Nutrition Deficiency
Z:\Projects\Smart-Farming\Datasets\final_combined_datasets\GLCDfGLUE\ND\GLCDFGLUE_ND_185.jpg,Groundnut,ND,derived,b2bd915c69bc2271,Nutrition Deficiency
Z:\Projects\Smart-Farming\Datasets\final_combined_datasets\GLCDfGLUE\ND\GLCDFGLUE_ND_186.jpg,Groundnut,ND,derived,a0a69b42a97d7e2a,Nutrition Deficiency
Z:\Projects\Smart-Farming\Datasets\final_combined_datasets\GLCDfGLUE\ND\GLCDFGLUE_ND_187.jpg,Groundnut,ND,derived,f6f0c614ed886956,Nutrition Deficiency
Z:\Projects\Smart-Farming\Datasets\final_combined_datasets\GLCDfGLUE\ND\GLCDFGLUE_ND_188.jpg,Groundnut,ND,derived,ac269c4b285d673e,Nutrition Deficiency
Z:\Projects\Smart-Farming\Datasets\final_combined_datasets\GLCDfGLUE\ND\GLCDFGLUE_ND_189.jpg,Groundnut,ND,derived,aca49e42aa51ee75,Nutrition Deficiency
Z:\Projects\Smart-Farming\Datasets\final_combined_datasets\GLCDfGLUE\ND\GLCDFGLUE_ND_190.jpg,Groundnut,ND,derived,f4f2ce12ec00eb5a,Nutrition Deficiency
Z:\Projects\Smart-Farming\Datasets\final_combined_datasets\GLCDfGLUE\ND\GLCDFGLUE_ND_191.jpg,Groundnut,ND,derived,e1eec19e055b56b0,Nutrition Deficiency
Z:\Projects\Smart-Farming\Datasets\final_combined_datasets\GLCDfGLUE\ND\GLCDFGLUE_ND_192.jpg,Groundnut,ND,derived,f7e0cf126cca406b,Nutrition Deficiency
Z:\Projects\Smart-Farming\Datasets\final_combined_datasets\GLCDfGLUE\ND\GLCDFGLUE_ND_193.jpg,Groundnut,ND,derived,baa59a47281f6517,Nutrition Deficiency
Z:\Projects\Smart-Farming\Datasets\final_combined_datasets\GLCDfGLUE\ND\GLCDFGLUE_ND_194.jpg,Groundnut,ND,derived,ada05e6bc50a457e,Nutrition Deficiency
Z:\Projects\Smart-Farming\Datasets\final_combined_datasets\GLCDfGLUE\ND\GLCDFGLUE_ND_195.jpg,Groundnut,ND,derived,ad201e4ba558e77c,Nutrition Deficiency
Z:\Projects\Smart-Farming\Datasets\final_combined_datasets\GLCDfGLUE\ND\GLCDFGLUE_ND_196.jpg,Groundnut,ND,derived,a2b59a43b9dd06aa,Nutrition Deficiency
Z:\Projects\Smart-Farming\Datasets\final_combined_datasets\GLCDfGLUE\ND\GLCDFGLUE_ND_197.jpg,Groundnut,ND,derived,a2b59a4b7a8d15c6,Nutrition Deficiency
Z:\Projects\Smart-Farming\Datasets\final_combined_datasets\GLCDfGLUE\ND\GLCDFGLUE_ND_199.jpg,Groundnut,ND,derived,f5f3cc16e8082b6a,Nutrition Deficiency
Z:\Projects\Smart-Farming\Datasets\final_combined_datasets\GLCDfGLUE\ND\GLCDFGLUE_ND_200.jpg,Groundnut,ND,derived,b3a8915c798e6335,Nutrition Deficiency
Z:\Projects\Smart-Farming\Datasets\final_combined_datasets\GLCDfGLUE\ND\GLCDFGLUE_ND_201.jpg,Groundnut,ND,derived,aea69e43aa41fe41,Nutrition Deficiency
Z:\Projects\Smart-Farming\Datasets\final_combined_datasets\GLCDfGLUE\ND\GLCDFGLUE_ND_202.jpg,Groundnut,ND,derived,a3b5bb5a69b04532,Nutrition Deficiency
Z:\Projects\Smart-Farming\Datasets\final_combined_datasets\GLCDfGLUE\ND\GLCDFGLUE_ND_203.jpg,Groundnut,ND,derived,e5fcc40d0cd97ea0,Nutrition Deficiency
Z:\Projects\Smart-Farming\Datasets\final_combined_datasets\GLCDfGLUE\ND\GLCDFGLUE_ND_204.jpg,Groundnut,ND,derived,e7c8cfcd28e93025,Nutrition Deficiency
Z:\Projects\Smart-Farming\Datasets\final_combined_datasets\GLCDfGLUE\ND\GLCDFGLUE_ND_205.jpg,Groundnut,ND,derived,aaa79643bac1fe01,Nutrition Deficiency
Z:\Projects\Smart-Farming\Datasets\final_combined_datasets\GLCDfGLUE\ND\GLCDFGLUE_ND_207.jpg,Groundnut,ND,derived,e5e8c5493ce17227,Nutrition Deficiency
Z:\Projects\Smart-Farming\Datasets\final_combined_datasets\GLCDfGLUE\ND\GLCDFGLUE_ND_208.jpg,Groundnut,ND,derived,fff0cb106d512951,Nutrition Deficiency
Z:\Projects\Smart-Farming\Datasets\final_combined_datasets\GLCDfGLUE\ND\GLCDFGLUE_ND_209.jpg,Groundnut,ND,derived,85432a2d25767c77,Nutrition Deficiency
Z:\Projects\Smart-Farming\Datasets\final_combined_datasets\GLCDfGLUE\ND\GLCDFGLUE_ND_210.jpg,Groundnut,ND,derived,876b6a4d2f2ca03e,Nutrition Deficiency
Z:\Projects\Smart-Farming\Datasets\final_combined_datasets\GLCDfGLUE\ND\GLCDFGLUE_ND_212.jpg,Groundnut,ND,derived,c3177d6870eb2b22,Nutrition Deficiency
Z:\Projects\Smart-Farming\Datasets\final_combined_datasets\GLCDfGLUE\ND\GLCDFGLUE_ND_213.jpg,Groundnut,ND,derived,d1352f7a7ef00262,Nutrition Deficiency
Z:\Projects\Smart-Farming\Datasets\final_combined_datasets\GLCDfGLUE\ND\GLCDFGLUE_ND_214.jpg,Groundnut,ND,derived,823b2f297969f521,Nutrition Deficiency
Z:\Projects\Smart-Farming\Datasets\final_combined_datasets\GLCDfGLUE\ND\GLCDFGLUE_ND_215.jpg,Groundnut,ND,derived,db3f7f0171c5c006,Nutrition Deficiency
Z:\Projects\Smart-Farming\Datasets\final_combined_datasets\GLCDfGLUE\ND\GLCDFGLUE_ND_216.jpg,Groundnut,ND,derived,d2127e697107a0ef,Nutrition Deficiency
Z:\Projects\Smart-Farming\Datasets\final_combined_datasets\GLCDfGLUE\ND\GLCDFGLUE_ND_218.jpg,Groundnut,ND,derived,8b387c2de0fde206,Nutrition Deficiency
Z:\Projects\Smart-Farming\Datasets\final_combined_datasets\GLCDfGLUE\ND\GLCDFGLUE_ND_219.jpg,Groundnut,ND,derived,d3127c6527af0d85,Nutrition Deficiency
Z:\Projects\Smart-Farming\Datasets\final_combined_datasets\GLCDfGLUE\ND\GLCDFGLUE_ND_220.jpg,Groundnut,ND,derived,8e6d29582683a7db,Nutrition Deficiency
Z:\Projects\Smart-Farming\Datasets\final_combined_datasets\GLCDfGLUE\ND\GLCDFGLUE_ND_221.jpg,Groundnut,ND,derived,d0167f6870e0fce2,Nutrition Deficiency
Z:\Projects\Smart-Farming\Datasets\final_combined_datasets\GLCDfGLUE\ND\GLCDFGLUE_ND_222.jpg,Groundnut,ND,derived,84607abf57d4d292,Nutrition Deficiency
Z:\Projects\Smart-Farming\Datasets\final_combined_datasets\GLCDfGLUE\ND\GLCDFGLUE_ND_223.jpg,Groundnut,ND,derived,db38780570d6f28e,Nutrition Deficiency
Z:\Projects\Smart-Farming\Datasets\final_combined_datasets\GLCDfGLUE\ND\GLCDFGLUE_ND_225.jpg,Groundnut,ND,derived,d3127ce13baf1f00,Nutrition Deficiency
Z:\Projects\Smart-Farming\Datasets\final_combined_datasets\GLCDfGLUE\ND\GLCDFGLUE_ND_226.jpg,Groundnut,ND,derived,9747291475d2f5b0,Nutrition Deficiency
Z:\Projects\Smart-Farming\Datasets\final_combined_datasets\GLCDfGLUE\ND\GLCDFGLUE_ND_227.jpg,Groundnut,ND,derived,9f6f2a7c2404a3ba,Nutrition Deficiency
Z:\Projects\Smart-Farming\Datasets\final_combined_datasets\GLCDfGLUE\ND\GLCDFGLUE_ND_228.jpg,Groundnut,ND,derived,8b3e3f2928f9f420,Nutrition Deficiency
Z:\Projects\Smart-Farming\Datasets\final_combined_datasets\GLCDfGLUE\ND\GLCDFGLUE_ND_229.jpg,Groundnut,ND,derived,8747293435b0fdb8,Nutrition Deficiency
Z:\Projects\Smart-Farming\Datasets\final_combined_datasets\GLCDfGLUE\ND\GLCDFGLUE_ND_231.jpg,Groundnut,ND,derived,cb3f7f096145d604,Nutrition Deficiency
Z:\Projects\Smart-Farming\Datasets\final_combined_datasets\GLCDfGLUE\ND\GLCDFGLUE_ND_233.jpg,Groundnut,ND,derived,d1353f6923818bc7,Nutrition Deficiency
Z:\Projects\Smart-Farming\Datasets\final_combined_datasets\GLCDfGLUE\ND\GLCDFGLUE_ND_234.jpg,Groundnut,ND,derived,cb3a7c017141e2ef,Nutrition Deficiency
Z:\Projects\Smart-Farming\Datasets\final_combined_datasets\GLCDfGLUE\ND\GLCDFGLUE_ND_235.jpg,Groundnut,ND,derived,84403a2f67b55e37,Nutrition Deficiency
Z:\Projects\Smart-Farming\Datasets\final_combined_datasets\GLCDfGLUE\ND\GLCDFGLUE_ND_236.jpg,Groundnut,ND,derived,de6b6a7c28aca074,Nutrition Deficiency
Z:\Projects\Smart-Farming\Datasets\final_combined_datasets\GLCDfGLUE\ND\GLCDFGLUE_ND_239.jpg,Groundnut,ND,derived,de6c297c3528a752,Nutrition Deficiency
Z:\Projects\Smart-Farming\Datasets\final_combined_datasets\GLCDfGLUE\ND\GLCDFGLUE_ND_240.jpg,Groundnut,ND,derived,84606fbf67f50a50,Nutrition Deficiency
Z:\Projects\Smart-Farming\Datasets\final_combined_datasets\GLCDfGLUE\ND\GLCDFGLUE_ND_244.jpg,Groundnut,ND,derived,d1352f7a3ae22b22,Nutrition Deficiency
Z:\Projects\Smart-Farming\Datasets\final_combined_datasets\GLCDfGLUE\ND\GLCDFGLUE_ND_245.jpg,Groundnut,ND,derived,db12704561c7a8f7,Nutrition Deficiency
Z:\Projects\Smart-Farming\Datasets\final_combined_datasets\GLCDfGLUE\ND\GLCDFGLUE_ND_246.jpg,Groundnut,ND,derived,874f2b1d2511a5bb,Nutrition Deficiency
Z:\Projects\Smart-Farming\Datasets\final_combined_datasets\GLCDfGLUE\ND\GLCDFGLUE_ND_247.jpg,Groundnut,ND,derived,85422b2f25656e3f,Nutrition Deficiency
Z:\Projects\Smart-Farming\Datasets\final_combined_datasets\GLCDfGLUE\ND\GLCDFGLUE_ND_249.jpg,Groundnut,ND,derived,d1342e7a76f00ae6,Nutrition Deficiency
Z:\Projects\Smart-Farming\Datasets\final_combined_datasets\GLCDfGLUE\ND\GLCDFGLUE_ND_250.jpg,Groundnut,ND,derived,de6d69783da8a150,Nutrition Deficiency
Z:\Projects\Smart-Farming\Datasets\final_combined_datasets\GLCDfGLUE\ND\GLCDFGLUE_ND_251.jpg,Groundnut,ND,derived,c21e3f087859f54b,Nutrition Deficiency
Z:\Projects\Smart-Farming\Datasets\final_combined_datasets\GLCDfGLUE\ND\GLCDFGLUE_ND_252.jpg,Groundnut,ND,derived,825528bc7efa0a5b,Nutrition Deficiency
Z:\Projects\Smart-Farming\Datasets\final_combined_datasets\GLCDfGLUE\ND\GLCDFGLUE_ND_253.jpg,Groundnut,ND,derived,80606a2f6d745f3e,Nutrition Deficiency
Z:\Projects\Smart-Farming\Datasets\final_combined_datasets\GLCDfGLUE\ND\GLCDFGLUE_ND_254.jpg,Groundnut,ND,derived,c312756123e72f27,Nutrition Deficiency
Z:\Projects\Smart-Farming\Datasets\final_combined_datasets\GLCDfGLUE\ND\GLCDFGLUE_ND_255.jpg,Groundnut,ND,derived,8b3a3c293d11ff09,Nutrition Deficiency
Z:\Projects\Smart-Farming\Datasets\final_combined_datasets\GLCDfGLUE\ND\GLCDFGLUE_ND_256.jpg,Groundnut,ND,derived,c21a7e587512317f,Nutrition Deficiency
Z:\Projects\Smart-Farming\Datasets\final_combined_datasets\GLCDfGLUE\ND\GLCDFGLUE_ND_257.jpg,Groundnut,ND,derived,9e6e2a5c35149753,Nutrition Deficiency
Z:\Projects\Smart-Farming\Datasets\final_combined_datasets\GLCDfGLUE\ND\GLCDFGLUE_ND_258.jpg,Groundnut,ND,derived,874b2a6f2f28a2b6,Nutrition Deficiency
Z:\Projects\Smart-Farming\Datasets\final_combined_datasets\GLCDfGLUE\ND\GLCDFGLUE_ND_259.jpg,Groundnut,ND,derived,de6a287c3518a357,Nutrition Deficiency
Z:\Projects\Smart-Farming\Datasets\final_combined_datasets\GLCDfGLUE\ND\GLCDFGLUE_ND_261.jpg,Groundnut,ND,derived,d1157f783aa32b22,Nutrition Deficiency
Z:\Projects\Smart-Farming\Datasets\final_combined_datasets\GLCDfGLUE\ND\GLCDFGLUE_ND_262.jpg,Groundnut,ND,derived,8747293c24fa7875,Nutrition Deficiency
Z:\Projects\Smart-Farming\Datasets\final_combined_datasets\GLCDfGLUE\ND\GLCDFGLUE_ND_265.jpg,Groundnut,ND,derived,8b383c29297df625,Nutrition Deficiency
Z:\Projects\Smart-Farming\Datasets\final_combined_datasets\GLCDfGLUE\ND\GLCDFGLUE_ND_266.jpg,Groundnut,ND,derived,816128bd2db4b8bf,Nutrition Deficiency
Z:\Projects\Smart-Farming\Datasets\final_combined_datasets\GLCDfGLUE\ND\GLCDFGLUE_ND_268.jpg,Groundnut,ND,derived,8f6f29143491b5ba,Nutrition Deficiency
Z:\Projects\Smart-Farming\Datasets\final_combined_datasets\GLCDfGLUE\ND\GLCDFGLUE_ND_269.jpg,Groundnut,ND,derived,d3127d6525878dc5,Nutrition Deficiency
Z:\Projects\Smart-Farming\Datasets\final_combined_datasets\GLCDfGLUE\ND\GLCDFGLUE_ND_270.jpg,Groundnut,ND,derived,cb387c097155f646,Nutrition Deficiency
Z:\Projects\Smart-Farming\Datasets\final_combined_datasets\GLCDfGLUE\ND\GLCDFGLUE_ND_271.jpg,Groundnut,ND,derived,d0167f687181ade3,Nutrition Deficiency
Z:\Projects\Smart-Farming\Datasets\final_combined_datasets\GLCDfGLUE\ND\GLCDFGLUE_ND_272.jpg,Groundnut,ND,derived,874f2b4d2455663e,Nutrition Deficiency
Z:\Projects\Smart-Farming\Datasets\final_combined_datasets\GLCDfGLUE\ND\GLCDFGLUE_ND_273.jpg,Groundnut,ND,derived,d0307c6161e5eced,Nutrition Deficiency
Z:\Projects\Smart-Farming\Datasets\final_combined_datasets\GLCDfGLUE\ND\GLCDFGLUE_ND_274.jpg,Groundnut,ND,derived,c5802fedd51b748a,Nutrition Deficiency
Z:\Projects\Smart-Farming\Datasets\final_combined_datasets\GLCDfGLUE\ND\GLCDFGLUE_ND_276.jpg,Groundnut,ND,derived,c11d72c6bf9590a5,Nutrition Deficiency
Z:\Projects\Smart-Farming\Datasets\final_combined_datasets\GLCDfGLUE\ND\GLCDFGLUE_ND_277.jpg,Groundnut,ND,derived,905f21b3c1ee5716,Nutrition Deficiency
Z:\Projects\Smart-Farming\Datasets\final_combined_datasets\GLCDfGLUE\ND\GLCDFGLUE_ND_278.jpg,Groundnut,ND,derived,d40f30e4d2fb7245,Nutrition Deficiency
Z:\Projects\Smart-Farming\Datasets\final_combined_datasets\GLCDfGLUE\ND\GLCDFGLUE_ND_279.jpg,Groundnut,ND,derived,c51a71e21db109ef,Nutrition Deficiency
Z:\Projects\Smart-Farming\Datasets\final_combined_datasets\GLCDfGLUE\ND\GLCDFGLUE_ND_280.jpg,Groundnut,ND,derived,805b65b1e3ae67a4,Nutrition Deficiency
Z:\Projects\Smart-Farming\Datasets\final_combined_datasets\GLCDfGLUE\ND\GLCDFGLUE_ND_283.jpg,Groundnut,ND,derived,c50739e4a5ba3e51,Nutrition Deficiency
Z:\Projects\Smart-Farming\Datasets\final_combined_datasets\GLCDfGLUE\ND\GLCDFGLUE_ND_285.jpg,Groundnut,ND,derived,d50e34e496fa7251,Nutrition Deficiency
Z:\Projects\Smart-Farming\Datasets\final_combined_datasets\GLCDfGLUE\ND\GLCDFGLUE_ND_286.jpg,Groundnut,ND,derived,c31a73c698919ba7,Nutrition Deficiency
Z:\Projects\Smart-Farming\Datasets\final_combined_datasets\GLCDfGLUE\ND\GLCDFGLUE_ND_288.jpg,Groundnut,ND,derived,944b279b60c5c5f6,Nutrition Deficiency
Z:\Projects\Smart-Farming\Datasets\final_combined_datasets\GLCDfGLUE\ND\GLCDFGLUE_ND_289.jpg,Groundnut,ND,derived,905d78b9850f27bc,Nutrition Deficiency
Z:\Projects\Smart-Farming\Datasets\final_combined_datasets\GLCDfGLUE\ND\GLCDFGLUE_ND_290.jpg,Groundnut,ND,derived,944e231078cbe9ef,Nutrition Deficiency
Z:\Projects\Smart-Farming\Datasets\final_combined_datasets\GLFCE\Ros\GLFCE_Ros_001.jpg,Groundnut,Ros,closed,8a1e7c79a42c8be3,Rosette
Z:\Projects\Smart-Farming\Datasets\final_combined_datasets\GLFCE\Ros\GLFCE_Ros_002.jpg,Groundnut,Ros,closed,c28bbd71b3bc5580,Rosette
Z:\Projects\Smart-Farming\Datasets\final_combined_datasets\GLFCE\Ros\GLFCE_Ros_003.jpg,Groundnut,Ros,closed,d8e76cc1c1913b69,Rosette
Z:\Projects\Smart-Farming\Datasets\final_combined_datasets\GLFCE\Ros\GLFCE_Ros_004.jpg,Groundnut,Ros,closed,c9f8caa26fec3904,Rosette
Z:\Projects\Smart-Farming\Datasets\final_combined_datasets\GLFCE\Ros\GLFCE_Ros_005.jpg,Groundnut,Ros,closed,ad9784dfd8964a82,Rosette
Z:\Projects\Smart-Farming\Datasets\final_combined_datasets\GLFCE\Ros\GLFCE_Ros_006.jpg,Groundnut,Ros,closed,87edf928a84a83b5,Rosette
Z:\Projects\Smart-Farming\Datasets\final_combined_datasets\GLFCE\Ros\GLFCE_Ros_007.jpg,Groundnut,Ros,closed,88287c42f3da7bb4,Rosette
Z:\Projects\Smart-Farming\Datasets\final_combined_datasets\GLFCE\Ros\GLFCE_Ros_008.jpg,Groundnut,Ros,closed,dea76cc0c1933969,Rosette
Z:\Projects\Smart-Farming\Datasets\final_combined_datasets\GLFCE\Ros\GLFCE_Ros_009.jpg,Groundnut,Ros,closed,9a9b69d42cc5c3e4,Rosette
Z:\Projects\Smart-Farming\Datasets\final_combined_datasets\GLFCE\Ros\GLFCE_Ros_010.jpg,Groundnut,Ros,closed,dbe334641c9bc562,Rosette
Z:\Projects\Smart-Farming\Datasets\final_combined_datasets\GLFCE\Ros\GLFCE_Ros_011.jpg,Groundnut,Ros,closed,f6862927395e9925,Rosette
Z:\Projects\Smart-Farming\Datasets\final_combined_datasets\GLFCE\Ros\GLFCE_Ros_012.jpg,Groundnut,Ros,closed,e6927b51f25605e1,Rosette
Z:\Projects\Smart-Farming\Datasets\final_combined_datasets\GLFCE\Ros\GLFCE_Ros_013.jpg,Groundnut,Ros,closed,c0d7f5bc1dc99031,Rosette
Z:\Projects\Smart-Farming\Datasets\final_combined_datasets\GLFCE\Ros\GLFCE_Ros_014.jpg,Groundnut,Ros,closed,c0d7fdbc1fc29028,Rosette
Z:\Projects\Smart-Farming\Datasets\final_combined_datasets\GLFCE\Ros\GLFCE_Ros_015.jpg,Groundnut,Ros,closed,f55230be1dcc822f,Rosette
Z:\Projects\Smart-Farming\Datasets\final_combined_datasets\GLFCE\Ros\GLFCE_Ros_016.jpg,Groundnut,Ros,closed,c706e3a85b9ec06d,Rosette
Z:\Projects\Smart-Farming\Datasets\final_combined_datasets\GLFCE\Ros\GLFCE_Ros_017.jpg,Groundnut,Ros,closed,c420793f58da8767,Rosette
Z:\Projects\Smart-Farming\Datasets\final_combined_datasets\GLFCE\Ros\GLFCE_Ros_018.jpg,Groundnut,Ros,closed,8520793f58d6076f,Rosette
Z:\Projects\Smart-Farming\Datasets\final_combined_datasets\GLFCE\Ros\GLFCE_Ros_019.jpg,Groundnut,Ros,closed,bc4721f11bf4ec21,Rosette
Z:\Projects\Smart-Farming\Datasets\final_combined_datasets\GLFCE\Ros\GLFCE_Ros_020.jpg,Groundnut,Ros,closed,bc0761fb1af40d61,Rosette
Z:\Projects\Smart-Farming\Datasets\final_combined_datasets\GLFCE\Ros\GLFCE_Ros_021.jpg,Groundnut,Ros,closed,97cdf160ac694aa9,Rosette
Z:\Projects\Smart-Farming\Datasets\final_combined_datasets\GLFCE\Ros\GLFCE_Ros_022.jpg,Groundnut,Ros,closed,87cdf960a86cea89,Rosette
Z:\Projects\Smart-Farming\Datasets\final_combined_datasets\GLFCE\Ros\GLFCE_Ros_023.jpg,Groundnut,Ros,closed,f48c2ba37384ab5c,Rosette
Z:\Projects\Smart-Farming\Datasets\final_combined_datasets\GLFCE\Ros\GLFCE_Ros_024.jpg,Groundnut,Ros,closed,d07b3a9644cff40c,Rosette
Z:\Projects\Smart-Farming\Datasets\final_combined_datasets\GLFCE\Ros\GLFCE_Ros_025.jpg,Groundnut,Ros,closed,d71760f1397988e8,Rosette
Z:\Projects\Smart-Farming\Datasets\final_combined_datasets\GLFCE\Ros\GLFCE_Ros_026.jpg,Groundnut,Ros,closed,87666da95b1ac22b,Rosette
Z:\Projects\Smart-Farming\Datasets\final_combined_datasets\GLFCE\Ros\GLFCE_Ros_027.jpg,Groundnut,Ros,closed,87e66de1793a8262,Rosette
Z:\Projects\Smart-Farming\Datasets\final_combined_datasets\GLFCE\Ros\GLFCE_Ros_028.jpg,Groundnut,Ros,closed,8620e599d9ced6e4,Rosette
Z:\Projects\Smart-Farming\Datasets\final_combined_datasets\GLFCE\Ros\GLFCE_Ros_029.jpg,Groundnut,Ros,closed,c301e59cc0cfd9b6,Rosette
Z:\Projects\Smart-Farming\Datasets\final_combined_datasets\GLFCE\Ros\GLFCE_Ros_030.jpg,Groundnut,Ros,closed,c301f49ccecf1936,Rosette
Z:\Projects\Smart-Farming\Datasets\final_combined_datasets\GLFCE\Ros\GLFCE_Ros_031.jpg,Groundnut,Ros,closed,9c1c3df4b25a3919,Rosette
Z:\Projects\Smart-Farming\Datasets\final_combined_datasets\GLFCE\Ros\GLFCE_Ros_032.jpg,Groundnut,Ros,closed,d38f315278b4a587,Rosette
Z:\Projects\Smart-Farming\Datasets\final_combined_datasets\GLFCE\Ros\GLFCE_Ros_033.jpg,Groundnut,Ros,closed,d7f34ea84288b3e4,Rosette
Z:\Projects\Smart-Farming\Datasets\final_combined_datasets\GLFCE\Ros\GLFCE_Ros_034.jpg,Groundnut,Ros,closed,876ee35912a5389d,Rosette
Z:\Projects\Smart-Farming\Datasets\final_combined_datasets\GLFCE\Ros\GLFCE_Ros_035.jpg,Groundnut,Ros,closed,876ee35912c73299,Rosette
Z:\Projects\Smart-Farming\Datasets\final_combined_datasets\GLFCE\Ros\GLFCE_Ros_036.jpg,Groundnut,Ros,closed,d29176702c2dccdd,Rosette
Z:\Projects\Smart-Farming\Datasets\final_combined_datasets\GLFCE\Ros\GLFCE_Ros_037.jpg,Groundnut,Ros,closed,e9b270da0f77c121,Rosette
Z:\Projects\Smart-Farming\Datasets\final_combined_datasets\GLFCE\Ros\GLFCE_Ros_038.jpg,Groundnut,Ros,closed,d38f34d32db4b4c0,Rosette
Z:\Projects\Smart-Farming\Datasets\final_combined_datasets\GLFCE\Ros\GLFCE_Ros_039.jpg,Groundnut,Ros,closed,d7da3a0734650877,Rosette
Z:\Projects\Smart-Farming\Datasets\final_combined_datasets\GLFCE\Ros\GLFCE_Ros_040.jpg,Groundnut,Ros,closed,82b669507dc376cc,Rosette
Z:\Projects\Smart-Farming\Datasets\final_combined_datasets\GLFCE\Ros\GLFCE_Ros_041.jpg,Groundnut,Ros,closed,d695a5bc7d924264,Rosette
Z:\Projects\Smart-Farming\Datasets\final_combined_datasets\GLFCE\Ros\GLFCE_Ros_042.jpg,Groundnut,Ros,closed,839afebce1c8320d,Rosette
Z:\Projects\Smart-Farming\Datasets\final_combined_datasets\GLFCE\Ros\GLFCE_Ros_043.jpg,Groundnut,Ros,closed,93a066ac2b4f2f93,Rosette
Z:\Projects\Smart-Farming\Datasets\final_combined_datasets\GLFCE\Ros\GLFCE_Ros_044.jpg,Groundnut,Ros,closed,c8f299834b7dd251,Rosette
Z:\Projects\Smart-Farming\Datasets\final_combined_datasets\GLFCE\Ros\GLFCE_Ros_045.jpg,Groundnut,Ros,closed,cc8c2ecef2991d1c,Rosette
Z:\Projects\Smart-Farming\Datasets\final_combined_datasets\GLFCE\Ros\GLFCE_Ros_046.jpg,Groundnut,Ros,closed,89b8fcbce0d82749,Rosette
Z:\Projects\Smart-Farming\Datasets\final_combined_datasets\GLFCE\Ros\GLFCE_Ros_047.jpg,Groundnut,Ros,closed,a7bb0f3955172158,Rosette
Z:\Projects\Smart-Farming\Datasets\final_combined_datasets\GLFCE\Ros\GLFCE_Ros_048.jpg,Groundnut,Ros,closed,f382657d69b88a61,Rosette
Z:\Projects\Smart-Farming\Datasets\final_combined_datasets\GLFCE\Ros\GLFCE_Ros_049.jpg,Groundnut,Ros,closed,cb8656f1061f3ea8,Rosette
Z:\Projects\Smart-Farming\Datasets\final_combined_datasets\GLFCE\Ros\GLFCE_Ros_050.jpg,Groundnut,Ros,closed,8efc838ff1e31818,Rosette
Z:\Projects\Smart-Farming\Datasets\final_combined_datasets\GLFCE\Ros\GLFCE_Ros_051.jpg,Groundnut,Ros,closed,8bf456ce86e372a0,Rosette
Z:\Projects\Smart-Farming\Datasets\final_combined_datasets\GLFCE\Ros\GLFCE_Ros_052.jpg,Groundnut,Ros,closed,8ce3e59c3b2d4b05,Rosette
Z:\Projects\Smart-Farming\Datasets\final_combined_datasets\GLFCE\Ros\GLFCE_Ros_053.jpg,Groundnut,Ros,closed,c36d5980f1f83c6c,Rosette
Z:\Projects\Smart-Farming\Datasets\final_combined_datasets\GLFCE\Ros\GLFCE_Ros_054.jpg,Groundnut,Ros,closed,c6f4087ee8154d6e,Rosette
Z:\Projects\Smart-Farming\Datasets\final_combined_datasets\GLFCE\Ros\GLFCE_Ros_055.jpg,Groundnut,Ros,closed,8ea504ac3557b69b,Rosette
Z:\Projects\Smart-Farming\Datasets\final_combined_datasets\GLFCE\Ros\GLFCE_Ros_056.jpg,Groundnut,Ros,closed,9fafd2c8bc2c3112,Rosette
Z:\Projects\Smart-Farming\Datasets\final_combined_datasets\GLFCE\Ros\GLFCE_Ros_057.jpg,Groundnut,Ros,closed,d42fa54b78925e61,Rosette
Z:\Projects\Smart-Farming\Datasets\final_combined_datasets\GLFCE\Ros\GLFCE_Ros_058.jpg,Groundnut,Ros,closed,c40c2e1ab6f48df3,Rosette
Z:\Projects\Smart-Farming\Datasets\final_combined_datasets\GLFCE\Ros\GLFCE_Ros_059.jpg,Groundnut,Ros,closed,87b3e190384c9eeb,Rosette
Z:\Projects\Smart-Farming\Datasets\final_combined_datasets\GLFCE\Ros\GLFCE_Ros_060.jpg,Groundnut,Ros,closed,d3f963ac6b4a8892,Rosette
Z:\Projects\Smart-Farming\Datasets\final_combined_datasets\GLFCE\Ros\GLFCE_Ros_061.jpg,Groundnut,Ros,closed,96cb6cf24a1cf4a4,Rosette
Z:\Projects\Smart-Farming\Datasets\final_combined_datasets\GLFCE\Ros\GLFCE_Ros_062.jpg,Groundnut,Ros,closed,8b6468d08ed966de,Rosette
Z:\Projects\Smart-Farming\Datasets\final_combined_datasets\GLFCE\Ros\GLFCE_Ros_063.jpg,Groundnut,Ros,closed,97f40847b762ca1d,Rosette
Z:\Projects\Smart-Farming\Datasets\final_combined_datasets\GLFCE\Ros\GLFCE_Ros_064.jpg,Groundnut,Ros,closed,d73750f1f9799800,Rosette
Z:\Projects\Smart-Farming\Datasets\final_combined_datasets\GLFCE\Ros\GLFCE_Ros_065.jpg,Groundnut,Ros,closed,91416b2326f5d8cf,Rosette
Z:\Projects\Smart-Farming\Datasets\final_combined_datasets\GLFCE\Ros\GLFCE_Ros_066.jpg,Groundnut,Ros,closed,f48c28ef4b631792,Rosette
Z:\Projects\Smart-Farming\Datasets\final_combined_datasets\GLFCE\Ros\GLFCE_Ros_067.jpg,Groundnut,Ros,closed,e3c635191b1ee561,Rosette
Z:\Projects\Smart-Farming\Datasets\final_combined_datasets\GLFCE\Ros\GLFCE_Ros_068.jpg,Groundnut,Ros,closed,f107e5614359d672,Rosette
Z:\Projects\Smart-Farming\Datasets\final_combined_datasets\GLFCE\Ros\GLFCE_Ros_069.jpg,Groundnut,Ros,closed,c60f61c33ca4abf8,Rosette
Z:\Projects\Smart-Farming\Datasets\final_combined_datasets\GLFCE\Ros\GLFCE_Ros_070.jpg,Groundnut,Ros,closed,d11962dec5781bf0,Rosette
Z:\Projects\Smart-Farming\Datasets\final_combined_datasets\GLFCE\Ros\GLFCE_Ros_071.jpg,Groundnut,Ros,closed,de936d0c13c8949f,Rosette
Z:\Projects\Smart-Farming\Datasets\final_combined_datasets\GLFCE\Ros\GLFCE_Ros_072.jpg,Groundnut,Ros,closed,b80723f17bf48c61,Rosette
Z:\Projects\Smart-Farming\Datasets\final_combined_datasets\GLFCE\Ros\GLFCE_Ros_073.jpg,Groundnut,Ros,closed,9be33c47ce19128d,Rosette
Z:\Projects\Smart-Farming\Datasets\final_combined_datasets\GLFCE\Ros\GLFCE_Ros_074.jpg,Groundnut,Ros,closed,c7a534f24f1cb3c0,Rosette
Z:\Projects\Smart-Farming\Datasets\final_combined_datasets\GLFCE\Ros\GLFCE_Ros_075.jpg,Groundnut,Ros,closed,8a4971b528d74f6a,Rosette
Z:\Projects\Smart-Farming\Datasets\final_combined_datasets\GLFCE\Ros\GLFCE_Ros_076.jpg,Groundnut,Ros,closed,b2b2788cecc3327c,Rosette
Z:\Projects\Smart-Farming\Datasets\final_combined_datasets\GLFCE\Ros\GLFCE_Ros_077.jpg,Groundnut,Ros,closed,97513e143c2d4f2b,Rosette
Z:\Projects\Smart-Farming\Datasets\final_combined_datasets\GLFCE\Ros\GLFCE_Ros_078.jpg,Groundnut,Ros,closed,d28b3036f47c4796,Rosette
Z:\Projects\Smart-Farming\Datasets\final_combined_datasets\GLFCE\Ros\GLFCE_Ros_079.jpg,Groundnut,Ros,closed,95bebc92c64e5270,Rosette
Z:\Projects\Smart-Farming\Datasets\final_combined_datasets\GLFCE\Ros\GLFCE_Ros_080.jpg,Groundnut,Ros,closed,df6434c0663d6999,Rosette
Z:\Projects\Smart-Farming\Datasets\final_combined_datasets\GLFCE\Ros\GLFCE_Ros_081.jpg,Groundnut,Ros,closed,b1253ea62d451eb9,Rosette
Z:\Projects\Smart-Farming\Datasets\final_combined_datasets\GLFCE\Ros\GLFCE_Ros_082.jpg,Groundnut,Ros,closed,8b3a3f1c7ae19225,Rosette
Z:\Projects\Smart-Farming\Datasets\final_combined_datasets\GLFCE\Ros\GLFCE_Ros_083.jpg,Groundnut,Ros,closed,96cf75c203bce08e,Rosette
Z:\Projects\Smart-Farming\Datasets\final_combined_datasets\GLFCE\Ros\GLFCE_Ros_084.jpg,Groundnut,Ros,closed,d6b3683c99c99496,Rosette
Z:\Projects\Smart-Farming\Datasets\final_combined_datasets\GLFCE\Ros\GLFCE_Ros_085.jpg,Groundnut,Ros,closed,c2e536cb1e92c92d,Rosette
Z:\Projects\Smart-Farming\Datasets\final_combined_datasets\GLFCE\Ros\GLFCE_Ros_086.jpg,Groundnut,Ros,closed,c2916670ec2deccd,Rosette
Z:\Projects\Smart-Farming\Datasets\final_combined_datasets\GLFCE\Ros\GLFCE_Ros_087.jpg,Groundnut,Ros,closed,dff700e9e5486a41,Rosette
Z:\Projects\Smart-Farming\Datasets\final_combined_datasets\GLFCE\Ros\GLFCE_Ros_088.jpg,Groundnut,Ros,closed,d4387c0f5af62784,Rosette
Z:\Projects\Smart-Farming\Datasets\final_combined_datasets\GLFCE\Ros\GLFCE_Ros_089.jpg,Groundnut,Ros,closed,ec84bba4142bcf71,Rosette
Z:\Projects\Smart-Farming\Datasets\final_combined_datasets\GLFCE\Ros\GLFCE_Ros_090.jpg,Groundnut,Ros,closed,83666dec4d0fc26a,Rosette
Z:\Projects\Smart-Farming\Datasets\final_combined_datasets\GLFCE\Ros\GLFCE_Ros_091.jpg,Groundnut,Ros,closed,831b7e71742dc52a,Rosette
Z:\Projects\Smart-Farming\Datasets\final_combined_datasets\GLFCE\Ros\GLFCE_Ros_092.jpg,Groundnut,Ros,closed,d886ec9986fc3623,Rosette
Z:\Projects\Smart-Farming\Datasets\final_combined_datasets\GLFCE\R\GLFCE_R_099.jpg,Groundnut,R,closed,8c45e4e8c94ef897,Rust
Z:\Projects\Smart-Farming\Datasets\final_combined_datasets\GLFCE\R\GLFCE_R_100.jpg,Groundnut,R,closed,deca4ac7389ab298,Rust
Z:\Projects\Smart-Farming\Datasets\final_combined_datasets\GLFCE\R\GLFCE_R_101.jpg,Groundnut,R,closed,d3c82cca22f56a3d,Rust
Z:\Projects\Smart-Farming\Datasets\final_combined_datasets\GLFCE\R\GLFCE_R_102.jpg,Groundnut,R,closed,ca9535aad41e0e73,Rust
Z:\Projects\Smart-Farming\Datasets\final_combined_datasets\GLFCE\R\GLFCE_R_103.jpg,Groundnut,R,closed,80e2ec99c3e173b6,Rust
Z:\Projects\Smart-Farming\Datasets\final_combined_datasets\GLFCE\R\GLFCE_R_105.jpg,Groundnut,R,closed,caa335c8d19eb2c6,Rust
Z:\Projects\Smart-Farming\Datasets\final_combined_datasets\GLFCE\R\GLFCE_R_106.jpg,Groundnut,R,closed,9bb92cc3938c8b99,Rust
Z:\Projects\Smart-Farming\Datasets\final_combined_datasets\GLFCE\R\GLFCE_R_107.jpg,Groundnut,R,closed,d32d7cc6a5da2498,Rust
Z:\Projects\Smart-Farming\Datasets\final_combined_datasets\GLFCE\R\GLFCE_R_108.jpg,Groundnut,R,closed,afa721fe8603a5b0,Rust
Z:\Projects\Smart-Farming\Datasets\final_combined_datasets\GLFCE\R\GLFCE_R_109.jpg,Groundnut,R,closed,cfa6391d050ee2b3,Rust
Z:\Projects\Smart-Farming\Datasets\final_combined_datasets\GLFCE\R\GLFCE_R_098.jpg,Groundnut,R,closed,8dcd6d643834b273,Rust
Z:\Projects\Smart-Farming\Datasets\final_combined_datasets\GLFCE\R\GLFCE_R_110.jpg,Groundnut,R,closed,c6e529c3f03c671a,Rust
Z:\Projects\Smart-Farming\Datasets\final_combined_datasets\GLFCE\R\GLFCE_R_111.jpg,Groundnut,R,closed,b918652723b4ea5b,Rust
Z:\Projects\Smart-Farming\Datasets\final_combined_datasets\GLFCE\R\GLFCE_R_112.jpg,Groundnut,R,closed,8eb669099650f0fd,Rust
Z:\Projects\Smart-Farming\Datasets\final_combined_datasets\GLFCE\R\GLFCE_R_113.jpg,Groundnut,R,closed,9ea469099671e0fd,Rust
Z:\Projects\Smart-Farming\Datasets\final_combined_datasets\GLFCE\R\GLFCE_R_114.jpg,Groundnut,R,closed,84cf93f8ac9d7222,Rust
Z:\Projects\Smart-Farming\Datasets\final_combined_datasets\GLFCE\R\GLFCE_R_115.jpg,Groundnut,R,closed,c4df91f8ac997242,Rust
Z:\Projects\Smart-Farming\Datasets\final_combined_datasets\GLFCE\R\GLFCE_R_117.jpg,Groundnut,R,closed,9cb03ee6a1a9a8ab,Rust
Z:\Projects\Smart-Farming\Datasets\final_combined_datasets\GLFCE\R\GLFCE_R_116.jpg,Groundnut,R,closed,8fa6f23998cc63d0,Rust
Z:\Projects\Smart-Farming\Datasets\final_combined_datasets\GLFCE\R\GLFCE_R_118.jpg,Groundnut,R,closed,8ae85c97c3d269d2,Rust
Z:\Projects\Smart-Farming\Datasets\final_combined_datasets\GLFCE\R\GLFCE_R_119.jpg,Groundnut,R,closed,c0d83b273d057756,Rust
Z:\Projects\Smart-Farming\Datasets\final_combined_datasets\GLFCE\R\GLFCE_R_120.jpg,Groundnut,R,closed,a9f0b82ec3d866d8,Rust
Z:\Projects\Smart-Farming\Datasets\final_combined_datasets\GLFCE\R\GLFCE_R_001.jpg,Groundnut,R,closed,8faf989844413afe,Rust
Z:\Projects\Smart-Farming\Datasets\final_combined_datasets\GLFCE\R\GLFCE_R_003.jpg,Groundnut,R,closed,9c96770331c9da6c,Rust
Z:\Projects\Smart-Farming\Datasets\final_combined_datasets\GLFCE\R\GLFCE_R_007.jpg,Groundnut,R,closed,c7b731700cc334cf,Rust
Z:\Projects\Smart-Farming\Datasets\final_combined_datasets\GLFCE\R\GLFCE_R_008.jpg,Groundnut,R,closed,89b17e34c453365d,Rust
Z:\Projects\Smart-Farming\Datasets\final_combined_datasets\GLFCE\R\GLFCE_R_009.jpg,Groundnut,R,closed,cc9b82f62d4b07e1,Rust
Z:\Projects\Smart-Farming\Datasets\final_combined_datasets\GLFCE\R\GLFCE_R_010.jpg,Groundnut,R,closed,ca2d21f4ba8dc574,Rust
Z:\Projects\Smart-Farming\Datasets\final_combined_datasets\GLFCE\R\GLFCE_R_011.jpg,Groundnut,R,closed,d9d82c46b63a9af0,Rust
Z:\Projects\Smart-Farming\Datasets\final_combined_datasets\GLFCE\R\GLFCE_R_013.jpg,Groundnut,R,closed,8eaf9a980cc13a7e,Rust
Z:\Projects\Smart-Farming\Datasets\final_combined_datasets\GLFCE\R\GLFCE_R_014.jpg,Groundnut,R,closed,8d82b3f06ac74d71,Rust
Z:\Projects\Smart-Farming\Datasets\final_combined_datasets\GLFCE\R\GLFCE_R_016.jpg,Groundnut,R,closed,8fcf8132cc78b44d,Rust
Z:\Projects\Smart-Farming\Datasets\final_combined_datasets\GLFCE\R\GLFCE_R_017.jpg,Groundnut,R,closed,8389287e1713dee9,Rust
Z:\Projects\Smart-Farming\Datasets\final_combined_datasets\GLFCE\R\GLFCE_R_019.jpg,Groundnut,R,closed,86e678913cfc1d68,Rust
Z:\Projects\Smart-Farming\Datasets\final_combined_datasets\GLFCE\R\GLFCE_R_020.jpg,Groundnut,R,closed,8d933d2d63732d24,Rust
Z:\Projects\Smart-Farming\Datasets\final_combined_datasets\GLFCE\R\GLFCE_R_022.jpg,Groundnut,R,closed,99d8264362ee0f1f,Rust
Z:\Projects\Smart-Farming\Datasets\final_combined_datasets\GLFCE\R\GLFCE_R_023.jpg,Groundnut,R,closed,9fbb390f8cb4c882,Rust
Z:\Projects\Smart-Farming\Datasets\final_combined_datasets\GLFCE\R\GLFCE_R_024.jpg,Groundnut,R,closed,8df8a0c057af8b3a,Rust
Z:\Projects\Smart-Farming\Datasets\final_combined_datasets\GLFCE\R\GLFCE_R_025.jpg,Groundnut,R,closed,dce123ee8c995a61,Rust
Z:\Projects\Smart-Farming\Datasets\final_combined_datasets\GLFCE\R\GLFCE_R_026.jpg,Groundnut,R,closed,af9cb1e17304c66c,Rust
Z:\Projects\Smart-Farming\Datasets\final_combined_datasets\GLFCE\R\GLFCE_R_027.jpg,Groundnut,R,closed,cb0d31d4ba8fc570,Rust
Z:\Projects\Smart-Farming\Datasets\final_combined_datasets\GLFCE\R\GLFCE_R_029.jpg,Groundnut,R,closed,a3af96c8c19c3cd4,Rust
Z:\Projects\Smart-Farming\Datasets\final_combined_datasets\GLFCE\R\GLFCE_R_030.jpg,Groundnut,R,closed,db980de3390d7c83,Rust
Z:\Projects\Smart-Farming\Datasets\final_combined_datasets\GLFCE\R\GLFCE_R_032.jpg,Groundnut,R,closed,e6de20f8b44bf068,Rust
Z:\Projects\Smart-Farming\Datasets\final_combined_datasets\GLFCE\R\GLFCE_R_033.jpg,Groundnut,R,closed,eede23f9b04b8068,Rust
Z:\Projects\Smart-Farming\Datasets\final_combined_datasets\GLFCE\R\GLFCE_R_034.jpg,Groundnut,R,closed,e6b7b0141dc8e5c9,Rust
Z:\Projects\Smart-Farming\Datasets\final_combined_datasets\GLFCE\R\GLFCE_R_035.jpg,Groundnut,R,closed,c8cc24f7d2947e31,Rust
Z:\Projects\Smart-Farming\Datasets\final_combined_datasets\GLFCE\R\GLFCE_R_036.jpg,Groundnut,R,closed,da6c65121b89371f,Rust
Z:\Projects\Smart-Farming\Datasets\final_combined_datasets\GLFCE\R\GLFCE_R_037.jpg,Groundnut,R,closed,c32b2db474491e4f,Rust
Z:\Projects\Smart-Farming\Datasets\final_combined_datasets\GLFCE\R\GLFCE_R_038.jpg,Groundnut,R,closed,c32b2db6f4418e27,Rust
Z:\Projects\Smart-Farming\Datasets\final_combined_datasets\GLFCE\R\GLFCE_R_039.jpg,Groundnut,R,closed,c3f8cc301cd331bd,Rust
Z:\Projects\Smart-Farming\Datasets\final_combined_datasets\GLFCE\R\GLFCE_R_040.jpg,Groundnut,R,closed,9c8c4e72a6e171ec,Rust
Z:\Projects\Smart-Farming\Datasets\final_combined_datasets\GLFCE\R\GLFCE_R_041.jpg,Groundnut,R,closed,e3facc300c511bb7,Rust
Z:\Projects\Smart-Farming\Datasets\final_combined_datasets\GLFCE\R\GLFCE_R_042.jpg,Groundnut,R,closed,ded0228672da3e3a,Rust
Z:\Projects\Smart-Farming\Datasets\final_combined_datasets\GLFCE\R\GLFCE_R_043.jpg,Groundnut,R,closed,e984e78cf208473f,Rust
Z:\Projects\Smart-Farming\Datasets\final_combined_datasets\GLFCE\R\GLFCE_R_046.jpg,Groundnut,R,closed,99fbb4c6338c2499,Rust
Z:\Projects\Smart-Farming\Datasets\final_combined_datasets\GLFCE\R\GLFCE_R_047.jpg,Groundnut,R,closed,99b17a3c04d2365f,Rust
Z:\Projects\Smart-Farming\Datasets\final_combined_datasets\GLFCE\R\GLFCE_R_048.jpg,Groundnut,R,closed,8c9270d751f84fd1,Rust
Z:\Projects\Smart-Farming\Datasets\final_combined_datasets\GLFCE\R\GLFCE_R_049.jpg,Groundnut,R,closed,8c8670d753b95e91,Rust
Z:\Projects\Smart-Farming\Datasets\final_combined_datasets\GLFCE\R\GLFCE_R_051.jpg,Groundnut,R,closed,eda858b5b583d107,Rust
Z:\Projects\Smart-Farming\Datasets\final_combined_datasets\GLFCE\R\GLFCE_R_052.jpg,Groundnut,R,closed,fd8850b5b583d217,Rust
Z:\Projects\Smart-Farming\Datasets\final_combined_datasets\GLFCE\R\GLFCE_R_053.jpg,Groundnut,R,closed,8b991ce27804f73d,Rust
Z:\Projects\Smart-Farming\Datasets\final_combined_datasets\GLFCE\R\GLFCE_R_054.jpg,Groundnut,R,closed,899914f63c07fe8c,Rust
Z:\Projects\Smart-Farming\Datasets\final_combined_datasets\GLFCE\R\GLFCE_R_055.jpg,Groundnut,R,closed,87e078913efe05e2,Rust
Z:\Projects\Smart-Farming\Datasets\final_combined_datasets\GLFCE\R\GLFCE_R_057.jpg,Groundnut,R,closed,ad9b334dd3e4940c,Rust
Z:\Projects\Smart-Farming\Datasets\final_combined_datasets\GLFCE\R\GLFCE_R_058.jpg,Groundnut,R,closed,9aa7264c6dd495d1,Rust
Z:\Projects\Smart-Farming\Datasets\final_combined_datasets\GLFCE\R\GLFCE_R_059.jpg,Groundnut,R,closed,88996f437696a31d,Rust
Z:\Projects\Smart-Farming\Datasets\final_combined_datasets\GLFCE\R\GLFCE_R_061.jpg,Groundnut,R,closed,8f86e1ff401ce38a,Rust
Z:\Projects\Smart-Farming\Datasets\final_combined_datasets\GLFCE\R\GLFCE_R_062.jpg,Groundnut,R,closed,8f86e1fd501cc3c3,Rust
Z:\Projects\Smart-Farming\Datasets\final_combined_datasets\GLFCE\R\GLFCE_R_063.jpg,Groundnut,R,closed,d796b12ce0e1ad52,Rust
Z:\Projects\Smart-Farming\Datasets\final_combined_datasets\GLFCE\R\GLFCE_R_064.jpg,Groundnut,R,closed,d7b0b0acf3380f52,Rust
Z:\Projects\Smart-Farming\Datasets\final_combined_datasets\GLFCE\R\GLFCE_R_066.jpg,Groundnut,R,closed,8389287f1f11d6d9,Rust
Z:\Projects\Smart-Farming\Datasets\final_combined_datasets\GLFCE\R\GLFCE_R_067.jpg,Groundnut,R,closed,9efb7943a0b64186,Rust
Z:\Projects\Smart-Farming\Datasets\final_combined_datasets\GLFCE\R\GLFCE_R_069.jpg,Groundnut,R,closed,9cdc7260b2f1151f,Rust
Z:\Projects\Smart-Farming\Datasets\final_combined_datasets\GLFCE\R\GLFCE_R_070.jpg,Groundnut,R,closed,995b22a737051e5d,Rust
Z:\Projects\Smart-Farming\Datasets\final_combined_datasets\GLFCE\R\GLFCE_R_071.jpg,Groundnut,R,closed,8702785839e1bdf3,Rust
Z:\Projects\Smart-Farming\Datasets\final_combined_datasets\GLFCE\R\GLFCE_R_072.jpg,Groundnut,R,closed,8702785819f1fd3d,Rust
Z:\Projects\Smart-Farming\Datasets\final_combined_datasets\GLFCE\R\GLFCE_R_074.jpg,Groundnut,R,closed,ad82b1706ac75975,Rust
Z:\Projects\Smart-Farming\Datasets\final_combined_datasets\GLFCE\R\GLFCE_R_075.jpg,Groundnut,R,closed,cdbfe39428da04c9,Rust
Z:\Projects\Smart-Farming\Datasets\final_combined_datasets\GLFCE\R\GLFCE_R_076.jpg,Groundnut,R,closed,bce4fb0bc6e0161c,Rust
Z:\Projects\Smart-Farming\Datasets\final_combined_datasets\GLFCE\R\GLFCE_R_077.jpg,Groundnut,R,closed,9af3b426c3e9308d,Rust
Z:\Projects\Smart-Farming\Datasets\final_combined_datasets\GLFCE\R\GLFCE_R_079.jpg,Groundnut,R,closed,dcc39991a58de58a,Rust
Z:\Projects\Smart-Farming\Datasets\final_combined_datasets\GLFCE\R\GLFCE_R_080.jpg,Groundnut,R,closed,88cc363fa2e97932,Rust
Z:\Projects\Smart-Farming\Datasets\final_combined_datasets\GLFCE\R\GLFCE_R_081.jpg,Groundnut,R,closed,dcd2f191a58ca5ca,Rust
Z:\Projects\Smart-Farming\Datasets\final_combined_datasets\GLFCE\R\GLFCE_R_082.jpg,Groundnut,R,closed,8fcea032cd72855d,Rust
Z:\Projects\Smart-Farming\Datasets\final_combined_datasets\GLFCE\R\GLFCE_R_083.jpg,Groundnut,R,closed,87cea1b2c47a174d,Rust
Z:\Projects\Smart-Farming\Datasets\final_combined_datasets\GLFCE\R\GLFCE_R_084.jpg,Groundnut,R,closed,9bc83abce41a9ce2,Rust
Z:\Projects\Smart-Farming\Datasets\final_combined_datasets\GLFCE\R\GLFCE_R_085.jpg,Groundnut,R,closed,8e4e80147e361def,Rust
Z:\Projects\Smart-Farming\Datasets\final_combined_datasets\GLFCE\R\GLFCE_R_086.jpg,Groundnut,R,closed,9bc858bce40a1ef3,Rust
Z:\Projects\Smart-Farming\Datasets\final_combined_datasets\GLFCE\R\GLFCE_R_087.jpg,Groundnut,R,closed,8b2336c679c4c59e,Rust
Z:\Projects\Smart-Farming\Datasets\final_combined_datasets\GLFCE\R\GLFCE_R_089.jpg,Groundnut,R,closed,dba5b094f08ef2c1,Rust
Z:\Projects\Smart-Farming\Datasets\final_combined_datasets\GLFCE\R\GLFCE_R_090.jpg,Groundnut,R,closed,8f4e80147f365da3,Rust
Z:\Projects\Smart-Farming\Datasets\final_combined_datasets\GLFCE\R\GLFCE_R_091.jpg,Groundnut,R,closed,daafb014f14cbcc2,Rust
Z:\Projects\Smart-Farming\Datasets\final_combined_datasets\GLFCE\R\GLFCE_R_092.jpg,Groundnut,R,closed,8ae2da91d1d8199f,Rust
Z:\Projects\Smart-Farming\Datasets\final_combined_datasets\GLFCE\R\GLFCE_R_093.jpg,Groundnut,R,closed,d8e3277688999a53,Rust
Z:\Projects\Smart-Farming\Datasets\final_combined_datasets\GLFCE\R\GLFCE_R_094.jpg,Groundnut,R,closed,dba2a68f9ad84334,Rust
Z:\Projects\Smart-Farming\Datasets\final_combined_datasets\GLFCE\R\GLFCE_R_095.jpg,Groundnut,R,closed,8f6ab1b156831e8b,Rust
Z:\Projects\Smart-Farming\Datasets\final_combined_datasets\GLFCE\R\GLFCE_R_096.jpg,Groundnut,R,closed,d9a2268e9ad86375,Rust
Z:\Projects\Smart-Farming\Datasets\final_combined_datasets\GLFCE\R\GLFCE_R_097.jpg,Groundnut,R,closed,9fb9358e84b2cc92,Rust
Z:\Projects\Smart-Farming\Datasets\final_combined_datasets\GLFCE\H\GLFCE_H_559.jpg,Groundnut,H,closed,c0ad87e271b3c0b7,Healthy
Z:\Projects\Smart-Farming\Datasets\final_combined_datasets\GLFCE\H\GLFCE_H_560.jpg,Groundnut,H,closed,c6a6378959974674,Healthy
Z:\Projects\Smart-Farming\Datasets\final_combined_datasets\GLFCE\H\GLFCE_H_561.jpg,Groundnut,H,closed,923c263e6c96d1d3,Healthy
Z:\Projects\Smart-Farming\Datasets\final_combined_datasets\GLFCE\H\GLFCE_H_562.jpg,Groundnut,H,closed,a3b768791b4af260,Healthy
Z:\Projects\Smart-Farming\Datasets\final_combined_datasets\GLFCE\H\GLFCE_H_563.jpg,Groundnut,H,closed,879b60965c4bab35,Healthy
Z:\Projects\Smart-Farming\Datasets\final_combined_datasets\GLFCE\H\GLFCE_H_564.jpg,Groundnut,H,closed,e0ae2a832be4fd70,Healthy
Z:\Projects\Smart-Farming\Datasets\final_combined_datasets\GLFCE\H\GLFCE_H_565.jpg,Groundnut,H,closed,dbec4a433696f211,Healthy
Z:\Projects\Smart-Farming\Datasets\final_combined_datasets\GLFCE\H\GLFCE_H_566.jpg,Groundnut,H,closed,c1f5f2ec09d5605c,Healthy
Z:\Projects\Smart-Farming\Datasets\final_combined_datasets\GLFCE\H\GLFCE_H_567.jpg,Groundnut,H,closed,c8b628d5d5a97c62,Healthy
Z:\Projects\Smart-Farming\Datasets\final_combined_datasets\GLFCE\H\GLFCE_H_568.jpg,Groundnut,H,closed,f3b1302dbd489276,Healthy
Z:\Projects\Smart-Farming\Datasets\final_combined_datasets\GLFCE\H\GLFCE_H_569.jpg,Groundnut,H,closed,93f579bc0b8c2a8c,Healthy
Z:\Projects\Smart-Farming\Datasets\final_combined_datasets\GLFCE\H\GLFCE_H_570.jpg,Groundnut,H,closed,f0fb74506ac63545,Healthy
Z:\Projects\Smart-Farming\Datasets\final_combined_datasets\GLFCE\H\GLFCE_H_571.jpg,Groundnut,H,closed,d8ec7aecb1157414,Healthy
Z:\Projects\Smart-Farming\Datasets\final_combined_datasets\GLFCE\H\GLFCE_H_572.jpg,Groundnut,H,closed,ffa226fd489248f0,Healthy
Z:\Projects\Smart-Farming\Datasets\final_combined_datasets\GLFCE\H\GLFCE_H_573.jpg,Groundnut,H,closed,cbba6f1bc44813a6,Healthy
Z:\Projects\Smart-Farming\Datasets\final_combined_datasets\GLFCE\H\GLFCE_H_574.jpg,Groundnut,H,closed,87f2227c4d87f429,Healthy
Z:\Projects\Smart-Farming\Datasets\final_combined_datasets\GLFCE\H\GLFCE_H_575.jpg,Groundnut,H,closed,ec9564d56d49a12b,Healthy
Z:\Projects\Smart-Farming\Datasets\final_combined_datasets\GLFCE\H\GLFCE_H_576.jpg,Groundnut,H,closed,91f6767c2bc03ca8,Healthy
Z:\Projects\Smart-Farming\Datasets\final_combined_datasets\GLFCE\H\GLFCE_H_577.jpg,Groundnut,H,closed,9394348d0bc23fed,Healthy
Z:\Projects\Smart-Farming\Datasets\final_combined_datasets\GLFCE\H\GLFCE_H_578.jpg,Groundnut,H,closed,c3eaa7e4498372d8,Healthy
Z:\Projects\Smart-Farming\Datasets\final_combined_datasets\GLFCE\H\GLFCE_H_579.jpg,Groundnut,H,closed,96a26ea11f1bf960,Healthy
Z:\Projects\Smart-Farming\Datasets\final_combined_datasets\GLFCE\H\GLFCE_H_580.jpg,Groundnut,H,closed,a6f2543c63cc7307,Healthy
Z:\Projects\Smart-Farming\Datasets\final_combined_datasets\GLFCE\H\GLFCE_H_581.jpg,Groundnut,H,closed,f4d426c91b9761b1,Healthy
Z:\Projects\Smart-Farming\Datasets\final_combined_datasets\GLFCE\H\GLFCE_H_582.jpg,Groundnut,H,closed,82d13a8c1dd6bccb,Healthy
Z:\Projects\Smart-Farming\Datasets\final_combined_datasets\GLFCE\H\GLFCE_H_583.jpg,Groundnut,H,closed,c7f681b04c05d767,Healthy
Z:\Projects\Smart-Farming\Datasets\final_combined_datasets\GLFCE\H\GLFCE_H_584.jpg,Groundnut,H,closed,d6a33db549da8168,Healthy
Z:\Projects\Smart-Farming\Datasets\final_combined_datasets\GLFCE\H\GLFCE_H_585.jpg,Groundnut,H,closed,e6bda8195f80583e,Healthy
Z:\Projects\Smart-Farming\Datasets\final_combined_datasets\GLFCE\H\GLFCE_H_586.jpg,Groundnut,H,closed,93c07efc4c9e242b,Healthy
Z:\Projects\Smart-Farming\Datasets\final_combined_datasets\GLFCE\H\GLFCE_H_587.jpg,Groundnut,H,closed,d5e0796a5a96692a,Healthy
Z:\Projects\Smart-Farming\Datasets\final_combined_datasets\GLFCE\H\GLFCE_H_588.jpg,Groundnut,H,closed,db8bfc69288726d0,Healthy
Z:\Projects\Smart-Farming\Datasets\final_combined_datasets\GLFCE\H\GLFCE_H_589.jpg,Groundnut,H,closed,8085ee4178bd457f,Healthy
Z:\Projects\Smart-Farming\Datasets\final_combined_datasets\GLFCE\H\GLFCE_H_590.jpg,Groundnut,H,closed,f4a8b495384a55be,Healthy
Z:\Projects\Smart-Farming\Datasets\final_combined_datasets\GLFCE\H\GLFCE_H_591.jpg,Groundnut,H,closed,84d4748a6afe71e8,Healthy
Z:\Projects\Smart-Farming\Datasets\final_combined_datasets\GLFCE\H\GLFCE_H_592.jpg,Groundnut,H,closed,b3f2363828527d3c,Healthy
Z:\Projects\Smart-Farming\Datasets\final_combined_datasets\GLFCE\H\GLFCE_H_593.jpg,Groundnut,H,closed,fc814e95601a3eed,Healthy
Z:\Projects\Smart-Farming\Datasets\final_combined_datasets\GLFCE\H\GLFCE_H_594.jpg,Groundnut,H,closed,80633ff319d9d8d0,Healthy
Z:\Projects\Smart-Farming\Datasets\final_combined_datasets\GLFCE\H\GLFCE_H_595.jpg,Groundnut,H,closed,97d0a5b748aae195,Healthy
Z:\Projects\Smart-Farming\Datasets\final_combined_datasets\GLFCE\H\GLFCE_H_596.jpg,Groundnut,H,closed,faad96c289b5d490,Healthy
Z:\Projects\Smart-Farming\Datasets\final_combined_datasets\GLFCE\H\GLFCE_H_597.jpg,Groundnut,H,closed,faada44ca46625ec,Healthy
Z:\Projects\Smart-Farming\Datasets\final_combined_datasets\GLFCE\H\GLFCE_H_598.jpg,Groundnut,H,closed,83ba3abe48c272e5,Healthy
Z:\Projects\Smart-Farming\Datasets\final_combined_datasets\GLFCE\H\GLFCE_H_599.jpg,Groundnut,H,closed,c3add1c070c48fed,Healthy
Z:\Projects\Smart-Farming\Datasets\final_combined_datasets\GLFCE\H\GLFCE_H_600.jpg,Groundnut,H,closed,d49ef4bca9886662,Healthy
Z:\Projects\Smart-Farming\Datasets\final_combined_datasets\GLFCE\H\GLFCE_H_540.jpg,Groundnut,H,closed,93b73f6a0e48cec0,Healthy
Z:\Projects\Smart-Farming\Datasets\final_combined_datasets\GLFCE\H\GLFCE_H_001.jpg,Groundnut,H,closed,f5fd322c50d03b31,Healthy
Z:\Projects\Smart-Farming\Datasets\final_combined_datasets\GLFCE\H\GLFCE_H_002.jpg,Groundnut,H,closed,cbaf97563ee14202,Healthy
Z:\Projects\Smart-Farming\Datasets\final_combined_datasets\GLFCE\H\GLFCE_H_003.jpg,Groundnut,H,closed,80cbcda2fad5b0a6,Healthy
Z:\Projects\Smart-Farming\Datasets\final_combined_datasets\GLFCE\H\GLFCE_H_004.jpg,Groundnut,H,closed,d6487df969b990c0,Healthy
Z:\Projects\Smart-Farming\Datasets\final_combined_datasets\GLFCE\H\GLFCE_H_005.jpg,Groundnut,H,closed,94da60d65a6a60f7,Healthy
Z:\Projects\Smart-Farming\Datasets\final_combined_datasets\GLFCE\H\GLFCE_H_006.jpg,Groundnut,H,closed,91afb70c5b963489,Healthy
Z:\Projects\Smart-Farming\Datasets\final_combined_datasets\GLFCE\H\GLFCE_H_007.jpg,Groundnut,H,closed,b1f8a659608f455d,Healthy
Z:\Projects\Smart-Farming\Datasets\final_combined_datasets\GLFCE\H\GLFCE_H_008.jpg,Groundnut,H,closed,b3a9af08579c350b,Healthy
Z:\Projects\Smart-Farming\Datasets\final_combined_datasets\GLFCE\H\GLFCE_H_009.jpg,Groundnut,H,closed,b233b53c4c4e572c,Healthy
Z:\Projects\Smart-Farming\Datasets\final_combined_datasets\GLFCE\H\GLFCE_H_010.jpg,Groundnut,H,closed,f61d24146e4fa5a9,Healthy
Z:\Projects\Smart-Farming\Datasets\final_combined_datasets\GLFCE\H\GLFCE_H_011.jpg,Groundnut,H,closed,b3c5220e04d76f37,Healthy
Z:\Projects\Smart-Farming\Datasets\final_combined_datasets\GLFCE\H\GLFCE_H_012.jpg,Groundnut,H,closed,872aa7526fa78343,Healthy
Z:\Projects\Smart-Farming\Datasets\final_combined_datasets\GLFCE\H\GLFCE_H_013.jpg,Groundnut,H,closed,f3f373ca2940c82b,Healthy
Z:\Projects\Smart-Farming\Datasets\final_combined_datasets\GLFCE\H\GLFCE_H_014.jpg,Groundnut,H,closed,ea2660893dba613f,Healthy
Z:\Projects\Smart-Farming\Datasets\final_combined_datasets\GLFCE\H\GLFCE_H_015.jpg,Groundnut,H,closed,e4026a5b6d3af991,Healthy
Z:\Projects\Smart-Farming\Datasets\final_combined_datasets\GLFCE\H\GLFCE_H_016.jpg,Groundnut,H,closed,86246fb458707d1f,Healthy
Z:\Projects\Smart-Farming\Datasets\final_combined_datasets\GLFCE\H\GLFCE_H_017.jpg,Groundnut,H,closed,f0de724c6adf6420,Healthy
Z:\Projects\Smart-Farming\Datasets\final_combined_datasets\GLFCE\H\GLFCE_H_018.jpg,Groundnut,H,closed,d7ae56436a1d01d3,Healthy
Z:\Projects\Smart-Farming\Datasets\final_combined_datasets\GLFCE\H\GLFCE_H_019.jpg,Groundnut,H,closed,d2dc3f034bd39590,Healthy
Z:\Projects\Smart-Farming\Datasets\final_combined_datasets\GLFCE\H\GLFCE_H_020.jpg,Groundnut,H,closed,f2877b8558c320e7,Healthy
Z:\Projects\Smart-Farming\Datasets\final_combined_datasets\GLFCE\H\GLFCE_H_021.jpg,Groundnut,H,closed,d9b4166f6122f135,Healthy
Z:\Projects\Smart-Farming\Datasets\final_combined_datasets\GLFCE\H\GLFCE_H_022.jpg,Groundnut,H,closed,f49ea22e6ed2290d,Healthy
Z:\Projects\Smart-Farming\Datasets\final_combined_datasets\GLFCE\H\GLFCE_H_023.jpg,Groundnut,H,closed,db74684d3dd31642,Healthy
Z:\Projects\Smart-Farming\Datasets\final_combined_datasets\GLFCE\H\GLFCE_H_024.jpg,Groundnut,H,closed,cb96d5a04e23a747,Healthy
Z:\Projects\Smart-Farming\Datasets\final_combined_datasets\GLFCE\H\GLFCE_H_025.jpg,Groundnut,H,closed,d7aeada56152c660,Healthy
Z:\Projects\Smart-Farming\Datasets\final_combined_datasets\GLFCE\H\GLFCE_H_026.jpg,Groundnut,H,closed,b6597c26094e4acf,Healthy
Z:\Projects\Smart-Farming\Datasets\final_combined_datasets\GLFCE\H\GLFCE_H_027.jpg,Groundnut,H,closed,c689b5ab084adcf5,Healthy
Z:\Projects\Smart-Farming\Datasets\final_combined_datasets\GLFCE\H\GLFCE_H_028.jpg,Groundnut,H,closed,f61d241c7e4c25ad,Healthy
Z:\Projects\Smart-Farming\Datasets\final_combined_datasets\GLFCE\H\GLFCE_H_029.jpg,Groundnut,H,closed,a3a4645956b6689f,Healthy
Z:\Projects\Smart-Farming\Datasets\final_combined_datasets\GLFCE\H\GLFCE_H_030.jpg,Groundnut,H,closed,fe8992ad5ec430ac,Healthy
Z:\Projects\Smart-Farming\Datasets\final_combined_datasets\GLFCE\H\GLFCE_H_031.jpg,Groundnut,H,closed,d7a7276d02836559,Healthy
Z:\Projects\Smart-Farming\Datasets\final_combined_datasets\GLFCE\H\GLFCE_H_032.jpg,Groundnut,H,closed,f4dea32e2eda2105,Healthy
Z:\Projects\Smart-Farming\Datasets\final_combined_datasets\GLFCE\H\GLFCE_H_033.jpg,Groundnut,H,closed,b78b30121c6fda36,Healthy
Z:\Projects\Smart-Farming\Datasets\final_combined_datasets\GLFCE\H\GLFCE_H_034.jpg,Groundnut,H,closed,92523e3c2fd6ad22,Healthy
Z:\Projects\Smart-Farming\Datasets\final_combined_datasets\GLFCE\H\GLFCE_H_035.jpg,Groundnut,H,closed,c2b7e832adc1b558,Healthy
Z:\Projects\Smart-Farming\Datasets\final_combined_datasets\GLFCE\H\GLFCE_H_036.jpg,Groundnut,H,closed,e2e2b99959921277,Healthy
Z:\Projects\Smart-Farming\Datasets\final_combined_datasets\GLFCE\H\GLFCE_H_037.jpg,Groundnut,H,closed,f2bb8561c838d167,Healthy
Z:\Projects\Smart-Farming\Datasets\final_combined_datasets\GLFCE\H\GLFCE_H_038.jpg,Groundnut,H,closed,f7f235581e886c1a,Healthy
Z:\Projects\Smart-Farming\Datasets\final_combined_datasets\GLFCE\H\GLFCE_H_039.jpg,Groundnut,H,closed,83de2248a0fb7aba,Healthy
Z:\Projects\Smart-Farming\Datasets\final_combined_datasets\GLFCE\H\GLFCE_H_040.jpg,Groundnut,H,closed,ab87d3943ad470ca,Healthy
Z:\Projects\Smart-Farming\Datasets\final_combined_datasets\GLFCE\H\GLFCE_H_041.jpg,Groundnut,H,closed,b7a670a1785e836c,Healthy
Z:\Projects\Smart-Farming\Datasets\final_combined_datasets\GLFCE\H\GLFCE_H_042.jpg,Groundnut,H,closed,f59168ba6e85a952,Healthy
Z:\Projects\Smart-Farming\Datasets\final_combined_datasets\GLFCE\H\GLFCE_H_043.jpg,Groundnut,H,closed,e5e421e8589d687b,Healthy
Z:\Projects\Smart-Farming\Datasets\final_combined_datasets\GLFCE\H\GLFCE_H_044.jpg,Groundnut,H,closed,c6a9e89d94d52578,Healthy
Z:\Projects\Smart-Farming\Datasets\final_combined_datasets\GLFCE\H\GLFCE_H_045.jpg,Groundnut,H,closed,9797a55a2fd86007,Healthy
Z:\Projects\Smart-Farming\Datasets\final_combined_datasets\GLFCE\H\GLFCE_H_046.jpg,Groundnut,H,closed,d1ce724a6adf6428,Healthy
Z:\Projects\Smart-Farming\Datasets\final_combined_datasets\GLFCE\H\GLFCE_H_047.jpg,Groundnut,H,closed,d14ab2746c8fad0e,Healthy
Z:\Projects\Smart-Farming\Datasets\final_combined_datasets\GLFCE\H\GLFCE_H_048.jpg,Groundnut,H,closed,818533c6adaf3ad1,Healthy
Z:\Projects\Smart-Farming\Datasets\final_combined_datasets\GLFCE\H\GLFCE_H_049.jpg,Groundnut,H,closed,d358979e17a76620,Healthy
Z:\Projects\Smart-Farming\Datasets\final_combined_datasets\GLFCE\H\GLFCE_H_050.jpg,Groundnut,H,closed,b68be024dd10cbcf,Healthy
Z:\Projects\Smart-Farming\Datasets\final_combined_datasets\GLFCE\H\GLFCE_H_051.jpg,Groundnut,H,closed,feb4e58b2990c2c5,Healthy
Z:\Projects\Smart-Farming\Datasets\final_combined_datasets\GLFCE\H\GLFCE_H_052.jpg,Groundnut,H,closed,f117399d8c32a5c9,Healthy
Z:\Projects\Smart-Farming\Datasets\final_combined_datasets\GLFCE\H\GLFCE_H_053.jpg,Groundnut,H,closed,c2a977742f899136,Healthy
Z:\Projects\Smart-Farming\Datasets\final_combined_datasets\GLFCE\H\GLFCE_H_054.jpg,Groundnut,H,closed,9ee50ad6930ac3d5,Healthy
Z:\Projects\Smart-Farming\Datasets\final_combined_datasets\GLFCE\H\GLFCE_H_055.jpg,Groundnut,H,closed,9ff0f4d6014fa232,Healthy
Z:\Projects\Smart-Farming\Datasets\final_combined_datasets\GLFCE\H\GLFCE_H_056.jpg,Groundnut,H,closed,9dbc3dea8429f288,Healthy
Z:\Projects\Smart-Farming\Datasets\final_combined_datasets\GLFCE\H\GLFCE_H_057.jpg,Groundnut,H,closed,8780f7e8399b207d,Healthy
Z:\Projects\Smart-Farming\Datasets\final_combined_datasets\GLFCE\H\GLFCE_H_058.jpg,Groundnut,H,closed,87dd625144917fb2,Healthy
Z:\Projects\Smart-Farming\Datasets\final_combined_datasets\GLFCE\H\GLFCE_H_059.jpg,Groundnut,H,closed,979c70047dc8bb27,Healthy
Z:\Projects\Smart-Farming\Datasets\final_combined_datasets\GLFCE\H\GLFCE_H_060.jpg,Groundnut,H,closed,e98293ce8ed6a668,Healthy
Z:\Projects\Smart-Farming\Datasets\final_combined_datasets\GLFCE\H\GLFCE_H_061.jpg,Groundnut,H,closed,87d9e6d38e05838e,Healthy
Z:\Projects\Smart-Farming\Datasets\final_combined_datasets\GLFCE\H\GLFCE_H_062.jpg,Groundnut,H,closed,8624b3e31970afab,Healthy
Z:\Projects\Smart-Farming\Datasets\final_combined_datasets\GLFCE\H\GLFCE_H_063.jpg,Groundnut,H,closed,d79444c40ac6fd6e,Healthy
Z:\Projects\Smart-Farming\Datasets\final_combined_datasets\GLFCE\H\GLFCE_H_064.jpg,Groundnut,H,closed,97a8a70a24f4ee6c,Healthy
Z:\Projects\Smart-Farming\Datasets\final_combined_datasets\GLFCE\H\GLFCE_H_065.jpg,Groundnut,H,closed,97b078a95f80b54d,Healthy
Z:\Projects\Smart-Farming\Datasets\final_combined_datasets\GLFCE\H\GLFCE_H_066.jpg,Groundnut,H,closed,93127aff2e6c4449,Healthy
Z:\Projects\Smart-Farming\Datasets\final_combined_datasets\GLFCE\H\GLFCE_H_067.jpg,Groundnut,H,closed,b5d332b85c081f6e,Healthy
Z:\Projects\Smart-Farming\Datasets\final_combined_datasets\GLFCE\H\GLFCE_H_068.jpg,Groundnut,H,closed,d9e069683592f98e,Healthy
Z:\Projects\Smart-Farming\Datasets\final_combined_datasets\GLFCE\H\GLFCE_H_069.jpg,Groundnut,H,closed,f395508c0fdafc88,Healthy
Z:\Projects\Smart-Farming\Datasets\final_combined_datasets\GLFCE\H\GLFCE_H_070.jpg,Groundnut,H,closed,c1e3abf455b95450,Healthy
Z:\Projects\Smart-Farming\Datasets\final_combined_datasets\GLFCE\H\GLFCE_H_071.jpg,Groundnut,H,closed,c4a42df35ab68732,Healthy
Z:\Projects\Smart-Farming\Datasets\final_combined_datasets\GLFCE\H\GLFCE_H_072.jpg,Groundnut,H,closed,a70561e3193b159f,Healthy
Z:\Projects\Smart-Farming\Datasets\final_combined_datasets\GLFCE\H\GLFCE_H_073.jpg,Groundnut,H,closed,94523c343dfeb02e,Healthy
Z:\Projects\Smart-Farming\Datasets\final_combined_datasets\GLFCE\H\GLFCE_H_074.jpg,Groundnut,H,closed,97f4659d6bd60148,Healthy
Z:\Projects\Smart-Farming\Datasets\final_combined_datasets\GLFCE\H\GLFCE_H_075.jpg,Groundnut,H,closed,f39550a90d4bf358,Healthy
Z:\Projects\Smart-Farming\Datasets\final_combined_datasets\GLFCE\H\GLFCE_H_076.jpg,Groundnut,H,closed,bf807d8d15c47076,Healthy
Z:\Projects\Smart-Farming\Datasets\final_combined_datasets\GLFCE\H\GLFCE_H_077.jpg,Groundnut,H,closed,d785c4cc0ac67d6a,Healthy
Z:\Projects\Smart-Farming\Datasets\final_combined_datasets\GLFCE\H\GLFCE_H_078.jpg,Groundnut,H,closed,ca07837a7907875e,Healthy
Z:\Projects\Smart-Farming\Datasets\final_combined_datasets\GLFCE\H\GLFCE_H_079.jpg,Groundnut,H,closed,c7a07595a5e97a06,Healthy
Z:\Projects\Smart-Farming\Datasets\final_combined_datasets\GLFCE\H\GLFCE_H_080.jpg,Groundnut,H,closed,f59d52406569336e,Healthy
Z:\Projects\Smart-Farming\Datasets\final_combined_datasets\GLFCE\H\GLFCE_H_081.jpg,Groundnut,H,closed,c2a9f3583884eef8,Healthy
Z:\Projects\Smart-Farming\Datasets\final_combined_datasets\GLFCE\H\GLFCE_H_082.jpg,Groundnut,H,closed,c624b5f20d50f7a9,Healthy
Z:\Projects\Smart-Farming\Datasets\final_combined_datasets\GLFCE\H\GLFCE_H_083.jpg,Groundnut,H,closed,cf16b2cf5e12d08a,Healthy
Z:\Projects\Smart-Farming\Datasets\final_combined_datasets\GLFCE\H\GLFCE_H_084.jpg,Groundnut,H,closed,c3bb7702a1cb0fd0,Healthy
Z:\Projects\Smart-Farming\Datasets\final_combined_datasets\GLFCE\H\GLFCE_H_085.jpg,Groundnut,H,closed,f117398d4832ef23,Healthy
Z:\Projects\Smart-Farming\Datasets\final_combined_datasets\GLFCE\H\GLFCE_H_086.jpg,Groundnut,H,closed,921a7abf2eec4648,Healthy
Z:\Projects\Smart-Farming\Datasets\final_combined_datasets\GLFCE\H\GLFCE_H_087.jpg,Groundnut,H,closed,f597a2ae42a2758c,Healthy
Z:\Projects\Smart-Farming\Datasets\final_combined_datasets\GLFCE\H\GLFCE_H_088.jpg,Groundnut,H,closed,d33cf7c8483ab8e0,Healthy
Z:\Projects\Smart-Farming\Datasets\final_combined_datasets\GLFCE\H\GLFCE_H_089.jpg,Groundnut,H,closed,e7e2249742b638ae,Healthy
Z:\Projects\Smart-Farming\Datasets\final_combined_datasets\GLFCE\H\GLFCE_H_090.jpg,Groundnut,H,closed,951445ba6ca5d9ba,Healthy
Z:\Projects\Smart-Farming\Datasets\final_combined_datasets\GLFCE\H\GLFCE_H_091.jpg,Groundnut,H,closed,f3b833902d644ed6,Healthy
Z:\Projects\Smart-Farming\Datasets\final_combined_datasets\GLFCE\H\GLFCE_H_092.jpg,Groundnut,H,closed,a5a8d6df0e169a0e,Healthy
Z:\Projects\Smart-Farming\Datasets\final_combined_datasets\GLFCE\H\GLFCE_H_093.jpg,Groundnut,H,closed,f6e4b56d1d846a88,Healthy
Z:\Projects\Smart-Farming\Datasets\final_combined_datasets\GLFCE\H\GLFCE_H_095.jpg,Groundnut,H,closed,f19de2ac06867d89,Healthy
Z:\Projects\Smart-Farming\Datasets\final_combined_datasets\GLFCE\H\GLFCE_H_096.jpg,Groundnut,H,closed,9ea305b4616db61e,Healthy
Z:\Projects\Smart-Farming\Datasets\final_combined_datasets\GLFCE\H\GLFCE_H_097.jpg,Groundnut,H,closed,b659241aaa87f536,Healthy
Z:\Projects\Smart-Farming\Datasets\final_combined_datasets\GLFCE\H\GLFCE_H_098.jpg,Groundnut,H,closed,e2bab83c4dc0374e,Healthy
Z:\Projects\Smart-Farming\Datasets\final_combined_datasets\GLFCE\H\GLFCE_H_099.jpg,Groundnut,H,closed,9fb98edaad950a08,Healthy
Z:\Projects\Smart-Farming\Datasets\final_combined_datasets\GLFCE\H\GLFCE_H_100.jpg,Groundnut,H,closed,8fb9bcbde0d07240,Healthy
Z:\Projects\Smart-Farming\Datasets\final_combined_datasets\GLFCE\H\GLFCE_H_101.jpg,Groundnut,H,closed,be9f3c905dd60047,Healthy
Z:\Projects\Smart-Farming\Datasets\final_combined_datasets\GLFCE\H\GLFCE_H_103.jpg,Groundnut,H,closed,8332565d4f823be6,Healthy
Z:\Projects\Smart-Farming\Datasets\final_combined_datasets\GLFCE\H\GLFCE_H_104.jpg,Groundnut,H,closed,c1a1c4c361bf2ddc,Healthy
Z:\Projects\Smart-Farming\Datasets\final_combined_datasets\GLFCE\H\GLFCE_H_105.jpg,Groundnut,H,closed,e4e421e8198d787f,Healthy
Z:\Projects\Smart-Farming\Datasets\final_combined_datasets\GLFCE\H\GLFCE_H_106.jpg,Groundnut,H,closed,8f99bc9decc07150,Healthy
Z:\Projects\Smart-Farming\Datasets\final_combined_datasets\GLFCE\H\GLFCE_H_107.jpg,Groundnut,H,closed,a0c128c97c977b3e,Healthy
Z:\Projects\Smart-Farming\Datasets\final_combined_datasets\GLFCE\H\GLFCE_H_108.jpg,Groundnut,H,closed,f7d5e4884a86946d,Healthy
Z:\Projects\Smart-Farming\Datasets\final_combined_datasets\GLFCE\H\GLFCE_H_109.jpg,Groundnut,H,closed,81d5719e7f82116e,Healthy
Z:\Projects\Smart-Farming\Datasets\final_combined_datasets\GLFCE\H\GLFCE_H_110.jpg,Groundnut,H,closed,f6c426eb4a93e831,Healthy
Z:\Projects\Smart-Farming\Datasets\final_combined_datasets\GLFCE\H\GLFCE_H_111.jpg,Groundnut,H,closed,edc12374823a5f72,Healthy
Z:\Projects\Smart-Farming\Datasets\final_combined_datasets\GLFCE\H\GLFCE_H_112.jpg,Groundnut,H,closed,ff9073503df4013c,Healthy
Z:\Projects\Smart-Farming\Datasets\final_combined_datasets\GLFCE\H\GLFCE_H_113.jpg,Groundnut,H,closed,f2cd75aa2cc7c860,Healthy
Z:\Projects\Smart-Farming\Datasets\final_combined_datasets\GLFCE\H\GLFCE_H_114.jpg,Groundnut,H,closed,89f11b10e4cd3be3,Healthy
Z:\Projects\Smart-Farming\Datasets\final_combined_datasets\GLFCE\H\GLFCE_H_115.jpg,Groundnut,H,closed,b3b235880dda3c4f,Healthy
Z:\Projects\Smart-Farming\Datasets\final_combined_datasets\GLFCE\H\GLFCE_H_116.jpg,Groundnut,H,closed,92fca0e14f1e067d,Healthy
Z:\Projects\Smart-Farming\Datasets\final_combined_datasets\GLFCE\H\GLFCE_H_117.jpg,Groundnut,H,closed,e6d7230f62c232ec,Healthy
Z:\Projects\Smart-Farming\Datasets\final_combined_datasets\GLFCE\H\GLFCE_H_118.jpg,Groundnut,H,closed,c1a1395c38ae5e8f,Healthy
Z:\Projects\Smart-Farming\Datasets\final_combined_datasets\GLFCE\H\GLFCE_H_119.jpg,Groundnut,H,closed,e0a66e4c66907d9e,Healthy
Z:\Projects\Smart-Farming\Datasets\final_combined_datasets\GLFCE\H\GLFCE_H_120.jpg,Groundnut,H,closed,e6d7220f6ec233e0,Healthy
Z:\Projects\Smart-Farming\Datasets\final_combined_datasets\GLFCE\H\GLFCE_H_122.jpg,Groundnut,H,closed,d5f333e95b816058,Healthy
Z:\Projects\Smart-Farming\Datasets\final_combined_datasets\GLFCE\H\GLFCE_H_123.jpg,Groundnut,H,closed,e0846edc6f84617e,Healthy
Z:\Projects\Smart-Farming\Datasets\final_combined_datasets\GLFCE\H\GLFCE_H_124.jpg,Groundnut,H,closed,c6c4ee524fb19199,Healthy
Z:\Projects\Smart-Farming\Datasets\final_combined_datasets\GLFCE\H\GLFCE_H_125.jpg,Groundnut,H,closed,d6b865d56a81e447,Healthy
Z:\Projects\Smart-Farming\Datasets\final_combined_datasets\GLFCE\H\GLFCE_H_126.jpg,Groundnut,H,closed,8aa7f0b8671d12d3,Healthy
Z:\Projects\Smart-Farming\Datasets\final_combined_datasets\GLFCE\H\GLFCE_H_128.jpg,Groundnut,H,closed,8fe94fb34896a9a0,Healthy
Z:\Projects\Smart-Farming\Datasets\final_combined_datasets\GLFCE\H\GLFCE_H_129.jpg,Groundnut,H,closed,c8ea00485fa9bd9f,Healthy
Z:\Projects\Smart-Farming\Datasets\final_combined_datasets\GLFCE\H\GLFCE_H_130.jpg,Groundnut,H,closed,c7a5f809fd54c858,Healthy
Z:\Projects\Smart-Farming\Datasets\final_combined_datasets\GLFCE\H\GLFCE_H_132.jpg,Groundnut,H,closed,d0ada09ea9a6e5b2,Healthy
Z:\Projects\Smart-Farming\Datasets\final_combined_datasets\GLFCE\H\GLFCE_H_133.jpg,Groundnut,H,closed,93923e153fd8a8c5,Healthy
Z:\Projects\Smart-Farming\Datasets\final_combined_datasets\GLFCE\H\GLFCE_H_134.jpg,Groundnut,H,closed,fb8d355bb090b2d0,Healthy
Z:\Projects\Smart-Farming\Datasets\final_combined_datasets\GLFCE\H\GLFCE_H_135.jpg,Groundnut,H,closed,98a4f34934f34b17,Healthy
Z:\Projects\Smart-Farming\Datasets\final_combined_datasets\GLFCE\H\GLFCE_H_136.jpg,Groundnut,H,closed,cccb00415eebacdd,Healthy
Z:\Projects\Smart-Farming\Datasets\final_combined_datasets\GLFCE\H\GLFCE_H_137.jpg,Groundnut,H,closed,c4d5740a662257df,Healthy
Z:\Projects\Smart-Farming\Datasets\final_combined_datasets\GLFCE\H\GLFCE_H_138.jpg,Groundnut,H,closed,c3dfb5c9047c42c6,Healthy
Z:\Projects\Smart-Farming\Datasets\final_combined_datasets\GLFCE\H\GLFCE_H_139.jpg,Groundnut,H,closed,f4bc78bd2bc21264,Healthy
Z:\Projects\Smart-Farming\Datasets\final_combined_datasets\GLFCE\H\GLFCE_H_140.jpg,Groundnut,H,closed,f34d27075e474585,Healthy
Z:\Projects\Smart-Farming\Datasets\final_combined_datasets\GLFCE\H\GLFCE_H_141.jpg,Groundnut,H,closed,b0f13de81ec17f80,Healthy
Z:\Projects\Smart-Farming\Datasets\final_combined_datasets\GLFCE\H\GLFCE_H_142.jpg,Groundnut,H,closed,853d1f24e0e68cbe,Healthy
Z:\Projects\Smart-Farming\Datasets\final_combined_datasets\GLFCE\H\GLFCE_H_143.jpg,Groundnut,H,closed,97bda2dcf412a306,Healthy
Z:\Projects\Smart-Farming\Datasets\final_combined_datasets\GLFCE\H\GLFCE_H_144.jpg,Groundnut,H,closed,b2487c7b5b1b83a2,Healthy
Z:\Projects\Smart-Farming\Datasets\final_combined_datasets\GLFCE\H\GLFCE_H_147.jpg,Groundnut,H,closed,d99b1d1296ac1796,Healthy
Z:\Projects\Smart-Farming\Datasets\final_combined_datasets\GLFCE\H\GLFCE_H_148.jpg,Groundnut,H,closed,e387729c0dd1395a,Healthy
Z:\Projects\Smart-Farming\Datasets\final_combined_datasets\GLFCE\H\GLFCE_H_150.jpg,Groundnut,H,closed,8a0ee6ed38e0cf38,Healthy
Z:\Projects\Smart-Farming\Datasets\final_combined_datasets\GLFCE\H\GLFCE_H_151.jpg,Groundnut,H,closed,e8bc447e075a316d,Healthy
Z:\Projects\Smart-Farming\Datasets\final_combined_datasets\GLFCE\H\GLFCE_H_152.jpg,Groundnut,H,closed,8bb2baa4eaebd240,Healthy
Z:\Projects\Smart-Farming\Datasets\final_combined_datasets\GLFCE\H\GLFCE_H_154.jpg,Groundnut,H,closed,eab9005a378c3bf2,Healthy
Z:\Projects\Smart-Farming\Datasets\final_combined_datasets\GLFCE\H\GLFCE_H_155.jpg,Groundnut,H,closed,89d11b70e5cb32c7,Healthy
Z:\Projects\Smart-Farming\Datasets\final_combined_datasets\GLFCE\H\GLFCE_H_156.jpg,Groundnut,H,closed,d22b86d501ec7aab,Healthy
Z:\Projects\Smart-Farming\Datasets\final_combined_datasets\GLFCE\H\GLFCE_H_158.jpg,Groundnut,H,closed,d71eaac2d9a4324b,Healthy
Z:\Projects\Smart-Farming\Datasets\final_combined_datasets\GLFCE\H\GLFCE_H_160.jpg,Groundnut,H,closed,c59e06c81fcd1a37,Healthy
Z:\Projects\Smart-Farming\Datasets\final_combined_datasets\GLFCE\H\GLFCE_H_161.jpg,Groundnut,H,closed,d99f1812a63d17a6,Healthy
Z:\Projects\Smart-Farming\Datasets\final_combined_datasets\GLFCE\H\GLFCE_H_162.jpg,Groundnut,H,closed,b793f08e00cc7c37,Healthy
Z:\Projects\Smart-Farming\Datasets\final_combined_datasets\GLFCE\H\GLFCE_H_163.jpg,Groundnut,H,closed,8ec07ee25f86d524,Healthy
Z:\Projects\Smart-Farming\Datasets\final_combined_datasets\GLFCE\H\GLFCE_H_164.jpg,Groundnut,H,closed,9b03f0023cbd3bda,Healthy
Z:\Projects\Smart-Farming\Datasets\final_combined_datasets\GLFCE\H\GLFCE_H_165.jpg,Groundnut,H,closed,d22a0ed645a76cda,Healthy
Z:\Projects\Smart-Farming\Datasets\final_combined_datasets\GLFCE\H\GLFCE_H_166.jpg,Groundnut,H,closed,cdbc0debc02db30c,Healthy
Z:\Projects\Smart-Farming\Datasets\final_combined_datasets\GLFCE\H\GLFCE_H_167.jpg,Groundnut,H,closed,c5f22fa519e19c2c,Healthy
Z:\Projects\Smart-Farming\Datasets\final_combined_datasets\GLFCE\H\GLFCE_H_168.jpg,Groundnut,H,closed,92c9f0897c1b93b3,Healthy
Z:\Projects\Smart-Farming\Datasets\final_combined_datasets\GLFCE\H\GLFCE_H_169.jpg,Groundnut,H,closed,cd9c04c91dcf0e37,Healthy
Z:\Projects\Smart-Farming\Datasets\final_combined_datasets\GLFCE\H\GLFCE_H_170.jpg,Groundnut,H,closed,8ff503017cf8f360,Healthy
Z:\Projects\Smart-Farming\Datasets\final_combined_datasets\GLFCE\H\GLFCE_H_171.jpg,Groundnut,H,closed,83b6789d5cdd9228,Healthy
Z:\Projects\Smart-Farming\Datasets\final_combined_datasets\GLFCE\H\GLFCE_H_172.jpg,Groundnut,H,closed,f28965d234e99374,Healthy
Z:\Projects\Smart-Farming\Datasets\final_combined_datasets\GLFCE\H\GLFCE_H_174.jpg,Groundnut,H,closed,9ee8e2da28855755,Healthy
Z:\Projects\Smart-Farming\Datasets\final_combined_datasets\GLFCE\H\GLFCE_H_175.jpg,Groundnut,H,closed,9ef8e5860960ff14,Healthy
Z:\Projects\Smart-Farming\Datasets\final_combined_datasets\GLFCE\H\GLFCE_H_176.jpg,Groundnut,H,closed,f2812fd630e99b34,Healthy
Z:\Projects\Smart-Farming\Datasets\final_combined_datasets\GLFCE\H\GLFCE_H_177.jpg,Groundnut,H,closed,bba6a6604c9c9f58,Healthy
Z:\Projects\Smart-Farming\Datasets\final_combined_datasets\GLFCE\H\GLFCE_H_178.jpg,Groundnut,H,closed,c37f824b7504fb21,Healthy
Z:\Projects\Smart-Farming\Datasets\final_combined_datasets\GLFCE\H\GLFCE_H_179.jpg,Groundnut,H,closed,d327236f0945d953,Healthy
Z:\Projects\Smart-Farming\Datasets\final_combined_datasets\GLFCE\H\GLFCE_H_180.jpg,Groundnut,H,closed,82fbb4881f953dc8,Healthy
Z:\Projects\Smart-Farming\Datasets\final_combined_datasets\GLFCE\H\GLFCE_H_181.jpg,Groundnut,H,closed,b3e6a6404c9d9ed8,Healthy
Z:\Projects\Smart-Farming\Datasets\final_combined_datasets\GLFCE\H\GLFCE_H_182.jpg,Groundnut,H,closed,f319278e48e6cdc4,Healthy
Z:\Projects\Smart-Farming\Datasets\final_combined_datasets\GLFCE\H\GLFCE_H_183.jpg,Groundnut,H,closed,b3c5224a00dd6fb7,Healthy
Z:\Projects\Smart-Farming\Datasets\final_combined_datasets\GLFCE\H\GLFCE_H_185.jpg,Groundnut,H,closed,c37ec20b7d04eae1,Healthy
Z:\Projects\Smart-Farming\Datasets\final_combined_datasets\GLFCE\H\GLFCE_H_186.jpg,Groundnut,H,closed,b7ece4916cb17029,Healthy
Z:\Projects\Smart-Farming\Datasets\final_combined_datasets\GLFCE\H\GLFCE_H_187.jpg,Groundnut,H,closed,a0ae359629c2fbe4,Healthy
Z:\Projects\Smart-Farming\Datasets\final_combined_datasets\GLFCE\H\GLFCE_H_188.jpg,Groundnut,H,closed,a1833ce0f39b19d9,Healthy
Z:\Projects\Smart-Farming\Datasets\final_combined_datasets\GLFCE\H\GLFCE_H_189.jpg,Groundnut,H,closed,87fc81cdee921705,Healthy
Z:\Projects\Smart-Farming\Datasets\final_combined_datasets\GLFCE\H\GLFCE_H_190.jpg,Groundnut,H,closed,d4d4216979d34a3b,Healthy
Z:\Projects\Smart-Farming\Datasets\final_combined_datasets\GLFCE\H\GLFCE_H_191.jpg,Groundnut,H,closed,d5f725b44dd66104,Healthy
Z:\Projects\Smart-Farming\Datasets\final_combined_datasets\GLFCE\H\GLFCE_H_192.jpg,Groundnut,H,closed,89b14de3afa1a394,Healthy
Z:\Projects\Smart-Farming\Datasets\final_combined_datasets\GLFCE\H\GLFCE_H_193.jpg,Groundnut,H,closed,d5f725fc4d962180,Healthy
Z:\Projects\Smart-Farming\Datasets\final_combined_datasets\GLFCE\H\GLFCE_H_194.jpg,Groundnut,H,closed,f1b33d098fc803ec,Healthy
Z:\Projects\Smart-Farming\Datasets\final_combined_datasets\GLFCE\H\GLFCE_H_195.jpg,Groundnut,H,closed,c3b4b19929f01e9d,Healthy
Z:\Projects\Smart-Farming\Datasets\final_combined_datasets\GLFCE\H\GLFCE_H_196.jpg,Groundnut,H,closed,d7a410f6791f2558,Healthy
Z:\Projects\Smart-Farming\Datasets\final_combined_datasets\GLFCE\H\GLFCE_H_197.jpg,Groundnut,H,closed,c3f979a724c4b0ac,Healthy
Z:\Projects\Smart-Farming\Datasets\final_combined_datasets\GLFCE\H\GLFCE_H_199.jpg,Groundnut,H,closed,8f8305b6e9a5361e,Healthy
Z:\Projects\Smart-Farming\Datasets\final_combined_datasets\GLFCE\H\GLFCE_H_200.jpg,Groundnut,H,closed,c4d421497bd27b1b,Healthy
Z:\Projects\Smart-Farming\Datasets\final_combined_datasets\GLFCE\H\GLFCE_H_201.jpg,Groundnut,H,closed,f2a9a197b8224fa5,Healthy
Z:\Projects\Smart-Farming\Datasets\final_combined_datasets\GLFCE\H\GLFCE_H_203.jpg,Groundnut,H,closed,f5b23d298fec4224,Healthy
Z:\Projects\Smart-Farming\Datasets\final_combined_datasets\GLFCE\H\GLFCE_H_204.jpg,Groundnut,H,closed,cab4b609adf25e42,Healthy
Z:\Projects\Smart-Farming\Datasets\final_combined_datasets\GLFCE\H\GLFCE_H_205.jpg,Groundnut,H,closed,92727a1c8f635374,Healthy
Z:\Projects\Smart-Farming\Datasets\final_combined_datasets\GLFCE\H\GLFCE_H_206.jpg,Groundnut,H,closed,d7a0117e599f2558,Healthy
Z:\Projects\Smart-Farming\Datasets\final_combined_datasets\GLFCE\H\GLFCE_H_208.jpg,Groundnut,H,closed,fecbc98e2a9605b0,Healthy
Z:\Projects\Smart-Farming\Datasets\final_combined_datasets\GLFCE\H\GLFCE_H_209.jpg,Groundnut,H,closed,83fb940c0dcebe45,Healthy
Z:\Projects\Smart-Farming\Datasets\final_combined_datasets\GLFCE\H\GLFCE_H_210.jpg,Groundnut,H,closed,f9874805a36eb2ec,Healthy
Z:\Projects\Smart-Farming\Datasets\final_combined_datasets\GLFCE\H\GLFCE_H_211.jpg,Groundnut,H,closed,c36c3fcd95c0c1f0,Healthy
Z:\Projects\Smart-Farming\Datasets\final_combined_datasets\GLFCE\H\GLFCE_H_213.jpg,Groundnut,H,closed,a9e77ba522e012b3,Healthy
Z:\Projects\Smart-Farming\Datasets\final_combined_datasets\GLFCE\H\GLFCE_H_214.jpg,Groundnut,H,closed,fff1233859be2804,Healthy
Z:\Projects\Smart-Farming\Datasets\final_combined_datasets\GLFCE\H\GLFCE_H_215.jpg,Groundnut,H,closed,d364642f4d9ddc88,Healthy
Z:\Projects\Smart-Farming\Datasets\final_combined_datasets\GLFCE\H\GLFCE_H_216.jpg,Groundnut,H,closed,e2d224fd6dcb0a4c,Healthy
Z:\Projects\Smart-Farming\Datasets\final_combined_datasets\GLFCE\H\GLFCE_H_217.jpg,Groundnut,H,closed,f7d5e4884a947dc0,Healthy
Z:\Projects\Smart-Farming\Datasets\final_combined_datasets\GLFCE\H\GLFCE_H_218.jpg,Groundnut,H,closed,c20b36b52d5ebc94,Healthy
Z:\Projects\Smart-Farming\Datasets\final_combined_datasets\GLFCE\H\GLFCE_H_219.jpg,Groundnut,H,closed,f6b5f75c00c07d0c,Healthy
Z:\Projects\Smart-Farming\Datasets\final_combined_datasets\GLFCE\H\GLFCE_H_220.jpg,Groundnut,H,closed,f5f161a878b63c24,Healthy
Z:\Projects\Smart-Farming\Datasets\final_combined_datasets\GLFCE\H\GLFCE_H_221.jpg,Groundnut,H,closed,80bb65a03d479a3f,Healthy
Z:\Projects\Smart-Farming\Datasets\final_combined_datasets\GLFCE\H\GLFCE_H_222.jpg,Groundnut,H,closed,a0e964467b7711da,Healthy
Z:\Projects\Smart-Farming\Datasets\final_combined_datasets\GLFCE\H\GLFCE_H_223.jpg,Groundnut,H,closed,8fd4a34a71ee2e05,Healthy
Z:\Projects\Smart-Farming\Datasets\final_combined_datasets\GLFCE\H\GLFCE_H_224.jpg,Groundnut,H,closed,d0c37cf2d615550d,Healthy
Z:\Projects\Smart-Farming\Datasets\final_combined_datasets\GLFCE\H\GLFCE_H_225.jpg,Groundnut,H,closed,c2aaa7d548c517ea,Healthy
Z:\Projects\Smart-Farming\Datasets\final_combined_datasets\GLFCE\H\GLFCE_H_226.jpg,Groundnut,H,closed,d394495822ba39fe,Healthy
Z:\Projects\Smart-Farming\Datasets\final_combined_datasets\GLFCE\H\GLFCE_H_228.jpg,Groundnut,H,closed,b2a03dd94a8724df,Healthy
Z:\Projects\Smart-Farming\Datasets\final_combined_datasets\GLFCE\H\GLFCE_H_230.jpg,Groundnut,H,closed,861c56b7f8a17709,Healthy
Z:\Projects\Smart-Farming\Datasets\final_combined_datasets\GLFCE\H\GLFCE_H_231.jpg,Groundnut,H,closed,c79f7d4ec8c2c0c2,Healthy
Z:\Projects\Smart-Farming\Datasets\final_combined_datasets\GLFCE\H\GLFCE_H_232.jpg,Groundnut,H,closed,f3cc32696df18541,Healthy
Z:\Projects\Smart-Farming\Datasets\final_combined_datasets\GLFCE\H\GLFCE_H_233.jpg,Groundnut,H,closed,86a2ea396ed621da,Healthy
Z:\Projects\Smart-Farming\Datasets\final_combined_datasets\GLFCE\H\GLFCE_H_235.jpg,Groundnut,H,closed,90896fae1a6c1bcb,Healthy
Z:\Projects\Smart-Farming\Datasets\final_combined_datasets\GLFCE\H\GLFCE_H_236.jpg,Groundnut,H,closed,93a1ea3d4bd221da,Healthy
Z:\Projects\Smart-Farming\Datasets\final_combined_datasets\GLFCE\H\GLFCE_H_237.jpg,Groundnut,H,closed,f8c576e14c64d392,Healthy
Z:\Projects\Smart-Farming\Datasets\final_combined_datasets\GLFCE\H\GLFCE_H_238.jpg,Groundnut,H,closed,f7b1e8fd014a8361,Healthy
Z:\Projects\Smart-Farming\Datasets\final_combined_datasets\GLFCE\H\GLFCE_H_239.jpg,Groundnut,H,closed,8bb0ba24eeeaf640,Healthy
Z:\Projects\Smart-Farming\Datasets\final_combined_datasets\GLFCE\H\GLFCE_H_241.jpg,Groundnut,H,closed,c78226ed6cfa421d,Healthy
Z:\Projects\Smart-Farming\Datasets\final_combined_datasets\GLFCE\H\GLFCE_H_242.jpg,Groundnut,H,closed,892ef2d66568a25d,Healthy
Z:\Projects\Smart-Farming\Datasets\final_combined_datasets\GLFCE\H\GLFCE_H_243.jpg,Groundnut,H,closed,d692ea0b3ed807c9,Healthy
Z:\Projects\Smart-Farming\Datasets\final_combined_datasets\GLFCE\H\GLFCE_H_245.jpg,Groundnut,H,closed,9ad4b0047dd6fca2,Healthy
Z:\Projects\Smart-Farming\Datasets\final_combined_datasets\GLFCE\H\GLFCE_H_247.jpg,Groundnut,H,closed,c185a9e85d846f67,Healthy
Z:\Projects\Smart-Farming\Datasets\final_combined_datasets\GLFCE\H\GLFCE_H_250.jpg,Groundnut,H,closed,96de67b16b18c161,Healthy
Z:\Projects\Smart-Farming\Datasets\final_combined_datasets\GLFCE\H\GLFCE_H_251.jpg,Groundnut,H,closed,ddb92c0f06e1760d,Healthy
Z:\Projects\Smart-Farming\Datasets\final_combined_datasets\GLFCE\H\GLFCE_H_252.jpg,Groundnut,H,closed,ddb2383f06c1724d,Healthy
Z:\Projects\Smart-Farming\Datasets\final_combined_datasets\GLFCE\H\GLFCE_H_254.jpg,Groundnut,H,closed,f4b621eba8e908d9,Healthy
Z:\Projects\Smart-Farming\Datasets\final_combined_datasets\GLFCE\H\GLFCE_H_255.jpg,Groundnut,H,closed,d0f777ac2cc42e06,Healthy
Z:\Projects\Smart-Farming\Datasets\final_combined_datasets\GLFCE\H\GLFCE_H_257.jpg,Groundnut,H,closed,82db4292ed61f369,Healthy
Z:\Projects\Smart-Farming\Datasets\final_combined_datasets\GLFCE\H\GLFCE_H_258.jpg,Groundnut,H,closed,ad80dc9ed300fec9,Healthy
Z:\Projects\Smart-Farming\Datasets\final_combined_datasets\GLFCE\H\GLFCE_H_259.jpg,Groundnut,H,closed,9e1ac9b95baa1615,Healthy
Z:\Projects\Smart-Farming\Datasets\final_combined_datasets\GLFCE\H\GLFCE_H_260.jpg,Groundnut,H,closed,b3ecf4da2d00534b,Healthy
Z:\Projects\Smart-Farming\Datasets\final_combined_datasets\GLFCE\H\GLFCE_H_261.jpg,Groundnut,H,closed,979e47a1691ed960,Healthy
Z:\Projects\Smart-Farming\Datasets\final_combined_datasets\GLFCE\H\GLFCE_H_262.jpg,Groundnut,H,closed,c232b527516a55f5,Healthy
Z:\Projects\Smart-Farming\Datasets\final_combined_datasets\GLFCE\H\GLFCE_H_264.jpg,Groundnut,H,closed,9da26a1d403e3d79,Healthy
Z:\Projects\Smart-Farming\Datasets\final_combined_datasets\GLFCE\H\GLFCE_H_265.jpg,Groundnut,H,closed,9fe8c081e8f4dad8,Healthy
Z:\Projects\Smart-Farming\Datasets\final_combined_datasets\GLFCE\H\GLFCE_H_266.jpg,Groundnut,H,closed,dacc39ea48d2ba2a,Healthy
Z:\Projects\Smart-Farming\Datasets\final_combined_datasets\GLFCE\H\GLFCE_H_267.jpg,Groundnut,H,closed,ca937d492e987358,Healthy
Z:\Projects\Smart-Farming\Datasets\final_combined_datasets\GLFCE\H\GLFCE_H_268.jpg,Groundnut,H,closed,f3b8bc1d589214d5,Healthy
Z:\Projects\Smart-Farming\Datasets\final_combined_datasets\GLFCE\H\GLFCE_H_269.jpg,Groundnut,H,closed,b755b52f5c0a3825,Healthy
Z:\Projects\Smart-Farming\Datasets\final_combined_datasets\GLFCE\H\GLFCE_H_270.jpg,Groundnut,H,closed,ede41bf2a419ca89,Healthy
Z:\Projects\Smart-Farming\Datasets\final_combined_datasets\GLFCE\H\GLFCE_H_271.jpg,Groundnut,H,closed,c7f67e6878c8280d,Healthy
Z:\Projects\Smart-Farming\Datasets\final_combined_datasets\GLFCE\H\GLFCE_H_272.jpg,Groundnut,H,closed,d277372a3f720b08,Healthy
Z:\Projects\Smart-Farming\Datasets\final_combined_datasets\GLFCE\H\GLFCE_H_273.jpg,Groundnut,H,closed,dab07ee1e04f060f,Healthy
Z:\Projects\Smart-Farming\Datasets\final_combined_datasets\GLFCE\H\GLFCE_H_274.jpg,Groundnut,H,closed,f8f65ac95b90243c,Healthy
Z:\Projects\Smart-Farming\Datasets\final_combined_datasets\GLFCE\H\GLFCE_H_275.jpg,Groundnut,H,closed,b1b767ab6ad50901,Healthy
Z:\Projects\Smart-Farming\Datasets\final_combined_datasets\GLFCE\H\GLFCE_H_276.jpg,Groundnut,H,closed,ade1d8dec380f8c1,Healthy
Z:\Projects\Smart-Farming\Datasets\final_combined_datasets\GLFCE\H\GLFCE_H_277.jpg,Groundnut,H,closed,e397a5ea0ad62da0,Healthy
Z:\Projects\Smart-Farming\Datasets\final_combined_datasets\GLFCE\H\GLFCE_H_279.jpg,Groundnut,H,closed,9fe9c280c9e45ed8,Healthy
Z:\Projects\Smart-Farming\Datasets\final_combined_datasets\GLFCE\H\GLFCE_H_280.jpg,Groundnut,H,closed,c51c502f297c3eab,Healthy
Z:\Projects\Smart-Farming\Datasets\final_combined_datasets\GLFCE\H\GLFCE_H_281.jpg,Groundnut,H,closed,97a1a7e4584395b5,Healthy
Z:\Projects\Smart-Farming\Datasets\final_combined_datasets\GLFCE\H\GLFCE_H_282.jpg,Groundnut,H,closed,a2d9859f71bea0c2,Healthy
Z:\Projects\Smart-Farming\Datasets\final_combined_datasets\GLFCE\H\GLFCE_H_283.jpg,Groundnut,H,closed,84f8fc199c9c34bc,Healthy
Z:\Projects\Smart-Farming\Datasets\final_combined_datasets\GLFCE\H\GLFCE_H_284.jpg,Groundnut,H,closed,d629270fb0e366a6,Healthy
Z:\Projects\Smart-Farming\Datasets\final_combined_datasets\GLFCE\H\GLFCE_H_285.jpg,Groundnut,H,closed,f4b625e3ac7820e9,Healthy
Z:\Projects\Smart-Farming\Datasets\final_combined_datasets\GLFCE\H\GLFCE_H_286.jpg,Groundnut,H,closed,f6c96f4208a71ed2,Healthy
Z:\Projects\Smart-Farming\Datasets\final_combined_datasets\GLFCE\H\GLFCE_H_287.jpg,Groundnut,H,closed,ede40db2a435f2a8,Healthy
Z:\Projects\Smart-Farming\Datasets\final_combined_datasets\GLFCE\H\GLFCE_H_288.jpg,Groundnut,H,closed,c2e5750389e24f67,Healthy
Z:\Projects\Smart-Farming\Datasets\final_combined_datasets\GLFCE\H\GLFCE_H_289.jpg,Groundnut,H,closed,d2a361637b40937b,Healthy
Z:\Projects\Smart-Farming\Datasets\final_combined_datasets\GLFCE\H\GLFCE_H_290.jpg,Groundnut,H,closed,9e5be6a06c17e1e0,Healthy
Z:\Projects\Smart-Farming\Datasets\final_combined_datasets\GLFCE\H\GLFCE_H_292.jpg,Groundnut,H,closed,c62a95a7516b42f5,Healthy
Z:\Projects\Smart-Farming\Datasets\final_combined_datasets\GLFCE\H\GLFCE_H_293.jpg,Groundnut,H,closed,c9cf7e4af0a0416e,Healthy
Z:\Projects\Smart-Farming\Datasets\final_combined_datasets\GLFCE\H\GLFCE_H_294.jpg,Groundnut,H,closed,c6fa1fbda0e1a340,Healthy
Z:\Projects\Smart-Farming\Datasets\final_combined_datasets\GLFCE\H\GLFCE_H_295.jpg,Groundnut,H,closed,b3486067e8e7b0c7,Healthy
Z:\Projects\Smart-Farming\Datasets\final_combined_datasets\GLFCE\H\GLFCE_H_296.jpg,Groundnut,H,closed,a4466f4a58dce56c,Healthy
Z:\Projects\Smart-Farming\Datasets\final_combined_datasets\GLFCE\H\GLFCE_H_297.jpg,Groundnut,H,closed,c769aec16e2057c9,Healthy
Z:\Projects\Smart-Farming\Datasets\final_combined_datasets\GLFCE\H\GLFCE_H_299.jpg,Groundnut,H,closed,b3c86847a8e7a8c7,Healthy
Z:\Projects\Smart-Farming\Datasets\final_combined_datasets\GLFCE\H\GLFCE_H_300.jpg,Groundnut,H,closed,d27537e23b7203c1,Healthy
Z:\Projects\Smart-Farming\Datasets\final_combined_datasets\GLFCE\H\GLFCE_H_301.jpg,Groundnut,H,closed,e2f337b03750073c,Healthy
Z:\Projects\Smart-Farming\Datasets\final_combined_datasets\GLFCE\H\GLFCE_H_302.jpg,Groundnut,H,closed,d77486976720b685,Healthy
Z:\Projects\Smart-Farming\Datasets\final_combined_datasets\GLFCE\H\GLFCE_H_303.jpg,Groundnut,H,closed,e2f337303c502f3c,Healthy
Z:\Projects\Smart-Farming\Datasets\final_combined_datasets\GLFCE\H\GLFCE_H_304.jpg,Groundnut,H,closed,e9d68aa45da68a55,Healthy
Z:\Projects\Smart-Farming\Datasets\final_combined_datasets\GLFCE\H\GLFCE_H_305.jpg,Groundnut,H,closed,98b95abca786845b,Healthy
Z:\Projects\Smart-Farming\Datasets\final_combined_datasets\GLFCE\H\GLFCE_H_306.jpg,Groundnut,H,closed,f49aa7524ab0cd74,Healthy
Z:\Projects\Smart-Farming\Datasets\final_combined_datasets\GLFCE\H\GLFCE_H_307.jpg,Groundnut,H,closed,cab87fe1e507060d,Healthy
Z:\Projects\Smart-Farming\Datasets\final_combined_datasets\GLFCE\H\GLFCE_H_308.jpg,Groundnut,H,closed,98b05afaa1d6acac,Healthy
Z:\Projects\Smart-Farming\Datasets\final_combined_datasets\GLFCE\H\GLFCE_H_309.jpg,Groundnut,H,closed,96aca5952c06fee1,Healthy
Z:\Projects\Smart-Farming\Datasets\final_combined_datasets\GLFCE\H\GLFCE_H_310.jpg,Groundnut,H,closed,afd9e4ba2906c0f8,Healthy
Z:\Projects\Smart-Farming\Datasets\final_combined_datasets\GLFCE\H\GLFCE_H_311.jpg,Groundnut,H,closed,9ea8a5953807f6e1,Healthy
Z:\Projects\Smart-Farming\Datasets\final_combined_datasets\GLFCE\H\GLFCE_H_312.jpg,Groundnut,H,closed,b7b7e0b12b9230c9,Healthy
Z:\Projects\Smart-Farming\Datasets\final_combined_datasets\GLFCE\H\GLFCE_H_313.jpg,Groundnut,H,closed,9b34b3056c149bdb,Healthy
Z:\Projects\Smart-Farming\Datasets\final_combined_datasets\GLFCE\H\GLFCE_H_314.jpg,Groundnut,H,closed,d49026a6c2e7e7a5,Healthy
Z:\Projects\Smart-Farming\Datasets\final_combined_datasets\GLFCE\H\GLFCE_H_315.jpg,Groundnut,H,closed,da84b5410d3d4edd,Healthy
Z:\Projects\Smart-Farming\Datasets\final_combined_datasets\GLFCE\H\GLFCE_H_316.jpg,Groundnut,H,closed,9607650b78e2fb68,Healthy
Z:\Projects\Smart-Farming\Datasets\final_combined_datasets\GLFCE\H\GLFCE_H_317.jpg,Groundnut,H,closed,e676242968867ece,Healthy
Z:\Projects\Smart-Farming\Datasets\final_combined_datasets\GLFCE\H\GLFCE_H_318.jpg,Groundnut,H,closed,81e739f93e2916a1,Healthy
Z:\Projects\Smart-Farming\Datasets\final_combined_datasets\GLFCE\H\GLFCE_H_319.jpg,Groundnut,H,closed,d3cb68e048393fb1,Healthy
Z:\Projects\Smart-Farming\Datasets\final_combined_datasets\GLFCE\H\GLFCE_H_320.jpg,Groundnut,H,closed,92422ed74c91f7b8,Healthy
Z:\Projects\Smart-Farming\Datasets\final_combined_datasets\GLFCE\H\GLFCE_H_321.jpg,Groundnut,H,closed,c1f6f81784c9f3c0,Healthy
Z:\Projects\Smart-Farming\Datasets\final_combined_datasets\GLFCE\H\GLFCE_H_322.jpg,Groundnut,H,closed,c92ed0ad3dd285d8,Healthy
Z:\Projects\Smart-Farming\Datasets\final_combined_datasets\GLFCE\H\GLFCE_H_324.jpg,Groundnut,H,closed,d272e251a10e3ef5,Healthy
Z:\Projects\Smart-Farming\Datasets\final_combined_datasets\GLFCE\H\GLFCE_H_325.jpg,Groundnut,H,closed,c5df69445bc482e9,Healthy
Z:\Projects\Smart-Farming\Datasets\final_combined_datasets\GLFCE\H\GLFCE_H_326.jpg,Groundnut,H,closed,91985ae5a553bc1d,Healthy
Z:\Projects\Smart-Farming\Datasets\final_combined_datasets\GLFCE\H\GLFCE_H_327.jpg,Groundnut,H,closed,91984ae5c57bbc0d,Healthy
Z:\Projects\Smart-Farming\Datasets\final_combined_datasets\GLFCE\H\GLFCE_H_328.jpg,Groundnut,H,closed,d4d27f10af5c23a4,Healthy
Z:\Projects\Smart-Farming\Datasets\final_combined_datasets\GLFCE\H\GLFCE_H_329.jpg,Groundnut,H,closed,d672e291a11e3ce5,Healthy
Z:\Projects\Smart-Farming\Datasets\final_combined_datasets\GLFCE\H\GLFCE_H_330.jpg,Groundnut,H,closed,e42de1c819c34cfb,Healthy
Z:\Projects\Smart-Farming\Datasets\final_combined_datasets\GLFCE\H\GLFCE_H_331.jpg,Groundnut,H,closed,8674a74f6a83ef40,Healthy
Z:\Projects\Smart-Farming\Datasets\final_combined_datasets\GLFCE\H\GLFCE_H_332.jpg,Groundnut,H,closed,d7b471a8481ece78,Healthy
Z:\Projects\Smart-Farming\Datasets\final_combined_datasets\GLFCE\H\GLFCE_H_333.jpg,Groundnut,H,closed,92002fd64cb1ffb8,Healthy
Z:\Projects\Smart-Farming\Datasets\final_combined_datasets\GLFCE\H\GLFCE_H_334.jpg,Groundnut,H,closed,d774869764a0f4e1,Healthy
Z:\Projects\Smart-Farming\Datasets\final_combined_datasets\GLFCE\H\GLFCE_H_335.jpg,Groundnut,H,closed,c6bb3d4c84cd4b15,Healthy
Z:\Projects\Smart-Farming\Datasets\final_combined_datasets\GLFCE\H\GLFCE_H_336.jpg,Groundnut,H,closed,d36e2e629cb49496,Healthy
Z:\Projects\Smart-Farming\Datasets\final_combined_datasets\GLFCE\H\GLFCE_H_337.jpg,Groundnut,H,closed,d26e2e429cb492d7,Healthy
Z:\Projects\Smart-Farming\Datasets\final_combined_datasets\GLFCE\H\GLFCE_H_338.jpg,Groundnut,H,closed,c9fe0923f6bb003c,Healthy
Z:\Projects\Smart-Farming\Datasets\final_combined_datasets\GLFCE\H\GLFCE_H_339.jpg,Groundnut,H,closed,938ea4af3d044bcb,Healthy
Z:\Projects\Smart-Farming\Datasets\final_combined_datasets\GLFCE\H\GLFCE_H_340.jpg,Groundnut,H,closed,d6bf23c21d808fd8,Healthy
Z:\Projects\Smart-Farming\Datasets\final_combined_datasets\GLFCE\H\GLFCE_H_342.jpg,Groundnut,H,closed,87b1f571501b6cd8,Healthy
Z:\Projects\Smart-Farming\Datasets\final_combined_datasets\GLFCE\H\GLFCE_H_343.jpg,Groundnut,H,closed,a7f4607801de7d54,Healthy
Z:\Projects\Smart-Farming\Datasets\final_combined_datasets\GLFCE\H\GLFCE_H_344.jpg,Groundnut,H,closed,96b16495794f5616,Healthy
Z:\Projects\Smart-Farming\Datasets\final_combined_datasets\GLFCE\H\GLFCE_H_346.jpg,Groundnut,H,closed,a39362b52ddc522e,Healthy
Z:\Projects\Smart-Farming\Datasets\final_combined_datasets\GLFCE\H\GLFCE_H_347.jpg,Groundnut,H,closed,a79320ad0ddc2e3d,Healthy
Z:\Projects\Smart-Farming\Datasets\final_combined_datasets\GLFCE\H\GLFCE_H_348.jpg,Groundnut,H,closed,db7278122b3fe00e,Healthy
Z:\Projects\Smart-Farming\Datasets\final_combined_datasets\GLFCE\H\GLFCE_H_349.jpg,Groundnut,H,closed,d7d7162a2c566e28,Healthy
Z:\Projects\Smart-Farming\Datasets\final_combined_datasets\GLFCE\H\GLFCE_H_350.jpg,Groundnut,H,closed,8f68e4b67d2f4182,Healthy
Z:\Projects\Smart-Farming\Datasets\final_combined_datasets\GLFCE\H\GLFCE_H_351.jpg,Groundnut,H,closed,e6d4a34f308ed16c,Healthy
Z:\Projects\Smart-Farming\Datasets\final_combined_datasets\GLFCE\H\GLFCE_H_352.jpg,Groundnut,H,closed,f7d7072a24566e60,Healthy
Z:\Projects\Smart-Farming\Datasets\final_combined_datasets\GLFCE\H\GLFCE_H_355.jpg,Groundnut,H,closed,f59c6b91d8e9c049,Healthy
Z:\Projects\Smart-Farming\Datasets\final_combined_datasets\GLFCE\H\GLFCE_H_356.jpg,Groundnut,H,closed,ecb708e8038bbe95,Healthy
Z:\Projects\Smart-Farming\Datasets\final_combined_datasets\GLFCE\H\GLFCE_H_357.jpg,Groundnut,H,closed,86fd6f0a09c849db,Healthy
Z:\Projects\Smart-Farming\Datasets\final_combined_datasets\GLFCE\H\GLFCE_H_358.jpg,Groundnut,H,closed,8b21161ee8cfd6d4,Healthy
Z:\Projects\Smart-Farming\Datasets\final_combined_datasets\GLFCE\H\GLFCE_H_359.jpg,Groundnut,H,closed,fba641d538c387a4,Healthy
Z:\Projects\Smart-Farming\Datasets\final_combined_datasets\GLFCE\H\GLFCE_H_360.jpg,Groundnut,H,closed,d02d265b4855dcdb,Healthy
Z:\Projects\Smart-Farming\Datasets\final_combined_datasets\GLFCE\H\GLFCE_H_361.jpg,Groundnut,H,closed,d40d6e5a4891d8df,Healthy
Z:\Projects\Smart-Farming\Datasets\final_combined_datasets\GLFCE\H\GLFCE_H_362.jpg,Groundnut,H,closed,987b78122b1ff80e,Healthy
Z:\Projects\Smart-Farming\Datasets\final_combined_datasets\GLFCE\H\GLFCE_H_363.jpg,Groundnut,H,closed,d5b2a0d5f84e7548,Healthy
Z:\Projects\Smart-Farming\Datasets\final_combined_datasets\GLFCE\H\GLFCE_H_364.jpg,Groundnut,H,closed,8f137f2de161b248,Healthy
Z:\Projects\Smart-Farming\Datasets\final_combined_datasets\GLFCE\H\GLFCE_H_365.jpg,Groundnut,H,closed,8bb8630ed4e46e9c,Healthy
Z:\Projects\Smart-Farming\Datasets\final_combined_datasets\GLFCE\H\GLFCE_H_366.jpg,Groundnut,H,closed,e4a3c8b6934d64ab,Healthy
Z:\Projects\Smart-Farming\Datasets\final_combined_datasets\GLFCE\H\GLFCE_H_367.jpg,Groundnut,H,closed,d2ba76152d82a9c7,Healthy
Z:\Projects\Smart-Farming\Datasets\final_combined_datasets\GLFCE\H\GLFCE_H_368.jpg,Groundnut,H,closed,dbdc218d798bc309,Healthy
Z:\Projects\Smart-Farming\Datasets\final_combined_datasets\GLFCE\H\GLFCE_H_369.jpg,Groundnut,H,closed,f4d868914665a737,Healthy
Z:\Projects\Smart-Farming\Datasets\final_combined_datasets\GLFCE\H\GLFCE_H_370.jpg,Groundnut,H,closed,cb7464cf14a1147f,Healthy
Z:\Projects\Smart-Farming\Datasets\final_combined_datasets\GLFCE\H\GLFCE_H_371.jpg,Groundnut,H,closed,df2a23e035aee885,Healthy
Z:\Projects\Smart-Farming\Datasets\final_combined_datasets\GLFCE\H\GLFCE_H_372.jpg,Groundnut,H,closed,c300b790742ffa5b,Healthy
Z:\Projects\Smart-Farming\Datasets\final_combined_datasets\GLFCE\H\GLFCE_H_373.jpg,Groundnut,H,closed,d22d61cd7951a9a9,Healthy
Z:\Projects\Smart-Farming\Datasets\final_combined_datasets\GLFCE\H\GLFCE_H_374.jpg,Groundnut,H,closed,a5ac60c10f2ebaf5,Healthy
Z:\Projects\Smart-Farming\Datasets\final_combined_datasets\GLFCE\H\GLFCE_H_375.jpg,Groundnut,H,closed,97a33abd19da3049,Healthy
Z:\Projects\Smart-Farming\Datasets\final_combined_datasets\GLFCE\H\GLFCE_H_376.jpg,Groundnut,H,closed,d910d9e0e13bfa19,Healthy
Z:\Projects\Smart-Farming\Datasets\final_combined_datasets\GLFCE\H\GLFCE_H_377.jpg,Groundnut,H,closed,9de37df261b58280,Healthy
Z:\Projects\Smart-Farming\Datasets\final_combined_datasets\GLFCE\H\GLFCE_H_378.jpg,Groundnut,H,closed,d9e2581e1b4976b1,Healthy
Z:\Projects\Smart-Farming\Datasets\final_combined_datasets\GLFCE\H\GLFCE_H_379.jpg,Groundnut,H,closed,cd5be4173ad1049e,Healthy
Z:\Projects\Smart-Farming\Datasets\final_combined_datasets\GLFCE\H\GLFCE_H_380.jpg,Groundnut,H,closed,917869bc78c3cb83,Healthy
Z:\Projects\Smart-Farming\Datasets\final_combined_datasets\GLFCE\H\GLFCE_H_381.jpg,Groundnut,H,closed,9ea1f758655432c3,Healthy
Z:\Projects\Smart-Farming\Datasets\final_combined_datasets\GLFCE\H\GLFCE_H_382.jpg,Groundnut,H,closed,c0f0781d0ecff44d,Healthy
Z:\Projects\Smart-Farming\Datasets\final_combined_datasets\GLFCE\H\GLFCE_H_383.jpg,Groundnut,H,closed,a5aee082053eabf5,Healthy
Z:\Projects\Smart-Farming\Datasets\final_combined_datasets\GLFCE\H\GLFCE_H_384.jpg,Groundnut,H,closed,a78728e2d15c8f4b,Healthy
Z:\Projects\Smart-Farming\Datasets\final_combined_datasets\GLFCE\H\GLFCE_H_385.jpg,Groundnut,H,closed,f234ad8d67424d4b,Healthy
Z:\Projects\Smart-Farming\Datasets\final_combined_datasets\GLFCE\H\GLFCE_H_386.jpg,Groundnut,H,closed,839fe0b04956876f,Healthy
Z:\Projects\Smart-Farming\Datasets\final_combined_datasets\GLFCE\H\GLFCE_H_387.jpg,Groundnut,H,closed,ca29b4bd3da1107e,Healthy
Z:\Projects\Smart-Farming\Datasets\final_combined_datasets\GLFCE\H\GLFCE_H_388.jpg,Groundnut,H,closed,878c702d09bf754d,Healthy
Z:\Projects\Smart-Farming\Datasets\final_combined_datasets\GLFCE\H\GLFCE_H_389.jpg,Groundnut,H,closed,9ce7f11cea05829e,Healthy
Z:\Projects\Smart-Farming\Datasets\final_combined_datasets\GLFCE\H\GLFCE_H_390.jpg,Groundnut,H,closed,a19e209e3d0adcfc,Healthy
Z:\Projects\Smart-Farming\Datasets\final_combined_datasets\GLFCE\H\GLFCE_H_391.jpg,Groundnut,H,closed,b5e726795a952944,Healthy
Z:\Projects\Smart-Farming\Datasets\final_combined_datasets\GLFCE\H\GLFCE_H_392.jpg,Groundnut,H,closed,cfab70946ccb7064,Healthy
Z:\Projects\Smart-Farming\Datasets\final_combined_datasets\GLFCE\H\GLFCE_H_393.jpg,Groundnut,H,closed,d1e43bdaad10625e,Healthy
Z:\Projects\Smart-Farming\Datasets\final_combined_datasets\GLFCE\H\GLFCE_H_394.jpg,Groundnut,H,closed,df28e56c2085965f,Healthy
Z:\Projects\Smart-Farming\Datasets\final_combined_datasets\GLFCE\H\GLFCE_H_395.jpg,Groundnut,H,closed,d5b526795a9528cc,Healthy
Z:\Projects\Smart-Farming\Datasets\final_combined_datasets\GLFCE\H\GLFCE_H_396.jpg,Groundnut,H,closed,c2e3cb9ee50b33a0,Healthy
Z:\Projects\Smart-Farming\Datasets\final_combined_datasets\GLFCE\H\GLFCE_H_397.jpg,Groundnut,H,closed,87dbe8825b38298f,Healthy
Z:\Projects\Smart-Farming\Datasets\final_combined_datasets\GLFCE\H\GLFCE_H_398.jpg,Groundnut,H,closed,cf967d8928c43f41,Healthy
Z:\Projects\Smart-Farming\Datasets\final_combined_datasets\GLFCE\H\GLFCE_H_399.jpg,Groundnut,H,closed,cb85a38cfcd742b0,Healthy
Z:\Projects\Smart-Farming\Datasets\final_combined_datasets\GLFCE\H\GLFCE_H_400.jpg,Groundnut,H,closed,979766f16d08c760,Healthy
Z:\Projects\Smart-Farming\Datasets\final_combined_datasets\GLFCE\H\GLFCE_H_401.jpg,Groundnut,H,closed,e6f6a7091ec0235e,Healthy
Z:\Projects\Smart-Farming\Datasets\final_combined_datasets\GLFCE\H\GLFCE_H_402.jpg,Groundnut,H,closed,ab81b8ce86c7c371,Healthy
Z:\Projects\Smart-Farming\Datasets\final_combined_datasets\GLFCE\H\GLFCE_H_403.jpg,Groundnut,H,closed,f2adf1c61ad2d083,Healthy
Z:\Projects\Smart-Farming\Datasets\final_combined_datasets\GLFCE\H\GLFCE_H_404.jpg,Groundnut,H,closed,d61074bc5ede288d,Healthy
Z:\Projects\Smart-Farming\Datasets\final_combined_datasets\GLFCE\H\GLFCE_H_405.jpg,Groundnut,H,closed,e296659d6bda3809,Healthy
Z:\Projects\Smart-Farming\Datasets\final_combined_datasets\GLFCE\H\GLFCE_H_406.jpg,Groundnut,H,closed,ee83809b88933ebb,Healthy
Z:\Projects\Smart-Farming\Datasets\final_combined_datasets\GLFCE\H\GLFCE_H_407.jpg,Groundnut,H,closed,89537b14e5c932e6,Healthy
Z:\Projects\Smart-Farming\Datasets\final_combined_datasets\GLFCE\H\GLFCE_H_408.jpg,Groundnut,H,closed,eb945bc40ccb8b63,Healthy
Z:\Projects\Smart-Farming\Datasets\final_combined_datasets\GLFCE\H\GLFCE_H_409.jpg,Groundnut,H,closed,e7f321c8491a9fa8,Healthy
Z:\Projects\Smart-Farming\Datasets\final_combined_datasets\GLFCE\H\GLFCE_H_410.jpg,Groundnut,H,closed,86baf83e19e0c353,Healthy
Z:\Projects\Smart-Farming\Datasets\final_combined_datasets\GLFCE\H\GLFCE_H_411.jpg,Groundnut,H,closed,d7976ef02d0cd540,Healthy
Z:\Projects\Smart-Farming\Datasets\final_combined_datasets\GLFCE\H\GLFCE_H_412.jpg,Groundnut,H,closed,a6b660bd3ec8b149,Healthy
Z:\Projects\Smart-Farming\Datasets\final_combined_datasets\GLFCE\H\GLFCE_H_413.jpg,Groundnut,H,closed,f79523b87892451d,Healthy
Z:\Projects\Smart-Farming\Datasets\final_combined_datasets\GLFCE\H\GLFCE_H_414.jpg,Groundnut,H,closed,b0d24df719918f25,Healthy
Z:\Projects\Smart-Farming\Datasets\final_combined_datasets\GLFCE\H\GLFCE_H_415.jpg,Groundnut,H,closed,bf800feb2f93801d,Healthy
Z:\Projects\Smart-Farming\Datasets\final_combined_datasets\GLFCE\H\GLFCE_H_416.jpg,Groundnut,H,closed,e3e725a5699d4548,Healthy
Z:\Projects\Smart-Farming\Datasets\final_combined_datasets\GLFCE\H\GLFCE_H_417.jpg,Groundnut,H,closed,dfc0f3ce08ba50e1,Healthy
Z:\Projects\Smart-Farming\Datasets\final_combined_datasets\GLFCE\H\GLFCE_H_418.jpg,Groundnut,H,closed,933d3a492cd4cf0d,Healthy
Z:\Projects\Smart-Farming\Datasets\final_combined_datasets\GLFCE\H\GLFCE_H_419.jpg,Groundnut,H,closed,bfe7453409a8e8e8,Healthy
Z:\Projects\Smart-Farming\Datasets\final_combined_datasets\GLFCE\H\GLFCE_H_420.jpg,Groundnut,H,closed,d5b1287e6ee02267,Healthy
Z:\Projects\Smart-Farming\Datasets\final_combined_datasets\GLFCE\H\GLFCE_H_421.jpg,Groundnut,H,closed,a1c66dc4296ef135,Healthy
Z:\Projects\Smart-Farming\Datasets\final_combined_datasets\GLFCE\H\GLFCE_H_422.jpg,Groundnut,H,closed,d6245aff39030af8,Healthy
Z:\Projects\Smart-Farming\Datasets\final_combined_datasets\GLFCE\H\GLFCE_H_423.jpg,Groundnut,H,closed,e976a1c39639cac4,Healthy
Z:\Projects\Smart-Farming\Datasets\final_combined_datasets\GLFCE\H\GLFCE_H_424.jpg,Groundnut,H,closed,c00bb7507dcc6acd,Healthy
Z:\Projects\Smart-Farming\Datasets\final_combined_datasets\GLFCE\H\GLFCE_H_425.jpg,Groundnut,H,closed,f391bacc5d867260,Healthy
Z:\Projects\Smart-Farming\Datasets\final_combined_datasets\GLFCE\H\GLFCE_H_426.jpg,Groundnut,H,closed,8fe873c161ec7819,Healthy
Z:\Projects\Smart-Farming\Datasets\final_combined_datasets\GLFCE\H\GLFCE_H_427.jpg,Groundnut,H,closed,d34b9922e3d67434,Healthy
Z:\Projects\Smart-Farming\Datasets\final_combined_datasets\GLFCE\H\GLFCE_H_428.jpg,Groundnut,H,closed,c6c6658848db3da7,Healthy
Z:\Projects\Smart-Farming\Datasets\final_combined_datasets\GLFCE\H\GLFCE_H_429.jpg,Groundnut,H,closed,c7ece10c68e23de8,Healthy
Z:\Projects\Smart-Farming\Datasets\final_combined_datasets\GLFCE\H\GLFCE_H_430.jpg,Groundnut,H,closed,f6f830e20949b6d9,Healthy
Z:\Projects\Smart-Farming\Datasets\final_combined_datasets\GLFCE\H\GLFCE_H_431.jpg,Groundnut,H,closed,ffa1bde008a5650b,Healthy
Z:\Projects\Smart-Farming\Datasets\final_combined_datasets\GLFCE\H\GLFCE_H_432.jpg,Groundnut,H,closed,8be873c1616c7a9c,Healthy
Z:\Projects\Smart-Farming\Datasets\final_combined_datasets\GLFCE\H\GLFCE_H_433.jpg,Groundnut,H,closed,bf3e351b48c944d2,Healthy
Z:\Projects\Smart-Farming\Datasets\final_combined_datasets\GLFCE\H\GLFCE_H_434.jpg,Groundnut,H,closed,8a9323bd189723bd,Healthy
Z:\Projects\Smart-Farming\Datasets\final_combined_datasets\GLFCE\H\GLFCE_H_435.jpg,Groundnut,H,closed,c7f227a7244ada26,Healthy
Z:\Projects\Smart-Farming\Datasets\final_combined_datasets\GLFCE\H\GLFCE_H_436.jpg,Groundnut,H,closed,ebd39e92c68c21a9,Healthy
Z:\Projects\Smart-Farming\Datasets\final_combined_datasets\GLFCE\H\GLFCE_H_437.jpg,Groundnut,H,closed,f38c20735cf901ee,Healthy
Z:\Projects\Smart-Farming\Datasets\final_combined_datasets\GLFCE\H\GLFCE_H_438.jpg,Groundnut,H,closed,92b37a1c1d4e9273,Healthy
Z:\Projects\Smart-Farming\Datasets\final_combined_datasets\GLFCE\H\GLFCE_H_439.jpg,Groundnut,H,closed,9ad950f541bcbad0,Healthy
Z:\Projects\Smart-Farming\Datasets\final_combined_datasets\GLFCE\H\GLFCE_H_440.jpg,Groundnut,H,closed,f4a926b1ce210df5,Healthy
Z:\Projects\Smart-Farming\Datasets\final_combined_datasets\GLFCE\H\GLFCE_H_441.jpg,Groundnut,H,closed,d7f42da04a826de6,Healthy
Z:\Projects\Smart-Farming\Datasets\final_combined_datasets\GLFCE\H\GLFCE_H_442.jpg,Groundnut,H,closed,c2a9b27e5866c6a5,Healthy
Z:\Projects\Smart-Farming\Datasets\final_combined_datasets\GLFCE\H\GLFCE_H_443.jpg,Groundnut,H,closed,9ed950f543a9bac0,Healthy
Z:\Projects\Smart-Farming\Datasets\final_combined_datasets\GLFCE\H\GLFCE_H_444.jpg,Groundnut,H,closed,c2abb2fc5966c6a0,Healthy
Z:\Projects\Smart-Farming\Datasets\final_combined_datasets\GLFCE\H\GLFCE_H_445.jpg,Groundnut,H,closed,97ba363c0dce5245,Healthy
Z:\Projects\Smart-Farming\Datasets\final_combined_datasets\GLFCE\H\GLFCE_H_446.jpg,Groundnut,H,closed,8d905ae05d3b74dc,Healthy
Z:\Projects\Smart-Farming\Datasets\final_combined_datasets\GLFCE\H\GLFCE_H_447.jpg,Groundnut,H,closed,86072ef87e942e0f,Healthy
Z:\Projects\Smart-Farming\Datasets\final_combined_datasets\GLFCE\H\GLFCE_H_448.jpg,Groundnut,H,closed,9ebcf25d20a21aad,Healthy
Z:\Projects\Smart-Farming\Datasets\final_combined_datasets\GLFCE\H\GLFCE_H_449.jpg,Groundnut,H,closed,84ef0f4b58934778,Healthy
Z:\Projects\Smart-Farming\Datasets\final_combined_datasets\GLFCE\H\GLFCE_H_450.jpg,Groundnut,H,closed,b78726e82cdb8561,Healthy
Z:\Projects\Smart-Farming\Datasets\final_combined_datasets\GLFCE\H\GLFCE_H_451.jpg,Groundnut,H,closed,c1a5e2aaf41c3f8c,Healthy
Z:\Projects\Smart-Farming\Datasets\final_combined_datasets\GLFCE\H\GLFCE_H_452.jpg,Groundnut,H,closed,b09072bc7cce7ca4,Healthy
Z:\Projects\Smart-Farming\Datasets\final_combined_datasets\GLFCE\H\GLFCE_H_453.jpg,Groundnut,H,closed,ebb2e8c60ea1b594,Healthy
Z:\Projects\Smart-Farming\Datasets\final_combined_datasets\GLFCE\H\GLFCE_H_454.jpg,Groundnut,H,closed,d3e8c24bbfb0203d,Healthy
Z:\Projects\Smart-Farming\Datasets\final_combined_datasets\GLFCE\H\GLFCE_H_455.jpg,Groundnut,H,closed,960064762bf7d2d6,Healthy
Z:\Projects\Smart-Farming\Datasets\final_combined_datasets\GLFCE\H\GLFCE_H_456.jpg,Groundnut,H,closed,dfdc90cbbc125350,Healthy
Z:\Projects\Smart-Farming\Datasets\final_combined_datasets\GLFCE\H\GLFCE_H_457.jpg,Groundnut,H,closed,a6ffa4e09c1384f1,Healthy
Z:\Projects\Smart-Farming\Datasets\final_combined_datasets\GLFCE\H\GLFCE_H_459.jpg,Groundnut,H,closed,df61a25e63c124f8,Healthy
Z:\Projects\Smart-Farming\Datasets\final_combined_datasets\GLFCE\H\GLFCE_H_461.jpg,Groundnut,H,closed,cec3a3fab0450d33,Healthy
Z:\Projects\Smart-Farming\Datasets\final_combined_datasets\GLFCE\H\GLFCE_H_462.jpg,Groundnut,H,closed,fea789c944e42ac9,Healthy
Z:\Projects\Smart-Farming\Datasets\final_combined_datasets\GLFCE\H\GLFCE_H_463.jpg,Groundnut,H,closed,8e7eb6be64641581,Healthy
Z:\Projects\Smart-Farming\Datasets\final_combined_datasets\GLFCE\H\GLFCE_H_464.jpg,Groundnut,H,closed,b0fb346020bc7d3d,Healthy
Z:\Projects\Smart-Farming\Datasets\final_combined_datasets\GLFCE\H\GLFCE_H_465.jpg,Groundnut,H,closed,f0fb342520b45d3d,Healthy
Z:\Projects\Smart-Farming\Datasets\final_combined_datasets\GLFCE\H\GLFCE_H_466.jpg,Groundnut,H,closed,83d6a14971ebaf21,Healthy
Z:\Projects\Smart-Farming\Datasets\final_combined_datasets\GLFCE\H\GLFCE_H_467.jpg,Groundnut,H,closed,beb97e142a15b01b,Healthy
Z:\Projects\Smart-Farming\Datasets\final_combined_datasets\GLFCE\H\GLFCE_H_468.jpg,Groundnut,H,closed,87f8a4bc7f1cc890,Healthy
Z:\Projects\Smart-Farming\Datasets\final_combined_datasets\GLFCE\H\GLFCE_H_469.jpg,Groundnut,H,closed,87e8a4bd7f58c094,Healthy
Z:\Projects\Smart-Farming\Datasets\final_combined_datasets\GLFCE\H\GLFCE_H_470.jpg,Groundnut,H,closed,97846dca7eb04b2a,Healthy
Z:\Projects\Smart-Farming\Datasets\final_combined_datasets\GLFCE\H\GLFCE_H_471.jpg,Groundnut,H,closed,8d935d5be0f81343,Healthy
Z:\Projects\Smart-Farming\Datasets\final_combined_datasets\GLFCE\H\GLFCE_H_473.jpg,Groundnut,H,closed,80bfc0c2382bdef6,Healthy
Z:\Projects\Smart-Farming\Datasets\final_combined_datasets\GLFCE\H\GLFCE_H_475.jpg,Groundnut,H,closed,d9c410c98d995bdd,Healthy
Z:\Projects\Smart-Farming\Datasets\final_combined_datasets\GLFCE\H\GLFCE_H_477.jpg,Groundnut,H,closed,87b467a15b94e319,Healthy
Z:\Projects\Smart-Farming\Datasets\final_combined_datasets\GLFCE\H\GLFCE_H_478.jpg,Groundnut,H,closed,f3842b8c9dad9e21,Healthy
Z:\Projects\Smart-Farming\Datasets\final_combined_datasets\GLFCE\H\GLFCE_H_479.jpg,Groundnut,H,closed,9dbbad7cf0816c02,Healthy
Z:\Projects\Smart-Farming\Datasets\final_combined_datasets\GLFCE\H\GLFCE_H_480.jpg,Groundnut,H,closed,b93b294a85f25a66,Healthy
Z:\Projects\Smart-Farming\Datasets\final_combined_datasets\GLFCE\H\GLFCE_H_481.jpg,Groundnut,H,closed,d7e9e453686423aa,Healthy
Z:\Projects\Smart-Farming\Datasets\final_combined_datasets\GLFCE\H\GLFCE_H_482.jpg,Groundnut,H,closed,c3eda1123cf3d41a,Healthy
Z:\Projects\Smart-Farming\Datasets\final_combined_datasets\GLFCE\H\GLFCE_H_483.jpg,Groundnut,H,closed,c4ebe00737537c19,Healthy
Z:\Projects\Smart-Farming\Datasets\final_combined_datasets\GLFCE\H\GLFCE_H_484.jpg,Groundnut,H,closed,87b465a13bd4e259,Healthy
Z:\Projects\Smart-Farming\Datasets\final_combined_datasets\GLFCE\H\GLFCE_H_485.jpg,Groundnut,H,closed,ae0eb4c089f4df89,Healthy
Z:\Projects\Smart-Farming\Datasets\final_combined_datasets\GLFCE\H\GLFCE_H_486.jpg,Groundnut,H,closed,d5f570195bd23056,Healthy
Z:\Projects\Smart-Farming\Datasets\final_combined_datasets\GLFCE\H\GLFCE_H_487.jpg,Groundnut,H,closed,9e5be6826814f1f1,Healthy
Z:\Projects\Smart-Farming\Datasets\final_combined_datasets\GLFCE\H\GLFCE_H_488.jpg,Groundnut,H,closed,f39a3554f2ac88b1,Healthy
Z:\Projects\Smart-Farming\Datasets\final_combined_datasets\GLFCE\H\GLFCE_H_489.jpg,Groundnut,H,closed,9e82eea249a5f0e5,Healthy
Z:\Projects\Smart-Farming\Datasets\final_combined_datasets\GLFCE\H\GLFCE_H_490.jpg,Groundnut,H,closed,ffb6878d42c422ac,Healthy
Z:\Projects\Smart-Farming\Datasets\final_combined_datasets\GLFCE\H\GLFCE_H_491.jpg,Groundnut,H,closed,ecde20d15b9b9039,Healthy
Z:\Projects\Smart-Farming\Datasets\final_combined_datasets\GLFCE\H\GLFCE_H_492.jpg,Groundnut,H,closed,d2fca5015a7895c7,Healthy
Z:\Projects\Smart-Farming\Datasets\final_combined_datasets\GLFCE\H\GLFCE_H_494.jpg,Groundnut,H,closed,d6f8e4055a7815c7,Healthy
Z:\Projects\Smart-Farming\Datasets\final_combined_datasets\GLFCE\H\GLFCE_H_496.jpg,Groundnut,H,closed,f6972fb1599041d1,Healthy
Z:\Projects\Smart-Farming\Datasets\final_combined_datasets\GLFCE\H\GLFCE_H_497.jpg,Groundnut,H,closed,edd7d1b6298d80a4,Healthy
Z:\Projects\Smart-Farming\Datasets\final_combined_datasets\GLFCE\H\GLFCE_H_498.jpg,Groundnut,H,closed,f5c628eb688b1f03,Healthy
Z:\Projects\Smart-Farming\Datasets\final_combined_datasets\GLFCE\H\GLFCE_H_499.jpg,Groundnut,H,closed,b3c977c05dc28ce8,Healthy
Z:\Projects\Smart-Farming\Datasets\final_combined_datasets\GLFCE\H\GLFCE_H_500.jpg,Groundnut,H,closed,d2b1392e6015f7a5,Healthy
Z:\Projects\Smart-Farming\Datasets\final_combined_datasets\GLFCE\H\GLFCE_H_501.jpg,Groundnut,H,closed,f2d323b059905ddc,Healthy
Z:\Projects\Smart-Farming\Datasets\final_combined_datasets\GLFCE\H\GLFCE_H_502.jpg,Groundnut,H,closed,cc166de23c35be41,Healthy
Z:\Projects\Smart-Farming\Datasets\final_combined_datasets\GLFCE\H\GLFCE_H_503.jpg,Groundnut,H,closed,c1ece94a81d1be87,Healthy
Z:\Projects\Smart-Farming\Datasets\final_combined_datasets\GLFCE\H\GLFCE_H_504.jpg,Groundnut,H,closed,c2d172b46dc85735,Healthy
Z:\Projects\Smart-Farming\Datasets\final_combined_datasets\GLFCE\H\GLFCE_H_505.jpg,Groundnut,H,closed,c5ec694a13917a9b,Healthy
Z:\Projects\Smart-Farming\Datasets\final_combined_datasets\GLFCE\H\GLFCE_H_506.jpg,Groundnut,H,closed,f5b124b14c913d79,Healthy
Z:\Projects\Smart-Farming\Datasets\final_combined_datasets\GLFCE\H\GLFCE_H_507.jpg,Groundnut,H,closed,9a8c30417ffa7a49,Healthy
Z:\Projects\Smart-Farming\Datasets\final_combined_datasets\GLFCE\H\GLFCE_H_508.jpg,Groundnut,H,closed,c0a07ac53e8ab47f,Healthy
Z:\Projects\Smart-Farming\Datasets\final_combined_datasets\GLFCE\H\GLFCE_H_509.jpg,Groundnut,H,closed,b79374cc00d43c6f,Healthy
Z:\Projects\Smart-Farming\Datasets\final_combined_datasets\GLFCE\H\GLFCE_H_510.jpg,Groundnut,H,closed,91b3f4b46edf0242,Healthy
Z:\Projects\Smart-Farming\Datasets\final_combined_datasets\GLFCE\H\GLFCE_H_511.jpg,Groundnut,H,closed,e192301c0dde3cef,Healthy
Z:\Projects\Smart-Farming\Datasets\final_combined_datasets\GLFCE\H\GLFCE_H_512.jpg,Groundnut,H,closed,d3b7def90cf84001,Healthy
Z:\Projects\Smart-Farming\Datasets\final_combined_datasets\GLFCE\H\GLFCE_H_513.jpg,Groundnut,H,closed,c7be6a147a44624f,Healthy
Z:\Projects\Smart-Farming\Datasets\final_combined_datasets\GLFCE\H\GLFCE_H_514.jpg,Groundnut,H,closed,ce166de13c39ae41,Healthy
Z:\Projects\Smart-Farming\Datasets\final_combined_datasets\GLFCE\H\GLFCE_H_515.jpg,Groundnut,H,closed,c7be68147b44e0ce,Healthy
Z:\Projects\Smart-Farming\Datasets\final_combined_datasets\GLFCE\H\GLFCE_H_516.jpg,Groundnut,H,closed,d0a17e050e8ab76f,Healthy
Z:\Projects\Smart-Farming\Datasets\final_combined_datasets\GLFCE\H\GLFCE_H_517.jpg,Groundnut,H,closed,90dd3517183b75d4,Healthy
Z:\Projects\Smart-Farming\Datasets\final_combined_datasets\GLFCE\H\GLFCE_H_518.jpg,Groundnut,H,closed,d7286370fab8b0b8,Healthy
Z:\Projects\Smart-Farming\Datasets\final_combined_datasets\GLFCE\H\GLFCE_H_519.jpg,Groundnut,H,closed,9279331a787bc6c4,Healthy
Z:\Projects\Smart-Farming\Datasets\final_combined_datasets\GLFCE\H\GLFCE_H_520.jpg,Groundnut,H,closed,836d62e9a4b69b15,Healthy
Z:\Projects\Smart-Farming\Datasets\final_combined_datasets\GLFCE\H\GLFCE_H_521.jpg,Groundnut,H,closed,cba2f0cb07b42cad,Healthy
Z:\Projects\Smart-Farming\Datasets\final_combined_datasets\GLFCE\H\GLFCE_H_522.jpg,Groundnut,H,closed,82bf620c0dca177f,Healthy
Z:\Projects\Smart-Farming\Datasets\final_combined_datasets\GLFCE\H\GLFCE_H_523.jpg,Groundnut,H,closed,feaf1242cb04f81e,Healthy
Z:\Projects\Smart-Farming\Datasets\final_combined_datasets\GLFCE\H\GLFCE_H_524.jpg,Groundnut,H,closed,d1acb70b4874b719,Healthy
Z:\Projects\Smart-Farming\Datasets\final_combined_datasets\GLFCE\H\GLFCE_H_525.jpg,Groundnut,H,closed,d72861fab9b890c9,Healthy
Z:\Projects\Smart-Farming\Datasets\final_combined_datasets\GLFCE\H\GLFCE_H_526.jpg,Groundnut,H,closed,879b06f34cd4d383,Healthy
Z:\Projects\Smart-Farming\Datasets\final_combined_datasets\GLFCE\H\GLFCE_H_527.jpg,Groundnut,H,closed,8bbb5a36e449326a,Healthy
Z:\Projects\Smart-Farming\Datasets\final_combined_datasets\GLFCE\H\GLFCE_H_528.jpg,Groundnut,H,closed,e0c760f5dac0759a,Healthy
Z:\Projects\Smart-Farming\Datasets\final_combined_datasets\GLFCE\H\GLFCE_H_529.jpg,Groundnut,H,closed,e79765f8f8489068,Healthy
Z:\Projects\Smart-Farming\Datasets\final_combined_datasets\GLFCE\H\GLFCE_H_530.jpg,Groundnut,H,closed,80d077f76893c237,Healthy
Z:\Projects\Smart-Farming\Datasets\final_combined_datasets\GLFCE\H\GLFCE_H_531.jpg,Groundnut,H,closed,d39707b02c37a5aa,Healthy
Z:\Projects\Smart-Farming\Datasets\final_combined_datasets\GLFCE\H\GLFCE_H_532.jpg,Groundnut,H,closed,f4f9362950d03b33,Healthy
Z:\Projects\Smart-Farming\Datasets\final_combined_datasets\GLFCE\H\GLFCE_H_533.jpg,Groundnut,H,closed,c39521a457539779,Healthy
Z:\Projects\Smart-Farming\Datasets\final_combined_datasets\GLFCE\H\GLFCE_H_534.jpg,Groundnut,H,closed,a767674d07857494,Healthy
Z:\Projects\Smart-Farming\Datasets\final_combined_datasets\GLFCE\H\GLFCE_H_535.jpg,Groundnut,H,closed,85690791be957e4a,Healthy
Z:\Projects\Smart-Farming\Datasets\final_combined_datasets\GLFCE\H\GLFCE_H_536.jpg,Groundnut,H,closed,f4b228fb5bb128a1,Healthy
Z:\Projects\Smart-Farming\Datasets\final_combined_datasets\GLFCE\H\GLFCE_H_537.jpg,Groundnut,H,closed,c436707949b72a57,Healthy
Z:\Projects\Smart-Farming\Datasets\final_combined_datasets\GLFCE\H\GLFCE_H_538.jpg,Groundnut,H,closed,f4f4246848927fda,Healthy
Z:\Projects\Smart-Farming\Datasets\final_combined_datasets\GLFCE\H\GLFCE_H_539.jpg,Groundnut,H,closed,97e022dda2a3739c,Healthy
Z:\Projects\Smart-Farming\Datasets\final_combined_datasets\GLFCE\ALS\GLFCE_ALS_158.jpg,Groundnut,ALS,closed,ca94fb8411efc64a,Althernaria Leaf Spot
Z:\Projects\Smart-Farming\Datasets\final_combined_datasets\GLFCE\ALS\GLFCE_ALS_159.jpg,Groundnut,ALS,closed,c2edd758198323ce,Althernaria Leaf Spot
Z:\Projects\Smart-Farming\Datasets\final_combined_datasets\GLFCE\ALS\GLFCE_ALS_160.jpg,Groundnut,ALS,closed,f2c7754c48c13c7c,Althernaria Leaf Spot
Z:\Projects\Smart-Farming\Datasets\final_combined_datasets\GLFCE\ALS\GLFCE_ALS_161.jpg,Groundnut,ALS,closed,9e6031a4adc7d758,Althernaria Leaf Spot
Z:\Projects\Smart-Farming\Datasets\final_combined_datasets\GLFCE\ALS\GLFCE_ALS_162.jpg,Groundnut,ALS,closed,82a2fc6c5e9e24dc,Althernaria Leaf Spot
Z:\Projects\Smart-Farming\Datasets\final_combined_datasets\GLFCE\ALS\GLFCE_ALS_163.jpg,Groundnut,ALS,closed,aea4a85d56857e49,Althernaria Leaf Spot
Z:\Projects\Smart-Farming\Datasets\final_combined_datasets\GLFCE\ALS\GLFCE_ALS_164.jpg,Groundnut,ALS,closed,bc8127b41b7cb0e3,Althernaria Leaf Spot
Z:\Projects\Smart-Farming\Datasets\final_combined_datasets\GLFCE\ALS\GLFCE_ALS_165.jpg,Groundnut,ALS,closed,be8127961bc493cd,Althernaria Leaf Spot
Z:\Projects\Smart-Farming\Datasets\final_combined_datasets\GLFCE\ALS\GLFCE_ALS_166.jpg,Groundnut,ALS,closed,e0e735676c8296a6,Althernaria Leaf Spot
Z:\Projects\Smart-Farming\Datasets\final_combined_datasets\GLFCE\ALS\GLFCE_ALS_167.jpg,Groundnut,ALS,closed,87a237773c96960a,Althernaria Leaf Spot
Z:\Projects\Smart-Farming\Datasets\final_combined_datasets\GLFCE\ALS\GLFCE_ALS_168.jpg,Groundnut,ALS,closed,e5ee388c95872539,Althernaria Leaf Spot
Z:\Projects\Smart-Farming\Datasets\final_combined_datasets\GLFCE\ALS\GLFCE_ALS_169.jpg,Groundnut,ALS,closed,a666ef9952683ea0,Althernaria Leaf Spot
Z:\Projects\Smart-Farming\Datasets\final_combined_datasets\GLFCE\ALS\GLFCE_ALS_170.jpg,Groundnut,ALS,closed,d3f3a082e2333a7a,Althernaria Leaf Spot
Z:\Projects\Smart-Farming\Datasets\final_combined_datasets\GLFCE\ALS\GLFCE_ALS_171.jpg,Groundnut,ALS,closed,beda448738e89636,Althernaria Leaf Spot
Z:\Projects\Smart-Farming\Datasets\final_combined_datasets\GLFCE\ALS\GLFCE_ALS_172.jpg,Groundnut,ALS,closed,d311d589d5a1ad3c,Althernaria Leaf Spot
Z:\Projects\Smart-Farming\Datasets\final_combined_datasets\GLFCE\ALS\GLFCE_ALS_173.jpg,Groundnut,ALS,closed,d7f3a082e23b3a51,Althernaria Leaf Spot
Z:\Projects\Smart-Farming\Datasets\final_combined_datasets\GLFCE\ALS\GLFCE_ALS_015.jpg,Groundnut,ALS,closed,f4c629c5698f9568,Althernaria Leaf Spot
Z:\Projects\Smart-Farming\Datasets\final_combined_datasets\GLFCE\ALS\GLFCE_ALS_174.jpg,Groundnut,ALS,closed,96be209938d097af,Althernaria Leaf Spot
Z:\Projects\Smart-Farming\Datasets\final_combined_datasets\GLFCE\ALS\GLFCE_ALS_175.jpg,Groundnut,ALS,closed,fc0efcc74bd4a050,Althernaria Leaf Spot
Z:\Projects\Smart-Farming\Datasets\final_combined_datasets\GLFCE\ALS\GLFCE_ALS_176.jpg,Groundnut,ALS,closed,c6a528c699e899f3,Althernaria Leaf Spot
Z:\Projects\Smart-Farming\Datasets\final_combined_datasets\GLFCE\ALS\GLFCE_ALS_177.jpg,Groundnut,ALS,closed,fee073268012fc5e,Althernaria Leaf Spot
Z:\Projects\Smart-Farming\Datasets\final_combined_datasets\GLFCE\ALS\GLFCE_ALS_178.jpg,Groundnut,ALS,closed,92d76cfc2b0a9332,Althernaria Leaf Spot
Z:\Projects\Smart-Farming\Datasets\final_combined_datasets\GLFCE\ALS\GLFCE_ALS_179.jpg,Groundnut,ALS,closed,d21b2d92e42bccf1,Althernaria Leaf Spot
Z:\Projects\Smart-Farming\Datasets\final_combined_datasets\GLFCE\ALS\GLFCE_ALS_180.jpg,Groundnut,ALS,closed,ffc069b8d8835a45,Althernaria Leaf Spot
Z:\Projects\Smart-Farming\Datasets\final_combined_datasets\GLFCE\ALS\GLFCE_ALS_181.jpg,Groundnut,ALS,closed,cad3769765da10a8,Althernaria Leaf Spot
Z:\Projects\Smart-Farming\Datasets\final_combined_datasets\GLFCE\ALS\GLFCE_ALS_182.jpg,Groundnut,ALS,closed,86fb2b156ac514ab,Althernaria Leaf Spot
Z:\Projects\Smart-Farming\Datasets\final_combined_datasets\GLFCE\ALS\GLFCE_ALS_183.jpg,Groundnut,ALS,closed,96b67d3459489387,Althernaria Leaf Spot
Z:\Projects\Smart-Farming\Datasets\final_combined_datasets\GLFCE\ALS\GLFCE_ALS_184.jpg,Groundnut,ALS,closed,d4f2a10f66c5eb09,Althernaria Leaf Spot
Z:\Projects\Smart-Farming\Datasets\final_combined_datasets\GLFCE\ALS\GLFCE_ALS_185.jpg,Groundnut,ALS,closed,ee7161e829c7b06c,Althernaria Leaf Spot
Z:\Projects\Smart-Farming\Datasets\final_combined_datasets\GLFCE\ALS\GLFCE_ALS_186.jpg,Groundnut,ALS,closed,86fb6b153ac504b9,Althernaria Leaf Spot
Z:\Projects\Smart-Farming\Datasets\final_combined_datasets\GLFCE\ALS\GLFCE_ALS_187.jpg,Groundnut,ALS,closed,8da3eff0504b9079,Althernaria Leaf Spot
Z:\Projects\Smart-Farming\Datasets\final_combined_datasets\GLFCE\ALS\GLFCE_ALS_188.jpg,Groundnut,ALS,closed,e4c6f1a638db8564,Althernaria Leaf Spot
Z:\Projects\Smart-Farming\Datasets\final_combined_datasets\GLFCE\ALS\GLFCE_ALS_189.jpg,Groundnut,ALS,closed,d14427f96e28b593,Althernaria Leaf Spot
Z:\Projects\Smart-Farming\Datasets\final_combined_datasets\GLFCE\ALS\GLFCE_ALS_190.jpg,Groundnut,ALS,closed,eafc35836cd60417,Althernaria Leaf Spot
Z:\Projects\Smart-Farming\Datasets\final_combined_datasets\GLFCE\ALS\GLFCE_ALS_191.jpg,Groundnut,ALS,closed,b0addec3fa7a80c0,Althernaria Leaf Spot
Z:\Projects\Smart-Farming\Datasets\final_combined_datasets\GLFCE\ALS\GLFCE_ALS_192.jpg,Groundnut,ALS,closed,de1ff0b8b8830365,Althernaria Leaf Spot
Z:\Projects\Smart-Farming\Datasets\final_combined_datasets\GLFCE\ALS\GLFCE_ALS_193.jpg,Groundnut,ALS,closed,87e377890a9744dc,Althernaria Leaf Spot
Z:\Projects\Smart-Farming\Datasets\final_combined_datasets\GLFCE\ALS\GLFCE_ALS_194.jpg,Groundnut,ALS,closed,c70b261b743e649d,Althernaria Leaf Spot
Z:\Projects\Smart-Farming\Datasets\final_combined_datasets\GLFCE\ALS\GLFCE_ALS_195.jpg,Groundnut,ALS,closed,d684674ca9ca9673,Althernaria Leaf Spot
Z:\Projects\Smart-Farming\Datasets\final_combined_datasets\GLFCE\ALS\GLFCE_ALS_196.jpg,Groundnut,ALS,closed,c5d6f1a628eaa724,Althernaria Leaf Spot
Z:\Projects\Smart-Farming\Datasets\final_combined_datasets\GLFCE\ALS\GLFCE_ALS_016.jpg,Groundnut,ALS,closed,a92d787a1f699c44,Althernaria Leaf Spot
Z:\Projects\Smart-Farming\Datasets\final_combined_datasets\GLFCE\ALS\GLFCE_ALS_197.jpg,Groundnut,ALS,closed,a7d131dee886cc38,Althernaria Leaf Spot
Z:\Projects\Smart-Farming\Datasets\final_combined_datasets\GLFCE\ALS\GLFCE_ALS_198.jpg,Groundnut,ALS,closed,cc710792d2a67ed8,Althernaria Leaf Spot
Z:\Projects\Smart-Farming\Datasets\final_combined_datasets\GLFCE\ALS\GLFCE_ALS_199.jpg,Groundnut,ALS,closed,c2da163e643cd6e4,Althernaria Leaf Spot
Z:\Projects\Smart-Farming\Datasets\final_combined_datasets\GLFCE\ALS\GLFCE_ALS_200.jpg,Groundnut,ALS,closed,d7c360376a78d268,Althernaria Leaf Spot
Z:\Projects\Smart-Farming\Datasets\final_combined_datasets\GLFCE\ALS\GLFCE_ALS_201.jpg,Groundnut,ALS,closed,c6e82f052dd2d176,Althernaria Leaf Spot
Z:\Projects\Smart-Farming\Datasets\final_combined_datasets\GLFCE\ALS\GLFCE_ALS_202.jpg,Groundnut,ALS,closed,88a61dca2e90eefc,Althernaria Leaf Spot
Z:\Projects\Smart-Farming\Datasets\final_combined_datasets\GLFCE\ALS\GLFCE_ALS_203.jpg,Groundnut,ALS,closed,88a71cea3e91ee58,Althernaria Leaf Spot
Z:\Projects\Smart-Farming\Datasets\final_combined_datasets\GLFCE\ALS\GLFCE_ALS_204.jpg,Groundnut,ALS,closed,f56b3dd83a922234,Althernaria Leaf Spot
Z:\Projects\Smart-Farming\Datasets\final_combined_datasets\GLFCE\ALS\GLFCE_ALS_205.jpg,Groundnut,ALS,closed,d4faa14264f56b0b,Althernaria Leaf Spot
Z:\Projects\Smart-Farming\Datasets\final_combined_datasets\GLFCE\ALS\GLFCE_ALS_206.jpg,Groundnut,ALS,closed,dbbdd6ca65829904,Althernaria Leaf Spot
Z:\Projects\Smart-Farming\Datasets\final_combined_datasets\GLFCE\ALS\GLFCE_ALS_207.jpg,Groundnut,ALS,closed,c9710996d2b674f8,Althernaria Leaf Spot
Z:\Projects\Smart-Farming\Datasets\final_combined_datasets\GLFCE\ALS\GLFCE_ALS_208.jpg,Groundnut,ALS,closed,c3816ce9e88393bd,Althernaria Leaf Spot
Z:\Projects\Smart-Farming\Datasets\final_combined_datasets\GLFCE\ALS\GLFCE_ALS_209.jpg,Groundnut,ALS,closed,e2c9f5a4c6861733,Althernaria Leaf Spot
Z:\Projects\Smart-Farming\Datasets\final_combined_datasets\GLFCE\ALS\GLFCE_ALS_210.jpg,Groundnut,ALS,closed,c7ca25ace856e925,Althernaria Leaf Spot
Z:\Projects\Smart-Farming\Datasets\final_combined_datasets\GLFCE\ALS\GLFCE_ALS_211.jpg,Groundnut,ALS,closed,82b5788a49afb633,Althernaria Leaf Spot
Z:\Projects\Smart-Farming\Datasets\final_combined_datasets\GLFCE\ALS\GLFCE_ALS_212.jpg,Groundnut,ALS,closed,91cdfdca483599a4,Althernaria Leaf Spot
Z:\Projects\Smart-Farming\Datasets\final_combined_datasets\GLFCE\ALS\GLFCE_ALS_213.jpg,Groundnut,ALS,closed,daba89757849926c,Althernaria Leaf Spot
Z:\Projects\Smart-Farming\Datasets\final_combined_datasets\GLFCE\ALS\GLFCE_ALS_018.jpg,Groundnut,ALS,closed,92fc310b3c0f473b,Althernaria Leaf Spot
Z:\Projects\Smart-Farming\Datasets\final_combined_datasets\GLFCE\ALS\GLFCE_ALS_017.jpg,Groundnut,ALS,closed,8ffc6119bbc72c80,Althernaria Leaf Spot
Z:\Projects\Smart-Farming\Datasets\final_combined_datasets\GLFCE\ALS\GLFCE_ALS_214.jpg,Groundnut,ALS,closed,d7eb98b52c0d30a6,Althernaria Leaf Spot
Z:\Projects\Smart-Farming\Datasets\final_combined_datasets\GLFCE\ALS\GLFCE_ALS_215.jpg,Groundnut,ALS,closed,e397741a4e8a32f4,Althernaria Leaf Spot
Z:\Projects\Smart-Farming\Datasets\final_combined_datasets\GLFCE\ALS\GLFCE_ALS_216.jpg,Groundnut,ALS,closed,eae9f5a493031333,Althernaria Leaf Spot
Z:\Projects\Smart-Farming\Datasets\final_combined_datasets\GLFCE\ALS\GLFCE_ALS_217.jpg,Groundnut,ALS,closed,f330d981fd0d18f2,Althernaria Leaf Spot
Z:\Projects\Smart-Farming\Datasets\final_combined_datasets\GLFCE\ALS\GLFCE_ALS_218.jpg,Groundnut,ALS,closed,d70de990918ecec6,Althernaria Leaf Spot
Z:\Projects\Smart-Farming\Datasets\final_combined_datasets\GLFCE\ALS\GLFCE_ALS_219.jpg,Groundnut,ALS,closed,9bf5910f40f97834,Althernaria Leaf Spot
Z:\Projects\Smart-Farming\Datasets\final_combined_datasets\GLFCE\ALS\GLFCE_ALS_220.jpg,Groundnut,ALS,closed,fbbc147e6892b086,Althernaria Leaf Spot
Z:\Projects\Smart-Farming\Datasets\final_combined_datasets\GLFCE\ALS\GLFCE_ALS_221.jpg,Groundnut,ALS,closed,96fdac9969b84834,Althernaria Leaf Spot
Z:\Projects\Smart-Farming\Datasets\final_combined_datasets\GLFCE\ALS\GLFCE_ALS_222.jpg,Groundnut,ALS,closed,d70f69f091594cc5,Althernaria Leaf Spot
Z:\Projects\Smart-Farming\Datasets\final_combined_datasets\GLFCE\ALS\GLFCE_ALS_223.jpg,Groundnut,ALS,closed,9ed8ec996d8a0974,Althernaria Leaf Spot
Z:\Projects\Smart-Farming\Datasets\final_combined_datasets\GLFCE\ALS\GLFCE_ALS_224.jpg,Groundnut,ALS,closed,aeae34a673789864,Althernaria Leaf Spot
Z:\Projects\Smart-Farming\Datasets\final_combined_datasets\GLFCE\ALS\GLFCE_ALS_225.jpg,Groundnut,ALS,closed,c37276e23c9bb034,Althernaria Leaf Spot
Z:\Projects\Smart-Farming\Datasets\final_combined_datasets\GLFCE\ALS\GLFCE_ALS_226.jpg,Groundnut,ALS,closed,9bf4918f00d379b4,Althernaria Leaf Spot
Z:\Projects\Smart-Farming\Datasets\final_combined_datasets\GLFCE\ALS\GLFCE_ALS_227.jpg,Groundnut,ALS,closed,cb8f7347289151da,Althernaria Leaf Spot
Z:\Projects\Smart-Farming\Datasets\final_combined_datasets\GLFCE\ALS\GLFCE_ALS_020.jpg,Groundnut,ALS,closed,c27a69b01e9735ca,Althernaria Leaf Spot
Z:\Projects\Smart-Farming\Datasets\final_combined_datasets\GLFCE\ALS\GLFCE_ALS_019.jpg,Groundnut,ALS,closed,8c732ae4e23f15c6,Althernaria Leaf Spot
Z:\Projects\Smart-Farming\Datasets\final_combined_datasets\GLFCE\ALS\GLFCE_ALS_228.jpg,Groundnut,ALS,closed,9f82fa51303c3e96,Althernaria Leaf Spot
Z:\Projects\Smart-Farming\Datasets\final_combined_datasets\GLFCE\ALS\GLFCE_ALS_229.jpg,Groundnut,ALS,closed,f641438e386db457,Althernaria Leaf Spot
Z:\Projects\Smart-Farming\Datasets\final_combined_datasets\GLFCE\ALS\GLFCE_ALS_230.jpg,Groundnut,ALS,closed,c30f714d3891d8fa,Althernaria Leaf Spot
Z:\Projects\Smart-Farming\Datasets\final_combined_datasets\GLFCE\ALS\GLFCE_ALS_231.jpg,Groundnut,ALS,closed,f661450a392bce8f,Althernaria Leaf Spot
Z:\Projects\Smart-Farming\Datasets\final_combined_datasets\GLFCE\ALS\GLFCE_ALS_232.jpg,Groundnut,ALS,closed,96a0b6f4e9a8d0ea,Althernaria Leaf Spot
Z:\Projects\Smart-Farming\Datasets\final_combined_datasets\GLFCE\ALS\GLFCE_ALS_233.jpg,Groundnut,ALS,closed,962536f6e9a950d2,Althernaria Leaf Spot
Z:\Projects\Smart-Farming\Datasets\final_combined_datasets\GLFCE\ALS\GLFCE_ALS_234.jpg,Groundnut,ALS,closed,f9305880ff4c2cdb,Althernaria Leaf Spot
Z:\Projects\Smart-Farming\Datasets\final_combined_datasets\GLFCE\ALS\GLFCE_ALS_021.jpg,Groundnut,ALS,closed,cbcab0e41d81747b,Althernaria Leaf Spot
Z:\Projects\Smart-Farming\Datasets\final_combined_datasets\GLFCE\ALS\GLFCE_ALS_024.jpg,Groundnut,ALS,closed,b4e829c8708f7dd4,Althernaria Leaf Spot
Z:\Projects\Smart-Farming\Datasets\final_combined_datasets\GLFCE\ALS\GLFCE_ALS_023.jpg,Groundnut,ALS,closed,8c772acce23d35c4,Althernaria Leaf Spot
Z:\Projects\Smart-Farming\Datasets\final_combined_datasets\GLFCE\ALS\GLFCE_ALS_022.jpg,Groundnut,ALS,closed,d3d036887f936073,Althernaria Leaf Spot
Z:\Projects\Smart-Farming\Datasets\final_combined_datasets\GLFCE\ALS\GLFCE_ALS_235.jpg,Groundnut,ALS,closed,c3f3722d2d2c5316,Althernaria Leaf Spot
Z:\Projects\Smart-Farming\Datasets\final_combined_datasets\GLFCE\ALS\GLFCE_ALS_236.jpg,Groundnut,ALS,closed,c3c3722d2d6c7b06,Althernaria Leaf Spot
Z:\Projects\Smart-Farming\Datasets\final_combined_datasets\GLFCE\ALS\GLFCE_ALS_237.jpg,Groundnut,ALS,closed,d46ce027697ac639,Althernaria Leaf Spot
Z:\Projects\Smart-Farming\Datasets\final_combined_datasets\GLFCE\ALS\GLFCE_ALS_238.jpg,Groundnut,ALS,closed,c30307cce71e897e,Althernaria Leaf Spot
Z:\Projects\Smart-Farming\Datasets\final_combined_datasets\GLFCE\ALS\GLFCE_ALS_239.jpg,Groundnut,ALS,closed,eea562e538598715,Althernaria Leaf Spot
Z:\Projects\Smart-Farming\Datasets\final_combined_datasets\GLFCE\ALS\GLFCE_ALS_026.jpg,Groundnut,ALS,closed,838373f3e06d19c5,Althernaria Leaf Spot
Z:\Projects\Smart-Farming\Datasets\final_combined_datasets\GLFCE\ALS\GLFCE_ALS_240.jpg,Groundnut,ALS,closed,a4726c3c5b48deb1,Althernaria Leaf Spot
Z:\Projects\Smart-Farming\Datasets\final_combined_datasets\GLFCE\ALS\GLFCE_ALS_241.jpg,Groundnut,ALS,closed,c30627ccee1ec87c,Althernaria Leaf Spot
Z:\Projects\Smart-Farming\Datasets\final_combined_datasets\GLFCE\ALS\GLFCE_ALS_242.jpg,Groundnut,ALS,closed,849a4be732ccc5ae,Althernaria Leaf Spot
Z:\Projects\Smart-Farming\Datasets\final_combined_datasets\GLFCE\ALS\GLFCE_ALS_243.jpg,Groundnut,ALS,closed,8b9532e57cc2c0d7,Althernaria Leaf Spot
Z:\Projects\Smart-Farming\Datasets\final_combined_datasets\GLFCE\ALS\GLFCE_ALS_027.jpg,Groundnut,ALS,closed,939ae4966d4ba1f0,Althernaria Leaf Spot
Z:\Projects\Smart-Farming\Datasets\final_combined_datasets\GLFCE\ALS\GLFCE_ALS_244.jpg,Groundnut,ALS,closed,dff423a550d0fa84,Althernaria Leaf Spot
Z:\Projects\Smart-Farming\Datasets\final_combined_datasets\GLFCE\ALS\GLFCE_ALS_245.jpg,Groundnut,ALS,closed,b7d760da68939461,Althernaria Leaf Spot
Z:\Projects\Smart-Farming\Datasets\final_combined_datasets\GLFCE\ALS\GLFCE_ALS_246.jpg,Groundnut,ALS,closed,8fef690c58c0ca7a,Althernaria Leaf Spot
Z:\Projects\Smart-Farming\Datasets\final_combined_datasets\GLFCE\ALS\GLFCE_ALS_028.jpg,Groundnut,ALS,closed,836d301db2c62fcb,Althernaria Leaf Spot
Z:\Projects\Smart-Farming\Datasets\final_combined_datasets\GLFCE\ALS\GLFCE_ALS_029.jpg,Groundnut,ALS,closed,d3dbe3a525298136,Althernaria Leaf Spot
Z:\Projects\Smart-Farming\Datasets\final_combined_datasets\GLFCE\ALS\GLFCE_ALS_030.jpg,Groundnut,ALS,closed,d6be205138d8b52f,Althernaria Leaf Spot
Z:\Projects\Smart-Farming\Datasets\final_combined_datasets\GLFCE\ALS\GLFCE_ALS_247.jpg,Groundnut,ALS,closed,c624e1c63967cd93,Althernaria Leaf Spot
Z:\Projects\Smart-Farming\Datasets\final_combined_datasets\GLFCE\ALS\GLFCE_ALS_248.jpg,Groundnut,ALS,closed,ce0229bd43cde8ae,Althernaria Leaf Spot
Z:\Projects\Smart-Farming\Datasets\final_combined_datasets\GLFCE\ALS\GLFCE_ALS_249.jpg,Groundnut,ALS,closed,87a6e52c5cc9c4ec,Althernaria Leaf Spot
Z:\Projects\Smart-Farming\Datasets\final_combined_datasets\GLFCE\ALS\GLFCE_ALS_250.jpg,Groundnut,ALS,closed,efe5632558c79450,Althernaria Leaf Spot
Z:\Projects\Smart-Farming\Datasets\final_combined_datasets\GLFCE\ALS\GLFCE_ALS_251.jpg,Groundnut,ALS,closed,d79568386ad3b0d8,Althernaria Leaf Spot
Z:\Projects\Smart-Farming\Datasets\final_combined_datasets\GLFCE\ALS\GLFCE_ALS_252.jpg,Groundnut,ALS,closed,93b764f40e6cc178,Althernaria Leaf Spot
Z:\Projects\Smart-Farming\Datasets\final_combined_datasets\GLFCE\ALS\GLFCE_ALS_253.jpg,Groundnut,ALS,closed,c601e74639ee1976,Althernaria Leaf Spot
Z:\Projects\Smart-Farming\Datasets\final_combined_datasets\GLFCE\ALS\GLFCE_ALS_001.jpg,Groundnut,ALS,closed,faf3b513226ac928,Althernaria Leaf Spot
Z:\Projects\Smart-Farming\Datasets\final_combined_datasets\GLFCE\ALS\GLFCE_ALS_254.jpg,Groundnut,ALS,closed,ea8fad464caa632a,Althernaria Leaf Spot
Z:\Projects\Smart-Farming\Datasets\final_combined_datasets\GLFCE\ALS\GLFCE_ALS_255.jpg,Groundnut,ALS,closed,872727c8ee1cca78,Althernaria Leaf Spot
Z:\Projects\Smart-Farming\Datasets\final_combined_datasets\GLFCE\ALS\GLFCE_ALS_256.jpg,Groundnut,ALS,closed,d35b05ac1dc7249d,Althernaria Leaf Spot
Z:\Projects\Smart-Farming\Datasets\final_combined_datasets\GLFCE\ALS\GLFCE_ALS_257.jpg,Groundnut,ALS,closed,feb0509b9e2c7c50,Althernaria Leaf Spot
Z:\Projects\Smart-Farming\Datasets\final_combined_datasets\GLFCE\ALS\GLFCE_ALS_258.jpg,Groundnut,ALS,closed,db5938744fa0423f,Althernaria Leaf Spot
Z:\Projects\Smart-Farming\Datasets\final_combined_datasets\GLFCE\ALS\GLFCE_ALS_259.jpg,Groundnut,ALS,closed,d79568182bc3b3e8,Althernaria Leaf Spot
Z:\Projects\Smart-Farming\Datasets\final_combined_datasets\GLFCE\ALS\GLFCE_ALS_260.jpg,Groundnut,ALS,closed,d606625d3d952f94,Althernaria Leaf Spot
Z:\Projects\Smart-Farming\Datasets\final_combined_datasets\GLFCE\ALS\GLFCE_ALS_261.jpg,Groundnut,ALS,closed,ce3b29143aefa416,Althernaria Leaf Spot
Z:\Projects\Smart-Farming\Datasets\final_combined_datasets\GLFCE\ALS\GLFCE_ALS_262.jpg,Groundnut,ALS,closed,af8ee0a63940f635,Althernaria Leaf Spot
Z:\Projects\Smart-Farming\Datasets\final_combined_datasets\GLFCE\ALS\GLFCE_ALS_263.jpg,Groundnut,ALS,closed,de6361d9d98c8271,Althernaria Leaf Spot
Z:\Projects\Smart-Farming\Datasets\final_combined_datasets\GLFCE\ALS\GLFCE_ALS_264.jpg,Groundnut,ALS,closed,d7b37bf538012906,Althernaria Leaf Spot
Z:\Projects\Smart-Farming\Datasets\final_combined_datasets\GLFCE\ALS\GLFCE_ALS_265.jpg,Groundnut,ALS,closed,8ed0c0dae8e4b75a,Althernaria Leaf Spot
Z:\Projects\Smart-Farming\Datasets\final_combined_datasets\GLFCE\ALS\GLFCE_ALS_266.jpg,Groundnut,ALS,closed,93f760f03e6cc168,Althernaria Leaf Spot
Z:\Projects\Smart-Farming\Datasets\final_combined_datasets\GLFCE\ALS\GLFCE_ALS_267.jpg,Groundnut,ALS,closed,879525bd308e3c67,Althernaria Leaf Spot
Z:\Projects\Smart-Farming\Datasets\final_combined_datasets\GLFCE\ALS\GLFCE_ALS_268.jpg,Groundnut,ALS,closed,fba0f28b24b70d16,Althernaria Leaf Spot
Z:\Projects\Smart-Farming\Datasets\final_combined_datasets\GLFCE\ALS\GLFCE_ALS_269.jpg,Groundnut,ALS,closed,85952fbb308c3c67,Althernaria Leaf Spot
Z:\Projects\Smart-Farming\Datasets\final_combined_datasets\GLFCE\ALS\GLFCE_ALS_270.jpg,Groundnut,ALS,closed,a283cf0cb99dc89e,Althernaria Leaf Spot
Z:\Projects\Smart-Farming\Datasets\final_combined_datasets\GLFCE\ALS\GLFCE_ALS_271.jpg,Groundnut,ALS,closed,e5bc6f3520e1b470,Althernaria Leaf Spot
Z:\Projects\Smart-Farming\Datasets\final_combined_datasets\GLFCE\ALS\GLFCE_ALS_272.jpg,Groundnut,ALS,closed,f9630989a6d27339,Althernaria Leaf Spot
Z:\Projects\Smart-Farming\Datasets\final_combined_datasets\GLFCE\ALS\GLFCE_ALS_273.jpg,Groundnut,ALS,closed,dee2486329915bb3,Althernaria Leaf Spot
Z:\Projects\Smart-Farming\Datasets\final_combined_datasets\GLFCE\ALS\GLFCE_ALS_274.jpg,Groundnut,ALS,closed,c742289d6dcb16ea,Althernaria Leaf Spot
Z:\Projects\Smart-Farming\Datasets\final_combined_datasets\GLFCE\ALS\GLFCE_ALS_275.jpg,Groundnut,ALS,closed,918d317a9d2beb0c,Althernaria Leaf Spot
Z:\Projects\Smart-Farming\Datasets\final_combined_datasets\GLFCE\ALS\GLFCE_ALS_276.jpg,Groundnut,ALS,closed,a876bc65284dba96,Althernaria Leaf Spot
Z:\Projects\Smart-Farming\Datasets\final_combined_datasets\GLFCE\ALS\GLFCE_ALS_277.jpg,Groundnut,ALS,closed,d4b649316eca329d,Althernaria Leaf Spot
Z:\Projects\Smart-Farming\Datasets\final_combined_datasets\GLFCE\ALS\GLFCE_ALS_278.jpg,Groundnut,ALS,closed,9d343b78b66ca854,Althernaria Leaf Spot
Z:\Projects\Smart-Farming\Datasets\final_combined_datasets\GLFCE\ALS\GLFCE_ALS_279.jpg,Groundnut,ALS,closed,f6c1a1b89a8e1f0e,Althernaria Leaf Spot
Z:\Projects\Smart-Farming\Datasets\final_combined_datasets\GLFCE\ALS\GLFCE_ALS_280.jpg,Groundnut,ALS,closed,dae348612ba9d32d,Althernaria Leaf Spot
Z:\Projects\Smart-Farming\Datasets\final_combined_datasets\GLFCE\ALS\GLFCE_ALS_281.jpg,Groundnut,ALS,closed,e2903b312f2fb22b,Althernaria Leaf Spot
Z:\Projects\Smart-Farming\Datasets\final_combined_datasets\GLFCE\ALS\GLFCE_ALS_282.jpg,Groundnut,ALS,closed,8d26f94fb09dc42c,Althernaria Leaf Spot
Z:\Projects\Smart-Farming\Datasets\final_combined_datasets\GLFCE\ALS\GLFCE_ALS_283.jpg,Groundnut,ALS,closed,f2f5e988098e9572,Althernaria Leaf Spot
Z:\Projects\Smart-Farming\Datasets\final_combined_datasets\GLFCE\ALS\GLFCE_ALS_284.jpg,Groundnut,ALS,closed,d6936d6c496a9664,Althernaria Leaf Spot
Z:\Projects\Smart-Farming\Datasets\final_combined_datasets\GLFCE\ALS\GLFCE_ALS_285.jpg,Groundnut,ALS,closed,9b1f78f068e887e0,Althernaria Leaf Spot
Z:\Projects\Smart-Farming\Datasets\final_combined_datasets\GLFCE\ALS\GLFCE_ALS_286.jpg,Groundnut,ALS,closed,bbbf0ec6c03981d8,Althernaria Leaf Spot
Z:\Projects\Smart-Farming\Datasets\final_combined_datasets\GLFCE\ALS\GLFCE_ALS_287.jpg,Groundnut,ALS,closed,8d26f34fb097858c,Althernaria Leaf Spot
Z:\Projects\Smart-Farming\Datasets\final_combined_datasets\GLFCE\ALS\GLFCE_ALS_288.jpg,Groundnut,ALS,closed,db1578f468e487e0,Althernaria Leaf Spot
Z:\Projects\Smart-Farming\Datasets\final_combined_datasets\GLFCE\ALS\GLFCE_ALS_289.jpg,Groundnut,ALS,closed,d4786ab5f869250d,Althernaria Leaf Spot
Z:\Projects\Smart-Farming\Datasets\final_combined_datasets\GLFCE\ALS\GLFCE_ALS_290.jpg,Groundnut,ALS,closed,c6622d9d4b9236cb,Althernaria Leaf Spot
Z:\Projects\Smart-Farming\Datasets\final_combined_datasets\GLFCE\ALS\GLFCE_ALS_291.jpg,Groundnut,ALS,closed,ceb3f0bc80eda350,Althernaria Leaf Spot
Z:\Projects\Smart-Farming\Datasets\final_combined_datasets\GLFCE\ALS\GLFCE_ALS_292.jpg,Groundnut,ALS,closed,e0bea04f1dec0f0d,Althernaria Leaf Spot
Z:\Projects\Smart-Farming\Datasets\final_combined_datasets\GLFCE\ALS\GLFCE_ALS_293.jpg,Groundnut,ALS,closed,8ed0c0d3e82ca79f,Althernaria Leaf Spot
Z:\Projects\Smart-Farming\Datasets\final_combined_datasets\GLFCE\ALS\GLFCE_ALS_294.jpg,Groundnut,ALS,closed,82c1cf8f9cc8ca1f,Althernaria Leaf Spot
Z:\Projects\Smart-Farming\Datasets\final_combined_datasets\GLFCE\ALS\GLFCE_ALS_295.jpg,Groundnut,ALS,closed,f6c3a5b818869d1e,Althernaria Leaf Spot
Z:\Projects\Smart-Farming\Datasets\final_combined_datasets\GLFCE\ALS\GLFCE_ALS_296.jpg,Groundnut,ALS,closed,964987946a2d77d1,Althernaria Leaf Spot
Z:\Projects\Smart-Farming\Datasets\final_combined_datasets\GLFCE\ALS\GLFCE_ALS_297.jpg,Groundnut,ALS,closed,ea8fac235ecac132,Althernaria Leaf Spot
Z:\Projects\Smart-Farming\Datasets\final_combined_datasets\GLFCE\ALS\GLFCE_ALS_298.jpg,Groundnut,ALS,closed,8bb532ed7cc284d4,Althernaria Leaf Spot
Z:\Projects\Smart-Farming\Datasets\final_combined_datasets\GLFCE\ALS\GLFCE_ALS_299.jpg,Groundnut,ALS,closed,a0a0381e76ef3367,Althernaria Leaf Spot
Z:\Projects\Smart-Farming\Datasets\final_combined_datasets\GLFCE\ALS\GLFCE_ALS_300.jpg,Groundnut,ALS,closed,c3b4e45f3c2cb0ca,Althernaria Leaf Spot
Z:\Projects\Smart-Farming\Datasets\final_combined_datasets\GLFCE\ALS\GLFCE_ALS_301.jpg,Groundnut,ALS,closed,e24f38e5ae09e386,Althernaria Leaf Spot
Z:\Projects\Smart-Farming\Datasets\final_combined_datasets\GLFCE\ALS\GLFCE_ALS_302.jpg,Groundnut,ALS,closed,d2f26d212d92db4a,Althernaria Leaf Spot
Z:\Projects\Smart-Farming\Datasets\final_combined_datasets\GLFCE\ALS\GLFCE_ALS_303.jpg,Groundnut,ALS,closed,a78ee0a62860def5,Althernaria Leaf Spot
Z:\Projects\Smart-Farming\Datasets\final_combined_datasets\GLFCE\ALS\GLFCE_ALS_304.jpg,Groundnut,ALS,closed,919336d4176e3738,Althernaria Leaf Spot
Z:\Projects\Smart-Farming\Datasets\final_combined_datasets\GLFCE\ALS\GLFCE_ALS_305.jpg,Groundnut,ALS,closed,c18e79205fa653e9,Althernaria Leaf Spot
Z:\Projects\Smart-Farming\Datasets\final_combined_datasets\GLFCE\ALS\GLFCE_ALS_306.jpg,Groundnut,ALS,closed,a8068d258adfbace,Althernaria Leaf Spot
Z:\Projects\Smart-Farming\Datasets\final_combined_datasets\GLFCE\ALS\GLFCE_ALS_307.jpg,Groundnut,ALS,closed,a7e73d88cd395230,Althernaria Leaf Spot
Z:\Projects\Smart-Farming\Datasets\final_combined_datasets\GLFCE\ALS\GLFCE_ALS_308.jpg,Groundnut,ALS,closed,ca68d44af5937545,Althernaria Leaf Spot
Z:\Projects\Smart-Farming\Datasets\final_combined_datasets\GLFCE\ALS\GLFCE_ALS_309.jpg,Groundnut,ALS,closed,e6936d4d784d4435,Althernaria Leaf Spot
Z:\Projects\Smart-Farming\Datasets\final_combined_datasets\GLFCE\ALS\GLFCE_ALS_310.jpg,Groundnut,ALS,closed,e43ce4b9c0f1892f,Althernaria Leaf Spot
Z:\Projects\Smart-Farming\Datasets\final_combined_datasets\GLFCE\ALS\GLFCE_ALS_311.jpg,Groundnut,ALS,closed,83234d36c94cbb1f,Althernaria Leaf Spot
Z:\Projects\Smart-Farming\Datasets\final_combined_datasets\GLFCE\ALS\GLFCE_ALS_312.jpg,Groundnut,ALS,closed,e04f78c4af19e386,Althernaria Leaf Spot
Z:\Projects\Smart-Farming\Datasets\final_combined_datasets\GLFCE\ALS\GLFCE_ALS_313.jpg,Groundnut,ALS,closed,e98a79a05ae7624d,Althernaria Leaf Spot
Z:\Projects\Smart-Farming\Datasets\final_combined_datasets\GLFCE\ALS\GLFCE_ALS_314.jpg,Groundnut,ALS,closed,83234d36c96a9b3e,Althernaria Leaf Spot
Z:\Projects\Smart-Farming\Datasets\final_combined_datasets\GLFCE\ALS\GLFCE_ALS_315.jpg,Groundnut,ALS,closed,ca2d94cac18fb5d1,Althernaria Leaf Spot
Z:\Projects\Smart-Farming\Datasets\final_combined_datasets\GLFCE\ALS\GLFCE_ALS_316.jpg,Groundnut,ALS,closed,cc82d291b6878fbc,Althernaria Leaf Spot
Z:\Projects\Smart-Farming\Datasets\final_combined_datasets\GLFCE\ALS\GLFCE_ALS_317.jpg,Groundnut,ALS,closed,d9763a4c44c9e13b,Althernaria Leaf Spot
Z:\Projects\Smart-Farming\Datasets\final_combined_datasets\GLFCE\ALS\GLFCE_ALS_318.jpg,Groundnut,ALS,closed,81d93e3cf2d0d383,Althernaria Leaf Spot
Z:\Projects\Smart-Farming\Datasets\final_combined_datasets\GLFCE\ALS\GLFCE_ALS_319.jpg,Groundnut,ALS,closed,f7ad76d069c31188,Althernaria Leaf Spot
Z:\Projects\Smart-Farming\Datasets\final_combined_datasets\GLFCE\ALS\GLFCE_ALS_320.jpg,Groundnut,ALS,closed,aa5d7123f51dca22,Althernaria Leaf Spot
Z:\Projects\Smart-Farming\Datasets\final_combined_datasets\GLFCE\ALS\GLFCE_ALS_321.jpg,Groundnut,ALS,closed,aa7970a3110fcb37,Althernaria Leaf Spot
Z:\Projects\Smart-Farming\Datasets\final_combined_datasets\GLFCE\ALS\GLFCE_ALS_322.jpg,Groundnut,ALS,closed,d3eba97c0d82ba82,Althernaria Leaf Spot
Z:\Projects\Smart-Farming\Datasets\final_combined_datasets\GLFCE\ALS\GLFCE_ALS_323.jpg,Groundnut,ALS,closed,8592e0d569c39aee,Althernaria Leaf Spot
Z:\Projects\Smart-Farming\Datasets\final_combined_datasets\GLFCE\ALS\GLFCE_ALS_324.jpg,Groundnut,ALS,closed,971268152c4fdf27,Althernaria Leaf Spot
Z:\Projects\Smart-Farming\Datasets\final_combined_datasets\GLFCE\ALS\GLFCE_ALS_325.jpg,Groundnut,ALS,closed,966995b2e914d3d8,Althernaria Leaf Spot
Z:\Projects\Smart-Farming\Datasets\final_combined_datasets\GLFCE\ALS\GLFCE_ALS_326.jpg,Groundnut,ALS,closed,9fc731b98c25c383,Althernaria Leaf Spot
Z:\Projects\Smart-Farming\Datasets\final_combined_datasets\GLFCE\ALS\GLFCE_ALS_327.jpg,Groundnut,ALS,closed,f7af12433dbca021,Althernaria Leaf Spot
Z:\Projects\Smart-Farming\Datasets\final_combined_datasets\GLFCE\ALS\GLFCE_ALS_328.jpg,Groundnut,ALS,closed,ecea65906aceaaa1,Althernaria Leaf Spot
Z:\Projects\Smart-Farming\Datasets\final_combined_datasets\GLFCE\ALS\GLFCE_ALS_329.jpg,Groundnut,ALS,closed,cdc04f18162edd97,Althernaria Leaf Spot
Z:\Projects\Smart-Farming\Datasets\final_combined_datasets\GLFCE\ALS\GLFCE_ALS_330.jpg,Groundnut,ALS,closed,e1a9989e9cdad4c2,Althernaria Leaf Spot
Z:\Projects\Smart-Farming\Datasets\final_combined_datasets\GLFCE\ALS\GLFCE_ALS_331.jpg,Groundnut,ALS,closed,daa9aa03692b12df,Althernaria Leaf Spot
Z:\Projects\Smart-Farming\Datasets\final_combined_datasets\GLFCE\ALS\GLFCE_ALS_332.jpg,Groundnut,ALS,closed,82913e312fafb26a,Althernaria Leaf Spot
Z:\Projects\Smart-Farming\Datasets\final_combined_datasets\GLFCE\ALS\GLFCE_ALS_333.jpg,Groundnut,ALS,closed,a7a0455fc0eeecc8,Althernaria Leaf Spot
Z:\Projects\Smart-Farming\Datasets\final_combined_datasets\GLFCE\ALS\GLFCE_ALS_334.jpg,Groundnut,ALS,closed,dabc725c78857704,Althernaria Leaf Spot
Z:\Projects\Smart-Farming\Datasets\final_combined_datasets\GLFCE\ALS\GLFCE_ALS_335.jpg,Groundnut,ALS,closed,f6a2202f7938f174,Althernaria Leaf Spot
Z:\Projects\Smart-Farming\Datasets\final_combined_datasets\GLFCE\ALS\GLFCE_ALS_336.jpg,Groundnut,ALS,closed,d4c6acc515ded328,Althernaria Leaf Spot
Z:\Projects\Smart-Farming\Datasets\final_combined_datasets\GLFCE\ALS\GLFCE_ALS_337.jpg,Groundnut,ALS,closed,843be2a56bb465f0,Althernaria Leaf Spot
Z:\Projects\Smart-Farming\Datasets\final_combined_datasets\GLFCE\ALS\GLFCE_ALS_338.jpg,Groundnut,ALS,closed,83c23a913d8db66e,Althernaria Leaf Spot
Z:\Projects\Smart-Farming\Datasets\final_combined_datasets\GLFCE\ALS\GLFCE_ALS_339.jpg,Groundnut,ALS,closed,d0cfacc415dfb228,Althernaria Leaf Spot
Z:\Projects\Smart-Farming\Datasets\final_combined_datasets\GLFCE\ALS\GLFCE_ALS_340.jpg,Groundnut,ALS,closed,8ef3f8b22dc3c02c,Althernaria Leaf Spot
Z:\Projects\Smart-Farming\Datasets\final_combined_datasets\GLFCE\ALS\GLFCE_ALS_341.jpg,Groundnut,ALS,closed,87fbf03d0bc22cc2,Althernaria Leaf Spot
Z:\Projects\Smart-Farming\Datasets\final_combined_datasets\GLFCE\ALS\GLFCE_ALS_342.jpg,Groundnut,ALS,closed,9c0e6760fc69d05b,Althernaria Leaf Spot
Z:\Projects\Smart-Farming\Datasets\final_combined_datasets\GLFCE\ALS\GLFCE_ALS_343.jpg,Groundnut,ALS,closed,cad8ad41ea75149d,Althernaria Leaf Spot
Z:\Projects\Smart-Farming\Datasets\final_combined_datasets\GLFCE\ALS\GLFCE_ALS_344.jpg,Groundnut,ALS,closed,cfd88d61e85514bc,Althernaria Leaf Spot
Z:\Projects\Smart-Farming\Datasets\final_combined_datasets\GLFCE\ALS\GLFCE_ALS_345.jpg,Groundnut,ALS,closed,e7a469593c4ab2b4,Althernaria Leaf Spot
Z:\Projects\Smart-Farming\Datasets\final_combined_datasets\GLFCE\ALS\GLFCE_ALS_346.jpg,Groundnut,ALS,closed,ffd73ce808bc400d,Althernaria Leaf Spot
Z:\Projects\Smart-Farming\Datasets\final_combined_datasets\GLFCE\ALS\GLFCE_ALS_347.jpg,Groundnut,ALS,closed,ca8be64494f46bb2,Althernaria Leaf Spot
Z:\Projects\Smart-Farming\Datasets\final_combined_datasets\GLFCE\ALS\GLFCE_ALS_348.jpg,Groundnut,ALS,closed,fb2b505685a54778,Althernaria Leaf Spot
Z:\Projects\Smart-Farming\Datasets\final_combined_datasets\GLFCE\ALS\GLFCE_ALS_349.jpg,Groundnut,ALS,closed,eedafef800c181a9,Althernaria Leaf Spot
Z:\Projects\Smart-Farming\Datasets\final_combined_datasets\GLFCE\ALS\GLFCE_ALS_350.jpg,Groundnut,ALS,closed,c8cb78be1fe58412,Althernaria Leaf Spot
Z:\Projects\Smart-Farming\Datasets\final_combined_datasets\GLFCE\ALS\GLFCE_ALS_351.jpg,Groundnut,ALS,closed,c7d868a03267cb37,Althernaria Leaf Spot
Z:\Projects\Smart-Farming\Datasets\final_combined_datasets\GLFCE\ALS\GLFCE_ALS_352.jpg,Groundnut,ALS,closed,fb2ad05285a1677a,Althernaria Leaf Spot
Z:\Projects\Smart-Farming\Datasets\final_combined_datasets\GLFCE\ALS\GLFCE_ALS_353.jpg,Groundnut,ALS,closed,96e5b4d65a2a4d25,Althernaria Leaf Spot
Z:\Projects\Smart-Farming\Datasets\final_combined_datasets\GLFCE\ALS\GLFCE_ALS_354.jpg,Groundnut,ALS,closed,a7b623013b82b5fa,Althernaria Leaf Spot
Z:\Projects\Smart-Farming\Datasets\final_combined_datasets\GLFCE\ALS\GLFCE_ALS_355.jpg,Groundnut,ALS,closed,831f24497cee9e31,Althernaria Leaf Spot
Z:\Projects\Smart-Farming\Datasets\final_combined_datasets\GLFCE\ALS\GLFCE_ALS_356.jpg,Groundnut,ALS,closed,acc3e5e83f4b4e01,Althernaria Leaf Spot
Z:\Projects\Smart-Farming\Datasets\final_combined_datasets\GLFCE\ALS\GLFCE_ALS_357.jpg,Groundnut,ALS,closed,82287f6f2d3082df,Althernaria Leaf Spot
Z:\Projects\Smart-Farming\Datasets\final_combined_datasets\GLFCE\ALS\GLFCE_ALS_358.jpg,Groundnut,ALS,closed,96e9b4da5a28e1a5,Althernaria Leaf Spot
Z:\Projects\Smart-Farming\Datasets\final_combined_datasets\GLFCE\ALS\GLFCE_ALS_359.jpg,Groundnut,ALS,closed,cfd868803667eb34,Althernaria Leaf Spot
Z:\Projects\Smart-Farming\Datasets\final_combined_datasets\GLFCE\ALS\GLFCE_ALS_360.jpg,Groundnut,ALS,closed,adc7ed391f4a2308,Althernaria Leaf Spot
Z:\Projects\Smart-Farming\Datasets\final_combined_datasets\GLFCE\ALS\GLFCE_ALS_361.jpg,Groundnut,ALS,closed,dddc5d391a51c1e0,Althernaria Leaf Spot
Z:\Projects\Smart-Farming\Datasets\final_combined_datasets\GLFCE\ALS\GLFCE_ALS_362.jpg,Groundnut,ALS,closed,e7392cf67809f0c8,Althernaria Leaf Spot
Z:\Projects\Smart-Farming\Datasets\final_combined_datasets\GLFCE\ALS\GLFCE_ALS_363.jpg,Groundnut,ALS,closed,933f38b467d22516,Althernaria Leaf Spot
Z:\Projects\Smart-Farming\Datasets\final_combined_datasets\GLFCE\ALS\GLFCE_ALS_364.jpg,Groundnut,ALS,closed,cce86e477632b189,Althernaria Leaf Spot
Z:\Projects\Smart-Farming\Datasets\final_combined_datasets\GLFCE\ALS\GLFCE_ALS_365.jpg,Groundnut,ALS,closed,938f7419a6432aaf,Althernaria Leaf Spot
Z:\Projects\Smart-Farming\Datasets\final_combined_datasets\GLFCE\ALS\GLFCE_ALS_366.jpg,Groundnut,ALS,closed,dff8791d1ac11a41,Althernaria Leaf Spot
Z:\Projects\Smart-Farming\Datasets\final_combined_datasets\GLFCE\ALS\GLFCE_ALS_367.jpg,Groundnut,ALS,closed,96726c25492bfc95,Althernaria Leaf Spot
Z:\Projects\Smart-Farming\Datasets\final_combined_datasets\GLFCE\ALS\GLFCE_ALS_368.jpg,Groundnut,ALS,closed,ceaa31cd1cc3701f,Althernaria Leaf Spot
Z:\Projects\Smart-Farming\Datasets\final_combined_datasets\GLFCE\ALS\GLFCE_ALS_369.jpg,Groundnut,ALS,closed,9197fb75a559c840,Althernaria Leaf Spot
Z:\Projects\Smart-Farming\Datasets\final_combined_datasets\GLFCE\ALS\GLFCE_ALS_370.jpg,Groundnut,ALS,closed,d7aee12878853d34,Althernaria Leaf Spot
Z:\Projects\Smart-Farming\Datasets\final_combined_datasets\GLFCE\ALS\GLFCE_ALS_371.jpg,Groundnut,ALS,closed,9ba76bc6c0c1ce85,Althernaria Leaf Spot
Z:\Projects\Smart-Farming\Datasets\final_combined_datasets\GLFCE\ALS\GLFCE_ALS_372.jpg,Groundnut,ALS,closed,fe30683f8b9b8294,Althernaria Leaf Spot
Z:\Projects\Smart-Farming\Datasets\final_combined_datasets\GLFCE\ALS\GLFCE_ALS_373.jpg,Groundnut,ALS,closed,8193b44e9fc944bb,Althernaria Leaf Spot
Z:\Projects\Smart-Farming\Datasets\final_combined_datasets\GLFCE\ALS\GLFCE_ALS_374.jpg,Groundnut,ALS,closed,c6b0798c3ccfca32,Althernaria Leaf Spot
Z:\Projects\Smart-Farming\Datasets\final_combined_datasets\GLFCE\ALS\GLFCE_ALS_375.jpg,Groundnut,ALS,closed,ce6ee2ebd28a8960,Althernaria Leaf Spot
Z:\Projects\Smart-Farming\Datasets\final_combined_datasets\GLFCE\ALS\GLFCE_ALS_376.jpg,Groundnut,ALS,closed,da81dff2688e8a62,Althernaria Leaf Spot
Z:\Projects\Smart-Farming\Datasets\final_combined_datasets\GLFCE\ALS\GLFCE_ALS_377.jpg,Groundnut,ALS,closed,da85fff06d820325,Althernaria Leaf Spot
Z:\Projects\Smart-Farming\Datasets\final_combined_datasets\GLFCE\ALS\GLFCE_ALS_378.jpg,Groundnut,ALS,closed,fda32d3f464c7280,Althernaria Leaf Spot
Z:\Projects\Smart-Farming\Datasets\final_combined_datasets\GLFCE\ALS\GLFCE_ALS_379.jpg,Groundnut,ALS,closed,eda32d39464632f2,Althernaria Leaf Spot
Z:\Projects\Smart-Farming\Datasets\final_combined_datasets\GLFCE\ALS\GLFCE_ALS_380.jpg,Groundnut,ALS,closed,c9d97a9365ce12a4,Althernaria Leaf Spot
Z:\Projects\Smart-Farming\Datasets\final_combined_datasets\GLFCE\ALS\GLFCE_ALS_381.jpg,Groundnut,ALS,closed,b3b03c5cc4b03fc3,Althernaria Leaf Spot
Z:\Projects\Smart-Farming\Datasets\final_combined_datasets\GLFCE\ALS\GLFCE_ALS_382.jpg,Groundnut,ALS,closed,d3b37bb43c012d86,Althernaria Leaf Spot
Z:\Projects\Smart-Farming\Datasets\final_combined_datasets\GLFCE\ALS\GLFCE_ALS_383.jpg,Groundnut,ALS,closed,e09ef4450dec0f2d,Althernaria Leaf Spot
Z:\Projects\Smart-Farming\Datasets\final_combined_datasets\GLFCE\ALS\GLFCE_ALS_384.jpg,Groundnut,ALS,closed,d16425bd6a29bc93,Althernaria Leaf Spot
Z:\Projects\Smart-Farming\Datasets\final_combined_datasets\GLFCE\ALS\GLFCE_ALS_385.jpg,Groundnut,ALS,closed,acbd8362f930789c,Althernaria Leaf Spot
Z:\Projects\Smart-Farming\Datasets\final_combined_datasets\GLFCE\ALS\GLFCE_ALS_386.jpg,Groundnut,ALS,closed,a2313f2af06782dd,Althernaria Leaf Spot
Z:\Projects\Smart-Farming\Datasets\final_combined_datasets\GLFCE\ALS\GLFCE_ALS_387.jpg,Groundnut,ALS,closed,acf3d03e07e09b49,Althernaria Leaf Spot
Z:\Projects\Smart-Farming\Datasets\final_combined_datasets\GLFCE\ALS\GLFCE_ALS_388.jpg,Groundnut,ALS,closed,a10232b57c1ccfdb,Althernaria Leaf Spot
Z:\Projects\Smart-Farming\Datasets\final_combined_datasets\GLFCE\ALS\GLFCE_ALS_389.jpg,Groundnut,ALS,closed,b4d4daea9a0e2d85,Althernaria Leaf Spot
Z:\Projects\Smart-Farming\Datasets\final_combined_datasets\GLFCE\ALS\GLFCE_ALS_390.jpg,Groundnut,ALS,closed,8856eda1adda1635,Althernaria Leaf Spot
Z:\Projects\Smart-Farming\Datasets\final_combined_datasets\GLFCE\ALS\GLFCE_ALS_391.jpg,Groundnut,ALS,closed,9ee94658b7ac6494,Althernaria Leaf Spot
Z:\Projects\Smart-Farming\Datasets\final_combined_datasets\GLFCE\ALS\GLFCE_ALS_392.jpg,Groundnut,ALS,closed,ca2a345d641d33f6,Althernaria Leaf Spot
Z:\Projects\Smart-Farming\Datasets\final_combined_datasets\GLFCE\ALS\GLFCE_ALS_393.jpg,Groundnut,ALS,closed,dfdb4b3c1a1280e5,Althernaria Leaf Spot
Z:\Projects\Smart-Farming\Datasets\final_combined_datasets\GLFCE\ALS\GLFCE_ALS_394.jpg,Groundnut,ALS,closed,8cf4eda5ec922589,Althernaria Leaf Spot
Z:\Projects\Smart-Farming\Datasets\final_combined_datasets\GLFCE\ALS\GLFCE_ALS_395.jpg,Groundnut,ALS,closed,9ee94f5863b46834,Althernaria Leaf Spot
Z:\Projects\Smart-Farming\Datasets\final_combined_datasets\GLFCE\ALS\GLFCE_ALS_396.jpg,Groundnut,ALS,closed,e2c971d33c39870e,Althernaria Leaf Spot
Z:\Projects\Smart-Farming\Datasets\final_combined_datasets\GLFCE\ALS\GLFCE_ALS_397.jpg,Groundnut,ALS,closed,e63b2cf66809f289,Althernaria Leaf Spot
Z:\Projects\Smart-Farming\Datasets\final_combined_datasets\GLFCE\ALS\GLFCE_ALS_398.jpg,Groundnut,ALS,closed,c634798c3acb3275,Althernaria Leaf Spot
Z:\Projects\Smart-Farming\Datasets\final_combined_datasets\GLFCE\ALS\GLFCE_ALS_399.jpg,Groundnut,ALS,closed,c7cb613c3a3a92c5,Althernaria Leaf Spot
Z:\Projects\Smart-Farming\Datasets\final_combined_datasets\GLFCE\ALS\GLFCE_ALS_400.jpg,Groundnut,ALS,closed,b217486536e928bf,Althernaria Leaf Spot
Z:\Projects\Smart-Farming\Datasets\final_combined_datasets\GLFCE\ALS\GLFCE_ALS_401.jpg,Groundnut,ALS,closed,c2c971d63c39ae0e,Althernaria Leaf Spot
Z:\Projects\Smart-Farming\Datasets\final_combined_datasets\GLFCE\ALS\GLFCE_ALS_402.jpg,Groundnut,ALS,closed,87ca52dae83c34a7,Althernaria Leaf Spot
Z:\Projects\Smart-Farming\Datasets\final_combined_datasets\GLFCE\ALS\GLFCE_ALS_403.jpg,Groundnut,ALS,closed,d81e24616b3c96b7,Althernaria Leaf Spot
Z:\Projects\Smart-Farming\Datasets\final_combined_datasets\GLFCE\ALS\GLFCE_ALS_404.jpg,Groundnut,ALS,closed,cfdba0b491167ec0,Althernaria Leaf Spot
Z:\Projects\Smart-Farming\Datasets\final_combined_datasets\GLFCE\ALS\GLFCE_ALS_405.jpg,Groundnut,ALS,closed,cbdba4940333edc8,Althernaria Leaf Spot
Z:\Projects\Smart-Farming\Datasets\final_combined_datasets\GLFCE\ALS\GLFCE_ALS_406.jpg,Groundnut,ALS,closed,c6e866b57b921670,Althernaria Leaf Spot
Z:\Projects\Smart-Farming\Datasets\final_combined_datasets\GLFCE\ALS\GLFCE_ALS_407.jpg,Groundnut,ALS,closed,b1a6c987c3629fc8,Althernaria Leaf Spot
Z:\Projects\Smart-Farming\Datasets\final_combined_datasets\GLFCE\ALS\GLFCE_ALS_408.jpg,Groundnut,ALS,closed,8c49649f3db4f21a,Althernaria Leaf Spot
Z:\Projects\Smart-Farming\Datasets\final_combined_datasets\GLFCE\ALS\GLFCE_ALS_409.jpg,Groundnut,ALS,closed,9ecee3c0350a9d1e,Althernaria Leaf Spot
Z:\Projects\Smart-Farming\Datasets\final_combined_datasets\GLFCE\ALS\GLFCE_ALS_410.jpg,Groundnut,ALS,closed,e3cc0ce9ad9382dc,Althernaria Leaf Spot
Z:\Projects\Smart-Farming\Datasets\final_combined_datasets\GLFCE\ALS\GLFCE_ALS_411.jpg,Groundnut,ALS,closed,dfdba0b40336f8c0,Althernaria Leaf Spot
Z:\Projects\Smart-Farming\Datasets\final_combined_datasets\GLFCE\ALS\GLFCE_ALS_412.jpg,Groundnut,ALS,closed,f845e599ac69b286,Althernaria Leaf Spot
Z:\Projects\Smart-Farming\Datasets\final_combined_datasets\GLFCE\ALS\GLFCE_ALS_413.jpg,Groundnut,ALS,closed,a27a28147dd299af,Althernaria Leaf Spot
Z:\Projects\Smart-Farming\Datasets\final_combined_datasets\GLFCE\ALS\GLFCE_ALS_414.jpg,Groundnut,ALS,closed,8390f29c6cc3f27c,Althernaria Leaf Spot
Z:\Projects\Smart-Farming\Datasets\final_combined_datasets\GLFCE\ALS\GLFCE_ALS_415.jpg,Groundnut,ALS,closed,8793b04e1ecb48bb,Althernaria Leaf Spot
Z:\Projects\Smart-Farming\Datasets\final_combined_datasets\GLFCE\ALS\GLFCE_ALS_416.jpg,Groundnut,ALS,closed,9fb529fcb44e5202,Althernaria Leaf Spot
Z:\Projects\Smart-Farming\Datasets\final_combined_datasets\GLFCE\ALS\GLFCE_ALS_417.jpg,Groundnut,ALS,closed,d983251f6438c737,Althernaria Leaf Spot
Z:\Projects\Smart-Farming\Datasets\final_combined_datasets\GLFCE\ALS\GLFCE_ALS_418.jpg,Groundnut,ALS,closed,ca6021d17b9eb327,Althernaria Leaf Spot
Z:\Projects\Smart-Farming\Datasets\final_combined_datasets\GLFCE\ALS\GLFCE_ALS_419.jpg,Groundnut,ALS,closed,f8f211fc869c91c3,Althernaria Leaf Spot
Z:\Projects\Smart-Farming\Datasets\final_combined_datasets\GLFCE\ALS\GLFCE_ALS_420.jpg,Groundnut,ALS,closed,c592c4fadd94c325,Althernaria Leaf Spot
Z:\Projects\Smart-Farming\Datasets\final_combined_datasets\GLFCE\ALS\GLFCE_ALS_421.jpg,Groundnut,ALS,closed,869e6883d1b694ed,Althernaria Leaf Spot
Z:\Projects\Smart-Farming\Datasets\final_combined_datasets\GLFCE\ALS\GLFCE_ALS_422.jpg,Groundnut,ALS,closed,f6b56558fc949242,Althernaria Leaf Spot
Z:\Projects\Smart-Farming\Datasets\final_combined_datasets\GLFCE\ALS\GLFCE_ALS_423.jpg,Groundnut,ALS,closed,f0f93506f644687a,Althernaria Leaf Spot
Z:\Projects\Smart-Farming\Datasets\final_combined_datasets\GLFCE\ALS\GLFCE_ALS_424.jpg,Groundnut,ALS,closed,adb37c83974008fb,Althernaria Leaf Spot
Z:\Projects\Smart-Farming\Datasets\final_combined_datasets\GLFCE\ALS\GLFCE_ALS_425.jpg,Groundnut,ALS,closed,86866d81d9be94e5,Althernaria Leaf Spot
Z:\Projects\Smart-Farming\Datasets\final_combined_datasets\GLFCE\ALS\GLFCE_ALS_426.jpg,Groundnut,ALS,closed,cb5ba5e23c1f4590,Althernaria Leaf Spot
Z:\Projects\Smart-Farming\Datasets\final_combined_datasets\GLFCE\ALS\GLFCE_ALS_427.jpg,Groundnut,ALS,closed,96126835295fdd27,Althernaria Leaf Spot
Z:\Projects\Smart-Farming\Datasets\final_combined_datasets\GLFCE\ALS\GLFCE_ALS_428.jpg,Groundnut,ALS,closed,c0c9adad5992365e,Althernaria Leaf Spot
Z:\Projects\Smart-Farming\Datasets\final_combined_datasets\GLFCE\ALS\GLFCE_ALS_429.jpg,Groundnut,ALS,closed,eab225b50da334d5,Althernaria Leaf Spot
Z:\Projects\Smart-Farming\Datasets\final_combined_datasets\GLFCE\ALS\GLFCE_ALS_430.jpg,Groundnut,ALS,closed,fe10686db58ba392,Althernaria Leaf Spot
Z:\Projects\Smart-Farming\Datasets\final_combined_datasets\GLFCE\ALS\GLFCE_ALS_431.jpg,Groundnut,ALS,closed,dc31621635f1c697,Althernaria Leaf Spot
Z:\Projects\Smart-Farming\Datasets\final_combined_datasets\GLFCE\ALS\GLFCE_ALS_432.jpg,Groundnut,ALS,closed,82a1279f3952b3c7,Althernaria Leaf Spot
Z:\Projects\Smart-Farming\Datasets\final_combined_datasets\GLFCE\ALS\GLFCE_ALS_433.jpg,Groundnut,ALS,closed,e492e4dad99543a5,Althernaria Leaf Spot
Z:\Projects\Smart-Farming\Datasets\final_combined_datasets\GLFCE\ALS\GLFCE_ALS_434.jpg,Groundnut,ALS,closed,97065721a0fc3d9b,Althernaria Leaf Spot
Z:\Projects\Smart-Farming\Datasets\final_combined_datasets\GLFCE\ALS\GLFCE_ALS_435.jpg,Groundnut,ALS,closed,ec103f7e1a2bd690,Althernaria Leaf Spot
Z:\Projects\Smart-Farming\Datasets\final_combined_datasets\GLFCE\ALS\GLFCE_ALS_436.jpg,Groundnut,ALS,closed,c4cc68d763f4e524,Althernaria Leaf Spot
Z:\Projects\Smart-Farming\Datasets\final_combined_datasets\GLFCE\ALS\GLFCE_ALS_437.jpg,Groundnut,ALS,closed,edc1ba7896206f34,Althernaria Leaf Spot
Z:\Projects\Smart-Farming\Datasets\final_combined_datasets\GLFCE\ALS\GLFCE_ALS_438.jpg,Groundnut,ALS,closed,87b6253d784ee622,Althernaria Leaf Spot
Z:\Projects\Smart-Farming\Datasets\final_combined_datasets\GLFCE\ALS\GLFCE_ALS_439.jpg,Groundnut,ALS,closed,8786345899e9db66,Althernaria Leaf Spot
Z:\Projects\Smart-Farming\Datasets\final_combined_datasets\GLFCE\ALS\GLFCE_ALS_440.jpg,Groundnut,ALS,closed,de43a61a6c75c153,Althernaria Leaf Spot
Z:\Projects\Smart-Farming\Datasets\final_combined_datasets\GLFCE\ALS\GLFCE_ALS_441.jpg,Groundnut,ALS,closed,c6b4e0adb5f08475,Althernaria Leaf Spot
Z:\Projects\Smart-Farming\Datasets\final_combined_datasets\GLFCE\ALS\GLFCE_ALS_442.jpg,Groundnut,ALS,closed,e9ac314c5c9b936a,Althernaria Leaf Spot
Z:\Projects\Smart-Farming\Datasets\final_combined_datasets\GLFCE\ALS\GLFCE_ALS_443.jpg,Groundnut,ALS,closed,aaf225f50dc930d5,Althernaria Leaf Spot
Z:\Projects\Smart-Farming\Datasets\final_combined_datasets\GLFCE\ALS\GLFCE_ALS_444.jpg,Groundnut,ALS,closed,97f97cb16c1a904a,Althernaria Leaf Spot
Z:\Projects\Smart-Farming\Datasets\final_combined_datasets\GLFCE\ALS\GLFCE_ALS_445.jpg,Groundnut,ALS,closed,ff8a03c93a5a8729,Althernaria Leaf Spot
Z:\Projects\Smart-Farming\Datasets\final_combined_datasets\GLFCE\ALS\GLFCE_ALS_446.jpg,Groundnut,ALS,closed,836d340d93d23e8f,Althernaria Leaf Spot
Z:\Projects\Smart-Farming\Datasets\final_combined_datasets\GLFCE\ALS\GLFCE_ALS_447.jpg,Groundnut,ALS,closed,86076e8f3d51846f,Althernaria Leaf Spot
Z:\Projects\Smart-Farming\Datasets\final_combined_datasets\GLFCE\ALS\GLFCE_ALS_448.jpg,Groundnut,ALS,closed,82a2ee695a9e24fc,Althernaria Leaf Spot
Z:\Projects\Smart-Farming\Datasets\final_combined_datasets\GLFCE\ALS\GLFCE_ALS_449.jpg,Groundnut,ALS,closed,99134e66e54dae98,Althernaria Leaf Spot
Z:\Projects\Smart-Farming\Datasets\final_combined_datasets\GLFCE\ALS\GLFCE_ALS_450.jpg,Groundnut,ALS,closed,c3e824b90dbdd6c4,Althernaria Leaf Spot
Z:\Projects\Smart-Farming\Datasets\final_combined_datasets\GLFCE\ALS\GLFCE_ALS_058.jpg,Groundnut,ALS,closed,844d6c437abe23f4,Althernaria Leaf Spot
Z:\Projects\Smart-Farming\Datasets\final_combined_datasets\GLFCE\ALS\GLFCE_ALS_057.jpg,Groundnut,ALS,closed,83c5e60d4bd134de,Althernaria Leaf Spot
Z:\Projects\Smart-Farming\Datasets\final_combined_datasets\GLFCE\ALS\GLFCE_ALS_059.jpg,Groundnut,ALS,closed,f7a1e5fd28c2054c,Althernaria Leaf Spot
Z:\Projects\Smart-Farming\Datasets\final_combined_datasets\GLFCE\ALS\GLFCE_ALS_010.jpg,Groundnut,ALS,closed,fe03e5d6421f54a4,Althernaria Leaf Spot
Z:\Projects\Smart-Farming\Datasets\final_combined_datasets\GLFCE\ALS\GLFCE_ALS_013.jpg,Groundnut,ALS,closed,d6d269b438c6b744,Althernaria Leaf Spot
Z:\Projects\Smart-Farming\Datasets\final_combined_datasets\GLFCE\ALS\GLFCE_ALS_068.jpg,Groundnut,ALS,closed,86c0ecf52c5b9333,Althernaria Leaf Spot
Z:\Projects\Smart-Farming\Datasets\final_combined_datasets\GLFCE\ALS\GLFCE_ALS_069.jpg,Groundnut,ALS,closed,d094381cf9f3b16a,Althernaria Leaf Spot
Z:\Projects\Smart-Farming\Datasets\final_combined_datasets\GLFCE\ALS\GLFCE_ALS_070.jpg,Groundnut,ALS,closed,8e9a7aac2d6dc328,Althernaria Leaf Spot
Z:\Projects\Smart-Farming\Datasets\final_combined_datasets\GLFCE\ALS\GLFCE_ALS_072.jpg,Groundnut,ALS,closed,e1cd3a6105373a3d,Althernaria Leaf Spot
Z:\Projects\Smart-Farming\Datasets\final_combined_datasets\GLFCE\ALS\GLFCE_ALS_073.jpg,Groundnut,ALS,closed,d19db70d7f50106c,Althernaria Leaf Spot
Z:\Projects\Smart-Farming\Datasets\final_combined_datasets\GLFCE\ALS\GLFCE_ALS_074.jpg,Groundnut,ALS,closed,df8169e93a86a62c,Althernaria Leaf Spot
Z:\Projects\Smart-Farming\Datasets\final_combined_datasets\GLFCE\ALS\GLFCE_ALS_075.jpg,Groundnut,ALS,closed,81d272f42a4bf627,Althernaria Leaf Spot
Z:\Projects\Smart-Farming\Datasets\final_combined_datasets\GLFCE\ALS\GLFCE_ALS_076.jpg,Groundnut,ALS,closed,c794749c78dae864,Althernaria Leaf Spot
Z:\Projects\Smart-Farming\Datasets\final_combined_datasets\GLFCE\ALS\GLFCE_ALS_077.jpg,Groundnut,ALS,closed,e3cc0da0fd93d2d0,Althernaria Leaf Spot
Z:\Projects\Smart-Farming\Datasets\final_combined_datasets\GLFCE\ALS\GLFCE_ALS_079.jpg,Groundnut,ALS,closed,cba5319768dbc0d8,Althernaria Leaf Spot
Z:\Projects\Smart-Farming\Datasets\final_combined_datasets\GLFCE\ALS\GLFCE_ALS_080.jpg,Groundnut,ALS,closed,b885b3e3e5cac8a4,Althernaria Leaf Spot
Z:\Projects\Smart-Farming\Datasets\final_combined_datasets\GLFCE\ALS\GLFCE_ALS_081.jpg,Groundnut,ALS,closed,977552ceee82310e,Althernaria Leaf Spot
Z:\Projects\Smart-Farming\Datasets\final_combined_datasets\GLFCE\ALS\GLFCE_ALS_082.jpg,Groundnut,ALS,closed,8f7f07116db03d12,Althernaria Leaf Spot
Z:\Projects\Smart-Farming\Datasets\final_combined_datasets\GLFCE\ALS\GLFCE_ALS_084.jpg,Groundnut,ALS,closed,bac7e678c50df048,Althernaria Leaf Spot
Z:\Projects\Smart-Farming\Datasets\final_combined_datasets\GLFCE\ALS\GLFCE_ALS_085.jpg,Groundnut,ALS,closed,de08e5a8ecb494f8,Althernaria Leaf Spot
Z:\Projects\Smart-Farming\Datasets\final_combined_datasets\GLFCE\ALS\GLFCE_ALS_086.jpg,Groundnut,ALS,closed,b6ec21c8388f7cd4,Althernaria Leaf Spot
Z:\Projects\Smart-Farming\Datasets\final_combined_datasets\GLFCE\ALS\GLFCE_ALS_087.jpg,Groundnut,ALS,closed,f6f5e499c9c1e108,Althernaria Leaf Spot
Z:\Projects\Smart-Farming\Datasets\final_combined_datasets\GLFCE\ALS\GLFCE_ALS_088.jpg,Groundnut,ALS,closed,cad59a9204ba8ebe,Althernaria Leaf Spot
Z:\Projects\Smart-Farming\Datasets\final_combined_datasets\GLFCE\ALS\GLFCE_ALS_089.jpg,Groundnut,ALS,closed,877507157db01f52,Althernaria Leaf Spot
Z:\Projects\Smart-Farming\Datasets\final_combined_datasets\GLFCE\ALS\GLFCE_ALS_090.jpg,Groundnut,ALS,closed,c2a5a8e28dea9ce3,Althernaria Leaf Spot
Z:\Projects\Smart-Farming\Datasets\final_combined_datasets\GLFCE\ALS\GLFCE_ALS_092.jpg,Groundnut,ALS,closed,a5b72c2d6998915d,Althernaria Leaf Spot
Z:\Projects\Smart-Farming\Datasets\final_combined_datasets\GLFCE\ALS\GLFCE_ALS_093.jpg,Groundnut,ALS,closed,bc9daaf35e802952,Althernaria Leaf Spot
Z:\Projects\Smart-Farming\Datasets\final_combined_datasets\GLFCE\ALS\GLFCE_ALS_094.jpg,Groundnut,ALS,closed,c79439ce0fc2372c,Althernaria Leaf Spot
Z:\Projects\Smart-Farming\Datasets\final_combined_datasets\GLFCE\ALS\GLFCE_ALS_095.jpg,Groundnut,ALS,closed,aa764001f3bcd6c7,Althernaria Leaf Spot
Z:\Projects\Smart-Farming\Datasets\final_combined_datasets\GLFCE\ALS\GLFCE_ALS_096.jpg,Groundnut,ALS,closed,c79639ce27c03f24,Althernaria Leaf Spot
Z:\Projects\Smart-Farming\Datasets\final_combined_datasets\GLFCE\ALS\GLFCE_ALS_097.jpg,Groundnut,ALS,closed,e77861ed21c6346c,Althernaria Leaf Spot
Z:\Projects\Smart-Farming\Datasets\final_combined_datasets\GLFCE\ALS\GLFCE_ALS_098.jpg,Groundnut,ALS,closed,d6d76094684ec735,Althernaria Leaf Spot
Z:\Projects\Smart-Farming\Datasets\final_combined_datasets\GLFCE\ALS\GLFCE_ALS_099.jpg,Groundnut,ALS,closed,db9a763a16a5c960,Althernaria Leaf Spot
Z:\Projects\Smart-Farming\Datasets\final_combined_datasets\GLFCE\ALS\GLFCE_ALS_100.jpg,Groundnut,ALS,closed,eb2034745866b6db,Althernaria Leaf Spot
Z:\Projects\Smart-Farming\Datasets\final_combined_datasets\GLFCE\ALS\GLFCE_ALS_101.jpg,Groundnut,ALS,closed,df37b070a960e391,Althernaria Leaf Spot
Z:\Projects\Smart-Farming\Datasets\final_combined_datasets\GLFCE\ALS\GLFCE_ALS_102.jpg,Groundnut,ALS,closed,f21e2aa82cbf27a1,Althernaria Leaf Spot
Z:\Projects\Smart-Farming\Datasets\final_combined_datasets\GLFCE\ALS\GLFCE_ALS_103.jpg,Groundnut,ALS,closed,d63af8c1cb881f51,Althernaria Leaf Spot
Z:\Projects\Smart-Farming\Datasets\final_combined_datasets\GLFCE\ALS\GLFCE_ALS_104.jpg,Groundnut,ALS,closed,f393f18c0d879564,Althernaria Leaf Spot
Z:\Projects\Smart-Farming\Datasets\final_combined_datasets\GLFCE\ALS\GLFCE_ALS_105.jpg,Groundnut,ALS,closed,eab2f382942f889d,Althernaria Leaf Spot
Z:\Projects\Smart-Farming\Datasets\final_combined_datasets\GLFCE\ALS\GLFCE_ALS_106.jpg,Groundnut,ALS,closed,a7a5247d3c32963c,Althernaria Leaf Spot
Z:\Projects\Smart-Farming\Datasets\final_combined_datasets\GLFCE\ALS\GLFCE_ALS_107.jpg,Groundnut,ALS,closed,bec0b4b81d54597a,Althernaria Leaf Spot
Z:\Projects\Smart-Farming\Datasets\final_combined_datasets\GLFCE\ALS\GLFCE_ALS_108.jpg,Groundnut,ALS,closed,d6922ce74dc9a899,Althernaria Leaf Spot
Z:\Projects\Smart-Farming\Datasets\final_combined_datasets\GLFCE\ALS\GLFCE_ALS_109.jpg,Groundnut,ALS,closed,f2c96eb144768d8c,Althernaria Leaf Spot
Z:\Projects\Smart-Farming\Datasets\final_combined_datasets\GLFCE\ALS\GLFCE_ALS_112.jpg,Groundnut,ALS,closed,bec0b4985f50793a,Althernaria Leaf Spot
Z:\Projects\Smart-Farming\Datasets\final_combined_datasets\GLFCE\ALS\GLFCE_ALS_113.jpg,Groundnut,ALS,closed,e70e64d048b78677,Althernaria Leaf Spot
Z:\Projects\Smart-Farming\Datasets\final_combined_datasets\GLFCE\ALS\GLFCE_ALS_114.jpg,Groundnut,ALS,closed,c7dee7083a866398,Althernaria Leaf Spot
Z:\Projects\Smart-Farming\Datasets\final_combined_datasets\GLFCE\ALS\GLFCE_ALS_115.jpg,Groundnut,ALS,closed,fb9a34bf14e086d0,Althernaria Leaf Spot
Z:\Projects\Smart-Farming\Datasets\final_combined_datasets\GLFCE\ALS\GLFCE_ALS_116.jpg,Groundnut,ALS,closed,83c04c16c7e77e2e,Althernaria Leaf Spot
Z:\Projects\Smart-Farming\Datasets\final_combined_datasets\GLFCE\ALS\GLFCE_ALS_117.jpg,Groundnut,ALS,closed,f2e96cb144f68c94,Althernaria Leaf Spot
Z:\Projects\Smart-Farming\Datasets\final_combined_datasets\GLFCE\ALS\GLFCE_ALS_118.jpg,Groundnut,ALS,closed,f2ede69546b48454,Althernaria Leaf Spot
Z:\Projects\Smart-Farming\Datasets\final_combined_datasets\GLFCE\ALS\GLFCE_ALS_119.jpg,Groundnut,ALS,closed,c9ced4c3262645b7,Althernaria Leaf Spot
Z:\Projects\Smart-Farming\Datasets\final_combined_datasets\GLFCE\ALS\GLFCE_ALS_122.jpg,Groundnut,ALS,closed,93877d5a1cdbe060,Althernaria Leaf Spot
Z:\Projects\Smart-Farming\Datasets\final_combined_datasets\GLFCE\ALS\GLFCE_ALS_124.jpg,Groundnut,ALS,closed,e0dee0a82f8b61ba,Althernaria Leaf Spot
Z:\Projects\Smart-Farming\Datasets\final_combined_datasets\GLFCE\ALS\GLFCE_ALS_125.jpg,Groundnut,ALS,closed,d8786819bec2c676,Althernaria Leaf Spot
Z:\Projects\Smart-Farming\Datasets\final_combined_datasets\GLFCE\ALS\GLFCE_ALS_126.jpg,Groundnut,ALS,closed,e3a32575643c946e,Althernaria Leaf Spot
Z:\Projects\Smart-Farming\Datasets\final_combined_datasets\GLFCE\ALS\GLFCE_ALS_129.jpg,Groundnut,ALS,closed,d60e2cbd4a9a70f4,Althernaria Leaf Spot
Z:\Projects\Smart-Farming\Datasets\final_combined_datasets\GLFCE\ALS\GLFCE_ALS_130.jpg,Groundnut,ALS,closed,93877d9b1ddb8060,Althernaria Leaf Spot
Z:\Projects\Smart-Farming\Datasets\final_combined_datasets\GLFCE\ALS\GLFCE_ALS_133.jpg,Groundnut,ALS,closed,82a6e66d5a9e60f4,Althernaria Leaf Spot
Z:\Projects\Smart-Farming\Datasets\final_combined_datasets\GLFCE\ALS\GLFCE_ALS_134.jpg,Groundnut,ALS,closed,e8ec24dc724366d9,Althernaria Leaf Spot
Z:\Projects\Smart-Farming\Datasets\final_combined_datasets\GLFCE\ALS\GLFCE_ALS_136.jpg,Groundnut,ALS,closed,bfd490cb9c951ce0,Althernaria Leaf Spot
Z:\Projects\Smart-Farming\Datasets\final_combined_datasets\GLFCE\ALS\GLFCE_ALS_138.jpg,Groundnut,ALS,closed,d231b18bd5a3a93c,Althernaria Leaf Spot
Z:\Projects\Smart-Farming\Datasets\final_combined_datasets\GLFCE\ALS\GLFCE_ALS_139.jpg,Groundnut,ALS,closed,d31a763214e9e9e2,Althernaria Leaf Spot
Z:\Projects\Smart-Farming\Datasets\final_combined_datasets\GLFCE\ALS\GLFCE_ALS_140.jpg,Groundnut,ALS,closed,e8eca4c67a5362d8,Althernaria Leaf Spot
Z:\Projects\Smart-Farming\Datasets\final_combined_datasets\GLFCE\ALS\GLFCE_ALS_141.jpg,Groundnut,ALS,closed,c21728acf2ece978,Althernaria Leaf Spot
Z:\Projects\Smart-Farming\Datasets\final_combined_datasets\GLFCE\ALS\GLFCE_ALS_142.jpg,Groundnut,ALS,closed,f78f62b82e9f4420,Althernaria Leaf Spot
Z:\Projects\Smart-Farming\Datasets\final_combined_datasets\GLFCE\ALS\GLFCE_ALS_143.jpg,Groundnut,ALS,closed,92ba745568c73c69,Althernaria Leaf Spot
Z:\Projects\Smart-Farming\Datasets\final_combined_datasets\GLFCE\ALS\GLFCE_ALS_144.jpg,Groundnut,ALS,closed,b9a9f9342a8a7a2c,Althernaria Leaf Spot
Z:\Projects\Smart-Farming\Datasets\final_combined_datasets\GLFCE\ALS\GLFCE_ALS_145.jpg,Groundnut,ALS,closed,d7c27af4a86d8145,Althernaria Leaf Spot
Z:\Projects\Smart-Farming\Datasets\final_combined_datasets\GLFCE\ALS\GLFCE_ALS_147.jpg,Groundnut,ALS,closed,f8e502f17898c76a,Althernaria Leaf Spot
Z:\Projects\Smart-Farming\Datasets\final_combined_datasets\GLFCE\ALS\GLFCE_ALS_148.jpg,Groundnut,ALS,closed,ea1707b67920967c,Althernaria Leaf Spot
Z:\Projects\Smart-Farming\Datasets\final_combined_datasets\GLFCE\ALS\GLFCE_ALS_150.jpg,Groundnut,ALS,closed,ebe53c30e101fb70,Althernaria Leaf Spot
Z:\Projects\Smart-Farming\Datasets\final_combined_datasets\GLFCE\ALS\GLFCE_ALS_151.jpg,Groundnut,ALS,closed,c2e674c9789fc530,Althernaria Leaf Spot
Z:\Projects\Smart-Farming\Datasets\final_combined_datasets\GLFCE\ALS\GLFCE_ALS_152.jpg,Groundnut,ALS,closed,bc8327b41b40b5eb,Althernaria Leaf Spot
Z:\Projects\Smart-Farming\Datasets\final_combined_datasets\GLFCE\ALS\GLFCE_ALS_154.jpg,Groundnut,ALS,closed,aea4a80d7e84774d,Althernaria Leaf Spot
Z:\Projects\Smart-Farming\Datasets\final_combined_datasets\GLFCE\ALS\GLFCE_ALS_155.jpg,Groundnut,ALS,closed,dac166e949cf901d,Althernaria Leaf Spot
Z:\Projects\Smart-Farming\Datasets\final_combined_datasets\GLFCE\ALS\GLFCE_ALS_157.jpg,Groundnut,ALS,closed,bc9248873879da67,Althernaria Leaf Spot
Z:\Projects\Smart-Farming\Datasets\final_combined_datasets\GLFCE\LSEaL\GLFCE_LSEaL_117.jpg,Groundnut,LSEaL,closed,d3a9305978d89b4b,Leaf Spot
Z:\Projects\Smart-Farming\Datasets\final_combined_datasets\GLFCE\LSEaL\GLFCE_LSEaL_118.jpg,Groundnut,LSEaL,closed,bee4b45310fb50c9,Leaf Spot
Z:\Projects\Smart-Farming\Datasets\final_combined_datasets\GLFCE\LSEaL\GLFCE_LSEaL_119.jpg,Groundnut,LSEaL,closed,e022ed3b8b949787,Leaf Spot
Z:\Projects\Smart-Farming\Datasets\final_combined_datasets\GLFCE\LSEaL\GLFCE_LSEaL_120.jpg,Groundnut,LSEaL,closed,f79a85d984d868b2,Leaf Spot
Z:\Projects\Smart-Farming\Datasets\final_combined_datasets\GLFCE\LSEaL\GLFCE_LSEaL_121.jpg,Groundnut,LSEaL,closed,d1b7eb9e21aa04cc,Leaf Spot
Z:\Projects\Smart-Farming\Datasets\final_combined_datasets\GLFCE\LSEaL\GLFCE_LSEaL_122.jpg,Groundnut,LSEaL,closed,fea560c899e65326,Leaf Spot
Z:\Projects\Smart-Farming\Datasets\final_combined_datasets\GLFCE\LSEaL\GLFCE_LSEaL_123.jpg,Groundnut,LSEaL,closed,c3ee20b3b0939739,Leaf Spot
Z:\Projects\Smart-Farming\Datasets\final_combined_datasets\GLFCE\LSEaL\GLFCE_LSEaL_124.jpg,Groundnut,LSEaL,closed,caf874d2888a8fce,Leaf Spot
Z:\Projects\Smart-Farming\Datasets\final_combined_datasets\GLFCE\LSEaL\GLFCE_LSEaL_125.jpg,Groundnut,LSEaL,closed,e21835ae69edc4c6,Leaf Spot
Z:\Projects\Smart-Farming\Datasets\final_combined_datasets\GLFCE\LSEaL\GLFCE_LSEaL_126.jpg,Groundnut,LSEaL,closed,d1a1305978d8ddcb,Leaf Spot
Z:\Projects\Smart-Farming\Datasets\final_combined_datasets\GLFCE\LSEaL\GLFCE_LSEaL_127.jpg,Groundnut,LSEaL,closed,e6a074de08c79373,Leaf Spot
Z:\Projects\Smart-Farming\Datasets\final_combined_datasets\GLFCE\LSEaL\GLFCE_LSEaL_128.jpg,Groundnut,LSEaL,closed,f39205bc089c7cde,Leaf Spot
Z:\Projects\Smart-Farming\Datasets\final_combined_datasets\GLFCE\LSEaL\GLFCE_LSEaL_129.jpg,Groundnut,LSEaL,closed,cc9a713874e770e1,Leaf Spot
Z:\Projects\Smart-Farming\Datasets\final_combined_datasets\GLFCE\LSEaL\GLFCE_LSEaL_130.jpg,Groundnut,LSEaL,closed,bc830ef26cf1a8d4,Leaf Spot
Z:\Projects\Smart-Farming\Datasets\final_combined_datasets\GLFCE\LSEaL\GLFCE_LSEaL_131.jpg,Groundnut,LSEaL,closed,d6886dc90ad7e85a,Leaf Spot
Z:\Projects\Smart-Farming\Datasets\final_combined_datasets\GLFCE\LSEaL\GLFCE_LSEaL_132.jpg,Groundnut,LSEaL,closed,fbd73246d1643330,Leaf Spot
Z:\Projects\Smart-Farming\Datasets\final_combined_datasets\GLFCE\LSEaL\GLFCE_LSEaL_133.jpg,Groundnut,LSEaL,closed,fad7238a6a9898c3,Leaf Spot
Z:\Projects\Smart-Farming\Datasets\final_combined_datasets\GLFCE\LSEaL\GLFCE_LSEaL_134.jpg,Groundnut,LSEaL,closed,caae758321101fef,Leaf Spot
Z:\Projects\Smart-Farming\Datasets\final_combined_datasets\GLFCE\LSEaL\GLFCE_LSEaL_135.jpg,Groundnut,LSEaL,closed,da79fcc0e1331417,Leaf Spot
Z:\Projects\Smart-Farming\Datasets\final_combined_datasets\GLFCE\LSEaL\GLFCE_LSEaL_136.jpg,Groundnut,LSEaL,closed,a9e335b637653212,Leaf Spot
Z:\Projects\Smart-Farming\Datasets\final_combined_datasets\GLFCE\LSEaL\GLFCE_LSEaL_389.jpg,Groundnut,LSEaL,closed,e38ba0d37f92c530,Leaf Spot
Z:\Projects\Smart-Farming\Datasets\final_combined_datasets\GLFCE\LSEaL\GLFCE_LSEaL_137.jpg,Groundnut,LSEaL,closed,ffdac4a1de858680,Leaf Spot
Z:\Projects\Smart-Farming\Datasets\final_combined_datasets\GLFCE\LSEaL\GLFCE_LSEaL_138.jpg,Groundnut,LSEaL,closed,bf8423e3123594e7,Leaf Spot
Z:\Projects\Smart-Farming\Datasets\final_combined_datasets\GLFCE\LSEaL\GLFCE_LSEaL_139.jpg,Groundnut,LSEaL,closed,c2c7bf8c1f927488,Leaf Spot
Z:\Projects\Smart-Farming\Datasets\final_combined_datasets\GLFCE\LSEaL\GLFCE_LSEaL_140.jpg,Groundnut,LSEaL,closed,f3bba7bc6c904409,Leaf Spot
Z:\Projects\Smart-Farming\Datasets\final_combined_datasets\GLFCE\LSEaL\GLFCE_LSEaL_390.jpg,Groundnut,LSEaL,closed,c7b3cab82dcca02e,Leaf Spot
Z:\Projects\Smart-Farming\Datasets\final_combined_datasets\GLFCE\LSEaL\GLFCE_LSEaL_141.jpg,Groundnut,LSEaL,closed,83d365b03c6c5957,Leaf Spot
Z:\Projects\Smart-Farming\Datasets\final_combined_datasets\GLFCE\LSEaL\GLFCE_LSEaL_142.jpg,Groundnut,LSEaL,closed,83b0270fb7c73133,Leaf Spot
Z:\Projects\Smart-Farming\Datasets\final_combined_datasets\GLFCE\LSEaL\GLFCE_LSEaL_143.jpg,Groundnut,LSEaL,closed,d3b13b141df03b2c,Leaf Spot
Z:\Projects\Smart-Farming\Datasets\final_combined_datasets\GLFCE\LSEaL\GLFCE_LSEaL_144.jpg,Groundnut,LSEaL,closed,fbd6304ed5643132,Leaf Spot
Z:\Projects\Smart-Farming\Datasets\final_combined_datasets\GLFCE\LSEaL\GLFCE_LSEaL_145.jpg,Groundnut,LSEaL,closed,f2c7324a4a98ddc3,Leaf Spot
Z:\Projects\Smart-Farming\Datasets\final_combined_datasets\GLFCE\LSEaL\GLFCE_LSEaL_146.jpg,Groundnut,LSEaL,closed,c0851efdab645713,Leaf Spot
Z:\Projects\Smart-Farming\Datasets\final_combined_datasets\GLFCE\LSEaL\GLFCE_LSEaL_147.jpg,Groundnut,LSEaL,closed,dc9c66c04d470bee,Leaf Spot
Z:\Projects\Smart-Farming\Datasets\final_combined_datasets\GLFCE\LSEaL\GLFCE_LSEaL_148.jpg,Groundnut,LSEaL,closed,f0c076f5a9a9822f,Leaf Spot
Z:\Projects\Smart-Farming\Datasets\final_combined_datasets\GLFCE\LSEaL\GLFCE_LSEaL_149.jpg,Groundnut,LSEaL,closed,d6f8e48f38078b86,Leaf Spot
Z:\Projects\Smart-Farming\Datasets\final_combined_datasets\GLFCE\LSEaL\GLFCE_LSEaL_150.jpg,Groundnut,LSEaL,closed,93f83a0bf5ad1861,Leaf Spot
Z:\Projects\Smart-Farming\Datasets\final_combined_datasets\GLFCE\LSEaL\GLFCE_LSEaL_151.jpg,Groundnut,LSEaL,closed,a1e375b43d471217,Leaf Spot
Z:\Projects\Smart-Farming\Datasets\final_combined_datasets\GLFCE\LSEaL\GLFCE_LSEaL_152.jpg,Groundnut,LSEaL,closed,c2a6efef30e09461,Leaf Spot
Z:\Projects\Smart-Farming\Datasets\final_combined_datasets\GLFCE\LSEaL\GLFCE_LSEaL_153.jpg,Groundnut,LSEaL,closed,c1a9b9dc774b228c,Leaf Spot
Z:\Projects\Smart-Farming\Datasets\final_combined_datasets\GLFCE\LSEaL\GLFCE_LSEaL_154.jpg,Groundnut,LSEaL,closed,d2cf61c16c61d8e5,Leaf Spot
Z:\Projects\Smart-Farming\Datasets\final_combined_datasets\GLFCE\LSEaL\GLFCE_LSEaL_155.jpg,Groundnut,LSEaL,closed,c181fb9c775b2388,Leaf Spot
Z:\Projects\Smart-Farming\Datasets\final_combined_datasets\GLFCE\LSEaL\GLFCE_LSEaL_156.jpg,Groundnut,LSEaL,closed,9012a5685eba2dfb,Leaf Spot
Z:\Projects\Smart-Farming\Datasets\final_combined_datasets\GLFCE\LSEaL\GLFCE_LSEaL_391.jpg,Groundnut,LSEaL,closed,ebbb36d02cf5c024,Leaf Spot
Z:\Projects\Smart-Farming\Datasets\final_combined_datasets\GLFCE\LSEaL\GLFCE_LSEaL_157.jpg,Groundnut,LSEaL,closed,bcd136106e6d0dd6,Leaf Spot
Z:\Projects\Smart-Farming\Datasets\final_combined_datasets\GLFCE\LSEaL\GLFCE_LSEaL_392.jpg,Groundnut,LSEaL,closed,c6a7c05db1953da4,Leaf Spot
Z:\Projects\Smart-Farming\Datasets\final_combined_datasets\GLFCE\LSEaL\GLFCE_LSEaL_158.jpg,Groundnut,LSEaL,closed,f8a593e665d13b40,Leaf Spot
Z:\Projects\Smart-Farming\Datasets\final_combined_datasets\GLFCE\LSEaL\GLFCE_LSEaL_159.jpg,Groundnut,LSEaL,closed,e6b87e0e48c31b63,Leaf Spot
Z:\Projects\Smart-Farming\Datasets\final_combined_datasets\GLFCE\LSEaL\GLFCE_LSEaL_160.jpg,Groundnut,LSEaL,closed,d8a992e641d13bd6,Leaf Spot
Z:\Projects\Smart-Farming\Datasets\final_combined_datasets\GLFCE\LSEaL\GLFCE_LSEaL_161.jpg,Groundnut,LSEaL,closed,8bba7b417e1960b4,Leaf Spot
Z:\Projects\Smart-Farming\Datasets\final_combined_datasets\GLFCE\LSEaL\GLFCE_LSEaL_162.jpg,Groundnut,LSEaL,closed,de1ce2c12e83acf4,Leaf Spot
Z:\Projects\Smart-Farming\Datasets\final_combined_datasets\GLFCE\LSEaL\GLFCE_LSEaL_163.jpg,Groundnut,LSEaL,closed,cb8f79e421e5f048,Leaf Spot
Z:\Projects\Smart-Farming\Datasets\final_combined_datasets\GLFCE\LSEaL\GLFCE_LSEaL_164.jpg,Groundnut,LSEaL,closed,e9bb98c34a69466a,Leaf Spot
Z:\Projects\Smart-Farming\Datasets\final_combined_datasets\GLFCE\LSEaL\GLFCE_LSEaL_165.jpg,Groundnut,LSEaL,closed,d7bb603cc7c0b14c,Leaf Spot
Z:\Projects\Smart-Farming\Datasets\final_combined_datasets\GLFCE\LSEaL\GLFCE_LSEaL_166.jpg,Groundnut,LSEaL,closed,cf8b28eb1f9b7001,Leaf Spot
Z:\Projects\Smart-Farming\Datasets\final_combined_datasets\GLFCE\LSEaL\GLFCE_LSEaL_167.jpg,Groundnut,LSEaL,closed,bde8c0a0c7eb0e8b,Leaf Spot
Z:\Projects\Smart-Farming\Datasets\final_combined_datasets\GLFCE\LSEaL\GLFCE_LSEaL_168.jpg,Groundnut,LSEaL,closed,d2cf61c96dc1dc60,Leaf Spot
Z:\Projects\Smart-Farming\Datasets\final_combined_datasets\GLFCE\LSEaL\GLFCE_LSEaL_169.jpg,Groundnut,LSEaL,closed,f65e85d984e8a833,Leaf Spot
Z:\Projects\Smart-Farming\Datasets\final_combined_datasets\GLFCE\LSEaL\GLFCE_LSEaL_170.jpg,Groundnut,LSEaL,closed,9de8e080c3eb4f87,Leaf Spot
Z:\Projects\Smart-Farming\Datasets\final_combined_datasets\GLFCE\LSEaL\GLFCE_LSEaL_171.jpg,Groundnut,LSEaL,closed,fe8178c644cbd26c,Leaf Spot
Z:\Projects\Smart-Farming\Datasets\final_combined_datasets\GLFCE\LSEaL\GLFCE_LSEaL_172.jpg,Groundnut,LSEaL,closed,92b174fdb4c92307,Leaf Spot
Z:\Projects\Smart-Farming\Datasets\final_combined_datasets\GLFCE\LSEaL\GLFCE_LSEaL_173.jpg,Groundnut,LSEaL,closed,b6163b194ac36a9e,Leaf Spot
Z:\Projects\Smart-Farming\Datasets\final_combined_datasets\GLFCE\LSEaL\GLFCE_LSEaL_174.jpg,Groundnut,LSEaL,closed,f9b53788c680fa13,Leaf Spot
Z:\Projects\Smart-Farming\Datasets\final_combined_datasets\GLFCE\LSEaL\GLFCE_LSEaL_175.jpg,Groundnut,LSEaL,closed,8b096d943194dbfa,Leaf Spot
Z:\Projects\Smart-Farming\Datasets\final_combined_datasets\GLFCE\LSEaL\GLFCE_LSEaL_176.jpg,Groundnut,LSEaL,closed,edc57de460aa20cd,Leaf Spot
Z:\Projects\Smart-Farming\Datasets\final_combined_datasets\GLFCE\LSEaL\GLFCE_LSEaL_177.jpg,Groundnut,LSEaL,closed,f2ca52ca6c1bce2a,Leaf Spot
Z:\Projects\Smart-Farming\Datasets\final_combined_datasets\GLFCE\LSEaL\GLFCE_LSEaL_393.jpg,Groundnut,LSEaL,closed,fd42394d6aa15639,Leaf Spot
Z:\Projects\Smart-Farming\Datasets\final_combined_datasets\GLFCE\LSEaL\GLFCE_LSEaL_178.jpg,Groundnut,LSEaL,closed,b740df8756eb6880,Leaf Spot
Z:\Projects\Smart-Farming\Datasets\final_combined_datasets\GLFCE\LSEaL\GLFCE_LSEaL_179.jpg,Groundnut,LSEaL,closed,be3600c3a14fbbd2,Leaf Spot
Z:\Projects\Smart-Farming\Datasets\final_combined_datasets\GLFCE\LSEaL\GLFCE_LSEaL_394.jpg,Groundnut,LSEaL,closed,cbdf52e1f422d282,Leaf Spot
Z:\Projects\Smart-Farming\Datasets\final_combined_datasets\GLFCE\LSEaL\GLFCE_LSEaL_395.jpg,Groundnut,LSEaL,closed,926f60386bdbb3c0,Leaf Spot
Z:\Projects\Smart-Farming\Datasets\final_combined_datasets\GLFCE\LSEaL\GLFCE_LSEaL_180.jpg,Groundnut,LSEaL,closed,dac4fae86b8aa225,Leaf Spot
Z:\Projects\Smart-Farming\Datasets\final_combined_datasets\GLFCE\LSEaL\GLFCE_LSEaL_181.jpg,Groundnut,LSEaL,closed,d0976d29e819d72a,Leaf Spot
Z:\Projects\Smart-Farming\Datasets\final_combined_datasets\GLFCE\LSEaL\GLFCE_LSEaL_182.jpg,Groundnut,LSEaL,closed,d285c4ca84ecb7d6,Leaf Spot
Z:\Projects\Smart-Farming\Datasets\final_combined_datasets\GLFCE\LSEaL\GLFCE_LSEaL_183.jpg,Groundnut,LSEaL,closed,d78a207f3979c330,Leaf Spot
Z:\Projects\Smart-Farming\Datasets\final_combined_datasets\GLFCE\LSEaL\GLFCE_LSEaL_184.jpg,Groundnut,LSEaL,closed,deb6be9001e1e0d9,Leaf Spot
Z:\Projects\Smart-Farming\Datasets\final_combined_datasets\GLFCE\LSEaL\GLFCE_LSEaL_185.jpg,Groundnut,LSEaL,closed,84bf6485788c5e37,Leaf Spot
Z:\Projects\Smart-Farming\Datasets\final_combined_datasets\GLFCE\LSEaL\GLFCE_LSEaL_186.jpg,Groundnut,LSEaL,closed,cec1f4d66901153f,Leaf Spot
Z:\Projects\Smart-Farming\Datasets\final_combined_datasets\GLFCE\LSEaL\GLFCE_LSEaL_396.jpg,Groundnut,LSEaL,closed,d6f262b479991255,Leaf Spot
Z:\Projects\Smart-Farming\Datasets\final_combined_datasets\GLFCE\LSEaL\GLFCE_LSEaL_187.jpg,Groundnut,LSEaL,closed,f5bd980ca8d872cc,Leaf Spot
Z:\Projects\Smart-Farming\Datasets\final_combined_datasets\GLFCE\LSEaL\GLFCE_LSEaL_188.jpg,Groundnut,LSEaL,closed,d7b3243cc7c035cc,Leaf Spot
Z:\Projects\Smart-Farming\Datasets\final_combined_datasets\GLFCE\LSEaL\GLFCE_LSEaL_189.jpg,Groundnut,LSEaL,closed,c3a8f897d8e09b4a,Leaf Spot
Z:\Projects\Smart-Farming\Datasets\final_combined_datasets\GLFCE\LSEaL\GLFCE_LSEaL_190.jpg,Groundnut,LSEaL,closed,d2e66f3d8101957a,Leaf Spot
Z:\Projects\Smart-Farming\Datasets\final_combined_datasets\GLFCE\LSEaL\GLFCE_LSEaL_191.jpg,Groundnut,LSEaL,closed,d3ac6307196aad71,Leaf Spot
Z:\Projects\Smart-Farming\Datasets\final_combined_datasets\GLFCE\LSEaL\GLFCE_LSEaL_192.jpg,Groundnut,LSEaL,closed,d5e4ad6c0129cbd3,Leaf Spot
Z:\Projects\Smart-Farming\Datasets\final_combined_datasets\GLFCE\LSEaL\GLFCE_LSEaL_193.jpg,Groundnut,LSEaL,closed,eaa736d385aa1178,Leaf Spot
Z:\Projects\Smart-Farming\Datasets\final_combined_datasets\GLFCE\LSEaL\GLFCE_LSEaL_194.jpg,Groundnut,LSEaL,closed,f4c76c555cc2a64a,Leaf Spot
Z:\Projects\Smart-Farming\Datasets\final_combined_datasets\GLFCE\LSEaL\GLFCE_LSEaL_195.jpg,Groundnut,LSEaL,closed,86fe6695688c5c35,Leaf Spot
Z:\Projects\Smart-Farming\Datasets\final_combined_datasets\GLFCE\LSEaL\GLFCE_LSEaL_196.jpg,Groundnut,LSEaL,closed,c3ae6b03596aa571,Leaf Spot
Z:\Projects\Smart-Farming\Datasets\final_combined_datasets\GLFCE\LSEaL\GLFCE_LSEaL_197.jpg,Groundnut,LSEaL,closed,cbac685fbc263921,Leaf Spot
Z:\Projects\Smart-Farming\Datasets\final_combined_datasets\GLFCE\LSEaL\GLFCE_LSEaL_198.jpg,Groundnut,LSEaL,closed,b1b9b96f26ca4845,Leaf Spot
Z:\Projects\Smart-Farming\Datasets\final_combined_datasets\GLFCE\LSEaL\GLFCE_LSEaL_199.jpg,Groundnut,LSEaL,closed,d3a878959be0bcc8,Leaf Spot
Z:\Projects\Smart-Farming\Datasets\final_combined_datasets\GLFCE\LSEaL\GLFCE_LSEaL_200.jpg,Groundnut,LSEaL,closed,f5c5a968012bcbd3,Leaf Spot
Z:\Projects\Smart-Farming\Datasets\final_combined_datasets\GLFCE\LSEaL\GLFCE_LSEaL_201.jpg,Groundnut,LSEaL,closed,a3a373f405ce426d,Leaf Spot
Z:\Projects\Smart-Farming\Datasets\final_combined_datasets\GLFCE\LSEaL\GLFCE_LSEaL_397.jpg,Groundnut,LSEaL,closed,d5ea00866fd4abb8,Leaf Spot
Z:\Projects\Smart-Farming\Datasets\final_combined_datasets\GLFCE\LSEaL\GLFCE_LSEaL_202.jpg,Groundnut,LSEaL,closed,c77c60c26dbfc211,Leaf Spot
Z:\Projects\Smart-Farming\Datasets\final_combined_datasets\GLFCE\LSEaL\GLFCE_LSEaL_203.jpg,Groundnut,LSEaL,closed,beb1e4921bce9289,Leaf Spot
Z:\Projects\Smart-Farming\Datasets\final_combined_datasets\GLFCE\LSEaL\GLFCE_LSEaL_204.jpg,Groundnut,LSEaL,closed,fe4ee909d011da74,Leaf Spot
Z:\Projects\Smart-Farming\Datasets\final_combined_datasets\GLFCE\LSEaL\GLFCE_LSEaL_205.jpg,Groundnut,LSEaL,closed,d1f138f63cbf8022,Leaf Spot
Z:\Projects\Smart-Farming\Datasets\final_combined_datasets\GLFCE\LSEaL\GLFCE_LSEaL_206.jpg,Groundnut,LSEaL,closed,d6fe29bd3c032449,Leaf Spot
Z:\Projects\Smart-Farming\Datasets\final_combined_datasets\GLFCE\LSEaL\GLFCE_LSEaL_207.jpg,Groundnut,LSEaL,closed,8e3a655571868db6,Leaf Spot
Z:\Projects\Smart-Farming\Datasets\final_combined_datasets\GLFCE\LSEaL\GLFCE_LSEaL_208.jpg,Groundnut,LSEaL,closed,d1df701f80391ee1,Leaf Spot
Z:\Projects\Smart-Farming\Datasets\final_combined_datasets\GLFCE\LSEaL\GLFCE_LSEaL_209.jpg,Groundnut,LSEaL,closed,abc1942bbc21c37b,Leaf Spot
Z:\Projects\Smart-Farming\Datasets\final_combined_datasets\GLFCE\LSEaL\GLFCE_LSEaL_210.jpg,Groundnut,LSEaL,closed,d79e61717b389421,Leaf Spot
Z:\Projects\Smart-Farming\Datasets\final_combined_datasets\GLFCE\LSEaL\GLFCE_LSEaL_211.jpg,Groundnut,LSEaL,closed,f79e61717b308541,Leaf Spot
Z:\Projects\Smart-Farming\Datasets\final_combined_datasets\GLFCE\LSEaL\GLFCE_LSEaL_212.jpg,Groundnut,LSEaL,closed,ec3432eb9349564b,Leaf Spot
Z:\Projects\Smart-Farming\Datasets\final_combined_datasets\GLFCE\LSEaL\GLFCE_LSEaL_398.jpg,Groundnut,LSEaL,closed,dbb492a814fa0bab,Leaf Spot
Z:\Projects\Smart-Farming\Datasets\final_combined_datasets\GLFCE\LSEaL\GLFCE_LSEaL_213.jpg,Groundnut,LSEaL,closed,cbc1e291b48e1f9c,Leaf Spot
Z:\Projects\Smart-Farming\Datasets\final_combined_datasets\GLFCE\LSEaL\GLFCE_LSEaL_214.jpg,Groundnut,LSEaL,closed,d8a7e3a4ca408e7b,Leaf Spot
Z:\Projects\Smart-Farming\Datasets\final_combined_datasets\GLFCE\LSEaL\GLFCE_LSEaL_215.jpg,Groundnut,LSEaL,closed,d02b346cdaba259b,Leaf Spot
Z:\Projects\Smart-Farming\Datasets\final_combined_datasets\GLFCE\LSEaL\GLFCE_LSEaL_216.jpg,Groundnut,LSEaL,closed,f7d030ae2ccf9226,Leaf Spot
Z:\Projects\Smart-Farming\Datasets\final_combined_datasets\GLFCE\LSEaL\GLFCE_LSEaL_399.jpg,Groundnut,LSEaL,closed,d7a72ba06cc9b425,Leaf Spot
Z:\Projects\Smart-Farming\Datasets\final_combined_datasets\GLFCE\LSEaL\GLFCE_LSEaL_217.jpg,Groundnut,LSEaL,closed,aa90336ecd1137b9,Leaf Spot
Z:\Projects\Smart-Farming\Datasets\final_combined_datasets\GLFCE\LSEaL\GLFCE_LSEaL_218.jpg,Groundnut,LSEaL,closed,c2c770e4652ef4e1,Leaf Spot
Z:\Projects\Smart-Farming\Datasets\final_combined_datasets\GLFCE\LSEaL\GLFCE_LSEaL_219.jpg,Groundnut,LSEaL,closed,bfb243d17c69500d,Leaf Spot
Z:\Projects\Smart-Farming\Datasets\final_combined_datasets\GLFCE\LSEaL\GLFCE_LSEaL_220.jpg,Groundnut,LSEaL,closed,b5871632a47eeaa4,Leaf Spot
Z:\Projects\Smart-Farming\Datasets\final_combined_datasets\GLFCE\LSEaL\GLFCE_LSEaL_221.jpg,Groundnut,LSEaL,closed,a701c7994a62cabf,Leaf Spot
Z:\Projects\Smart-Farming\Datasets\final_combined_datasets\GLFCE\LSEaL\GLFCE_LSEaL_222.jpg,Groundnut,LSEaL,closed,eebd0140261f7af8,Leaf Spot
Z:\Projects\Smart-Farming\Datasets\final_combined_datasets\GLFCE\LSEaL\GLFCE_LSEaL_400.jpg,Groundnut,LSEaL,closed,d3eaad6dc8606c8a,Leaf Spot
Z:\Projects\Smart-Farming\Datasets\final_combined_datasets\GLFCE\LSEaL\GLFCE_LSEaL_223.jpg,Groundnut,LSEaL,closed,cf9f7ede8c088130,Leaf Spot
Z:\Projects\Smart-Farming\Datasets\final_combined_datasets\GLFCE\LSEaL\GLFCE_LSEaL_224.jpg,Groundnut,LSEaL,closed,9396e64964d057e5,Leaf Spot
Z:\Projects\Smart-Farming\Datasets\final_combined_datasets\GLFCE\LSEaL\GLFCE_LSEaL_225.jpg,Groundnut,LSEaL,closed,ca8c75c06878d6fa,Leaf Spot
Z:\Projects\Smart-Farming\Datasets\final_combined_datasets\GLFCE\LSEaL\GLFCE_LSEaL_226.jpg,Groundnut,LSEaL,closed,921d3c4b4fd1e2c3,Leaf Spot
Z:\Projects\Smart-Farming\Datasets\final_combined_datasets\GLFCE\LSEaL\GLFCE_LSEaL_227.jpg,Groundnut,LSEaL,closed,dabffcd888099170,Leaf Spot
Z:\Projects\Smart-Farming\Datasets\final_combined_datasets\GLFCE\LSEaL\GLFCE_LSEaL_228.jpg,Groundnut,LSEaL,closed,83dc7c5c6fc261c8,Leaf Spot
Z:\Projects\Smart-Farming\Datasets\final_combined_datasets\GLFCE\LSEaL\GLFCE_LSEaL_229.jpg,Groundnut,LSEaL,closed,f7826fc569f88221,Leaf Spot
Z:\Projects\Smart-Farming\Datasets\final_combined_datasets\GLFCE\LSEaL\GLFCE_LSEaL_401.jpg,Groundnut,LSEaL,closed,928b6f9d09fbb420,Leaf Spot
Z:\Projects\Smart-Farming\Datasets\final_combined_datasets\GLFCE\LSEaL\GLFCE_LSEaL_230.jpg,Groundnut,LSEaL,closed,db8c75c038780efa,Leaf Spot
Z:\Projects\Smart-Farming\Datasets\final_combined_datasets\GLFCE\LSEaL\GLFCE_LSEaL_231.jpg,Groundnut,LSEaL,closed,eb08252f2c938f5d,Leaf Spot
Z:\Projects\Smart-Farming\Datasets\final_combined_datasets\GLFCE\LSEaL\GLFCE_LSEaL_232.jpg,Groundnut,LSEaL,closed,9b84f760abea281d,Leaf Spot
Z:\Projects\Smart-Farming\Datasets\final_combined_datasets\GLFCE\LSEaL\GLFCE_LSEaL_233.jpg,Groundnut,LSEaL,closed,965e672939987589,Leaf Spot
Z:\Projects\Smart-Farming\Datasets\final_combined_datasets\GLFCE\LSEaL\GLFCE_LSEaL_234.jpg,Groundnut,LSEaL,closed,82ae6fa9798117f0,Leaf Spot
Z:\Projects\Smart-Farming\Datasets\final_combined_datasets\GLFCE\LSEaL\GLFCE_LSEaL_235.jpg,Groundnut,LSEaL,closed,f636255896a590f6,Leaf Spot
Z:\Projects\Smart-Farming\Datasets\final_combined_datasets\GLFCE\LSEaL\GLFCE_LSEaL_236.jpg,Groundnut,LSEaL,closed,867c27693b952599,Leaf Spot
Z:\Projects\Smart-Farming\Datasets\final_combined_datasets\GLFCE\LSEaL\GLFCE_LSEaL_237.jpg,Groundnut,LSEaL,closed,921d3f4b4df1e241,Leaf Spot
Z:\Projects\Smart-Farming\Datasets\final_combined_datasets\GLFCE\LSEaL\GLFCE_LSEaL_238.jpg,Groundnut,LSEaL,closed,cb16ba7c2c4b6a61,Leaf Spot
Z:\Projects\Smart-Farming\Datasets\final_combined_datasets\GLFCE\LSEaL\GLFCE_LSEaL_239.jpg,Groundnut,LSEaL,closed,d742616d4996659e,Leaf Spot
Z:\Projects\Smart-Farming\Datasets\final_combined_datasets\GLFCE\LSEaL\GLFCE_LSEaL_240.jpg,Groundnut,LSEaL,closed,86c7e485699a9f64,Leaf Spot
Z:\Projects\Smart-Farming\Datasets\final_combined_datasets\GLFCE\LSEaL\GLFCE_LSEaL_241.jpg,Groundnut,LSEaL,closed,8ff093566b522ab2,Leaf Spot
Z:\Projects\Smart-Farming\Datasets\final_combined_datasets\GLFCE\LSEaL\GLFCE_LSEaL_242.jpg,Groundnut,LSEaL,closed,d66e2878793b4703,Leaf Spot
Z:\Projects\Smart-Farming\Datasets\final_combined_datasets\GLFCE\LSEaL\GLFCE_LSEaL_243.jpg,Groundnut,LSEaL,closed,8687f5c1689a9766,Leaf Spot
Z:\Projects\Smart-Farming\Datasets\final_combined_datasets\GLFCE\LSEaL\GLFCE_LSEaL_244.jpg,Groundnut,LSEaL,closed,c14da35ed7805f91,Leaf Spot
Z:\Projects\Smart-Farming\Datasets\final_combined_datasets\GLFCE\LSEaL\GLFCE_LSEaL_245.jpg,Groundnut,LSEaL,closed,deec287079795701,Leaf Spot
Z:\Projects\Smart-Farming\Datasets\final_combined_datasets\GLFCE\LSEaL\GLFCE_LSEaL_246.jpg,Groundnut,LSEaL,closed,dede62e01eae3188,Leaf Spot
Z:\Projects\Smart-Farming\Datasets\final_combined_datasets\GLFCE\LSEaL\GLFCE_LSEaL_247.jpg,Groundnut,LSEaL,closed,cb3e2a51384b6ad5,Leaf Spot
Z:\Projects\Smart-Farming\Datasets\final_combined_datasets\GLFCE\LSEaL\GLFCE_LSEaL_248.jpg,Groundnut,LSEaL,closed,d7ec2169b8c0559b,Leaf Spot
Z:\Projects\Smart-Farming\Datasets\final_combined_datasets\GLFCE\LSEaL\GLFCE_LSEaL_249.jpg,Groundnut,LSEaL,closed,82b336bc7e721aa2,Leaf Spot
Z:\Projects\Smart-Farming\Datasets\final_combined_datasets\GLFCE\LSEaL\GLFCE_LSEaL_250.jpg,Groundnut,LSEaL,closed,f0eae0c31eb2e4c3,Leaf Spot
Z:\Projects\Smart-Farming\Datasets\final_combined_datasets\GLFCE\LSEaL\GLFCE_LSEaL_251.jpg,Groundnut,LSEaL,closed,998564d26d66d137,Leaf Spot
Z:\Projects\Smart-Farming\Datasets\final_combined_datasets\GLFCE\LSEaL\GLFCE_LSEaL_252.jpg,Groundnut,LSEaL,closed,bb227dd921c8c0dd,Leaf Spot
Z:\Projects\Smart-Farming\Datasets\final_combined_datasets\GLFCE\LSEaL\GLFCE_LSEaL_405.jpg,Groundnut,LSEaL,closed,d2a479e252e26575,Leaf Spot
Z:\Projects\Smart-Farming\Datasets\final_combined_datasets\GLFCE\LSEaL\GLFCE_LSEaL_253.jpg,Groundnut,LSEaL,closed,9a3a30036d7c479f,Leaf Spot
Z:\Projects\Smart-Farming\Datasets\final_combined_datasets\GLFCE\LSEaL\GLFCE_LSEaL_254.jpg,Groundnut,LSEaL,closed,923634076d7c479d,Leaf Spot
Z:\Projects\Smart-Farming\Datasets\final_combined_datasets\GLFCE\LSEaL\GLFCE_LSEaL_255.jpg,Groundnut,LSEaL,closed,998964d2796ed117,Leaf Spot
Z:\Projects\Smart-Farming\Datasets\final_combined_datasets\GLFCE\LSEaL\GLFCE_LSEaL_256.jpg,Groundnut,LSEaL,closed,e5e12b68680ef734,Leaf Spot
Z:\Projects\Smart-Farming\Datasets\final_combined_datasets\GLFCE\LSEaL\GLFCE_LSEaL_257.jpg,Groundnut,LSEaL,closed,c3d967904e638c3d,Leaf Spot
Z:\Projects\Smart-Farming\Datasets\final_combined_datasets\GLFCE\LSEaL\GLFCE_LSEaL_258.jpg,Groundnut,LSEaL,closed,9ba8e8a1ca87c25f,Leaf Spot
Z:\Projects\Smart-Farming\Datasets\final_combined_datasets\GLFCE\LSEaL\GLFCE_LSEaL_259.jpg,Groundnut,LSEaL,closed,c94d3e8660f4f4c6,Leaf Spot
Z:\Projects\Smart-Farming\Datasets\final_combined_datasets\GLFCE\LSEaL\GLFCE_LSEaL_260.jpg,Groundnut,LSEaL,closed,f6c52d8a34977621,Leaf Spot
Z:\Projects\Smart-Farming\Datasets\final_combined_datasets\GLFCE\LSEaL\GLFCE_LSEaL_261.jpg,Groundnut,LSEaL,closed,e28b2de618e192af,Leaf Spot
Z:\Projects\Smart-Farming\Datasets\final_combined_datasets\GLFCE\LSEaL\GLFCE_LSEaL_262.jpg,Groundnut,LSEaL,closed,d3f860fe64c1274c,Leaf Spot
Z:\Projects\Smart-Farming\Datasets\final_combined_datasets\GLFCE\LSEaL\GLFCE_LSEaL_263.jpg,Groundnut,LSEaL,closed,f09ee8ca17cc304f,Leaf Spot
Z:\Projects\Smart-Farming\Datasets\final_combined_datasets\GLFCE\LSEaL\GLFCE_LSEaL_264.jpg,Groundnut,LSEaL,closed,ce2a25d466c6d3c6,Leaf Spot
Z:\Projects\Smart-Farming\Datasets\final_combined_datasets\GLFCE\LSEaL\GLFCE_LSEaL_265.jpg,Groundnut,LSEaL,closed,9a8b26d66dd8d622,Leaf Spot
Z:\Projects\Smart-Farming\Datasets\final_combined_datasets\GLFCE\LSEaL\GLFCE_LSEaL_266.jpg,Groundnut,LSEaL,closed,9a8f26d66d68dc22,Leaf Spot
Z:\Projects\Smart-Farming\Datasets\final_combined_datasets\GLFCE\LSEaL\GLFCE_LSEaL_408.jpg,Groundnut,LSEaL,closed,c28a23e43f4f5770,Leaf Spot
Z:\Projects\Smart-Farming\Datasets\final_combined_datasets\GLFCE\LSEaL\GLFCE_LSEaL_267.jpg,Groundnut,LSEaL,closed,82a66fa479c90fd1,Leaf Spot
Z:\Projects\Smart-Farming\Datasets\final_combined_datasets\GLFCE\LSEaL\GLFCE_LSEaL_268.jpg,Groundnut,LSEaL,closed,fe8061830f963edc,Leaf Spot
Z:\Projects\Smart-Farming\Datasets\final_combined_datasets\GLFCE\LSEaL\GLFCE_LSEaL_269.jpg,Groundnut,LSEaL,closed,bfae74c0089e6b52,Leaf Spot
Z:\Projects\Smart-Farming\Datasets\final_combined_datasets\GLFCE\LSEaL\GLFCE_LSEaL_270.jpg,Groundnut,LSEaL,closed,eb732ac894cdc4e4,Leaf Spot
Z:\Projects\Smart-Farming\Datasets\final_combined_datasets\GLFCE\LSEaL\GLFCE_LSEaL_410.jpg,Groundnut,LSEaL,closed,d2dabe4a95866985,Leaf Spot
Z:\Projects\Smart-Farming\Datasets\final_combined_datasets\GLFCE\LSEaL\GLFCE_LSEaL_271.jpg,Groundnut,LSEaL,closed,dbca71406d93622f,Leaf Spot
Z:\Projects\Smart-Farming\Datasets\final_combined_datasets\GLFCE\LSEaL\GLFCE_LSEaL_272.jpg,Groundnut,LSEaL,closed,ca1d8c8d6ce9d6a2,Leaf Spot
Z:\Projects\Smart-Farming\Datasets\final_combined_datasets\GLFCE\LSEaL\GLFCE_LSEaL_273.jpg,Groundnut,LSEaL,closed,c31728947ceb8736,Leaf Spot
Z:\Projects\Smart-Farming\Datasets\final_combined_datasets\GLFCE\LSEaL\GLFCE_LSEaL_274.jpg,Groundnut,LSEaL,closed,dac86141699666bf,Leaf Spot
Z:\Projects\Smart-Farming\Datasets\final_combined_datasets\GLFCE\LSEaL\GLFCE_LSEaL_275.jpg,Groundnut,LSEaL,closed,8285371f6f91566a,Leaf Spot
Z:\Projects\Smart-Farming\Datasets\final_combined_datasets\GLFCE\LSEaL\GLFCE_LSEaL_276.jpg,Groundnut,LSEaL,closed,a888d656a2a767f1,Leaf Spot
Z:\Projects\Smart-Farming\Datasets\final_combined_datasets\GLFCE\LSEaL\GLFCE_LSEaL_277.jpg,Groundnut,LSEaL,closed,abe520a18c9fd279,Leaf Spot
Z:\Projects\Smart-Farming\Datasets\final_combined_datasets\GLFCE\LSEaL\GLFCE_LSEaL_278.jpg,Groundnut,LSEaL,closed,f2d62aa949b664d2,Leaf Spot
Z:\Projects\Smart-Farming\Datasets\final_combined_datasets\GLFCE\LSEaL\GLFCE_LSEaL_279.jpg,Groundnut,LSEaL,closed,fba18c70a8f0bc3c,Leaf Spot
Z:\Projects\Smart-Farming\Datasets\final_combined_datasets\GLFCE\LSEaL\GLFCE_LSEaL_280.jpg,Groundnut,LSEaL,closed,c3f485d658926fc1,Leaf Spot
Z:\Projects\Smart-Farming\Datasets\final_combined_datasets\GLFCE\LSEaL\GLFCE_LSEaL_281.jpg,Groundnut,LSEaL,closed,cfa99496b230397a,Leaf Spot
Z:\Projects\Smart-Farming\Datasets\final_combined_datasets\GLFCE\LSEaL\GLFCE_LSEaL_282.jpg,Groundnut,LSEaL,closed,b61a6058f3eced44,Leaf Spot
Z:\Projects\Smart-Farming\Datasets\final_combined_datasets\GLFCE\LSEaL\GLFCE_LSEaL_283.jpg,Groundnut,LSEaL,closed,fa8fd49e52b0a115,Leaf Spot
Z:\Projects\Smart-Farming\Datasets\final_combined_datasets\GLFCE\LSEaL\GLFCE_LSEaL_284.jpg,Groundnut,LSEaL,closed,9ece694b5990e4b1,Leaf Spot
Z:\Projects\Smart-Farming\Datasets\final_combined_datasets\GLFCE\LSEaL\GLFCE_LSEaL_285.jpg,Groundnut,LSEaL,closed,f88240b81fb55bd3,Leaf Spot
Z:\Projects\Smart-Farming\Datasets\final_combined_datasets\GLFCE\LSEaL\GLFCE_LSEaL_286.jpg,Groundnut,LSEaL,closed,afafd2529aac8462,Leaf Spot
Z:\Projects\Smart-Farming\Datasets\final_combined_datasets\GLFCE\LSEaL\GLFCE_LSEaL_287.jpg,Groundnut,LSEaL,closed,c7967a322e2ff024,Leaf Spot
Z:\Projects\Smart-Farming\Datasets\final_combined_datasets\GLFCE\LSEaL\GLFCE_LSEaL_288.jpg,Groundnut,LSEaL,closed,b6b0d2d2332ee8c9,Leaf Spot
Z:\Projects\Smart-Farming\Datasets\final_combined_datasets\GLFCE\LSEaL\GLFCE_LSEaL_289.jpg,Groundnut,LSEaL,closed,a2d8613e3ece0337,Leaf Spot
Z:\Projects\Smart-Farming\Datasets\final_combined_datasets\GLFCE\LSEaL\GLFCE_LSEaL_290.jpg,Groundnut,LSEaL,closed,bfe8c5d1091f86c8,Leaf Spot
Z:\Projects\Smart-Farming\Datasets\final_combined_datasets\GLFCE\LSEaL\GLFCE_LSEaL_291.jpg,Groundnut,LSEaL,closed,b61820187be9eedc,Leaf Spot
Z:\Projects\Smart-Farming\Datasets\final_combined_datasets\GLFCE\LSEaL\GLFCE_LSEaL_292.jpg,Groundnut,LSEaL,closed,f4e42d4149826efb,Leaf Spot
Z:\Projects\Smart-Farming\Datasets\final_combined_datasets\GLFCE\LSEaL\GLFCE_LSEaL_293.jpg,Groundnut,LSEaL,closed,842661e13b97751f,Leaf Spot
Z:\Projects\Smart-Farming\Datasets\final_combined_datasets\GLFCE\LSEaL\GLFCE_LSEaL_294.jpg,Groundnut,LSEaL,closed,af9f97041378d0e1,Leaf Spot
Z:\Projects\Smart-Farming\Datasets\final_combined_datasets\GLFCE\LSEaL\GLFCE_LSEaL_295.jpg,Groundnut,LSEaL,closed,de3c230970926ee7,Leaf Spot
Z:\Projects\Smart-Farming\Datasets\final_combined_datasets\GLFCE\LSEaL\GLFCE_LSEaL_296.jpg,Groundnut,LSEaL,closed,d664642f2dd2d25a,Leaf Spot
Z:\Projects\Smart-Farming\Datasets\final_combined_datasets\GLFCE\LSEaL\GLFCE_LSEaL_297.jpg,Groundnut,LSEaL,closed,f7c25cd0ccb841ce,Leaf Spot
Z:\Projects\Smart-Farming\Datasets\final_combined_datasets\GLFCE\LSEaL\GLFCE_LSEaL_298.jpg,Groundnut,LSEaL,closed,8fe2e238a60f3276,Leaf Spot
Z:\Projects\Smart-Farming\Datasets\final_combined_datasets\GLFCE\LSEaL\GLFCE_LSEaL_299.jpg,Groundnut,LSEaL,closed,fae5b38900daaca3,Leaf Spot
Z:\Projects\Smart-Farming\Datasets\final_combined_datasets\GLFCE\LSEaL\GLFCE_LSEaL_300.jpg,Groundnut,LSEaL,closed,d6c667804b97f229,Leaf Spot
Z:\Projects\Smart-Farming\Datasets\final_combined_datasets\GLFCE\LSEaL\GLFCE_LSEaL_301.jpg,Groundnut,LSEaL,closed,922f60b869dabbb0,Leaf Spot
Z:\Projects\Smart-Farming\Datasets\final_combined_datasets\GLFCE\LSEaL\GLFCE_LSEaL_302.jpg,Groundnut,LSEaL,closed,c0851ef1eb6c7712,Leaf Spot
Z:\Projects\Smart-Farming\Datasets\final_combined_datasets\GLFCE\LSEaL\GLFCE_LSEaL_303.jpg,Groundnut,LSEaL,closed,d288e3791631ae6b,Leaf Spot
Z:\Projects\Smart-Farming\Datasets\final_combined_datasets\GLFCE\LSEaL\GLFCE_LSEaL_304.jpg,Groundnut,LSEaL,closed,e98a67f8365d8306,Leaf Spot
Z:\Projects\Smart-Farming\Datasets\final_combined_datasets\GLFCE\LSEaL\GLFCE_LSEaL_305.jpg,Groundnut,LSEaL,closed,faa07add1fc28544,Leaf Spot
Z:\Projects\Smart-Farming\Datasets\final_combined_datasets\GLFCE\LSEaL\GLFCE_LSEaL_306.jpg,Groundnut,LSEaL,closed,96e0a4f16f92471d,Leaf Spot
Z:\Projects\Smart-Farming\Datasets\final_combined_datasets\GLFCE\LSEaL\GLFCE_LSEaL_307.jpg,Groundnut,LSEaL,closed,fca427c3b08dc30f,Leaf Spot
Z:\Projects\Smart-Farming\Datasets\final_combined_datasets\GLFCE\LSEaL\GLFCE_LSEaL_308.jpg,Groundnut,LSEaL,closed,f2ff2cb4651e401a,Leaf Spot
Z:\Projects\Smart-Farming\Datasets\final_combined_datasets\GLFCE\LSEaL\GLFCE_LSEaL_309.jpg,Groundnut,LSEaL,closed,9d846d75cb71908e,Leaf Spot
Z:\Projects\Smart-Farming\Datasets\final_combined_datasets\GLFCE\LSEaL\GLFCE_LSEaL_310.jpg,Groundnut,LSEaL,closed,f89a353029ddc07e,Leaf Spot
Z:\Projects\Smart-Farming\Datasets\final_combined_datasets\GLFCE\LSEaL\GLFCE_LSEaL_311.jpg,Groundnut,LSEaL,closed,9784e64d6cd37521,Leaf Spot
Z:\Projects\Smart-Farming\Datasets\final_combined_datasets\GLFCE\LSEaL\GLFCE_LSEaL_312.jpg,Groundnut,LSEaL,closed,d6f821bd3ec32449,Leaf Spot
Z:\Projects\Smart-Farming\Datasets\final_combined_datasets\GLFCE\LSEaL\GLFCE_LSEaL_313.jpg,Groundnut,LSEaL,closed,fb8594d461919a3e,Leaf Spot
Z:\Projects\Smart-Farming\Datasets\final_combined_datasets\GLFCE\LSEaL\GLFCE_LSEaL_314.jpg,Groundnut,LSEaL,closed,db78407cc1d325c7,Leaf Spot
Z:\Projects\Smart-Farming\Datasets\final_combined_datasets\GLFCE\LSEaL\GLFCE_LSEaL_315.jpg,Groundnut,LSEaL,closed,96067cad6bb66065,Leaf Spot
Z:\Projects\Smart-Farming\Datasets\final_combined_datasets\GLFCE\LSEaL\GLFCE_LSEaL_316.jpg,Groundnut,LSEaL,closed,c39d6cf82ccd846c,Leaf Spot
Z:\Projects\Smart-Farming\Datasets\final_combined_datasets\GLFCE\LSEaL\GLFCE_LSEaL_317.jpg,Groundnut,LSEaL,closed,d22e2b81b2b655bc,Leaf Spot
Z:\Projects\Smart-Farming\Datasets\final_combined_datasets\GLFCE\LSEaL\GLFCE_LSEaL_318.jpg,Groundnut,LSEaL,closed,f4e40d4b09967e9a,Leaf Spot
Z:\Projects\Smart-Farming\Datasets\final_combined_datasets\GLFCE\LSEaL\GLFCE_LSEaL_319.jpg,Groundnut,LSEaL,closed,c2296d9058db365f,Leaf Spot
Z:\Projects\Smart-Farming\Datasets\final_combined_datasets\GLFCE\LSEaL\GLFCE_LSEaL_320.jpg,Groundnut,LSEaL,closed,d4682f8916c77d45,Leaf Spot
Z:\Projects\Smart-Farming\Datasets\final_combined_datasets\GLFCE\LSEaL\GLFCE_LSEaL_321.jpg,Groundnut,LSEaL,closed,96de6ea568188a75,Leaf Spot
Z:\Projects\Smart-Farming\Datasets\final_combined_datasets\GLFCE\LSEaL\GLFCE_LSEaL_322.jpg,Groundnut,LSEaL,closed,d0c32e7f1bd18329,Leaf Spot
Z:\Projects\Smart-Farming\Datasets\final_combined_datasets\GLFCE\LSEaL\GLFCE_LSEaL_323.jpg,Groundnut,LSEaL,closed,c5d37e322fa2f404,Leaf Spot
Z:\Projects\Smart-Farming\Datasets\final_combined_datasets\GLFCE\LSEaL\GLFCE_LSEaL_324.jpg,Groundnut,LSEaL,closed,c8c83c76a2676b8b,Leaf Spot
Z:\Projects\Smart-Farming\Datasets\final_combined_datasets\GLFCE\LSEaL\GLFCE_LSEaL_325.jpg,Groundnut,LSEaL,closed,f7c06b6679039721,Leaf Spot
Z:\Projects\Smart-Farming\Datasets\final_combined_datasets\GLFCE\LSEaL\GLFCE_LSEaL_326.jpg,Groundnut,LSEaL,closed,c7963235385c7a2d,Leaf Spot
Z:\Projects\Smart-Farming\Datasets\final_combined_datasets\GLFCE\LSEaL\GLFCE_LSEaL_327.jpg,Groundnut,LSEaL,closed,f8ab2cb42648c75d,Leaf Spot
Z:\Projects\Smart-Farming\Datasets\final_combined_datasets\GLFCE\LSEaL\GLFCE_LSEaL_328.jpg,Groundnut,LSEaL,closed,f732551dcaa55846,Leaf Spot
Z:\Projects\Smart-Farming\Datasets\final_combined_datasets\GLFCE\LSEaL\GLFCE_LSEaL_329.jpg,Groundnut,LSEaL,closed,a4f8e5e9c897844d,Leaf Spot
Z:\Projects\Smart-Farming\Datasets\final_combined_datasets\GLFCE\LSEaL\GLFCE_LSEaL_330.jpg,Groundnut,LSEaL,closed,dae4c0416ddb630f,Leaf Spot
Z:\Projects\Smart-Farming\Datasets\final_combined_datasets\GLFCE\LSEaL\GLFCE_LSEaL_331.jpg,Groundnut,LSEaL,closed,ca0c61ea6d73728d,Leaf Spot
Z:\Projects\Smart-Farming\Datasets\final_combined_datasets\GLFCE\LSEaL\GLFCE_LSEaL_332.jpg,Groundnut,LSEaL,closed,cbcb31d40deb9324,Leaf Spot
Z:\Projects\Smart-Farming\Datasets\final_combined_datasets\GLFCE\LSEaL\GLFCE_LSEaL_333.jpg,Groundnut,LSEaL,closed,cd1e1f41e2dc2b58,Leaf Spot
Z:\Projects\Smart-Farming\Datasets\final_combined_datasets\GLFCE\LSEaL\GLFCE_LSEaL_334.jpg,Groundnut,LSEaL,closed,dcf13c0fa54b324c,Leaf Spot
Z:\Projects\Smart-Farming\Datasets\final_combined_datasets\GLFCE\LSEaL\GLFCE_LSEaL_335.jpg,Groundnut,LSEaL,closed,92b3747e6e56442c,Leaf Spot
Z:\Projects\Smart-Farming\Datasets\final_combined_datasets\GLFCE\LSEaL\GLFCE_LSEaL_336.jpg,Groundnut,LSEaL,closed,f3146baaade0c866,Leaf Spot
Z:\Projects\Smart-Farming\Datasets\final_combined_datasets\GLFCE\LSEaL\GLFCE_LSEaL_337.jpg,Groundnut,LSEaL,closed,d68626eabcf09067,Leaf Spot
Z:\Projects\Smart-Farming\Datasets\final_combined_datasets\GLFCE\LSEaL\GLFCE_LSEaL_338.jpg,Groundnut,LSEaL,closed,ae93a21b60b338f9,Leaf Spot
Z:\Projects\Smart-Farming\Datasets\final_combined_datasets\GLFCE\LSEaL\GLFCE_LSEaL_339.jpg,Groundnut,LSEaL,closed,c2b2a7b5498a367c,Leaf Spot
Z:\Projects\Smart-Farming\Datasets\final_combined_datasets\GLFCE\LSEaL\GLFCE_LSEaL_340.jpg,Groundnut,LSEaL,closed,b4fc65c14b9e422d,Leaf Spot
Z:\Projects\Smart-Farming\Datasets\final_combined_datasets\GLFCE\LSEaL\GLFCE_LSEaL_341.jpg,Groundnut,LSEaL,closed,d3faa2811f3ad470,Leaf Spot
Z:\Projects\Smart-Farming\Datasets\final_combined_datasets\GLFCE\LSEaL\GLFCE_LSEaL_342.jpg,Groundnut,LSEaL,closed,d287a74269d6272d,Leaf Spot
Z:\Projects\Smart-Farming\Datasets\final_combined_datasets\GLFCE\LSEaL\GLFCE_LSEaL_343.jpg,Groundnut,LSEaL,closed,d6b2f5c1f81ae301,Leaf Spot
Z:\Projects\Smart-Farming\Datasets\final_combined_datasets\GLFCE\LSEaL\GLFCE_LSEaL_344.jpg,Groundnut,LSEaL,closed,9b537096786e54cc,Leaf Spot
Z:\Projects\Smart-Farming\Datasets\final_combined_datasets\GLFCE\LSEaL\GLFCE_LSEaL_345.jpg,Groundnut,LSEaL,closed,f0d875f52142d633,Leaf Spot
Z:\Projects\Smart-Farming\Datasets\final_combined_datasets\GLFCE\LSEaL\GLFCE_LSEaL_346.jpg,Groundnut,LSEaL,closed,82b227394f9e76c8,Leaf Spot
Z:\Projects\Smart-Farming\Datasets\final_combined_datasets\GLFCE\LSEaL\GLFCE_LSEaL_347.jpg,Groundnut,LSEaL,closed,a5f32cb3e90c1356,Leaf Spot
Z:\Projects\Smart-Farming\Datasets\final_combined_datasets\GLFCE\LSEaL\GLFCE_LSEaL_348.jpg,Groundnut,LSEaL,closed,9e6fe07879900979,Leaf Spot
Z:\Projects\Smart-Farming\Datasets\final_combined_datasets\GLFCE\LSEaL\GLFCE_LSEaL_349.jpg,Groundnut,LSEaL,closed,f2ca75553540d63a,Leaf Spot
Z:\Projects\Smart-Farming\Datasets\final_combined_datasets\GLFCE\LSEaL\GLFCE_LSEaL_350.jpg,Groundnut,LSEaL,closed,8eb60c1dced066a7,Leaf Spot
Z:\Projects\Smart-Farming\Datasets\final_combined_datasets\GLFCE\LSEaL\GLFCE_LSEaL_351.jpg,Groundnut,LSEaL,closed,948e68f36b9425c7,Leaf Spot
Z:\Projects\Smart-Farming\Datasets\final_combined_datasets\GLFCE\LSEaL\GLFCE_LSEaL_352.jpg,Groundnut,LSEaL,closed,9b1370bc686c55ec,Leaf Spot
Z:\Projects\Smart-Farming\Datasets\final_combined_datasets\GLFCE\LSEaL\GLFCE_LSEaL_353.jpg,Groundnut,LSEaL,closed,aff8f48281871e1e,Leaf Spot
Z:\Projects\Smart-Farming\Datasets\final_combined_datasets\GLFCE\LSEaL\GLFCE_LSEaL_354.jpg,Groundnut,LSEaL,closed,baa1f09b5997c628,Leaf Spot
Z:\Projects\Smart-Farming\Datasets\final_combined_datasets\GLFCE\LSEaL\GLFCE_LSEaL_355.jpg,Groundnut,LSEaL,closed,b78f68834bc2fc60,Leaf Spot
Z:\Projects\Smart-Farming\Datasets\final_combined_datasets\GLFCE\LSEaL\GLFCE_LSEaL_356.jpg,Groundnut,LSEaL,closed,f9de20afd810d2d1,Leaf Spot
Z:\Projects\Smart-Farming\Datasets\final_combined_datasets\GLFCE\LSEaL\GLFCE_LSEaL_357.jpg,Groundnut,LSEaL,closed,f3d3a26364223da5,Leaf Spot
Z:\Projects\Smart-Farming\Datasets\final_combined_datasets\GLFCE\LSEaL\GLFCE_LSEaL_358.jpg,Groundnut,LSEaL,closed,95c06293b1a62ff5,Leaf Spot
Z:\Projects\Smart-Farming\Datasets\final_combined_datasets\GLFCE\LSEaL\GLFCE_LSEaL_359.jpg,Groundnut,LSEaL,closed,edb016fef6e43004,Leaf Spot
Z:\Projects\Smart-Farming\Datasets\final_combined_datasets\GLFCE\LSEaL\GLFCE_LSEaL_360.jpg,Groundnut,LSEaL,closed,f0be14e13d583e29,Leaf Spot
Z:\Projects\Smart-Farming\Datasets\final_combined_datasets\GLFCE\LSEaL\GLFCE_LSEaL_361.jpg,Groundnut,LSEaL,closed,f0be04e11c5a2fe9,Leaf Spot
Z:\Projects\Smart-Farming\Datasets\final_combined_datasets\GLFCE\LSEaL\GLFCE_LSEaL_362.jpg,Groundnut,LSEaL,closed,c6c427ea681a596f,Leaf Spot
Z:\Projects\Smart-Farming\Datasets\final_combined_datasets\GLFCE\LSEaL\GLFCE_LSEaL_363.jpg,Groundnut,LSEaL,closed,86b7645eec130e6a,Leaf Spot
Z:\Projects\Smart-Farming\Datasets\final_combined_datasets\GLFCE\LSEaL\GLFCE_LSEaL_364.jpg,Groundnut,LSEaL,closed,c1532cb62ecd532b,Leaf Spot
Z:\Projects\Smart-Farming\Datasets\final_combined_datasets\GLFCE\LSEaL\GLFCE_LSEaL_365.jpg,Groundnut,LSEaL,closed,c0483f1626ff71ca,Leaf Spot
Z:\Projects\Smart-Farming\Datasets\final_combined_datasets\GLFCE\LSEaL\GLFCE_LSEaL_366.jpg,Groundnut,LSEaL,closed,9e806b513dd0c17f,Leaf Spot
Z:\Projects\Smart-Farming\Datasets\final_combined_datasets\GLFCE\LSEaL\GLFCE_LSEaL_438.jpg,Groundnut,LSEaL,closed,dfa5a00ee0d19778,Leaf Spot
Z:\Projects\Smart-Farming\Datasets\final_combined_datasets\GLFCE\LSEaL\GLFCE_LSEaL_439.jpg,Groundnut,LSEaL,closed,cb8f98c25c8a16af,Leaf Spot
Z:\Projects\Smart-Farming\Datasets\final_combined_datasets\GLFCE\LSEaL\GLFCE_LSEaL_440.jpg,Groundnut,LSEaL,closed,b30360e16dda5f85,Leaf Spot
Z:\Projects\Smart-Farming\Datasets\final_combined_datasets\GLFCE\LSEaL\GLFCE_LSEaL_441.jpg,Groundnut,LSEaL,closed,db526966ad736051,Leaf Spot
Z:\Projects\Smart-Farming\Datasets\final_combined_datasets\GLFCE\LSEaL\GLFCE_LSEaL_367.jpg,Groundnut,LSEaL,closed,868ce0ffb5292bc1,Leaf Spot
Z:\Projects\Smart-Farming\Datasets\final_combined_datasets\GLFCE\LSEaL\GLFCE_LSEaL_378.jpg,Groundnut,LSEaL,closed,d6a06770691a8f37,Leaf Spot
Z:\Projects\Smart-Farming\Datasets\final_combined_datasets\GLFCE\LSEaL\GLFCE_LSEaL_381.jpg,Groundnut,LSEaL,closed,93ae27257d8f11c8,Leaf Spot
Z:\Projects\Smart-Farming\Datasets\final_combined_datasets\GLFCE\LSEaL\GLFCE_LSEaL_369.jpg,Groundnut,LSEaL,closed,fefd248b91b23844,Leaf Spot
Z:\Projects\Smart-Farming\Datasets\final_combined_datasets\GLFCE\LSEaL\GLFCE_LSEaL_384.jpg,Groundnut,LSEaL,closed,f5fa427236a8c833,Leaf Spot
Z:\Projects\Smart-Farming\Datasets\final_combined_datasets\GLFCE\LSEaL\GLFCE_LSEaL_004.jpg,Groundnut,LSEaL,closed,c082ed780d9f93f4,Leaf Spot
Z:\Projects\Smart-Farming\Datasets\final_combined_datasets\GLFCE\LSEaL\GLFCE_LSEaL_005.jpg,Groundnut,LSEaL,closed,8e3f60da6993095d,Leaf Spot
Z:\Projects\Smart-Farming\Datasets\final_combined_datasets\GLFCE\LSEaL\GLFCE_LSEaL_006.jpg,Groundnut,LSEaL,closed,fcd9e7d0285894e8,Leaf Spot
Z:\Projects\Smart-Farming\Datasets\final_combined_datasets\GLFCE\LSEaL\GLFCE_LSEaL_007.jpg,Groundnut,LSEaL,closed,81f0e3b9b3853372,Leaf Spot
Z:\Projects\Smart-Farming\Datasets\final_combined_datasets\GLFCE\LSEaL\GLFCE_LSEaL_010.jpg,Groundnut,LSEaL,closed,87d479dc6dca6148,Leaf Spot
Z:\Projects\Smart-Farming\Datasets\final_combined_datasets\GLFCE\LSEaL\GLFCE_LSEaL_013.jpg,Groundnut,LSEaL,closed,f1c339db3408ccb9,Leaf Spot
Z:\Projects\Smart-Farming\Datasets\final_combined_datasets\GLFCE\LSEaL\GLFCE_LSEaL_014.jpg,Groundnut,LSEaL,closed,ab843e1e2c9e47cc,Leaf Spot
Z:\Projects\Smart-Farming\Datasets\final_combined_datasets\GLFCE\LSEaL\GLFCE_LSEaL_015.jpg,Groundnut,LSEaL,closed,be9c86059bf8c1e1,Leaf Spot
Z:\Projects\Smart-Farming\Datasets\final_combined_datasets\GLFCE\LSEaL\GLFCE_LSEaL_016.jpg,Groundnut,LSEaL,closed,ead4e9ed4085991d,Leaf Spot
Z:\Projects\Smart-Farming\Datasets\final_combined_datasets\GLFCE\LSEaL\GLFCE_LSEaL_017.jpg,Groundnut,LSEaL,closed,8ff9e0c94c934956,Leaf Spot
Z:\Projects\Smart-Farming\Datasets\final_combined_datasets\GLFCE\LSEaL\GLFCE_LSEaL_019.jpg,Groundnut,LSEaL,closed,a32b246caae26e9b,Leaf Spot
Z:\Projects\Smart-Farming\Datasets\final_combined_datasets\GLFCE\LSEaL\GLFCE_LSEaL_020.jpg,Groundnut,LSEaL,closed,fc90afc5a958b0a9,Leaf Spot
Z:\Projects\Smart-Farming\Datasets\final_combined_datasets\GLFCE\LSEaL\GLFCE_LSEaL_021.jpg,Groundnut,LSEaL,closed,ead449ede8c59119,Leaf Spot
Z:\Projects\Smart-Farming\Datasets\final_combined_datasets\GLFCE\LSEaL\GLFCE_LSEaL_023.jpg,Groundnut,LSEaL,closed,ce9cf0de516440eb,Leaf Spot
Z:\Projects\Smart-Farming\Datasets\final_combined_datasets\GLFCE\LSEaL\GLFCE_LSEaL_024.jpg,Groundnut,LSEaL,closed,f9ba6309168b95d1,Leaf Spot
Z:\Projects\Smart-Farming\Datasets\final_combined_datasets\GLFCE\LSEaL\GLFCE_LSEaL_025.jpg,Groundnut,LSEaL,closed,dbc079db6d14b608,Leaf Spot
Z:\Projects\Smart-Farming\Datasets\final_combined_datasets\GLFCE\LSEaL\GLFCE_LSEaL_026.jpg,Groundnut,LSEaL,closed,c4fce7462991d067,Leaf Spot
Z:\Projects\Smart-Farming\Datasets\final_combined_datasets\GLFCE\LSEaL\GLFCE_LSEaL_028.jpg,Groundnut,LSEaL,closed,97af2e3c1c669464,Leaf Spot
Z:\Projects\Smart-Farming\Datasets\final_combined_datasets\GLFCE\LSEaL\GLFCE_LSEaL_029.jpg,Groundnut,LSEaL,closed,faa472302dd5dce0,Leaf Spot
Z:\Projects\Smart-Farming\Datasets\final_combined_datasets\GLFCE\LSEaL\GLFCE_LSEaL_030.jpg,Groundnut,LSEaL,closed,80b1a91de386dd6b,Leaf Spot
Z:\Projects\Smart-Farming\Datasets\final_combined_datasets\GLFCE\LSEaL\GLFCE_LSEaL_031.jpg,Groundnut,LSEaL,closed,c6f6e6466991d066,Leaf Spot
Z:\Projects\Smart-Farming\Datasets\final_combined_datasets\GLFCE\LSEaL\GLFCE_LSEaL_032.jpg,Groundnut,LSEaL,closed,f28f77c238974e20,Leaf Spot
Z:\Projects\Smart-Farming\Datasets\final_combined_datasets\GLFCE\LSEaL\GLFCE_LSEaL_033.jpg,Groundnut,LSEaL,closed,e488a6e2acab5c1f,Leaf Spot
Z:\Projects\Smart-Farming\Datasets\final_combined_datasets\GLFCE\LSEaL\GLFCE_LSEaL_034.jpg,Groundnut,LSEaL,closed,c93db61fe09a74c0,Leaf Spot
Z:\Projects\Smart-Farming\Datasets\final_combined_datasets\GLFCE\LSEaL\GLFCE_LSEaL_035.jpg,Groundnut,LSEaL,closed,e5c95ad656a89646,Leaf Spot
Z:\Projects\Smart-Farming\Datasets\final_combined_datasets\GLFCE\LSEaL\GLFCE_LSEaL_036.jpg,Groundnut,LSEaL,closed,fa6c66edb6c26030,Leaf Spot
Z:\Projects\Smart-Farming\Datasets\final_combined_datasets\GLFCE\LSEaL\GLFCE_LSEaL_037.jpg,Groundnut,LSEaL,closed,d7dc7cc3002515f3,Leaf Spot
Z:\Projects\Smart-Farming\Datasets\final_combined_datasets\GLFCE\LSEaL\GLFCE_LSEaL_038.jpg,Groundnut,LSEaL,closed,82818f0de386fd6b,Leaf Spot
Z:\Projects\Smart-Farming\Datasets\final_combined_datasets\GLFCE\LSEaL\GLFCE_LSEaL_039.jpg,Groundnut,LSEaL,closed,c3dc7dc0382131fb,Leaf Spot
Z:\Projects\Smart-Farming\Datasets\final_combined_datasets\GLFCE\LSEaL\GLFCE_LSEaL_040.jpg,Groundnut,LSEaL,closed,898234e3f29af275,Leaf Spot
Z:\Projects\Smart-Farming\Datasets\final_combined_datasets\GLFCE\LSEaL\GLFCE_LSEaL_043.jpg,Groundnut,LSEaL,closed,888be1eb9dc246bc,Leaf Spot
Z:\Projects\Smart-Farming\Datasets\final_combined_datasets\GLFCE\LSEaL\GLFCE_LSEaL_044.jpg,Groundnut,LSEaL,closed,edb110e0b2dff034,Leaf Spot
Z:\Projects\Smart-Farming\Datasets\final_combined_datasets\GLFCE\LSEaL\GLFCE_LSEaL_045.jpg,Groundnut,LSEaL,closed,be8061fe588b85b5,Leaf Spot
Z:\Projects\Smart-Farming\Datasets\final_combined_datasets\GLFCE\LSEaL\GLFCE_LSEaL_047.jpg,Groundnut,LSEaL,closed,8f1db4096177d3e0,Leaf Spot
Z:\Projects\Smart-Farming\Datasets\final_combined_datasets\GLFCE\LSEaL\GLFCE_LSEaL_048.jpg,Groundnut,LSEaL,closed,d6f262b0399b1a4d,Leaf Spot
Z:\Projects\Smart-Farming\Datasets\final_combined_datasets\GLFCE\LSEaL\GLFCE_LSEaL_049.jpg,Groundnut,LSEaL,closed,e28b7d704a3887d6,Leaf Spot
Z:\Projects\Smart-Farming\Datasets\final_combined_datasets\GLFCE\LSEaL\GLFCE_LSEaL_050.jpg,Groundnut,LSEaL,closed,9260631d35f26b6e,Leaf Spot
Z:\Projects\Smart-Farming\Datasets\final_combined_datasets\GLFCE\LSEaL\GLFCE_LSEaL_051.jpg,Groundnut,LSEaL,closed,ce86fcfc21bce018,Leaf Spot
Z:\Projects\Smart-Farming\Datasets\final_combined_datasets\GLFCE\LSEaL\GLFCE_LSEaL_052.jpg,Groundnut,LSEaL,closed,f250f0c3798e5c0f,Leaf Spot
Z:\Projects\Smart-Farming\Datasets\final_combined_datasets\GLFCE\LSEaL\GLFCE_LSEaL_055.jpg,Groundnut,LSEaL,closed,868336b549cf9669,Leaf Spot
Z:\Projects\Smart-Farming\Datasets\final_combined_datasets\GLFCE\LSEaL\GLFCE_LSEaL_056.jpg,Groundnut,LSEaL,closed,e38aa1e4354e53f4,Leaf Spot
Z:\Projects\Smart-Farming\Datasets\final_combined_datasets\GLFCE\LSEaL\GLFCE_LSEaL_057.jpg,Groundnut,LSEaL,closed,d5b3ec8b29c4b02b,Leaf Spot
Z:\Projects\Smart-Farming\Datasets\final_combined_datasets\GLFCE\LSEaL\GLFCE_LSEaL_059.jpg,Groundnut,LSEaL,closed,d4b6edc1b81ce10b,Leaf Spot
Z:\Projects\Smart-Farming\Datasets\final_combined_datasets\GLFCE\LSEaL\GLFCE_LSEaL_060.jpg,Groundnut,LSEaL,closed,d7b679c1b81ce103,Leaf Spot
Z:\Projects\Smart-Farming\Datasets\final_combined_datasets\GLFCE\LSEaL\GLFCE_LSEaL_061.jpg,Groundnut,LSEaL,closed,f19b235d5439a362,Leaf Spot
Z:\Projects\Smart-Farming\Datasets\final_combined_datasets\GLFCE\LSEaL\GLFCE_LSEaL_062.jpg,Groundnut,LSEaL,closed,dba53d88b292649e,Leaf Spot
Z:\Projects\Smart-Farming\Datasets\final_combined_datasets\GLFCE\LSEaL\GLFCE_LSEaL_063.jpg,Groundnut,LSEaL,closed,ce86fcbc25b86219,Leaf Spot
Z:\Projects\Smart-Farming\Datasets\final_combined_datasets\GLFCE\LSEaL\GLFCE_LSEaL_064.jpg,Groundnut,LSEaL,closed,d0960a59bc95ccee,Leaf Spot
Z:\Projects\Smart-Farming\Datasets\final_combined_datasets\GLFCE\LSEaL\GLFCE_LSEaL_065.jpg,Groundnut,LSEaL,closed,aafe1007cbf0f3c0,Leaf Spot
Z:\Projects\Smart-Farming\Datasets\final_combined_datasets\GLFCE\LSEaL\GLFCE_LSEaL_066.jpg,Groundnut,LSEaL,closed,b7cb38d0e81dd522,Leaf Spot
Z:\Projects\Smart-Farming\Datasets\final_combined_datasets\GLFCE\LSEaL\GLFCE_LSEaL_067.jpg,Groundnut,LSEaL,closed,d6a96ccb2ed56890,Leaf Spot
Z:\Projects\Smart-Farming\Datasets\final_combined_datasets\GLFCE\LSEaL\GLFCE_LSEaL_068.jpg,Groundnut,LSEaL,closed,f0c071e5a9a9872f,Leaf Spot
Z:\Projects\Smart-Farming\Datasets\final_combined_datasets\GLFCE\LSEaL\GLFCE_LSEaL_069.jpg,Groundnut,LSEaL,closed,886879b8b6f469c3,Leaf Spot
Z:\Projects\Smart-Farming\Datasets\final_combined_datasets\GLFCE\LSEaL\GLFCE_LSEaL_070.jpg,Groundnut,LSEaL,closed,abba580349fad3c4,Leaf Spot
Z:\Projects\Smart-Farming\Datasets\final_combined_datasets\GLFCE\LSEaL\GLFCE_LSEaL_071.jpg,Groundnut,LSEaL,closed,dba73d0a6897c066,Leaf Spot
Z:\Projects\Smart-Farming\Datasets\final_combined_datasets\GLFCE\LSEaL\GLFCE_LSEaL_073.jpg,Groundnut,LSEaL,closed,eecc549a3313da19,Leaf Spot
Z:\Projects\Smart-Farming\Datasets\final_combined_datasets\GLFCE\LSEaL\GLFCE_LSEaL_074.jpg,Groundnut,LSEaL,closed,d223741fb88f6a4c,Leaf Spot
Z:\Projects\Smart-Farming\Datasets\final_combined_datasets\GLFCE\LSEaL\GLFCE_LSEaL_076.jpg,Groundnut,LSEaL,closed,fd828817fc04eb2b,Leaf Spot
Z:\Projects\Smart-Farming\Datasets\final_combined_datasets\GLFCE\LSEaL\GLFCE_LSEaL_077.jpg,Groundnut,LSEaL,closed,eda0813de86f7612,Leaf Spot
Z:\Projects\Smart-Farming\Datasets\final_combined_datasets\GLFCE\LSEaL\GLFCE_LSEaL_078.jpg,Groundnut,LSEaL,closed,9c8c60f8a33aba9b,Leaf Spot
Z:\Projects\Smart-Farming\Datasets\final_combined_datasets\GLFCE\LSEaL\GLFCE_LSEaL_079.jpg,Groundnut,LSEaL,closed,c999917562eaa556,Leaf Spot
Z:\Projects\Smart-Farming\Datasets\final_combined_datasets\GLFCE\LSEaL\GLFCE_LSEaL_080.jpg,Groundnut,LSEaL,closed,899bb11563e8ada5,Leaf Spot
Z:\Projects\Smart-Farming\Datasets\final_combined_datasets\GLFCE\LSEaL\GLFCE_LSEaL_081.jpg,Groundnut,LSEaL,closed,cec874983f13c2d9,Leaf Spot
Z:\Projects\Smart-Farming\Datasets\final_combined_datasets\GLFCE\LSEaL\GLFCE_LSEaL_082.jpg,Groundnut,LSEaL,closed,fe8560c899e57712,Leaf Spot
Z:\Projects\Smart-Farming\Datasets\final_combined_datasets\GLFCE\LSEaL\GLFCE_LSEaL_083.jpg,Groundnut,LSEaL,closed,962e237079f95f40,Leaf Spot
Z:\Projects\Smart-Farming\Datasets\final_combined_datasets\GLFCE\LSEaL\GLFCE_LSEaL_084.jpg,Groundnut,LSEaL,closed,b2fa7cf10c1b0b98,Leaf Spot
Z:\Projects\Smart-Farming\Datasets\final_combined_datasets\GLFCE\LSEaL\GLFCE_LSEaL_085.jpg,Groundnut,LSEaL,closed,917a34a656c9b1b5,Leaf Spot
Z:\Projects\Smart-Farming\Datasets\final_combined_datasets\GLFCE\LSEaL\GLFCE_LSEaL_086.jpg,Groundnut,LSEaL,closed,b2fa7ca10d3b2998,Leaf Spot
Z:\Projects\Smart-Farming\Datasets\final_combined_datasets\GLFCE\LSEaL\GLFCE_LSEaL_087.jpg,Groundnut,LSEaL,closed,ffe1736464bc8013,Leaf Spot
Z:\Projects\Smart-Farming\Datasets\final_combined_datasets\GLFCE\LSEaL\GLFCE_LSEaL_089.jpg,Groundnut,LSEaL,closed,c0816a5b975573ae,Leaf Spot
Z:\Projects\Smart-Farming\Datasets\final_combined_datasets\GLFCE\LSEaL\GLFCE_LSEaL_090.jpg,Groundnut,LSEaL,closed,bf9f6d8348429c61,Leaf Spot
Z:\Projects\Smart-Farming\Datasets\final_combined_datasets\GLFCE\LSEaL\GLFCE_LSEaL_091.jpg,Groundnut,LSEaL,closed,c2a3f4914f7a670c,Leaf Spot
Z:\Projects\Smart-Farming\Datasets\final_combined_datasets\GLFCE\LSEaL\GLFCE_LSEaL_092.jpg,Groundnut,LSEaL,closed,be8161fe11c2c5e5,Leaf Spot
Z:\Projects\Smart-Farming\Datasets\final_combined_datasets\GLFCE\LSEaL\GLFCE_LSEaL_094.jpg,Groundnut,LSEaL,closed,8066ed338bbc9587,Leaf Spot
Z:\Projects\Smart-Farming\Datasets\final_combined_datasets\GLFCE\LSEaL\GLFCE_LSEaL_095.jpg,Groundnut,LSEaL,closed,e1275487d4f4e8d8,Leaf Spot
Z:\Projects\Smart-Farming\Datasets\final_combined_datasets\GLFCE\LSEaL\GLFCE_LSEaL_097.jpg,Groundnut,LSEaL,closed,9bb178bea4c13361,Leaf Spot
Z:\Projects\Smart-Farming\Datasets\final_combined_datasets\GLFCE\LSEaL\GLFCE_LSEaL_098.jpg,Groundnut,LSEaL,closed,937224a656cbb335,Leaf Spot
Z:\Projects\Smart-Farming\Datasets\final_combined_datasets\GLFCE\LSEaL\GLFCE_LSEaL_099.jpg,Groundnut,LSEaL,closed,84787db8b6b469c1,Leaf Spot
Z:\Projects\Smart-Farming\Datasets\final_combined_datasets\GLFCE\LSEaL\GLFCE_LSEaL_100.jpg,Groundnut,LSEaL,closed,d2282dbc7d96b047,Leaf Spot
Z:\Projects\Smart-Farming\Datasets\final_combined_datasets\GLFCE\LSEaL\GLFCE_LSEaL_101.jpg,Groundnut,LSEaL,closed,979ee0c07ef054ac,Leaf Spot
Z:\Projects\Smart-Farming\Datasets\final_combined_datasets\GLFCE\LSEaL\GLFCE_LSEaL_104.jpg,Groundnut,LSEaL,closed,8fbd3d493e106296,Leaf Spot
Z:\Projects\Smart-Farming\Datasets\final_combined_datasets\GLFCE\LSEaL\GLFCE_LSEaL_105.jpg,Groundnut,LSEaL,closed,9fb378bcc1413263,Leaf Spot
Z:\Projects\Smart-Farming\Datasets\final_combined_datasets\GLFCE\LSEaL\GLFCE_LSEaL_107.jpg,Groundnut,LSEaL,closed,bb34fe6876f0c808,Leaf Spot
Z:\Projects\Smart-Farming\Datasets\final_combined_datasets\GLFCE\LSEaL\GLFCE_LSEaL_108.jpg,Groundnut,LSEaL,closed,8efef13e782020f8,Leaf Spot
Z:\Projects\Smart-Farming\Datasets\final_combined_datasets\GLFCE\LSEaL\GLFCE_LSEaL_110.jpg,Groundnut,LSEaL,closed,d26c6ccbe1978607,Leaf Spot
Z:\Projects\Smart-Farming\Datasets\final_combined_datasets\GLFCE\LSEaL\GLFCE_LSEaL_111.jpg,Groundnut,LSEaL,closed,f08df7c268974e22,Leaf Spot
Z:\Projects\Smart-Farming\Datasets\final_combined_datasets\GLFCE\LSEaL\GLFCE_LSEaL_112.jpg,Groundnut,LSEaL,closed,8feef01e7c2420ec,Leaf Spot
Z:\Projects\Smart-Farming\Datasets\final_combined_datasets\GLFCE\LSEaL\GLFCE_LSEaL_113.jpg,Groundnut,LSEaL,closed,d388e379163194e7,Leaf Spot
Z:\Projects\Smart-Farming\Datasets\final_combined_datasets\GLFCE\LSEaL\GLFCE_LSEaL_114.jpg,Groundnut,LSEaL,closed,cbe924c33e64a1ab,Leaf Spot
Z:\Projects\Smart-Farming\Datasets\final_combined_datasets\GLFCE\LSEaL\GLFCE_LSEaL_115.jpg,Groundnut,LSEaL,closed,f3e5b49c30d3a0e1,Leaf Spot
Z:\Projects\Smart-Farming\Datasets\final_combined_datasets\GLFCE\LSEaL\GLFCE_LSEaL_116.jpg,Groundnut,LSEaL,closed,ff6173643498d113,Leaf Spot
Z:\Projects\Smart-Farming\Datasets\final_combined_datasets\GLUE\ELS\GLUE_ELS_348.JPG,Groundnut,ELS,uncontrolled,d287021cc7da3ccf,Leaf Spot
Z:\Projects\Smart-Farming\Datasets\final_combined_datasets\GLUE\ELS\GLUE_ELS_349.JPG,Groundnut,ELS,uncontrolled,a7d3e2da4f413e01,Leaf Spot
Z:\Projects\Smart-Farming\Datasets\final_combined_datasets\GLUE\ELS\GLUE_ELS_350.JPG,Groundnut,ELS,uncontrolled,8d0a30e26967f6d3,Leaf Spot
Z:\Projects\Smart-Farming\Datasets\final_combined_datasets\GLUE\ELS\GLUE_ELS_351.JPG,Groundnut,ELS,uncontrolled,a65660ecdcf03e32,Leaf Spot
Z:\Projects\Smart-Farming\Datasets\final_combined_datasets\GLUE\ELS\GLUE_ELS_352.JPG,Groundnut,ELS,uncontrolled,d2307ed2f4b6906a,Leaf Spot
Z:\Projects\Smart-Farming\Datasets\final_combined_datasets\GLUE\ELS\GLUE_ELS_353.JPG,Groundnut,ELS,uncontrolled,e916af015c6f265a,Leaf Spot
Z:\Projects\Smart-Farming\Datasets\final_combined_datasets\GLUE\ELS\GLUE_ELS_354.JPG,Groundnut,ELS,uncontrolled,861d825be8b487f9,Leaf Spot
Z:\Projects\Smart-Farming\Datasets\final_combined_datasets\GLUE\ELS\GLUE_ELS_355.JPG,Groundnut,ELS,uncontrolled,9cb91b1a8c0237fe,Leaf Spot
Z:\Projects\Smart-Farming\Datasets\final_combined_datasets\GLUE\ELS\GLUE_ELS_356.JPG,Groundnut,ELS,uncontrolled,9cc9718df16f1423,Leaf Spot
Z:\Projects\Smart-Farming\Datasets\final_combined_datasets\GLUE\ELS\GLUE_ELS_357.JPG,Groundnut,ELS,uncontrolled,fcd0a26b9f024ba5,Leaf Spot
Z:\Projects\Smart-Farming\Datasets\final_combined_datasets\GLUE\ELS\GLUE_ELS_358.JPG,Groundnut,ELS,uncontrolled,88ade0dbae44375a,Leaf Spot
Z:\Projects\Smart-Farming\Datasets\final_combined_datasets\GLUE\ELS\GLUE_ELS_359.JPG,Groundnut,ELS,uncontrolled,b0a5e7759b7a280a,Leaf Spot
Z:\Projects\Smart-Farming\Datasets\final_combined_datasets\GLUE\ELS\GLUE_ELS_360.JPG,Groundnut,ELS,uncontrolled,b9af9584f98458c5,Leaf Spot
Z:\Projects\Smart-Farming\Datasets\final_combined_datasets\GLUE\ELS\GLUE_ELS_361.JPG,Groundnut,ELS,uncontrolled,f3e145a617da288d,Leaf Spot
Z:\Projects\Smart-Farming\Datasets\final_combined_datasets\GLUE\ELS\GLUE_ELS_362.JPG,Groundnut,ELS,uncontrolled,e9f12ceb9a0311d3,Leaf Spot
Z:\Projects\Smart-Farming\Datasets\final_combined_datasets\GLUE\ELS\GLUE_ELS_363.JPG,Groundnut,ELS,uncontrolled,9e2c022057f569fb,Leaf Spot
Z:\Projects\Smart-Farming\Datasets\final_combined_datasets\GLUE\ELS\GLUE_ELS_364.JPG,Groundnut,ELS,uncontrolled,df702a160df0b41f,Leaf Spot
Z:\Projects\Smart-Farming\Datasets\final_combined_datasets\GLUE\ELS\GLUE_ELS_365.JPG,Groundnut,ELS,uncontrolled,dbfba079de010199,Leaf Spot
Z:\Projects\Smart-Farming\Datasets\final_combined_datasets\GLUE\ELS\GLUE_ELS_366.JPG,Groundnut,ELS,uncontrolled,a907355e50fdd8c4,Leaf Spot
Z:\Projects\Smart-Farming\Datasets\final_combined_datasets\GLUE\ELS\GLUE_ELS_367.JPG,Groundnut,ELS,uncontrolled,cfcc653a8f21d852,Leaf Spot
Z:\Projects\Smart-Farming\Datasets\final_combined_datasets\GLUE\ELS\GLUE_ELS_368.JPG,Groundnut,ELS,uncontrolled,9d487bf1f8108ea5,Leaf Spot
Z:\Projects\Smart-Farming\Datasets\final_combined_datasets\GLUE\ELS\GLUE_ELS_369.JPG,Groundnut,ELS,uncontrolled,987bb3111d8c3756,Leaf Spot
Z:\Projects\Smart-Farming\Datasets\final_combined_datasets\GLUE\ELS\GLUE_ELS_370.JPG,Groundnut,ELS,uncontrolled,e83787438cb851be,Leaf Spot
Z:\Projects\Smart-Farming\Datasets\final_combined_datasets\GLUE\ELS\GLUE_ELS_371.JPG,Groundnut,ELS,uncontrolled,bd01f17914c76e61,Leaf Spot
Z:\Projects\Smart-Farming\Datasets\final_combined_datasets\GLUE\ELS\GLUE_ELS_372.JPG,Groundnut,ELS,uncontrolled,b217133ff80e47e0,Leaf Spot
Z:\Projects\Smart-Farming\Datasets\final_combined_datasets\GLUE\ELS\GLUE_ELS_373.JPG,Groundnut,ELS,uncontrolled,a938f441f237630f,Leaf Spot
Z:\Projects\Smart-Farming\Datasets\final_combined_datasets\GLUE\ELS\GLUE_ELS_374.JPG,Groundnut,ELS,uncontrolled,bf2909d6e26116e5,Leaf Spot
Z:\Projects\Smart-Farming\Datasets\final_combined_datasets\GLUE\ELS\GLUE_ELS_375.JPG,Groundnut,ELS,uncontrolled,a0b33bce5e582627,Leaf Spot
Z:\Projects\Smart-Farming\Datasets\final_combined_datasets\GLUE\ELS\GLUE_ELS_376.JPG,Groundnut,ELS,uncontrolled,849136e7e34f1b1c,Leaf Spot
Z:\Projects\Smart-Farming\Datasets\final_combined_datasets\GLUE\ELS\GLUE_ELS_377.JPG,Groundnut,ELS,uncontrolled,f6b20e930cc721fc,Leaf Spot
Z:\Projects\Smart-Farming\Datasets\final_combined_datasets\GLUE\ELS\GLUE_ELS_378.JPG,Groundnut,ELS,uncontrolled,8e1c75386bf55868,Leaf Spot
Z:\Projects\Smart-Farming\Datasets\final_combined_datasets\GLUE\ELS\GLUE_ELS_379.JPG,Groundnut,ELS,uncontrolled,f5c67405ebe70e01,Leaf Spot
Z:\Projects\Smart-Farming\Datasets\final_combined_datasets\GLUE\ELS\GLUE_ELS_380.JPG,Groundnut,ELS,uncontrolled,fb4227c40c28e7b7,Leaf Spot
Z:\Projects\Smart-Farming\Datasets\final_combined_datasets\GLUE\ELS\GLUE_ELS_381.JPG,Groundnut,ELS,uncontrolled,97cce107cdb00e57,Leaf Spot
Z:\Projects\Smart-Farming\Datasets\final_combined_datasets\GLUE\ELS\GLUE_ELS_382.JPG,Groundnut,ELS,uncontrolled,de6ac41964c5352f,Leaf Spot
Z:\Projects\Smart-Farming\Datasets\final_combined_datasets\GLUE\ELS\GLUE_ELS_383.JPG,Groundnut,ELS,uncontrolled,f9e60eb0d088a5fc,Leaf Spot
Z:\Projects\Smart-Farming\Datasets\final_combined_datasets\GLUE\ELS\GLUE_ELS_384.JPG,Groundnut,ELS,uncontrolled,bc4833bfcc961698,Leaf Spot
Z:\Projects\Smart-Farming\Datasets\final_combined_datasets\GLUE\ELS\GLUE_ELS_385.JPG,Groundnut,ELS,uncontrolled,e3b86731fe178250,Leaf Spot
Z:\Projects\Smart-Farming\Datasets\final_combined_datasets\GLUE\ELS\GLUE_ELS_386.JPG,Groundnut,ELS,uncontrolled,fb20c2b3e2c1a5ea,Leaf Spot
Z:\Projects\Smart-Farming\Datasets\final_combined_datasets\GLUE\ELS\GLUE_ELS_387.JPG,Groundnut,ELS,uncontrolled,a9a4f14a2ce8fd07,Leaf Spot
Z:\Projects\Smart-Farming\Datasets\final_combined_datasets\GLUE\ELS\GLUE_ELS_388.JPG,Groundnut,ELS,uncontrolled,a82ec135f8cf78d0,Leaf Spot
Z:\Projects\Smart-Farming\Datasets\final_combined_datasets\GLUE\ELS\GLUE_ELS_389.JPG,Groundnut,ELS,uncontrolled,c89fcba1f40f5704,Leaf Spot
Z:\Projects\Smart-Farming\Datasets\final_combined_datasets\GLUE\ELS\GLUE_ELS_390.JPG,Groundnut,ELS,uncontrolled,e5986ba5c4735478,Leaf Spot
Z:\Projects\Smart-Farming\Datasets\final_combined_datasets\GLUE\ELS\GLUE_ELS_391.JPG,Groundnut,ELS,uncontrolled,eb301452da9bf22b,Leaf Spot
Z:\Projects\Smart-Farming\Datasets\final_combined_datasets\GLUE\ELS\GLUE_ELS_392.JPG,Groundnut,ELS,uncontrolled,eb3113eaa9996cc4,Leaf Spot
Z:\Projects\Smart-Farming\Datasets\final_combined_datasets\GLUE\ELS\GLUE_ELS_393.JPG,Groundnut,ELS,uncontrolled,ec3964e4de0fc071,Leaf Spot
Z:\Projects\Smart-Farming\Datasets\final_combined_datasets\GLUE\ELS\GLUE_ELS_394.JPG,Groundnut,ELS,uncontrolled,ebeb248dd06ec832,Leaf Spot
Z:\Projects\Smart-Farming\Datasets\final_combined_datasets\GLUE\ELS\GLUE_ELS_395.JPG,Groundnut,ELS,uncontrolled,f93c76674f181298,Leaf Spot
Z:\Projects\Smart-Farming\Datasets\final_combined_datasets\GLUE\ELS\GLUE_ELS_396.JPG,Groundnut,ELS,uncontrolled,cf94444ee167a46b,Leaf Spot
Z:\Projects\Smart-Farming\Datasets\final_combined_datasets\GLUE\ELS\GLUE_ELS_397.JPG,Groundnut,ELS,uncontrolled,9c53a7e05e07e85a,Leaf Spot
Z:\Projects\Smart-Farming\Datasets\final_combined_datasets\GLUE\ELS\GLUE_ELS_398.JPG,Groundnut,ELS,uncontrolled,cb946a6be1240f73,Leaf Spot
Z:\Projects\Smart-Farming\Datasets\final_combined_datasets\GLUE\ELS\GLUE_ELS_399.JPG,Groundnut,ELS,uncontrolled,dae8a9be919b5806,Leaf Spot
Z:\Projects\Smart-Farming\Datasets\final_combined_datasets\GLUE\ELS\GLUE_ELS_400.JPG,Groundnut,ELS,uncontrolled,98d7231f4259f4e8,Leaf Spot
Z:\Projects\Smart-Farming\Datasets\final_combined_datasets\GLUE\ELS\GLUE_ELS_401.JPG,Groundnut,ELS,uncontrolled,c16835e11499a5ff,Leaf Spot
Z:\Projects\Smart-Farming\Datasets\final_combined_datasets\GLUE\ELS\GLUE_ELS_402.JPG,Groundnut,ELS,uncontrolled,889c2391fe7b5c62,Leaf Spot
Z:\Projects\Smart-Farming\Datasets\final_combined_datasets\GLUE\ELS\GLUE_ELS_403.JPG,Groundnut,ELS,uncontrolled,c2a8753515fada85,Leaf Spot
Z:\Projects\Smart-Farming\Datasets\final_combined_datasets\GLUE\ELS\GLUE_ELS_404.JPG,Groundnut,ELS,uncontrolled,c3b1757b14c7ca84,Leaf Spot
Z:\Projects\Smart-Farming\Datasets\final_combined_datasets\GLUE\ELS\GLUE_ELS_405.JPG,Groundnut,ELS,uncontrolled,cbb74a640aee554a,Leaf Spot
Z:\Projects\Smart-Farming\Datasets\final_combined_datasets\GLUE\ELS\GLUE_ELS_406.JPG,Groundnut,ELS,uncontrolled,dd6a5ef01e70e218,Leaf Spot
Z:\Projects\Smart-Farming\Datasets\final_combined_datasets\GLUE\ELS\GLUE_ELS_407.JPG,Groundnut,ELS,uncontrolled,c062e516d5b72f23,Leaf Spot
Z:\Projects\Smart-Farming\Datasets\final_combined_datasets\GLUE\ELS\GLUE_ELS_408.JPG,Groundnut,ELS,uncontrolled,ab0e70631c33ec3b,Leaf Spot
Z:\Projects\Smart-Farming\Datasets\final_combined_datasets\GLUE\ELS\GLUE_ELS_409.JPG,Groundnut,ELS,uncontrolled,8725e333c75f608c,Leaf Spot
Z:\Projects\Smart-Farming\Datasets\final_combined_datasets\GLUE\ELS\GLUE_ELS_410.JPG,Groundnut,ELS,uncontrolled,aa2fe60881bdf8e4,Leaf Spot
Z:\Projects\Smart-Farming\Datasets\final_combined_datasets\GLUE\ELS\GLUE_ELS_411.JPG,Groundnut,ELS,uncontrolled,8848e0ee7931bd1f,Leaf Spot
Z:\Projects\Smart-Farming\Datasets\final_combined_datasets\GLUE\ELS\GLUE_ELS_412.JPG,Groundnut,ELS,uncontrolled,c23927d9bc00f8b7,Leaf Spot
Z:\Projects\Smart-Farming\Datasets\final_combined_datasets\GLUE\ELS\GLUE_ELS_413.JPG,Groundnut,ELS,uncontrolled,dd6094961ce03f37,Leaf Spot
Z:\Projects\Smart-Farming\Datasets\final_combined_datasets\GLUE\ELS\GLUE_ELS_414.JPG,Groundnut,ELS,uncontrolled,d3e946d88cddaa41,Leaf Spot
Z:\Projects\Smart-Farming\Datasets\final_combined_datasets\GLUE\ELS\GLUE_ELS_415.JPG,Groundnut,ELS,uncontrolled,d979d16a8622f133,Leaf Spot
Z:\Projects\Smart-Farming\Datasets\final_combined_datasets\GLUE\ELS\GLUE_ELS_416.JPG,Groundnut,ELS,uncontrolled,cfb5167ab8f07a00,Leaf Spot
Z:\Projects\Smart-Farming\Datasets\final_combined_datasets\GLUE\ELS\GLUE_ELS_417.JPG,Groundnut,ELS,uncontrolled,bc9b5e944861ef44,Leaf Spot
Z:\Projects\Smart-Farming\Datasets\final_combined_datasets\GLUE\ELS\GLUE_ELS_418.JPG,Groundnut,ELS,uncontrolled,e8b4104bbc174baf,Leaf Spot
Z:\Projects\Smart-Farming\Datasets\final_combined_datasets\GLUE\ELS\GLUE_ELS_419.JPG,Groundnut,ELS,uncontrolled,ffa546c42e1e18f0,Leaf Spot
Z:\Projects\Smart-Farming\Datasets\final_combined_datasets\GLUE\ELS\GLUE_ELS_420.JPG,Groundnut,ELS,uncontrolled,dcbe2e5a040f0f5a,Leaf Spot
Z:\Projects\Smart-Farming\Datasets\final_combined_datasets\GLUE\ELS\GLUE_ELS_421.JPG,Groundnut,ELS,uncontrolled,afb2b649818371f1,Leaf Spot
Z:\Projects\Smart-Farming\Datasets\final_combined_datasets\GLUE\ELS\GLUE_ELS_422.JPG,Groundnut,ELS,uncontrolled,edfdc2802f92b648,Leaf Spot
Z:\Projects\Smart-Farming\Datasets\final_combined_datasets\GLUE\ELS\GLUE_ELS_423.JPG,Groundnut,ELS,uncontrolled,e8cb2eb25e40b69c,Leaf Spot
Z:\Projects\Smart-Farming\Datasets\final_combined_datasets\GLUE\ELS\GLUE_ELS_424.JPG,Groundnut,ELS,uncontrolled,ca7836669d341c4f,Leaf Spot
Z:\Projects\Smart-Farming\Datasets\final_combined_datasets\GLUE\ELS\GLUE_ELS_425.JPG,Groundnut,ELS,uncontrolled,d5dba6d8c9d62103,Leaf Spot
Z:\Projects\Smart-Farming\Datasets\final_combined_datasets\GLUE\ELS\GLUE_ELS_426.JPG,Groundnut,ELS,uncontrolled,d97923366796640b,Leaf Spot
Z:\Projects\Smart-Farming\Datasets\final_combined_datasets\GLUE\ELS\GLUE_ELS_427.JPG,Groundnut,ELS,uncontrolled,d07a6fbf4201f831,Leaf Spot
Z:\Projects\Smart-Farming\Datasets\final_combined_datasets\GLUE\ELS\GLUE_ELS_428.JPG,Groundnut,ELS,uncontrolled,c32127df1ce11c2f,Leaf Spot
Z:\Projects\Smart-Farming\Datasets\final_combined_datasets\GLUE\ELS\GLUE_ELS_429.JPG,Groundnut,ELS,uncontrolled,dcd163d1dca2d0a6,Leaf Spot
Z:\Projects\Smart-Farming\Datasets\final_combined_datasets\GLUE\ELS\GLUE_ELS_430.JPG,Groundnut,ELS,uncontrolled,c97d3eb701f00fc0,Leaf Spot
Z:\Projects\Smart-Farming\Datasets\final_combined_datasets\GLUE\ELS\GLUE_ELS_431.JPG,Groundnut,ELS,uncontrolled,d0273eaf9594a985,Leaf Spot
Z:\Projects\Smart-Farming\Datasets\final_combined_datasets\GLUE\ELS\GLUE_ELS_432.JPG,Groundnut,ELS,uncontrolled,ceca2b92d22994ed,Leaf Spot
Z:\Projects\Smart-Farming\Datasets\final_combined_datasets\GLUE\ELS\GLUE_ELS_433.JPG,Groundnut,ELS,uncontrolled,8c8e60bd72ef780a,Leaf Spot
Z:\Projects\Smart-Farming\Datasets\final_combined_datasets\GLUE\ELS\GLUE_ELS_434.JPG,Groundnut,ELS,uncontrolled,b0a178be38d3a1d5,Leaf Spot
Z:\Projects\Smart-Farming\Datasets\final_combined_datasets\GLUE\ELS\GLUE_ELS_435.JPG,Groundnut,ELS,uncontrolled,f8877f408a2f61c3,Leaf Spot
Z:\Projects\Smart-Farming\Datasets\final_combined_datasets\GLUE\ELS\GLUE_ELS_436.JPG,Groundnut,ELS,uncontrolled,8f4b72f01559ce98,Leaf Spot
Z:\Projects\Smart-Farming\Datasets\final_combined_datasets\GLUE\ELS\GLUE_ELS_437.JPG,Groundnut,ELS,uncontrolled,efb7a0e4da6a8601,Leaf Spot
Z:\Projects\Smart-Farming\Datasets\final_combined_datasets\GLUE\ELS\GLUE_ELS_438.JPG,Groundnut,ELS,uncontrolled,9a7b25615536ea1c,Leaf Spot
Z:\Projects\Smart-Farming\Datasets\final_combined_datasets\GLUE\ELS\GLUE_ELS_439.JPG,Groundnut,ELS,uncontrolled,b2715333d9ada48a,Leaf Spot
Z:\Projects\Smart-Farming\Datasets\final_combined_datasets\GLUE\ELS\GLUE_ELS_440.JPG,Groundnut,ELS,uncontrolled,a61aa085d1ee23bf,Leaf Spot
Z:\Projects\Smart-Farming\Datasets\final_combined_datasets\GLUE\ELS\GLUE_ELS_441.JPG,Groundnut,ELS,uncontrolled,dc3e4d41cb1d19c6,Leaf Spot
Z:\Projects\Smart-Farming\Datasets\final_combined_datasets\GLUE\ELS\GLUE_ELS_442.JPG,Groundnut,ELS,uncontrolled,92e252c3f31f6c2c,Leaf Spot
Z:\Projects\Smart-Farming\Datasets\final_combined_datasets\GLUE\ELS\GLUE_ELS_443.JPG,Groundnut,ELS,uncontrolled,ed2c63f0abd0951a,Leaf Spot
Z:\Projects\Smart-Farming\Datasets\final_combined_datasets\GLUE\ELS\GLUE_ELS_444.JPG,Groundnut,ELS,uncontrolled,dd087056bde13e0e,Leaf Spot
Z:\Projects\Smart-Farming\Datasets\final_combined_datasets\GLUE\ELS\GLUE_ELS_445.JPG,Groundnut,ELS,uncontrolled,9e4be04eeea51962,Leaf Spot
Z:\Projects\Smart-Farming\Datasets\final_combined_datasets\GLUE\ELS\GLUE_ELS_446.JPG,Groundnut,ELS,uncontrolled,dc1df6ac0de80497,Leaf Spot
Z:\Projects\Smart-Farming\Datasets\final_combined_datasets\GLUE\ELS\GLUE_ELS_447.JPG,Groundnut,ELS,uncontrolled,fa152adc8e9cd099,Leaf Spot
Z:\Projects\Smart-Farming\Datasets\final_combined_datasets\GLUE\ELS\GLUE_ELS_448.JPG,Groundnut,ELS,uncontrolled,d838f762c191b1cb,Leaf Spot
Z:\Projects\Smart-Farming\Datasets\final_combined_datasets\GLUE\ELS\GLUE_ELS_449.JPG,Groundnut,ELS,uncontrolled,8ebf6cf348114bb0,Leaf Spot
Z:\Projects\Smart-Farming\Datasets\final_combined_datasets\GLUE\ELS\GLUE_ELS_450.JPG,Groundnut,ELS,uncontrolled,da687508c9ee34dc,Leaf Spot
Z:\Projects\Smart-Farming\Datasets\final_combined_datasets\GLUE\ELS\GLUE_ELS_451.JPG,Groundnut,ELS,uncontrolled,9b37f7e30624116c,Leaf Spot
Z:\Projects\Smart-Farming\Datasets\final_combined_datasets\GLUE\ELS\GLUE_ELS_452.JPG,Groundnut,ELS,uncontrolled,caba7564817cc29b,Leaf Spot
Z:\Projects\Smart-Farming\Datasets\final_combined_datasets\GLUE\ELS\GLUE_ELS_453.JPG,Groundnut,ELS,uncontrolled,da2e368f8b903535,Leaf Spot
Z:\Projects\Smart-Farming\Datasets\final_combined_datasets\GLUE\ELS\GLUE_ELS_454.JPG,Groundnut,ELS,uncontrolled,d903a74982b55ee3,Leaf Spot
Z:\Projects\Smart-Farming\Datasets\final_combined_datasets\GLUE\ELS\GLUE_ELS_455.JPG,Groundnut,ELS,uncontrolled,c4246a377de23e70,Leaf Spot
Z:\Projects\Smart-Farming\Datasets\final_combined_datasets\GLUE\ELS\GLUE_ELS_456.JPG,Groundnut,ELS,uncontrolled,cd2af6a016161b6f,Leaf Spot
Z:\Projects\Smart-Farming\Datasets\final_combined_datasets\GLUE\ELS\GLUE_ELS_457.JPG,Groundnut,ELS,uncontrolled,ec1442e2f81d2fe5,Leaf Spot
Z:\Projects\Smart-Farming\Datasets\final_combined_datasets\GLUE\ELS\GLUE_ELS_458.JPG,Groundnut,ELS,uncontrolled,cb07768c169f3cc1,Leaf Spot
Z:\Projects\Smart-Farming\Datasets\final_combined_datasets\GLUE\ELS\GLUE_ELS_459.JPG,Groundnut,ELS,uncontrolled,c927f72092a5b1e5,Leaf Spot
Z:\Projects\Smart-Farming\Datasets\final_combined_datasets\GLUE\ELS\GLUE_ELS_460.JPG,Groundnut,ELS,uncontrolled,95286c4fcadc738c,Leaf Spot
Z:\Projects\Smart-Farming\Datasets\final_combined_datasets\GLUE\ELS\GLUE_ELS_461.JPG,Groundnut,ELS,uncontrolled,963536eac2a4cab5,Leaf Spot
Z:\Projects\Smart-Farming\Datasets\final_combined_datasets\GLUE\ELS\GLUE_ELS_462.JPG,Groundnut,ELS,uncontrolled,dc34667a2d8ae86c,Leaf Spot
Z:\Projects\Smart-Farming\Datasets\final_combined_datasets\GLUE\ELS\GLUE_ELS_463.JPG,Groundnut,ELS,uncontrolled,e92a2535dd371919,Leaf Spot
Z:\Projects\Smart-Farming\Datasets\final_combined_datasets\GLUE\ELS\GLUE_ELS_464.JPG,Groundnut,ELS,uncontrolled,f8c1e79d85051c3e,Leaf Spot
Z:\Projects\Smart-Farming\Datasets\final_combined_datasets\GLUE\ELS\GLUE_ELS_465.JPG,Groundnut,ELS,uncontrolled,8d0c77c893fc7262,Leaf Spot
Z:\Projects\Smart-Farming\Datasets\final_combined_datasets\GLUE\ELS\GLUE_ELS_466.JPG,Groundnut,ELS,uncontrolled,8d243fc197dc1b49,Leaf Spot
Z:\Projects\Smart-Farming\Datasets\final_combined_datasets\GLUE\ELS\GLUE_ELS_467.JPG,Groundnut,ELS,uncontrolled,f0f821860f531f9b,Leaf Spot
Z:\Projects\Smart-Farming\Datasets\final_combined_datasets\GLUE\ELS\GLUE_ELS_468.JPG,Groundnut,ELS,uncontrolled,c8b8357e7d810f19,Leaf Spot
Z:\Projects\Smart-Farming\Datasets\final_combined_datasets\GLUE\ELS\GLUE_ELS_469.JPG,Groundnut,ELS,uncontrolled,d63f571005dea4ac,Leaf Spot
Z:\Projects\Smart-Farming\Datasets\final_combined_datasets\GLUE\ELS\GLUE_ELS_470.JPG,Groundnut,ELS,uncontrolled,9c763a7bd2b90544,Leaf Spot
Z:\Projects\Smart-Farming\Datasets\final_combined_datasets\GLUE\ELS\GLUE_ELS_471.JPG,Groundnut,ELS,uncontrolled,c87c97af84b16c07,Leaf Spot
Z:\Projects\Smart-Farming\Datasets\final_combined_datasets\GLUE\ELS\GLUE_ELS_472.JPG,Groundnut,ELS,uncontrolled,cd3124f6dd0bd18a,Leaf Spot
Z:\Projects\Smart-Farming\Datasets\final_combined_datasets\GLUE\ELS\GLUE_ELS_473.JPG,Groundnut,ELS,uncontrolled,954d73be092158f5,Leaf Spot
Z:\Projects\Smart-Farming\Datasets\final_combined_datasets\GLUE\ELS\GLUE_ELS_474.JPG,Groundnut,ELS,uncontrolled,9de9a07d553c8352,Leaf Spot
Z:\Projects\Smart-Farming\Datasets\final_combined_datasets\GLUE\ELS\GLUE_ELS_475.JPG,Groundnut,ELS,uncontrolled,9c82721bd286cbde,Leaf Spot
Z:\Projects\Smart-Farming\Datasets\final_combined_datasets\GLUE\ELS\GLUE_ELS_903.JPG,Groundnut,ELS,uncontrolled,8838f302fdd4dc4b,Leaf Spot
Z:\Projects\Smart-Farming\Datasets\final_combined_datasets\GLUE\ELS\GLUE_ELS_476.JPG,Groundnut,ELS,uncontrolled,b38330f19b1661cf,Leaf Spot
Z:\Projects\Smart-Farming\Datasets\final_combined_datasets\GLUE\ELS\GLUE_ELS_477.JPG,Groundnut,ELS,uncontrolled,e93bf303e5308966,Leaf Spot
Z:\Projects\Smart-Farming\Datasets\final_combined_datasets\GLUE\ELS\GLUE_ELS_478.JPG,Groundnut,ELS,uncontrolled,924139672923d5bf,Leaf Spot
Z:\Projects\Smart-Farming\Datasets\final_combined_datasets\GLUE\ELS\GLUE_ELS_479.JPG,Groundnut,ELS,uncontrolled,f83d74d6986a1474,Leaf Spot
Z:\Projects\Smart-Farming\Datasets\final_combined_datasets\GLUE\ELS\GLUE_ELS_480.JPG,Groundnut,ELS,uncontrolled,e81c6f2392b7b0b2,Leaf Spot
Z:\Projects\Smart-Farming\Datasets\final_combined_datasets\GLUE\ELS\GLUE_ELS_481.JPG,Groundnut,ELS,uncontrolled,9a3a32c4e28e5ef1,Leaf Spot
Z:\Projects\Smart-Farming\Datasets\final_combined_datasets\GLUE\ELS\GLUE_ELS_482.JPG,Groundnut,ELS,uncontrolled,d082210dcceefdec,Leaf Spot
Z:\Projects\Smart-Farming\Datasets\final_combined_datasets\GLUE\ELS\GLUE_ELS_483.JPG,Groundnut,ELS,uncontrolled,b62d6a63d81adca4,Leaf Spot
Z:\Projects\Smart-Farming\Datasets\final_combined_datasets\GLUE\ELS\GLUE_ELS_484.JPG,Groundnut,ELS,uncontrolled,be3322e281dacbd8,Leaf Spot
Z:\Projects\Smart-Farming\Datasets\final_combined_datasets\GLUE\ELS\GLUE_ELS_485.JPG,Groundnut,ELS,uncontrolled,e5b333e05c9c3c8a,Leaf Spot
Z:\Projects\Smart-Farming\Datasets\final_combined_datasets\GLUE\ELS\GLUE_ELS_486.JPG,Groundnut,ELS,uncontrolled,d91e2b042649ff3a,Leaf Spot
Z:\Projects\Smart-Farming\Datasets\final_combined_datasets\GLUE\ELS\GLUE_ELS_487.JPG,Groundnut,ELS,uncontrolled,d007b55847796c97,Leaf Spot
Z:\Projects\Smart-Farming\Datasets\final_combined_datasets\GLUE\ELS\GLUE_ELS_488.JPG,Groundnut,ELS,uncontrolled,caa76d059e206cfc,Leaf Spot
Z:\Projects\Smart-Farming\Datasets\final_combined_datasets\GLUE\ELS\GLUE_ELS_489.JPG,Groundnut,ELS,uncontrolled,8ebd7e43d826314a,Leaf Spot
Z:\Projects\Smart-Farming\Datasets\final_combined_datasets\GLUE\ELS\GLUE_ELS_490.JPG,Groundnut,ELS,uncontrolled,999cf3f9042658bc,Leaf Spot
Z:\Projects\Smart-Farming\Datasets\final_combined_datasets\GLUE\ELS\GLUE_ELS_491.JPG,Groundnut,ELS,uncontrolled,9c93c6f8c546f017,Leaf Spot
Z:\Projects\Smart-Farming\Datasets\final_combined_datasets\GLUE\ELS\GLUE_ELS_492.JPG,Groundnut,ELS,uncontrolled,8b673b0d02f874b5,Leaf Spot
Z:\Projects\Smart-Farming\Datasets\final_combined_datasets\GLUE\ELS\GLUE_ELS_493.JPG,Groundnut,ELS,uncontrolled,a69278e39bd30bc8,Leaf Spot
Z:\Projects\Smart-Farming\Datasets\final_combined_datasets\GLUE\ELS\GLUE_ELS_494.JPG,Groundnut,ELS,uncontrolled,d80772e1c71adcd2,Leaf Spot
Z:\Projects\Smart-Farming\Datasets\final_combined_datasets\GLUE\ELS\GLUE_ELS_495.JPG,Groundnut,ELS,uncontrolled,dff4705249ab8b11,Leaf Spot
Z:\Projects\Smart-Farming\Datasets\final_combined_datasets\GLUE\ELS\GLUE_ELS_496.JPG,Groundnut,ELS,uncontrolled,914a3f838354aefc,Leaf Spot
Z:\Projects\Smart-Farming\Datasets\final_combined_datasets\GLUE\ELS\GLUE_ELS_497.JPG,Groundnut,ELS,uncontrolled,a34058f0c972bcdf,Leaf Spot
Z:\Projects\Smart-Farming\Datasets\final_combined_datasets\GLUE\ELS\GLUE_ELS_498.JPG,Groundnut,ELS,uncontrolled,914a3af7c91bc117,Leaf Spot
Z:\Projects\Smart-Farming\Datasets\final_combined_datasets\GLUE\ELS\GLUE_ELS_499.JPG,Groundnut,ELS,uncontrolled,ca01b75285d99b9d,Leaf Spot
Z:\Projects\Smart-Farming\Datasets\final_combined_datasets\GLUE\ELS\GLUE_ELS_500.JPG,Groundnut,ELS,uncontrolled,cf2a37fc99093c50,Leaf Spot
Z:\Projects\Smart-Farming\Datasets\final_combined_datasets\GLUE\ELS\GLUE_ELS_501.JPG,Groundnut,ELS,uncontrolled,c378e8b6fc4b09e0,Leaf Spot
Z:\Projects\Smart-Farming\Datasets\final_combined_datasets\GLUE\ELS\GLUE_ELS_502.JPG,Groundnut,ELS,uncontrolled,ca0db7928d2eb478,Leaf Spot
Z:\Projects\Smart-Farming\Datasets\final_combined_datasets\GLUE\ELS\GLUE_ELS_503.JPG,Groundnut,ELS,uncontrolled,c9f8e61f3c83b0a8,Leaf Spot
Z:\Projects\Smart-Farming\Datasets\final_combined_datasets\GLUE\ELS\GLUE_ELS_504.JPG,Groundnut,ELS,uncontrolled,da27b3c6998a828f,Leaf Spot
Z:\Projects\Smart-Farming\Datasets\final_combined_datasets\GLUE\ELS\GLUE_ELS_505.JPG,Groundnut,ELS,uncontrolled,cd633766351ec2b0,Leaf Spot
Z:\Projects\Smart-Farming\Datasets\final_combined_datasets\GLUE\ELS\GLUE_ELS_506.JPG,Groundnut,ELS,uncontrolled,cd2ef098bcd8a8cc,Leaf Spot
Z:\Projects\Smart-Farming\Datasets\final_combined_datasets\GLUE\ELS\GLUE_ELS_507.JPG,Groundnut,ELS,uncontrolled,c02897ff3818e36d,Leaf Spot
Z:\Projects\Smart-Farming\Datasets\final_combined_datasets\GLUE\ELS\GLUE_ELS_508.JPG,Groundnut,ELS,uncontrolled,cd17a3e6e50e6cc0,Leaf Spot
Z:\Projects\Smart-Farming\Datasets\final_combined_datasets\GLUE\ELS\GLUE_ELS_509.JPG,Groundnut,ELS,uncontrolled,edc00ca11a7e76da,Leaf Spot
Z:\Projects\Smart-Farming\Datasets\final_combined_datasets\GLUE\ELS\GLUE_ELS_510.JPG,Groundnut,ELS,uncontrolled,edc8173d022fe0e5,Leaf Spot
Z:\Projects\Smart-Farming\Datasets\final_combined_datasets\GLUE\ELS\GLUE_ELS_511.JPG,Groundnut,ELS,uncontrolled,e51314e8dedc12d9,Leaf Spot
Z:\Projects\Smart-Farming\Datasets\final_combined_datasets\GLUE\ELS\GLUE_ELS_512.JPG,Groundnut,ELS,uncontrolled,f5663d0303ece43c,Leaf Spot
Z:\Projects\Smart-Farming\Datasets\final_combined_datasets\GLUE\ELS\GLUE_ELS_513.JPG,Groundnut,ELS,uncontrolled,f0b531cc34e66333,Leaf Spot
Z:\Projects\Smart-Farming\Datasets\final_combined_datasets\GLUE\ELS\GLUE_ELS_514.JPG,Groundnut,ELS,uncontrolled,ad0d6341d9fc1ac3,Leaf Spot
Z:\Projects\Smart-Farming\Datasets\final_combined_datasets\GLUE\ELS\GLUE_ELS_515.JPG,Groundnut,ELS,uncontrolled,f9a838fc9a322935,Leaf Spot
Z:\Projects\Smart-Farming\Datasets\final_combined_datasets\GLUE\ELS\GLUE_ELS_516.JPG,Groundnut,ELS,uncontrolled,eb0d134fdaac58d0,Leaf Spot
Z:\Projects\Smart-Farming\Datasets\final_combined_datasets\GLUE\ELS\GLUE_ELS_517.JPG,Groundnut,ELS,uncontrolled,eb380e578b25f815,Leaf Spot
Z:\Projects\Smart-Farming\Datasets\final_combined_datasets\GLUE\ELS\GLUE_ELS_518.JPG,Groundnut,ELS,uncontrolled,a93cffec950704b0,Leaf Spot
Z:\Projects\Smart-Farming\Datasets\final_combined_datasets\GLUE\ELS\GLUE_ELS_519.JPG,Groundnut,ELS,uncontrolled,e13834124e4cb7fe,Leaf Spot
Z:\Projects\Smart-Farming\Datasets\final_combined_datasets\GLUE\ELS\GLUE_ELS_520.JPG,Groundnut,ELS,uncontrolled,a6e3236cf0e21b3a,Leaf Spot
Z:\Projects\Smart-Farming\Datasets\final_combined_datasets\GLUE\ELS\GLUE_ELS_521.JPG,Groundnut,ELS,uncontrolled,9a4a3332be3e44d5,Leaf Spot
Z:\Projects\Smart-Farming\Datasets\final_combined_datasets\GLUE\ELS\GLUE_ELS_522.JPG,Groundnut,ELS,uncontrolled,af7126120ff9611e,Leaf Spot
Z:\Projects\Smart-Farming\Datasets\final_combined_datasets\GLUE\ELS\GLUE_ELS_523.JPG,Groundnut,ELS,uncontrolled,cdfd022b9d391b42,Leaf Spot
Z:\Projects\Smart-Farming\Datasets\final_combined_datasets\GLUE\ELS\GLUE_ELS_524.JPG,Groundnut,ELS,uncontrolled,84c0681b1dd97f7c,Leaf Spot
Z:\Projects\Smart-Farming\Datasets\final_combined_datasets\GLUE\ELS\GLUE_ELS_525.JPG,Groundnut,ELS,uncontrolled,82cb4acdbc198dea,Leaf Spot
Z:\Projects\Smart-Farming\Datasets\final_combined_datasets\GLUE\ELS\GLUE_ELS_526.JPG,Groundnut,ELS,uncontrolled,943e3e4affd01e40,Leaf Spot
Z:\Projects\Smart-Farming\Datasets\final_combined_datasets\GLUE\ELS\GLUE_ELS_527.JPG,Groundnut,ELS,uncontrolled,93dc08b5d8873778,Leaf Spot
Z:\Projects\Smart-Farming\Datasets\final_combined_datasets\GLUE\ELS\GLUE_ELS_528.JPG,Groundnut,ELS,uncontrolled,b8ee2c6c302f4b39,Leaf Spot
Z:\Projects\Smart-Farming\Datasets\final_combined_datasets\GLUE\ELS\GLUE_ELS_529.JPG,Groundnut,ELS,uncontrolled,9ca03f79830af96c,Leaf Spot
Z:\Projects\Smart-Farming\Datasets\final_combined_datasets\GLUE\ELS\GLUE_ELS_530.JPG,Groundnut,ELS,uncontrolled,96997c1dcf16a360,Leaf Spot
Z:\Projects\Smart-Farming\Datasets\final_combined_datasets\GLUE\ELS\GLUE_ELS_531.JPG,Groundnut,ELS,uncontrolled,85f3a4c4cbfe9007,Leaf Spot
Z:\Projects\Smart-Farming\Datasets\final_combined_datasets\GLUE\ELS\GLUE_ELS_532.JPG,Groundnut,ELS,uncontrolled,b919afd740b8c293,Leaf Spot
Z:\Projects\Smart-Farming\Datasets\final_combined_datasets\GLUE\ELS\GLUE_ELS_533.JPG,Groundnut,ELS,uncontrolled,81d746929d399d71,Leaf Spot
Z:\Projects\Smart-Farming\Datasets\final_combined_datasets\GLUE\ELS\GLUE_ELS_534.JPG,Groundnut,ELS,uncontrolled,c0ce67ee124aa3b9,Leaf Spot
Z:\Projects\Smart-Farming\Datasets\final_combined_datasets\GLUE\ELS\GLUE_ELS_535.JPG,Groundnut,ELS,uncontrolled,8aae6337edd02866,Leaf Spot
Z:\Projects\Smart-Farming\Datasets\final_combined_datasets\GLUE\ELS\GLUE_ELS_536.JPG,Groundnut,ELS,uncontrolled,d84afb9386e6a464,Leaf Spot
Z:\Projects\Smart-Farming\Datasets\final_combined_datasets\GLUE\ELS\GLUE_ELS_537.JPG,Groundnut,ELS,uncontrolled,a4363599e0c9fb92,Leaf Spot
Z:\Projects\Smart-Farming\Datasets\final_combined_datasets\GLUE\ELS\GLUE_ELS_538.JPG,Groundnut,ELS,uncontrolled,a987616cde7438a5,Leaf Spot
Z:\Projects\Smart-Farming\Datasets\final_combined_datasets\GLUE\ELS\GLUE_ELS_539.JPG,Groundnut,ELS,uncontrolled,9ca2eb3dc4403fa5,Leaf Spot
Z:\Projects\Smart-Farming\Datasets\final_combined_datasets\GLUE\ELS\GLUE_ELS_540.JPG,Groundnut,ELS,uncontrolled,94d67a1bd64a7245,Leaf Spot
Z:\Projects\Smart-Farming\Datasets\final_combined_datasets\GLUE\ELS\GLUE_ELS_541.JPG,Groundnut,ELS,uncontrolled,d5d93a328513e4ad,Leaf Spot
Z:\Projects\Smart-Farming\Datasets\final_combined_datasets\GLUE\ELS\GLUE_ELS_542.JPG,Groundnut,ELS,uncontrolled,cfe243079cc76a19,Leaf Spot
Z:\Projects\Smart-Farming\Datasets\final_combined_datasets\GLUE\ELS\GLUE_ELS_543.JPG,Groundnut,ELS,uncontrolled,f07b8f2696380657,Leaf Spot
Z:\Projects\Smart-Farming\Datasets\final_combined_datasets\GLUE\ELS\GLUE_ELS_544.JPG,Groundnut,ELS,uncontrolled,dc7af5099bcb00b4,Leaf Spot
Z:\Projects\Smart-Farming\Datasets\final_combined_datasets\GLUE\ELS\GLUE_ELS_545.JPG,Groundnut,ELS,uncontrolled,d91897cfc70f124a,Leaf Spot
Z:\Projects\Smart-Farming\Datasets\final_combined_datasets\GLUE\ELS\GLUE_ELS_546.JPG,Groundnut,ELS,uncontrolled,91307bb740da35ab,Leaf Spot
Z:\Projects\Smart-Farming\Datasets\final_combined_datasets\GLUE\ELS\GLUE_ELS_547.JPG,Groundnut,ELS,uncontrolled,e15a02873e678fac,Leaf Spot
Z:\Projects\Smart-Farming\Datasets\final_combined_datasets\GLUE\ELS\GLUE_ELS_548.JPG,Groundnut,ELS,uncontrolled,add10b738ef01157,Leaf Spot
Z:\Projects\Smart-Farming\Datasets\final_combined_datasets\GLUE\ELS\GLUE_ELS_549.JPG,Groundnut,ELS,uncontrolled,ca223f58821ed7bc,Leaf Spot
Z:\Projects\Smart-Farming\Datasets\final_combined_datasets\GLUE\ELS\GLUE_ELS_550.JPG,Groundnut,ELS,uncontrolled,ca0d12b7c23c78e7,Leaf Spot
Z:\Projects\Smart-Farming\Datasets\final_combined_datasets\GLUE\ELS\GLUE_ELS_551.JPG,Groundnut,ELS,uncontrolled,9da4913eb897caa2,Leaf Spot
Z:\Projects\Smart-Farming\Datasets\final_combined_datasets\GLUE\ELS\GLUE_ELS_552.JPG,Groundnut,ELS,uncontrolled,e8b516e119fc0b95,Leaf Spot
Z:\Projects\Smart-Farming\Datasets\final_combined_datasets\GLUE\ELS\GLUE_ELS_553.JPG,Groundnut,ELS,uncontrolled,bd6a21e07c0fb19c,Leaf Spot
Z:\Projects\Smart-Farming\Datasets\final_combined_datasets\GLUE\ELS\GLUE_ELS_554.JPG,Groundnut,ELS,uncontrolled,bd6386a49bd209ba,Leaf Spot
Z:\Projects\Smart-Farming\Datasets\final_combined_datasets\GLUE\ELS\GLUE_ELS_555.JPG,Groundnut,ELS,uncontrolled,8de8c39e6cdd4988,Leaf Spot
Z:\Projects\Smart-Farming\Datasets\final_combined_datasets\GLUE\ELS\GLUE_ELS_556.JPG,Groundnut,ELS,uncontrolled,ad59f0a48bdf05a1,Leaf Spot
Z:\Projects\Smart-Farming\Datasets\final_combined_datasets\GLUE\ELS\GLUE_ELS_557.JPG,Groundnut,ELS,uncontrolled,dc7d394939973890,Leaf Spot
Z:\Projects\Smart-Farming\Datasets\final_combined_datasets\GLUE\ELS\GLUE_ELS_558.JPG,Groundnut,ELS,uncontrolled,802ff0065e437ff8,Leaf Spot
Z:\Projects\Smart-Farming\Datasets\final_combined_datasets\GLUE\ELS\GLUE_ELS_559.JPG,Groundnut,ELS,uncontrolled,ea35da79d01e8645,Leaf Spot
Z:\Projects\Smart-Farming\Datasets\final_combined_datasets\GLUE\ELS\GLUE_ELS_560.JPG,Groundnut,ELS,uncontrolled,8b7e72e5b1c13132,Leaf Spot
Z:\Projects\Smart-Farming\Datasets\final_combined_datasets\GLUE\ELS\GLUE_ELS_561.JPG,Groundnut,ELS,uncontrolled,e3892530dc728ddd,Leaf Spot
Z:\Projects\Smart-Farming\Datasets\final_combined_datasets\GLUE\ELS\GLUE_ELS_562.JPG,Groundnut,ELS,uncontrolled,da4b216357a5789c,Leaf Spot
Z:\Projects\Smart-Farming\Datasets\final_combined_datasets\GLUE\ELS\GLUE_ELS_563.JPG,Groundnut,ELS,uncontrolled,f4702afb690f412d,Leaf Spot
Z:\Projects\Smart-Farming\Datasets\final_combined_datasets\GLUE\ELS\GLUE_ELS_564.JPG,Groundnut,ELS,uncontrolled,db3a23b556b40d86,Leaf Spot
Z:\Projects\Smart-Farming\Datasets\final_combined_datasets\GLUE\ELS\GLUE_ELS_565.JPG,Groundnut,ELS,uncontrolled,9a36874bd0abf88c,Leaf Spot
Z:\Projects\Smart-Farming\Datasets\final_combined_datasets\GLUE\ELS\GLUE_ELS_566.JPG,Groundnut,ELS,uncontrolled,ca122e53fc1af9a8,Leaf Spot
Z:\Projects\Smart-Farming\Datasets\final_combined_datasets\GLUE\ELS\GLUE_ELS_567.JPG,Groundnut,ELS,uncontrolled,d17083a53b69a3a7,Leaf Spot
Z:\Projects\Smart-Farming\Datasets\final_combined_datasets\GLUE\ELS\GLUE_ELS_568.JPG,Groundnut,ELS,uncontrolled,d4566c91dc9e899a,Leaf Spot
Z:\Projects\Smart-Farming\Datasets\final_combined_datasets\GLUE\ELS\GLUE_ELS_569.JPG,Groundnut,ELS,uncontrolled,9c4115fb8bab419d,Leaf Spot
Z:\Projects\Smart-Farming\Datasets\final_combined_datasets\GLUE\ELS\GLUE_ELS_570.JPG,Groundnut,ELS,uncontrolled,87c672893a99a7a3,Leaf Spot
Z:\Projects\Smart-Farming\Datasets\final_combined_datasets\GLUE\ELS\GLUE_ELS_571.JPG,Groundnut,ELS,uncontrolled,9932b2cdca59c176,Leaf Spot
Z:\Projects\Smart-Farming\Datasets\final_combined_datasets\GLUE\ELS\GLUE_ELS_572.JPG,Groundnut,ELS,uncontrolled,8c1a744f8fc60f65,Leaf Spot
Z:\Projects\Smart-Farming\Datasets\final_combined_datasets\GLUE\ELS\GLUE_ELS_573.JPG,Groundnut,ELS,uncontrolled,c875b723d50be219,Leaf Spot
Z:\Projects\Smart-Farming\Datasets\final_combined_datasets\GLUE\ELS\GLUE_ELS_574.JPG,Groundnut,ELS,uncontrolled,e0b13ecd7fb90700,Leaf Spot
Z:\Projects\Smart-Farming\Datasets\final_combined_datasets\GLUE\ELS\GLUE_ELS_575.JPG,Groundnut,ELS,uncontrolled,d6482a6de0be5d86,Leaf Spot
Z:\Projects\Smart-Farming\Datasets\final_combined_datasets\GLUE\ELS\GLUE_ELS_576.JPG,Groundnut,ELS,uncontrolled,c6e5779121bc4f84,Leaf Spot
Z:\Projects\Smart-Farming\Datasets\final_combined_datasets\GLUE\ELS\GLUE_ELS_577.JPG,Groundnut,ELS,uncontrolled,de079e13c61e1399,Leaf Spot
Z:\Projects\Smart-Farming\Datasets\final_combined_datasets\GLUE\ELS\GLUE_ELS_578.JPG,Groundnut,ELS,uncontrolled,f90c91fcdc3186e2,Leaf Spot
Z:\Projects\Smart-Farming\Datasets\final_combined_datasets\GLUE\ELS\GLUE_ELS_579.JPG,Groundnut,ELS,uncontrolled,d83b1901f93c3c3d,Leaf Spot
Z:\Projects\Smart-Farming\Datasets\final_combined_datasets\GLUE\ELS\GLUE_ELS_580.JPG,Groundnut,ELS,uncontrolled,cb7135bf020a9d0f,Leaf Spot
Z:\Projects\Smart-Farming\Datasets\final_combined_datasets\GLUE\ELS\GLUE_ELS_581.JPG,Groundnut,ELS,uncontrolled,8fa29bf13d606e03,Leaf Spot
Z:\Projects\Smart-Farming\Datasets\final_combined_datasets\GLUE\ELS\GLUE_ELS_582.JPG,Groundnut,ELS,uncontrolled,be81e360754cb29b,Leaf Spot
Z:\Projects\Smart-Farming\Datasets\final_combined_datasets\GLUE\ELS\GLUE_ELS_583.JPG,Groundnut,ELS,uncontrolled,841767b4d3c75c52,Leaf Spot
Z:\Projects\Smart-Farming\Datasets\final_combined_datasets\GLUE\ELS\GLUE_ELS_584.JPG,Groundnut,ELS,uncontrolled,8fa7f04a6d804b37,Leaf Spot
Z:\Projects\Smart-Farming\Datasets\final_combined_datasets\GLUE\ELS\GLUE_ELS_585.JPG,Groundnut,ELS,uncontrolled,9d2376c7149dc51a,Leaf Spot
Z:\Projects\Smart-Farming\Datasets\final_combined_datasets\GLUE\ELS\GLUE_ELS_586.JPG,Groundnut,ELS,uncontrolled,87bc39c55a1f7284,Leaf Spot
Z:\Projects\Smart-Farming\Datasets\final_combined_datasets\GLUE\ELS\GLUE_ELS_587.JPG,Groundnut,ELS,uncontrolled,80b973c8be8e83e9,Leaf Spot
Z:\Projects\Smart-Farming\Datasets\final_combined_datasets\GLUE\ELS\GLUE_ELS_588.JPG,Groundnut,ELS,uncontrolled,88a7a21fe1d2f4a3,Leaf Spot
Z:\Projects\Smart-Farming\Datasets\final_combined_datasets\GLUE\ELS\GLUE_ELS_589.JPG,Groundnut,ELS,uncontrolled,cc2a739a1f6c5499,Leaf Spot
Z:\Projects\Smart-Farming\Datasets\final_combined_datasets\GLUE\ELS\GLUE_ELS_590.JPG,Groundnut,ELS,uncontrolled,994633f91ab6c836,Leaf Spot
Z:\Projects\Smart-Farming\Datasets\final_combined_datasets\GLUE\ELS\GLUE_ELS_591.JPG,Groundnut,ELS,uncontrolled,d72d64e4957f4940,Leaf Spot
Z:\Projects\Smart-Farming\Datasets\final_combined_datasets\GLUE\ELS\GLUE_ELS_592.JPG,Groundnut,ELS,uncontrolled,8d33e6e085bed1c1,Leaf Spot
Z:\Projects\Smart-Farming\Datasets\final_combined_datasets\GLUE\ELS\GLUE_ELS_593.JPG,Groundnut,ELS,uncontrolled,996d6622e9aaa783,Leaf Spot
Z:\Projects\Smart-Farming\Datasets\final_combined_datasets\GLUE\ELS\GLUE_ELS_594.JPG,Groundnut,ELS,uncontrolled,aea6185a7139c397,Leaf Spot
Z:\Projects\Smart-Farming\Datasets\final_combined_datasets\GLUE\ELS\GLUE_ELS_595.JPG,Groundnut,ELS,uncontrolled,b8947d588c5a33d5,Leaf Spot
Z:\Projects\Smart-Farming\Datasets\final_combined_datasets\GLUE\ELS\GLUE_ELS_596.JPG,Groundnut,ELS,uncontrolled,811df527c8c956d9,Leaf Spot
Z:\Projects\Smart-Farming\Datasets\final_combined_datasets\GLUE\ELS\GLUE_ELS_597.JPG,Groundnut,ELS,uncontrolled,8d617622e82aaaf7,Leaf Spot
Z:\Projects\Smart-Farming\Datasets\final_combined_datasets\GLUE\ELS\GLUE_ELS_598.JPG,Groundnut,ELS,uncontrolled,c1007e669eb7b139,Leaf Spot
Z:\Projects\Smart-Farming\Datasets\final_combined_datasets\GLUE\ELS\GLUE_ELS_599.JPG,Groundnut,ELS,uncontrolled,8d1ee60a3a52c3dd,Leaf Spot
Z:\Projects\Smart-Farming\Datasets\final_combined_datasets\GLUE\ELS\GLUE_ELS_600.JPG,Groundnut,ELS,uncontrolled,9d61e622eda5d0ca,Leaf Spot
Z:\Projects\Smart-Farming\Datasets\final_combined_datasets\GLUE\ELS\GLUE_ELS_601.JPG,Groundnut,ELS,uncontrolled,8794fe8e90b958b4,Leaf Spot
Z:\Projects\Smart-Farming\Datasets\final_combined_datasets\GLUE\ELS\GLUE_ELS_602.JPG,Groundnut,ELS,uncontrolled,c937654418d2dbdc,Leaf Spot
Z:\Projects\Smart-Farming\Datasets\final_combined_datasets\GLUE\ELS\GLUE_ELS_603.JPG,Groundnut,ELS,uncontrolled,c51e255adf911ab4,Leaf Spot
Z:\Projects\Smart-Farming\Datasets\final_combined_datasets\GLUE\ELS\GLUE_ELS_604.JPG,Groundnut,ELS,uncontrolled,8933af6590d2e8b9,Leaf Spot
Z:\Projects\Smart-Farming\Datasets\final_combined_datasets\GLUE\ELS\GLUE_ELS_605.JPG,Groundnut,ELS,uncontrolled,9131bf695d75940a,Leaf Spot
Z:\Projects\Smart-Farming\Datasets\final_combined_datasets\GLUE\ELS\GLUE_ELS_606.JPG,Groundnut,ELS,uncontrolled,cb3dbe0c824186fb,Leaf Spot
Z:\Projects\Smart-Farming\Datasets\final_combined_datasets\GLUE\ELS\GLUE_ELS_607.JPG,Groundnut,ELS,uncontrolled,ddf4378d41c9e4c0,Leaf Spot
Z:\Projects\Smart-Farming\Datasets\final_combined_datasets\GLUE\ELS\GLUE_ELS_608.JPG,Groundnut,ELS,uncontrolled,8a1c57d2a44fc679,Leaf Spot
Z:\Projects\Smart-Farming\Datasets\final_combined_datasets\GLUE\ELS\GLUE_ELS_609.JPG,Groundnut,ELS,uncontrolled,9c292a47795e3a74,Leaf Spot
Z:\Projects\Smart-Farming\Datasets\final_combined_datasets\GLUE\ELS\GLUE_ELS_610.JPG,Groundnut,ELS,uncontrolled,8e18b46f6a27751a,Leaf Spot
Z:\Projects\Smart-Farming\Datasets\final_combined_datasets\GLUE\ELS\GLUE_ELS_611.JPG,Groundnut,ELS,uncontrolled,9d59f6a6c2569648,Leaf Spot
Z:\Projects\Smart-Farming\Datasets\final_combined_datasets\GLUE\ELS\GLUE_ELS_612.JPG,Groundnut,ELS,uncontrolled,ac01d7b5a5e3d88a,Leaf Spot
Z:\Projects\Smart-Farming\Datasets\final_combined_datasets\GLUE\ELS\GLUE_ELS_613.JPG,Groundnut,ELS,uncontrolled,c9396ea5a61a3e15,Leaf Spot
Z:\Projects\Smart-Farming\Datasets\final_combined_datasets\GLUE\ELS\GLUE_ELS_614.JPG,Groundnut,ELS,uncontrolled,952a597d5a875274,Leaf Spot
Z:\Projects\Smart-Farming\Datasets\final_combined_datasets\GLUE\ELS\GLUE_ELS_615.JPG,Groundnut,ELS,uncontrolled,cba947539bab2816,Leaf Spot
Z:\Projects\Smart-Farming\Datasets\final_combined_datasets\GLUE\ELS\GLUE_ELS_616.JPG,Groundnut,ELS,uncontrolled,db8ceb4b05938ad2,Leaf Spot
Z:\Projects\Smart-Farming\Datasets\final_combined_datasets\GLUE\ELS\GLUE_ELS_617.JPG,Groundnut,ELS,uncontrolled,eb327220a7fc05f8,Leaf Spot
Z:\Projects\Smart-Farming\Datasets\final_combined_datasets\GLUE\ELS\GLUE_ELS_618.JPG,Groundnut,ELS,uncontrolled,c0ec0ae33ee43ad3,Leaf Spot
Z:\Projects\Smart-Farming\Datasets\final_combined_datasets\GLUE\ELS\GLUE_ELS_619.JPG,Groundnut,ELS,uncontrolled,e90eb7410cf7d90c,Leaf Spot
Z:\Projects\Smart-Farming\Datasets\final_combined_datasets\GLUE\ELS\GLUE_ELS_620.JPG,Groundnut,ELS,uncontrolled,dbfbc000a90feac3,Leaf Spot
Z:\Projects\Smart-Farming\Datasets\final_combined_datasets\GLUE\ELS\GLUE_ELS_621.JPG,Groundnut,ELS,uncontrolled,f839a2259b4b3f03,Leaf Spot
Z:\Projects\Smart-Farming\Datasets\final_combined_datasets\GLUE\ELS\GLUE_ELS_622.JPG,Groundnut,ELS,uncontrolled,cd9db2dad2c0e0c9,Leaf Spot
Z:\Projects\Smart-Farming\Datasets\final_combined_datasets\GLUE\ELS\GLUE_ELS_623.JPG,Groundnut,ELS,uncontrolled,dffbc03580c52cc3,Leaf Spot
Z:\Projects\Smart-Farming\Datasets\final_combined_datasets\GLUE\ELS\GLUE_ELS_624.JPG,Groundnut,ELS,uncontrolled,c7d7279e98ccb012,Leaf Spot
Z:\Projects\Smart-Farming\Datasets\final_combined_datasets\GLUE\ELS\GLUE_ELS_625.JPG,Groundnut,ELS,uncontrolled,f4f028cbe18b1bc3,Leaf Spot
Z:\Projects\Smart-Farming\Datasets\final_combined_datasets\GLUE\ELS\GLUE_ELS_626.JPG,Groundnut,ELS,uncontrolled,c437b726566328b9,Leaf Spot
Z:\Projects\Smart-Farming\Datasets\final_combined_datasets\GLUE\ELS\GLUE_ELS_627.JPG,Groundnut,ELS,uncontrolled,8e2e311bdb81e857,Leaf Spot
Z:\Projects\Smart-Farming\Datasets\final_combined_datasets\GLUE\ELS\GLUE_ELS_628.JPG,Groundnut,ELS,uncontrolled,9f9ba118494678b7,Leaf Spot
Z:\Projects\Smart-Farming\Datasets\final_combined_datasets\GLUE\ELS\GLUE_ELS_629.JPG,Groundnut,ELS,uncontrolled,8ea462f2e5e7d380,Leaf Spot
Z:\Projects\Smart-Farming\Datasets\final_combined_datasets\GLUE\ELS\GLUE_ELS_630.JPG,Groundnut,ELS,uncontrolled,a4b1f68342e0bb67,Leaf Spot
Z:\Projects\Smart-Farming\Datasets\final_combined_datasets\GLUE\ELS\GLUE_ELS_631.JPG,Groundnut,ELS,uncontrolled,98fee204bfa5808f,Leaf Spot
Z:\Projects\Smart-Farming\Datasets\final_combined_datasets\GLUE\ELS\GLUE_ELS_632.JPG,Groundnut,ELS,uncontrolled,ded56b04984b4735,Leaf Spot
Z:\Projects\Smart-Farming\Datasets\final_combined_datasets\GLUE\ELS\GLUE_ELS_633.JPG,Groundnut,ELS,uncontrolled,8aace30734fb9ec0,Leaf Spot
Z:\Projects\Smart-Farming\Datasets\final_combined_datasets\GLUE\ELS\GLUE_ELS_634.JPG,Groundnut,ELS,uncontrolled,faa32743698ae94c,Leaf Spot
Z:\Projects\Smart-Farming\Datasets\final_combined_datasets\GLUE\ELS\GLUE_ELS_635.JPG,Groundnut,ELS,uncontrolled,c2467ba017695eb9,Leaf Spot
Z:\Projects\Smart-Farming\Datasets\final_combined_datasets\GLUE\ELS\GLUE_ELS_636.JPG,Groundnut,ELS,uncontrolled,91dc2bfc30e1b703,Leaf Spot
Z:\Projects\Smart-Farming\Datasets\final_combined_datasets\GLUE\ELS\GLUE_ELS_637.JPG,Groundnut,ELS,uncontrolled,8f8b7d03d09f9390,Leaf Spot
Z:\Projects\Smart-Farming\Datasets\final_combined_datasets\GLUE\ELS\GLUE_ELS_638.JPG,Groundnut,ELS,uncontrolled,daf106a165d4c96e,Leaf Spot
Z:\Projects\Smart-Farming\Datasets\final_combined_datasets\GLUE\ELS\GLUE_ELS_639.JPG,Groundnut,ELS,uncontrolled,9afa8f83c09cb0d3,Leaf Spot
Z:\Projects\Smart-Farming\Datasets\final_combined_datasets\GLUE\ELS\GLUE_ELS_640.JPG,Groundnut,ELS,uncontrolled,85f83a3a0f5b68a9,Leaf Spot
Z:\Projects\Smart-Farming\Datasets\final_combined_datasets\GLUE\ELS\GLUE_ELS_641.JPG,Groundnut,ELS,uncontrolled,fd5f2ae100fac115,Leaf Spot
Z:\Projects\Smart-Farming\Datasets\final_combined_datasets\GLUE\ELS\GLUE_ELS_642.JPG,Groundnut,ELS,uncontrolled,cca6b5952c8be82b,Leaf Spot
Z:\Projects\Smart-Farming\Datasets\final_combined_datasets\GLUE\ELS\GLUE_ELS_643.JPG,Groundnut,ELS,uncontrolled,c71c83b4d0cf3c5a,Leaf Spot
Z:\Projects\Smart-Farming\Datasets\final_combined_datasets\GLUE\ELS\GLUE_ELS_644.JPG,Groundnut,ELS,uncontrolled,9f7435cce00125ef,Leaf Spot
Z:\Projects\Smart-Farming\Datasets\final_combined_datasets\GLUE\ELS\GLUE_ELS_645.JPG,Groundnut,ELS,uncontrolled,8f1b6451e6daa4d8,Leaf Spot
Z:\Projects\Smart-Farming\Datasets\final_combined_datasets\GLUE\ELS\GLUE_ELS_646.JPG,Groundnut,ELS,uncontrolled,c15e239d106fd473,Leaf Spot
Z:\Projects\Smart-Farming\Datasets\final_combined_datasets\GLUE\ELS\GLUE_ELS_647.JPG,Groundnut,ELS,uncontrolled,c62966dae3dc0536,Leaf Spot
Z:\Projects\Smart-Farming\Datasets\final_combined_datasets\GLUE\ELS\GLUE_ELS_648.JPG,Groundnut,ELS,uncontrolled,ba7a8203d2f67654,Leaf Spot
Z:\Projects\Smart-Farming\Datasets\final_combined_datasets\GLUE\ELS\GLUE_ELS_649.JPG,Groundnut,ELS,uncontrolled,99faf380821e1ef4,Leaf Spot
Z:\Projects\Smart-Farming\Datasets\final_combined_datasets\GLUE\ELS\GLUE_ELS_650.JPG,Groundnut,ELS,uncontrolled,e912259f2a8e74ae,Leaf Spot
Z:\Projects\Smart-Farming\Datasets\final_combined_datasets\GLUE\ELS\GLUE_ELS_651.JPG,Groundnut,ELS,uncontrolled,8ee9326ef0d14e4a,Leaf Spot
Z:\Projects\Smart-Farming\Datasets\final_combined_datasets\GLUE\ELS\GLUE_ELS_652.JPG,Groundnut,ELS,uncontrolled,d0f7f3c6d09404f8,Leaf Spot
Z:\Projects\Smart-Farming\Datasets\final_combined_datasets\GLUE\ELS\GLUE_ELS_653.JPG,Groundnut,ELS,uncontrolled,8795c41606369efe,Leaf Spot
Z:\Projects\Smart-Farming\Datasets\final_combined_datasets\GLUE\ELS\GLUE_ELS_654.JPG,Groundnut,ELS,uncontrolled,c19d1dad225a2bec,Leaf Spot
Z:\Projects\Smart-Farming\Datasets\final_combined_datasets\GLUE\ELS\GLUE_ELS_655.JPG,Groundnut,ELS,uncontrolled,e7b2b68fc50389e0,Leaf Spot
Z:\Projects\Smart-Farming\Datasets\final_combined_datasets\GLUE\ELS\GLUE_ELS_656.JPG,Groundnut,ELS,uncontrolled,cef3960079b031bb,Leaf Spot
Z:\Projects\Smart-Farming\Datasets\final_combined_datasets\GLUE\ELS\GLUE_ELS_657.JPG,Groundnut,ELS,uncontrolled,88326fef70d384a5,Leaf Spot
Z:\Projects\Smart-Farming\Datasets\final_combined_datasets\GLUE\ELS\GLUE_ELS_658.JPG,Groundnut,ELS,uncontrolled,9a15713bc9699c9a,Leaf Spot
Z:\Projects\Smart-Farming\Datasets\final_combined_datasets\GLUE\ELS\GLUE_ELS_659.JPG,Groundnut,ELS,uncontrolled,9e5029ebc1c8cecd,Leaf Spot
Z:\Projects\Smart-Farming\Datasets\final_combined_datasets\GLUE\ELS\GLUE_ELS_660.JPG,Groundnut,ELS,uncontrolled,c9f6771b8e968c08,Leaf Spot
Z:\Projects\Smart-Farming\Datasets\final_combined_datasets\GLUE\ELS\GLUE_ELS_661.JPG,Groundnut,ELS,uncontrolled,c9ebb408d8b234f9,Leaf Spot
Z:\Projects\Smart-Farming\Datasets\final_combined_datasets\GLUE\ELS\GLUE_ELS_662.JPG,Groundnut,ELS,uncontrolled,fb9e27c00aa0d4e7,Leaf Spot
Z:\Projects\Smart-Farming\Datasets\final_combined_datasets\GLUE\ELS\GLUE_ELS_663.JPG,Groundnut,ELS,uncontrolled,868671c2e599cb9b,Leaf Spot
Z:\Projects\Smart-Farming\Datasets\final_combined_datasets\GLUE\ELS\GLUE_ELS_664.JPG,Groundnut,ELS,uncontrolled,faf6bae5810b4b20,Leaf Spot
Z:\Projects\Smart-Farming\Datasets\final_combined_datasets\GLUE\ELS\GLUE_ELS_665.JPG,Groundnut,ELS,uncontrolled,bb21f593cc1de40c,Leaf Spot
Z:\Projects\Smart-Farming\Datasets\final_combined_datasets\GLUE\ELS\GLUE_ELS_666.JPG,Groundnut,ELS,uncontrolled,bd09a9c7d24ba2a5,Leaf Spot
Z:\Projects\Smart-Farming\Datasets\final_combined_datasets\GLUE\ELS\GLUE_ELS_667.JPG,Groundnut,ELS,uncontrolled,d205a893bd4b79d2,Leaf Spot
Z:\Projects\Smart-Farming\Datasets\final_combined_datasets\GLUE\ELS\GLUE_ELS_668.JPG,Groundnut,ELS,uncontrolled,a9e8da5a90fe8513,Leaf Spot
Z:\Projects\Smart-Farming\Datasets\final_combined_datasets\GLUE\ELS\GLUE_ELS_669.JPG,Groundnut,ELS,uncontrolled,bf9c4b1d05d207f0,Leaf Spot
Z:\Projects\Smart-Farming\Datasets\final_combined_datasets\GLUE\ELS\GLUE_ELS_670.JPG,Groundnut,ELS,uncontrolled,c97f436230ef34c8,Leaf Spot
Z:\Projects\Smart-Farming\Datasets\final_combined_datasets\GLUE\ELS\GLUE_ELS_671.JPG,Groundnut,ELS,uncontrolled,a4fbb4ca06dda891,Leaf Spot
Z:\Projects\Smart-Farming\Datasets\final_combined_datasets\GLUE\ELS\GLUE_ELS_672.JPG,Groundnut,ELS,uncontrolled,c349069cf1dab07e,Leaf Spot
Z:\Projects\Smart-Farming\Datasets\final_combined_datasets\GLUE\ELS\GLUE_ELS_673.JPG,Groundnut,ELS,uncontrolled,b327cb05d982bc8e,Leaf Spot
Z:\Projects\Smart-Farming\Datasets\final_combined_datasets\GLUE\ELS\GLUE_ELS_674.JPG,Groundnut,ELS,uncontrolled,e21d538ce3f13929,Leaf Spot
Z:\Projects\Smart-Farming\Datasets\final_combined_datasets\GLUE\ELS\GLUE_ELS_675.JPG,Groundnut,ELS,uncontrolled,d6644b7e0ca1e53c,Leaf Spot
Z:\Projects\Smart-Farming\Datasets\final_combined_datasets\GLUE\ELS\GLUE_ELS_676.JPG,Groundnut,ELS,uncontrolled,d8c72fe892d1d883,Leaf Spot
Z:\Projects\Smart-Farming\Datasets\final_combined_datasets\GLUE\ELS\GLUE_ELS_677.JPG,Groundnut,ELS,uncontrolled,daf9068c6384a37e,Leaf Spot
Z:\Projects\Smart-Farming\Datasets\final_combined_datasets\GLUE\ELS\GLUE_ELS_678.JPG,Groundnut,ELS,uncontrolled,9c65f0a550e8f53a,Leaf Spot
Z:\Projects\Smart-Farming\Datasets\final_combined_datasets\GLUE\ELS\GLUE_ELS_679.JPG,Groundnut,ELS,uncontrolled,8359f2daa38a746c,Leaf Spot
Z:\Projects\Smart-Farming\Datasets\final_combined_datasets\GLUE\ELS\GLUE_ELS_680.JPG,Groundnut,ELS,uncontrolled,c7f8eb810b17bc30,Leaf Spot
Z:\Projects\Smart-Farming\Datasets\final_combined_datasets\GLUE\ELS\GLUE_ELS_681.JPG,Groundnut,ELS,uncontrolled,8938376e36e461a7,Leaf Spot
Z:\Projects\Smart-Farming\Datasets\final_combined_datasets\GLUE\ELS\GLUE_ELS_682.JPG,Groundnut,ELS,uncontrolled,bf28e01e71f39186,Leaf Spot
Z:\Projects\Smart-Farming\Datasets\final_combined_datasets\GLUE\ELS\GLUE_ELS_683.JPG,Groundnut,ELS,uncontrolled,8d32f008dbd39793,Leaf Spot
Z:\Projects\Smart-Farming\Datasets\final_combined_datasets\GLUE\ELS\GLUE_ELS_684.JPG,Groundnut,ELS,uncontrolled,c972a36d3e04e9b4,Leaf Spot
Z:\Projects\Smart-Farming\Datasets\final_combined_datasets\GLUE\ELS\GLUE_ELS_685.JPG,Groundnut,ELS,uncontrolled,faa980d2932dbc78,Leaf Spot
Z:\Projects\Smart-Farming\Datasets\final_combined_datasets\GLUE\ELS\GLUE_ELS_686.JPG,Groundnut,ELS,uncontrolled,ca38c5d51aa6b0af,Leaf Spot
Z:\Projects\Smart-Farming\Datasets\final_combined_datasets\GLUE\ELS\GLUE_ELS_687.JPG,Groundnut,ELS,uncontrolled,ae7a7290b7ae8254,Leaf Spot
Z:\Projects\Smart-Farming\Datasets\final_combined_datasets\GLUE\ELS\GLUE_ELS_688.JPG,Groundnut,ELS,uncontrolled,d03a20609a9fffa5,Leaf Spot
Z:\Projects\Smart-Farming\Datasets\final_combined_datasets\GLUE\ELS\GLUE_ELS_689.JPG,Groundnut,ELS,uncontrolled,cfad250ffa1e10a1,Leaf Spot
Z:\Projects\Smart-Farming\Datasets\final_combined_datasets\GLUE\ELS\GLUE_ELS_690.JPG,Groundnut,ELS,uncontrolled,c28f33912f3e2875,Leaf Spot
Z:\Projects\Smart-Farming\Datasets\final_combined_datasets\GLUE\ELS\GLUE_ELS_691.JPG,Groundnut,ELS,uncontrolled,9efb52e98585d070,Leaf Spot
Z:\Projects\Smart-Farming\Datasets\final_combined_datasets\GLUE\ELS\GLUE_ELS_692.JPG,Groundnut,ELS,uncontrolled,8df07476d23851e5,Leaf Spot
Z:\Projects\Smart-Farming\Datasets\final_combined_datasets\GLUE\ELS\GLUE_ELS_693.JPG,Groundnut,ELS,uncontrolled,873cf03ef20bf124,Leaf Spot
Z:\Projects\Smart-Farming\Datasets\final_combined_datasets\GLUE\ELS\GLUE_ELS_694.JPG,Groundnut,ELS,uncontrolled,fc1c267edc044d8b,Leaf Spot
Z:\Projects\Smart-Farming\Datasets\final_combined_datasets\GLUE\ELS\GLUE_ELS_695.JPG,Groundnut,ELS,uncontrolled,d57b3aa4947cc11c,Leaf Spot
Z:\Projects\Smart-Farming\Datasets\final_combined_datasets\GLUE\ELS\GLUE_ELS_696.JPG,Groundnut,ELS,uncontrolled,8c5734ea5987fe02,Leaf Spot
Z:\Projects\Smart-Farming\Datasets\final_combined_datasets\GLUE\ELS\GLUE_ELS_697.JPG,Groundnut,ELS,uncontrolled,d92c96dac3e900bd,Leaf Spot
Z:\Projects\Smart-Farming\Datasets\final_combined_datasets\GLUE\ELS\GLUE_ELS_698.JPG,Groundnut,ELS,uncontrolled,d96837fc164b41b2,Leaf Spot
Z:\Projects\Smart-Farming\Datasets\final_combined_datasets\GLUE\ELS\GLUE_ELS_699.JPG,Groundnut,ELS,uncontrolled,97cb92c52f320ad6,Leaf Spot
Z:\Projects\Smart-Farming\Datasets\final_combined_datasets\GLUE\ELS\GLUE_ELS_700.JPG,Groundnut,ELS,uncontrolled,c799620f96b4c4cb,Leaf Spot
Z:\Projects\Smart-Farming\Datasets\final_combined_datasets\GLUE\ELS\GLUE_ELS_701.JPG,Groundnut,ELS,uncontrolled,cdd1529e813bc1b6,Leaf Spot
Z:\Projects\Smart-Farming\Datasets\final_combined_datasets\GLUE\ELS\GLUE_ELS_702.JPG,Groundnut,ELS,uncontrolled,cabc9a4d2ca487b6,Leaf Spot
Z:\Projects\Smart-Farming\Datasets\final_combined_datasets\GLUE\ELS\GLUE_ELS_703.JPG,Groundnut,ELS,uncontrolled,dd8178d81e4780f7,Leaf Spot
Z:\Projects\Smart-Farming\Datasets\final_combined_datasets\GLUE\ELS\GLUE_ELS_704.JPG,Groundnut,ELS,uncontrolled,b593b85a4b3d9641,Leaf Spot
Z:\Projects\Smart-Farming\Datasets\final_combined_datasets\GLUE\ELS\GLUE_ELS_705.JPG,Groundnut,ELS,uncontrolled,cb6e334e2d90933c,Leaf Spot
Z:\Projects\Smart-Farming\Datasets\final_combined_datasets\GLUE\ELS\GLUE_ELS_706.JPG,Groundnut,ELS,uncontrolled,f6d32e5e18a688c9,Leaf Spot
Z:\Projects\Smart-Farming\Datasets\final_combined_datasets\GLUE\ELS\GLUE_ELS_707.JPG,Groundnut,ELS,uncontrolled,ce9506c07fa24b97,Leaf Spot
Z:\Projects\Smart-Farming\Datasets\final_combined_datasets\GLUE\ELS\GLUE_ELS_708.JPG,Groundnut,ELS,uncontrolled,c45263cd4f6ea0ba,Leaf Spot
Z:\Projects\Smart-Farming\Datasets\final_combined_datasets\GLUE\ELS\GLUE_ELS_709.JPG,Groundnut,ELS,uncontrolled,ddd6a58299d3432c,Leaf Spot
Z:\Projects\Smart-Farming\Datasets\final_combined_datasets\GLUE\ELS\GLUE_ELS_710.JPG,Groundnut,ELS,uncontrolled,dcf9126ec8cca42e,Leaf Spot
Z:\Projects\Smart-Farming\Datasets\final_combined_datasets\GLUE\ELS\GLUE_ELS_711.JPG,Groundnut,ELS,uncontrolled,f91a838749b768c9,Leaf Spot
Z:\Projects\Smart-Farming\Datasets\final_combined_datasets\GLUE\ELS\GLUE_ELS_712.JPG,Groundnut,ELS,uncontrolled,e023776a931f0e3a,Leaf Spot
Z:\Projects\Smart-Farming\Datasets\final_combined_datasets\GLUE\ELS\GLUE_ELS_713.JPG,Groundnut,ELS,uncontrolled,8cb124b65b4f82db,Leaf Spot
Z:\Projects\Smart-Farming\Datasets\final_combined_datasets\GLUE\ELS\GLUE_ELS_714.JPG,Groundnut,ELS,uncontrolled,ca81ee9133f05b2e,Leaf Spot
Z:\Projects\Smart-Farming\Datasets\final_combined_datasets\GLUE\ELS\GLUE_ELS_715.JPG,Groundnut,ELS,uncontrolled,d2903796e6a46c3b,Leaf Spot
Z:\Projects\Smart-Farming\Datasets\final_combined_datasets\GLUE\ELS\GLUE_ELS_716.JPG,Groundnut,ELS,uncontrolled,9da9696ae1ca2aaa,Leaf Spot
Z:\Projects\Smart-Farming\Datasets\final_combined_datasets\GLUE\ELS\GLUE_ELS_717.JPG,Groundnut,ELS,uncontrolled,de619d788f06718c,Leaf Spot
Z:\Projects\Smart-Farming\Datasets\final_combined_datasets\GLUE\ELS\GLUE_ELS_718.JPG,Groundnut,ELS,uncontrolled,cf708e7f81ca11aa,Leaf Spot
Z:\Projects\Smart-Farming\Datasets\final_combined_datasets\GLUE\ELS\GLUE_ELS_719.JPG,Groundnut,ELS,uncontrolled,a8013ec0f7f8067f,Leaf Spot
Z:\Projects\Smart-Farming\Datasets\final_combined_datasets\GLUE\ELS\GLUE_ELS_720.JPG,Groundnut,ELS,uncontrolled,b66b72f82d062d52,Leaf Spot
Z:\Projects\Smart-Farming\Datasets\final_combined_datasets\GLUE\ELS\GLUE_ELS_721.JPG,Groundnut,ELS,uncontrolled,97527baa0b172ca9,Leaf Spot
Z:\Projects\Smart-Farming\Datasets\final_combined_datasets\GLUE\ELS\GLUE_ELS_722.JPG,Groundnut,ELS,uncontrolled,fe4c1f8d0381e0f9,Leaf Spot
Z:\Projects\Smart-Farming\Datasets\final_combined_datasets\GLUE\ELS\GLUE_ELS_723.JPG,Groundnut,ELS,uncontrolled,f84133108befccdc,Leaf Spot
Z:\Projects\Smart-Farming\Datasets\final_combined_datasets\GLUE\ELS\GLUE_ELS_724.JPG,Groundnut,ELS,uncontrolled,c1781437ccb74ae5,Leaf Spot
Z:\Projects\Smart-Farming\Datasets\final_combined_datasets\GLUE\ELS\GLUE_ELS_725.JPG,Groundnut,ELS,uncontrolled,9ed822354bb7c9b0,Leaf Spot
Z:\Projects\Smart-Farming\Datasets\final_combined_datasets\GLUE\ELS\GLUE_ELS_726.JPG,Groundnut,ELS,uncontrolled,ea876d3570175551,Leaf Spot
Z:\Projects\Smart-Farming\Datasets\final_combined_datasets\GLUE\ELS\GLUE_ELS_727.JPG,Groundnut,ELS,uncontrolled,c1993ce03cc7607f,Leaf Spot
Z:\Projects\Smart-Farming\Datasets\final_combined_datasets\GLUE\ELS\GLUE_ELS_728.JPG,Groundnut,ELS,uncontrolled,87813c24bc2c6ff9,Leaf Spot
Z:\Projects\Smart-Farming\Datasets\final_combined_datasets\GLUE\ELS\GLUE_ELS_729.JPG,Groundnut,ELS,uncontrolled,bcd333624c5c8e93,Leaf Spot
Z:\Projects\Smart-Farming\Datasets\final_combined_datasets\GLUE\ELS\GLUE_ELS_730.JPG,Groundnut,ELS,uncontrolled,bd92364e599d9234,Leaf Spot
Z:\Projects\Smart-Farming\Datasets\final_combined_datasets\GLUE\ELS\GLUE_ELS_731.JPG,Groundnut,ELS,uncontrolled,f7a03123267ef40d,Leaf Spot
Z:\Projects\Smart-Farming\Datasets\final_combined_datasets\GLUE\ELS\GLUE_ELS_732.JPG,Groundnut,ELS,uncontrolled,dd598c69b7365604,Leaf Spot
Z:\Projects\Smart-Farming\Datasets\final_combined_datasets\GLUE\ELS\GLUE_ELS_733.JPG,Groundnut,ELS,uncontrolled,80d61f13ffe41196,Leaf Spot
Z:\Projects\Smart-Farming\Datasets\final_combined_datasets\GLUE\ELS\GLUE_ELS_734.JPG,Groundnut,ELS,uncontrolled,b1be970b05db20f4,Leaf Spot
Z:\Projects\Smart-Farming\Datasets\final_combined_datasets\GLUE\ELS\GLUE_ELS_735.JPG,Groundnut,ELS,uncontrolled,a3dd071796026ced,Leaf Spot
Z:\Projects\Smart-Farming\Datasets\final_combined_datasets\GLUE\ELS\GLUE_ELS_736.JPG,Groundnut,ELS,uncontrolled,92c0cbe3b4fb284e,Leaf Spot
Z:\Projects\Smart-Farming\Datasets\final_combined_datasets\GLUE\ELS\GLUE_ELS_737.JPG,Groundnut,ELS,uncontrolled,b0be0701ed5868f7,Leaf Spot
Z:\Projects\Smart-Farming\Datasets\final_combined_datasets\GLUE\ELS\GLUE_ELS_738.JPG,Groundnut,ELS,uncontrolled,b7b0f0d60eca2a8d,Leaf Spot
Z:\Projects\Smart-Farming\Datasets\final_combined_datasets\GLUE\ELS\GLUE_ELS_739.JPG,Groundnut,ELS,uncontrolled,97cbd8caf804e84b,Leaf Spot
Z:\Projects\Smart-Farming\Datasets\final_combined_datasets\GLUE\ELS\GLUE_ELS_740.JPG,Groundnut,ELS,uncontrolled,97da52de68684b54,Leaf Spot
Z:\Projects\Smart-Farming\Datasets\final_combined_datasets\GLUE\ELS\GLUE_ELS_741.JPG,Groundnut,ELS,uncontrolled,9c38237cb74248f7,Leaf Spot
Z:\Projects\Smart-Farming\Datasets\final_combined_datasets\GLUE\ELS\GLUE_ELS_742.JPG,Groundnut,ELS,uncontrolled,88736eb25acb3455,Leaf Spot
Z:\Projects\Smart-Farming\Datasets\final_combined_datasets\GLUE\ELS\GLUE_ELS_743.JPG,Groundnut,ELS,uncontrolled,d27821bdf18d684e,Leaf Spot
Z:\Projects\Smart-Farming\Datasets\final_combined_datasets\GLUE\ELS\GLUE_ELS_744.JPG,Groundnut,ELS,uncontrolled,d49b745ab1c43b26,Leaf Spot
Z:\Projects\Smart-Farming\Datasets\final_combined_datasets\GLUE\ELS\GLUE_ELS_745.JPG,Groundnut,ELS,uncontrolled,d508738d72e5bc62,Leaf Spot
Z:\Projects\Smart-Farming\Datasets\final_combined_datasets\GLUE\ELS\GLUE_ELS_746.JPG,Groundnut,ELS,uncontrolled,f8987f1803ff0307,Leaf Spot
Z:\Projects\Smart-Farming\Datasets\final_combined_datasets\GLUE\ELS\GLUE_ELS_747.JPG,Groundnut,ELS,uncontrolled,f45b33021f3ed8e0,Leaf Spot
Z:\Projects\Smart-Farming\Datasets\final_combined_datasets\GLUE\ELS\GLUE_ELS_748.JPG,Groundnut,ELS,uncontrolled,fb0363e1976aa550,Leaf Spot
Z:\Projects\Smart-Farming\Datasets\final_combined_datasets\GLUE\ELS\GLUE_ELS_749.JPG,Groundnut,ELS,uncontrolled,9c8c639f0efe80f0,Leaf Spot
Z:\Projects\Smart-Farming\Datasets\final_combined_datasets\GLUE\ELS\GLUE_ELS_750.JPG,Groundnut,ELS,uncontrolled,e11f260d7efe2043,Leaf Spot
Z:\Projects\Smart-Farming\Datasets\final_combined_datasets\GLUE\ELS\GLUE_ELS_751.JPG,Groundnut,ELS,uncontrolled,8fc2726b2d295b32,Leaf Spot
Z:\Projects\Smart-Farming\Datasets\final_combined_datasets\GLUE\ELS\GLUE_ELS_752.JPG,Groundnut,ELS,uncontrolled,8fc26aab25b2d585,Leaf Spot
Z:\Projects\Smart-Farming\Datasets\final_combined_datasets\GLUE\ELS\GLUE_ELS_753.JPG,Groundnut,ELS,uncontrolled,fd84c7e115304f5a,Leaf Spot
Z:\Projects\Smart-Farming\Datasets\final_combined_datasets\GLUE\ELS\GLUE_ELS_754.JPG,Groundnut,ELS,uncontrolled,ce2ce08f9bb93113,Leaf Spot
Z:\Projects\Smart-Farming\Datasets\final_combined_datasets\GLUE\ELS\GLUE_ELS_755.JPG,Groundnut,ELS,uncontrolled,8dc7437227a96aca,Leaf Spot
Z:\Projects\Smart-Farming\Datasets\final_combined_datasets\GLUE\ELS\GLUE_ELS_756.JPG,Groundnut,ELS,uncontrolled,9db661aa3057a4f1,Leaf Spot
Z:\Projects\Smart-Farming\Datasets\final_combined_datasets\GLUE\ELS\GLUE_ELS_757.JPG,Groundnut,ELS,uncontrolled,bdeb16fae0070ac4,Leaf Spot
Z:\Projects\Smart-Farming\Datasets\final_combined_datasets\GLUE\ELS\GLUE_ELS_758.JPG,Groundnut,ELS,uncontrolled,d5aaf562a543881f,Leaf Spot
Z:\Projects\Smart-Farming\Datasets\final_combined_datasets\GLUE\ELS\GLUE_ELS_759.JPG,Groundnut,ELS,uncontrolled,e4ab674991a71365,Leaf Spot
Z:\Projects\Smart-Farming\Datasets\final_combined_datasets\GLUE\ELS\GLUE_ELS_760.JPG,Groundnut,ELS,uncontrolled,bcf35ba30017d364,Leaf Spot
Z:\Projects\Smart-Farming\Datasets\final_combined_datasets\GLUE\ELS\GLUE_ELS_761.JPG,Groundnut,ELS,uncontrolled,9595a247b3659a2b,Leaf Spot
Z:\Projects\Smart-Farming\Datasets\final_combined_datasets\GLUE\ELS\GLUE_ELS_762.JPG,Groundnut,ELS,uncontrolled,ac6f4161f8f1073c,Leaf Spot
Z:\Projects\Smart-Farming\Datasets\final_combined_datasets\GLUE\ELS\GLUE_ELS_763.JPG,Groundnut,ELS,uncontrolled,f078cc0a4b4557cf,Leaf Spot
Z:\Projects\Smart-Farming\Datasets\final_combined_datasets\GLUE\ELS\GLUE_ELS_764.JPG,Groundnut,ELS,uncontrolled,d45c8232f7e39c0d,Leaf Spot
Z:\Projects\Smart-Farming\Datasets\final_combined_datasets\GLUE\ELS\GLUE_ELS_765.JPG,Groundnut,ELS,uncontrolled,be921ef12984c379,Leaf Spot
Z:\Projects\Smart-Farming\Datasets\final_combined_datasets\GLUE\ELS\GLUE_ELS_766.JPG,Groundnut,ELS,uncontrolled,c823dd2df821bee0,Leaf Spot
Z:\Projects\Smart-Farming\Datasets\final_combined_datasets\GLUE\ELS\GLUE_ELS_767.JPG,Groundnut,ELS,uncontrolled,fb2b89958ccd604e,Leaf Spot
Z:\Projects\Smart-Farming\Datasets\final_combined_datasets\GLUE\ELS\GLUE_ELS_768.JPG,Groundnut,ELS,uncontrolled,f195a21487caf719,Leaf Spot
Z:\Projects\Smart-Farming\Datasets\final_combined_datasets\GLUE\ELS\GLUE_ELS_769.JPG,Groundnut,ELS,uncontrolled,934ba32d96543aea,Leaf Spot
Z:\Projects\Smart-Farming\Datasets\final_combined_datasets\GLUE\ELS\GLUE_ELS_770.JPG,Groundnut,ELS,uncontrolled,8ad76a368d453792,Leaf Spot
Z:\Projects\Smart-Farming\Datasets\final_combined_datasets\GLUE\ELS\GLUE_ELS_771.JPG,Groundnut,ELS,uncontrolled,af59374abc358268,Leaf Spot
Z:\Projects\Smart-Farming\Datasets\final_combined_datasets\GLUE\ELS\GLUE_ELS_772.JPG,Groundnut,ELS,uncontrolled,ab9e42c5b5d23aa1,Leaf Spot
Z:\Projects\Smart-Farming\Datasets\final_combined_datasets\GLUE\ELS\GLUE_ELS_773.JPG,Groundnut,ELS,uncontrolled,94e0291fde696d25,Leaf Spot
Z:\Projects\Smart-Farming\Datasets\final_combined_datasets\GLUE\ELS\GLUE_ELS_774.JPG,Groundnut,ELS,uncontrolled,fde9bdc899d64040,Leaf Spot
Z:\Projects\Smart-Farming\Datasets\final_combined_datasets\GLUE\ELS\GLUE_ELS_775.JPG,Groundnut,ELS,uncontrolled,9933b47c935cc9b0,Leaf Spot
Z:\Projects\Smart-Farming\Datasets\final_combined_datasets\GLUE\ELS\GLUE_ELS_776.JPG,Groundnut,ELS,uncontrolled,d13539959c4c6ee1,Leaf Spot
Z:\Projects\Smart-Farming\Datasets\final_combined_datasets\GLUE\ELS\GLUE_ELS_777.JPG,Groundnut,ELS,uncontrolled,82c5764a4078bfb7,Leaf Spot
Z:\Projects\Smart-Farming\Datasets\final_combined_datasets\GLUE\ELS\GLUE_ELS_778.JPG,Groundnut,ELS,uncontrolled,bd6632fcc0f90cc1,Leaf Spot
Z:\Projects\Smart-Farming\Datasets\final_combined_datasets\GLUE\ELS\GLUE_ELS_779.JPG,Groundnut,ELS,uncontrolled,ab0f0bf0f10fe50c,Leaf Spot
Z:\Projects\Smart-Farming\Datasets\final_combined_datasets\GLUE\ELS\GLUE_ELS_780.JPG,Groundnut,ELS,uncontrolled,8d34fab33cfc03c0,Leaf Spot
Z:\Projects\Smart-Farming\Datasets\final_combined_datasets\GLUE\ELS\GLUE_ELS_781.JPG,Groundnut,ELS,uncontrolled,832cf03e85adf28d,Leaf Spot
Z:\Projects\Smart-Farming\Datasets\final_combined_datasets\GLUE\ELS\GLUE_ELS_782.JPG,Groundnut,ELS,uncontrolled,8e3ebea0b11ff018,Leaf Spot
Z:\Projects\Smart-Farming\Datasets\final_combined_datasets\GLUE\ELS\GLUE_ELS_783.JPG,Groundnut,ELS,uncontrolled,871867d833f003bf,Leaf Spot
Z:\Projects\Smart-Farming\Datasets\final_combined_datasets\GLUE\ELS\GLUE_ELS_784.JPG,Groundnut,ELS,uncontrolled,fc3b4ea38e812bc8,Leaf Spot
Z:\Projects\Smart-Farming\Datasets\final_combined_datasets\GLUE\ELS\GLUE_ELS_785.JPG,Groundnut,ELS,uncontrolled,e2885787df8360f8,Leaf Spot
Z:\Projects\Smart-Farming\Datasets\final_combined_datasets\GLUE\ELS\GLUE_ELS_786.JPG,Groundnut,ELS,uncontrolled,9c120ff3e11ec279,Leaf Spot
Z:\Projects\Smart-Farming\Datasets\final_combined_datasets\GLUE\ELS\GLUE_ELS_787.JPG,Groundnut,ELS,uncontrolled,e5f114f80b6cf08d,Leaf Spot
Z:\Projects\Smart-Farming\Datasets\final_combined_datasets\GLUE\ELS\GLUE_ELS_788.JPG,Groundnut,ELS,uncontrolled,96b4f81ffe046618,Leaf Spot
Z:\Projects\Smart-Farming\Datasets\final_combined_datasets\GLUE\ELS\GLUE_ELS_789.JPG,Groundnut,ELS,uncontrolled,a01a22fecfb5591c,Leaf Spot
Z:\Projects\Smart-Farming\Datasets\final_combined_datasets\GLUE\ELS\GLUE_ELS_790.JPG,Groundnut,ELS,uncontrolled,db34a09afe0fe414,Leaf Spot
Z:\Projects\Smart-Farming\Datasets\final_combined_datasets\GLUE\ELS\GLUE_ELS_791.JPG,Groundnut,ELS,uncontrolled,f85fe1858edc6442,Leaf Spot
Z:\Projects\Smart-Farming\Datasets\final_combined_datasets\GLUE\ELS\GLUE_ELS_792.JPG,Groundnut,ELS,uncontrolled,cb30b404fc87c7b9,Leaf Spot
Z:\Projects\Smart-Farming\Datasets\final_combined_datasets\GLUE\ELS\GLUE_ELS_793.JPG,Groundnut,ELS,uncontrolled,e1ab250cd6da32dc,Leaf Spot
Z:\Projects\Smart-Farming\Datasets\final_combined_datasets\GLUE\ELS\GLUE_ELS_794.JPG,Groundnut,ELS,uncontrolled,8922f18dd4e531d7,Leaf Spot
Z:\Projects\Smart-Farming\Datasets\final_combined_datasets\GLUE\ELS\GLUE_ELS_795.JPG,Groundnut,ELS,uncontrolled,aeb9a238c45374cb,Leaf Spot
Z:\Projects\Smart-Farming\Datasets\final_combined_datasets\GLUE\ELS\GLUE_ELS_796.JPG,Groundnut,ELS,uncontrolled,a9f2a7320f0cf1c5,Leaf Spot
Z:\Projects\Smart-Farming\Datasets\final_combined_datasets\GLUE\ELS\GLUE_ELS_797.JPG,Groundnut,ELS,uncontrolled,bf2d07202c764ece,Leaf Spot
Z:\Projects\Smart-Farming\Datasets\final_combined_datasets\GLUE\ELS\GLUE_ELS_798.JPG,Groundnut,ELS,uncontrolled,df0021b6f09fa1b3,Leaf Spot
Z:\Projects\Smart-Farming\Datasets\final_combined_datasets\GLUE\ELS\GLUE_ELS_799.JPG,Groundnut,ELS,uncontrolled,dc22fbe505d0e41e,Leaf Spot
Z:\Projects\Smart-Farming\Datasets\final_combined_datasets\GLUE\ELS\GLUE_ELS_800.JPG,Groundnut,ELS,uncontrolled,e19c27cb00f67e83,Leaf Spot
Z:\Projects\Smart-Farming\Datasets\final_combined_datasets\GLUE\ELS\GLUE_ELS_801.JPG,Groundnut,ELS,uncontrolled,d9bf5f569088a611,Leaf Spot
Z:\Projects\Smart-Farming\Datasets\final_combined_datasets\GLUE\ELS\GLUE_ELS_802.JPG,Groundnut,ELS,uncontrolled,b7b492db849a84ce,Leaf Spot
Z:\Projects\Smart-Farming\Datasets\final_combined_datasets\GLUE\ELS\GLUE_ELS_803.JPG,Groundnut,ELS,uncontrolled,cabe5554349aae91,Leaf Spot
Z:\Projects\Smart-Farming\Datasets\final_combined_datasets\GLUE\ELS\GLUE_ELS_804.JPG,Groundnut,ELS,uncontrolled,96eaf1bb2c160b8c,Leaf Spot
Z:\Projects\Smart-Farming\Datasets\final_combined_datasets\GLUE\ELS\GLUE_ELS_805.JPG,Groundnut,ELS,uncontrolled,c9b6647d0e82c3ea,Leaf Spot
Z:\Projects\Smart-Farming\Datasets\final_combined_datasets\GLUE\ELS\GLUE_ELS_806.JPG,Groundnut,ELS,uncontrolled,d8336299bb2c7362,Leaf Spot
Z:\Projects\Smart-Farming\Datasets\final_combined_datasets\GLUE\ELS\GLUE_ELS_807.JPG,Groundnut,ELS,uncontrolled,f25adb903a7c6c41,Leaf Spot
Z:\Projects\Smart-Farming\Datasets\final_combined_datasets\GLUE\ELS\GLUE_ELS_808.JPG,Groundnut,ELS,uncontrolled,fd01e8d8cc8c363d,Leaf Spot
Z:\Projects\Smart-Farming\Datasets\final_combined_datasets\GLUE\ELS\GLUE_ELS_809.JPG,Groundnut,ELS,uncontrolled,ead1acaed42708d5,Leaf Spot
Z:\Projects\Smart-Farming\Datasets\final_combined_datasets\GLUE\ELS\GLUE_ELS_810.JPG,Groundnut,ELS,uncontrolled,c4b2ac86e59b32ec,Leaf Spot
Z:\Projects\Smart-Farming\Datasets\final_combined_datasets\GLUE\ELS\GLUE_ELS_811.JPG,Groundnut,ELS,uncontrolled,dcb5a5b41b76920a,Leaf Spot
Z:\Projects\Smart-Farming\Datasets\final_combined_datasets\GLUE\ELS\GLUE_ELS_812.JPG,Groundnut,ELS,uncontrolled,d12d06fe2df880e5,Leaf Spot
Z:\Projects\Smart-Farming\Datasets\final_combined_datasets\GLUE\ELS\GLUE_ELS_813.JPG,Groundnut,ELS,uncontrolled,ea554142ada85aef,Leaf Spot
Z:\Projects\Smart-Farming\Datasets\final_combined_datasets\GLUE\ELS\GLUE_ELS_814.JPG,Groundnut,ELS,uncontrolled,df25465afabaa009,Leaf Spot
Z:\Projects\Smart-Farming\Datasets\final_combined_datasets\GLUE\ELS\GLUE_ELS_815.JPG,Groundnut,ELS,uncontrolled,ea577d2d22aa1594,Leaf Spot
Z:\Projects\Smart-Farming\Datasets\final_combined_datasets\GLUE\ELS\GLUE_ELS_816.JPG,Groundnut,ELS,uncontrolled,befa9103055c7e23,Leaf Spot
Z:\Projects\Smart-Farming\Datasets\final_combined_datasets\GLUE\ELS\GLUE_ELS_817.JPG,Groundnut,ELS,uncontrolled,d5c9d8b478b2c2e4,Leaf Spot
Z:\Projects\Smart-Farming\Datasets\final_combined_datasets\GLUE\ELS\GLUE_ELS_818.JPG,Groundnut,ELS,uncontrolled,ee7cabc038b05e0d,Leaf Spot
Z:\Projects\Smart-Farming\Datasets\final_combined_datasets\GLUE\ELS\GLUE_ELS_819.JPG,Groundnut,ELS,uncontrolled,cee9b2c63992e115,Leaf Spot
Z:\Projects\Smart-Farming\Datasets\final_combined_datasets\GLUE\ELS\GLUE_ELS_820.JPG,Groundnut,ELS,uncontrolled,cfc65544e1d05ad6,Leaf Spot
Z:\Projects\Smart-Farming\Datasets\final_combined_datasets\GLUE\ELS\GLUE_ELS_821.JPG,Groundnut,ELS,uncontrolled,d5b385dd174a3a90,Leaf Spot
Z:\Projects\Smart-Farming\Datasets\final_combined_datasets\GLUE\ELS\GLUE_ELS_822.JPG,Groundnut,ELS,uncontrolled,d5296822f9b5d670,Leaf Spot
Z:\Projects\Smart-Farming\Datasets\final_combined_datasets\GLUE\ELS\GLUE_ELS_823.JPG,Groundnut,ELS,uncontrolled,85b6d51bc9c0d07e,Leaf Spot
Z:\Projects\Smart-Farming\Datasets\final_combined_datasets\GLUE\ELS\GLUE_ELS_824.JPG,Groundnut,ELS,uncontrolled,c3da7a488abedcc0,Leaf Spot
Z:\Projects\Smart-Farming\Datasets\final_combined_datasets\GLUE\ELS\GLUE_ELS_825.JPG,Groundnut,ELS,uncontrolled,82baf21dc10f7cc6,Leaf Spot
Z:\Projects\Smart-Farming\Datasets\final_combined_datasets\GLUE\ELS\GLUE_ELS_826.JPG,Groundnut,ELS,uncontrolled,940e4b1937079df3,Leaf Spot
Z:\Projects\Smart-Farming\Datasets\final_combined_datasets\GLUE\ELS\GLUE_ELS_827.JPG,Groundnut,ELS,uncontrolled,a0b49703d0db7f46,Leaf Spot
Z:\Projects\Smart-Farming\Datasets\final_combined_datasets\GLUE\ELS\GLUE_ELS_828.JPG,Groundnut,ELS,uncontrolled,d8f24db4a25b30ad,Leaf Spot
Z:\Projects\Smart-Farming\Datasets\final_combined_datasets\GLUE\ELS\GLUE_ELS_829.JPG,Groundnut,ELS,uncontrolled,f9e2e09f1e8c09a5,Leaf Spot
Z:\Projects\Smart-Farming\Datasets\final_combined_datasets\GLUE\ELS\GLUE_ELS_830.JPG,Groundnut,ELS,uncontrolled,c9a524d3846c5bf6,Leaf Spot
Z:\Projects\Smart-Farming\Datasets\final_combined_datasets\GLUE\ELS\GLUE_ELS_831.JPG,Groundnut,ELS,uncontrolled,d75a6061ad1ce2c7,Leaf Spot
Z:\Projects\Smart-Farming\Datasets\final_combined_datasets\GLUE\ELS\GLUE_ELS_832.JPG,Groundnut,ELS,uncontrolled,de59606e8d61c5c3,Leaf Spot
Z:\Projects\Smart-Farming\Datasets\final_combined_datasets\GLUE\ELS\GLUE_ELS_833.JPG,Groundnut,ELS,uncontrolled,85c439ebb34dd41c,Leaf Spot
Z:\Projects\Smart-Farming\Datasets\final_combined_datasets\GLUE\ELS\GLUE_ELS_834.JPG,Groundnut,ELS,uncontrolled,cd9726c1f9130cf4,Leaf Spot
Z:\Projects\Smart-Farming\Datasets\final_combined_datasets\GLUE\ELS\GLUE_ELS_835.JPG,Groundnut,ELS,uncontrolled,f8be74502686d378,Leaf Spot
Z:\Projects\Smart-Farming\Datasets\final_combined_datasets\GLUE\ELS\GLUE_ELS_836.JPG,Groundnut,ELS,uncontrolled,99e073b3c78b384c,Leaf Spot
Z:\Projects\Smart-Farming\Datasets\final_combined_datasets\GLUE\ELS\GLUE_ELS_837.JPG,Groundnut,ELS,uncontrolled,ce55be3b9e008993,Leaf Spot
Z:\Projects\Smart-Farming\Datasets\final_combined_datasets\GLUE\ELS\GLUE_ELS_838.JPG,Groundnut,ELS,uncontrolled,8f2a6516c25d92db,Leaf Spot
Z:\Projects\Smart-Farming\Datasets\final_combined_datasets\GLUE\ELS\GLUE_ELS_839.JPG,Groundnut,ELS,uncontrolled,ac2f744b08ce2f2d,Leaf Spot
Z:\Projects\Smart-Farming\Datasets\final_combined_datasets\GLUE\ELS\GLUE_ELS_840.JPG,Groundnut,ELS,uncontrolled,9c283337ef4aac25,Leaf Spot
Z:\Projects\Smart-Farming\Datasets\final_combined_datasets\GLUE\ELS\GLUE_ELS_841.JPG,Groundnut,ELS,uncontrolled,93afb0a788be6c09,Leaf Spot
Z:\Projects\Smart-Farming\Datasets\final_combined_datasets\GLUE\ELS\GLUE_ELS_842.JPG,Groundnut,ELS,uncontrolled,8fde14b9a33611c5,Leaf Spot
Z:\Projects\Smart-Farming\Datasets\final_combined_datasets\GLUE\ELS\GLUE_ELS_843.JPG,Groundnut,ELS,uncontrolled,cc583799c5883cdb,Leaf Spot
Z:\Projects\Smart-Farming\Datasets\final_combined_datasets\GLUE\ELS\GLUE_ELS_844.JPG,Groundnut,ELS,uncontrolled,8fcc72a9b419c98d,Leaf Spot
Z:\Projects\Smart-Farming\Datasets\final_combined_datasets\GLUE\ELS\GLUE_ELS_845.JPG,Groundnut,ELS,uncontrolled,ea6f781798e07c44,Leaf Spot
Z:\Projects\Smart-Farming\Datasets\final_combined_datasets\GLUE\ELS\GLUE_ELS_846.JPG,Groundnut,ELS,uncontrolled,9de237568c5867c4,Leaf Spot
Z:\Projects\Smart-Farming\Datasets\final_combined_datasets\GLUE\ELS\GLUE_ELS_847.JPG,Groundnut,ELS,uncontrolled,c563271354f508fb,Leaf Spot
Z:\Projects\Smart-Farming\Datasets\final_combined_datasets\GLUE\ELS\GLUE_ELS_848.JPG,Groundnut,ELS,uncontrolled,c5e13ee78dc8f028,Leaf Spot
Z:\Projects\Smart-Farming\Datasets\final_combined_datasets\GLUE\ELS\GLUE_ELS_849.JPG,Groundnut,ELS,uncontrolled,d23823484fdb077e,Leaf Spot
Z:\Projects\Smart-Farming\Datasets\final_combined_datasets\GLUE\ELS\GLUE_ELS_850.JPG,Groundnut,ELS,uncontrolled,c76336c3d8d8062f,Leaf Spot
Z:\Projects\Smart-Farming\Datasets\final_combined_datasets\GLUE\ELS\GLUE_ELS_851.JPG,Groundnut,ELS,uncontrolled,ea3b268453d33e64,Leaf Spot
Z:\Projects\Smart-Farming\Datasets\final_combined_datasets\GLUE\ELS\GLUE_ELS_852.JPG,Groundnut,ELS,uncontrolled,f47365445ad3017d,Leaf Spot
Z:\Projects\Smart-Farming\Datasets\final_combined_datasets\GLUE\ELS\GLUE_ELS_853.JPG,Groundnut,ELS,uncontrolled,833d230cd1d7be43,Leaf Spot
Z:\Projects\Smart-Farming\Datasets\final_combined_datasets\GLUE\ELS\GLUE_ELS_854.JPG,Groundnut,ELS,uncontrolled,8cf3a6b29d3d1a60,Leaf Spot
Z:\Projects\Smart-Farming\Datasets\final_combined_datasets\GLUE\ELS\GLUE_ELS_855.JPG,Groundnut,ELS,uncontrolled,c960726cb31cef2c,Leaf Spot
Z:\Projects\Smart-Farming\Datasets\final_combined_datasets\GLUE\ELS\GLUE_ELS_856.JPG,Groundnut,ELS,uncontrolled,cfd800d9a89f4bb4,Leaf Spot
Z:\Projects\Smart-Farming\Datasets\final_combined_datasets\GLUE\ELS\GLUE_ELS_857.JPG,Groundnut,ELS,uncontrolled,91ad36e238257ada,Leaf Spot
Z:\Projects\Smart-Farming\Datasets\final_combined_datasets\GLUE\ELS\GLUE_ELS_858.JPG,Groundnut,ELS,uncontrolled,94e42bcbce756426,Leaf Spot
Z:\Projects\Smart-Farming\Datasets\final_combined_datasets\GLUE\ELS\GLUE_ELS_859.JPG,Groundnut,ELS,uncontrolled,bab27c58c271e81e,Leaf Spot
Z:\Projects\Smart-Farming\Datasets\final_combined_datasets\GLUE\ELS\GLUE_ELS_860.JPG,Groundnut,ELS,uncontrolled,9e3ce7648d8c22cd,Leaf Spot
Z:\Projects\Smart-Farming\Datasets\final_combined_datasets\GLUE\ELS\GLUE_ELS_861.JPG,Groundnut,ELS,uncontrolled,8b3613f0a2ed64d6,Leaf Spot
Z:\Projects\Smart-Farming\Datasets\final_combined_datasets\GLUE\ELS\GLUE_ELS_862.JPG,Groundnut,ELS,uncontrolled,f8fae011d4a1b3c3,Leaf Spot
Z:\Projects\Smart-Farming\Datasets\final_combined_datasets\GLUE\ELS\GLUE_ELS_863.JPG,Groundnut,ELS,uncontrolled,9f21b1c1185f9a1f,Leaf Spot
Z:\Projects\Smart-Farming\Datasets\final_combined_datasets\GLUE\ELS\GLUE_ELS_864.JPG,Groundnut,ELS,uncontrolled,9e41bb70f1b1258b,Leaf Spot
Z:\Projects\Smart-Farming\Datasets\final_combined_datasets\GLUE\ELS\GLUE_ELS_865.JPG,Groundnut,ELS,uncontrolled,986723ede9584933,Leaf Spot
Z:\Projects\Smart-Farming\Datasets\final_combined_datasets\GLUE\ELS\GLUE_ELS_866.JPG,Groundnut,ELS,uncontrolled,ebfdd4025ab590c1,Leaf Spot
Z:\Projects\Smart-Farming\Datasets\final_combined_datasets\GLUE\ELS\GLUE_ELS_867.JPG,Groundnut,ELS,uncontrolled,fbf408b0a54b95d2,Leaf Spot
Z:\Projects\Smart-Farming\Datasets\final_combined_datasets\GLUE\ELS\GLUE_ELS_868.JPG,Groundnut,ELS,uncontrolled,eab8eef984a91186,Leaf Spot
Z:\Projects\Smart-Farming\Datasets\final_combined_datasets\GLUE\ELS\GLUE_ELS_869.JPG,Groundnut,ELS,uncontrolled,fbe045e2287ab4b4,Leaf Spot
Z:\Projects\Smart-Farming\Datasets\final_combined_datasets\GLUE\ELS\GLUE_ELS_870.JPG,Groundnut,ELS,uncontrolled,e3fa6185acc3eca0,Leaf Spot
Z:\Projects\Smart-Farming\Datasets\final_combined_datasets\GLUE\ELS\GLUE_ELS_871.JPG,Groundnut,ELS,uncontrolled,a1d627c9dc396526,Leaf Spot
Z:\Projects\Smart-Farming\Datasets\final_combined_datasets\GLUE\ELS\GLUE_ELS_872.JPG,Groundnut,ELS,uncontrolled,9df573331a9c4c90,Leaf Spot
Z:\Projects\Smart-Farming\Datasets\final_combined_datasets\GLUE\ELS\GLUE_ELS_873.JPG,Groundnut,ELS,uncontrolled,97e671218f5a2d58,Leaf Spot
Z:\Projects\Smart-Farming\Datasets\final_combined_datasets\GLUE\ELS\GLUE_ELS_874.JPG,Groundnut,ELS,uncontrolled,d952b04af12d4f3c,Leaf Spot
Z:\Projects\Smart-Farming\Datasets\final_combined_datasets\GLUE\ELS\GLUE_ELS_875.JPG,Groundnut,ELS,uncontrolled,8caf954accb76648,Leaf Spot
Z:\Projects\Smart-Farming\Datasets\final_combined_datasets\GLUE\ELS\GLUE_ELS_876.JPG,Groundnut,ELS,uncontrolled,ce6d63362aca3d84,Leaf Spot
Z:\Projects\Smart-Farming\Datasets\final_combined_datasets\GLUE\ELS\GLUE_ELS_877.JPG,Groundnut,ELS,uncontrolled,cf52b440ed25d6a6,Leaf Spot
Z:\Projects\Smart-Farming\Datasets\final_combined_datasets\GLUE\ELS\GLUE_ELS_878.JPG,Groundnut,ELS,uncontrolled,e1b2726c994ab927,Leaf Spot
Z:\Projects\Smart-Farming\Datasets\final_combined_datasets\GLUE\ELS\GLUE_ELS_879.JPG,Groundnut,ELS,uncontrolled,cf50b4b906d6378a,Leaf Spot
Z:\Projects\Smart-Farming\Datasets\final_combined_datasets\GLUE\ELS\GLUE_ELS_880.JPG,Groundnut,ELS,uncontrolled,ce9aa55097e14d9c,Leaf Spot
Z:\Projects\Smart-Farming\Datasets\final_combined_datasets\GLUE\ELS\GLUE_ELS_881.JPG,Groundnut,ELS,uncontrolled,db32324b9e95781a,Leaf Spot
Z:\Projects\Smart-Farming\Datasets\final_combined_datasets\GLUE\ELS\GLUE_ELS_882.JPG,Groundnut,ELS,uncontrolled,df7837728110788f,Leaf Spot
Z:\Projects\Smart-Farming\Datasets\final_combined_datasets\GLUE\ELS\GLUE_ELS_883.jpg,Groundnut,ELS,uncontrolled,dd035fe00f84e897,Leaf Spot
Z:\Projects\Smart-Farming\Datasets\final_combined_datasets\GLUE\ELS\GLUE_ELS_884.jpg,Groundnut,ELS,uncontrolled,d2ad2a70f15c2b78,Leaf Spot
Z:\Projects\Smart-Farming\Datasets\final_combined_datasets\GLUE\ELS\GLUE_ELS_885.jpg,Groundnut,ELS,uncontrolled,80352ff09587da76,Leaf Spot
Z:\Projects\Smart-Farming\Datasets\final_combined_datasets\GLUE\ELS\GLUE_ELS_886.jpg,Groundnut,ELS,uncontrolled,d0172b7ae5a08ef2,Leaf Spot
Z:\Projects\Smart-Farming\Datasets\final_combined_datasets\GLUE\ELS\GLUE_ELS_887.jpg,Groundnut,ELS,uncontrolled,87892c37bd52d259,Leaf Spot
Z:\Projects\Smart-Farming\Datasets\final_combined_datasets\GLUE\ELS\GLUE_ELS_888.jpg,Groundnut,ELS,uncontrolled,975bf8019b6de061,Leaf Spot
Z:\Projects\Smart-Farming\Datasets\final_combined_datasets\GLUE\ELS\GLUE_ELS_889.jpg,Groundnut,ELS,uncontrolled,957d21257ae824ed,Leaf Spot
Z:\Projects\Smart-Farming\Datasets\final_combined_datasets\GLUE\ELS\GLUE_ELS_890.jpg,Groundnut,ELS,uncontrolled,970f27681add7078,Leaf Spot
Z:\Projects\Smart-Farming\Datasets\final_combined_datasets\GLUE\ELS\GLUE_ELS_891.jpg,Groundnut,ELS,uncontrolled,d0352bfee5848738,Leaf Spot
Z:\Projects\Smart-Farming\Datasets\final_combined_datasets\GLUE\ELS\GLUE_ELS_892.jpg,Groundnut,ELS,uncontrolled,fdd286723825ea43,Leaf Spot
Z:\Projects\Smart-Farming\Datasets\final_combined_datasets\GLUE\ELS\GLUE_ELS_893.jpg,Groundnut,ELS,uncontrolled,84ed67a62d2d59c4,Leaf Spot
Z:\Projects\Smart-Farming\Datasets\final_combined_datasets\GLUE\ELS\GLUE_ELS_894.jpg,Groundnut,ELS,uncontrolled,f78c68843a3ba1e6,Leaf Spot
Z:\Projects\Smart-Farming\Datasets\final_combined_datasets\GLUE\ELS\GLUE_ELS_895.jpg,Groundnut,ELS,uncontrolled,8b6434f8d1bc3a78,Leaf Spot
Z:\Projects\Smart-Farming\Datasets\final_combined_datasets\GLUE\ELS\GLUE_ELS_896.jpg,Groundnut,ELS,uncontrolled,853733a92df94455,Leaf Spot
Z:\Projects\Smart-Farming\Datasets\final_combined_datasets\GLUE\ELS\GLUE_ELS_897.jpg,Groundnut,ELS,uncontrolled,aa68e46bdad1b0d2,Leaf Spot
Z:\Projects\Smart-Farming\Datasets\final_combined_datasets\GLUE\ELS\GLUE_ELS_898.jpg,Groundnut,ELS,uncontrolled,d4ac2bc37aa76198,Leaf Spot
Z:\Projects\Smart-Farming\Datasets\final_combined_datasets\GLUE\ELS\GLUE_ELS_899.jpg,Groundnut,ELS,uncontrolled,b5671b98c36464c7,Leaf Spot
Z:\Projects\Smart-Farming\Datasets\final_combined_datasets\GLUE\ELS\GLUE_ELS_900.jpg,Groundnut,ELS,uncontrolled,979b78850bbd60e1,Leaf Spot
Z:\Projects\Smart-Farming\Datasets\final_combined_datasets\GLUE\ELS\GLUE_ELS_901.JPG,Groundnut,ELS,uncontrolled,aff3271c214cf4c8,Leaf Spot
Z:\Projects\Smart-Farming\Datasets\final_combined_datasets\GLUE\ELS\GLUE_ELS_902.JPG,Groundnut,ELS,uncontrolled,d9e2e6d6c9516328,Leaf Spot
Z:\Projects\Smart-Farming\Datasets\final_combined_datasets\GLUE\ELS\GLUE_ELS_003.JPG,Groundnut,ELS,uncontrolled,d7c966f0137ca10b,Leaf Spot
Z:\Projects\Smart-Farming\Datasets\final_combined_datasets\GLUE\ELS\GLUE_ELS_004.JPG,Groundnut,ELS,uncontrolled,a6db430dfa0f3492,Leaf Spot
Z:\Projects\Smart-Farming\Datasets\final_combined_datasets\GLUE\ELS\GLUE_ELS_005.JPG,Groundnut,ELS,uncontrolled,f2082bfa3e144bf8,Leaf Spot
Z:\Projects\Smart-Farming\Datasets\final_combined_datasets\GLUE\ELS\GLUE_ELS_006.JPG,Groundnut,ELS,uncontrolled,fdc528602fee5151,Leaf Spot
Z:\Projects\Smart-Farming\Datasets\final_combined_datasets\GLUE\ELS\GLUE_ELS_007.JPG,Groundnut,ELS,uncontrolled,fc8a50691e7764b1,Leaf Spot
Z:\Projects\Smart-Farming\Datasets\final_combined_datasets\GLUE\ELS\GLUE_ELS_008.JPG,Groundnut,ELS,uncontrolled,bcd3901407e3f11f,Leaf Spot
Z:\Projects\Smart-Farming\Datasets\final_combined_datasets\GLUE\ELS\GLUE_ELS_009.JPG,Groundnut,ELS,uncontrolled,fb263da90d06687c,Leaf Spot
Z:\Projects\Smart-Farming\Datasets\final_combined_datasets\GLUE\ELS\GLUE_ELS_010.JPG,Groundnut,ELS,uncontrolled,d20e302d1aeb7573,Leaf Spot
Z:\Projects\Smart-Farming\Datasets\final_combined_datasets\GLUE\ELS\GLUE_ELS_011.JPG,Groundnut,ELS,uncontrolled,e99004f3789f2c9b,Leaf Spot
Z:\Projects\Smart-Farming\Datasets\final_combined_datasets\GLUE\ELS\GLUE_ELS_012.JPG,Groundnut,ELS,uncontrolled,bf90610ff00fb0f1,Leaf Spot
Z:\Projects\Smart-Farming\Datasets\final_combined_datasets\GLUE\ELS\GLUE_ELS_013.JPG,Groundnut,ELS,uncontrolled,c6bc88338b25d2eb,Leaf Spot
Z:\Projects\Smart-Farming\Datasets\final_combined_datasets\GLUE\ELS\GLUE_ELS_014.JPG,Groundnut,ELS,uncontrolled,a017e33cb55a0f1e,Leaf Spot
Z:\Projects\Smart-Farming\Datasets\final_combined_datasets\GLUE\ELS\GLUE_ELS_015.JPG,Groundnut,ELS,uncontrolled,b9d237a306f1c16c,Leaf Spot
Z:\Projects\Smart-Farming\Datasets\final_combined_datasets\GLUE\ELS\GLUE_ELS_016.JPG,Groundnut,ELS,uncontrolled,bd4b12a344f5d82e,Leaf Spot
Z:\Projects\Smart-Farming\Datasets\final_combined_datasets\GLUE\ELS\GLUE_ELS_017.JPG,Groundnut,ELS,uncontrolled,bf900fdc003ef12d,Leaf Spot
Z:\Projects\Smart-Farming\Datasets\final_combined_datasets\GLUE\ELS\GLUE_ELS_018.JPG,Groundnut,ELS,uncontrolled,b9c317bb1727920a,Leaf Spot
Z:\Projects\Smart-Farming\Datasets\final_combined_datasets\GLUE\ELS\GLUE_ELS_019.JPG,Groundnut,ELS,uncontrolled,ed83f806c164d39b,Leaf Spot
Z:\Projects\Smart-Farming\Datasets\final_combined_datasets\GLUE\ELS\GLUE_ELS_020.JPG,Groundnut,ELS,uncontrolled,e09f442aaafd1a39,Leaf Spot
Z:\Projects\Smart-Farming\Datasets\final_combined_datasets\GLUE\ELS\GLUE_ELS_021.JPG,Groundnut,ELS,uncontrolled,a19ed0e7f883a866,Leaf Spot
Z:\Projects\Smart-Farming\Datasets\final_combined_datasets\GLUE\ELS\GLUE_ELS_022.JPG,Groundnut,ELS,uncontrolled,e0976662a8ef1e89,Leaf Spot
Z:\Projects\Smart-Farming\Datasets\final_combined_datasets\GLUE\ELS\GLUE_ELS_023.JPG,Groundnut,ELS,uncontrolled,ea87626faf43080f,Leaf Spot
Z:\Projects\Smart-Farming\Datasets\final_combined_datasets\GLUE\ELS\GLUE_ELS_024.JPG,Groundnut,ELS,uncontrolled,bf18d16a5127707a,Leaf Spot
Z:\Projects\Smart-Farming\Datasets\final_combined_datasets\GLUE\ELS\GLUE_ELS_025.JPG,Groundnut,ELS,uncontrolled,c0bee90fce019778,Leaf Spot
Z:\Projects\Smart-Farming\Datasets\final_combined_datasets\GLUE\ELS\GLUE_ELS_026.JPG,Groundnut,ELS,uncontrolled,e01f8770722de770,Leaf Spot
Z:\Projects\Smart-Farming\Datasets\final_combined_datasets\GLUE\ELS\GLUE_ELS_027.JPG,Groundnut,ELS,uncontrolled,89f4cb1ccc8fb0e2,Leaf Spot
Z:\Projects\Smart-Farming\Datasets\final_combined_datasets\GLUE\ELS\GLUE_ELS_028.JPG,Groundnut,ELS,uncontrolled,b58907f04e524f6b,Leaf Spot
Z:\Projects\Smart-Farming\Datasets\final_combined_datasets\GLUE\ELS\GLUE_ELS_029.JPG,Groundnut,ELS,uncontrolled,a1d42b58167b5fc2,Leaf Spot
Z:\Projects\Smart-Farming\Datasets\final_combined_datasets\GLUE\ELS\GLUE_ELS_030.JPG,Groundnut,ELS,uncontrolled,82fc0f615a26f9a6,Leaf Spot
Z:\Projects\Smart-Farming\Datasets\final_combined_datasets\GLUE\ELS\GLUE_ELS_031.JPG,Groundnut,ELS,uncontrolled,f78805f00f7e686a,Leaf Spot
Z:\Projects\Smart-Farming\Datasets\final_combined_datasets\GLUE\ELS\GLUE_ELS_032.JPG,Groundnut,ELS,uncontrolled,94ee912fc9c47354,Leaf Spot
Z:\Projects\Smart-Farming\Datasets\final_combined_datasets\GLUE\ELS\GLUE_ELS_033.JPG,Groundnut,ELS,uncontrolled,bdfc8f0f0484f3c0,Leaf Spot
Z:\Projects\Smart-Farming\Datasets\final_combined_datasets\GLUE\ELS\GLUE_ELS_034.JPG,Groundnut,ELS,uncontrolled,a28dfa02fb901eda,Leaf Spot
Z:\Projects\Smart-Farming\Datasets\final_combined_datasets\GLUE\ELS\GLUE_ELS_035.JPG,Groundnut,ELS,uncontrolled,e712c68a878ee30f,Leaf Spot
Z:\Projects\Smart-Farming\Datasets\final_combined_datasets\GLUE\ELS\GLUE_ELS_036.JPG,Groundnut,ELS,uncontrolled,baf0c3ad5da852c1,Leaf Spot
Z:\Projects\Smart-Farming\Datasets\final_combined_datasets\GLUE\ELS\GLUE_ELS_037.JPG,Groundnut,ELS,uncontrolled,f0e69505acb93cd2,Leaf Spot
Z:\Projects\Smart-Farming\Datasets\final_combined_datasets\GLUE\ELS\GLUE_ELS_038.JPG,Groundnut,ELS,uncontrolled,b9ea073d0db9025e,Leaf Spot
Z:\Projects\Smart-Farming\Datasets\final_combined_datasets\GLUE\ELS\GLUE_ELS_039.JPG,Groundnut,ELS,uncontrolled,dae3d4800ebd24fc,Leaf Spot
Z:\Projects\Smart-Farming\Datasets\final_combined_datasets\GLUE\ELS\GLUE_ELS_040.JPG,Groundnut,ELS,uncontrolled,ae821cf2e59538ce,Leaf Spot
Z:\Projects\Smart-Farming\Datasets\final_combined_datasets\GLUE\ELS\GLUE_ELS_041.JPG,Groundnut,ELS,uncontrolled,b2798dd625d09b86,Leaf Spot
Z:\Projects\Smart-Farming\Datasets\final_combined_datasets\GLUE\ELS\GLUE_ELS_042.JPG,Groundnut,ELS,uncontrolled,a16153ad2dd6f249,Leaf Spot
Z:\Projects\Smart-Farming\Datasets\final_combined_datasets\GLUE\ELS\GLUE_ELS_043.JPG,Groundnut,ELS,uncontrolled,bca249b3c976aa61,Leaf Spot
Z:\Projects\Smart-Farming\Datasets\final_combined_datasets\GLUE\ELS\GLUE_ELS_044.JPG,Groundnut,ELS,uncontrolled,ecc33eb801acfc2a,Leaf Spot
Z:\Projects\Smart-Farming\Datasets\final_combined_datasets\GLUE\ELS\GLUE_ELS_045.JPG,Groundnut,ELS,uncontrolled,c9e0f09cff82107e,Leaf Spot
Z:\Projects\Smart-Farming\Datasets\final_combined_datasets\GLUE\ELS\GLUE_ELS_046.JPG,Groundnut,ELS,uncontrolled,eae6273ffb210058,Leaf Spot
Z:\Projects\Smart-Farming\Datasets\final_combined_datasets\GLUE\ELS\GLUE_ELS_047.JPG,Groundnut,ELS,uncontrolled,d8a16e906d99f30e,Leaf Spot
Z:\Projects\Smart-Farming\Datasets\final_combined_datasets\GLUE\ELS\GLUE_ELS_048.JPG,Groundnut,ELS,uncontrolled,8b9b331ec8107cf3,Leaf Spot
Z:\Projects\Smart-Farming\Datasets\final_combined_datasets\GLUE\ELS\GLUE_ELS_049.JPG,Groundnut,ELS,uncontrolled,95b16797e8ca8dc0,Leaf Spot
Z:\Projects\Smart-Farming\Datasets\final_combined_datasets\GLUE\ELS\GLUE_ELS_050.JPG,Groundnut,ELS,uncontrolled,89d6f2e89db42925,Leaf Spot
Z:\Projects\Smart-Farming\Datasets\final_combined_datasets\GLUE\ELS\GLUE_ELS_051.JPG,Groundnut,ELS,uncontrolled,b5f3eb0e2e147031,Leaf Spot
Z:\Projects\Smart-Farming\Datasets\final_combined_datasets\GLUE\ELS\GLUE_ELS_052.JPG,Groundnut,ELS,uncontrolled,bde2ea8d152a34f0,Leaf Spot
Z:\Projects\Smart-Farming\Datasets\final_combined_datasets\GLUE\ELS\GLUE_ELS_053.JPG,Groundnut,ELS,uncontrolled,b0ccc6cf0dc37a85,Leaf Spot
Z:\Projects\Smart-Farming\Datasets\final_combined_datasets\GLUE\ELS\GLUE_ELS_054.JPG,Groundnut,ELS,uncontrolled,eda5a5c5c4120eaf,Leaf Spot
Z:\Projects\Smart-Farming\Datasets\final_combined_datasets\GLUE\ELS\GLUE_ELS_055.JPG,Groundnut,ELS,uncontrolled,dde1957c8c1a6299,Leaf Spot
Z:\Projects\Smart-Farming\Datasets\final_combined_datasets\GLUE\ELS\GLUE_ELS_056.JPG,Groundnut,ELS,uncontrolled,a61ab6ab431e34c7,Leaf Spot
Z:\Projects\Smart-Farming\Datasets\final_combined_datasets\GLUE\ELS\GLUE_ELS_057.JPG,Groundnut,ELS,uncontrolled,9ca17cac8546e7ca,Leaf Spot
Z:\Projects\Smart-Farming\Datasets\final_combined_datasets\GLUE\ELS\GLUE_ELS_058.JPG,Groundnut,ELS,uncontrolled,cab1322e95f49f81,Leaf Spot
Z:\Projects\Smart-Farming\Datasets\final_combined_datasets\GLUE\ELS\GLUE_ELS_059.JPG,Groundnut,ELS,uncontrolled,d4af62957d967110,Leaf Spot
Z:\Projects\Smart-Farming\Datasets\final_combined_datasets\GLUE\ELS\GLUE_ELS_060.JPG,Groundnut,ELS,uncontrolled,cd81b4bcef2fc014,Leaf Spot
Z:\Projects\Smart-Farming\Datasets\final_combined_datasets\GLUE\ELS\GLUE_ELS_061.JPG,Groundnut,ELS,uncontrolled,96d077b946b9609c,Leaf Spot
Z:\Projects\Smart-Farming\Datasets\final_combined_datasets\GLUE\ELS\GLUE_ELS_062.JPG,Groundnut,ELS,uncontrolled,cf7539f489c0134d,Leaf Spot
Z:\Projects\Smart-Farming\Datasets\final_combined_datasets\GLUE\ELS\GLUE_ELS_063.JPG,Groundnut,ELS,uncontrolled,b0f1b89f46ca30c7,Leaf Spot
Z:\Projects\Smart-Farming\Datasets\final_combined_datasets\GLUE\ELS\GLUE_ELS_064.JPG,Groundnut,ELS,uncontrolled,d1f2788362eb350e,Leaf Spot
Z:\Projects\Smart-Farming\Datasets\final_combined_datasets\GLUE\ELS\GLUE_ELS_065.JPG,Groundnut,ELS,uncontrolled,cc325aabd207f2c5,Leaf Spot
Z:\Projects\Smart-Farming\Datasets\final_combined_datasets\GLUE\ELS\GLUE_ELS_066.JPG,Groundnut,ELS,uncontrolled,f8892234f9a3c74e,Leaf Spot
Z:\Projects\Smart-Farming\Datasets\final_combined_datasets\GLUE\ELS\GLUE_ELS_067.JPG,Groundnut,ELS,uncontrolled,98e2779f33445515,Leaf Spot
Z:\Projects\Smart-Farming\Datasets\final_combined_datasets\GLUE\ELS\GLUE_ELS_068.JPG,Groundnut,ELS,uncontrolled,cd59604b1e2d794d,Leaf Spot
Z:\Projects\Smart-Farming\Datasets\final_combined_datasets\GLUE\ELS\GLUE_ELS_069.JPG,Groundnut,ELS,uncontrolled,cda025bcd270e5b3,Leaf Spot
Z:\Projects\Smart-Farming\Datasets\final_combined_datasets\GLUE\ELS\GLUE_ELS_070.JPG,Groundnut,ELS,uncontrolled,8d99723d8313a56d,Leaf Spot
Z:\Projects\Smart-Farming\Datasets\final_combined_datasets\GLUE\ELS\GLUE_ELS_071.JPG,Groundnut,ELS,uncontrolled,f986323a87f1c1ac,Leaf Spot
Z:\Projects\Smart-Farming\Datasets\final_combined_datasets\GLUE\ELS\GLUE_ELS_072.JPG,Groundnut,ELS,uncontrolled,d23c1ff498d80787,Leaf Spot
Z:\Projects\Smart-Farming\Datasets\final_combined_datasets\GLUE\ELS\GLUE_ELS_073.JPG,Groundnut,ELS,uncontrolled,c984f0879f5a4dcc,Leaf Spot
Z:\Projects\Smart-Farming\Datasets\final_combined_datasets\GLUE\ELS\GLUE_ELS_074.JPG,Groundnut,ELS,uncontrolled,c8072ffc90ca17bc,Leaf Spot
Z:\Projects\Smart-Farming\Datasets\final_combined_datasets\GLUE\ELS\GLUE_ELS_075.JPG,Groundnut,ELS,uncontrolled,e186376ebd31a069,Leaf Spot
Z:\Projects\Smart-Farming\Datasets\final_combined_datasets\GLUE\ELS\GLUE_ELS_076.JPG,Groundnut,ELS,uncontrolled,f3ee3140c937562a,Leaf Spot
Z:\Projects\Smart-Farming\Datasets\final_combined_datasets\GLUE\ELS\GLUE_ELS_077.JPG,Groundnut,ELS,uncontrolled,f9c17c81fff00189,Leaf Spot
Z:\Projects\Smart-Farming\Datasets\final_combined_datasets\GLUE\ELS\GLUE_ELS_078.JPG,Groundnut,ELS,uncontrolled,ed187249bcc65639,Leaf Spot
Z:\Projects\Smart-Farming\Datasets\final_combined_datasets\GLUE\ELS\GLUE_ELS_079.JPG,Groundnut,ELS,uncontrolled,91ae71d18a994abe,Leaf Spot
Z:\Projects\Smart-Farming\Datasets\final_combined_datasets\GLUE\ELS\GLUE_ELS_080.JPG,Groundnut,ELS,uncontrolled,e563a0983dbe4533,Leaf Spot
Z:\Projects\Smart-Farming\Datasets\final_combined_datasets\GLUE\ELS\GLUE_ELS_081.JPG,Groundnut,ELS,uncontrolled,c3bd0cbe6ec63015,Leaf Spot
Z:\Projects\Smart-Farming\Datasets\final_combined_datasets\GLUE\ELS\GLUE_ELS_082.JPG,Groundnut,ELS,uncontrolled,f07130bd4da7c562,Leaf Spot
Z:\Projects\Smart-Farming\Datasets\final_combined_datasets\GLUE\ELS\GLUE_ELS_083.JPG,Groundnut,ELS,uncontrolled,bd667132d00d369d,Leaf Spot
Z:\Projects\Smart-Farming\Datasets\final_combined_datasets\GLUE\ELS\GLUE_ELS_084.JPG,Groundnut,ELS,uncontrolled,fb6c6624c04733b3,Leaf Spot
Z:\Projects\Smart-Farming\Datasets\final_combined_datasets\GLUE\ELS\GLUE_ELS_085.JPG,Groundnut,ELS,uncontrolled,f76727881dbcc025,Leaf Spot
Z:\Projects\Smart-Farming\Datasets\final_combined_datasets\GLUE\ELS\GLUE_ELS_086.JPG,Groundnut,ELS,uncontrolled,97bdae3e4ca0311a,Leaf Spot
Z:\Projects\Smart-Farming\Datasets\final_combined_datasets\GLUE\ELS\GLUE_ELS_087.JPG,Groundnut,ELS,uncontrolled,b896c287b7c8497c,Leaf Spot
Z:\Projects\Smart-Farming\Datasets\final_combined_datasets\GLUE\ELS\GLUE_ELS_088.JPG,Groundnut,ELS,uncontrolled,ffcd449db8619242,Leaf Spot
Z:\Projects\Smart-Farming\Datasets\final_combined_datasets\GLUE\ELS\GLUE_ELS_089.JPG,Groundnut,ELS,uncontrolled,a982bd2d129aa76d,Leaf Spot
Z:\Projects\Smart-Farming\Datasets\final_combined_datasets\GLUE\ELS\GLUE_ELS_090.JPG,Groundnut,ELS,uncontrolled,c87da52e96c099e5,Leaf Spot
Z:\Projects\Smart-Farming\Datasets\final_combined_datasets\GLUE\ELS\GLUE_ELS_091.JPG,Groundnut,ELS,uncontrolled,d87d687ea604f849,Leaf Spot
Z:\Projects\Smart-Farming\Datasets\final_combined_datasets\GLUE\ELS\GLUE_ELS_092.JPG,Groundnut,ELS,uncontrolled,ed91db0b59874a4a,Leaf Spot
Z:\Projects\Smart-Farming\Datasets\final_combined_datasets\GLUE\ELS\GLUE_ELS_093.JPG,Groundnut,ELS,uncontrolled,ed8d33f1d11ce450,Leaf Spot
Z:\Projects\Smart-Farming\Datasets\final_combined_datasets\GLUE\ELS\GLUE_ELS_094.JPG,Groundnut,ELS,uncontrolled,ec1dd65119964ed8,Leaf Spot
Z:\Projects\Smart-Farming\Datasets\final_combined_datasets\GLUE\ELS\GLUE_ELS_095.JPG,Groundnut,ELS,uncontrolled,fec0341c83fce817,Leaf Spot
Z:\Projects\Smart-Farming\Datasets\final_combined_datasets\GLUE\ELS\GLUE_ELS_096.JPG,Groundnut,ELS,uncontrolled,e581e1c8dd3c7364,Leaf Spot
Z:\Projects\Smart-Farming\Datasets\final_combined_datasets\GLUE\ELS\GLUE_ELS_097.JPG,Groundnut,ELS,uncontrolled,9fdf024898a4dca7,Leaf Spot
Z:\Projects\Smart-Farming\Datasets\final_combined_datasets\GLUE\ELS\GLUE_ELS_098.JPG,Groundnut,ELS,uncontrolled,aabded0c3ad09c91,Leaf Spot
Z:\Projects\Smart-Farming\Datasets\final_combined_datasets\GLUE\ELS\GLUE_ELS_099.JPG,Groundnut,ELS,uncontrolled,c82774ae1cdd3592,Leaf Spot
Z:\Projects\Smart-Farming\Datasets\final_combined_datasets\GLUE\ELS\GLUE_ELS_100.JPG,Groundnut,ELS,uncontrolled,d9c825fdb067113c,Leaf Spot
Z:\Projects\Smart-Farming\Datasets\final_combined_datasets\GLUE\ELS\GLUE_ELS_101.JPG,Groundnut,ELS,uncontrolled,cf0b653684d7f00e,Leaf Spot
Z:\Projects\Smart-Farming\Datasets\final_combined_datasets\GLUE\ELS\GLUE_ELS_102.JPG,Groundnut,ELS,uncontrolled,eb19f1ce98037ce0,Leaf Spot
Z:\Projects\Smart-Farming\Datasets\final_combined_datasets\GLUE\ELS\GLUE_ELS_103.JPG,Groundnut,ELS,uncontrolled,ac7063798edc4d4c,Leaf Spot
Z:\Projects\Smart-Farming\Datasets\final_combined_datasets\GLUE\ELS\GLUE_ELS_104.JPG,Groundnut,ELS,uncontrolled,c134b7a8c99c17b6,Leaf Spot
Z:\Projects\Smart-Farming\Datasets\final_combined_datasets\GLUE\ELS\GLUE_ELS_105.JPG,Groundnut,ELS,uncontrolled,d93036fcccf80d51,Leaf Spot
Z:\Projects\Smart-Farming\Datasets\final_combined_datasets\GLUE\ELS\GLUE_ELS_106.JPG,Groundnut,ELS,uncontrolled,c8dd27c9c4b36991,Leaf Spot
Z:\Projects\Smart-Farming\Datasets\final_combined_datasets\GLUE\ELS\GLUE_ELS_107.JPG,Groundnut,ELS,uncontrolled,c73a6ea449b53b09,Leaf Spot
Z:\Projects\Smart-Farming\Datasets\final_combined_datasets\GLUE\ELS\GLUE_ELS_108.JPG,Groundnut,ELS,uncontrolled,c0dc26f04563fc76,Leaf Spot
Z:\Projects\Smart-Farming\Datasets\final_combined_datasets\GLUE\ELS\GLUE_ELS_109.JPG,Groundnut,ELS,uncontrolled,9dd718f18dd22478,Leaf Spot
Z:\Projects\Smart-Farming\Datasets\final_combined_datasets\GLUE\ELS\GLUE_ELS_110.JPG,Groundnut,ELS,uncontrolled,ae2827f12d17d07c,Leaf Spot
Z:\Projects\Smart-Farming\Datasets\final_combined_datasets\GLUE\ELS\GLUE_ELS_111.JPG,Groundnut,ELS,uncontrolled,a1e80234df1b69f9,Leaf Spot
Z:\Projects\Smart-Farming\Datasets\final_combined_datasets\GLUE\ELS\GLUE_ELS_112.JPG,Groundnut,ELS,uncontrolled,9c10b3fe41d2525f,Leaf Spot
Z:\Projects\Smart-Farming\Datasets\final_combined_datasets\GLUE\ELS\GLUE_ELS_113.JPG,Groundnut,ELS,uncontrolled,d014f527546eaf4a,Leaf Spot
Z:\Projects\Smart-Farming\Datasets\final_combined_datasets\GLUE\ELS\GLUE_ELS_114.JPG,Groundnut,ELS,uncontrolled,85b9763748533ac6,Leaf Spot
Z:\Projects\Smart-Farming\Datasets\final_combined_datasets\GLUE\ELS\GLUE_ELS_115.JPG,Groundnut,ELS,uncontrolled,8de972d34a76aa21,Leaf Spot
Z:\Projects\Smart-Farming\Datasets\final_combined_datasets\GLUE\ELS\GLUE_ELS_116.JPG,Groundnut,ELS,uncontrolled,9c546332cb165e4f,Leaf Spot
Z:\Projects\Smart-Farming\Datasets\final_combined_datasets\GLUE\ELS\GLUE_ELS_117.JPG,Groundnut,ELS,uncontrolled,8ebb323cc2c56746,Leaf Spot
Z:\Projects\Smart-Farming\Datasets\final_combined_datasets\GLUE\ELS\GLUE_ELS_118.JPG,Groundnut,ELS,uncontrolled,b96312a66d691f26,Leaf Spot
Z:\Projects\Smart-Farming\Datasets\final_combined_datasets\GLUE\ELS\GLUE_ELS_119.JPG,Groundnut,ELS,uncontrolled,c57165eb198de254,Leaf Spot
Z:\Projects\Smart-Farming\Datasets\final_combined_datasets\GLUE\ELS\GLUE_ELS_120.JPG,Groundnut,ELS,uncontrolled,c03826f4fb1b41eb,Leaf Spot
Z:\Projects\Smart-Farming\Datasets\final_combined_datasets\GLUE\ELS\GLUE_ELS_121.JPG,Groundnut,ELS,uncontrolled,dbe5b4625ae45423,Leaf Spot
Z:\Projects\Smart-Farming\Datasets\final_combined_datasets\GLUE\ELS\GLUE_ELS_122.JPG,Groundnut,ELS,uncontrolled,cd9c116e4c63278f,Leaf Spot
Z:\Projects\Smart-Farming\Datasets\final_combined_datasets\GLUE\ELS\GLUE_ELS_123.JPG,Groundnut,ELS,uncontrolled,d83276fe1414b1cb,Leaf Spot
Z:\Projects\Smart-Farming\Datasets\final_combined_datasets\GLUE\ELS\GLUE_ELS_124.JPG,Groundnut,ELS,uncontrolled,e930be5f07e05f01,Leaf Spot
Z:\Projects\Smart-Farming\Datasets\final_combined_datasets\GLUE\ELS\GLUE_ELS_125.JPG,Groundnut,ELS,uncontrolled,da17b36560ec585a,Leaf Spot
Z:\Projects\Smart-Farming\Datasets\final_combined_datasets\GLUE\ELS\GLUE_ELS_126.JPG,Groundnut,ELS,uncontrolled,cbc59727940b80f7,Leaf Spot
Z:\Projects\Smart-Farming\Datasets\final_combined_datasets\GLUE\ELS\GLUE_ELS_127.JPG,Groundnut,ELS,uncontrolled,d931f6331b52d283,Leaf Spot
Z:\Projects\Smart-Farming\Datasets\final_combined_datasets\GLUE\ELS\GLUE_ELS_128.JPG,Groundnut,ELS,uncontrolled,fdb5336f0a0888e6,Leaf Spot
Z:\Projects\Smart-Farming\Datasets\final_combined_datasets\GLUE\ELS\GLUE_ELS_129.JPG,Groundnut,ELS,uncontrolled,fe39e627da122518,Leaf Spot
Z:\Projects\Smart-Farming\Datasets\final_combined_datasets\GLUE\ELS\GLUE_ELS_130.JPG,Groundnut,ELS,uncontrolled,d016377de28e438d,Leaf Spot
Z:\Projects\Smart-Farming\Datasets\final_combined_datasets\GLUE\ELS\GLUE_ELS_131.JPG,Groundnut,ELS,uncontrolled,f143038ec8de66d5,Leaf Spot
Z:\Projects\Smart-Farming\Datasets\final_combined_datasets\GLUE\ELS\GLUE_ELS_132.JPG,Groundnut,ELS,uncontrolled,f1430b2e8af71e64,Leaf Spot
Z:\Projects\Smart-Farming\Datasets\final_combined_datasets\GLUE\ELS\GLUE_ELS_133.JPG,Groundnut,ELS,uncontrolled,e14303aec8de2ee5,Leaf Spot
Z:\Projects\Smart-Farming\Datasets\final_combined_datasets\GLUE\ELS\GLUE_ELS_134.JPG,Groundnut,ELS,uncontrolled,f14b2ba4c95c6476,Leaf Spot
Z:\Projects\Smart-Farming\Datasets\final_combined_datasets\GLUE\ELS\GLUE_ELS_135.JPG,Groundnut,ELS,uncontrolled,f840b4a9d36a3755,Leaf Spot
Z:\Projects\Smart-Farming\Datasets\final_combined_datasets\GLUE\ELS\GLUE_ELS_136.JPG,Groundnut,ELS,uncontrolled,ed5aa666f07403a5,Leaf Spot
Z:\Projects\Smart-Farming\Datasets\final_combined_datasets\GLUE\ELS\GLUE_ELS_137.JPG,Groundnut,ELS,uncontrolled,ae1824c9d06fc3db,Leaf Spot
Z:\Projects\Smart-Farming\Datasets\final_combined_datasets\GLUE\ELS\GLUE_ELS_138.JPG,Groundnut,ELS,uncontrolled,cb5a89daa912f545,Leaf Spot
Z:\Projects\Smart-Farming\Datasets\final_combined_datasets\GLUE\ELS\GLUE_ELS_139.JPG,Groundnut,ELS,uncontrolled,cbc78e7002fa718e,Leaf Spot
Z:\Projects\Smart-Farming\Datasets\final_combined_datasets\GLUE\ELS\GLUE_ELS_140.JPG,Groundnut,ELS,uncontrolled,cdcba5489d88acf4,Leaf Spot
Z:\Projects\Smart-Farming\Datasets\final_combined_datasets\GLUE\ELS\GLUE_ELS_141.JPG,Groundnut,ELS,uncontrolled,c0816de01cf68bdf,Leaf Spot
Z:\Projects\Smart-Farming\Datasets\final_combined_datasets\GLUE\ELS\GLUE_ELS_142.JPG,Groundnut,ELS,uncontrolled,8a08b5e4d2bdc6d9,Leaf Spot
Z:\Projects\Smart-Farming\Datasets\final_combined_datasets\GLUE\ELS\GLUE_ELS_143.JPG,Groundnut,ELS,uncontrolled,dab22a5afd459815,Leaf Spot
Z:\Projects\Smart-Farming\Datasets\final_combined_datasets\GLUE\ELS\GLUE_ELS_144.JPG,Groundnut,ELS,uncontrolled,cce927b0c5f1525c,Leaf Spot
Z:\Projects\Smart-Farming\Datasets\final_combined_datasets\GLUE\ELS\GLUE_ELS_145.JPG,Groundnut,ELS,uncontrolled,ca83b2b8e5d94656,Leaf Spot
Z:\Projects\Smart-Farming\Datasets\final_combined_datasets\GLUE\ELS\GLUE_ELS_146.JPG,Groundnut,ELS,uncontrolled,ddf5e304f424905e,Leaf Spot
Z:\Projects\Smart-Farming\Datasets\final_combined_datasets\GLUE\ELS\GLUE_ELS_147.JPG,Groundnut,ELS,uncontrolled,a186366fc938f433,Leaf Spot
Z:\Projects\Smart-Farming\Datasets\final_combined_datasets\GLUE\ELS\GLUE_ELS_148.JPG,Groundnut,ELS,uncontrolled,93ca3dd24b596a34,Leaf Spot
Z:\Projects\Smart-Farming\Datasets\final_combined_datasets\GLUE\ELS\GLUE_ELS_149.JPG,Groundnut,ELS,uncontrolled,9239bf620ccc3277,Leaf Spot
Z:\Projects\Smart-Farming\Datasets\final_combined_datasets\GLUE\ELS\GLUE_ELS_150.JPG,Groundnut,ELS,uncontrolled,d1d1f2cc978099cd,Leaf Spot
Z:\Projects\Smart-Farming\Datasets\final_combined_datasets\GLUE\ELS\GLUE_ELS_151.JPG,Groundnut,ELS,uncontrolled,de5a0b969ce8ca89,Leaf Spot
Z:\Projects\Smart-Farming\Datasets\final_combined_datasets\GLUE\ELS\GLUE_ELS_152.JPG,Groundnut,ELS,uncontrolled,8c33ce397dca1349,Leaf Spot
Z:\Projects\Smart-Farming\Datasets\final_combined_datasets\GLUE\ELS\GLUE_ELS_153.JPG,Groundnut,ELS,uncontrolled,94706229a9dec7b3,Leaf Spot
Z:\Projects\Smart-Farming\Datasets\final_combined_datasets\GLUE\ELS\GLUE_ELS_154.JPG,Groundnut,ELS,uncontrolled,e82901b795d65e4e,Leaf Spot
Z:\Projects\Smart-Farming\Datasets\final_combined_datasets\GLUE\ELS\GLUE_ELS_155.JPG,Groundnut,ELS,uncontrolled,a5fc6864b01f1a7a,Leaf Spot
Z:\Projects\Smart-Farming\Datasets\final_combined_datasets\GLUE\ELS\GLUE_ELS_156.JPG,Groundnut,ELS,uncontrolled,e87901239546deee,Leaf Spot
Z:\Projects\Smart-Farming\Datasets\final_combined_datasets\GLUE\ELS\GLUE_ELS_157.JPG,Groundnut,ELS,uncontrolled,c0dace6d93fa4c90,Leaf Spot
Z:\Projects\Smart-Farming\Datasets\final_combined_datasets\GLUE\ELS\GLUE_ELS_158.JPG,Groundnut,ELS,uncontrolled,c0b2533c71217b7d,Leaf Spot
Z:\Projects\Smart-Farming\Datasets\final_combined_datasets\GLUE\ELS\GLUE_ELS_159.JPG,Groundnut,ELS,uncontrolled,dbeca54b589c6aa0,Leaf Spot
Z:\Projects\Smart-Farming\Datasets\final_combined_datasets\GLUE\ELS\GLUE_ELS_160.JPG,Groundnut,ELS,uncontrolled,cdb22d55d0eb6027,Leaf Spot
Z:\Projects\Smart-Farming\Datasets\final_combined_datasets\GLUE\ELS\GLUE_ELS_161.JPG,Groundnut,ELS,uncontrolled,c6edc6164ca71e43,Leaf Spot
Z:\Projects\Smart-Farming\Datasets\final_combined_datasets\GLUE\ELS\GLUE_ELS_162.JPG,Groundnut,ELS,uncontrolled,af692b0385c1d47e,Leaf Spot
Z:\Projects\Smart-Farming\Datasets\final_combined_datasets\GLUE\ELS\GLUE_ELS_163.JPG,Groundnut,ELS,uncontrolled,eadd367acc0a12e2,Leaf Spot
Z:\Projects\Smart-Farming\Datasets\final_combined_datasets\GLUE\ELS\GLUE_ELS_164.JPG,Groundnut,ELS,uncontrolled,99e0c6e48ecc716d,Leaf Spot
Z:\Projects\Smart-Farming\Datasets\final_combined_datasets\GLUE\ELS\GLUE_ELS_165.JPG,Groundnut,ELS,uncontrolled,cabaf513b9b4300e,Leaf Spot
Z:\Projects\Smart-Farming\Datasets\final_combined_datasets\GLUE\ELS\GLUE_ELS_167.JPG,Groundnut,ELS,uncontrolled,dd0072e99697c4b6,Leaf Spot
Z:\Projects\Smart-Farming\Datasets\final_combined_datasets\GLUE\ELS\GLUE_ELS_168.JPG,Groundnut,ELS,uncontrolled,e3323c03ded932e4,Leaf Spot
Z:\Projects\Smart-Farming\Datasets\final_combined_datasets\GLUE\ELS\GLUE_ELS_169.JPG,Groundnut,ELS,uncontrolled,eb1605b37c1e4761,Leaf Spot
Z:\Projects\Smart-Farming\Datasets\final_combined_datasets\GLUE\ELS\GLUE_ELS_170.JPG,Groundnut,ELS,uncontrolled,e5a4f2cad9f122c2,Leaf Spot
Z:\Projects\Smart-Farming\Datasets\final_combined_datasets\GLUE\ELS\GLUE_ELS_171.JPG,Groundnut,ELS,uncontrolled,c82ef9959e8d0ec8,Leaf Spot
Z:\Projects\Smart-Farming\Datasets\final_combined_datasets\GLUE\ELS\GLUE_ELS_172.JPG,Groundnut,ELS,uncontrolled,c861f277a83fc306,Leaf Spot
Z:\Projects\Smart-Farming\Datasets\final_combined_datasets\GLUE\ELS\GLUE_ELS_173.JPG,Groundnut,ELS,uncontrolled,e439a675a95aada0,Leaf Spot
Z:\Projects\Smart-Farming\Datasets\final_combined_datasets\GLUE\ELS\GLUE_ELS_174.JPG,Groundnut,ELS,uncontrolled,d62f4221dfc5c18d,Leaf Spot
Z:\Projects\Smart-Farming\Datasets\final_combined_datasets\GLUE\ELS\GLUE_ELS_175.JPG,Groundnut,ELS,uncontrolled,d7303c3f42964f91,Leaf Spot
Z:\Projects\Smart-Farming\Datasets\final_combined_datasets\GLUE\ELS\GLUE_ELS_176.JPG,Groundnut,ELS,uncontrolled,ef357027c998b44a,Leaf Spot
Z:\Projects\Smart-Farming\Datasets\final_combined_datasets\GLUE\ELS\GLUE_ELS_177.JPG,Groundnut,ELS,uncontrolled,c63d25f490f0e2d9,Leaf Spot
Z:\Projects\Smart-Farming\Datasets\final_combined_datasets\GLUE\ELS\GLUE_ELS_178.JPG,Groundnut,ELS,uncontrolled,dee5224f4f00cd2b,Leaf Spot
Z:\Projects\Smart-Farming\Datasets\final_combined_datasets\GLUE\ELS\GLUE_ELS_179.JPG,Groundnut,ELS,uncontrolled,8df132fa2ee09a07,Leaf Spot
Z:\Projects\Smart-Farming\Datasets\final_combined_datasets\GLUE\ELS\GLUE_ELS_180.JPG,Groundnut,ELS,uncontrolled,c3fa24a99a091bdb,Leaf Spot
Z:\Projects\Smart-Farming\Datasets\final_combined_datasets\GLUE\ELS\GLUE_ELS_181.JPG,Groundnut,ELS,uncontrolled,9f741bb4a64a52c5,Leaf Spot
Z:\Projects\Smart-Farming\Datasets\final_combined_datasets\GLUE\ELS\GLUE_ELS_182.JPG,Groundnut,ELS,uncontrolled,8b903f8ef48e24e3,Leaf Spot
Z:\Projects\Smart-Farming\Datasets\final_combined_datasets\GLUE\ELS\GLUE_ELS_183.JPG,Groundnut,ELS,uncontrolled,a8cb723455ba9b98,Leaf Spot
Z:\Projects\Smart-Farming\Datasets\final_combined_datasets\GLUE\ELS\GLUE_ELS_184.JPG,Groundnut,ELS,uncontrolled,8c9d5e61cd85b147,Leaf Spot
Z:\Projects\Smart-Farming\Datasets\final_combined_datasets\GLUE\ELS\GLUE_ELS_185.JPG,Groundnut,ELS,uncontrolled,d8b521fac74b7881,Leaf Spot
Z:\Projects\Smart-Farming\Datasets\final_combined_datasets\GLUE\ELS\GLUE_ELS_186.JPG,Groundnut,ELS,uncontrolled,8a76331c89af7c94,Leaf Spot
Z:\Projects\Smart-Farming\Datasets\final_combined_datasets\GLUE\ELS\GLUE_ELS_187.JPG,Groundnut,ELS,uncontrolled,9e361272cdb8e236,Leaf Spot
Z:\Projects\Smart-Farming\Datasets\final_combined_datasets\GLUE\ELS\GLUE_ELS_188.JPG,Groundnut,ELS,uncontrolled,8d15e7f27c492d18,Leaf Spot
Z:\Projects\Smart-Farming\Datasets\final_combined_datasets\GLUE\ELS\GLUE_ELS_189.JPG,Groundnut,ELS,uncontrolled,a70f2276dc9289cd,Leaf Spot
Z:\Projects\Smart-Farming\Datasets\final_combined_datasets\GLUE\ELS\GLUE_ELS_190.JPG,Groundnut,ELS,uncontrolled,c55bca5a9324f2d1,Leaf Spot
Z:\Projects\Smart-Farming\Datasets\final_combined_datasets\GLUE\ELS\GLUE_ELS_191.JPG,Groundnut,ELS,uncontrolled,d44e1392b3f25356,Leaf Spot
Z:\Projects\Smart-Farming\Datasets\final_combined_datasets\GLUE\ELS\GLUE_ELS_192.JPG,Groundnut,ELS,uncontrolled,efd423a19b95854a,Leaf Spot
Z:\Projects\Smart-Farming\Datasets\final_combined_datasets\GLUE\ELS\GLUE_ELS_193.JPG,Groundnut,ELS,uncontrolled,de2a93d2c583ec0d,Leaf Spot
Z:\Projects\Smart-Farming\Datasets\final_combined_datasets\GLUE\ELS\GLUE_ELS_194.JPG,Groundnut,ELS,uncontrolled,d4636c71aa40bbbc,Leaf Spot
Z:\Projects\Smart-Farming\Datasets\final_combined_datasets\GLUE\ELS\GLUE_ELS_195.JPG,Groundnut,ELS,uncontrolled,c934b06797ec36d0,Leaf Spot
Z:\Projects\Smart-Farming\Datasets\final_combined_datasets\GLUE\ELS\GLUE_ELS_196.JPG,Groundnut,ELS,uncontrolled,8d25687696f00ef3,Leaf Spot
Z:\Projects\Smart-Farming\Datasets\final_combined_datasets\GLUE\ELS\GLUE_ELS_197.JPG,Groundnut,ELS,uncontrolled,aee42e2d95342ae5,Leaf Spot
Z:\Projects\Smart-Farming\Datasets\final_combined_datasets\GLUE\ELS\GLUE_ELS_198.JPG,Groundnut,ELS,uncontrolled,8799b6b243fc820f,Leaf Spot
Z:\Projects\Smart-Farming\Datasets\final_combined_datasets\GLUE\ELS\GLUE_ELS_199.JPG,Groundnut,ELS,uncontrolled,cdf4628b82e97253,Leaf Spot
Z:\Projects\Smart-Farming\Datasets\final_combined_datasets\GLUE\ELS\GLUE_ELS_200.JPG,Groundnut,ELS,uncontrolled,d6cde07e95302c5a,Leaf Spot
Z:\Projects\Smart-Farming\Datasets\final_combined_datasets\GLUE\ELS\GLUE_ELS_201.JPG,Groundnut,ELS,uncontrolled,c8f47c1aad381799,Leaf Spot
Z:\Projects\Smart-Farming\Datasets\final_combined_datasets\GLUE\ELS\GLUE_ELS_202.JPG,Groundnut,ELS,uncontrolled,a3dc690f6c36b0d2,Leaf Spot
Z:\Projects\Smart-Farming\Datasets\final_combined_datasets\GLUE\ELS\GLUE_ELS_203.JPG,Groundnut,ELS,uncontrolled,e8ea231bf1652339,Leaf Spot
Z:\Projects\Smart-Farming\Datasets\final_combined_datasets\GLUE\ELS\GLUE_ELS_204.JPG,Groundnut,ELS,uncontrolled,8a0a8b82ff03c5fd,Leaf Spot
Z:\Projects\Smart-Farming\Datasets\final_combined_datasets\GLUE\ELS\GLUE_ELS_205.JPG,Groundnut,ELS,uncontrolled,e4cc7bb01959d04f,Leaf Spot
Z:\Projects\Smart-Farming\Datasets\final_combined_datasets\GLUE\ELS\GLUE_ELS_206.JPG,Groundnut,ELS,uncontrolled,ecd354431d3dd4c4,Leaf Spot
Z:\Projects\Smart-Farming\Datasets\final_combined_datasets\GLUE\ELS\GLUE_ELS_207.JPG,Groundnut,ELS,uncontrolled,9aaf5cc90c15e399,Leaf Spot
Z:\Projects\Smart-Farming\Datasets\final_combined_datasets\GLUE\ELS\GLUE_ELS_208.JPG,Groundnut,ELS,uncontrolled,98be23c31c4d1f39,Leaf Spot
Z:\Projects\Smart-Farming\Datasets\final_combined_datasets\GLUE\ELS\GLUE_ELS_209.JPG,Groundnut,ELS,uncontrolled,da6e4a04b6ec4fa4,Leaf Spot
Z:\Projects\Smart-Farming\Datasets\final_combined_datasets\GLUE\ELS\GLUE_ELS_210.JPG,Groundnut,ELS,uncontrolled,84a372d5b55131be,Leaf Spot
Z:\Projects\Smart-Farming\Datasets\final_combined_datasets\GLUE\ELS\GLUE_ELS_211.JPG,Groundnut,ELS,uncontrolled,e218a5118a76fd3b,Leaf Spot
Z:\Projects\Smart-Farming\Datasets\final_combined_datasets\GLUE\ELS\GLUE_ELS_212.JPG,Groundnut,ELS,uncontrolled,f70ae5d18621f41e,Leaf Spot
Z:\Projects\Smart-Farming\Datasets\final_combined_datasets\GLUE\ELS\GLUE_ELS_213.JPG,Groundnut,ELS,uncontrolled,da2e4a24b6e44eec,Leaf Spot
Z:\Projects\Smart-Farming\Datasets\final_combined_datasets\GLUE\ELS\GLUE_ELS_214.JPG,Groundnut,ELS,uncontrolled,c57a853bd05f3185,Leaf Spot
Z:\Projects\Smart-Farming\Datasets\final_combined_datasets\GLUE\ELS\GLUE_ELS_215.JPG,Groundnut,ELS,uncontrolled,ef9f237800d0de85,Leaf Spot
Z:\Projects\Smart-Farming\Datasets\final_combined_datasets\GLUE\ELS\GLUE_ELS_216.JPG,Groundnut,ELS,uncontrolled,e9b981e68ed702e2,Leaf Spot
Z:\Projects\Smart-Farming\Datasets\final_combined_datasets\GLUE\ELS\GLUE_ELS_217.JPG,Groundnut,ELS,uncontrolled,afd2230be4120bfd,Leaf Spot
Z:\Projects\Smart-Farming\Datasets\final_combined_datasets\GLUE\ELS\GLUE_ELS_218.JPG,Groundnut,ELS,uncontrolled,f8b83f078100f8f7,Leaf Spot
Z:\Projects\Smart-Farming\Datasets\final_combined_datasets\GLUE\ELS\GLUE_ELS_219.JPG,Groundnut,ELS,uncontrolled,ebe1a773cc422313,Leaf Spot
Z:\Projects\Smart-Farming\Datasets\final_combined_datasets\GLUE\ELS\GLUE_ELS_220.JPG,Groundnut,ELS,uncontrolled,add031a678bae8b4,Leaf Spot
Z:\Projects\Smart-Farming\Datasets\final_combined_datasets\GLUE\ELS\GLUE_ELS_221.JPG,Groundnut,ELS,uncontrolled,c17da034cd309fb9,Leaf Spot
Z:\Projects\Smart-Farming\Datasets\final_combined_datasets\GLUE\ELS\GLUE_ELS_222.JPG,Groundnut,ELS,uncontrolled,cb96fe08a0d0aa7e,Leaf Spot
Z:\Projects\Smart-Farming\Datasets\final_combined_datasets\GLUE\ELS\GLUE_ELS_223.JPG,Groundnut,ELS,uncontrolled,c9943a0a8edaa8fe,Leaf Spot
Z:\Projects\Smart-Farming\Datasets\final_combined_datasets\GLUE\ELS\GLUE_ELS_224.JPG,Groundnut,ELS,uncontrolled,e82c74d3a7e5a09a,Leaf Spot
Z:\Projects\Smart-Farming\Datasets\final_combined_datasets\GLUE\ELS\GLUE_ELS_225.JPG,Groundnut,ELS,uncontrolled,c98cbe5f1951702b,Leaf Spot
Z:\Projects\Smart-Farming\Datasets\final_combined_datasets\GLUE\ELS\GLUE_ELS_226.JPG,Groundnut,ELS,uncontrolled,850787c20fcb279f,Leaf Spot
Z:\Projects\Smart-Farming\Datasets\final_combined_datasets\GLUE\ELS\GLUE_ELS_227.JPG,Groundnut,ELS,uncontrolled,d2bbe13b95c43a88,Leaf Spot
Z:\Projects\Smart-Farming\Datasets\final_combined_datasets\GLUE\ELS\GLUE_ELS_228.JPG,Groundnut,ELS,uncontrolled,daad67e260aae0f0,Leaf Spot
Z:\Projects\Smart-Farming\Datasets\final_combined_datasets\GLUE\ELS\GLUE_ELS_229.JPG,Groundnut,ELS,uncontrolled,f8c23a2b6f6cb0a1,Leaf Spot
Z:\Projects\Smart-Farming\Datasets\final_combined_datasets\GLUE\ELS\GLUE_ELS_230.JPG,Groundnut,ELS,uncontrolled,de2d34e29ad043e9,Leaf Spot
Z:\Projects\Smart-Farming\Datasets\final_combined_datasets\GLUE\ELS\GLUE_ELS_231.JPG,Groundnut,ELS,uncontrolled,f39766645853ec88,Leaf Spot
Z:\Projects\Smart-Farming\Datasets\final_combined_datasets\GLUE\ELS\GLUE_ELS_232.JPG,Groundnut,ELS,uncontrolled,fdc21a3a826f4c63,Leaf Spot
Z:\Projects\Smart-Farming\Datasets\final_combined_datasets\GLUE\ELS\GLUE_ELS_233.JPG,Groundnut,ELS,uncontrolled,fdc03a3a626e5cc2,Leaf Spot
Z:\Projects\Smart-Farming\Datasets\final_combined_datasets\GLUE\ELS\GLUE_ELS_234.JPG,Groundnut,ELS,uncontrolled,fdd01f98f06a3862,Leaf Spot
Z:\Projects\Smart-Farming\Datasets\final_combined_datasets\GLUE\ELS\GLUE_ELS_235.JPG,Groundnut,ELS,uncontrolled,cae56c4a87c6596a,Leaf Spot
Z:\Projects\Smart-Farming\Datasets\final_combined_datasets\GLUE\ELS\GLUE_ELS_236.JPG,Groundnut,ELS,uncontrolled,f3997126485147dd,Leaf Spot
Z:\Projects\Smart-Farming\Datasets\final_combined_datasets\GLUE\ELS\GLUE_ELS_237.JPG,Groundnut,ELS,uncontrolled,d60ea206ea78f91d,Leaf Spot
Z:\Projects\Smart-Farming\Datasets\final_combined_datasets\GLUE\ELS\GLUE_ELS_238.JPG,Groundnut,ELS,uncontrolled,d303b148f9eaf461,Leaf Spot
Z:\Projects\Smart-Farming\Datasets\final_combined_datasets\GLUE\ELS\GLUE_ELS_239.JPG,Groundnut,ELS,uncontrolled,d738e36d6d0c1634,Leaf Spot
Z:\Projects\Smart-Farming\Datasets\final_combined_datasets\GLUE\ELS\GLUE_ELS_240.JPG,Groundnut,ELS,uncontrolled,d71c60e6c961aa5b,Leaf Spot
Z:\Projects\Smart-Farming\Datasets\final_combined_datasets\GLUE\ELS\GLUE_ELS_241.JPG,Groundnut,ELS,uncontrolled,8f61c6a68d98b5b4,Leaf Spot
Z:\Projects\Smart-Farming\Datasets\final_combined_datasets\GLUE\ELS\GLUE_ELS_242.JPG,Groundnut,ELS,uncontrolled,8f61c7e68d98c1b4,Leaf Spot
Z:\Projects\Smart-Farming\Datasets\final_combined_datasets\GLUE\ELS\GLUE_ELS_244.JPG,Groundnut,ELS,uncontrolled,8f79b6b66818d485,Leaf Spot
Z:\Projects\Smart-Farming\Datasets\final_combined_datasets\GLUE\ELS\GLUE_ELS_245.JPG,Groundnut,ELS,uncontrolled,ceda234e4d399271,Leaf Spot
Z:\Projects\Smart-Farming\Datasets\final_combined_datasets\GLUE\ELS\GLUE_ELS_246.JPG,Groundnut,ELS,uncontrolled,8fd3633d1c242e78,Leaf Spot
Z:\Projects\Smart-Farming\Datasets\final_combined_datasets\GLUE\ELS\GLUE_ELS_247.JPG,Groundnut,ELS,uncontrolled,a469f1b08dc2ceae,Leaf Spot
Z:\Projects\Smart-Farming\Datasets\final_combined_datasets\GLUE\ELS\GLUE_ELS_248.JPG,Groundnut,ELS,uncontrolled,89bd52997bc888f8,Leaf Spot
Z:\Projects\Smart-Farming\Datasets\final_combined_datasets\GLUE\ELS\GLUE_ELS_249.JPG,Groundnut,ELS,uncontrolled,8bd93cf710a84dc5,Leaf Spot
Z:\Projects\Smart-Farming\Datasets\final_combined_datasets\GLUE\ELS\GLUE_ELS_250.JPG,Groundnut,ELS,uncontrolled,daf472a0c9e826e9,Leaf Spot
Z:\Projects\Smart-Farming\Datasets\final_combined_datasets\GLUE\ELS\GLUE_ELS_251.JPG,Groundnut,ELS,uncontrolled,dab54b72c2761c98,Leaf Spot
Z:\Projects\Smart-Farming\Datasets\final_combined_datasets\GLUE\ELS\GLUE_ELS_252.JPG,Groundnut,ELS,uncontrolled,d8c7523f6916e115,Leaf Spot
Z:\Projects\Smart-Farming\Datasets\final_combined_datasets\GLUE\ELS\GLUE_ELS_253.JPG,Groundnut,ELS,uncontrolled,81fd1123889bfae5,Leaf Spot
Z:\Projects\Smart-Farming\Datasets\final_combined_datasets\GLUE\ELS\GLUE_ELS_254.JPG,Groundnut,ELS,uncontrolled,d5ab91460adfc271,Leaf Spot
Z:\Projects\Smart-Farming\Datasets\final_combined_datasets\GLUE\ELS\GLUE_ELS_255.JPG,Groundnut,ELS,uncontrolled,acc5e490b5e891cf,Leaf Spot
Z:\Projects\Smart-Farming\Datasets\final_combined_datasets\GLUE\ELS\GLUE_ELS_256.JPG,Groundnut,ELS,uncontrolled,e5967c9129aa9b0e,Leaf Spot
Z:\Projects\Smart-Farming\Datasets\final_combined_datasets\GLUE\ELS\GLUE_ELS_257.JPG,Groundnut,ELS,uncontrolled,c9c4762693b83dd1,Leaf Spot
Z:\Projects\Smart-Farming\Datasets\final_combined_datasets\GLUE\ELS\GLUE_ELS_258.JPG,Groundnut,ELS,uncontrolled,c6a942ac5685e37b,Leaf Spot
Z:\Projects\Smart-Farming\Datasets\final_combined_datasets\GLUE\ELS\GLUE_ELS_259.JPG,Groundnut,ELS,uncontrolled,c1662b67c398f638,Leaf Spot
Z:\Projects\Smart-Farming\Datasets\final_combined_datasets\GLUE\ELS\GLUE_ELS_260.JPG,Groundnut,ELS,uncontrolled,acfd62688c9f12e4,Leaf Spot
Z:\Projects\Smart-Farming\Datasets\final_combined_datasets\GLUE\ELS\GLUE_ELS_261.JPG,Groundnut,ELS,uncontrolled,a5e6637dc50212f9,Leaf Spot
Z:\Projects\Smart-Farming\Datasets\final_combined_datasets\GLUE\ELS\GLUE_ELS_262.JPG,Groundnut,ELS,uncontrolled,cea6e1b35db0063c,Leaf Spot
Z:\Projects\Smart-Farming\Datasets\final_combined_datasets\GLUE\ELS\GLUE_ELS_263.JPG,Groundnut,ELS,uncontrolled,a9f04e6e1dc3681e,Leaf Spot
Z:\Projects\Smart-Farming\Datasets\final_combined_datasets\GLUE\ELS\GLUE_ELS_264.JPG,Groundnut,ELS,uncontrolled,f3b13af0ca4e1654,Leaf Spot
Z:\Projects\Smart-Farming\Datasets\final_combined_datasets\GLUE\ELS\GLUE_ELS_265.JPG,Groundnut,ELS,uncontrolled,e9831e279c7263b4,Leaf Spot
Z:\Projects\Smart-Farming\Datasets\final_combined_datasets\GLUE\ELS\GLUE_ELS_266.JPG,Groundnut,ELS,uncontrolled,e8810e438f5a63bf,Leaf Spot
Z:\Projects\Smart-Farming\Datasets\final_combined_datasets\GLUE\ELS\GLUE_ELS_267.JPG,Groundnut,ELS,uncontrolled,d801daf0b9166e79,Leaf Spot
Z:\Projects\Smart-Farming\Datasets\final_combined_datasets\GLUE\ELS\GLUE_ELS_268.JPG,Groundnut,ELS,uncontrolled,c3b7f33db0047813,Leaf Spot
Z:\Projects\Smart-Farming\Datasets\final_combined_datasets\GLUE\ELS\GLUE_ELS_269.JPG,Groundnut,ELS,uncontrolled,d75b66c424fc2782,Leaf Spot
Z:\Projects\Smart-Farming\Datasets\final_combined_datasets\GLUE\ELS\GLUE_ELS_270.JPG,Groundnut,ELS,uncontrolled,dc01e1f0f00ed7e6,Leaf Spot
Z:\Projects\Smart-Farming\Datasets\final_combined_datasets\GLUE\ELS\GLUE_ELS_271.JPG,Groundnut,ELS,uncontrolled,d19d6bacc9424ccb,Leaf Spot
Z:\Projects\Smart-Farming\Datasets\final_combined_datasets\GLUE\ELS\GLUE_ELS_272.JPG,Groundnut,ELS,uncontrolled,ed95576899e106d8,Leaf Spot
Z:\Projects\Smart-Farming\Datasets\final_combined_datasets\GLUE\ELS\GLUE_ELS_273.JPG,Groundnut,ELS,uncontrolled,eba49217d9d2630e,Leaf Spot
Z:\Projects\Smart-Farming\Datasets\final_combined_datasets\GLUE\ELS\GLUE_ELS_274.JPG,Groundnut,ELS,uncontrolled,dce3ea2d2a36b380,Leaf Spot
Z:\Projects\Smart-Farming\Datasets\final_combined_datasets\GLUE\ELS\GLUE_ELS_275.JPG,Groundnut,ELS,uncontrolled,fb2ca48681cb97c6,Leaf Spot
Z:\Projects\Smart-Farming\Datasets\final_combined_datasets\GLUE\ELS\GLUE_ELS_276.JPG,Groundnut,ELS,uncontrolled,fcfc041e0bc97349,Leaf Spot
Z:\Projects\Smart-Farming\Datasets\final_combined_datasets\GLUE\ELS\GLUE_ELS_277.JPG,Groundnut,ELS,uncontrolled,afde1ede0988780a,Leaf Spot
Z:\Projects\Smart-Farming\Datasets\final_combined_datasets\GLUE\ELS\GLUE_ELS_278.JPG,Groundnut,ELS,uncontrolled,ccba1692fb42742e,Leaf Spot
Z:\Projects\Smart-Farming\Datasets\final_combined_datasets\GLUE\ELS\GLUE_ELS_279.JPG,Groundnut,ELS,uncontrolled,ed42d2e48b3e6c83,Leaf Spot
Z:\Projects\Smart-Farming\Datasets\final_combined_datasets\GLUE\ELS\GLUE_ELS_280.JPG,Groundnut,ELS,uncontrolled,8c5ed61fc4837c62,Leaf Spot
Z:\Projects\Smart-Farming\Datasets\final_combined_datasets\GLUE\ELS\GLUE_ELS_281.JPG,Groundnut,ELS,uncontrolled,e924947b9553857c,Leaf Spot
Z:\Projects\Smart-Farming\Datasets\final_combined_datasets\GLUE\ELS\GLUE_ELS_282.JPG,Groundnut,ELS,uncontrolled,8905cfc54bbc9297,Leaf Spot
Z:\Projects\Smart-Farming\Datasets\final_combined_datasets\GLUE\ELS\GLUE_ELS_283.JPG,Groundnut,ELS,uncontrolled,e9f312829dc3368d,Leaf Spot
Z:\Projects\Smart-Farming\Datasets\final_combined_datasets\GLUE\ELS\GLUE_ELS_284.JPG,Groundnut,ELS,uncontrolled,c13aa503f5841ff6,Leaf Spot
Z:\Projects\Smart-Farming\Datasets\final_combined_datasets\GLUE\ELS\GLUE_ELS_285.JPG,Groundnut,ELS,uncontrolled,857aa619e3ad39a2,Leaf Spot
Z:\Projects\Smart-Farming\Datasets\final_combined_datasets\GLUE\ELS\GLUE_ELS_286.JPG,Groundnut,ELS,uncontrolled,90e6b96e0ecc4ec3,Leaf Spot
Z:\Projects\Smart-Farming\Datasets\final_combined_datasets\GLUE\ELS\GLUE_ELS_287.JPG,Groundnut,ELS,uncontrolled,fe3a316129f01e4e,Leaf Spot
Z:\Projects\Smart-Farming\Datasets\final_combined_datasets\GLUE\ELS\GLUE_ELS_288.JPG,Groundnut,ELS,uncontrolled,ca75ebb4c883a9a8,Leaf Spot
Z:\Projects\Smart-Farming\Datasets\final_combined_datasets\GLUE\ELS\GLUE_ELS_289.JPG,Groundnut,ELS,uncontrolled,fe3a1565b45ec209,Leaf Spot
Z:\Projects\Smart-Farming\Datasets\final_combined_datasets\GLUE\ELS\GLUE_ELS_290.JPG,Groundnut,ELS,uncontrolled,d8a2e66e025555f9,Leaf Spot
Z:\Projects\Smart-Farming\Datasets\final_combined_datasets\GLUE\ELS\GLUE_ELS_291.JPG,Groundnut,ELS,uncontrolled,ae7370319fec308c,Leaf Spot
Z:\Projects\Smart-Farming\Datasets\final_combined_datasets\GLUE\ELS\GLUE_ELS_292.JPG,Groundnut,ELS,uncontrolled,decba176c934a04d,Leaf Spot
Z:\Projects\Smart-Farming\Datasets\final_combined_datasets\GLUE\ELS\GLUE_ELS_293.JPG,Groundnut,ELS,uncontrolled,ee2d26a4d9f590a1,Leaf Spot
Z:\Projects\Smart-Farming\Datasets\final_combined_datasets\GLUE\ELS\GLUE_ELS_294.JPG,Groundnut,ELS,uncontrolled,ec27a764159e6a19,Leaf Spot
Z:\Projects\Smart-Farming\Datasets\final_combined_datasets\GLUE\ELS\GLUE_ELS_295.JPG,Groundnut,ELS,uncontrolled,cd8eb30ca1606cfe,Leaf Spot
Z:\Projects\Smart-Farming\Datasets\final_combined_datasets\GLUE\ELS\GLUE_ELS_296.JPG,Groundnut,ELS,uncontrolled,efae375f010233b0,Leaf Spot
Z:\Projects\Smart-Farming\Datasets\final_combined_datasets\GLUE\ELS\GLUE_ELS_297.JPG,Groundnut,ELS,uncontrolled,e93314eed68dba40,Leaf Spot
Z:\Projects\Smart-Farming\Datasets\final_combined_datasets\GLUE\ELS\GLUE_ELS_298.JPG,Groundnut,ELS,uncontrolled,9cc7e5e8881b065f,Leaf Spot
Z:\Projects\Smart-Farming\Datasets\final_combined_datasets\GLUE\ELS\GLUE_ELS_299.JPG,Groundnut,ELS,uncontrolled,f5f22b8c9cd48632,Leaf Spot
Z:\Projects\Smart-Farming\Datasets\final_combined_datasets\GLUE\ELS\GLUE_ELS_300.JPG,Groundnut,ELS,uncontrolled,e9b576c0b51cc929,Leaf Spot
Z:\Projects\Smart-Farming\Datasets\final_combined_datasets\GLUE\ELS\GLUE_ELS_301.JPG,Groundnut,ELS,uncontrolled,dacc3e0d4c6d6a0b,Leaf Spot
Z:\Projects\Smart-Farming\Datasets\final_combined_datasets\GLUE\ELS\GLUE_ELS_302.JPG,Groundnut,ELS,uncontrolled,c8b67476d9552998,Leaf Spot
Z:\Projects\Smart-Farming\Datasets\final_combined_datasets\GLUE\ELS\GLUE_ELS_303.JPG,Groundnut,ELS,uncontrolled,a48374d1cfed123a,Leaf Spot
Z:\Projects\Smart-Farming\Datasets\final_combined_datasets\GLUE\ELS\GLUE_ELS_304.JPG,Groundnut,ELS,uncontrolled,d0d3a7688e6e04de,Leaf Spot
Z:\Projects\Smart-Farming\Datasets\final_combined_datasets\GLUE\ELS\GLUE_ELS_305.JPG,Groundnut,ELS,uncontrolled,e9da52bc861eb886,Leaf Spot
Z:\Projects\Smart-Farming\Datasets\final_combined_datasets\GLUE\ELS\GLUE_ELS_306.JPG,Groundnut,ELS,uncontrolled,dea435c1369f241d,Leaf Spot
Z:\Projects\Smart-Farming\Datasets\final_combined_datasets\GLUE\ELS\GLUE_ELS_307.JPG,Groundnut,ELS,uncontrolled,9f6ce3a81fa43158,Leaf Spot
Z:\Projects\Smart-Farming\Datasets\final_combined_datasets\GLUE\ELS\GLUE_ELS_308.JPG,Groundnut,ELS,uncontrolled,c965be05e50f4917,Leaf Spot
Z:\Projects\Smart-Farming\Datasets\final_combined_datasets\GLUE\ELS\GLUE_ELS_309.JPG,Groundnut,ELS,uncontrolled,95f0727c2b03f14b,Leaf Spot
Z:\Projects\Smart-Farming\Datasets\final_combined_datasets\GLUE\ELS\GLUE_ELS_310.JPG,Groundnut,ELS,uncontrolled,959763291f2f034b,Leaf Spot
Z:\Projects\Smart-Farming\Datasets\final_combined_datasets\GLUE\ELS\GLUE_ELS_311.JPG,Groundnut,ELS,uncontrolled,d0b83698a08d8fef,Leaf Spot
Z:\Projects\Smart-Farming\Datasets\final_combined_datasets\GLUE\ELS\GLUE_ELS_312.JPG,Groundnut,ELS,uncontrolled,f40c6ee06dcf2ac8,Leaf Spot
Z:\Projects\Smart-Farming\Datasets\final_combined_datasets\GLUE\ELS\GLUE_ELS_313.JPG,Groundnut,ELS,uncontrolled,d4c62a9b8929972f,Leaf Spot
Z:\Projects\Smart-Farming\Datasets\final_combined_datasets\GLUE\ELS\GLUE_ELS_314.JPG,Groundnut,ELS,uncontrolled,c5eec50a69875e70,Leaf Spot
Z:\Projects\Smart-Farming\Datasets\final_combined_datasets\GLUE\ELS\GLUE_ELS_315.JPG,Groundnut,ELS,uncontrolled,daeb2bc4b92b9340,Leaf Spot
Z:\Projects\Smart-Farming\Datasets\final_combined_datasets\GLUE\ELS\GLUE_ELS_316.JPG,Groundnut,ELS,uncontrolled,a9e62da52e3720ad,Leaf Spot
Z:\Projects\Smart-Farming\Datasets\final_combined_datasets\GLUE\ELS\GLUE_ELS_317.JPG,Groundnut,ELS,uncontrolled,ccd7362ac925b19c,Leaf Spot
Z:\Projects\Smart-Farming\Datasets\final_combined_datasets\GLUE\ELS\GLUE_ELS_318.JPG,Groundnut,ELS,uncontrolled,92b11ad51e8f8f4a,Leaf Spot
Z:\Projects\Smart-Farming\Datasets\final_combined_datasets\GLUE\ELS\GLUE_ELS_319.JPG,Groundnut,ELS,uncontrolled,d94277520fa41fe8,Leaf Spot
Z:\Projects\Smart-Farming\Datasets\final_combined_datasets\GLUE\ELS\GLUE_ELS_320.JPG,Groundnut,ELS,uncontrolled,d9f9a3e6d4e2e080,Leaf Spot
Z:\Projects\Smart-Farming\Datasets\final_combined_datasets\GLUE\ELS\GLUE_ELS_321.JPG,Groundnut,ELS,uncontrolled,92497329ed545e2d,Leaf Spot
Z:\Projects\Smart-Farming\Datasets\final_combined_datasets\GLUE\ELS\GLUE_ELS_322.JPG,Groundnut,ELS,uncontrolled,a8392365de5a35c3,Leaf Spot
Z:\Projects\Smart-Farming\Datasets\final_combined_datasets\GLUE\ELS\GLUE_ELS_323.JPG,Groundnut,ELS,uncontrolled,a5ca23a4ca7f9e60,Leaf Spot
Z:\Projects\Smart-Farming\Datasets\final_combined_datasets\GLUE\ELS\GLUE_ELS_324.JPG,Groundnut,ELS,uncontrolled,e80d3ef6d8c12ccc,Leaf Spot
Z:\Projects\Smart-Farming\Datasets\final_combined_datasets\GLUE\ELS\GLUE_ELS_325.JPG,Groundnut,ELS,uncontrolled,e0f62006d9f5278f,Leaf Spot
Z:\Projects\Smart-Farming\Datasets\final_combined_datasets\GLUE\ELS\GLUE_ELS_326.JPG,Groundnut,ELS,uncontrolled,caab654cbd5a90c9,Leaf Spot
Z:\Projects\Smart-Farming\Datasets\final_combined_datasets\GLUE\ELS\GLUE_ELS_327.JPG,Groundnut,ELS,uncontrolled,bc93acb95a4b1985,Leaf Spot
Z:\Projects\Smart-Farming\Datasets\final_combined_datasets\GLUE\ELS\GLUE_ELS_328.JPG,Groundnut,ELS,uncontrolled,bc64e6a594839ed8,Leaf Spot
Z:\Projects\Smart-Farming\Datasets\final_combined_datasets\GLUE\ELS\GLUE_ELS_329.JPG,Groundnut,ELS,uncontrolled,ec3c196e05ee6615,Leaf Spot
Z:\Projects\Smart-Farming\Datasets\final_combined_datasets\GLUE\ELS\GLUE_ELS_330.JPG,Groundnut,ELS,uncontrolled,9f5a8fa15cc12d1c,Leaf Spot
Z:\Projects\Smart-Farming\Datasets\final_combined_datasets\GLUE\ELS\GLUE_ELS_331.JPG,Groundnut,ELS,uncontrolled,b40371d11ccfa63b,Leaf Spot
Z:\Projects\Smart-Farming\Datasets\final_combined_datasets\GLUE\ELS\GLUE_ELS_332.JPG,Groundnut,ELS,uncontrolled,dc2ce1b301e3a9f8,Leaf Spot
Z:\Projects\Smart-Farming\Datasets\final_combined_datasets\GLUE\ELS\GLUE_ELS_333.JPG,Groundnut,ELS,uncontrolled,e8373322d3178acb,Leaf Spot
Z:\Projects\Smart-Farming\Datasets\final_combined_datasets\GLUE\ELS\GLUE_ELS_334.JPG,Groundnut,ELS,uncontrolled,c8ab2cd8df2b1ad0,Leaf Spot
Z:\Projects\Smart-Farming\Datasets\final_combined_datasets\GLUE\ELS\GLUE_ELS_335.JPG,Groundnut,ELS,uncontrolled,cd32176e39e803e9,Leaf Spot
Z:\Projects\Smart-Farming\Datasets\final_combined_datasets\GLUE\ELS\GLUE_ELS_336.JPG,Groundnut,ELS,uncontrolled,a5ce344fd924207f,Leaf Spot
Z:\Projects\Smart-Farming\Datasets\final_combined_datasets\GLUE\ELS\GLUE_ELS_337.JPG,Groundnut,ELS,uncontrolled,92333b23693d4d1e,Leaf Spot
Z:\Projects\Smart-Farming\Datasets\final_combined_datasets\GLUE\ELS\GLUE_ELS_338.JPG,Groundnut,ELS,uncontrolled,c0f57db00d18b4fc,Leaf Spot
Z:\Projects\Smart-Farming\Datasets\final_combined_datasets\GLUE\ELS\GLUE_ELS_339.JPG,Groundnut,ELS,uncontrolled,d78e74caf1c49c12,Leaf Spot
Z:\Projects\Smart-Farming\Datasets\final_combined_datasets\GLUE\ELS\GLUE_ELS_340.JPG,Groundnut,ELS,uncontrolled,ab047b04707f84df,Leaf Spot
Z:\Projects\Smart-Farming\Datasets\final_combined_datasets\GLUE\ELS\GLUE_ELS_341.JPG,Groundnut,ELS,uncontrolled,f906611c07f8ef61,Leaf Spot
Z:\Projects\Smart-Farming\Datasets\final_combined_datasets\GLUE\ELS\GLUE_ELS_342.JPG,Groundnut,ELS,uncontrolled,da4e665fa6384691,Leaf Spot
Z:\Projects\Smart-Farming\Datasets\final_combined_datasets\GLUE\ELS\GLUE_ELS_343.JPG,Groundnut,ELS,uncontrolled,d56c4c298235e9fa,Leaf Spot
Z:\Projects\Smart-Farming\Datasets\final_combined_datasets\GLUE\ELS\GLUE_ELS_344.JPG,Groundnut,ELS,uncontrolled,df803dd4857c68c6,Leaf Spot
Z:\Projects\Smart-Farming\Datasets\final_combined_datasets\GLUE\ELS\GLUE_ELS_345.JPG,Groundnut,ELS,uncontrolled,cebe34bf28711452,Leaf Spot
Z:\Projects\Smart-Farming\Datasets\final_combined_datasets\GLUE\ELS\GLUE_ELS_346.JPG,Groundnut,ELS,uncontrolled,d9a52bba20e00fd7,Leaf Spot
Z:\Projects\Smart-Farming\Datasets\final_combined_datasets\GLUE\ELS\GLUE_ELS_347.JPG,Groundnut,ELS,uncontrolled,cedb7600b1e602ee,Leaf Spot
Z:\Projects\Smart-Farming\Datasets\final_combined_datasets\GLUE\HL\GLUE_HL_287.JPG,Groundnut,HL,uncontrolled,e10f1fecf4e001d3,Healthy
Z:\Projects\Smart-Farming\Datasets\final_combined_datasets\GLUE\HL\GLUE_HL_288.JPG,Groundnut,HL,uncontrolled,cdb2e77c21e602c6,Healthy
Z:\Projects\Smart-Farming\Datasets\final_combined_datasets\GLUE\HL\GLUE_HL_289.JPG,Groundnut,HL,uncontrolled,cbb107f8106af971,Healthy
Z:\Projects\Smart-Farming\Datasets\final_combined_datasets\GLUE\HL\GLUE_HL_290.JPG,Groundnut,HL,uncontrolled,f5a805944ef1ed38,Healthy
Z:\Projects\Smart-Farming\Datasets\final_combined_datasets\GLUE\HL\GLUE_HL_291.JPG,Groundnut,HL,uncontrolled,f68512ca41f8955f,Healthy
Z:\Projects\Smart-Farming\Datasets\final_combined_datasets\GLUE\HL\GLUE_HL_292.JPG,Groundnut,HL,uncontrolled,f2ada592875266e2,Healthy
Z:\Projects\Smart-Farming\Datasets\final_combined_datasets\GLUE\HL\GLUE_HL_293.JPG,Groundnut,HL,uncontrolled,91932e3d4e7422ed,Healthy
Z:\Projects\Smart-Farming\Datasets\final_combined_datasets\GLUE\HL\GLUE_HL_294.JPG,Groundnut,HL,uncontrolled,99a4e39c93ee00b7,Healthy
Z:\Projects\Smart-Farming\Datasets\final_combined_datasets\GLUE\HL\GLUE_HL_295.JPG,Groundnut,HL,uncontrolled,93ac853ed31a758c,Healthy
Z:\Projects\Smart-Farming\Datasets\final_combined_datasets\GLUE\HL\GLUE_HL_296.JPG,Groundnut,HL,uncontrolled,84bac45a233eb3ce,Healthy
Z:\Projects\Smart-Farming\Datasets\final_combined_datasets\GLUE\HL\GLUE_HL_297.JPG,Groundnut,HL,uncontrolled,c0bc608fd39fee80,Healthy
Z:\Projects\Smart-Farming\Datasets\final_combined_datasets\GLUE\HL\GLUE_HL_298.JPG,Groundnut,HL,uncontrolled,85b80798e3fc116f,Healthy
Z:\Projects\Smart-Farming\Datasets\final_combined_datasets\GLUE\HL\GLUE_HL_299.JPG,Groundnut,HL,uncontrolled,c4bd704cb86215bf,Healthy
Z:\Projects\Smart-Farming\Datasets\final_combined_datasets\GLUE\HL\GLUE_HL_300.JPG,Groundnut,HL,uncontrolled,dc2b16a999e1cda2,Healthy
Z:\Projects\Smart-Farming\Datasets\final_combined_datasets\GLUE\HL\GLUE_HL_301.JPG,Groundnut,HL,uncontrolled,bfc201aafe8885b9,Healthy
Z:\Projects\Smart-Farming\Datasets\final_combined_datasets\GLUE\HL\GLUE_HL_302.JPG,Groundnut,HL,uncontrolled,b29b4f464c2dd299,Healthy
Z:\Projects\Smart-Farming\Datasets\final_combined_datasets\GLUE\HL\GLUE_HL_303.JPG,Groundnut,HL,uncontrolled,ed96d2a9c1b4e0d2,Healthy
Z:\Projects\Smart-Farming\Datasets\final_combined_datasets\GLUE\HL\GLUE_HL_304.JPG,Groundnut,HL,uncontrolled,8bb879304fed5328,Healthy
Z:\Projects\Smart-Farming\Datasets\final_combined_datasets\GLUE\HL\GLUE_HL_305.JPG,Groundnut,HL,uncontrolled,84976b60720fb4db,Healthy
Z:\Projects\Smart-Farming\Datasets\final_combined_datasets\GLUE\HL\GLUE_HL_306.JPG,Groundnut,HL,uncontrolled,b8e4161d9c3991f5,Healthy
Z:\Projects\Smart-Farming\Datasets\final_combined_datasets\GLUE\HL\GLUE_HL_307.JPG,Groundnut,HL,uncontrolled,f2cd2d325396988d,Healthy
Z:\Projects\Smart-Farming\Datasets\final_combined_datasets\GLUE\HL\GLUE_HL_308.JPG,Groundnut,HL,uncontrolled,ef0b50cef8ab1017,Healthy
Z:\Projects\Smart-Farming\Datasets\final_combined_datasets\GLUE\HL\GLUE_HL_309.JPG,Groundnut,HL,uncontrolled,e0979265c27a333b,Healthy
Z:\Projects\Smart-Farming\Datasets\final_combined_datasets\GLUE\HL\GLUE_HL_310.JPG,Groundnut,HL,uncontrolled,99b16cec6d8074f8,Healthy
Z:\Projects\Smart-Farming\Datasets\final_combined_datasets\GLUE\HL\GLUE_HL_311.JPG,Groundnut,HL,uncontrolled,f41961273d3256f8,Healthy
Z:\Projects\Smart-Farming\Datasets\final_combined_datasets\GLUE\HL\GLUE_HL_312.JPG,Groundnut,HL,uncontrolled,c337c25f704a3a71,Healthy
Z:\Projects\Smart-Farming\Datasets\final_combined_datasets\GLUE\HL\GLUE_HL_313.JPG,Groundnut,HL,uncontrolled,e3101249136fab7f,Healthy
Z:\Projects\Smart-Farming\Datasets\final_combined_datasets\GLUE\HL\GLUE_HL_314.JPG,Groundnut,HL,uncontrolled,f12cf6ae11ce1878,Healthy
Z:\Projects\Smart-Farming\Datasets\final_combined_datasets\GLUE\HL\GLUE_HL_315.JPG,Groundnut,HL,uncontrolled,f02d76ec0b1156d9,Healthy
Z:\Projects\Smart-Farming\Datasets\final_combined_datasets\GLUE\HL\GLUE_HL_316.JPG,Groundnut,HL,uncontrolled,f02bf6ec1b1cc251,Healthy
Z:\Projects\Smart-Farming\Datasets\final_combined_datasets\GLUE\HL\GLUE_HL_317.JPG,Groundnut,HL,uncontrolled,e8a917c58dfc30b2,Healthy
Z:\Projects\Smart-Farming\Datasets\final_combined_datasets\GLUE\HL\GLUE_HL_318.JPG,Groundnut,HL,uncontrolled,eda016940df9c16f,Healthy
Z:\Projects\Smart-Farming\Datasets\final_combined_datasets\GLUE\HL\GLUE_HL_319.JPG,Groundnut,HL,uncontrolled,815ee0667db940be,Healthy
Z:\Projects\Smart-Farming\Datasets\final_combined_datasets\GLUE\HL\GLUE_HL_320.JPG,Groundnut,HL,uncontrolled,db662f5e92d88027,Healthy
Z:\Projects\Smart-Farming\Datasets\final_combined_datasets\GLUE\HL\GLUE_HL_321.JPG,Groundnut,HL,uncontrolled,d5696af08d0f0c5e,Healthy
Z:\Projects\Smart-Farming\Datasets\final_combined_datasets\GLUE\HL\GLUE_HL_322.JPG,Groundnut,HL,uncontrolled,877e494f0547b0bc,Healthy
Z:\Projects\Smart-Farming\Datasets\final_combined_datasets\GLUE\HL\GLUE_HL_323.JPG,Groundnut,HL,uncontrolled,f45f7f841ad0a0f0,Healthy
Z:\Projects\Smart-Farming\Datasets\final_combined_datasets\GLUE\HL\GLUE_HL_324.JPG,Groundnut,HL,uncontrolled,da6d2c85e999486b,Healthy
Z:\Projects\Smart-Farming\Datasets\final_combined_datasets\GLUE\HL\GLUE_HL_325.JPG,Groundnut,HL,uncontrolled,ca65afc2ed8064f8,Healthy
Z:\Projects\Smart-Farming\Datasets\final_combined_datasets\GLUE\HL\GLUE_HL_326.JPG,Groundnut,HL,uncontrolled,ca1fe05bcf288761,Healthy
Z:\Projects\Smart-Farming\Datasets\final_combined_datasets\GLUE\HL\GLUE_HL_327.JPG,Groundnut,HL,uncontrolled,d0692806b7e9bf68,Healthy
Z:\Projects\Smart-Farming\Datasets\final_combined_datasets\GLUE\HL\GLUE_HL_328.JPG,Groundnut,HL,uncontrolled,95ff6d4c57500236,Healthy
Z:\Projects\Smart-Farming\Datasets\final_combined_datasets\GLUE\HL\GLUE_HL_329.JPG,Groundnut,HL,uncontrolled,9dfd6e0b2aaaf040,Healthy
Z:\Projects\Smart-Farming\Datasets\final_combined_datasets\GLUE\HL\GLUE_HL_980.JPG,Groundnut,HL,uncontrolled,e7224b430b1b8d9f,Healthy
Z:\Projects\Smart-Farming\Datasets\final_combined_datasets\GLUE\HL\GLUE_HL_330.JPG,Groundnut,HL,uncontrolled,ec01bee0f6f8e310,Healthy
Z:\Projects\Smart-Farming\Datasets\final_combined_datasets\GLUE\HL\GLUE_HL_331.JPG,Groundnut,HL,uncontrolled,ebe2f470099fb032,Healthy
Z:\Projects\Smart-Farming\Datasets\final_combined_datasets\GLUE\HL\GLUE_HL_332.JPG,Groundnut,HL,uncontrolled,c921e6c0bd2b667c,Healthy
Z:\Projects\Smart-Farming\Datasets\final_combined_datasets\GLUE\HL\GLUE_HL_333.JPG,Groundnut,HL,uncontrolled,8e739ffac1818583,Healthy
Z:\Projects\Smart-Farming\Datasets\final_combined_datasets\GLUE\HL\GLUE_HL_334.JPG,Groundnut,HL,uncontrolled,bd2efa748720228f,Healthy
Z:\Projects\Smart-Farming\Datasets\final_combined_datasets\GLUE\HL\GLUE_HL_335.JPG,Groundnut,HL,uncontrolled,85e0681ba5f4f49d,Healthy
Z:\Projects\Smart-Farming\Datasets\final_combined_datasets\GLUE\HL\GLUE_HL_336.JPG,Groundnut,HL,uncontrolled,cdf3689c9b9c068c,Healthy
Z:\Projects\Smart-Farming\Datasets\final_combined_datasets\GLUE\HL\GLUE_HL_337.JPG,Groundnut,HL,uncontrolled,8c9df2ecf1e0a0c3,Healthy
Z:\Projects\Smart-Farming\Datasets\final_combined_datasets\GLUE\HL\GLUE_HL_338.JPG,Groundnut,HL,uncontrolled,95c1cb1328fb38f1,Healthy
Z:\Projects\Smart-Farming\Datasets\final_combined_datasets\GLUE\HL\GLUE_HL_339.JPG,Groundnut,HL,uncontrolled,8cd3fb5ea8c0129b,Healthy
Z:\Projects\Smart-Farming\Datasets\final_combined_datasets\GLUE\HL\GLUE_HL_340.JPG,Groundnut,HL,uncontrolled,d36ab4f3b8924b88,Healthy
Z:\Projects\Smart-Farming\Datasets\final_combined_datasets\GLUE\HL\GLUE_HL_341.JPG,Groundnut,HL,uncontrolled,d44f28c6b58425fd,Healthy
Z:\Projects\Smart-Farming\Datasets\final_combined_datasets\GLUE\HL\GLUE_HL_342.JPG,Groundnut,HL,uncontrolled,9337272aea1f40bc,Healthy
Z:\Projects\Smart-Farming\Datasets\final_combined_datasets\GLUE\HL\GLUE_HL_343.JPG,Groundnut,HL,uncontrolled,d569a3b5015d52ae,Healthy
Z:\Projects\Smart-Farming\Datasets\final_combined_datasets\GLUE\HL\GLUE_HL_344.JPG,Groundnut,HL,uncontrolled,8f260f9606e0bd6e,Healthy
Z:\Projects\Smart-Farming\Datasets\final_combined_datasets\GLUE\HL\GLUE_HL_345.JPG,Groundnut,HL,uncontrolled,ef615fe01b0ce30a,Healthy
Z:\Projects\Smart-Farming\Datasets\final_combined_datasets\GLUE\HL\GLUE_HL_346.JPG,Groundnut,HL,uncontrolled,c485ea1a163ab67e,Healthy
Z:\Projects\Smart-Farming\Datasets\final_combined_datasets\GLUE\HL\GLUE_HL_347.JPG,Groundnut,HL,uncontrolled,f8240bf6f05c56cc,Healthy
Z:\Projects\Smart-Farming\Datasets\final_combined_datasets\GLUE\HL\GLUE_HL_348.JPG,Groundnut,HL,uncontrolled,f08c38458febf264,Healthy
Z:\Projects\Smart-Farming\Datasets\final_combined_datasets\GLUE\HL\GLUE_HL_349.JPG,Groundnut,HL,uncontrolled,bcc2c3d1659f0c27,Healthy
Z:\Projects\Smart-Farming\Datasets\final_combined_datasets\GLUE\HL\GLUE_HL_350.JPG,Groundnut,HL,uncontrolled,f1f82fdf80025ac5,Healthy
Z:\Projects\Smart-Farming\Datasets\final_combined_datasets\GLUE\HL\GLUE_HL_351.JPG,Groundnut,HL,uncontrolled,9ce225fa90cb7a4a,Healthy
Z:\Projects\Smart-Farming\Datasets\final_combined_datasets\GLUE\HL\GLUE_HL_352.JPG,Groundnut,HL,uncontrolled,8ac23f7b8d262393,Healthy
Z:\Projects\Smart-Farming\Datasets\final_combined_datasets\GLUE\HL\GLUE_HL_353.JPG,Groundnut,HL,uncontrolled,fd3163877a1c31e0,Healthy
Z:\Projects\Smart-Farming\Datasets\final_combined_datasets\GLUE\HL\GLUE_HL_354.JPG,Groundnut,HL,uncontrolled,8df522899c2e627e,Healthy
Z:\Projects\Smart-Farming\Datasets\final_combined_datasets\GLUE\HL\GLUE_HL_355.JPG,Groundnut,HL,uncontrolled,bcf61617b55154d0,Healthy
Z:\Projects\Smart-Farming\Datasets\final_combined_datasets\GLUE\HL\GLUE_HL_356.JPG,Groundnut,HL,uncontrolled,bbd233114cb26c6d,Healthy
Z:\Projects\Smart-Farming\Datasets\final_combined_datasets\GLUE\HL\GLUE_HL_357.JPG,Groundnut,HL,uncontrolled,855867e39e7b4a88,Healthy
Z:\Projects\Smart-Farming\Datasets\final_combined_datasets\GLUE\HL\GLUE_HL_358.JPG,Groundnut,HL,uncontrolled,feb86f040374b037,Healthy
Z:\Projects\Smart-Farming\Datasets\final_combined_datasets\GLUE\HL\GLUE_HL_359.JPG,Groundnut,HL,uncontrolled,bebd6f860154b017,Healthy
Z:\Projects\Smart-Farming\Datasets\final_combined_datasets\GLUE\HL\GLUE_HL_360.JPG,Groundnut,HL,uncontrolled,fef86b0483778033,Healthy
Z:\Projects\Smart-Farming\Datasets\final_combined_datasets\GLUE\HL\GLUE_HL_361.JPG,Groundnut,HL,uncontrolled,9e8f6506a97c823d,Healthy
Z:\Projects\Smart-Farming\Datasets\final_combined_datasets\GLUE\HL\GLUE_HL_362.JPG,Groundnut,HL,uncontrolled,9b24e500bffa05d5,Healthy
Z:\Projects\Smart-Farming\Datasets\final_combined_datasets\GLUE\HL\GLUE_HL_363.JPG,Groundnut,HL,uncontrolled,ed1360da9c0fa1b6,Healthy
Z:\Projects\Smart-Farming\Datasets\final_combined_datasets\GLUE\HL\GLUE_HL_364.JPG,Groundnut,HL,uncontrolled,e812f7e018c35e57,Healthy
Z:\Projects\Smart-Farming\Datasets\final_combined_datasets\GLUE\HL\GLUE_HL_365.JPG,Groundnut,HL,uncontrolled,837c7fe388278ad0,Healthy
Z:\Projects\Smart-Farming\Datasets\final_combined_datasets\GLUE\HL\GLUE_HL_366.JPG,Groundnut,HL,uncontrolled,94d0f60b1ccef8d8,Healthy
Z:\Projects\Smart-Farming\Datasets\final_combined_datasets\GLUE\HL\GLUE_HL_367.JPG,Groundnut,HL,uncontrolled,bc7bd2e489224b4d,Healthy
Z:\Projects\Smart-Farming\Datasets\final_combined_datasets\GLUE\HL\GLUE_HL_368.JPG,Groundnut,HL,uncontrolled,ac6dd4c40925f65b,Healthy
Z:\Projects\Smart-Farming\Datasets\final_combined_datasets\GLUE\HL\GLUE_HL_369.JPG,Groundnut,HL,uncontrolled,940fc3b71f24e0dc,Healthy
Z:\Projects\Smart-Farming\Datasets\final_combined_datasets\GLUE\HL\GLUE_HL_370.JPG,Groundnut,HL,uncontrolled,fb0c7bc1ba3b00a3,Healthy
Z:\Projects\Smart-Farming\Datasets\final_combined_datasets\GLUE\HL\GLUE_HL_371.JPG,Groundnut,HL,uncontrolled,88dbe2f6c905783a,Healthy
Z:\Projects\Smart-Farming\Datasets\final_combined_datasets\GLUE\HL\GLUE_HL_372.JPG,Groundnut,HL,uncontrolled,cbf4c3a48d1b7464,Healthy
Z:\Projects\Smart-Farming\Datasets\final_combined_datasets\GLUE\HL\GLUE_HL_373.JPG,Groundnut,HL,uncontrolled,809f7deb10442ddb,Healthy
Z:\Projects\Smart-Farming\Datasets\final_combined_datasets\GLUE\HL\GLUE_HL_374.JPG,Groundnut,HL,uncontrolled,819f7cee09442dd9,Healthy
Z:\Projects\Smart-Farming\Datasets\final_combined_datasets\GLUE\HL\GLUE_HL_375.JPG,Groundnut,HL,uncontrolled,a0172f0f3c887f69,Healthy
Z:\Projects\Smart-Farming\Datasets\final_combined_datasets\GLUE\HL\GLUE_HL_376.JPG,Groundnut,HL,uncontrolled,a7906fc000fe7b0f,Healthy
Z:\Projects\Smart-Farming\Datasets\final_combined_datasets\GLUE\HL\GLUE_HL_377.JPG,Groundnut,HL,uncontrolled,a7320f1a3c11f07f,Healthy
Z:\Projects\Smart-Farming\Datasets\final_combined_datasets\GLUE\HL\GLUE_HL_378.JPG,Groundnut,HL,uncontrolled,ac0508bcf17d3f07,Healthy
Z:\Projects\Smart-Farming\Datasets\final_combined_datasets\GLUE\HL\GLUE_HL_379.JPG,Groundnut,HL,uncontrolled,c8d1e28c5cc96bd5,Healthy
Z:\Projects\Smart-Farming\Datasets\final_combined_datasets\GLUE\HL\GLUE_HL_380.JPG,Groundnut,HL,uncontrolled,97913cff070d8295,Healthy
Z:\Projects\Smart-Farming\Datasets\final_combined_datasets\GLUE\HL\GLUE_HL_381.JPG,Groundnut,HL,uncontrolled,a07d4049538b9faf,Healthy
Z:\Projects\Smart-Farming\Datasets\final_combined_datasets\GLUE\HL\GLUE_HL_382.JPG,Groundnut,HL,uncontrolled,bc9fdec4c3e0f080,Healthy
Z:\Projects\Smart-Farming\Datasets\final_combined_datasets\GLUE\HL\GLUE_HL_383.JPG,Groundnut,HL,uncontrolled,9d9e39d00f1f0764,Healthy
Z:\Projects\Smart-Farming\Datasets\final_combined_datasets\GLUE\HL\GLUE_HL_384.JPG,Groundnut,HL,uncontrolled,8d3be2432c91c7dc,Healthy
Z:\Projects\Smart-Farming\Datasets\final_combined_datasets\GLUE\HL\GLUE_HL_385.JPG,Groundnut,HL,uncontrolled,e70b64cc0947f6e2,Healthy
Z:\Projects\Smart-Farming\Datasets\final_combined_datasets\GLUE\HL\GLUE_HL_386.JPG,Groundnut,HL,uncontrolled,ad003eee490f4fe4,Healthy
Z:\Projects\Smart-Farming\Datasets\final_combined_datasets\GLUE\HL\GLUE_HL_387.JPG,Groundnut,HL,uncontrolled,893561e2655eb635,Healthy
Z:\Projects\Smart-Farming\Datasets\final_combined_datasets\GLUE\HL\GLUE_HL_388.JPG,Groundnut,HL,uncontrolled,9038721f9dc76c33,Healthy
Z:\Projects\Smart-Farming\Datasets\final_combined_datasets\GLUE\HL\GLUE_HL_389.JPG,Groundnut,HL,uncontrolled,98e607f9fc3f4028,Healthy
Z:\Projects\Smart-Farming\Datasets\final_combined_datasets\GLUE\HL\GLUE_HL_390.JPG,Groundnut,HL,uncontrolled,93fdfcaee041a8c0,Healthy
Z:\Projects\Smart-Farming\Datasets\final_combined_datasets\GLUE\HL\GLUE_HL_391.JPG,Groundnut,HL,uncontrolled,d5f191a713c46d61,Healthy
Z:\Projects\Smart-Farming\Datasets\final_combined_datasets\GLUE\HL\GLUE_HL_392.JPG,Groundnut,HL,uncontrolled,c94e60a4fb161fa5,Healthy
Z:\Projects\Smart-Farming\Datasets\final_combined_datasets\GLUE\HL\GLUE_HL_393.JPG,Groundnut,HL,uncontrolled,d5f1912751cc6f21,Healthy
Z:\Projects\Smart-Farming\Datasets\final_combined_datasets\GLUE\HL\GLUE_HL_394.JPG,Groundnut,HL,uncontrolled,d1a47eb408ea7ce8,Healthy
Z:\Projects\Smart-Farming\Datasets\final_combined_datasets\GLUE\HL\GLUE_HL_395.JPG,Groundnut,HL,uncontrolled,cdd92daa900eccdc,Healthy
Z:\Projects\Smart-Farming\Datasets\final_combined_datasets\GLUE\HL\GLUE_HL_396.JPG,Groundnut,HL,uncontrolled,dbd476285c66e468,Healthy
Z:\Projects\Smart-Farming\Datasets\final_combined_datasets\GLUE\HL\GLUE_HL_397.JPG,Groundnut,HL,uncontrolled,de61685a2783e39c,Healthy
Z:\Projects\Smart-Farming\Datasets\final_combined_datasets\GLUE\HL\GLUE_HL_398.JPG,Groundnut,HL,uncontrolled,b831e3a00ede3c9e,Healthy
Z:\Projects\Smart-Farming\Datasets\final_combined_datasets\GLUE\HL\GLUE_HL_399.JPG,Groundnut,HL,uncontrolled,f7a260f8881770af,Healthy
Z:\Projects\Smart-Farming\Datasets\final_combined_datasets\GLUE\HL\GLUE_HL_400.JPG,Groundnut,HL,uncontrolled,9f3a3278b1adf00a,Healthy
Z:\Projects\Smart-Farming\Datasets\final_combined_datasets\GLUE\HL\GLUE_HL_401.JPG,Groundnut,HL,uncontrolled,df380e8268780ff5,Healthy
Z:\Projects\Smart-Farming\Datasets\final_combined_datasets\GLUE\HL\GLUE_HL_402.JPG,Groundnut,HL,uncontrolled,d97a0a20a4fc0bef,Healthy
Z:\Projects\Smart-Farming\Datasets\final_combined_datasets\GLUE\HL\GLUE_HL_403.JPG,Groundnut,HL,uncontrolled,cb6b2c2f0447b2c7,Healthy
Z:\Projects\Smart-Farming\Datasets\final_combined_datasets\GLUE\HL\GLUE_HL_404.JPG,Groundnut,HL,uncontrolled,8e666c0d2fe875c8,Healthy
Z:\Projects\Smart-Farming\Datasets\final_combined_datasets\GLUE\HL\GLUE_HL_405.JPG,Groundnut,HL,uncontrolled,b2875986f1021ff3,Healthy
Z:\Projects\Smart-Farming\Datasets\final_combined_datasets\GLUE\HL\GLUE_HL_406.JPG,Groundnut,HL,uncontrolled,c94b30a419fc9f9c,Healthy
Z:\Projects\Smart-Farming\Datasets\final_combined_datasets\GLUE\HL\GLUE_HL_407.JPG,Groundnut,HL,uncontrolled,a09e43dee27e809b,Healthy
Z:\Projects\Smart-Farming\Datasets\final_combined_datasets\GLUE\HL\GLUE_HL_408.JPG,Groundnut,HL,uncontrolled,d86ea60503f358f9,Healthy
Z:\Projects\Smart-Farming\Datasets\final_combined_datasets\GLUE\HL\GLUE_HL_409.JPG,Groundnut,HL,uncontrolled,a38fdf801ee5106b,Healthy
Z:\Projects\Smart-Farming\Datasets\final_combined_datasets\GLUE\HL\GLUE_HL_410.JPG,Groundnut,HL,uncontrolled,dcf93e94852d2c46,Healthy
Z:\Projects\Smart-Farming\Datasets\final_combined_datasets\GLUE\HL\GLUE_HL_411.JPG,Groundnut,HL,uncontrolled,d063093f3cfcd3c0,Healthy
Z:\Projects\Smart-Farming\Datasets\final_combined_datasets\GLUE\HL\GLUE_HL_412.JPG,Groundnut,HL,uncontrolled,dd60b68069f8683f,Healthy
Z:\Projects\Smart-Farming\Datasets\final_combined_datasets\GLUE\HL\GLUE_HL_981.JPG,Groundnut,HL,uncontrolled,bf8217f5f0b304a2,Healthy
Z:\Projects\Smart-Farming\Datasets\final_combined_datasets\GLUE\HL\GLUE_HL_413.JPG,Groundnut,HL,uncontrolled,ce282636d0077ded,Healthy
Z:\Projects\Smart-Farming\Datasets\final_combined_datasets\GLUE\HL\GLUE_HL_414.JPG,Groundnut,HL,uncontrolled,ca2cf8139e440ffa,Healthy
Z:\Projects\Smart-Farming\Datasets\final_combined_datasets\GLUE\HL\GLUE_HL_415.JPG,Groundnut,HL,uncontrolled,9e0c67ed6318e6e0,Healthy
Z:\Projects\Smart-Farming\Datasets\final_combined_datasets\GLUE\HL\GLUE_HL_416.JPG,Groundnut,HL,uncontrolled,f361e22bec2e6c21,Healthy
Z:\Projects\Smart-Farming\Datasets\final_combined_datasets\GLUE\HL\GLUE_HL_417.JPG,Groundnut,HL,uncontrolled,cc9be6d904ab643c,Healthy
Z:\Projects\Smart-Farming\Datasets\final_combined_datasets\GLUE\HL\GLUE_HL_418.JPG,Groundnut,HL,uncontrolled,f870a0a7b714dd54,Healthy
Z:\Projects\Smart-Farming\Datasets\final_combined_datasets\GLUE\HL\GLUE_HL_419.JPG,Groundnut,HL,uncontrolled,8540fe2ba4d6459f,Healthy
Z:\Projects\Smart-Farming\Datasets\final_combined_datasets\GLUE\HL\GLUE_HL_420.JPG,Groundnut,HL,uncontrolled,88014dfa68ff42bd,Healthy
Z:\Projects\Smart-Farming\Datasets\final_combined_datasets\GLUE\HL\GLUE_HL_421.JPG,Groundnut,HL,uncontrolled,a2ce7db74c0bf003,Healthy
Z:\Projects\Smart-Farming\Datasets\final_combined_datasets\GLUE\HL\GLUE_HL_422.JPG,Groundnut,HL,uncontrolled,b84f57b1d43e20c3,Healthy
Z:\Projects\Smart-Farming\Datasets\final_combined_datasets\GLUE\HL\GLUE_HL_423.JPG,Groundnut,HL,uncontrolled,a0d62dd80a70bedd,Healthy
Z:\Projects\Smart-Farming\Datasets\final_combined_datasets\GLUE\HL\GLUE_HL_424.JPG,Groundnut,HL,uncontrolled,b08f78b25d817f82,Healthy
Z:\Projects\Smart-Farming\Datasets\final_combined_datasets\GLUE\HL\GLUE_HL_425.JPG,Groundnut,HL,uncontrolled,90b91e03e997f0ec,Healthy
Z:\Projects\Smart-Farming\Datasets\final_combined_datasets\GLUE\HL\GLUE_HL_426.JPG,Groundnut,HL,uncontrolled,b57149b929a30be3,Healthy
Z:\Projects\Smart-Farming\Datasets\final_combined_datasets\GLUE\HL\GLUE_HL_427.JPG,Groundnut,HL,uncontrolled,b17b3960abe343c2,Healthy
Z:\Projects\Smart-Farming\Datasets\final_combined_datasets\GLUE\HL\GLUE_HL_428.JPG,Groundnut,HL,uncontrolled,9e96b6d2cae18159,Healthy
Z:\Projects\Smart-Farming\Datasets\final_combined_datasets\GLUE\HL\GLUE_HL_429.JPG,Groundnut,HL,uncontrolled,eea41df1318dc23a,Healthy
Z:\Projects\Smart-Farming\Datasets\final_combined_datasets\GLUE\HL\GLUE_HL_430.JPG,Groundnut,HL,uncontrolled,eeb61df0108de51a,Healthy
Z:\Projects\Smart-Farming\Datasets\final_combined_datasets\GLUE\HL\GLUE_HL_431.JPG,Groundnut,HL,uncontrolled,ffec2790c18ed842,Healthy
Z:\Projects\Smart-Farming\Datasets\final_combined_datasets\GLUE\HL\GLUE_HL_432.JPG,Groundnut,HL,uncontrolled,92c4520bfae37ec2,Healthy
Z:\Projects\Smart-Farming\Datasets\final_combined_datasets\GLUE\HL\GLUE_HL_433.JPG,Groundnut,HL,uncontrolled,d68f6b18f705a42a,Healthy
Z:\Projects\Smart-Farming\Datasets\final_combined_datasets\GLUE\HL\GLUE_HL_434.JPG,Groundnut,HL,uncontrolled,e14af5c4db187869,Healthy
Z:\Projects\Smart-Farming\Datasets\final_combined_datasets\GLUE\HL\GLUE_HL_435.JPG,Groundnut,HL,uncontrolled,cbc085777a706497,Healthy
Z:\Projects\Smart-Farming\Datasets\final_combined_datasets\GLUE\HL\GLUE_HL_436.JPG,Groundnut,HL,uncontrolled,d892bc13b2af25ac,Healthy
Z:\Projects\Smart-Farming\Datasets\final_combined_datasets\GLUE\HL\GLUE_HL_437.JPG,Groundnut,HL,uncontrolled,cfcce0d40de56a58,Healthy
Z:\Projects\Smart-Farming\Datasets\final_combined_datasets\GLUE\HL\GLUE_HL_438.JPG,Groundnut,HL,uncontrolled,de29bbd21ab409c9,Healthy
Z:\Projects\Smart-Farming\Datasets\final_combined_datasets\GLUE\HL\GLUE_HL_439.JPG,Groundnut,HL,uncontrolled,f8233ee41ce790cc,Healthy
Z:\Projects\Smart-Farming\Datasets\final_combined_datasets\GLUE\HL\GLUE_HL_440.JPG,Groundnut,HL,uncontrolled,ce7907f21348f21e,Healthy
Z:\Projects\Smart-Farming\Datasets\final_combined_datasets\GLUE\HL\GLUE_HL_441.JPG,Groundnut,HL,uncontrolled,df200b336f501f78,Healthy
Z:\Projects\Smart-Farming\Datasets\final_combined_datasets\GLUE\HL\GLUE_HL_442.JPG,Groundnut,HL,uncontrolled,89f691ddda8006be,Healthy
Z:\Projects\Smart-Farming\Datasets\final_combined_datasets\GLUE\HL\GLUE_HL_443.JPG,Groundnut,HL,uncontrolled,9e8b634cb3364c71,Healthy
Z:\Projects\Smart-Farming\Datasets\final_combined_datasets\GLUE\HL\GLUE_HL_444.JPG,Groundnut,HL,uncontrolled,a6e096f8d30e2b87,Healthy
Z:\Projects\Smart-Farming\Datasets\final_combined_datasets\GLUE\HL\GLUE_HL_445.JPG,Groundnut,HL,uncontrolled,a3e3f0c3ec9a8f04,Healthy
Z:\Projects\Smart-Farming\Datasets\final_combined_datasets\GLUE\HL\GLUE_HL_446.JPG,Groundnut,HL,uncontrolled,aa95cb6302377b62,Healthy
Z:\Projects\Smart-Farming\Datasets\final_combined_datasets\GLUE\HL\GLUE_HL_447.JPG,Groundnut,HL,uncontrolled,9bc8e1ceddf0a4a0,Healthy
Z:\Projects\Smart-Farming\Datasets\final_combined_datasets\GLUE\HL\GLUE_HL_448.JPG,Groundnut,HL,uncontrolled,fab04fe000fc791d,Healthy
Z:\Projects\Smart-Farming\Datasets\final_combined_datasets\GLUE\HL\GLUE_HL_449.JPG,Groundnut,HL,uncontrolled,f9a3133fde800d1a,Healthy
Z:\Projects\Smart-Farming\Datasets\final_combined_datasets\GLUE\HL\GLUE_HL_450.JPG,Groundnut,HL,uncontrolled,ec836ce38d3b4694,Healthy
Z:\Projects\Smart-Farming\Datasets\final_combined_datasets\GLUE\HL\GLUE_HL_451.JPG,Groundnut,HL,uncontrolled,e9171afe6e00f02d,Healthy
Z:\Projects\Smart-Farming\Datasets\final_combined_datasets\GLUE\HL\GLUE_HL_452.JPG,Groundnut,HL,uncontrolled,ef12030ef8d164f6,Healthy
Z:\Projects\Smart-Farming\Datasets\final_combined_datasets\GLUE\HL\GLUE_HL_453.JPG,Groundnut,HL,uncontrolled,d4fed3f05c446ac0,Healthy
Z:\Projects\Smart-Farming\Datasets\final_combined_datasets\GLUE\HL\GLUE_HL_454.JPG,Groundnut,HL,uncontrolled,c3bf11b6270179aa,Healthy
Z:\Projects\Smart-Farming\Datasets\final_combined_datasets\GLUE\HL\GLUE_HL_455.JPG,Groundnut,HL,uncontrolled,e0cc2f618cfba6a8,Healthy
Z:\Projects\Smart-Farming\Datasets\final_combined_datasets\GLUE\HL\GLUE_HL_456.JPG,Groundnut,HL,uncontrolled,e909255134e0fc7f,Healthy
Z:\Projects\Smart-Farming\Datasets\final_combined_datasets\GLUE\HL\GLUE_HL_457.JPG,Groundnut,HL,uncontrolled,c4a417be0792557b,Healthy
Z:\Projects\Smart-Farming\Datasets\final_combined_datasets\GLUE\HL\GLUE_HL_458.JPG,Groundnut,HL,uncontrolled,8fd23fe91a80a99c,Healthy
Z:\Projects\Smart-Farming\Datasets\final_combined_datasets\GLUE\HL\GLUE_HL_459.JPG,Groundnut,HL,uncontrolled,9f5683e83e9708d4,Healthy
Z:\Projects\Smart-Farming\Datasets\final_combined_datasets\GLUE\HL\GLUE_HL_460.JPG,Groundnut,HL,uncontrolled,df02070fe07876ec,Healthy
Z:\Projects\Smart-Farming\Datasets\final_combined_datasets\GLUE\HL\GLUE_HL_461.JPG,Groundnut,HL,uncontrolled,9edf852dd34240b9,Healthy
Z:\Projects\Smart-Farming\Datasets\final_combined_datasets\GLUE\HL\GLUE_HL_462.JPG,Groundnut,HL,uncontrolled,9ad70573c24231fd,Healthy
Z:\Projects\Smart-Farming\Datasets\final_combined_datasets\GLUE\HL\GLUE_HL_463.JPG,Groundnut,HL,uncontrolled,b4b102ccd1c70bfe,Healthy
Z:\Projects\Smart-Farming\Datasets\final_combined_datasets\GLUE\HL\GLUE_HL_464.JPG,Groundnut,HL,uncontrolled,f20375f875802be5,Healthy
Z:\Projects\Smart-Farming\Datasets\final_combined_datasets\GLUE\HL\GLUE_HL_465.JPG,Groundnut,HL,uncontrolled,fa05c7fed041361c,Healthy
Z:\Projects\Smart-Farming\Datasets\final_combined_datasets\GLUE\HL\GLUE_HL_466.JPG,Groundnut,HL,uncontrolled,dd34a9a4866c6c97,Healthy
Z:\Projects\Smart-Farming\Datasets\final_combined_datasets\GLUE\HL\GLUE_HL_467.JPG,Groundnut,HL,uncontrolled,ae20f759b0bcf08c,Healthy
Z:\Projects\Smart-Farming\Datasets\final_combined_datasets\GLUE\HL\GLUE_HL_468.JPG,Groundnut,HL,uncontrolled,acc857acd99413d9,Healthy
Z:\Projects\Smart-Farming\Datasets\final_combined_datasets\GLUE\HL\GLUE_HL_469.JPG,Groundnut,HL,uncontrolled,c30cb5add9ed50c8,Healthy
Z:\Projects\Smart-Farming\Datasets\final_combined_datasets\GLUE\HL\GLUE_HL_470.JPG,Groundnut,HL,uncontrolled,b998b72c486636d5,Healthy
Z:\Projects\Smart-Farming\Datasets\final_combined_datasets\GLUE\HL\GLUE_HL_471.JPG,Groundnut,HL,uncontrolled,bc1fd22b9dc08f48,Healthy
Z:\Projects\Smart-Farming\Datasets\final_combined_datasets\GLUE\HL\GLUE_HL_472.JPG,Groundnut,HL,uncontrolled,c88869b3ac57765c,Healthy
Z:\Projects\Smart-Farming\Datasets\final_combined_datasets\GLUE\HL\GLUE_HL_473.JPG,Groundnut,HL,uncontrolled,837a8176bd03a6b5,Healthy
Z:\Projects\Smart-Farming\Datasets\final_combined_datasets\GLUE\HL\GLUE_HL_474.JPG,Groundnut,HL,uncontrolled,d1d684f8a5b0c4de,Healthy
Z:\Projects\Smart-Farming\Datasets\final_combined_datasets\GLUE\HL\GLUE_HL_475.JPG,Groundnut,HL,uncontrolled,b53cf505f18f6803,Healthy
Z:\Projects\Smart-Farming\Datasets\final_combined_datasets\GLUE\HL\GLUE_HL_476.JPG,Groundnut,HL,uncontrolled,ac26dc18b99922bf,Healthy
Z:\Projects\Smart-Farming\Datasets\final_combined_datasets\GLUE\HL\GLUE_HL_477.JPG,Groundnut,HL,uncontrolled,a82ee31e90af4c1f,Healthy
Z:\Projects\Smart-Farming\Datasets\final_combined_datasets\GLUE\HL\GLUE_HL_478.JPG,Groundnut,HL,uncontrolled,ac6de23ae8dea403,Healthy
Z:\Projects\Smart-Farming\Datasets\final_combined_datasets\GLUE\HL\GLUE_HL_479.JPG,Groundnut,HL,uncontrolled,a0f34ef9c9293a70,Healthy
Z:\Projects\Smart-Farming\Datasets\final_combined_datasets\GLUE\HL\GLUE_HL_480.JPG,Groundnut,HL,uncontrolled,afd068f3c796b208,Healthy
Z:\Projects\Smart-Farming\Datasets\final_combined_datasets\GLUE\HL\GLUE_HL_481.JPG,Groundnut,HL,uncontrolled,98b88c6cc75a3b9a,Healthy
Z:\Projects\Smart-Farming\Datasets\final_combined_datasets\GLUE\HL\GLUE_HL_482.JPG,Groundnut,HL,uncontrolled,a4f1ca55a834ba5e,Healthy
Z:\Projects\Smart-Farming\Datasets\final_combined_datasets\GLUE\HL\GLUE_HL_483.JPG,Groundnut,HL,uncontrolled,c0077cf2de69a478,Healthy
Z:\Projects\Smart-Farming\Datasets\final_combined_datasets\GLUE\HL\GLUE_HL_484.JPG,Groundnut,HL,uncontrolled,d1a1790dd3cb6166,Healthy
Z:\Projects\Smart-Farming\Datasets\final_combined_datasets\GLUE\HL\GLUE_HL_485.JPG,Groundnut,HL,uncontrolled,f46023f1581fd15e,Healthy
Z:\Projects\Smart-Farming\Datasets\final_combined_datasets\GLUE\HL\GLUE_HL_486.JPG,Groundnut,HL,uncontrolled,ea73774200eabc8d,Healthy
Z:\Projects\Smart-Farming\Datasets\final_combined_datasets\GLUE\HL\GLUE_HL_487.JPG,Groundnut,HL,uncontrolled,eb7d5f03022740be,Healthy
Z:\Projects\Smart-Farming\Datasets\final_combined_datasets\GLUE\HL\GLUE_HL_488.JPG,Groundnut,HL,uncontrolled,f9ce30519ea13f14,Healthy
Z:\Projects\Smart-Farming\Datasets\final_combined_datasets\GLUE\HL\GLUE_HL_489.JPG,Groundnut,HL,uncontrolled,c7396157b85ccc0e,Healthy
Z:\Projects\Smart-Farming\Datasets\final_combined_datasets\GLUE\HL\GLUE_HL_490.JPG,Groundnut,HL,uncontrolled,dcd39a753dc0690a,Healthy
Z:\Projects\Smart-Farming\Datasets\final_combined_datasets\GLUE\HL\GLUE_HL_491.JPG,Groundnut,HL,uncontrolled,cb3ca123f32af883,Healthy
Z:\Projects\Smart-Farming\Datasets\final_combined_datasets\GLUE\HL\GLUE_HL_492.JPG,Groundnut,HL,uncontrolled,c413ae26fa1abdc1,Healthy
Z:\Projects\Smart-Farming\Datasets\final_combined_datasets\GLUE\HL\GLUE_HL_493.JPG,Groundnut,HL,uncontrolled,dc2407e208bba1ff,Healthy
Z:\Projects\Smart-Farming\Datasets\final_combined_datasets\GLUE\HL\GLUE_HL_494.JPG,Groundnut,HL,uncontrolled,fd6007f08e5c833e,Healthy
Z:\Projects\Smart-Farming\Datasets\final_combined_datasets\GLUE\HL\GLUE_HL_495.JPG,Groundnut,HL,uncontrolled,8db5fa2f80c27097,Healthy
Z:\Projects\Smart-Farming\Datasets\final_combined_datasets\GLUE\HL\GLUE_HL_496.JPG,Groundnut,HL,uncontrolled,f95552c2dc0f85e1,Healthy
Z:\Projects\Smart-Farming\Datasets\final_combined_datasets\GLUE\HL\GLUE_HL_497.JPG,Groundnut,HL,uncontrolled,de5a01a16d8383fb,Healthy
Z:\Projects\Smart-Farming\Datasets\final_combined_datasets\GLUE\HL\GLUE_HL_498.JPG,Groundnut,HL,uncontrolled,df5a0a2f66a232b1,Healthy
Z:\Projects\Smart-Farming\Datasets\final_combined_datasets\GLUE\HL\GLUE_HL_499.JPG,Groundnut,HL,uncontrolled,fd5554c3f0c88ec1,Healthy
Z:\Projects\Smart-Farming\Datasets\final_combined_datasets\GLUE\HL\GLUE_HL_500.JPG,Groundnut,HL,uncontrolled,c493fe035bea889a,Healthy
Z:\Projects\Smart-Farming\Datasets\final_combined_datasets\GLUE\HL\GLUE_HL_501.JPG,Groundnut,HL,uncontrolled,de5a63a32ef2202d,Healthy
Z:\Projects\Smart-Farming\Datasets\final_combined_datasets\GLUE\HL\GLUE_HL_502.JPG,Groundnut,HL,uncontrolled,b50413e7f11f78c1,Healthy
Z:\Projects\Smart-Farming\Datasets\final_combined_datasets\GLUE\HL\GLUE_HL_503.JPG,Groundnut,HL,uncontrolled,da0b23363ce4ccd6,Healthy
Z:\Projects\Smart-Farming\Datasets\final_combined_datasets\GLUE\HL\GLUE_HL_504.JPG,Groundnut,HL,uncontrolled,c0d57ecd0da96f01,Healthy
Z:\Projects\Smart-Farming\Datasets\final_combined_datasets\GLUE\HL\GLUE_HL_505.JPG,Groundnut,HL,uncontrolled,99290f3ec19ff00d,Healthy
Z:\Projects\Smart-Farming\Datasets\final_combined_datasets\GLUE\HL\GLUE_HL_506.JPG,Groundnut,HL,uncontrolled,9d0b2eb09174b975,Healthy
Z:\Projects\Smart-Farming\Datasets\final_combined_datasets\GLUE\HL\GLUE_HL_507.JPG,Groundnut,HL,uncontrolled,9e6a8e39c7ac214e,Healthy
Z:\Projects\Smart-Farming\Datasets\final_combined_datasets\GLUE\HL\GLUE_HL_508.JPG,Groundnut,HL,uncontrolled,896d4f6996ca9629,Healthy
Z:\Projects\Smart-Farming\Datasets\final_combined_datasets\GLUE\HL\GLUE_HL_509.JPG,Groundnut,HL,uncontrolled,edd925e00f1ecb30,Healthy
Z:\Projects\Smart-Farming\Datasets\final_combined_datasets\GLUE\HL\GLUE_HL_510.JPG,Groundnut,HL,uncontrolled,95797519599dc42c,Healthy
Z:\Projects\Smart-Farming\Datasets\final_combined_datasets\GLUE\HL\GLUE_HL_511.JPG,Groundnut,HL,uncontrolled,bd91c79ed9d08449,Healthy
Z:\Projects\Smart-Farming\Datasets\final_combined_datasets\GLUE\HL\GLUE_HL_512.JPG,Groundnut,HL,uncontrolled,b798471fccd2a0aa,Healthy
Z:\Projects\Smart-Farming\Datasets\final_combined_datasets\GLUE\HL\GLUE_HL_513.JPG,Groundnut,HL,uncontrolled,d18b0467dc6b25cb,Healthy
Z:\Projects\Smart-Farming\Datasets\final_combined_datasets\GLUE\HL\GLUE_HL_514.JPG,Groundnut,HL,uncontrolled,833cf343f50ab8b2,Healthy
Z:\Projects\Smart-Farming\Datasets\final_combined_datasets\GLUE\HL\GLUE_HL_515.JPG,Groundnut,HL,uncontrolled,c12df1e1962b8cba,Healthy
Z:\Projects\Smart-Farming\Datasets\final_combined_datasets\GLUE\HL\GLUE_HL_516.JPG,Groundnut,HL,uncontrolled,f8acf2bc42e2f007,Healthy
Z:\Projects\Smart-Farming\Datasets\final_combined_datasets\GLUE\HL\GLUE_HL_517.JPG,Groundnut,HL,uncontrolled,fe7cf603e0863780,Healthy
Z:\Projects\Smart-Farming\Datasets\final_combined_datasets\GLUE\HL\GLUE_HL_518.JPG,Groundnut,HL,uncontrolled,d9bf9f8648f03038,Healthy
Z:\Projects\Smart-Farming\Datasets\final_combined_datasets\GLUE\HL\GLUE_HL_519.JPG,Groundnut,HL,uncontrolled,fe861b87c07ca670,Healthy
Z:\Projects\Smart-Farming\Datasets\final_combined_datasets\GLUE\HL\GLUE_HL_520.JPG,Groundnut,HL,uncontrolled,c8be3ecfbd0008b9,Healthy
Z:\Projects\Smart-Farming\Datasets\final_combined_datasets\GLUE\HL\GLUE_HL_521.JPG,Groundnut,HL,uncontrolled,bcbf9140fc3464e2,Healthy
Z:\Projects\Smart-Farming\Datasets\final_combined_datasets\GLUE\HL\GLUE_HL_522.JPG,Groundnut,HL,uncontrolled,f0007be10e3be7c9,Healthy
Z:\Projects\Smart-Farming\Datasets\final_combined_datasets\GLUE\HL\GLUE_HL_523.JPG,Groundnut,HL,uncontrolled,f0410a1bcb9d8fd5,Healthy
Z:\Projects\Smart-Farming\Datasets\final_combined_datasets\GLUE\HL\GLUE_HL_524.JPG,Groundnut,HL,uncontrolled,943cf365690eea8c,Healthy
Z:\Projects\Smart-Farming\Datasets\final_combined_datasets\GLUE\HL\GLUE_HL_525.JPG,Groundnut,HL,uncontrolled,ee4c2fc2a3b1adc0,Healthy
Z:\Projects\Smart-Farming\Datasets\final_combined_datasets\GLUE\HL\GLUE_HL_526.JPG,Groundnut,HL,uncontrolled,9c9c61ec05e26fe4,Healthy
Z:\Projects\Smart-Farming\Datasets\final_combined_datasets\GLUE\HL\GLUE_HL_527.JPG,Groundnut,HL,uncontrolled,a5939766e904f84b,Healthy
Z:\Projects\Smart-Farming\Datasets\final_combined_datasets\GLUE\HL\GLUE_HL_528.JPG,Groundnut,HL,uncontrolled,a217f1ad39c20eb9,Healthy
Z:\Projects\Smart-Farming\Datasets\final_combined_datasets\GLUE\HL\GLUE_HL_529.JPG,Groundnut,HL,uncontrolled,9014fe9dfd0ba1c1,Healthy
Z:\Projects\Smart-Farming\Datasets\final_combined_datasets\GLUE\HL\GLUE_HL_530.JPG,Groundnut,HL,uncontrolled,c7b615028b7f78b0,Healthy
Z:\Projects\Smart-Farming\Datasets\final_combined_datasets\GLUE\HL\GLUE_HL_531.JPG,Groundnut,HL,uncontrolled,c919438507fdb8b6,Healthy
Z:\Projects\Smart-Farming\Datasets\final_combined_datasets\GLUE\HL\GLUE_HL_532.JPG,Groundnut,HL,uncontrolled,fdfae2031c601877,Healthy
Z:\Projects\Smart-Farming\Datasets\final_combined_datasets\GLUE\HL\GLUE_HL_533.JPG,Groundnut,HL,uncontrolled,cbe435879ca95712,Healthy
Z:\Projects\Smart-Farming\Datasets\final_combined_datasets\GLUE\HL\GLUE_HL_534.JPG,Groundnut,HL,uncontrolled,f84fe611bd285f40,Healthy
Z:\Projects\Smart-Farming\Datasets\final_combined_datasets\GLUE\HL\GLUE_HL_535.JPG,Groundnut,HL,uncontrolled,cc3163512de2d2af,Healthy
Z:\Projects\Smart-Farming\Datasets\final_combined_datasets\GLUE\HL\GLUE_HL_536.JPG,Groundnut,HL,uncontrolled,dc30377800ede51f,Healthy
Z:\Projects\Smart-Farming\Datasets\final_combined_datasets\GLUE\HL\GLUE_HL_537.JPG,Groundnut,HL,uncontrolled,a5ec34fcd1be4b00,Healthy
Z:\Projects\Smart-Farming\Datasets\final_combined_datasets\GLUE\HL\GLUE_HL_538.JPG,Groundnut,HL,uncontrolled,9f9a534edc31ac21,Healthy
Z:\Projects\Smart-Farming\Datasets\final_combined_datasets\GLUE\HL\GLUE_HL_539.JPG,Groundnut,HL,uncontrolled,dca40bd381ed60b7,Healthy
Z:\Projects\Smart-Farming\Datasets\final_combined_datasets\GLUE\HL\GLUE_HL_540.JPG,Groundnut,HL,uncontrolled,f80857e84f6d1571,Healthy
Z:\Projects\Smart-Farming\Datasets\final_combined_datasets\GLUE\HL\GLUE_HL_541.JPG,Groundnut,HL,uncontrolled,fc581fe35008bfe0,Healthy
Z:\Projects\Smart-Farming\Datasets\final_combined_datasets\GLUE\HL\GLUE_HL_542.JPG,Groundnut,HL,uncontrolled,fc1b1fabd8002fe0,Healthy
Z:\Projects\Smart-Farming\Datasets\final_combined_datasets\GLUE\HL\GLUE_HL_543.JPG,Groundnut,HL,uncontrolled,89b9f396a817f083,Healthy
Z:\Projects\Smart-Farming\Datasets\final_combined_datasets\GLUE\HL\GLUE_HL_544.JPG,Groundnut,HL,uncontrolled,e787376a8ad52027,Healthy
Z:\Projects\Smart-Farming\Datasets\final_combined_datasets\GLUE\HL\GLUE_HL_545.JPG,Groundnut,HL,uncontrolled,dfc9c31ebd209542,Healthy
Z:\Projects\Smart-Farming\Datasets\final_combined_datasets\GLUE\HL\GLUE_HL_546.JPG,Groundnut,HL,uncontrolled,84a7623af11cd379,Healthy
Z:\Projects\Smart-Farming\Datasets\final_combined_datasets\GLUE\HL\GLUE_HL_547.JPG,Groundnut,HL,uncontrolled,86d5b3f0893f628a,Healthy
Z:\Projects\Smart-Farming\Datasets\final_combined_datasets\GLUE\HL\GLUE_HL_548.JPG,Groundnut,HL,uncontrolled,89b7e382ce54c758,Healthy
Z:\Projects\Smart-Farming\Datasets\final_combined_datasets\GLUE\HL\GLUE_HL_549.JPG,Groundnut,HL,uncontrolled,8ed2fbc0a4b023fc,Healthy
Z:\Projects\Smart-Farming\Datasets\final_combined_datasets\GLUE\HL\GLUE_HL_550.JPG,Groundnut,HL,uncontrolled,c2b436fb4cdd2b04,Healthy
Z:\Projects\Smart-Farming\Datasets\final_combined_datasets\GLUE\HL\GLUE_HL_551.JPG,Groundnut,HL,uncontrolled,8cadf6d64dd11cc0,Healthy
Z:\Projects\Smart-Farming\Datasets\final_combined_datasets\GLUE\HL\GLUE_HL_552.JPG,Groundnut,HL,uncontrolled,d8e4ad1f922c2bc9,Healthy
Z:\Projects\Smart-Farming\Datasets\final_combined_datasets\GLUE\HL\GLUE_HL_553.JPG,Groundnut,HL,uncontrolled,aabda51256a75c61,Healthy
Z:\Projects\Smart-Farming\Datasets\final_combined_datasets\GLUE\HL\GLUE_HL_554.JPG,Groundnut,HL,uncontrolled,a5bc8e5992558b6c,Healthy
Z:\Projects\Smart-Farming\Datasets\final_combined_datasets\GLUE\HL\GLUE_HL_555.JPG,Groundnut,HL,uncontrolled,a5b58c7cca92c3aa,Healthy
Z:\Projects\Smart-Farming\Datasets\final_combined_datasets\GLUE\HL\GLUE_HL_556.JPG,Groundnut,HL,uncontrolled,8a343e07e418f2df,Healthy
Z:\Projects\Smart-Farming\Datasets\final_combined_datasets\GLUE\HL\GLUE_HL_557.JPG,Groundnut,HL,uncontrolled,cf0776789a60394d,Healthy
Z:\Projects\Smart-Farming\Datasets\final_combined_datasets\GLUE\HL\GLUE_HL_558.JPG,Groundnut,HL,uncontrolled,8aeda44bd0cf9316,Healthy
Z:\Projects\Smart-Farming\Datasets\final_combined_datasets\GLUE\HL\GLUE_HL_559.JPG,Groundnut,HL,uncontrolled,d46cb6f60c03635b,Healthy
Z:\Projects\Smart-Farming\Datasets\final_combined_datasets\GLUE\HL\GLUE_HL_560.JPG,Groundnut,HL,uncontrolled,ff2776f84aa10813,Healthy
Z:\Projects\Smart-Farming\Datasets\final_combined_datasets\GLUE\HL\GLUE_HL_561.JPG,Groundnut,HL,uncontrolled,d03b3707cd696d84,Healthy
Z:\Projects\Smart-Farming\Datasets\final_combined_datasets\GLUE\HL\GLUE_HL_562.JPG,Groundnut,HL,uncontrolled,9ac9a56bd158aa95,Healthy
Z:\Projects\Smart-Farming\Datasets\final_combined_datasets\GLUE\HL\GLUE_HL_563.JPG,Groundnut,HL,uncontrolled,8c0fc37819e29d6b,Healthy
Z:\Projects\Smart-Farming\Datasets\final_combined_datasets\GLUE\HL\GLUE_HL_564.JPG,Groundnut,HL,uncontrolled,df79b86502ed1e08,Healthy
Z:\Projects\Smart-Farming\Datasets\final_combined_datasets\GLUE\HL\GLUE_HL_565.JPG,Groundnut,HL,uncontrolled,db503ba501da3dc9,Healthy
Z:\Projects\Smart-Farming\Datasets\final_combined_datasets\GLUE\HL\GLUE_HL_566.JPG,Groundnut,HL,uncontrolled,8f72277a5cc20b0f,Healthy
Z:\Projects\Smart-Farming\Datasets\final_combined_datasets\GLUE\HL\GLUE_HL_567.JPG,Groundnut,HL,uncontrolled,de5a03694eade4d0,Healthy
Z:\Projects\Smart-Farming\Datasets\final_combined_datasets\GLUE\HL\GLUE_HL_568.JPG,Groundnut,HL,uncontrolled,ce18f4264ef6506d,Healthy
Z:\Projects\Smart-Farming\Datasets\final_combined_datasets\GLUE\HL\GLUE_HL_569.JPG,Groundnut,HL,uncontrolled,e930706f9a10f96b,Healthy
Z:\Projects\Smart-Farming\Datasets\final_combined_datasets\GLUE\HL\GLUE_HL_570.JPG,Groundnut,HL,uncontrolled,e9113160ee4deed4,Healthy
Z:\Projects\Smart-Farming\Datasets\final_combined_datasets\GLUE\HL\GLUE_HL_571.JPG,Groundnut,HL,uncontrolled,c90f7fbca8286585,Healthy
Z:\Projects\Smart-Farming\Datasets\final_combined_datasets\GLUE\HL\GLUE_HL_572.JPG,Groundnut,HL,uncontrolled,8d0277e19e6de328,Healthy
Z:\Projects\Smart-Farming\Datasets\final_combined_datasets\GLUE\HL\GLUE_HL_573.JPG,Groundnut,HL,uncontrolled,f1cc504bfec822ad,Healthy
Z:\Projects\Smart-Farming\Datasets\final_combined_datasets\GLUE\HL\GLUE_HL_574.JPG,Groundnut,HL,uncontrolled,d4e7105f49a8fa25,Healthy
Z:\Projects\Smart-Farming\Datasets\final_combined_datasets\GLUE\HL\GLUE_HL_575.JPG,Groundnut,HL,uncontrolled,8fe62459de8c4723,Healthy
Z:\Projects\Smart-Farming\Datasets\final_combined_datasets\GLUE\HL\GLUE_HL_576.JPG,Groundnut,HL,uncontrolled,9ce0e759cebc00ae,Healthy
Z:\Projects\Smart-Farming\Datasets\final_combined_datasets\GLUE\HL\GLUE_HL_577.JPG,Groundnut,HL,uncontrolled,ce9462b9d847f0e8,Healthy
Z:\Projects\Smart-Farming\Datasets\final_combined_datasets\GLUE\HL\GLUE_HL_578.JPG,Groundnut,HL,uncontrolled,9fe7027dcc986a44,Healthy
Z:\Projects\Smart-Farming\Datasets\final_combined_datasets\GLUE\HL\GLUE_HL_579.JPG,Groundnut,HL,uncontrolled,8f343acf4dc5ae04,Healthy
Z:\Projects\Smart-Farming\Datasets\final_combined_datasets\GLUE\HL\GLUE_HL_580.JPG,Groundnut,HL,uncontrolled,8aa7ceb1e22972a6,Healthy
Z:\Projects\Smart-Farming\Datasets\final_combined_datasets\GLUE\HL\GLUE_HL_581.JPG,Groundnut,HL,uncontrolled,c0b941fb5c07a3a7,Healthy
Z:\Projects\Smart-Farming\Datasets\final_combined_datasets\GLUE\HL\GLUE_HL_582.JPG,Groundnut,HL,uncontrolled,91ef3cf08acd6107,Healthy
Z:\Projects\Smart-Farming\Datasets\final_combined_datasets\GLUE\HL\GLUE_HL_583.JPG,Groundnut,HL,uncontrolled,d0252b0eeb4cd3b6,Healthy
Z:\Projects\Smart-Farming\Datasets\final_combined_datasets\GLUE\HL\GLUE_HL_584.JPG,Groundnut,HL,uncontrolled,f9a6b42d8e50942f,Healthy
Z:\Projects\Smart-Farming\Datasets\final_combined_datasets\GLUE\HL\GLUE_HL_585.JPG,Groundnut,HL,uncontrolled,c8a46b0d554bfa65,Healthy
Z:\Projects\Smart-Farming\Datasets\final_combined_datasets\GLUE\HL\GLUE_HL_586.JPG,Groundnut,HL,uncontrolled,c3a9ac4f55b506c5,Healthy
Z:\Projects\Smart-Farming\Datasets\final_combined_datasets\GLUE\HL\GLUE_HL_587.JPG,Groundnut,HL,uncontrolled,96a7f7e21bc32910,Healthy
Z:\Projects\Smart-Farming\Datasets\final_combined_datasets\GLUE\HL\GLUE_HL_588.JPG,Groundnut,HL,uncontrolled,fa6a4447e19c8fc8,Healthy
Z:\Projects\Smart-Farming\Datasets\final_combined_datasets\GLUE\HL\GLUE_HL_589.JPG,Groundnut,HL,uncontrolled,8f6841f0948dfc4f,Healthy
Z:\Projects\Smart-Farming\Datasets\final_combined_datasets\GLUE\HL\GLUE_HL_590.JPG,Groundnut,HL,uncontrolled,cd6a7603df9580f0,Healthy
Z:\Projects\Smart-Farming\Datasets\final_combined_datasets\GLUE\HL\GLUE_HL_591.JPG,Groundnut,HL,uncontrolled,fd6926ea801dc437,Healthy
Z:\Projects\Smart-Farming\Datasets\final_combined_datasets\GLUE\HL\GLUE_HL_592.JPG,Groundnut,HL,uncontrolled,cb43372f0a1bb42e,Healthy
Z:\Projects\Smart-Farming\Datasets\final_combined_datasets\GLUE\HL\GLUE_HL_593.JPG,Groundnut,HL,uncontrolled,cf4826fe0937b829,Healthy
Z:\Projects\Smart-Farming\Datasets\final_combined_datasets\GLUE\HL\GLUE_HL_594.JPG,Groundnut,HL,uncontrolled,9a16daeead0dc642,Healthy
Z:\Projects\Smart-Farming\Datasets\final_combined_datasets\GLUE\HL\GLUE_HL_595.JPG,Groundnut,HL,uncontrolled,c96837336a7917e0,Healthy
Z:\Projects\Smart-Farming\Datasets\final_combined_datasets\GLUE\HL\GLUE_HL_596.JPG,Groundnut,HL,uncontrolled,b5e66b2307e1f01c,Healthy
Z:\Projects\Smart-Farming\Datasets\final_combined_datasets\GLUE\HL\GLUE_HL_597.JPG,Groundnut,HL,uncontrolled,aea73ecc12b86872,Healthy
Z:\Projects\Smart-Farming\Datasets\final_combined_datasets\GLUE\HL\GLUE_HL_598.JPG,Groundnut,HL,uncontrolled,c5ea97cfd8817403,Healthy
Z:\Projects\Smart-Farming\Datasets\final_combined_datasets\GLUE\HL\GLUE_HL_599.JPG,Groundnut,HL,uncontrolled,fcbe8f92a54c90e0,Healthy
Z:\Projects\Smart-Farming\Datasets\final_combined_datasets\GLUE\HL\GLUE_HL_600.JPG,Groundnut,HL,uncontrolled,bbd516ce0d9ee018,Healthy
Z:\Projects\Smart-Farming\Datasets\final_combined_datasets\GLUE\HL\GLUE_HL_601.JPG,Groundnut,HL,uncontrolled,dfa9976287d50189,Healthy
Z:\Projects\Smart-Farming\Datasets\final_combined_datasets\GLUE\HL\GLUE_HL_602.JPG,Groundnut,HL,uncontrolled,f79c40c3f88f68e0,Healthy
Z:\Projects\Smart-Farming\Datasets\final_combined_datasets\GLUE\HL\GLUE_HL_603.JPG,Groundnut,HL,uncontrolled,defcc001f8e052ee,Healthy
Z:\Projects\Smart-Farming\Datasets\final_combined_datasets\GLUE\HL\GLUE_HL_604.JPG,Groundnut,HL,uncontrolled,8acfd010c33fdcb4,Healthy
Z:\Projects\Smart-Farming\Datasets\final_combined_datasets\GLUE\HL\GLUE_HL_605.JPG,Groundnut,HL,uncontrolled,fee840ef073883e4,Healthy
Z:\Projects\Smart-Farming\Datasets\final_combined_datasets\GLUE\HL\GLUE_HL_606.JPG,Groundnut,HL,uncontrolled,f9512d5ee485588e,Healthy
Z:\Projects\Smart-Farming\Datasets\final_combined_datasets\GLUE\HL\GLUE_HL_607.JPG,Groundnut,HL,uncontrolled,cab9f242a0cfc2cd,Healthy
Z:\Projects\Smart-Farming\Datasets\final_combined_datasets\GLUE\HL\GLUE_HL_608.JPG,Groundnut,HL,uncontrolled,ccfbb2c383541e38,Healthy
Z:\Projects\Smart-Farming\Datasets\final_combined_datasets\GLUE\HL\GLUE_HL_609.JPG,Groundnut,HL,uncontrolled,bc2d73e9200fe11d,Healthy
Z:\Projects\Smart-Farming\Datasets\final_combined_datasets\GLUE\HL\GLUE_HL_610.JPG,Groundnut,HL,uncontrolled,f8f1f20685ddc988,Healthy
Z:\Projects\Smart-Farming\Datasets\final_combined_datasets\GLUE\HL\GLUE_HL_611.JPG,Groundnut,HL,uncontrolled,c18335c9ffc806dc,Healthy
Z:\Projects\Smart-Farming\Datasets\final_combined_datasets\GLUE\HL\GLUE_HL_612.JPG,Groundnut,HL,uncontrolled,cf86f3da490f900d,Healthy
Z:\Projects\Smart-Farming\Datasets\final_combined_datasets\GLUE\HL\GLUE_HL_613.JPG,Groundnut,HL,uncontrolled,eb872721036f70d3,Healthy
Z:\Projects\Smart-Farming\Datasets\final_combined_datasets\GLUE\HL\GLUE_HL_614.JPG,Groundnut,HL,uncontrolled,da0c27cde9b05ce1,Healthy
Z:\Projects\Smart-Farming\Datasets\final_combined_datasets\GLUE\HL\GLUE_HL_615.JPG,Groundnut,HL,uncontrolled,ff9f0672840fd448,Healthy
Z:\Projects\Smart-Farming\Datasets\final_combined_datasets\GLUE\HL\GLUE_HL_616.JPG,Groundnut,HL,uncontrolled,f83c37af289429c5,Healthy
Z:\Projects\Smart-Farming\Datasets\final_combined_datasets\GLUE\HL\GLUE_HL_617.JPG,Groundnut,HL,uncontrolled,dba036d6619fd00e,Healthy
Z:\Projects\Smart-Farming\Datasets\final_combined_datasets\GLUE\HL\GLUE_HL_618.JPG,Groundnut,HL,uncontrolled,cca41ff06c98fa0d,Healthy
Z:\Projects\Smart-Farming\Datasets\final_combined_datasets\GLUE\HL\GLUE_HL_619.JPG,Groundnut,HL,uncontrolled,89acf6c28b6bb464,Healthy
Z:\Projects\Smart-Farming\Datasets\final_combined_datasets\GLUE\HL\GLUE_HL_620.JPG,Groundnut,HL,uncontrolled,cdb8e006d9fe30e4,Healthy
Z:\Projects\Smart-Farming\Datasets\final_combined_datasets\GLUE\HL\GLUE_HL_621.JPG,Groundnut,HL,uncontrolled,bd40823f2e6aa1ed,Healthy
Z:\Projects\Smart-Farming\Datasets\final_combined_datasets\GLUE\HL\GLUE_HL_622.JPG,Groundnut,HL,uncontrolled,8505cf9c432f25e7,Healthy
Z:\Projects\Smart-Farming\Datasets\final_combined_datasets\GLUE\HL\GLUE_HL_623.JPG,Groundnut,HL,uncontrolled,8c336eea94c5d654,Healthy
Z:\Projects\Smart-Farming\Datasets\final_combined_datasets\GLUE\HL\GLUE_HL_624.JPG,Groundnut,HL,uncontrolled,f89d3506db5042fc,Healthy
Z:\Projects\Smart-Farming\Datasets\final_combined_datasets\GLUE\HL\GLUE_HL_625.JPG,Groundnut,HL,uncontrolled,c93b626420feeca9,Healthy
Z:\Projects\Smart-Farming\Datasets\final_combined_datasets\GLUE\HL\GLUE_HL_626.JPG,Groundnut,HL,uncontrolled,df84bdd8a5524652,Healthy
Z:\Projects\Smart-Farming\Datasets\final_combined_datasets\GLUE\HL\GLUE_HL_627.JPG,Groundnut,HL,uncontrolled,9e69723ea00af41f,Healthy
Z:\Projects\Smart-Farming\Datasets\final_combined_datasets\GLUE\HL\GLUE_HL_628.JPG,Groundnut,HL,uncontrolled,9c1e7ca31cce8539,Healthy
Z:\Projects\Smart-Farming\Datasets\final_combined_datasets\GLUE\HL\GLUE_HL_629.JPG,Groundnut,HL,uncontrolled,eb88337880b7f40f,Healthy
Z:\Projects\Smart-Farming\Datasets\final_combined_datasets\GLUE\HL\GLUE_HL_630.JPG,Groundnut,HL,uncontrolled,f18c7aa15ef8330c,Healthy
Z:\Projects\Smart-Farming\Datasets\final_combined_datasets\GLUE\HL\GLUE_HL_631.JPG,Groundnut,HL,uncontrolled,f4b8752a867908f9,Healthy
Z:\Projects\Smart-Farming\Datasets\final_combined_datasets\GLUE\HL\GLUE_HL_632.JPG,Groundnut,HL,uncontrolled,f21352f1241dadec,Healthy
Z:\Projects\Smart-Farming\Datasets\final_combined_datasets\GLUE\HL\GLUE_HL_633.JPG,Groundnut,HL,uncontrolled,bda976057d10d2c3,Healthy
Z:\Projects\Smart-Farming\Datasets\final_combined_datasets\GLUE\HL\GLUE_HL_634.JPG,Groundnut,HL,uncontrolled,ccb42c5dcd2f3912,Healthy
Z:\Projects\Smart-Farming\Datasets\final_combined_datasets\GLUE\HL\GLUE_HL_635.JPG,Groundnut,HL,uncontrolled,f9a272f04ba0bc3c,Healthy
Z:\Projects\Smart-Farming\Datasets\final_combined_datasets\GLUE\HL\GLUE_HL_636.JPG,Groundnut,HL,uncontrolled,f98726c9082ce8fb,Healthy
Z:\Projects\Smart-Farming\Datasets\final_combined_datasets\GLUE\HL\GLUE_HL_637.JPG,Groundnut,HL,uncontrolled,d98427f3bc17c138,Healthy
Z:\Projects\Smart-Farming\Datasets\final_combined_datasets\GLUE\HL\GLUE_HL_638.JPG,Groundnut,HL,uncontrolled,88d92bb451b521ef,Healthy
Z:\Projects\Smart-Farming\Datasets\final_combined_datasets\GLUE\HL\GLUE_HL_639.JPG,Groundnut,HL,uncontrolled,87a9da8be82c38f1,Healthy
Z:\Projects\Smart-Farming\Datasets\final_combined_datasets\GLUE\HL\GLUE_HL_640.JPG,Groundnut,HL,uncontrolled,d3a5da2091de34cb,Healthy
Z:\Projects\Smart-Farming\Datasets\final_combined_datasets\GLUE\HL\GLUE_HL_641.JPG,Groundnut,HL,uncontrolled,9d9f9490402c7777,Healthy
Z:\Projects\Smart-Farming\Datasets\final_combined_datasets\GLUE\HL\GLUE_HL_642.JPG,Groundnut,HL,uncontrolled,9da2d70795539589,Healthy
Z:\Projects\Smart-Farming\Datasets\final_combined_datasets\GLUE\HL\GLUE_HL_643.JPG,Groundnut,HL,uncontrolled,dafcf0d989cd6024,Healthy
Z:\Projects\Smart-Farming\Datasets\final_combined_datasets\GLUE\HL\GLUE_HL_644.JPG,Groundnut,HL,uncontrolled,895b56764d0b398d,Healthy
Z:\Projects\Smart-Farming\Datasets\final_combined_datasets\GLUE\HL\GLUE_HL_645.JPG,Groundnut,HL,uncontrolled,de14e07af6750ba0,Healthy
Z:\Projects\Smart-Farming\Datasets\final_combined_datasets\GLUE\HL\GLUE_HL_646.JPG,Groundnut,HL,uncontrolled,cc59e78f131493e1,Healthy
Z:\Projects\Smart-Farming\Datasets\final_combined_datasets\GLUE\HL\GLUE_HL_647.JPG,Groundnut,HL,uncontrolled,c2f26130e94f5e0f,Healthy
Z:\Projects\Smart-Farming\Datasets\final_combined_datasets\GLUE\HL\GLUE_HL_648.JPG,Groundnut,HL,uncontrolled,eb1bd3b400ad555c,Healthy
Z:\Projects\Smart-Farming\Datasets\final_combined_datasets\GLUE\HL\GLUE_HL_649.JPG,Groundnut,HL,uncontrolled,803447c6fc9bea9a,Healthy
Z:\Projects\Smart-Farming\Datasets\final_combined_datasets\GLUE\HL\GLUE_HL_650.JPG,Groundnut,HL,uncontrolled,ea4a089c9a21f5f7,Healthy
Z:\Projects\Smart-Farming\Datasets\final_combined_datasets\GLUE\HL\GLUE_HL_651.JPG,Groundnut,HL,uncontrolled,eea24f90ad5ea129,Healthy
Z:\Projects\Smart-Farming\Datasets\final_combined_datasets\GLUE\HL\GLUE_HL_652.JPG,Groundnut,HL,uncontrolled,8c2df39fc88ec416,Healthy
Z:\Projects\Smart-Farming\Datasets\final_combined_datasets\GLUE\HL\GLUE_HL_653.JPG,Groundnut,HL,uncontrolled,dd45a087d6190fe9,Healthy
Z:\Projects\Smart-Farming\Datasets\final_combined_datasets\GLUE\HL\GLUE_HL_654.JPG,Groundnut,HL,uncontrolled,f51bf2c01aaaa26d,Healthy
Z:\Projects\Smart-Farming\Datasets\final_combined_datasets\GLUE\HL\GLUE_HL_655.JPG,Groundnut,HL,uncontrolled,a03366c51f096ded,Healthy
Z:\Projects\Smart-Farming\Datasets\final_combined_datasets\GLUE\HL\GLUE_HL_656.JPG,Groundnut,HL,uncontrolled,953be2dc929c23a6,Healthy
Z:\Projects\Smart-Farming\Datasets\final_combined_datasets\GLUE\HL\GLUE_HL_657.JPG,Groundnut,HL,uncontrolled,953fe007acc65d54,Healthy
Z:\Projects\Smart-Farming\Datasets\final_combined_datasets\GLUE\HL\GLUE_HL_658.JPG,Groundnut,HL,uncontrolled,8c33770ed8dc83d2,Healthy
Z:\Projects\Smart-Farming\Datasets\final_combined_datasets\GLUE\HL\GLUE_HL_659.JPG,Groundnut,HL,uncontrolled,8e574750e5b120fe,Healthy
Z:\Projects\Smart-Farming\Datasets\final_combined_datasets\GLUE\HL\GLUE_HL_660.JPG,Groundnut,HL,uncontrolled,ac9de37c1903c1bc,Healthy
Z:\Projects\Smart-Farming\Datasets\final_combined_datasets\GLUE\HL\GLUE_HL_661.JPG,Groundnut,HL,uncontrolled,876d6717529497a4,Healthy
Z:\Projects\Smart-Farming\Datasets\final_combined_datasets\GLUE\HL\GLUE_HL_662.JPG,Groundnut,HL,uncontrolled,fd3f430e1662a6a4,Healthy
Z:\Projects\Smart-Farming\Datasets\final_combined_datasets\GLUE\HL\GLUE_HL_663.JPG,Groundnut,HL,uncontrolled,a9f9e01406bf3c99,Healthy
Z:\Projects\Smart-Farming\Datasets\final_combined_datasets\GLUE\HL\GLUE_HL_664.JPG,Groundnut,HL,uncontrolled,d995b841dd6207ec,Healthy
Z:\Projects\Smart-Farming\Datasets\final_combined_datasets\GLUE\HL\GLUE_HL_665.JPG,Groundnut,HL,uncontrolled,cd940542fd603fea,Healthy
Z:\Projects\Smart-Farming\Datasets\final_combined_datasets\GLUE\HL\GLUE_HL_666.JPG,Groundnut,HL,uncontrolled,dce3951a1c8746d6,Healthy
Z:\Projects\Smart-Farming\Datasets\final_combined_datasets\GLUE\HL\GLUE_HL_667.JPG,Groundnut,HL,uncontrolled,88de867b5ac738c4,Healthy
Z:\Projects\Smart-Farming\Datasets\final_combined_datasets\GLUE\HL\GLUE_HL_668.JPG,Groundnut,HL,uncontrolled,dcd686e81ac5729a,Healthy
Z:\Projects\Smart-Farming\Datasets\final_combined_datasets\GLUE\HL\GLUE_HL_669.JPG,Groundnut,HL,uncontrolled,ca11b688dffd4606,Healthy
Z:\Projects\Smart-Farming\Datasets\final_combined_datasets\GLUE\HL\GLUE_HL_670.JPG,Groundnut,HL,uncontrolled,f6b392162941fc2e,Healthy
Z:\Projects\Smart-Farming\Datasets\final_combined_datasets\GLUE\HL\GLUE_HL_671.JPG,Groundnut,HL,uncontrolled,f42001c7dfacb978,Healthy
Z:\Projects\Smart-Farming\Datasets\final_combined_datasets\GLUE\HL\GLUE_HL_672.JPG,Groundnut,HL,uncontrolled,caa335dfd16e2308,Healthy
Z:\Projects\Smart-Farming\Datasets\final_combined_datasets\GLUE\HL\GLUE_HL_673.JPG,Groundnut,HL,uncontrolled,cfb5a4d498f62606,Healthy
Z:\Projects\Smart-Farming\Datasets\final_combined_datasets\GLUE\HL\GLUE_HL_674.JPG,Groundnut,HL,uncontrolled,dd04b1eaf12f41f0,Healthy
Z:\Projects\Smart-Farming\Datasets\final_combined_datasets\GLUE\HL\GLUE_HL_675.JPG,Groundnut,HL,uncontrolled,f8d922e539a616d4,Healthy
Z:\Projects\Smart-Farming\Datasets\final_combined_datasets\GLUE\HL\GLUE_HL_676.JPG,Groundnut,HL,uncontrolled,fc5d7a90d4e18989,Healthy
Z:\Projects\Smart-Farming\Datasets\final_combined_datasets\GLUE\HL\GLUE_HL_677.JPG,Groundnut,HL,uncontrolled,c17c30f091e0f7f4,Healthy
Z:\Projects\Smart-Farming\Datasets\final_combined_datasets\GLUE\HL\GLUE_HL_678.JPG,Groundnut,HL,uncontrolled,8df032784761fd07,Healthy
Z:\Projects\Smart-Farming\Datasets\final_combined_datasets\GLUE\HL\GLUE_HL_679.JPG,Groundnut,HL,uncontrolled,b3f367ee8844c033,Healthy
Z:\Projects\Smart-Farming\Datasets\final_combined_datasets\GLUE\HL\GLUE_HL_680.JPG,Groundnut,HL,uncontrolled,d72e227a0da9b487,Healthy
Z:\Projects\Smart-Farming\Datasets\final_combined_datasets\GLUE\HL\GLUE_HL_681.JPG,Groundnut,HL,uncontrolled,9d630e04c5f083ff,Healthy
Z:\Projects\Smart-Farming\Datasets\final_combined_datasets\GLUE\HL\GLUE_HL_682.JPG,Groundnut,HL,uncontrolled,dad930431fa0276f,Healthy
Z:\Projects\Smart-Farming\Datasets\final_combined_datasets\GLUE\HL\GLUE_HL_683.JPG,Groundnut,HL,uncontrolled,d97321039fce3cc4,Healthy
Z:\Projects\Smart-Farming\Datasets\final_combined_datasets\GLUE\HL\GLUE_HL_684.JPG,Groundnut,HL,uncontrolled,c87c747e07804adf,Healthy
Z:\Projects\Smart-Farming\Datasets\final_combined_datasets\GLUE\HL\GLUE_HL_685.JPG,Groundnut,HL,uncontrolled,ec74078ee2e565a4,Healthy
Z:\Projects\Smart-Farming\Datasets\final_combined_datasets\GLUE\HL\GLUE_HL_686.JPG,Groundnut,HL,uncontrolled,c9516533d279d4b8,Healthy
Z:\Projects\Smart-Farming\Datasets\final_combined_datasets\GLUE\HL\GLUE_HL_687.JPG,Groundnut,HL,uncontrolled,888770fc7ace2749,Healthy
Z:\Projects\Smart-Farming\Datasets\final_combined_datasets\GLUE\HL\GLUE_HL_688.JPG,Groundnut,HL,uncontrolled,ee4a751ae92cca07,Healthy
Z:\Projects\Smart-Farming\Datasets\final_combined_datasets\GLUE\HL\GLUE_HL_689.JPG,Groundnut,HL,uncontrolled,9d072d921f6f027c,Healthy
Z:\Projects\Smart-Farming\Datasets\final_combined_datasets\GLUE\HL\GLUE_HL_690.JPG,Groundnut,HL,uncontrolled,c92a06f748bbff00,Healthy
Z:\Projects\Smart-Farming\Datasets\final_combined_datasets\GLUE\HL\GLUE_HL_691.JPG,Groundnut,HL,uncontrolled,86e037afcb210df1,Healthy
Z:\Projects\Smart-Farming\Datasets\final_combined_datasets\GLUE\HL\GLUE_HL_692.JPG,Groundnut,HL,uncontrolled,dbb136ce46939431,Healthy
Z:\Projects\Smart-Farming\Datasets\final_combined_datasets\GLUE\HL\GLUE_HL_693.JPG,Groundnut,HL,uncontrolled,8af66749861f193c,Healthy
Z:\Projects\Smart-Farming\Datasets\final_combined_datasets\GLUE\HL\GLUE_HL_694.JPG,Groundnut,HL,uncontrolled,c0ff744ff0404dd1,Healthy
Z:\Projects\Smart-Farming\Datasets\final_combined_datasets\GLUE\HL\GLUE_HL_695.JPG,Groundnut,HL,uncontrolled,838260d0f87cfd76,Healthy
Z:\Projects\Smart-Farming\Datasets\final_combined_datasets\GLUE\HL\GLUE_HL_696.JPG,Groundnut,HL,uncontrolled,ffe1034f6c24e622,Healthy
Z:\Projects\Smart-Farming\Datasets\final_combined_datasets\GLUE\HL\GLUE_HL_697.JPG,Groundnut,HL,uncontrolled,cd724bb7a8a809ae,Healthy
Z:\Projects\Smart-Farming\Datasets\final_combined_datasets\GLUE\HL\GLUE_HL_698.JPG,Groundnut,HL,uncontrolled,aaef43588e710dc5,Healthy
Z:\Projects\Smart-Farming\Datasets\final_combined_datasets\GLUE\HL\GLUE_HL_699.JPG,Groundnut,HL,uncontrolled,ccf7446789ef20d0,Healthy
Z:\Projects\Smart-Farming\Datasets\final_combined_datasets\GLUE\HL\GLUE_HL_700.JPG,Groundnut,HL,uncontrolled,baf14ecce862a570,Healthy
Z:\Projects\Smart-Farming\Datasets\final_combined_datasets\GLUE\HL\GLUE_HL_701.JPG,Groundnut,HL,uncontrolled,fe46600fbf8f220c,Healthy
Z:\Projects\Smart-Farming\Datasets\final_combined_datasets\GLUE\HL\GLUE_HL_702.JPG,Groundnut,HL,uncontrolled,fbf01b0a1f41b20f,Healthy
Z:\Projects\Smart-Farming\Datasets\final_combined_datasets\GLUE\HL\GLUE_HL_703.JPG,Groundnut,HL,uncontrolled,f8c2e308fcb2e0e5,Healthy
Z:\Projects\Smart-Farming\Datasets\final_combined_datasets\GLUE\HL\GLUE_HL_704.JPG,Groundnut,HL,uncontrolled,ff7d4033d803f00e,Healthy
Z:\Projects\Smart-Farming\Datasets\final_combined_datasets\GLUE\HL\GLUE_HL_705.JPG,Groundnut,HL,uncontrolled,9e7008e77ae0e9e1,Healthy
Z:\Projects\Smart-Farming\Datasets\final_combined_datasets\GLUE\HL\GLUE_HL_706.JPG,Groundnut,HL,uncontrolled,a80eff8bfdcc0118,Healthy
Z:\Projects\Smart-Farming\Datasets\final_combined_datasets\GLUE\HL\GLUE_HL_707.JPG,Groundnut,HL,uncontrolled,9fe503a730fef008,Healthy
Z:\Projects\Smart-Farming\Datasets\final_combined_datasets\GLUE\HL\GLUE_HL_708.JPG,Groundnut,HL,uncontrolled,cebee017f40b2c92,Healthy
Z:\Projects\Smart-Farming\Datasets\final_combined_datasets\GLUE\HL\GLUE_HL_709.JPG,Groundnut,HL,uncontrolled,d969e2b44ca67313,Healthy
Z:\Projects\Smart-Farming\Datasets\final_combined_datasets\GLUE\HL\GLUE_HL_710.JPG,Groundnut,HL,uncontrolled,d0165d65ae6b5631,Healthy
Z:\Projects\Smart-Farming\Datasets\final_combined_datasets\GLUE\HL\GLUE_HL_711.JPG,Groundnut,HL,uncontrolled,e0ad4278bd542b75,Healthy
Z:\Projects\Smart-Farming\Datasets\final_combined_datasets\GLUE\HL\GLUE_HL_712.JPG,Groundnut,HL,uncontrolled,e929628745c8dece,Healthy
Z:\Projects\Smart-Farming\Datasets\final_combined_datasets\GLUE\HL\GLUE_HL_713.JPG,Groundnut,HL,uncontrolled,cad3ecbe48a51f20,Healthy
Z:\Projects\Smart-Farming\Datasets\final_combined_datasets\GLUE\HL\GLUE_HL_714.JPG,Groundnut,HL,uncontrolled,a378fd0fc4c33145,Healthy
Z:\Projects\Smart-Farming\Datasets\final_combined_datasets\GLUE\HL\GLUE_HL_715.JPG,Groundnut,HL,uncontrolled,b9388fed09b66071,Healthy
Z:\Projects\Smart-Farming\Datasets\final_combined_datasets\GLUE\HL\GLUE_HL_716.JPG,Groundnut,HL,uncontrolled,8c4e7b5419e338f4,Healthy
Z:\Projects\Smart-Farming\Datasets\final_combined_datasets\GLUE\HL\GLUE_HL_717.JPG,Groundnut,HL,uncontrolled,bdd137aad8770422,Healthy
Z:\Projects\Smart-Farming\Datasets\final_combined_datasets\GLUE\HL\GLUE_HL_718.JPG,Groundnut,HL,uncontrolled,c99a73fb8c587806,Healthy
Z:\Projects\Smart-Farming\Datasets\final_combined_datasets\GLUE\HL\GLUE_HL_719.JPG,Groundnut,HL,uncontrolled,da90b5b45b6981ea,Healthy
Z:\Projects\Smart-Farming\Datasets\final_combined_datasets\GLUE\HL\GLUE_HL_720.JPG,Groundnut,HL,uncontrolled,fae7308b0d9788a3,Healthy
Z:\Projects\Smart-Farming\Datasets\final_combined_datasets\GLUE\HL\GLUE_HL_721.JPG,Groundnut,HL,uncontrolled,bfa120841f3746b7,Healthy
Z:\Projects\Smart-Farming\Datasets\final_combined_datasets\GLUE\HL\GLUE_HL_722.JPG,Groundnut,HL,uncontrolled,eafd0603997321ce,Healthy
Z:\Projects\Smart-Farming\Datasets\final_combined_datasets\GLUE\HL\GLUE_HL_723.JPG,Groundnut,HL,uncontrolled,eb1a637c16b78033,Healthy
Z:\Projects\Smart-Farming\Datasets\final_combined_datasets\GLUE\HL\GLUE_HL_724.JPG,Groundnut,HL,uncontrolled,c8fc349f9906338d,Healthy
Z:\Projects\Smart-Farming\Datasets\final_combined_datasets\GLUE\HL\GLUE_HL_725.JPG,Groundnut,HL,uncontrolled,d7b6259b902ba989,Healthy
Z:\Projects\Smart-Farming\Datasets\final_combined_datasets\GLUE\HL\GLUE_HL_726.JPG,Groundnut,HL,uncontrolled,89f86c27c56952d3,Healthy
Z:\Projects\Smart-Farming\Datasets\final_combined_datasets\GLUE\HL\GLUE_HL_727.JPG,Groundnut,HL,uncontrolled,9c76a32f466cbcc0,Healthy
Z:\Projects\Smart-Farming\Datasets\final_combined_datasets\GLUE\HL\GLUE_HL_728.JPG,Groundnut,HL,uncontrolled,8d31e619c20fcbcd,Healthy
Z:\Projects\Smart-Farming\Datasets\final_combined_datasets\GLUE\HL\GLUE_HL_729.JPG,Groundnut,HL,uncontrolled,b1f363cf8e0a3027,Healthy
Z:\Projects\Smart-Farming\Datasets\final_combined_datasets\GLUE\HL\GLUE_HL_730.JPG,Groundnut,HL,uncontrolled,80a7f045cfde6694,Healthy
Z:\Projects\Smart-Farming\Datasets\final_combined_datasets\GLUE\HL\GLUE_HL_731.JPG,Groundnut,HL,uncontrolled,8d2fe280bcc8c75e,Healthy
Z:\Projects\Smart-Farming\Datasets\final_combined_datasets\GLUE\HL\GLUE_HL_732.JPG,Groundnut,HL,uncontrolled,883ef2915bd8c54d,Healthy
Z:\Projects\Smart-Farming\Datasets\final_combined_datasets\GLUE\HL\GLUE_HL_001.JPG,Groundnut,HL,uncontrolled,b6c29791b41470fb,Healthy
Z:\Projects\Smart-Farming\Datasets\final_combined_datasets\GLUE\HL\GLUE_HL_733.JPG,Groundnut,HL,uncontrolled,ed296aeaad92e007,Healthy
Z:\Projects\Smart-Farming\Datasets\final_combined_datasets\GLUE\HL\GLUE_HL_734.JPG,Groundnut,HL,uncontrolled,ec6a2e49bd4123ec,Healthy
Z:\Projects\Smart-Farming\Datasets\final_combined_datasets\GLUE\HL\GLUE_HL_735.JPG,Groundnut,HL,uncontrolled,e9081853dc79276f,Healthy
Z:\Projects\Smart-Farming\Datasets\final_combined_datasets\GLUE\HL\GLUE_HL_736.JPG,Groundnut,HL,uncontrolled,ea0269de329d74c3,Healthy
Z:\Projects\Smart-Farming\Datasets\final_combined_datasets\GLUE\HL\GLUE_HL_737.JPG,Groundnut,HL,uncontrolled,f97505e791a1f414,Healthy
Z:\Projects\Smart-Farming\Datasets\final_combined_datasets\GLUE\HL\GLUE_HL_738.JPG,Groundnut,HL,uncontrolled,e91b7ad8189c9762,Healthy
Z:\Projects\Smart-Farming\Datasets\final_combined_datasets\GLUE\HL\GLUE_HL_739.JPG,Groundnut,HL,uncontrolled,e9523eda1a84875b,Healthy
Z:\Projects\Smart-Farming\Datasets\final_combined_datasets\GLUE\HL\GLUE_HL_740.JPG,Groundnut,HL,uncontrolled,c81e7ceab2567c50,Healthy
Z:\Projects\Smart-Farming\Datasets\final_combined_datasets\GLUE\HL\GLUE_HL_741.JPG,Groundnut,HL,uncontrolled,e77026e7597819a8,Healthy
Z:\Projects\Smart-Farming\Datasets\final_combined_datasets\GLUE\HL\GLUE_HL_742.JPG,Groundnut,HL,uncontrolled,89ac76d2ab4d6d06,Healthy
Z:\Projects\Smart-Farming\Datasets\final_combined_datasets\GLUE\HL\GLUE_HL_743.JPG,Groundnut,HL,uncontrolled,9a09f59678b991d2,Healthy
Z:\Projects\Smart-Farming\Datasets\final_combined_datasets\GLUE\HL\GLUE_HL_744.JPG,Groundnut,HL,uncontrolled,c9257166b8f2bb09,Healthy
Z:\Projects\Smart-Farming\Datasets\final_combined_datasets\GLUE\HL\GLUE_HL_745.JPG,Groundnut,HL,uncontrolled,d031eb2664de191f,Healthy
Z:\Projects\Smart-Farming\Datasets\final_combined_datasets\GLUE\HL\GLUE_HL_746.JPG,Groundnut,HL,uncontrolled,e352379391295b5a,Healthy
Z:\Projects\Smart-Farming\Datasets\final_combined_datasets\GLUE\HL\GLUE_HL_747.JPG,Groundnut,HL,uncontrolled,9cd083f9966e803f,Healthy
Z:\Projects\Smart-Farming\Datasets\final_combined_datasets\GLUE\HL\GLUE_HL_748.JPG,Groundnut,HL,uncontrolled,eb29275302f849f5,Healthy
Z:\Projects\Smart-Farming\Datasets\final_combined_datasets\GLUE\HL\GLUE_HL_749.JPG,Groundnut,HL,uncontrolled,a2b262ce508a7fd3,Healthy
Z:\Projects\Smart-Farming\Datasets\final_combined_datasets\GLUE\HL\GLUE_HL_750.JPG,Groundnut,HL,uncontrolled,dd3d16122fc2f861,Healthy
Z:\Projects\Smart-Farming\Datasets\final_combined_datasets\GLUE\HL\GLUE_HL_751.JPG,Groundnut,HL,uncontrolled,d80903573f9a7aac,Healthy
Z:\Projects\Smart-Farming\Datasets\final_combined_datasets\GLUE\HL\GLUE_HL_752.JPG,Groundnut,HL,uncontrolled,c333162a986a6ef6,Healthy
Z:\Projects\Smart-Farming\Datasets\final_combined_datasets\GLUE\HL\GLUE_HL_753.JPG,Groundnut,HL,uncontrolled,cbc8837780a37f52,Healthy
Z:\Projects\Smart-Farming\Datasets\final_combined_datasets\GLUE\HL\GLUE_HL_754.JPG,Groundnut,HL,uncontrolled,d481254d0f497fbc,Healthy
Z:\Projects\Smart-Farming\Datasets\final_combined_datasets\GLUE\HL\GLUE_HL_755.JPG,Groundnut,HL,uncontrolled,ff3b2d69c50e30a0,Healthy
Z:\Projects\Smart-Farming\Datasets\final_combined_datasets\GLUE\HL\GLUE_HL_756.JPG,Groundnut,HL,uncontrolled,e3bc806fd8032fb8,Healthy
Z:\Projects\Smart-Farming\Datasets\final_combined_datasets\GLUE\HL\GLUE_HL_757.JPG,Groundnut,HL,uncontrolled,cbb0b5f85f036891,Healthy
Z:\Projects\Smart-Farming\Datasets\final_combined_datasets\GLUE\HL\GLUE_HL_758.JPG,Groundnut,HL,uncontrolled,8816fd42d6f0389f,Healthy
Z:\Projects\Smart-Farming\Datasets\final_combined_datasets\GLUE\HL\GLUE_HL_759.JPG,Groundnut,HL,uncontrolled,c9365386959aa5e9,Healthy
Z:\Projects\Smart-Farming\Datasets\final_combined_datasets\GLUE\HL\GLUE_HL_760.JPG,Groundnut,HL,uncontrolled,830270d35cfda679,Healthy
Z:\Projects\Smart-Farming\Datasets\final_combined_datasets\GLUE\HL\GLUE_HL_761.JPG,Groundnut,HL,uncontrolled,847cf6b70de2a82c,Healthy
Z:\Projects\Smart-Farming\Datasets\final_combined_datasets\GLUE\HL\GLUE_HL_762.JPG,Groundnut,HL,uncontrolled,df2de81685f3980c,Healthy
Z:\Projects\Smart-Farming\Datasets\final_combined_datasets\GLUE\HL\GLUE_HL_763.JPG,Groundnut,HL,uncontrolled,c98c49fdd817645a,Healthy
Z:\Projects\Smart-Farming\Datasets\final_combined_datasets\GLUE\HL\GLUE_HL_764.JPG,Groundnut,HL,uncontrolled,c8916ce098a377fc,Healthy
Z:\Projects\Smart-Farming\Datasets\final_combined_datasets\GLUE\HL\GLUE_HL_765.JPG,Groundnut,HL,uncontrolled,a9796507c89c0edd,Healthy
Z:\Projects\Smart-Farming\Datasets\final_combined_datasets\GLUE\HL\GLUE_HL_766.JPG,Groundnut,HL,uncontrolled,f8a443233979c3cd,Healthy
Z:\Projects\Smart-Farming\Datasets\final_combined_datasets\GLUE\HL\GLUE_HL_767.JPG,Groundnut,HL,uncontrolled,a9746f0358e393ac,Healthy
Z:\Projects\Smart-Farming\Datasets\final_combined_datasets\GLUE\HL\GLUE_HL_768.JPG,Groundnut,HL,uncontrolled,e89b70689d3525cd,Healthy
Z:\Projects\Smart-Farming\Datasets\final_combined_datasets\GLUE\HL\GLUE_HL_769.JPG,Groundnut,HL,uncontrolled,dd28b04117f31fa6,Healthy
Z:\Projects\Smart-Farming\Datasets\final_combined_datasets\GLUE\HL\GLUE_HL_770.JPG,Groundnut,HL,uncontrolled,c3c572c3b8b98ce4,Healthy
Z:\Projects\Smart-Farming\Datasets\final_combined_datasets\GLUE\HL\GLUE_HL_771.JPG,Groundnut,HL,uncontrolled,dd3ea160d45a43ce,Healthy
Z:\Projects\Smart-Farming\Datasets\final_combined_datasets\GLUE\HL\GLUE_HL_772.JPG,Groundnut,HL,uncontrolled,8d9ee192f6e026e4,Healthy
Z:\Projects\Smart-Farming\Datasets\final_combined_datasets\GLUE\HL\GLUE_HL_773.JPG,Groundnut,HL,uncontrolled,e449b6feb90703c4,Healthy
Z:\Projects\Smart-Farming\Datasets\final_combined_datasets\GLUE\HL\GLUE_HL_774.JPG,Groundnut,HL,uncontrolled,de3ef2e10114c3b9,Healthy
Z:\Projects\Smart-Farming\Datasets\final_combined_datasets\GLUE\HL\GLUE_HL_775.JPG,Groundnut,HL,uncontrolled,8c21d1e3dbd0e4cb,Healthy
Z:\Projects\Smart-Farming\Datasets\final_combined_datasets\GLUE\HL\GLUE_HL_776.JPG,Groundnut,HL,uncontrolled,d604b5420e6ff42f,Healthy
Z:\Projects\Smart-Farming\Datasets\final_combined_datasets\GLUE\HL\GLUE_HL_777.JPG,Groundnut,HL,uncontrolled,cfa8c3b44ec6a447,Healthy
Z:\Projects\Smart-Farming\Datasets\final_combined_datasets\GLUE\HL\GLUE_HL_778.JPG,Groundnut,HL,uncontrolled,dd1625e246e916f8,Healthy
Z:\Projects\Smart-Farming\Datasets\final_combined_datasets\GLUE\HL\GLUE_HL_779.JPG,Groundnut,HL,uncontrolled,d883a28c8ff1952f,Healthy
Z:\Projects\Smart-Farming\Datasets\final_combined_datasets\GLUE\HL\GLUE_HL_780.JPG,Groundnut,HL,uncontrolled,fd92826ca92e59e4,Healthy
Z:\Projects\Smart-Farming\Datasets\final_combined_datasets\GLUE\HL\GLUE_HL_781.JPG,Groundnut,HL,uncontrolled,c0b346cf4696ef48,Healthy
Z:\Projects\Smart-Farming\Datasets\final_combined_datasets\GLUE\HL\GLUE_HL_782.JPG,Groundnut,HL,uncontrolled,c0b879648b64becb,Healthy
Z:\Projects\Smart-Farming\Datasets\final_combined_datasets\GLUE\HL\GLUE_HL_783.JPG,Groundnut,HL,uncontrolled,cce516f1927a6c8c,Healthy
Z:\Projects\Smart-Farming\Datasets\final_combined_datasets\GLUE\HL\GLUE_HL_784.JPG,Groundnut,HL,uncontrolled,d8b8378b5e54ad0c,Healthy
Z:\Projects\Smart-Farming\Datasets\final_combined_datasets\GLUE\HL\GLUE_HL_785.JPG,Groundnut,HL,uncontrolled,d3732fe310aca9d0,Healthy
Z:\Projects\Smart-Farming\Datasets\final_combined_datasets\GLUE\HL\GLUE_HL_786.JPG,Groundnut,HL,uncontrolled,9133b66eda54a989,Healthy
Z:\Projects\Smart-Farming\Datasets\final_combined_datasets\GLUE\HL\GLUE_HL_787.JPG,Groundnut,HL,uncontrolled,8903b7e10fc15d5e,Healthy
Z:\Projects\Smart-Farming\Datasets\final_combined_datasets\GLUE\HL\GLUE_HL_788.JPG,Groundnut,HL,uncontrolled,d973e7a1f807062c,Healthy
Z:\Projects\Smart-Farming\Datasets\final_combined_datasets\GLUE\HL\GLUE_HL_789.JPG,Groundnut,HL,uncontrolled,c006aded8e554cbb,Healthy
Z:\Projects\Smart-Farming\Datasets\final_combined_datasets\GLUE\HL\GLUE_HL_790.JPG,Groundnut,HL,uncontrolled,c0d021adb52dcb6f,Healthy
Z:\Projects\Smart-Farming\Datasets\final_combined_datasets\GLUE\HL\GLUE_HL_791.JPG,Groundnut,HL,uncontrolled,b07967c5ee084a6e,Healthy
Z:\Projects\Smart-Farming\Datasets\final_combined_datasets\GLUE\HL\GLUE_HL_792.JPG,Groundnut,HL,uncontrolled,d03122bf5abad4e1,Healthy
Z:\Projects\Smart-Farming\Datasets\final_combined_datasets\GLUE\HL\GLUE_HL_793.JPG,Groundnut,HL,uncontrolled,c0be3390524976fb,Healthy
Z:\Projects\Smart-Farming\Datasets\final_combined_datasets\GLUE\HL\GLUE_HL_794.JPG,Groundnut,HL,uncontrolled,813f01a674daebc3,Healthy
Z:\Projects\Smart-Farming\Datasets\final_combined_datasets\GLUE\HL\GLUE_HL_795.JPG,Groundnut,HL,uncontrolled,dcc025addf30593a,Healthy
Z:\Projects\Smart-Farming\Datasets\final_combined_datasets\GLUE\HL\GLUE_HL_796.JPG,Groundnut,HL,uncontrolled,932f309ea930e575,Healthy
Z:\Projects\Smart-Farming\Datasets\final_combined_datasets\GLUE\HL\GLUE_HL_797.JPG,Groundnut,HL,uncontrolled,81ee3380aa6bea75,Healthy
Z:\Projects\Smart-Farming\Datasets\final_combined_datasets\GLUE\HL\GLUE_HL_798.JPG,Groundnut,HL,uncontrolled,b179640d4ed9f390,Healthy
Z:\Projects\Smart-Farming\Datasets\final_combined_datasets\GLUE\HL\GLUE_HL_799.JPG,Groundnut,HL,uncontrolled,9cbda4170b971a65,Healthy
Z:\Projects\Smart-Farming\Datasets\final_combined_datasets\GLUE\HL\GLUE_HL_800.JPG,Groundnut,HL,uncontrolled,9cd36109ae3cd4f8,Healthy
Z:\Projects\Smart-Farming\Datasets\final_combined_datasets\GLUE\HL\GLUE_HL_801.JPG,Groundnut,HL,uncontrolled,dbf129fd8a80902f,Healthy
Z:\Projects\Smart-Farming\Datasets\final_combined_datasets\GLUE\HL\GLUE_HL_802.JPG,Groundnut,HL,uncontrolled,d8f9960727662627,Healthy
Z:\Projects\Smart-Farming\Datasets\final_combined_datasets\GLUE\HL\GLUE_HL_803.JPG,Groundnut,HL,uncontrolled,9d60ae8641e8fc4f,Healthy
Z:\Projects\Smart-Farming\Datasets\final_combined_datasets\GLUE\HL\GLUE_HL_804.JPG,Groundnut,HL,uncontrolled,dadc5e1ba201527d,Healthy
Z:\Projects\Smart-Farming\Datasets\final_combined_datasets\GLUE\HL\GLUE_HL_805.JPG,Groundnut,HL,uncontrolled,de6883afe844ae07,Healthy
Z:\Projects\Smart-Farming\Datasets\final_combined_datasets\GLUE\HL\GLUE_HL_806.JPG,Groundnut,HL,uncontrolled,f54d6078cd26b2b1,Healthy
Z:\Projects\Smart-Farming\Datasets\final_combined_datasets\GLUE\HL\GLUE_HL_807.JPG,Groundnut,HL,uncontrolled,db736c81be5641a4,Healthy
Z:\Projects\Smart-Farming\Datasets\final_combined_datasets\GLUE\HL\GLUE_HL_808.JPG,Groundnut,HL,uncontrolled,b57f203e0e87d168,Healthy
Z:\Projects\Smart-Farming\Datasets\final_combined_datasets\GLUE\HL\GLUE_HL_809.JPG,Groundnut,HL,uncontrolled,8e07f3031aeccc1f,Healthy
Z:\Projects\Smart-Farming\Datasets\final_combined_datasets\GLUE\HL\GLUE_HL_810.JPG,Groundnut,HL,uncontrolled,fc16c6cce1e23703,Healthy
Z:\Projects\Smart-Farming\Datasets\final_combined_datasets\GLUE\HL\GLUE_HL_811.JPG,Groundnut,HL,uncontrolled,e920e7fa3c9442da,Healthy
Z:\Projects\Smart-Farming\Datasets\final_combined_datasets\GLUE\HL\GLUE_HL_812.JPG,Groundnut,HL,uncontrolled,ad296e97882fe164,Healthy
Z:\Projects\Smart-Farming\Datasets\final_combined_datasets\GLUE\HL\GLUE_HL_813.JPG,Groundnut,HL,uncontrolled,8d28bf27026bf594,Healthy
Z:\Projects\Smart-Farming\Datasets\final_combined_datasets\GLUE\HL\GLUE_HL_814.JPG,Groundnut,HL,uncontrolled,a0357ca692eaad8d,Healthy
Z:\Projects\Smart-Farming\Datasets\final_combined_datasets\GLUE\HL\GLUE_HL_815.JPG,Groundnut,HL,uncontrolled,833fc1719c1a67cc,Healthy
Z:\Projects\Smart-Farming\Datasets\final_combined_datasets\GLUE\HL\GLUE_HL_816.JPG,Groundnut,HL,uncontrolled,893ce7d2115ee07a,Healthy
Z:\Projects\Smart-Farming\Datasets\final_combined_datasets\GLUE\HL\GLUE_HL_817.JPG,Groundnut,HL,uncontrolled,ec13e64998477b70,Healthy
Z:\Projects\Smart-Farming\Datasets\final_combined_datasets\GLUE\HL\GLUE_HL_818.JPG,Groundnut,HL,uncontrolled,871c632d1a7736e1,Healthy
Z:\Projects\Smart-Farming\Datasets\final_combined_datasets\GLUE\HL\GLUE_HL_819.JPG,Groundnut,HL,uncontrolled,8c7f3c6fc8130d13,Healthy
Z:\Projects\Smart-Farming\Datasets\final_combined_datasets\GLUE\HL\GLUE_HL_002.JPG,Groundnut,HL,uncontrolled,9cf5816ab3437683,Healthy
Z:\Projects\Smart-Farming\Datasets\final_combined_datasets\GLUE\HL\GLUE_HL_820.JPG,Groundnut,HL,uncontrolled,86cafa0dc31aef28,Healthy
Z:\Projects\Smart-Farming\Datasets\final_combined_datasets\GLUE\HL\GLUE_HL_821.JPG,Groundnut,HL,uncontrolled,9cfa2a418d51af93,Healthy
Z:\Projects\Smart-Farming\Datasets\final_combined_datasets\GLUE\HL\GLUE_HL_822.JPG,Groundnut,HL,uncontrolled,c07c77083423afdb,Healthy
Z:\Projects\Smart-Farming\Datasets\final_combined_datasets\GLUE\HL\GLUE_HL_823.JPG,Groundnut,HL,uncontrolled,aec0041bf43de7a3,Healthy
Z:\Projects\Smart-Farming\Datasets\final_combined_datasets\GLUE\HL\GLUE_HL_824.JPG,Groundnut,HL,uncontrolled,9d4eceb8f0187a86,Healthy
Z:\Projects\Smart-Farming\Datasets\final_combined_datasets\GLUE\HL\GLUE_HL_825.JPG,Groundnut,HL,uncontrolled,c8b4df60b8049aef,Healthy
Z:\Projects\Smart-Farming\Datasets\final_combined_datasets\GLUE\HL\GLUE_HL_826.JPG,Groundnut,HL,uncontrolled,83eb3b8ca70d34b8,Healthy
Z:\Projects\Smart-Farming\Datasets\final_combined_datasets\GLUE\HL\GLUE_HL_827.JPG,Groundnut,HL,uncontrolled,9c61a2fc95193a3e,Healthy
Z:\Projects\Smart-Farming\Datasets\final_combined_datasets\GLUE\HL\GLUE_HL_828.JPG,Groundnut,HL,uncontrolled,c89165db8b70bcc3,Healthy
Z:\Projects\Smart-Farming\Datasets\final_combined_datasets\GLUE\HL\GLUE_HL_829.JPG,Groundnut,HL,uncontrolled,99c7afd896366130,Healthy
Z:\Projects\Smart-Farming\Datasets\final_combined_datasets\GLUE\HL\GLUE_HL_830.JPG,Groundnut,HL,uncontrolled,9d0027f00fc3f8be,Healthy
Z:\Projects\Smart-Farming\Datasets\final_combined_datasets\GLUE\HL\GLUE_HL_831.JPG,Groundnut,HL,uncontrolled,8e93b421ddf52cc4,Healthy
Z:\Projects\Smart-Farming\Datasets\final_combined_datasets\GLUE\HL\GLUE_HL_832.JPG,Groundnut,HL,uncontrolled,8fd224e398c579ca,Healthy
Z:\Projects\Smart-Farming\Datasets\final_combined_datasets\GLUE\HL\GLUE_HL_833.JPG,Groundnut,HL,uncontrolled,bef80e074bf01574,Healthy
Z:\Projects\Smart-Farming\Datasets\final_combined_datasets\GLUE\HL\GLUE_HL_834.JPG,Groundnut,HL,uncontrolled,c930ff4698edd608,Healthy
Z:\Projects\Smart-Farming\Datasets\final_combined_datasets\GLUE\HL\GLUE_HL_835.JPG,Groundnut,HL,uncontrolled,95e98603e8df0bf0,Healthy
Z:\Projects\Smart-Farming\Datasets\final_combined_datasets\GLUE\HL\GLUE_HL_836.JPG,Groundnut,HL,uncontrolled,93f0267bf9e60813,Healthy
Z:\Projects\Smart-Farming\Datasets\final_combined_datasets\GLUE\HL\GLUE_HL_837.JPG,Groundnut,HL,uncontrolled,ca9565d186c97669,Healthy
Z:\Projects\Smart-Farming\Datasets\final_combined_datasets\GLUE\HL\GLUE_HL_838.JPG,Groundnut,HL,uncontrolled,98e7829f9ee2044f,Healthy
Z:\Projects\Smart-Farming\Datasets\final_combined_datasets\GLUE\HL\GLUE_HL_839.JPG,Groundnut,HL,uncontrolled,96343b5afe04e0dc,Healthy
Z:\Projects\Smart-Farming\Datasets\final_combined_datasets\GLUE\HL\GLUE_HL_840.JPG,Groundnut,HL,uncontrolled,92b127830bfe0b1f,Healthy
Z:\Projects\Smart-Farming\Datasets\final_combined_datasets\GLUE\HL\GLUE_HL_841.JPG,Groundnut,HL,uncontrolled,f4b4a0a45ae13df8,Healthy
Z:\Projects\Smart-Farming\Datasets\final_combined_datasets\GLUE\HL\GLUE_HL_842.JPG,Groundnut,HL,uncontrolled,9fe5d2988f82d530,Healthy
Z:\Projects\Smart-Farming\Datasets\final_combined_datasets\GLUE\HL\GLUE_HL_843.JPG,Groundnut,HL,uncontrolled,b7b526c078f503d1,Healthy
Z:\Projects\Smart-Farming\Datasets\final_combined_datasets\GLUE\HL\GLUE_HL_844.JPG,Groundnut,HL,uncontrolled,b7e7267240b5f211,Healthy
Z:\Projects\Smart-Farming\Datasets\final_combined_datasets\GLUE\HL\GLUE_HL_845.JPG,Groundnut,HL,uncontrolled,bfc91ebbd4070321,Healthy
Z:\Projects\Smart-Farming\Datasets\final_combined_datasets\GLUE\HL\GLUE_HL_846.JPG,Groundnut,HL,uncontrolled,87d846fbfc038594,Healthy
Z:\Projects\Smart-Farming\Datasets\final_combined_datasets\GLUE\HL\GLUE_HL_847.JPG,Groundnut,HL,uncontrolled,80f1eef0e81fa352,Healthy
Z:\Projects\Smart-Farming\Datasets\final_combined_datasets\GLUE\HL\GLUE_HL_848.JPG,Groundnut,HL,uncontrolled,83fc63817a9d12c7,Healthy
Z:\Projects\Smart-Farming\Datasets\final_combined_datasets\GLUE\HL\GLUE_HL_849.JPG,Groundnut,HL,uncontrolled,98c0659fff90238d,Healthy
Z:\Projects\Smart-Farming\Datasets\final_combined_datasets\GLUE\HL\GLUE_HL_850.JPG,Groundnut,HL,uncontrolled,d09e2413dd7b40fa,Healthy
Z:\Projects\Smart-Farming\Datasets\final_combined_datasets\GLUE\HL\GLUE_HL_851.JPG,Groundnut,HL,uncontrolled,d52fc3a1dc006ebc,Healthy
Z:\Projects\Smart-Farming\Datasets\final_combined_datasets\GLUE\HL\GLUE_HL_852.JPG,Groundnut,HL,uncontrolled,90c235d94d0aee3f,Healthy
Z:\Projects\Smart-Farming\Datasets\final_combined_datasets\GLUE\HL\GLUE_HL_853.JPG,Groundnut,HL,uncontrolled,cc3f2660986f19b6,Healthy
Z:\Projects\Smart-Farming\Datasets\final_combined_datasets\GLUE\HL\GLUE_HL_854.JPG,Groundnut,HL,uncontrolled,97ec10c7af070c3b,Healthy
Z:\Projects\Smart-Farming\Datasets\final_combined_datasets\GLUE\HL\GLUE_HL_855.JPG,Groundnut,HL,uncontrolled,d2fd63583c0ec13c,Healthy
Z:\Projects\Smart-Farming\Datasets\final_combined_datasets\GLUE\HL\GLUE_HL_856.JPG,Groundnut,HL,uncontrolled,8ae7b08ee13e0a1f,Healthy
Z:\Projects\Smart-Farming\Datasets\final_combined_datasets\GLUE\HL\GLUE_HL_857.JPG,Groundnut,HL,uncontrolled,c85aa4fe988756b4,Healthy
Z:\Projects\Smart-Farming\Datasets\final_combined_datasets\GLUE\HL\GLUE_HL_858.JPG,Groundnut,HL,uncontrolled,8b313e1666c8bae9,Healthy
Z:\Projects\Smart-Farming\Datasets\final_combined_datasets\GLUE\HL\GLUE_HL_859.JPG,Groundnut,HL,uncontrolled,9c313aaaa5b9496b,Healthy
Z:\Projects\Smart-Farming\Datasets\final_combined_datasets\GLUE\HL\GLUE_HL_860.JPG,Groundnut,HL,uncontrolled,cc93570d3c35b165,Healthy
Z:\Projects\Smart-Farming\Datasets\final_combined_datasets\GLUE\HL\GLUE_HL_861.JPG,Groundnut,HL,uncontrolled,c1ca7a652f27351c,Healthy
Z:\Projects\Smart-Farming\Datasets\final_combined_datasets\GLUE\HL\GLUE_HL_862.JPG,Groundnut,HL,uncontrolled,c40a26a2dae97abb,Healthy
Z:\Projects\Smart-Farming\Datasets\final_combined_datasets\GLUE\HL\GLUE_HL_863.JPG,Groundnut,HL,uncontrolled,d278271d6788bd16,Healthy
Z:\Projects\Smart-Farming\Datasets\final_combined_datasets\GLUE\HL\GLUE_HL_864.JPG,Groundnut,HL,uncontrolled,f37b600b9cb855b0,Healthy
Z:\Projects\Smart-Farming\Datasets\final_combined_datasets\GLUE\HL\GLUE_HL_865.JPG,Groundnut,HL,uncontrolled,d8091aa7f8dac53c,Healthy
Z:\Projects\Smart-Farming\Datasets\final_combined_datasets\GLUE\HL\GLUE_HL_866.JPG,Groundnut,HL,uncontrolled,f24f68c5dc106f31,Healthy
Z:\Projects\Smart-Farming\Datasets\final_combined_datasets\GLUE\HL\GLUE_HL_867.JPG,Groundnut,HL,uncontrolled,f5052e721ef3188e,Healthy
Z:\Projects\Smart-Farming\Datasets\final_combined_datasets\GLUE\HL\GLUE_HL_868.JPG,Groundnut,HL,uncontrolled,d80a37b62ac3c27b,Healthy
Z:\Projects\Smart-Farming\Datasets\final_combined_datasets\GLUE\HL\GLUE_HL_869.JPG,Groundnut,HL,uncontrolled,cc19f6f2a968182f,Healthy
Z:\Projects\Smart-Farming\Datasets\final_combined_datasets\GLUE\HL\GLUE_HL_870.JPG,Groundnut,HL,uncontrolled,8d0da7d612aff214,Healthy
Z:\Projects\Smart-Farming\Datasets\final_combined_datasets\GLUE\HL\GLUE_HL_871.JPG,Groundnut,HL,uncontrolled,f81a3f4d87d442a3,Healthy
Z:\Projects\Smart-Farming\Datasets\final_combined_datasets\GLUE\HL\GLUE_HL_872.JPG,Groundnut,HL,uncontrolled,c90da656d9a6951d,Healthy
Z:\Projects\Smart-Farming\Datasets\final_combined_datasets\GLUE\HL\GLUE_HL_873.JPG,Groundnut,HL,uncontrolled,8af4332cb7752c07,Healthy
Z:\Projects\Smart-Farming\Datasets\final_combined_datasets\GLUE\HL\GLUE_HL_874.JPG,Groundnut,HL,uncontrolled,f9a5233c50679b49,Healthy
Z:\Projects\Smart-Farming\Datasets\final_combined_datasets\GLUE\HL\GLUE_HL_875.JPG,Groundnut,HL,uncontrolled,d82ce4a49cb8e15f,Healthy
Z:\Projects\Smart-Farming\Datasets\final_combined_datasets\GLUE\HL\GLUE_HL_876.JPG,Groundnut,HL,uncontrolled,f69c2487e474a578,Healthy
Z:\Projects\Smart-Farming\Datasets\final_combined_datasets\GLUE\HL\GLUE_HL_877.JPG,Groundnut,HL,uncontrolled,ede66984830e3ccb,Healthy
Z:\Projects\Smart-Farming\Datasets\final_combined_datasets\GLUE\HL\GLUE_HL_878.JPG,Groundnut,HL,uncontrolled,da1900f00fffc356,Healthy
Z:\Projects\Smart-Farming\Datasets\final_combined_datasets\GLUE\HL\GLUE_HL_879.JPG,Groundnut,HL,uncontrolled,e06b723552749e87,Healthy
Z:\Projects\Smart-Farming\Datasets\final_combined_datasets\GLUE\HL\GLUE_HL_880.JPG,Groundnut,HL,uncontrolled,cc5a2515f229fa4b,Healthy
Z:\Projects\Smart-Farming\Datasets\final_combined_datasets\GLUE\HL\GLUE_HL_881.JPG,Groundnut,HL,uncontrolled,d94e232156b5359e,Healthy
Z:\Projects\Smart-Farming\Datasets\final_combined_datasets\GLUE\HL\GLUE_HL_882.JPG,Groundnut,HL,uncontrolled,c55a46efd41d31a4,Healthy
Z:\Projects\Smart-Farming\Datasets\final_combined_datasets\GLUE\HL\GLUE_HL_883.JPG,Groundnut,HL,uncontrolled,fc301db09a37e915,Healthy
Z:\Projects\Smart-Farming\Datasets\final_combined_datasets\GLUE\HL\GLUE_HL_884.JPG,Groundnut,HL,uncontrolled,dbe43ff80073d811,Healthy
Z:\Projects\Smart-Farming\Datasets\final_combined_datasets\GLUE\HL\GLUE_HL_885.JPG,Groundnut,HL,uncontrolled,eaf93c4303e3721c,Healthy
Z:\Projects\Smart-Farming\Datasets\final_combined_datasets\GLUE\HL\GLUE_HL_886.JPG,Groundnut,HL,uncontrolled,e79a25885d08f4fc,Healthy
Z:\Projects\Smart-Farming\Datasets\final_combined_datasets\GLUE\HL\GLUE_HL_887.JPG,Groundnut,HL,uncontrolled,cb27f70ce20cf82c,Healthy
Z:\Projects\Smart-Farming\Datasets\final_combined_datasets\GLUE\HL\GLUE_HL_888.JPG,Groundnut,HL,uncontrolled,d82ef1443dc359e1,Healthy
Z:\Projects\Smart-Farming\Datasets\final_combined_datasets\GLUE\HL\GLUE_HL_889.JPG,Groundnut,HL,uncontrolled,da1f336597662434,Healthy
Z:\Projects\Smart-Farming\Datasets\final_combined_datasets\GLUE\HL\GLUE_HL_890.JPG,Groundnut,HL,uncontrolled,b14cb09fc8473c6b,Healthy
Z:\Projects\Smart-Farming\Datasets\final_combined_datasets\GLUE\HL\GLUE_HL_891.JPG,Groundnut,HL,uncontrolled,9e1361971b7899c3,Healthy
Z:\Projects\Smart-Farming\Datasets\final_combined_datasets\GLUE\HL\GLUE_HL_892.JPG,Groundnut,HL,uncontrolled,ebb91eea0a623e06,Healthy
Z:\Projects\Smart-Farming\Datasets\final_combined_datasets\GLUE\HL\GLUE_HL_893.JPG,Groundnut,HL,uncontrolled,efb0e4354917c3e0,Healthy
Z:\Projects\Smart-Farming\Datasets\final_combined_datasets\GLUE\HL\GLUE_HL_894.JPG,Groundnut,HL,uncontrolled,9cdbd2d48c9ece80,Healthy
Z:\Projects\Smart-Farming\Datasets\final_combined_datasets\GLUE\HL\GLUE_HL_895.JPG,Groundnut,HL,uncontrolled,ae9977fc90066361,Healthy
Z:\Projects\Smart-Farming\Datasets\final_combined_datasets\GLUE\HL\GLUE_HL_896.JPG,Groundnut,HL,uncontrolled,ebc33946d869c478,Healthy
Z:\Projects\Smart-Farming\Datasets\final_combined_datasets\GLUE\HL\GLUE_HL_897.JPG,Groundnut,HL,uncontrolled,9c87b3110d7d5af0,Healthy
Z:\Projects\Smart-Farming\Datasets\final_combined_datasets\GLUE\HL\GLUE_HL_898.JPG,Groundnut,HL,uncontrolled,9f7fc6b000bb0297,Healthy
Z:\Projects\Smart-Farming\Datasets\final_combined_datasets\GLUE\HL\GLUE_HL_899.JPG,Groundnut,HL,uncontrolled,c93f04e694cd9e83,Healthy
Z:\Projects\Smart-Farming\Datasets\final_combined_datasets\GLUE\HL\GLUE_HL_900.JPG,Groundnut,HL,uncontrolled,9e1f704b18f60f38,Healthy
Z:\Projects\Smart-Farming\Datasets\final_combined_datasets\GLUE\HL\GLUE_HL_901.JPG,Groundnut,HL,uncontrolled,fd46d5a10dee310c,Healthy
Z:\Projects\Smart-Farming\Datasets\final_combined_datasets\GLUE\HL\GLUE_HL_902.JPG,Groundnut,HL,uncontrolled,f073d7ed0a06c0bc,Healthy
Z:\Projects\Smart-Farming\Datasets\final_combined_datasets\GLUE\HL\GLUE_HL_903.JPG,Groundnut,HL,uncontrolled,986f6915c7d2d059,Healthy
Z:\Projects\Smart-Farming\Datasets\final_combined_datasets\GLUE\HL\GLUE_HL_904.JPG,Groundnut,HL,uncontrolled,cf91626ece0acc9c,Healthy
Z:\Projects\Smart-Farming\Datasets\final_combined_datasets\GLUE\HL\GLUE_HL_905.JPG,Groundnut,HL,uncontrolled,d80d767ab4619327,Healthy
Z:\Projects\Smart-Farming\Datasets\final_combined_datasets\GLUE\HL\GLUE_HL_906.JPG,Groundnut,HL,uncontrolled,9d2f2aa4f24b1c9a,Healthy
Z:\Projects\Smart-Farming\Datasets\final_combined_datasets\GLUE\HL\GLUE_HL_907.JPG,Groundnut,HL,uncontrolled,bb7474c2ce82e38c,Healthy
Z:\Projects\Smart-Farming\Datasets\final_combined_datasets\GLUE\HL\GLUE_HL_908.JPG,Groundnut,HL,uncontrolled,8bb621c5963ec8b3,Healthy
Z:\Projects\Smart-Farming\Datasets\final_combined_datasets\GLUE\HL\GLUE_HL_909.JPG,Groundnut,HL,uncontrolled,82c37543b6247fb4,Healthy
Z:\Projects\Smart-Farming\Datasets\final_combined_datasets\GLUE\HL\GLUE_HL_910.JPG,Groundnut,HL,uncontrolled,cc9c66ecab7212b1,Healthy
Z:\Projects\Smart-Farming\Datasets\final_combined_datasets\GLUE\HL\GLUE_HL_911.JPG,Groundnut,HL,uncontrolled,893763c0aaafaaa3,Healthy
Z:\Projects\Smart-Farming\Datasets\final_combined_datasets\GLUE\HL\GLUE_HL_912.JPG,Groundnut,HL,uncontrolled,c9ac74306e3313eb,Healthy
Z:\Projects\Smart-Farming\Datasets\final_combined_datasets\GLUE\HL\GLUE_HL_913.JPG,Groundnut,HL,uncontrolled,963b610df0c86edc,Healthy
Z:\Projects\Smart-Farming\Datasets\final_combined_datasets\GLUE\HL\GLUE_HL_914.JPG,Groundnut,HL,uncontrolled,cd1c34b8167a0ff1,Healthy
Z:\Projects\Smart-Farming\Datasets\final_combined_datasets\GLUE\HL\GLUE_HL_915.JPG,Groundnut,HL,uncontrolled,c9bc6f7c0190e8ae,Healthy
Z:\Projects\Smart-Farming\Datasets\final_combined_datasets\GLUE\HL\GLUE_HL_916.JPG,Groundnut,HL,uncontrolled,da2f4621b701d39d,Healthy
Z:\Projects\Smart-Farming\Datasets\final_combined_datasets\GLUE\HL\GLUE_HL_917.JPG,Groundnut,HL,uncontrolled,8c643e15acbed781,Healthy
Z:\Projects\Smart-Farming\Datasets\final_combined_datasets\GLUE\HL\GLUE_HL_918.JPG,Groundnut,HL,uncontrolled,d8b1279392745c67,Healthy
Z:\Projects\Smart-Farming\Datasets\final_combined_datasets\GLUE\HL\GLUE_HL_919.JPG,Groundnut,HL,uncontrolled,dca8b1ff315260d8,Healthy
Z:\Projects\Smart-Farming\Datasets\final_combined_datasets\GLUE\HL\GLUE_HL_920.JPG,Groundnut,HL,uncontrolled,eb88f5d58c073931,Healthy
Z:\Projects\Smart-Farming\Datasets\final_combined_datasets\GLUE\HL\GLUE_HL_921.JPG,Groundnut,HL,uncontrolled,ec201be9e1b4f439,Healthy
Z:\Projects\Smart-Farming\Datasets\final_combined_datasets\GLUE\HL\GLUE_HL_922.JPG,Groundnut,HL,uncontrolled,c8f7e4a2d18de690,Healthy
Z:\Projects\Smart-Farming\Datasets\final_combined_datasets\GLUE\HL\GLUE_HL_923.JPG,Groundnut,HL,uncontrolled,ed9256c0838ede47,Healthy
Z:\Projects\Smart-Farming\Datasets\final_combined_datasets\GLUE\HL\GLUE_HL_924.jpg,Groundnut,HL,uncontrolled,889c5cea3ad816e7,Healthy
Z:\Projects\Smart-Farming\Datasets\final_combined_datasets\GLUE\HL\GLUE_HL_925.jpg,Groundnut,HL,uncontrolled,d9c7247866c38dd8,Healthy
Z:\Projects\Smart-Farming\Datasets\final_combined_datasets\GLUE\HL\GLUE_HL_926.jpg,Groundnut,HL,uncontrolled,9c837e976bace180,Healthy
Z:\Projects\Smart-Farming\Datasets\final_combined_datasets\GLUE\HL\GLUE_HL_927.jpg,Groundnut,HL,uncontrolled,c14e5237292e3e6e,Healthy
Z:\Projects\Smart-Farming\Datasets\final_combined_datasets\GLUE\HL\GLUE_HL_928.jpg,Groundnut,HL,uncontrolled,dac9649739d62bc0,Healthy
Z:\Projects\Smart-Farming\Datasets\final_combined_datasets\GLUE\HL\GLUE_HL_929.jpg,Groundnut,HL,uncontrolled,98e6ac9567ad32a8,Healthy
Z:\Projects\Smart-Farming\Datasets\final_combined_datasets\GLUE\HL\GLUE_HL_930.jpg,Groundnut,HL,uncontrolled,c2e957a4a83ef858,Healthy
Z:\Projects\Smart-Farming\Datasets\final_combined_datasets\GLUE\HL\GLUE_HL_931.jpg,Groundnut,HL,uncontrolled,ae813c9739867ba4,Healthy
Z:\Projects\Smart-Farming\Datasets\final_combined_datasets\GLUE\HL\GLUE_HL_932.jpg,Groundnut,HL,uncontrolled,b8a7c7c4ceb1183a,Healthy
Z:\Projects\Smart-Farming\Datasets\final_combined_datasets\GLUE\HL\GLUE_HL_933.jpg,Groundnut,HL,uncontrolled,97867e5c22e3a8ac,Healthy
Z:\Projects\Smart-Farming\Datasets\final_combined_datasets\GLUE\HL\GLUE_HL_934.jpg,Groundnut,HL,uncontrolled,bedce58341447837,Healthy
Z:\Projects\Smart-Farming\Datasets\final_combined_datasets\GLUE\HL\GLUE_HL_935.jpg,Groundnut,HL,uncontrolled,82875dd9529c7794,Healthy
Z:\Projects\Smart-Farming\Datasets\final_combined_datasets\GLUE\HL\GLUE_HL_936.jpg,Groundnut,HL,uncontrolled,c0d37da67b887e80,Healthy
Z:\Projects\Smart-Farming\Datasets\final_combined_datasets\GLUE\HL\GLUE_HL_937.jpg,Groundnut,HL,uncontrolled,f03c2e833f4e0fc1,Healthy
Z:\Projects\Smart-Farming\Datasets\final_combined_datasets\GLUE\HL\GLUE_HL_938.jpg,Groundnut,HL,uncontrolled,d3842f45283f696e,Healthy
Z:\Projects\Smart-Farming\Datasets\final_combined_datasets\GLUE\HL\GLUE_HL_939.jpg,Groundnut,HL,uncontrolled,f5ad6a922ca22ce9,Healthy
Z:\Projects\Smart-Farming\Datasets\final_combined_datasets\GLUE\HL\GLUE_HL_940.jpg,Groundnut,HL,uncontrolled,b4996c8e59f61aa1,Healthy
Z:\Projects\Smart-Farming\Datasets\final_combined_datasets\GLUE\HL\GLUE_HL_941.jpg,Groundnut,HL,uncontrolled,cbad6dd216b911d0,Healthy
Z:\Projects\Smart-Farming\Datasets\final_combined_datasets\GLUE\HL\GLUE_HL_942.jpg,Groundnut,HL,uncontrolled,af9d123254e57525,Healthy
Z:\Projects\Smart-Farming\Datasets\final_combined_datasets\GLUE\HL\GLUE_HL_943.jpg,Groundnut,HL,uncontrolled,c8e078933bdd7c82,Healthy
Z:\Projects\Smart-Farming\Datasets\final_combined_datasets\GLUE\HL\GLUE_HL_944.jpg,Groundnut,HL,uncontrolled,c981787e8b499567,Healthy
Z:\Projects\Smart-Farming\Datasets\final_combined_datasets\GLUE\HL\GLUE_HL_945.jpg,Groundnut,HL,uncontrolled,8f4378bf32b55580,Healthy
Z:\Projects\Smart-Farming\Datasets\final_combined_datasets\GLUE\HL\GLUE_HL_946.jpg,Groundnut,HL,uncontrolled,af811cfe1de90487,Healthy
Z:\Projects\Smart-Farming\Datasets\final_combined_datasets\GLUE\HL\GLUE_HL_947.jpg,Groundnut,HL,uncontrolled,85028669ab747ded,Healthy
Z:\Projects\Smart-Farming\Datasets\final_combined_datasets\GLUE\HL\GLUE_HL_948.jpg,Groundnut,HL,uncontrolled,caa0fc19f16ca636,Healthy
Z:\Projects\Smart-Farming\Datasets\final_combined_datasets\GLUE\HL\GLUE_HL_949.jpg,Groundnut,HL,uncontrolled,ddac3849e697c14a,Healthy
Z:\Projects\Smart-Farming\Datasets\final_combined_datasets\GLUE\HL\GLUE_HL_950.jpg,Groundnut,HL,uncontrolled,d8874ec1e91a0dde,Healthy
Z:\Projects\Smart-Farming\Datasets\final_combined_datasets\GLUE\HL\GLUE_HL_951.jpg,Groundnut,HL,uncontrolled,e99357cd80cfa891,Healthy
Z:\Projects\Smart-Farming\Datasets\final_combined_datasets\GLUE\HL\GLUE_HL_952.jpg,Groundnut,HL,uncontrolled,d1d183b5a4acae8e,Healthy
Z:\Projects\Smart-Farming\Datasets\final_combined_datasets\GLUE\HL\GLUE_HL_953.jpg,Groundnut,HL,uncontrolled,8797bfaf0038831e,Healthy
Z:\Projects\Smart-Farming\Datasets\final_combined_datasets\GLUE\HL\GLUE_HL_954.jpg,Groundnut,HL,uncontrolled,f41bb819f5768066,Healthy
Z:\Projects\Smart-Farming\Datasets\final_combined_datasets\GLUE\HL\GLUE_HL_955.jpg,Groundnut,HL,uncontrolled,bb816eee6d86209c,Healthy
Z:\Projects\Smart-Farming\Datasets\final_combined_datasets\GLUE\HL\GLUE_HL_956.jpg,Groundnut,HL,uncontrolled,c8e89ab022edded1,Healthy
Z:\Projects\Smart-Farming\Datasets\final_combined_datasets\GLUE\HL\GLUE_HL_957.jpg,Groundnut,HL,uncontrolled,c77c6872a04f9e2c,Healthy
Z:\Projects\Smart-Farming\Datasets\final_combined_datasets\GLUE\HL\GLUE_HL_958.jpg,Groundnut,HL,uncontrolled,ddac3861b6874c2b,Healthy
Z:\Projects\Smart-Farming\Datasets\final_combined_datasets\GLUE\HL\GLUE_HL_959.jpg,Groundnut,HL,uncontrolled,a488f9f7b03e6641,Healthy
Z:\Projects\Smart-Farming\Datasets\final_combined_datasets\GLUE\HL\GLUE_HL_960.jpg,Groundnut,HL,uncontrolled,a488f9f7ac36602d,Healthy
Z:\Projects\Smart-Farming\Datasets\final_combined_datasets\GLUE\HL\GLUE_HL_961.jpg,Groundnut,HL,uncontrolled,d3b73b0995038eb1,Healthy
Z:\Projects\Smart-Farming\Datasets\final_combined_datasets\GLUE\HL\GLUE_HL_962.jpg,Groundnut,HL,uncontrolled,c6763139188765db,Healthy
Z:\Projects\Smart-Farming\Datasets\final_combined_datasets\GLUE\HL\GLUE_HL_963.jpg,Groundnut,HL,uncontrolled,d3cb5bc1174c8e2a,Healthy
Z:\Projects\Smart-Farming\Datasets\final_combined_datasets\GLUE\HL\GLUE_HL_964.jpg,Groundnut,HL,uncontrolled,91c54fb229837f91,Healthy
Z:\Projects\Smart-Farming\Datasets\final_combined_datasets\GLUE\HL\GLUE_HL_965.jpg,Groundnut,HL,uncontrolled,b3c44cb3298eb729,Healthy
Z:\Projects\Smart-Farming\Datasets\final_combined_datasets\GLUE\HL\GLUE_HL_966.jpg,Groundnut,HL,uncontrolled,e3794c63c9cc9b24,Healthy
Z:\Projects\Smart-Farming\Datasets\final_combined_datasets\GLUE\HL\GLUE_HL_967.jpg,Groundnut,HL,uncontrolled,b887e7cccc991a32,Healthy
Z:\Projects\Smart-Farming\Datasets\final_combined_datasets\GLUE\HL\GLUE_HL_968.jpg,Groundnut,HL,uncontrolled,c3e3da8cb34f90c1,Healthy
Z:\Projects\Smart-Farming\Datasets\final_combined_datasets\GLUE\HL\GLUE_HL_969.jpg,Groundnut,HL,uncontrolled,c0c533cf2dc97692,Healthy
Z:\Projects\Smart-Farming\Datasets\final_combined_datasets\GLUE\HL\GLUE_HL_970.jpg,Groundnut,HL,uncontrolled,c1b2c89f3706f994,Healthy
Z:\Projects\Smart-Farming\Datasets\final_combined_datasets\GLUE\HL\GLUE_HL_971.jpg,Groundnut,HL,uncontrolled,c9d674ad988e6742,Healthy
Z:\Projects\Smart-Farming\Datasets\final_combined_datasets\GLUE\HL\GLUE_HL_972.jpg,Groundnut,HL,uncontrolled,8706fe5ca363a03e,Healthy
Z:\Projects\Smart-Farming\Datasets\final_combined_datasets\GLUE\HL\GLUE_HL_973.jpg,Groundnut,HL,uncontrolled,e68919a667991ce6,Healthy
Z:\Projects\Smart-Farming\Datasets\final_combined_datasets\GLUE\HL\GLUE_HL_974.jpg,Groundnut,HL,uncontrolled,c503b9f4b6940b9d,Healthy
Z:\Projects\Smart-Farming\Datasets\final_combined_datasets\GLUE\HL\GLUE_HL_975.jpg,Groundnut,HL,uncontrolled,c3967e88b6cca391,Healthy
Z:\Projects\Smart-Farming\Datasets\final_combined_datasets\GLUE\HL\GLUE_HL_976.jpg,Groundnut,HL,uncontrolled,a9cbb19614167679,Healthy
Z:\Projects\Smart-Farming\Datasets\final_combined_datasets\GLUE\HL\GLUE_HL_977.jpg,Groundnut,HL,uncontrolled,9d893e96339138e5,Healthy
Z:\Projects\Smart-Farming\Datasets\final_combined_datasets\GLUE\HL\GLUE_HL_978.jpg,Groundnut,HL,uncontrolled,8ba23edfa910e516,Healthy
Z:\Projects\Smart-Farming\Datasets\final_combined_datasets\GLUE\HL\GLUE_HL_979.jpg,Groundnut,HL,uncontrolled,f997764d9015c8d8,Healthy
Z:\Projects\Smart-Farming\Datasets\final_combined_datasets\GLUE\HL\GLUE_HL_003.JPG,Groundnut,HL,uncontrolled,8b3a17c8592bd369,Healthy
Z:\Projects\Smart-Farming\Datasets\final_combined_datasets\GLUE\HL\GLUE_HL_004.JPG,Groundnut,HL,uncontrolled,c5c735a78ae0e253,Healthy
Z:\Projects\Smart-Farming\Datasets\final_combined_datasets\GLUE\HL\GLUE_HL_005.JPG,Groundnut,HL,uncontrolled,a11ed06ed88b73cc,Healthy
Z:\Projects\Smart-Farming\Datasets\final_combined_datasets\GLUE\HL\GLUE_HL_006.JPG,Groundnut,HL,uncontrolled,bcfac2e0811d3d3c,Healthy
Z:\Projects\Smart-Farming\Datasets\final_combined_datasets\GLUE\HL\GLUE_HL_007.JPG,Groundnut,HL,uncontrolled,aef2c2011f1f3ec2,Healthy
Z:\Projects\Smart-Farming\Datasets\final_combined_datasets\GLUE\HL\GLUE_HL_008.JPG,Groundnut,HL,uncontrolled,b8f0c28387bf3139,Healthy
Z:\Projects\Smart-Farming\Datasets\final_combined_datasets\GLUE\HL\GLUE_HL_009.JPG,Groundnut,HL,uncontrolled,c58d352f9ea0e256,Healthy
Z:\Projects\Smart-Farming\Datasets\final_combined_datasets\GLUE\HL\GLUE_HL_010.JPG,Groundnut,HL,uncontrolled,91d51a706eab4f1a,Healthy
Z:\Projects\Smart-Farming\Datasets\final_combined_datasets\GLUE\HL\GLUE_HL_011.JPG,Groundnut,HL,uncontrolled,b8d103cf3e1cf113,Healthy
Z:\Projects\Smart-Farming\Datasets\final_combined_datasets\GLUE\HL\GLUE_HL_012.JPG,Groundnut,HL,uncontrolled,bc810fde23d4331e,Healthy
Z:\Projects\Smart-Farming\Datasets\final_combined_datasets\GLUE\HL\GLUE_HL_013.JPG,Groundnut,HL,uncontrolled,9cf1230d43eef458,Healthy
Z:\Projects\Smart-Farming\Datasets\final_combined_datasets\GLUE\HL\GLUE_HL_014.JPG,Groundnut,HL,uncontrolled,b3fe8202ce072fc3,Healthy
Z:\Projects\Smart-Farming\Datasets\final_combined_datasets\GLUE\HL\GLUE_HL_015.JPG,Groundnut,HL,uncontrolled,b3e6e45f2646c0c3,Healthy
Z:\Projects\Smart-Farming\Datasets\final_combined_datasets\GLUE\HL\GLUE_HL_016.JPG,Groundnut,HL,uncontrolled,b3c9a0a637d8d863,Healthy
Z:\Projects\Smart-Farming\Datasets\final_combined_datasets\GLUE\HL\GLUE_HL_017.JPG,Groundnut,HL,uncontrolled,bcc129ce34f16e1c,Healthy
Z:\Projects\Smart-Farming\Datasets\final_combined_datasets\GLUE\HL\GLUE_HL_018.JPG,Groundnut,HL,uncontrolled,ee3a8384cd27b871,Healthy
Z:\Projects\Smart-Farming\Datasets\final_combined_datasets\GLUE\HL\GLUE_HL_019.JPG,Groundnut,HL,uncontrolled,fa996c078f6882b6,Healthy
Z:\Projects\Smart-Farming\Datasets\final_combined_datasets\GLUE\HL\GLUE_HL_020.JPG,Groundnut,HL,uncontrolled,a9cef0619bf4280f,Healthy
Z:\Projects\Smart-Farming\Datasets\final_combined_datasets\GLUE\HL\GLUE_HL_021.JPG,Groundnut,HL,uncontrolled,f2c6054cb3b59c69,Healthy
Z:\Projects\Smart-Farming\Datasets\final_combined_datasets\GLUE\HL\GLUE_HL_022.JPG,Groundnut,HL,uncontrolled,92a47f5bcd63b048,Healthy
Z:\Projects\Smart-Farming\Datasets\final_combined_datasets\GLUE\HL\GLUE_HL_023.JPG,Groundnut,HL,uncontrolled,83b0b00cb17afeb5,Healthy
Z:\Projects\Smart-Farming\Datasets\final_combined_datasets\GLUE\HL\GLUE_HL_024.JPG,Groundnut,HL,uncontrolled,88f24e716f24d26b,Healthy
Z:\Projects\Smart-Farming\Datasets\final_combined_datasets\GLUE\HL\GLUE_HL_025.JPG,Groundnut,HL,uncontrolled,e08bf6608f7530c7,Healthy
Z:\Projects\Smart-Farming\Datasets\final_combined_datasets\GLUE\HL\GLUE_HL_026.JPG,Groundnut,HL,uncontrolled,aeb7400d4ff86263,Healthy
Z:\Projects\Smart-Farming\Datasets\final_combined_datasets\GLUE\HL\GLUE_HL_027.JPG,Groundnut,HL,uncontrolled,bca40318c3f91b7e,Healthy
Z:\Projects\Smart-Farming\Datasets\final_combined_datasets\GLUE\HL\GLUE_HL_028.JPG,Groundnut,HL,uncontrolled,fc464266f2203f7a,Healthy
Z:\Projects\Smart-Farming\Datasets\final_combined_datasets\GLUE\HL\GLUE_HL_029.JPG,Groundnut,HL,uncontrolled,f44263f0233dd867,Healthy
Z:\Projects\Smart-Farming\Datasets\final_combined_datasets\GLUE\HL\GLUE_HL_030.JPG,Groundnut,HL,uncontrolled,bca4011847f9997f,Healthy
Z:\Projects\Smart-Farming\Datasets\final_combined_datasets\GLUE\HL\GLUE_HL_031.JPG,Groundnut,HL,uncontrolled,8791f059aa4af699,Healthy
Z:\Projects\Smart-Farming\Datasets\final_combined_datasets\GLUE\HL\GLUE_HL_032.JPG,Groundnut,HL,uncontrolled,f2865ce00f9cb9d1,Healthy
Z:\Projects\Smart-Farming\Datasets\final_combined_datasets\GLUE\HL\GLUE_HL_033.JPG,Groundnut,HL,uncontrolled,b4e64c09dbe8837c,Healthy
Z:\Projects\Smart-Farming\Datasets\final_combined_datasets\GLUE\HL\GLUE_HL_034.JPG,Groundnut,HL,uncontrolled,b3fb6418697f01e0,Healthy
Z:\Projects\Smart-Farming\Datasets\final_combined_datasets\GLUE\HL\GLUE_HL_035.JPG,Groundnut,HL,uncontrolled,cf724a7d42a4b0d9,Healthy
Z:\Projects\Smart-Farming\Datasets\final_combined_datasets\GLUE\HL\GLUE_HL_036.JPG,Groundnut,HL,uncontrolled,e293465c0ff876c2,Healthy
Z:\Projects\Smart-Farming\Datasets\final_combined_datasets\GLUE\HL\GLUE_HL_037.JPG,Groundnut,HL,uncontrolled,fb8178601f7085bd,Healthy
Z:\Projects\Smart-Farming\Datasets\final_combined_datasets\GLUE\HL\GLUE_HL_038.JPG,Groundnut,HL,uncontrolled,cbb1ca643bc136e1,Healthy
Z:\Projects\Smart-Farming\Datasets\final_combined_datasets\GLUE\HL\GLUE_HL_039.JPG,Groundnut,HL,uncontrolled,b54a17295b62ab4d,Healthy
Z:\Projects\Smart-Farming\Datasets\final_combined_datasets\GLUE\HL\GLUE_HL_040.JPG,Groundnut,HL,uncontrolled,b5ca12a72f3c708b,Healthy
Z:\Projects\Smart-Farming\Datasets\final_combined_datasets\GLUE\HL\GLUE_HL_041.JPG,Groundnut,HL,uncontrolled,a12a302579d7ded2,Healthy
Z:\Projects\Smart-Farming\Datasets\final_combined_datasets\GLUE\HL\GLUE_HL_042.JPG,Groundnut,HL,uncontrolled,a728732569d7d192,Healthy
Z:\Projects\Smart-Farming\Datasets\final_combined_datasets\GLUE\HL\GLUE_HL_044.JPG,Groundnut,HL,uncontrolled,a7681325dad6f816,Healthy
Z:\Projects\Smart-Farming\Datasets\final_combined_datasets\GLUE\HL\GLUE_HL_045.JPG,Groundnut,HL,uncontrolled,ae51366a16ed025f,Healthy
Z:\Projects\Smart-Farming\Datasets\final_combined_datasets\GLUE\HL\GLUE_HL_046.JPG,Groundnut,HL,uncontrolled,fc2f46524f129999,Healthy
Z:\Projects\Smart-Farming\Datasets\final_combined_datasets\GLUE\HL\GLUE_HL_047.JPG,Groundnut,HL,uncontrolled,b5ea52a5231f788a,Healthy
Z:\Projects\Smart-Farming\Datasets\final_combined_datasets\GLUE\HL\GLUE_HL_048.JPG,Groundnut,HL,uncontrolled,b56a03276ae31d5a,Healthy
Z:\Projects\Smart-Farming\Datasets\final_combined_datasets\GLUE\HL\GLUE_HL_049.JPG,Groundnut,HL,uncontrolled,8bf59c68a519e21d,Healthy
Z:\Projects\Smart-Farming\Datasets\final_combined_datasets\GLUE\HL\GLUE_HL_050.JPG,Groundnut,HL,uncontrolled,f4c3455c15ea4c6b,Healthy
Z:\Projects\Smart-Farming\Datasets\final_combined_datasets\GLUE\HL\GLUE_HL_051.JPG,Groundnut,HL,uncontrolled,d2f1c3429d3429d7,Healthy
Z:\Projects\Smart-Farming\Datasets\final_combined_datasets\GLUE\HL\GLUE_HL_052.JPG,Groundnut,HL,uncontrolled,d968ccf11eb75842,Healthy
Z:\Projects\Smart-Farming\Datasets\final_combined_datasets\GLUE\HL\GLUE_HL_053.JPG,Groundnut,HL,uncontrolled,e0daefc1b8df0025,Healthy
Z:\Projects\Smart-Farming\Datasets\final_combined_datasets\GLUE\HL\GLUE_HL_054.JPG,Groundnut,HL,uncontrolled,beed11afc0f1c502,Healthy
Z:\Projects\Smart-Farming\Datasets\final_combined_datasets\GLUE\HL\GLUE_HL_055.JPG,Groundnut,HL,uncontrolled,b7b303e3c1ea300f,Healthy
Z:\Projects\Smart-Farming\Datasets\final_combined_datasets\GLUE\HL\GLUE_HL_056.JPG,Groundnut,HL,uncontrolled,d4c98ce3b976a834,Healthy
Z:\Projects\Smart-Farming\Datasets\final_combined_datasets\GLUE\HL\GLUE_HL_057.JPG,Groundnut,HL,uncontrolled,bbe103bd82bbe8c0,Healthy
Z:\Projects\Smart-Farming\Datasets\final_combined_datasets\GLUE\HL\GLUE_HL_058.JPG,Groundnut,HL,uncontrolled,dbe2855c528d5798,Healthy
Z:\Projects\Smart-Farming\Datasets\final_combined_datasets\GLUE\HL\GLUE_HL_059.JPG,Groundnut,HL,uncontrolled,fdf304cfd2c26124,Healthy
Z:\Projects\Smart-Farming\Datasets\final_combined_datasets\GLUE\HL\GLUE_HL_060.JPG,Groundnut,HL,uncontrolled,98051dc6e6710f3f,Healthy
Z:\Projects\Smart-Farming\Datasets\final_combined_datasets\GLUE\HL\GLUE_HL_061.JPG,Groundnut,HL,uncontrolled,ace78c99271c6b34,Healthy
Z:\Projects\Smart-Farming\Datasets\final_combined_datasets\GLUE\HL\GLUE_HL_062.JPG,Groundnut,HL,uncontrolled,b337ef022c347623,Healthy
Z:\Projects\Smart-Farming\Datasets\final_combined_datasets\GLUE\HL\GLUE_HL_063.JPG,Groundnut,HL,uncontrolled,8f1ed00c46f5eba1,Healthy
Z:\Projects\Smart-Farming\Datasets\final_combined_datasets\GLUE\HL\GLUE_HL_064.JPG,Groundnut,HL,uncontrolled,ec29d90f0b245ed3,Healthy
Z:\Projects\Smart-Farming\Datasets\final_combined_datasets\GLUE\HL\GLUE_HL_065.JPG,Groundnut,HL,uncontrolled,c3f2cc893624b93d,Healthy
Z:\Projects\Smart-Farming\Datasets\final_combined_datasets\GLUE\HL\GLUE_HL_066.JPG,Groundnut,HL,uncontrolled,d1f6cc8936a99934,Healthy
Z:\Projects\Smart-Farming\Datasets\final_combined_datasets\GLUE\HL\GLUE_HL_067.JPG,Groundnut,HL,uncontrolled,8d951f1f08e8fa23,Healthy
Z:\Projects\Smart-Farming\Datasets\final_combined_datasets\GLUE\HL\GLUE_HL_068.JPG,Groundnut,HL,uncontrolled,a4d597411706ee9e,Healthy
Z:\Projects\Smart-Farming\Datasets\final_combined_datasets\GLUE\HL\GLUE_HL_069.JPG,Groundnut,HL,uncontrolled,b6e0672bd9b81b88,Healthy
Z:\Projects\Smart-Farming\Datasets\final_combined_datasets\GLUE\HL\GLUE_HL_070.JPG,Groundnut,HL,uncontrolled,a3cb2db0e3038dec,Healthy
Z:\Projects\Smart-Farming\Datasets\final_combined_datasets\GLUE\HL\GLUE_HL_071.JPG,Groundnut,HL,uncontrolled,b0bac1e160496fbb,Healthy
Z:\Projects\Smart-Farming\Datasets\final_combined_datasets\GLUE\HL\GLUE_HL_072.JPG,Groundnut,HL,uncontrolled,a1ce30873869ee75,Healthy
Z:\Projects\Smart-Farming\Datasets\final_combined_datasets\GLUE\HL\GLUE_HL_073.JPG,Groundnut,HL,uncontrolled,bbeb491d79c1804e,Healthy
Z:\Projects\Smart-Farming\Datasets\final_combined_datasets\GLUE\HL\GLUE_HL_074.JPG,Groundnut,HL,uncontrolled,e7ccb0af68e5c188,Healthy
Z:\Projects\Smart-Farming\Datasets\final_combined_datasets\GLUE\HL\GLUE_HL_075.JPG,Groundnut,HL,uncontrolled,b9c94ce787b4c08e,Healthy
Z:\Projects\Smart-Farming\Datasets\final_combined_datasets\GLUE\HL\GLUE_HL_076.JPG,Groundnut,HL,uncontrolled,bbc94c7083f6e08e,Healthy
Z:\Projects\Smart-Farming\Datasets\final_combined_datasets\GLUE\HL\GLUE_HL_077.JPG,Groundnut,HL,uncontrolled,92cd8942077ad7d5,Healthy
Z:\Projects\Smart-Farming\Datasets\final_combined_datasets\GLUE\HL\GLUE_HL_078.JPG,Groundnut,HL,uncontrolled,b2f59c14e1730367,Healthy
Z:\Projects\Smart-Farming\Datasets\final_combined_datasets\GLUE\HL\GLUE_HL_079.JPG,Groundnut,HL,uncontrolled,ecb3c44cb18ec91b,Healthy
Z:\Projects\Smart-Farming\Datasets\final_combined_datasets\GLUE\HL\GLUE_HL_080.JPG,Groundnut,HL,uncontrolled,e6b1cd639cc3520e,Healthy
Z:\Projects\Smart-Farming\Datasets\final_combined_datasets\GLUE\HL\GLUE_HL_081.JPG,Groundnut,HL,uncontrolled,c8b6d94cb98dc239,Healthy
Z:\Projects\Smart-Farming\Datasets\final_combined_datasets\GLUE\HL\GLUE_HL_082.JPG,Groundnut,HL,uncontrolled,81bf2da7c06cf2b0,Healthy
Z:\Projects\Smart-Farming\Datasets\final_combined_datasets\GLUE\HL\GLUE_HL_083.JPG,Groundnut,HL,uncontrolled,b3c29cc043bc3b3d,Healthy
Z:\Projects\Smart-Farming\Datasets\final_combined_datasets\GLUE\HL\GLUE_HL_084.JPG,Groundnut,HL,uncontrolled,b08690d8fc65e2d7,Healthy
Z:\Projects\Smart-Farming\Datasets\final_combined_datasets\GLUE\HL\GLUE_HL_085.JPG,Groundnut,HL,uncontrolled,d1ba1fb14c41e1ba,Healthy
Z:\Projects\Smart-Farming\Datasets\final_combined_datasets\GLUE\HL\GLUE_HL_086.JPG,Groundnut,HL,uncontrolled,85731c80f5ee82de,Healthy
Z:\Projects\Smart-Farming\Datasets\final_combined_datasets\GLUE\HL\GLUE_HL_087.JPG,Groundnut,HL,uncontrolled,b6c4aca8d5deaa09,Healthy
Z:\Projects\Smart-Farming\Datasets\final_combined_datasets\GLUE\HL\GLUE_HL_088.JPG,Groundnut,HL,uncontrolled,85711d84f5ce067e,Healthy
Z:\Projects\Smart-Farming\Datasets\final_combined_datasets\GLUE\HL\GLUE_HL_089.JPG,Groundnut,HL,uncontrolled,b1ec967ec8059dd0,Healthy
Z:\Projects\Smart-Farming\Datasets\final_combined_datasets\GLUE\HL\GLUE_HL_090.JPG,Groundnut,HL,uncontrolled,b8cf0509fc11bb35,Healthy
Z:\Projects\Smart-Farming\Datasets\final_combined_datasets\GLUE\HL\GLUE_HL_091.JPG,Groundnut,HL,uncontrolled,c2ad9f3436c4c33c,Healthy
Z:\Projects\Smart-Farming\Datasets\final_combined_datasets\GLUE\HL\GLUE_HL_092.JPG,Groundnut,HL,uncontrolled,bef30109f43179ac,Healthy
Z:\Projects\Smart-Farming\Datasets\final_combined_datasets\GLUE\HL\GLUE_HL_093.JPG,Groundnut,HL,uncontrolled,a9f2b627c228597c,Healthy
Z:\Projects\Smart-Farming\Datasets\final_combined_datasets\GLUE\HL\GLUE_HL_094.JPG,Groundnut,HL,uncontrolled,b906a06fda82adec,Healthy
Z:\Projects\Smart-Farming\Datasets\final_combined_datasets\GLUE\HL\GLUE_HL_095.JPG,Groundnut,HL,uncontrolled,ab8535bbc35c46c1,Healthy
Z:\Projects\Smart-Farming\Datasets\final_combined_datasets\GLUE\HL\GLUE_HL_096.JPG,Groundnut,HL,uncontrolled,abc53532c35e6ac1,Healthy
Z:\Projects\Smart-Farming\Datasets\final_combined_datasets\GLUE\HL\GLUE_HL_097.JPG,Groundnut,HL,uncontrolled,fba54551946e7e04,Healthy
Z:\Projects\Smart-Farming\Datasets\final_combined_datasets\GLUE\HL\GLUE_HL_098.JPG,Groundnut,HL,uncontrolled,ad3ee130c4cf413d,Healthy
Z:\Projects\Smart-Farming\Datasets\final_combined_datasets\GLUE\HL\GLUE_HL_099.JPG,Groundnut,HL,uncontrolled,ff782e2a0f06f0c4,Healthy
Z:\Projects\Smart-Farming\Datasets\final_combined_datasets\GLUE\HL\GLUE_HL_100.JPG,Groundnut,HL,uncontrolled,ccc3b690bf3f0115,Healthy
Z:\Projects\Smart-Farming\Datasets\final_combined_datasets\GLUE\HL\GLUE_HL_101.JPG,Groundnut,HL,uncontrolled,cc37b5c20d4de13c,Healthy
Z:\Projects\Smart-Farming\Datasets\final_combined_datasets\GLUE\HL\GLUE_HL_102.JPG,Groundnut,HL,uncontrolled,c0356174b34eb9e6,Healthy
Z:\Projects\Smart-Farming\Datasets\final_combined_datasets\GLUE\HL\GLUE_HL_103.JPG,Groundnut,HL,uncontrolled,fe0118c799750ff0,Healthy
Z:\Projects\Smart-Farming\Datasets\final_combined_datasets\GLUE\HL\GLUE_HL_104.JPG,Groundnut,HL,uncontrolled,ed306d3ce0b97071,Healthy
Z:\Projects\Smart-Farming\Datasets\final_combined_datasets\GLUE\HL\GLUE_HL_105.JPG,Groundnut,HL,uncontrolled,fb081cc3f8651ef0,Healthy
Z:\Projects\Smart-Farming\Datasets\final_combined_datasets\GLUE\HL\GLUE_HL_106.JPG,Groundnut,HL,uncontrolled,fe33051ee0e77038,Healthy
Z:\Projects\Smart-Farming\Datasets\final_combined_datasets\GLUE\HL\GLUE_HL_107.JPG,Groundnut,HL,uncontrolled,8824fb72c0b2d1df,Healthy
Z:\Projects\Smart-Farming\Datasets\final_combined_datasets\GLUE\HL\GLUE_HL_108.JPG,Groundnut,HL,uncontrolled,bffc5b4e0201c279,Healthy
Z:\Projects\Smart-Farming\Datasets\final_combined_datasets\GLUE\HL\GLUE_HL_109.JPG,Groundnut,HL,uncontrolled,a0b9fe098bc06d9e,Healthy
Z:\Projects\Smart-Farming\Datasets\final_combined_datasets\GLUE\HL\GLUE_HL_110.JPG,Groundnut,HL,uncontrolled,ff820d861bf00d1f,Healthy
Z:\Projects\Smart-Farming\Datasets\final_combined_datasets\GLUE\HL\GLUE_HL_111.JPG,Groundnut,HL,uncontrolled,b0bf4249de759348,Healthy
Z:\Projects\Smart-Farming\Datasets\final_combined_datasets\GLUE\HL\GLUE_HL_112.JPG,Groundnut,HL,uncontrolled,e7820ff4c4f4d18c,Healthy
Z:\Projects\Smart-Farming\Datasets\final_combined_datasets\GLUE\HL\GLUE_HL_113.JPG,Groundnut,HL,uncontrolled,bf9c4bc80460ccfb,Healthy
Z:\Projects\Smart-Farming\Datasets\final_combined_datasets\GLUE\HL\GLUE_HL_114.JPG,Groundnut,HL,uncontrolled,8393e3b73a18e9a1,Healthy
Z:\Projects\Smart-Farming\Datasets\final_combined_datasets\GLUE\HL\GLUE_HL_115.JPG,Groundnut,HL,uncontrolled,a198ecfa140fbc17,Healthy
Z:\Projects\Smart-Farming\Datasets\final_combined_datasets\GLUE\HL\GLUE_HL_116.JPG,Groundnut,HL,uncontrolled,b7c41fe4877e010e,Healthy
Z:\Projects\Smart-Farming\Datasets\final_combined_datasets\GLUE\HL\GLUE_HL_117.JPG,Groundnut,HL,uncontrolled,aecd1e7663c0e911,Healthy
Z:\Projects\Smart-Farming\Datasets\final_combined_datasets\GLUE\HL\GLUE_HL_118.JPG,Groundnut,HL,uncontrolled,887f5c427ee233c8,Healthy
Z:\Projects\Smart-Farming\Datasets\final_combined_datasets\GLUE\HL\GLUE_HL_119.JPG,Groundnut,HL,uncontrolled,bee17203a2db2c66,Healthy
Z:\Projects\Smart-Farming\Datasets\final_combined_datasets\GLUE\HL\GLUE_HL_120.JPG,Groundnut,HL,uncontrolled,fa08252b73ec390f,Healthy
Z:\Projects\Smart-Farming\Datasets\final_combined_datasets\GLUE\HL\GLUE_HL_121.JPG,Groundnut,HL,uncontrolled,97f01f0900fc7f16,Healthy
Z:\Projects\Smart-Farming\Datasets\final_combined_datasets\GLUE\HL\GLUE_HL_122.JPG,Groundnut,HL,uncontrolled,f81918b8d6330fe6,Healthy
Z:\Projects\Smart-Farming\Datasets\final_combined_datasets\GLUE\HL\GLUE_HL_123.JPG,Groundnut,HL,uncontrolled,abb95859545906f9,Healthy
Z:\Projects\Smart-Farming\Datasets\final_combined_datasets\GLUE\HL\GLUE_HL_124.JPG,Groundnut,HL,uncontrolled,a9dce08678d9a61d,Healthy
Z:\Projects\Smart-Farming\Datasets\final_combined_datasets\GLUE\HL\GLUE_HL_126.JPG,Groundnut,HL,uncontrolled,999a78616ea9495d,Healthy
Z:\Projects\Smart-Farming\Datasets\final_combined_datasets\GLUE\HL\GLUE_HL_127.JPG,Groundnut,HL,uncontrolled,94910910fff99697,Healthy
Z:\Projects\Smart-Farming\Datasets\final_combined_datasets\GLUE\HL\GLUE_HL_128.JPG,Groundnut,HL,uncontrolled,b38e5d0003e61ebf,Healthy
Z:\Projects\Smart-Farming\Datasets\final_combined_datasets\GLUE\HL\GLUE_HL_129.JPG,Groundnut,HL,uncontrolled,b9c782c1cd2d82dd,Healthy
Z:\Projects\Smart-Farming\Datasets\final_combined_datasets\GLUE\HL\GLUE_HL_130.JPG,Groundnut,HL,uncontrolled,b9e18f4db294164d,Healthy
Z:\Projects\Smart-Farming\Datasets\final_combined_datasets\GLUE\HL\GLUE_HL_131.JPG,Groundnut,HL,uncontrolled,a39cf605d247e80f,Healthy
Z:\Projects\Smart-Farming\Datasets\final_combined_datasets\GLUE\HL\GLUE_HL_132.JPG,Groundnut,HL,uncontrolled,89a5466d471eacd9,Healthy
Z:\Projects\Smart-Farming\Datasets\final_combined_datasets\GLUE\HL\GLUE_HL_133.JPG,Groundnut,HL,uncontrolled,83b3190d7627ba2b,Healthy
Z:\Projects\Smart-Farming\Datasets\final_combined_datasets\GLUE\HL\GLUE_HL_134.JPG,Groundnut,HL,uncontrolled,9dc01fc42283f4fd,Healthy
Z:\Projects\Smart-Farming\Datasets\final_combined_datasets\GLUE\HL\GLUE_HL_135.JPG,Groundnut,HL,uncontrolled,a0ff1db0da0e301f,Healthy
Z:\Projects\Smart-Farming\Datasets\final_combined_datasets\GLUE\HL\GLUE_HL_136.JPG,Groundnut,HL,uncontrolled,d187236d4a19ebb1,Healthy
Z:\Projects\Smart-Farming\Datasets\final_combined_datasets\GLUE\HL\GLUE_HL_137.JPG,Groundnut,HL,uncontrolled,d097b36d4f086999,Healthy
Z:\Projects\Smart-Farming\Datasets\final_combined_datasets\GLUE\HL\GLUE_HL_138.JPG,Groundnut,HL,uncontrolled,c9f026cadba3341e,Healthy
Z:\Projects\Smart-Farming\Datasets\final_combined_datasets\GLUE\HL\GLUE_HL_139.JPG,Groundnut,HL,uncontrolled,f48f0b92a56a62f4,Healthy
Z:\Projects\Smart-Farming\Datasets\final_combined_datasets\GLUE\HL\GLUE_HL_140.JPG,Groundnut,HL,uncontrolled,d1b533bdcc4096c5,Healthy
Z:\Projects\Smart-Farming\Datasets\final_combined_datasets\GLUE\HL\GLUE_HL_141.JPG,Groundnut,HL,uncontrolled,e3133b5a9838678e,Healthy
Z:\Projects\Smart-Farming\Datasets\final_combined_datasets\GLUE\HL\GLUE_HL_142.JPG,Groundnut,HL,uncontrolled,dc930ef81be314b1,Healthy
Z:\Projects\Smart-Farming\Datasets\final_combined_datasets\GLUE\HL\GLUE_HL_143.JPG,Groundnut,HL,uncontrolled,92ad371ce917e912,Healthy
Z:\Projects\Smart-Farming\Datasets\final_combined_datasets\GLUE\HL\GLUE_HL_144.JPG,Groundnut,HL,uncontrolled,c9930ee1fe8d07d0,Healthy
Z:\Projects\Smart-Farming\Datasets\final_combined_datasets\GLUE\HL\GLUE_HL_145.JPG,Groundnut,HL,uncontrolled,96a0acb6d25b60af,Healthy
Z:\Projects\Smart-Farming\Datasets\final_combined_datasets\GLUE\HL\GLUE_HL_146.JPG,Groundnut,HL,uncontrolled,dfb4028bba03f3e0,Healthy
Z:\Projects\Smart-Farming\Datasets\final_combined_datasets\GLUE\HL\GLUE_HL_147.JPG,Groundnut,HL,uncontrolled,ec3c4d491b5552b3,Healthy
Z:\Projects\Smart-Farming\Datasets\final_combined_datasets\GLUE\HL\GLUE_HL_148.JPG,Groundnut,HL,uncontrolled,f9a43bcee00be883,Healthy
Z:\Projects\Smart-Farming\Datasets\final_combined_datasets\GLUE\HL\GLUE_HL_149.JPG,Groundnut,HL,uncontrolled,aa4a6ae5562af515,Healthy
Z:\Projects\Smart-Farming\Datasets\final_combined_datasets\GLUE\HL\GLUE_HL_150.JPG,Groundnut,HL,uncontrolled,c8e868e5e1fa5e18,Healthy
Z:\Projects\Smart-Farming\Datasets\final_combined_datasets\GLUE\HL\GLUE_HL_151.JPG,Groundnut,HL,uncontrolled,d455faef6c043622,Healthy
Z:\Projects\Smart-Farming\Datasets\final_combined_datasets\GLUE\HL\GLUE_HL_152.JPG,Groundnut,HL,uncontrolled,c315a1952cb3de72,Healthy
Z:\Projects\Smart-Farming\Datasets\final_combined_datasets\GLUE\HL\GLUE_HL_153.JPG,Groundnut,HL,uncontrolled,e7d0dca0ba60af15,Healthy
Z:\Projects\Smart-Farming\Datasets\final_combined_datasets\GLUE\HL\GLUE_HL_154.JPG,Groundnut,HL,uncontrolled,fcc25eb907b01665,Healthy
Z:\Projects\Smart-Farming\Datasets\final_combined_datasets\GLUE\HL\GLUE_HL_155.JPG,Groundnut,HL,uncontrolled,d6ca7327d4133e03,Healthy
Z:\Projects\Smart-Farming\Datasets\final_combined_datasets\GLUE\HL\GLUE_HL_156.JPG,Groundnut,HL,uncontrolled,c33ae4937429b68d,Healthy
Z:\Projects\Smart-Farming\Datasets\final_combined_datasets\GLUE\HL\GLUE_HL_157.JPG,Groundnut,HL,uncontrolled,81fe8ac63cae742c,Healthy
Z:\Projects\Smart-Farming\Datasets\final_combined_datasets\GLUE\HL\GLUE_HL_158.JPG,Groundnut,HL,uncontrolled,dc267bf810d2e0ec,Healthy
Z:\Projects\Smart-Farming\Datasets\final_combined_datasets\GLUE\HL\GLUE_HL_159.JPG,Groundnut,HL,uncontrolled,d365985a35243a7e,Healthy
Z:\Projects\Smart-Farming\Datasets\final_combined_datasets\GLUE\HL\GLUE_HL_160.JPG,Groundnut,HL,uncontrolled,f63c5dc771c33006,Healthy
Z:\Projects\Smart-Farming\Datasets\final_combined_datasets\GLUE\HL\GLUE_HL_161.JPG,Groundnut,HL,uncontrolled,f8a5d05674a5f245,Healthy
Z:\Projects\Smart-Farming\Datasets\final_combined_datasets\GLUE\HL\GLUE_HL_162.JPG,Groundnut,HL,uncontrolled,e81db2959735c638,Healthy
Z:\Projects\Smart-Farming\Datasets\final_combined_datasets\GLUE\HL\GLUE_HL_163.JPG,Groundnut,HL,uncontrolled,8bf89907933bf409,Healthy
Z:\Projects\Smart-Farming\Datasets\final_combined_datasets\GLUE\HL\GLUE_HL_164.JPG,Groundnut,HL,uncontrolled,fc824efcf2480ee1,Healthy
Z:\Projects\Smart-Farming\Datasets\final_combined_datasets\GLUE\HL\GLUE_HL_165.JPG,Groundnut,HL,uncontrolled,9bc0c2943e77b741,Healthy
Z:\Projects\Smart-Farming\Datasets\final_combined_datasets\GLUE\HL\GLUE_HL_166.JPG,Groundnut,HL,uncontrolled,fce1e2e4dc021b1d,Healthy
Z:\Projects\Smart-Farming\Datasets\final_combined_datasets\GLUE\HL\GLUE_HL_167.JPG,Groundnut,HL,uncontrolled,eff0f21f0904c2cb,Healthy
Z:\Projects\Smart-Farming\Datasets\final_combined_datasets\GLUE\HL\GLUE_HL_168.JPG,Groundnut,HL,uncontrolled,81b843ff7e490077,Healthy
Z:\Projects\Smart-Farming\Datasets\final_combined_datasets\GLUE\HL\GLUE_HL_169.JPG,Groundnut,HL,uncontrolled,bef00bf9f04807e2,Healthy
Z:\Projects\Smart-Farming\Datasets\final_combined_datasets\GLUE\HL\GLUE_HL_170.JPG,Groundnut,HL,uncontrolled,96c9fc564ab57029,Healthy
Z:\Projects\Smart-Farming\Datasets\final_combined_datasets\GLUE\HL\GLUE_HL_171.JPG,Groundnut,HL,uncontrolled,8f805f659864c2bf,Healthy
Z:\Projects\Smart-Farming\Datasets\final_combined_datasets\GLUE\HL\GLUE_HL_172.JPG,Groundnut,HL,uncontrolled,b887706bfcc001df,Healthy
Z:\Projects\Smart-Farming\Datasets\final_combined_datasets\GLUE\HL\GLUE_HL_173.JPG,Groundnut,HL,uncontrolled,d105fcb65b63285a,Healthy
Z:\Projects\Smart-Farming\Datasets\final_combined_datasets\GLUE\HL\GLUE_HL_174.JPG,Groundnut,HL,uncontrolled,bd90e0cdc7a2382f,Healthy
Z:\Projects\Smart-Farming\Datasets\final_combined_datasets\GLUE\HL\GLUE_HL_175.JPG,Groundnut,HL,uncontrolled,b8b00b9f786c4ae3,Healthy
Z:\Projects\Smart-Farming\Datasets\final_combined_datasets\GLUE\HL\GLUE_HL_176.JPG,Groundnut,HL,uncontrolled,bd90e0e447c3bc4b,Healthy
Z:\Projects\Smart-Farming\Datasets\final_combined_datasets\GLUE\HL\GLUE_HL_177.JPG,Groundnut,HL,uncontrolled,bfb690f06c43e390,Healthy
Z:\Projects\Smart-Farming\Datasets\final_combined_datasets\GLUE\HL\GLUE_HL_178.JPG,Groundnut,HL,uncontrolled,c3633ca4e44a5ed3,Healthy
Z:\Projects\Smart-Farming\Datasets\final_combined_datasets\GLUE\HL\GLUE_HL_179.JPG,Groundnut,HL,uncontrolled,e23e691a585ada93,Healthy
Z:\Projects\Smart-Farming\Datasets\final_combined_datasets\GLUE\HL\GLUE_HL_180.JPG,Groundnut,HL,uncontrolled,e03a0b2bbdad2535,Healthy
Z:\Projects\Smart-Farming\Datasets\final_combined_datasets\GLUE\HL\GLUE_HL_181.JPG,Groundnut,HL,uncontrolled,c6654e28576cb94e,Healthy
Z:\Projects\Smart-Farming\Datasets\final_combined_datasets\GLUE\HL\GLUE_HL_182.JPG,Groundnut,HL,uncontrolled,a6a34cfc2fc705c1,Healthy
Z:\Projects\Smart-Farming\Datasets\final_combined_datasets\GLUE\HL\GLUE_HL_183.JPG,Groundnut,HL,uncontrolled,a6a354cafd470fc0,Healthy
Z:\Projects\Smart-Farming\Datasets\final_combined_datasets\GLUE\HL\GLUE_HL_184.JPG,Groundnut,HL,uncontrolled,bf8d40c19ef0e18d,Healthy
Z:\Projects\Smart-Farming\Datasets\final_combined_datasets\GLUE\HL\GLUE_HL_185.JPG,Groundnut,HL,uncontrolled,af89d33e030ff0e0,Healthy
Z:\Projects\Smart-Farming\Datasets\final_combined_datasets\GLUE\HL\GLUE_HL_186.JPG,Groundnut,HL,uncontrolled,fb960387488c9ee3,Healthy
Z:\Projects\Smart-Farming\Datasets\final_combined_datasets\GLUE\HL\GLUE_HL_187.JPG,Groundnut,HL,uncontrolled,e31e7c0037b3c633,Healthy
Z:\Projects\Smart-Farming\Datasets\final_combined_datasets\GLUE\HL\GLUE_HL_188.JPG,Groundnut,HL,uncontrolled,fac214904fbcf8e1,Healthy
Z:\Projects\Smart-Farming\Datasets\final_combined_datasets\GLUE\HL\GLUE_HL_189.JPG,Groundnut,HL,uncontrolled,bc3d412d9a359b85,Healthy
Z:\Projects\Smart-Farming\Datasets\final_combined_datasets\GLUE\HL\GLUE_HL_190.JPG,Groundnut,HL,uncontrolled,be36f36588119cd8,Healthy
Z:\Projects\Smart-Farming\Datasets\final_combined_datasets\GLUE\HL\GLUE_HL_191.JPG,Groundnut,HL,uncontrolled,f2c759476a3cd403,Healthy
Z:\Projects\Smart-Farming\Datasets\final_combined_datasets\GLUE\HL\GLUE_HL_192.JPG,Groundnut,HL,uncontrolled,96ec91aa6a707e51,Healthy
Z:\Projects\Smart-Farming\Datasets\final_combined_datasets\GLUE\HL\GLUE_HL_193.JPG,Groundnut,HL,uncontrolled,d26906a0eee02bdf,Healthy
Z:\Projects\Smart-Farming\Datasets\final_combined_datasets\GLUE\HL\GLUE_HL_194.JPG,Groundnut,HL,uncontrolled,f4cd4543349c6a6d,Healthy
Z:\Projects\Smart-Farming\Datasets\final_combined_datasets\GLUE\HL\GLUE_HL_195.JPG,Groundnut,HL,uncontrolled,fcfe426cc223ad82,Healthy
Z:\Projects\Smart-Farming\Datasets\final_combined_datasets\GLUE\HL\GLUE_HL_196.JPG,Groundnut,HL,uncontrolled,dea1cc13e493465d,Healthy
Z:\Projects\Smart-Farming\Datasets\final_combined_datasets\GLUE\HL\GLUE_HL_197.JPG,Groundnut,HL,uncontrolled,cb15fc411a91ceb9,Healthy
Z:\Projects\Smart-Farming\Datasets\final_combined_datasets\GLUE\HL\GLUE_HL_198.JPG,Groundnut,HL,uncontrolled,b4cfeb64d4038d4c,Healthy
Z:\Projects\Smart-Farming\Datasets\final_combined_datasets\GLUE\HL\GLUE_HL_199.JPG,Groundnut,HL,uncontrolled,c1b6e35c31cea863,Healthy
Z:\Projects\Smart-Farming\Datasets\final_combined_datasets\GLUE\HL\GLUE_HL_200.JPG,Groundnut,HL,uncontrolled,fcc8492ea472a6a7,Healthy
Z:\Projects\Smart-Farming\Datasets\final_combined_datasets\GLUE\HL\GLUE_HL_201.JPG,Groundnut,HL,uncontrolled,ffe76474134544c4,Healthy
Z:\Projects\Smart-Farming\Datasets\final_combined_datasets\GLUE\HL\GLUE_HL_202.JPG,Groundnut,HL,uncontrolled,fd861e8741e01ef8,Healthy
Z:\Projects\Smart-Farming\Datasets\final_combined_datasets\GLUE\HL\GLUE_HL_203.JPG,Groundnut,HL,uncontrolled,f8841fe9b119c70e,Healthy
Z:\Projects\Smart-Farming\Datasets\final_combined_datasets\GLUE\HL\GLUE_HL_204.JPG,Groundnut,HL,uncontrolled,fbe40e36c59b2c81,Healthy
Z:\Projects\Smart-Farming\Datasets\final_combined_datasets\GLUE\HL\GLUE_HL_205.JPG,Groundnut,HL,uncontrolled,baf51a2f83aae812,Healthy
Z:\Projects\Smart-Farming\Datasets\final_combined_datasets\GLUE\HL\GLUE_HL_206.JPG,Groundnut,HL,uncontrolled,ff97228344111eeb,Healthy
Z:\Projects\Smart-Farming\Datasets\final_combined_datasets\GLUE\HL\GLUE_HL_207.JPG,Groundnut,HL,uncontrolled,9cedf1ec5b144a82,Healthy
Z:\Projects\Smart-Farming\Datasets\final_combined_datasets\GLUE\HL\GLUE_HL_208.JPG,Groundnut,HL,uncontrolled,ff9f27031da00b2a,Healthy
Z:\Projects\Smart-Farming\Datasets\final_combined_datasets\GLUE\HL\GLUE_HL_209.JPG,Groundnut,HL,uncontrolled,976ab0ac4aae2d1b,Healthy
Z:\Projects\Smart-Farming\Datasets\final_combined_datasets\GLUE\HL\GLUE_HL_210.JPG,Groundnut,HL,uncontrolled,fc9c20171e077f64,Healthy
Z:\Projects\Smart-Farming\Datasets\final_combined_datasets\GLUE\HL\GLUE_HL_211.JPG,Groundnut,HL,uncontrolled,8c9f8f84896764f2,Healthy
Z:\Projects\Smart-Farming\Datasets\final_combined_datasets\GLUE\HL\GLUE_HL_212.JPG,Groundnut,HL,uncontrolled,ffb0c580f6c8d2d0,Healthy
Z:\Projects\Smart-Farming\Datasets\final_combined_datasets\GLUE\HL\GLUE_HL_213.JPG,Groundnut,HL,uncontrolled,e28f88787338ac8f,Healthy
Z:\Projects\Smart-Farming\Datasets\final_combined_datasets\GLUE\HL\GLUE_HL_214.JPG,Groundnut,HL,uncontrolled,e08ffaf1073aac82,Healthy
Z:\Projects\Smart-Farming\Datasets\final_combined_datasets\GLUE\HL\GLUE_HL_215.JPG,Groundnut,HL,uncontrolled,eb3de6012df021f8,Healthy
Z:\Projects\Smart-Farming\Datasets\final_combined_datasets\GLUE\HL\GLUE_HL_216.JPG,Groundnut,HL,uncontrolled,cd3d50c3ff103338,Healthy
Z:\Projects\Smart-Farming\Datasets\final_combined_datasets\GLUE\HL\GLUE_HL_217.JPG,Groundnut,HL,uncontrolled,9423a0b7ee1caf92,Healthy
Z:\Projects\Smart-Farming\Datasets\final_combined_datasets\GLUE\HL\GLUE_HL_218.JPG,Groundnut,HL,uncontrolled,b90e1be31d11e279,Healthy
Z:\Projects\Smart-Farming\Datasets\final_combined_datasets\GLUE\HL\GLUE_HL_219.JPG,Groundnut,HL,uncontrolled,e4bf1a48477ba886,Healthy
Z:\Projects\Smart-Farming\Datasets\final_combined_datasets\GLUE\HL\GLUE_HL_220.JPG,Groundnut,HL,uncontrolled,8d8c33ac19978ae7,Healthy
Z:\Projects\Smart-Farming\Datasets\final_combined_datasets\GLUE\HL\GLUE_HL_221.JPG,Groundnut,HL,uncontrolled,9a3147794b8c59e6,Healthy
Z:\Projects\Smart-Farming\Datasets\final_combined_datasets\GLUE\HL\GLUE_HL_222.JPG,Groundnut,HL,uncontrolled,f4f11e144fc01fe8,Healthy
Z:\Projects\Smart-Farming\Datasets\final_combined_datasets\GLUE\HL\GLUE_HL_223.JPG,Groundnut,HL,uncontrolled,f6f116140fda071e,Healthy
Z:\Projects\Smart-Farming\Datasets\final_combined_datasets\GLUE\HL\GLUE_HL_224.JPG,Groundnut,HL,uncontrolled,98da3e5dda3f9100,Healthy
Z:\Projects\Smart-Farming\Datasets\final_combined_datasets\GLUE\HL\GLUE_HL_225.JPG,Groundnut,HL,uncontrolled,dcf1e32cacf1c043,Healthy
Z:\Projects\Smart-Farming\Datasets\final_combined_datasets\GLUE\HL\GLUE_HL_226.JPG,Groundnut,HL,uncontrolled,fb8660cede1029f1,Healthy
Z:\Projects\Smart-Farming\Datasets\final_combined_datasets\GLUE\HL\GLUE_HL_227.JPG,Groundnut,HL,uncontrolled,8a54ed7a4da592ca,Healthy
Z:\Projects\Smart-Farming\Datasets\final_combined_datasets\GLUE\HL\GLUE_HL_228.JPG,Groundnut,HL,uncontrolled,dcd27888bb92969a,Healthy
Z:\Projects\Smart-Farming\Datasets\final_combined_datasets\GLUE\HL\GLUE_HL_229.JPG,Groundnut,HL,uncontrolled,9edf6f47090429d8,Healthy
Z:\Projects\Smart-Farming\Datasets\final_combined_datasets\GLUE\HL\GLUE_HL_230.JPG,Groundnut,HL,uncontrolled,edb406e46ff91111,Healthy
Z:\Projects\Smart-Farming\Datasets\final_combined_datasets\GLUE\HL\GLUE_HL_231.JPG,Groundnut,HL,uncontrolled,ccb5e212e117fd0a,Healthy
Z:\Projects\Smart-Farming\Datasets\final_combined_datasets\GLUE\HL\GLUE_HL_232.JPG,Groundnut,HL,uncontrolled,acb72fa2000a66ff,Healthy
Z:\Projects\Smart-Farming\Datasets\final_combined_datasets\GLUE\HL\GLUE_HL_233.JPG,Groundnut,HL,uncontrolled,fee138bc0c96e941,Healthy
Z:\Projects\Smart-Farming\Datasets\final_combined_datasets\GLUE\HL\GLUE_HL_234.JPG,Groundnut,HL,uncontrolled,9eee224a857fe0c1,Healthy
Z:\Projects\Smart-Farming\Datasets\final_combined_datasets\GLUE\HL\GLUE_HL_235.JPG,Groundnut,HL,uncontrolled,f4f5612ef8e0818b,Healthy
Z:\Projects\Smart-Farming\Datasets\final_combined_datasets\GLUE\HL\GLUE_HL_236.JPG,Groundnut,HL,uncontrolled,dec2f8010e7ef3a0,Healthy
Z:\Projects\Smart-Farming\Datasets\final_combined_datasets\GLUE\HL\GLUE_HL_237.JPG,Groundnut,HL,uncontrolled,d7dc1c8703e83c0f,Healthy
Z:\Projects\Smart-Farming\Datasets\final_combined_datasets\GLUE\HL\GLUE_HL_238.JPG,Groundnut,HL,uncontrolled,96df0dc302e8f21d,Healthy
Z:\Projects\Smart-Farming\Datasets\final_combined_datasets\GLUE\HL\GLUE_HL_239.JPG,Groundnut,HL,uncontrolled,b48f85c8e7d443f0,Healthy
Z:\Projects\Smart-Farming\Datasets\final_combined_datasets\GLUE\HL\GLUE_HL_240.JPG,Groundnut,HL,uncontrolled,8ef0309e8f1ed385,Healthy
Z:\Projects\Smart-Farming\Datasets\final_combined_datasets\GLUE\HL\GLUE_HL_241.JPG,Groundnut,HL,uncontrolled,e73c00c30accfe1f,Healthy
Z:\Projects\Smart-Farming\Datasets\final_combined_datasets\GLUE\HL\GLUE_HL_242.JPG,Groundnut,HL,uncontrolled,affe3e39e036a020,Healthy
Z:\Projects\Smart-Farming\Datasets\final_combined_datasets\GLUE\HL\GLUE_HL_243.JPG,Groundnut,HL,uncontrolled,f8f03c380b2be8ce,Healthy
Z:\Projects\Smart-Farming\Datasets\final_combined_datasets\GLUE\HL\GLUE_HL_244.JPG,Groundnut,HL,uncontrolled,c3fd42a297ca30ae,Healthy
Z:\Projects\Smart-Farming\Datasets\final_combined_datasets\GLUE\HL\GLUE_HL_245.JPG,Groundnut,HL,uncontrolled,a5d32bb488fa5495,Healthy
Z:\Projects\Smart-Farming\Datasets\final_combined_datasets\GLUE\HL\GLUE_HL_246.JPG,Groundnut,HL,uncontrolled,9bed52a1d913a259,Healthy
Z:\Projects\Smart-Farming\Datasets\final_combined_datasets\GLUE\HL\GLUE_HL_247.JPG,Groundnut,HL,uncontrolled,d38f2d239e386730,Healthy
Z:\Projects\Smart-Farming\Datasets\final_combined_datasets\GLUE\HL\GLUE_HL_248.JPG,Groundnut,HL,uncontrolled,d839a4818e9f1f27,Healthy
Z:\Projects\Smart-Farming\Datasets\final_combined_datasets\GLUE\HL\GLUE_HL_249.JPG,Groundnut,HL,uncontrolled,f7ec670508515997,Healthy
Z:\Projects\Smart-Farming\Datasets\final_combined_datasets\GLUE\HL\GLUE_HL_250.JPG,Groundnut,HL,uncontrolled,d990725c99b4bc71,Healthy
Z:\Projects\Smart-Farming\Datasets\final_combined_datasets\GLUE\HL\GLUE_HL_251.JPG,Groundnut,HL,uncontrolled,fa196be5a13fd001,Healthy
Z:\Projects\Smart-Farming\Datasets\final_combined_datasets\GLUE\HL\GLUE_HL_252.JPG,Groundnut,HL,uncontrolled,952289f77808bd9d,Healthy
Z:\Projects\Smart-Farming\Datasets\final_combined_datasets\GLUE\HL\GLUE_HL_253.JPG,Groundnut,HL,uncontrolled,ac0c3ae516e39f89,Healthy
Z:\Projects\Smart-Farming\Datasets\final_combined_datasets\GLUE\HL\GLUE_HL_254.JPG,Groundnut,HL,uncontrolled,a7f43f51857ee080,Healthy
Z:\Projects\Smart-Farming\Datasets\final_combined_datasets\GLUE\HL\GLUE_HL_255.JPG,Groundnut,HL,uncontrolled,981b72c36fb0872d,Healthy
Z:\Projects\Smart-Farming\Datasets\final_combined_datasets\GLUE\HL\GLUE_HL_256.JPG,Groundnut,HL,uncontrolled,a31c32e51ebbf881,Healthy
Z:\Projects\Smart-Farming\Datasets\final_combined_datasets\GLUE\HL\GLUE_HL_257.JPG,Groundnut,HL,uncontrolled,f01eb887bf4146e2,Healthy
Z:\Projects\Smart-Farming\Datasets\final_combined_datasets\GLUE\HL\GLUE_HL_258.JPG,Groundnut,HL,uncontrolled,fc1c43033cd7f464,Healthy
Z:\Projects\Smart-Farming\Datasets\final_combined_datasets\GLUE\HL\GLUE_HL_259.JPG,Groundnut,HL,uncontrolled,8eec647fff600007,Healthy
Z:\Projects\Smart-Farming\Datasets\final_combined_datasets\GLUE\HL\GLUE_HL_260.JPG,Groundnut,HL,uncontrolled,ff7021c840fef407,Healthy
Z:\Projects\Smart-Farming\Datasets\final_combined_datasets\GLUE\HL\GLUE_HL_261.JPG,Groundnut,HL,uncontrolled,beff216f6100037c,Healthy
Z:\Projects\Smart-Farming\Datasets\final_combined_datasets\GLUE\HL\GLUE_HL_262.JPG,Groundnut,HL,uncontrolled,fdf00778d8435e14,Healthy
Z:\Projects\Smart-Farming\Datasets\final_combined_datasets\GLUE\HL\GLUE_HL_263.JPG,Groundnut,HL,uncontrolled,f8610bc207f1e3f8,Healthy
Z:\Projects\Smart-Farming\Datasets\final_combined_datasets\GLUE\HL\GLUE_HL_264.JPG,Groundnut,HL,uncontrolled,f81539d0d08f39a7,Healthy
Z:\Projects\Smart-Farming\Datasets\final_combined_datasets\GLUE\HL\GLUE_HL_265.JPG,Groundnut,HL,uncontrolled,f3e64b3968639381,Healthy
Z:\Projects\Smart-Farming\Datasets\final_combined_datasets\GLUE\HL\GLUE_HL_266.JPG,Groundnut,HL,uncontrolled,ed113f229f5b1648,Healthy
Z:\Projects\Smart-Farming\Datasets\final_combined_datasets\GLUE\HL\GLUE_HL_267.JPG,Groundnut,HL,uncontrolled,9d8ac77b29b0f20c,Healthy
Z:\Projects\Smart-Farming\Datasets\final_combined_datasets\GLUE\HL\GLUE_HL_268.JPG,Groundnut,HL,uncontrolled,cd8a07b58524fbc9,Healthy
Z:\Projects\Smart-Farming\Datasets\final_combined_datasets\GLUE\HL\GLUE_HL_269.JPG,Groundnut,HL,uncontrolled,c48bf7cd2b81f20c,Healthy
Z:\Projects\Smart-Farming\Datasets\final_combined_datasets\GLUE\HL\GLUE_HL_270.JPG,Groundnut,HL,uncontrolled,f70a239ff8c882c5,Healthy
Z:\Projects\Smart-Farming\Datasets\final_combined_datasets\GLUE\HL\GLUE_HL_271.JPG,Groundnut,HL,uncontrolled,f789ee0c02d7f114,Healthy
Z:\Projects\Smart-Farming\Datasets\final_combined_datasets\GLUE\HL\GLUE_HL_272.JPG,Groundnut,HL,uncontrolled,f003ffce0c8fc138,Healthy
Z:\Projects\Smart-Farming\Datasets\final_combined_datasets\GLUE\HL\GLUE_HL_273.JPG,Groundnut,HL,uncontrolled,95fe13946003f70f,Healthy
Z:\Projects\Smart-Farming\Datasets\final_combined_datasets\GLUE\HL\GLUE_HL_274.JPG,Groundnut,HL,uncontrolled,c9dea4ccda21c917,Healthy
Z:\Projects\Smart-Farming\Datasets\final_combined_datasets\GLUE\HL\GLUE_HL_275.JPG,Groundnut,HL,uncontrolled,c9ce49b49517f04b,Healthy
Z:\Projects\Smart-Farming\Datasets\final_combined_datasets\GLUE\HL\GLUE_HL_276.JPG,Groundnut,HL,uncontrolled,9fd8c3b8109f3383,Healthy
Z:\Projects\Smart-Farming\Datasets\final_combined_datasets\GLUE\HL\GLUE_HL_277.JPG,Groundnut,HL,uncontrolled,e03fa3e5db141383,Healthy
Z:\Projects\Smart-Farming\Datasets\final_combined_datasets\GLUE\HL\GLUE_HL_278.JPG,Groundnut,HL,uncontrolled,9d1b5ec21c5f42b8,Healthy
Z:\Projects\Smart-Farming\Datasets\final_combined_datasets\GLUE\HL\GLUE_HL_279.JPG,Groundnut,HL,uncontrolled,99a8408a66ed27fd,Healthy
Z:\Projects\Smart-Farming\Datasets\final_combined_datasets\GLUE\HL\GLUE_HL_280.JPG,Groundnut,HL,uncontrolled,9f94313319efe00e,Healthy
Z:\Projects\Smart-Farming\Datasets\final_combined_datasets\GLUE\HL\GLUE_HL_281.JPG,Groundnut,HL,uncontrolled,993bf601bc984fd0,Healthy
Z:\Projects\Smart-Farming\Datasets\final_combined_datasets\GLUE\HL\GLUE_HL_282.JPG,Groundnut,HL,uncontrolled,9b1d5fa92ec5a105,Healthy
Z:\Projects\Smart-Farming\Datasets\final_combined_datasets\GLUE\HL\GLUE_HL_283.JPG,Groundnut,HL,uncontrolled,a43df34f3d918298,Healthy
Z:\Projects\Smart-Farming\Datasets\final_combined_datasets\GLUE\HL\GLUE_HL_284.JPG,Groundnut,HL,uncontrolled,e80f2f60ce74f0e1,Healthy
Z:\Projects\Smart-Farming\Datasets\final_combined_datasets\GLUE\HL\GLUE_HL_285.JPG,Groundnut,HL,uncontrolled,ec0fe4d689071bf0,Healthy
Z:\Projects\Smart-Farming\Datasets\final_combined_datasets\GLUE\HL\GLUE_HL_286.JPG,Groundnut,HL,uncontrolled,cd90e37e21659653,Healthy
Z:\Projects\Smart-Farming\Datasets\final_combined_datasets\GLUE\LLS\GLUE_LLS_505.JPG,Groundnut,LLS,uncontrolled,e62dc8a1f38d30cd,Leaf Spot
Z:\Projects\Smart-Farming\Datasets\final_combined_datasets\GLUE\LLS\GLUE_LLS_506.JPG,Groundnut,LLS,uncontrolled,a2187d731ee11ae6,Leaf Spot
Z:\Projects\Smart-Farming\Datasets\final_combined_datasets\GLUE\LLS\GLUE_LLS_507.JPG,Groundnut,LLS,uncontrolled,b32c5be1e61108bf,Leaf Spot
Z:\Projects\Smart-Farming\Datasets\final_combined_datasets\GLUE\LLS\GLUE_LLS_508.JPG,Groundnut,LLS,uncontrolled,da8565abda170993,Leaf Spot
Z:\Projects\Smart-Farming\Datasets\final_combined_datasets\GLUE\LLS\GLUE_LLS_509.JPG,Groundnut,LLS,uncontrolled,c3ddb293935b4823,Leaf Spot
Z:\Projects\Smart-Farming\Datasets\final_combined_datasets\GLUE\LLS\GLUE_LLS_510.JPG,Groundnut,LLS,uncontrolled,f8b00ca1718f77cc,Leaf Spot
Z:\Projects\Smart-Farming\Datasets\final_combined_datasets\GLUE\LLS\GLUE_LLS_511.JPG,Groundnut,LLS,uncontrolled,cb0a85441f472ef7,Leaf Spot
Z:\Projects\Smart-Farming\Datasets\final_combined_datasets\GLUE\LLS\GLUE_LLS_512.JPG,Groundnut,LLS,uncontrolled,da5b60f4ae363d10,Leaf Spot
Z:\Projects\Smart-Farming\Datasets\final_combined_datasets\GLUE\LLS\GLUE_LLS_513.JPG,Groundnut,LLS,uncontrolled,dc0f0b1ec3f4e0b8,Leaf Spot
Z:\Projects\Smart-Farming\Datasets\final_combined_datasets\GLUE\LLS\GLUE_LLS_514.JPG,Groundnut,LLS,uncontrolled,fa1b61e46648c4f9,Leaf Spot
Z:\Projects\Smart-Farming\Datasets\final_combined_datasets\GLUE\LLS\GLUE_LLS_515.JPG,Groundnut,LLS,uncontrolled,e8b0773aa5357207,Leaf Spot
Z:\Projects\Smart-Farming\Datasets\final_combined_datasets\GLUE\LLS\GLUE_LLS_516.JPG,Groundnut,LLS,uncontrolled,9b49a29ac6eb5c98,Leaf Spot
Z:\Projects\Smart-Farming\Datasets\final_combined_datasets\GLUE\LLS\GLUE_LLS_517.JPG,Groundnut,LLS,uncontrolled,9d49e392d56c8917,Leaf Spot
Z:\Projects\Smart-Farming\Datasets\final_combined_datasets\GLUE\LLS\GLUE_LLS_518.JPG,Groundnut,LLS,uncontrolled,c046b99ce22dd78e,Leaf Spot
Z:\Projects\Smart-Farming\Datasets\final_combined_datasets\GLUE\LLS\GLUE_LLS_519.JPG,Groundnut,LLS,uncontrolled,bc7f220ce195e42d,Leaf Spot
Z:\Projects\Smart-Farming\Datasets\final_combined_datasets\GLUE\LLS\GLUE_LLS_520.JPG,Groundnut,LLS,uncontrolled,992aec96133d6ea8,Leaf Spot
Z:\Projects\Smart-Farming\Datasets\final_combined_datasets\GLUE\LLS\GLUE_LLS_521.JPG,Groundnut,LLS,uncontrolled,9033a77705756bc8,Leaf Spot
Z:\Projects\Smart-Farming\Datasets\final_combined_datasets\GLUE\LLS\GLUE_LLS_522.JPG,Groundnut,LLS,uncontrolled,87f400f53f07f20e,Leaf Spot
Z:\Projects\Smart-Farming\Datasets\final_combined_datasets\GLUE\LLS\GLUE_LLS_523.JPG,Groundnut,LLS,uncontrolled,86f2a676d410f571,Leaf Spot
Z:\Projects\Smart-Farming\Datasets\final_combined_datasets\GLUE\LLS\GLUE_LLS_524.JPG,Groundnut,LLS,uncontrolled,bcde23e210f843ad,Leaf Spot
Z:\Projects\Smart-Farming\Datasets\final_combined_datasets\GLUE\LLS\GLUE_LLS_525.JPG,Groundnut,LLS,uncontrolled,bae683627417ada1,Leaf Spot
Z:\Projects\Smart-Farming\Datasets\final_combined_datasets\GLUE\LLS\GLUE_LLS_526.JPG,Groundnut,LLS,uncontrolled,f2c8d1f816dbb504,Leaf Spot
Z:\Projects\Smart-Farming\Datasets\final_combined_datasets\GLUE\LLS\GLUE_LLS_527.JPG,Groundnut,LLS,uncontrolled,8d44b50d8a2bdd76,Leaf Spot
Z:\Projects\Smart-Farming\Datasets\final_combined_datasets\GLUE\LLS\GLUE_LLS_528.JPG,Groundnut,LLS,uncontrolled,9815ed9496df481b,Leaf Spot
Z:\Projects\Smart-Farming\Datasets\final_combined_datasets\GLUE\LLS\GLUE_LLS_529.JPG,Groundnut,LLS,uncontrolled,df8026ec9017cfc3,Leaf Spot
Z:\Projects\Smart-Farming\Datasets\final_combined_datasets\GLUE\LLS\GLUE_LLS_530.JPG,Groundnut,LLS,uncontrolled,e184223339cf337e,Leaf Spot
Z:\Projects\Smart-Farming\Datasets\final_combined_datasets\GLUE\LLS\GLUE_LLS_531.JPG,Groundnut,LLS,uncontrolled,b9e063fd8a818cb3,Leaf Spot
Z:\Projects\Smart-Farming\Datasets\final_combined_datasets\GLUE\LLS\GLUE_LLS_532.JPG,Groundnut,LLS,uncontrolled,cd5ce62896cbb8c2,Leaf Spot
Z:\Projects\Smart-Farming\Datasets\final_combined_datasets\GLUE\LLS\GLUE_LLS_533.JPG,Groundnut,LLS,uncontrolled,b9f960928f85ce46,Leaf Spot
Z:\Projects\Smart-Farming\Datasets\final_combined_datasets\GLUE\LLS\GLUE_LLS_534.JPG,Groundnut,LLS,uncontrolled,8f9b700609f17cd9,Leaf Spot
Z:\Projects\Smart-Farming\Datasets\final_combined_datasets\GLUE\LLS\GLUE_LLS_535.JPG,Groundnut,LLS,uncontrolled,ce4a72a73e332326,Leaf Spot
Z:\Projects\Smart-Farming\Datasets\final_combined_datasets\GLUE\LLS\GLUE_LLS_536.JPG,Groundnut,LLS,uncontrolled,8d9236de22e63e83,Leaf Spot
Z:\Projects\Smart-Farming\Datasets\final_combined_datasets\GLUE\LLS\GLUE_LLS_537.JPG,Groundnut,LLS,uncontrolled,cdc0479b9b7666a0,Leaf Spot
Z:\Projects\Smart-Farming\Datasets\final_combined_datasets\GLUE\LLS\GLUE_LLS_538.JPG,Groundnut,LLS,uncontrolled,c813071cd3df74c9,Leaf Spot
Z:\Projects\Smart-Farming\Datasets\final_combined_datasets\GLUE\LLS\GLUE_LLS_539.JPG,Groundnut,LLS,uncontrolled,86732cd33449ee3c,Leaf Spot
Z:\Projects\Smart-Farming\Datasets\final_combined_datasets\GLUE\LLS\GLUE_LLS_540.JPG,Groundnut,LLS,uncontrolled,b0db60e5cfb035d0,Leaf Spot
Z:\Projects\Smart-Farming\Datasets\final_combined_datasets\GLUE\LLS\GLUE_LLS_541.JPG,Groundnut,LLS,uncontrolled,8dbcaf109e9c652c,Leaf Spot
Z:\Projects\Smart-Farming\Datasets\final_combined_datasets\GLUE\LLS\GLUE_LLS_542.JPG,Groundnut,LLS,uncontrolled,aac872f9dd121547,Leaf Spot
Z:\Projects\Smart-Farming\Datasets\final_combined_datasets\GLUE\LLS\GLUE_LLS_543.JPG,Groundnut,LLS,uncontrolled,9dc4128fe586ecc3,Leaf Spot
Z:\Projects\Smart-Farming\Datasets\final_combined_datasets\GLUE\LLS\GLUE_LLS_544.JPG,Groundnut,LLS,uncontrolled,eaa01a1771de734c,Leaf Spot
Z:\Projects\Smart-Farming\Datasets\final_combined_datasets\GLUE\LLS\GLUE_LLS_545.JPG,Groundnut,LLS,uncontrolled,8ff5e4039e01d674,Leaf Spot
Z:\Projects\Smart-Farming\Datasets\final_combined_datasets\GLUE\LLS\GLUE_LLS_546.JPG,Groundnut,LLS,uncontrolled,e0dc4d0390ff4f8c,Leaf Spot
Z:\Projects\Smart-Farming\Datasets\final_combined_datasets\GLUE\LLS\GLUE_LLS_547.JPG,Groundnut,LLS,uncontrolled,c62e171f712de834,Leaf Spot
Z:\Projects\Smart-Farming\Datasets\final_combined_datasets\GLUE\LLS\GLUE_LLS_548.JPG,Groundnut,LLS,uncontrolled,99cee0934cb37278,Leaf Spot
Z:\Projects\Smart-Farming\Datasets\final_combined_datasets\GLUE\LLS\GLUE_LLS_549.JPG,Groundnut,LLS,uncontrolled,c42e541e72467bcb,Leaf Spot
Z:\Projects\Smart-Farming\Datasets\final_combined_datasets\GLUE\LLS\GLUE_LLS_550.JPG,Groundnut,LLS,uncontrolled,e6246e972ed057d0,Leaf Spot
Z:\Projects\Smart-Farming\Datasets\final_combined_datasets\GLUE\LLS\GLUE_LLS_551.JPG,Groundnut,LLS,uncontrolled,f5966592cd1b484b,Leaf Spot
Z:\Projects\Smart-Farming\Datasets\final_combined_datasets\GLUE\LLS\GLUE_LLS_552.JPG,Groundnut,LLS,uncontrolled,e81386ffec111378,Leaf Spot
Z:\Projects\Smart-Farming\Datasets\final_combined_datasets\GLUE\LLS\GLUE_LLS_553.JPG,Groundnut,LLS,uncontrolled,c6adfb2991ca348a,Leaf Spot
Z:\Projects\Smart-Farming\Datasets\final_combined_datasets\GLUE\LLS\GLUE_LLS_554.JPG,Groundnut,LLS,uncontrolled,b4fcbb03f8071ec0,Leaf Spot
Z:\Projects\Smart-Farming\Datasets\final_combined_datasets\GLUE\LLS\GLUE_LLS_555.JPG,Groundnut,LLS,uncontrolled,f4b13a07fc9865e0,Leaf Spot
Z:\Projects\Smart-Farming\Datasets\final_combined_datasets\GLUE\LLS\GLUE_LLS_556.JPG,Groundnut,LLS,uncontrolled,fb9d2166f17c0344,Leaf Spot
Z:\Projects\Smart-Farming\Datasets\final_combined_datasets\GLUE\LLS\GLUE_LLS_557.JPG,Groundnut,LLS,uncontrolled,da480fe185d54dbc,Leaf Spot
Z:\Projects\Smart-Farming\Datasets\final_combined_datasets\GLUE\LLS\GLUE_LLS_558.JPG,Groundnut,LLS,uncontrolled,db626ec49072366e,Leaf Spot
Z:\Projects\Smart-Farming\Datasets\final_combined_datasets\GLUE\LLS\GLUE_LLS_559.JPG,Groundnut,LLS,uncontrolled,bc8768f7982007cf,Leaf Spot
Z:\Projects\Smart-Farming\Datasets\final_combined_datasets\GLUE\LLS\GLUE_LLS_560.JPG,Groundnut,LLS,uncontrolled,f19f634f80007e9e,Leaf Spot
Z:\Projects\Smart-Farming\Datasets\final_combined_datasets\GLUE\LLS\GLUE_LLS_561.JPG,Groundnut,LLS,uncontrolled,e8973605b8bcb89a,Leaf Spot
Z:\Projects\Smart-Farming\Datasets\final_combined_datasets\GLUE\LLS\GLUE_LLS_562.JPG,Groundnut,LLS,uncontrolled,91e23968fa70cb99,Leaf Spot
Z:\Projects\Smart-Farming\Datasets\final_combined_datasets\GLUE\LLS\GLUE_LLS_563.JPG,Groundnut,LLS,uncontrolled,e4ff7bbc45013228,Leaf Spot
Z:\Projects\Smart-Farming\Datasets\final_combined_datasets\GLUE\LLS\GLUE_LLS_564.JPG,Groundnut,LLS,uncontrolled,a097fa42e33c7c25,Leaf Spot
Z:\Projects\Smart-Farming\Datasets\final_combined_datasets\GLUE\LLS\GLUE_LLS_565.JPG,Groundnut,LLS,uncontrolled,d81e22c6fc9321f9,Leaf Spot
Z:\Projects\Smart-Farming\Datasets\final_combined_datasets\GLUE\LLS\GLUE_LLS_566.JPG,Groundnut,LLS,uncontrolled,c92db22a50485dff,Leaf Spot
Z:\Projects\Smart-Farming\Datasets\final_combined_datasets\GLUE\LLS\GLUE_LLS_567.JPG,Groundnut,LLS,uncontrolled,cf5e007df10732e8,Leaf Spot
Z:\Projects\Smart-Farming\Datasets\final_combined_datasets\GLUE\LLS\GLUE_LLS_568.JPG,Groundnut,LLS,uncontrolled,a1eb5834c9ce7c49,Leaf Spot
Z:\Projects\Smart-Farming\Datasets\final_combined_datasets\GLUE\LLS\GLUE_LLS_569.JPG,Groundnut,LLS,uncontrolled,cae915a54af7310b,Leaf Spot
Z:\Projects\Smart-Farming\Datasets\final_combined_datasets\GLUE\LLS\GLUE_LLS_570.JPG,Groundnut,LLS,uncontrolled,bbad38c24607d4ae,Leaf Spot
Z:\Projects\Smart-Farming\Datasets\final_combined_datasets\GLUE\LLS\GLUE_LLS_571.JPG,Groundnut,LLS,uncontrolled,fe63304a1b990f1e,Leaf Spot
Z:\Projects\Smart-Farming\Datasets\final_combined_datasets\GLUE\LLS\GLUE_LLS_572.JPG,Groundnut,LLS,uncontrolled,a2cf9843ae3ae61c,Leaf Spot
Z:\Projects\Smart-Farming\Datasets\final_combined_datasets\GLUE\LLS\GLUE_LLS_573.JPG,Groundnut,LLS,uncontrolled,d0c137ce98b2dc2d,Leaf Spot
Z:\Projects\Smart-Farming\Datasets\final_combined_datasets\GLUE\LLS\GLUE_LLS_574.JPG,Groundnut,LLS,uncontrolled,a398f2cef929c01b,Leaf Spot
Z:\Projects\Smart-Farming\Datasets\final_combined_datasets\GLUE\LLS\GLUE_LLS_575.JPG,Groundnut,LLS,uncontrolled,a3383683fcba2d4c,Leaf Spot
Z:\Projects\Smart-Farming\Datasets\final_combined_datasets\GLUE\LLS\GLUE_LLS_576.JPG,Groundnut,LLS,uncontrolled,98947b09e27b4735,Leaf Spot
Z:\Projects\Smart-Farming\Datasets\final_combined_datasets\GLUE\LLS\GLUE_LLS_577.JPG,Groundnut,LLS,uncontrolled,bde0b4298a27cdb4,Leaf Spot
Z:\Projects\Smart-Farming\Datasets\final_combined_datasets\GLUE\LLS\GLUE_LLS_578.JPG,Groundnut,LLS,uncontrolled,cd5e26c998fde402,Leaf Spot
Z:\Projects\Smart-Farming\Datasets\final_combined_datasets\GLUE\LLS\GLUE_LLS_579.JPG,Groundnut,LLS,uncontrolled,8730b6ed07d82f89,Leaf Spot
Z:\Projects\Smart-Farming\Datasets\final_combined_datasets\GLUE\LLS\GLUE_LLS_580.JPG,Groundnut,LLS,uncontrolled,e9c2273ac8e8ceb8,Leaf Spot
Z:\Projects\Smart-Farming\Datasets\final_combined_datasets\GLUE\LLS\GLUE_LLS_581.JPG,Groundnut,LLS,uncontrolled,87f13f90489f3f80,Leaf Spot
Z:\Projects\Smart-Farming\Datasets\final_combined_datasets\GLUE\LLS\GLUE_LLS_582.JPG,Groundnut,LLS,uncontrolled,9ebf0ebd260127e0,Leaf Spot
Z:\Projects\Smart-Farming\Datasets\final_combined_datasets\GLUE\LLS\GLUE_LLS_583.JPG,Groundnut,LLS,uncontrolled,83f0377bc1e4168e,Leaf Spot
Z:\Projects\Smart-Farming\Datasets\final_combined_datasets\GLUE\LLS\GLUE_LLS_584.JPG,Groundnut,LLS,uncontrolled,8dec7227b145d9e0,Leaf Spot
Z:\Projects\Smart-Farming\Datasets\final_combined_datasets\GLUE\LLS\GLUE_LLS_585.JPG,Groundnut,LLS,uncontrolled,81e0e262aa9b3e5f,Leaf Spot
Z:\Projects\Smart-Farming\Datasets\final_combined_datasets\GLUE\LLS\GLUE_LLS_586.JPG,Groundnut,LLS,uncontrolled,974f9741c3fc40c6,Leaf Spot
Z:\Projects\Smart-Farming\Datasets\final_combined_datasets\GLUE\LLS\GLUE_LLS_587.JPG,Groundnut,LLS,uncontrolled,db493b3100bb931f,Leaf Spot
Z:\Projects\Smart-Farming\Datasets\final_combined_datasets\GLUE\LLS\GLUE_LLS_588.JPG,Groundnut,LLS,uncontrolled,e1bd1761d409973c,Leaf Spot
Z:\Projects\Smart-Farming\Datasets\final_combined_datasets\GLUE\LLS\GLUE_LLS_589.JPG,Groundnut,LLS,uncontrolled,d8386707c8ad05f7,Leaf Spot
Z:\Projects\Smart-Farming\Datasets\final_combined_datasets\GLUE\LLS\GLUE_LLS_590.JPG,Groundnut,LLS,uncontrolled,d0ef3908ce634c1f,Leaf Spot
Z:\Projects\Smart-Farming\Datasets\final_combined_datasets\GLUE\LLS\GLUE_LLS_591.JPG,Groundnut,LLS,uncontrolled,fcd838300b8e769e,Leaf Spot
Z:\Projects\Smart-Farming\Datasets\final_combined_datasets\GLUE\LLS\GLUE_LLS_592.JPG,Groundnut,LLS,uncontrolled,e99c6266aecd8e82,Leaf Spot
Z:\Projects\Smart-Farming\Datasets\final_combined_datasets\GLUE\LLS\GLUE_LLS_593.JPG,Groundnut,LLS,uncontrolled,d638ec3778e11bc0,Leaf Spot
Z:\Projects\Smart-Farming\Datasets\final_combined_datasets\GLUE\LLS\GLUE_LLS_594.JPG,Groundnut,LLS,uncontrolled,dc3704c3f85ea970,Leaf Spot
Z:\Projects\Smart-Farming\Datasets\final_combined_datasets\GLUE\LLS\GLUE_LLS_595.JPG,Groundnut,LLS,uncontrolled,aaa5aa5d4952b5ca,Leaf Spot
Z:\Projects\Smart-Farming\Datasets\final_combined_datasets\GLUE\LLS\GLUE_LLS_596.JPG,Groundnut,LLS,uncontrolled,934c2573c19cecea,Leaf Spot
Z:\Projects\Smart-Farming\Datasets\final_combined_datasets\GLUE\LLS\GLUE_LLS_597.JPG,Groundnut,LLS,uncontrolled,a0153ac734ca72fd,Leaf Spot
Z:\Projects\Smart-Farming\Datasets\final_combined_datasets\GLUE\LLS\GLUE_LLS_598.JPG,Groundnut,LLS,uncontrolled,d3d7fcbc888883c1,Leaf Spot
Z:\Projects\Smart-Farming\Datasets\final_combined_datasets\GLUE\LLS\GLUE_LLS_599.JPG,Groundnut,LLS,uncontrolled,eacdd1a0fb7a2460,Leaf Spot
Z:\Projects\Smart-Farming\Datasets\final_combined_datasets\GLUE\LLS\GLUE_LLS_600.JPG,Groundnut,LLS,uncontrolled,cfd2bd99d80384ac,Leaf Spot
Z:\Projects\Smart-Farming\Datasets\final_combined_datasets\GLUE\LLS\GLUE_LLS_601.JPG,Groundnut,LLS,uncontrolled,ad476ace691e88ca,Leaf Spot
Z:\Projects\Smart-Farming\Datasets\final_combined_datasets\GLUE\LLS\GLUE_LLS_602.JPG,Groundnut,LLS,uncontrolled,8771f3de0aa71505,Leaf Spot
Z:\Projects\Smart-Farming\Datasets\final_combined_datasets\GLUE\LLS\GLUE_LLS_603.JPG,Groundnut,LLS,uncontrolled,d6a627f26010d2f7,Leaf Spot
Z:\Projects\Smart-Farming\Datasets\final_combined_datasets\GLUE\LLS\GLUE_LLS_604.JPG,Groundnut,LLS,uncontrolled,bed6e241a1347a8d,Leaf Spot
Z:\Projects\Smart-Farming\Datasets\final_combined_datasets\GLUE\LLS\GLUE_LLS_605.JPG,Groundnut,LLS,uncontrolled,bcf1268f74160e3a,Leaf Spot
Z:\Projects\Smart-Farming\Datasets\final_combined_datasets\GLUE\LLS\GLUE_LLS_606.JPG,Groundnut,LLS,uncontrolled,82be588736363d71,Leaf Spot
Z:\Projects\Smart-Farming\Datasets\final_combined_datasets\GLUE\LLS\GLUE_LLS_607.JPG,Groundnut,LLS,uncontrolled,b8cbc6411a15f8f9,Leaf Spot
Z:\Projects\Smart-Farming\Datasets\final_combined_datasets\GLUE\LLS\GLUE_LLS_608.JPG,Groundnut,LLS,uncontrolled,99353259a3bcf00f,Leaf Spot
Z:\Projects\Smart-Farming\Datasets\final_combined_datasets\GLUE\LLS\GLUE_LLS_609.JPG,Groundnut,LLS,uncontrolled,f203a73f43c10dae,Leaf Spot
Z:\Projects\Smart-Farming\Datasets\final_combined_datasets\GLUE\LLS\GLUE_LLS_610.JPG,Groundnut,LLS,uncontrolled,b2b1a27c83edf083,Leaf Spot
Z:\Projects\Smart-Farming\Datasets\final_combined_datasets\GLUE\LLS\GLUE_LLS_611.JPG,Groundnut,LLS,uncontrolled,d93708be13e5c199,Leaf Spot
Z:\Projects\Smart-Farming\Datasets\final_combined_datasets\GLUE\LLS\GLUE_LLS_612.JPG,Groundnut,LLS,uncontrolled,86f26882d568da9f,Leaf Spot
Z:\Projects\Smart-Farming\Datasets\final_combined_datasets\GLUE\LLS\GLUE_LLS_613.JPG,Groundnut,LLS,uncontrolled,95f562aa36c9c692,Leaf Spot
Z:\Projects\Smart-Farming\Datasets\final_combined_datasets\GLUE\LLS\GLUE_LLS_614.JPG,Groundnut,LLS,uncontrolled,9db724cb22b668e8,Leaf Spot
Z:\Projects\Smart-Farming\Datasets\final_combined_datasets\GLUE\LLS\GLUE_LLS_615.JPG,Groundnut,LLS,uncontrolled,adfb692f4264948c,Leaf Spot
Z:\Projects\Smart-Farming\Datasets\final_combined_datasets\GLUE\LLS\GLUE_LLS_616.JPG,Groundnut,LLS,uncontrolled,bbd1e2e693b42134,Leaf Spot
Z:\Projects\Smart-Farming\Datasets\final_combined_datasets\GLUE\LLS\GLUE_LLS_617.JPG,Groundnut,LLS,uncontrolled,be929d01a3e0a3ee,Leaf Spot
Z:\Projects\Smart-Farming\Datasets\final_combined_datasets\GLUE\LLS\GLUE_LLS_618.JPG,Groundnut,LLS,uncontrolled,bbc2f3e4e31ce404,Leaf Spot
Z:\Projects\Smart-Farming\Datasets\final_combined_datasets\GLUE\LLS\GLUE_LLS_619.JPG,Groundnut,LLS,uncontrolled,aa84d6617139ebb4,Leaf Spot
Z:\Projects\Smart-Farming\Datasets\final_combined_datasets\GLUE\LLS\GLUE_LLS_620.JPG,Groundnut,LLS,uncontrolled,c20078f617ed171f,Leaf Spot
Z:\Projects\Smart-Farming\Datasets\final_combined_datasets\GLUE\LLS\GLUE_LLS_621.JPG,Groundnut,LLS,uncontrolled,9e684ab790ba1f38,Leaf Spot
Z:\Projects\Smart-Farming\Datasets\final_combined_datasets\GLUE\LLS\GLUE_LLS_622.JPG,Groundnut,LLS,uncontrolled,8a456a4f9df0f710,Leaf Spot
Z:\Projects\Smart-Farming\Datasets\final_combined_datasets\GLUE\LLS\GLUE_LLS_623.JPG,Groundnut,LLS,uncontrolled,a90836c1c3bfdc71,Leaf Spot
Z:\Projects\Smart-Farming\Datasets\final_combined_datasets\GLUE\LLS\GLUE_LLS_624.JPG,Groundnut,LLS,uncontrolled,85fccd08d3f91233,Leaf Spot
Z:\Projects\Smart-Farming\Datasets\final_combined_datasets\GLUE\LLS\GLUE_LLS_625.JPG,Groundnut,LLS,uncontrolled,bb097bc804737533,Leaf Spot
Z:\Projects\Smart-Farming\Datasets\final_combined_datasets\GLUE\LLS\GLUE_LLS_626.JPG,Groundnut,LLS,uncontrolled,8baab4698474fae1,Leaf Spot
Z:\Projects\Smart-Farming\Datasets\final_combined_datasets\GLUE\LLS\GLUE_LLS_627.JPG,Groundnut,LLS,uncontrolled,d8b8e4e09b2f1279,Leaf Spot
Z:\Projects\Smart-Farming\Datasets\final_combined_datasets\GLUE\LLS\GLUE_LLS_628.JPG,Groundnut,LLS,uncontrolled,f91bbf54b52094a1,Leaf Spot
Z:\Projects\Smart-Farming\Datasets\final_combined_datasets\GLUE\LLS\GLUE_LLS_629.JPG,Groundnut,LLS,uncontrolled,b47917a338a788cd,Leaf Spot
Z:\Projects\Smart-Farming\Datasets\final_combined_datasets\GLUE\LLS\GLUE_LLS_630.JPG,Groundnut,LLS,uncontrolled,8c73b687230ceb95,Leaf Spot
Z:\Projects\Smart-Farming\Datasets\final_combined_datasets\GLUE\LLS\GLUE_LLS_631.JPG,Groundnut,LLS,uncontrolled,c25fd20cb1a5ace3,Leaf Spot
Z:\Projects\Smart-Farming\Datasets\final_combined_datasets\GLUE\LLS\GLUE_LLS_632.JPG,Groundnut,LLS,uncontrolled,883f5358c30d7ae3,Leaf Spot
Z:\Projects\Smart-Farming\Datasets\final_combined_datasets\GLUE\LLS\GLUE_LLS_633.JPG,Groundnut,LLS,uncontrolled,c63368d9bcc216f1,Leaf Spot
Z:\Projects\Smart-Farming\Datasets\final_combined_datasets\GLUE\LLS\GLUE_LLS_634.JPG,Groundnut,LLS,uncontrolled,c8be66eb9e0d820d,Leaf Spot
Z:\Projects\Smart-Farming\Datasets\final_combined_datasets\GLUE\LLS\GLUE_LLS_635.JPG,Groundnut,LLS,uncontrolled,f1033c6718f2b786,Leaf Spot
Z:\Projects\Smart-Farming\Datasets\final_combined_datasets\GLUE\LLS\GLUE_LLS_636.JPG,Groundnut,LLS,uncontrolled,e9c1449ec8a9b87e,Leaf Spot
Z:\Projects\Smart-Farming\Datasets\final_combined_datasets\GLUE\LLS\GLUE_LLS_637.JPG,Groundnut,LLS,uncontrolled,e38f4696ba031eb4,Leaf Spot
Z:\Projects\Smart-Farming\Datasets\final_combined_datasets\GLUE\LLS\GLUE_LLS_638.JPG,Groundnut,LLS,uncontrolled,c2b06ee33ce6698c,Leaf Spot
Z:\Projects\Smart-Farming\Datasets\final_combined_datasets\GLUE\LLS\GLUE_LLS_639.JPG,Groundnut,LLS,uncontrolled,938d0e9d710396db,Leaf Spot
Z:\Projects\Smart-Farming\Datasets\final_combined_datasets\GLUE\LLS\GLUE_LLS_640.JPG,Groundnut,LLS,uncontrolled,af32946a8ae39da4,Leaf Spot
Z:\Projects\Smart-Farming\Datasets\final_combined_datasets\GLUE\LLS\GLUE_LLS_641.JPG,Groundnut,LLS,uncontrolled,d587c6db869b1cc0,Leaf Spot
Z:\Projects\Smart-Farming\Datasets\final_combined_datasets\GLUE\LLS\GLUE_LLS_642.JPG,Groundnut,LLS,uncontrolled,8318bfb48be45a95,Leaf Spot
Z:\Projects\Smart-Farming\Datasets\final_combined_datasets\GLUE\LLS\GLUE_LLS_643.JPG,Groundnut,LLS,uncontrolled,e318e6e531d78931,Leaf Spot
Z:\Projects\Smart-Farming\Datasets\final_combined_datasets\GLUE\LLS\GLUE_LLS_644.JPG,Groundnut,LLS,uncontrolled,98e0dcb91b5a5947,Leaf Spot
Z:\Projects\Smart-Farming\Datasets\final_combined_datasets\GLUE\LLS\GLUE_LLS_645.JPG,Groundnut,LLS,uncontrolled,a91ef3ac4b54ba41,Leaf Spot
Z:\Projects\Smart-Farming\Datasets\final_combined_datasets\GLUE\LLS\GLUE_LLS_646.JPG,Groundnut,LLS,uncontrolled,a4b74ea67400af5d,Leaf Spot
Z:\Projects\Smart-Farming\Datasets\final_combined_datasets\GLUE\LLS\GLUE_LLS_647.JPG,Groundnut,LLS,uncontrolled,a6c4eba91149a7e6,Leaf Spot
Z:\Projects\Smart-Farming\Datasets\final_combined_datasets\GLUE\LLS\GLUE_LLS_648.JPG,Groundnut,LLS,uncontrolled,aa6c13f4cf2ca2d4,Leaf Spot
Z:\Projects\Smart-Farming\Datasets\final_combined_datasets\GLUE\LLS\GLUE_LLS_649.JPG,Groundnut,LLS,uncontrolled,b5c701daf1d20b1e,Leaf Spot
Z:\Projects\Smart-Farming\Datasets\final_combined_datasets\GLUE\LLS\GLUE_LLS_650.JPG,Groundnut,LLS,uncontrolled,f824e6da82dab8d8,Leaf Spot
Z:\Projects\Smart-Farming\Datasets\final_combined_datasets\GLUE\LLS\GLUE_LLS_651.JPG,Groundnut,LLS,uncontrolled,bdcf8040bf6ca16a,Leaf Spot
Z:\Projects\Smart-Farming\Datasets\final_combined_datasets\GLUE\LLS\GLUE_LLS_652.JPG,Groundnut,LLS,uncontrolled,c8f9d4f5220d265d,Leaf Spot
Z:\Projects\Smart-Farming\Datasets\final_combined_datasets\GLUE\LLS\GLUE_LLS_653.JPG,Groundnut,LLS,uncontrolled,bbd19c1623f1062f,Leaf Spot
Z:\Projects\Smart-Farming\Datasets\final_combined_datasets\GLUE\LLS\GLUE_LLS_654.JPG,Groundnut,LLS,uncontrolled,8bf9d6869b462398,Leaf Spot
Z:\Projects\Smart-Farming\Datasets\final_combined_datasets\GLUE\LLS\GLUE_LLS_655.JPG,Groundnut,LLS,uncontrolled,8ac0a9f516d533da,Leaf Spot
Z:\Projects\Smart-Farming\Datasets\final_combined_datasets\GLUE\LLS\GLUE_LLS_656.JPG,Groundnut,LLS,uncontrolled,89daac8055baf1b6,Leaf Spot
Z:\Projects\Smart-Farming\Datasets\final_combined_datasets\GLUE\LLS\GLUE_LLS_657.JPG,Groundnut,LLS,uncontrolled,b83c22a853bd3ee1,Leaf Spot
Z:\Projects\Smart-Farming\Datasets\final_combined_datasets\GLUE\LLS\GLUE_LLS_658.JPG,Groundnut,LLS,uncontrolled,99187c47ee38dcc1,Leaf Spot
Z:\Projects\Smart-Farming\Datasets\final_combined_datasets\GLUE\LLS\GLUE_LLS_659.JPG,Groundnut,LLS,uncontrolled,9d5a9235aee6c426,Leaf Spot
Z:\Projects\Smart-Farming\Datasets\final_combined_datasets\GLUE\LLS\GLUE_LLS_660.JPG,Groundnut,LLS,uncontrolled,8a365707d3349af4,Leaf Spot
Z:\Projects\Smart-Farming\Datasets\final_combined_datasets\GLUE\LLS\GLUE_LLS_661.JPG,Groundnut,LLS,uncontrolled,bc063ce70cfdc443,Leaf Spot
Z:\Projects\Smart-Farming\Datasets\final_combined_datasets\GLUE\LLS\GLUE_LLS_662.JPG,Groundnut,LLS,uncontrolled,b54d4a0a7463a8fd,Leaf Spot
Z:\Projects\Smart-Farming\Datasets\final_combined_datasets\GLUE\LLS\GLUE_LLS_663.JPG,Groundnut,LLS,uncontrolled,814c74e22c975ddb,Leaf Spot
Z:\Projects\Smart-Farming\Datasets\final_combined_datasets\GLUE\LLS\GLUE_LLS_664.JPG,Groundnut,LLS,uncontrolled,9ff931a281161db3,Leaf Spot
Z:\Projects\Smart-Farming\Datasets\final_combined_datasets\GLUE\LLS\GLUE_LLS_665.JPG,Groundnut,LLS,uncontrolled,e941535f608176cf,Leaf Spot
Z:\Projects\Smart-Farming\Datasets\final_combined_datasets\GLUE\LLS\GLUE_LLS_666.JPG,Groundnut,LLS,uncontrolled,9d452b7a50c64bdc,Leaf Spot
Z:\Projects\Smart-Farming\Datasets\final_combined_datasets\GLUE\LLS\GLUE_LLS_667.JPG,Groundnut,LLS,uncontrolled,cfa867c750e89aa8,Leaf Spot
Z:\Projects\Smart-Farming\Datasets\final_combined_datasets\GLUE\LLS\GLUE_LLS_668.JPG,Groundnut,LLS,uncontrolled,fcf3102c9c8e3a39,Leaf Spot
Z:\Projects\Smart-Farming\Datasets\final_combined_datasets\GLUE\LLS\GLUE_LLS_669.JPG,Groundnut,LLS,uncontrolled,ede1b6929fa0112e,Leaf Spot
Z:\Projects\Smart-Farming\Datasets\final_combined_datasets\GLUE\LLS\GLUE_LLS_670.JPG,Groundnut,LLS,uncontrolled,f8f31e2683c93da0,Leaf Spot
Z:\Projects\Smart-Farming\Datasets\final_combined_datasets\GLUE\LLS\GLUE_LLS_671.JPG,Groundnut,LLS,uncontrolled,dea02cca41f0be5e,Leaf Spot
Z:\Projects\Smart-Farming\Datasets\final_combined_datasets\GLUE\LLS\GLUE_LLS_672.JPG,Groundnut,LLS,uncontrolled,83caf0f73cc78381,Leaf Spot
Z:\Projects\Smart-Farming\Datasets\final_combined_datasets\GLUE\LLS\GLUE_LLS_673.JPG,Groundnut,LLS,uncontrolled,edead210a3f3d086,Leaf Spot
Z:\Projects\Smart-Farming\Datasets\final_combined_datasets\GLUE\LLS\GLUE_LLS_674.JPG,Groundnut,LLS,uncontrolled,ced986bc81eaf980,Leaf Spot
Z:\Projects\Smart-Farming\Datasets\final_combined_datasets\GLUE\LLS\GLUE_LLS_675.JPG,Groundnut,LLS,uncontrolled,e9e8bd9c94750516,Leaf Spot
Z:\Projects\Smart-Farming\Datasets\final_combined_datasets\GLUE\LLS\GLUE_LLS_676.JPG,Groundnut,LLS,uncontrolled,f5c5afa0ce2b7003,Leaf Spot
Z:\Projects\Smart-Farming\Datasets\final_combined_datasets\GLUE\LLS\GLUE_LLS_677.JPG,Groundnut,LLS,uncontrolled,cc966562a80edaed,Leaf Spot
Z:\Projects\Smart-Farming\Datasets\final_combined_datasets\GLUE\LLS\GLUE_LLS_678.JPG,Groundnut,LLS,uncontrolled,f19b25fc810c22bf,Leaf Spot
Z:\Projects\Smart-Farming\Datasets\final_combined_datasets\GLUE\LLS\GLUE_LLS_679.JPG,Groundnut,LLS,uncontrolled,8df692b4a20e69b6,Leaf Spot
Z:\Projects\Smart-Farming\Datasets\final_combined_datasets\GLUE\LLS\GLUE_LLS_680.JPG,Groundnut,LLS,uncontrolled,dddeae05f8720894,Leaf Spot
Z:\Projects\Smart-Farming\Datasets\final_combined_datasets\GLUE\LLS\GLUE_LLS_681.JPG,Groundnut,LLS,uncontrolled,d234f2cb23d62959,Leaf Spot
Z:\Projects\Smart-Farming\Datasets\final_combined_datasets\GLUE\LLS\GLUE_LLS_682.JPG,Groundnut,LLS,uncontrolled,e1c0177fa0a3532f,Leaf Spot
Z:\Projects\Smart-Farming\Datasets\final_combined_datasets\GLUE\LLS\GLUE_LLS_683.JPG,Groundnut,LLS,uncontrolled,adc138f0847a7ae9,Leaf Spot
Z:\Projects\Smart-Farming\Datasets\final_combined_datasets\GLUE\LLS\GLUE_LLS_684.JPG,Groundnut,LLS,uncontrolled,b53632994cd35a99,Leaf Spot
Z:\Projects\Smart-Farming\Datasets\final_combined_datasets\GLUE\LLS\GLUE_LLS_685.JPG,Groundnut,LLS,uncontrolled,c599f2e103de0fc2,Leaf Spot
Z:\Projects\Smart-Farming\Datasets\final_combined_datasets\GLUE\LLS\GLUE_LLS_686.JPG,Groundnut,LLS,uncontrolled,83b8976036ded833,Leaf Spot
Z:\Projects\Smart-Farming\Datasets\final_combined_datasets\GLUE\LLS\GLUE_LLS_687.JPG,Groundnut,LLS,uncontrolled,ccf66b9b600fc10e,Leaf Spot
Z:\Projects\Smart-Farming\Datasets\final_combined_datasets\GLUE\LLS\GLUE_LLS_688.JPG,Groundnut,LLS,uncontrolled,c8b2ea25be0de5a4,Leaf Spot
Z:\Projects\Smart-Farming\Datasets\final_combined_datasets\GLUE\LLS\GLUE_LLS_689.JPG,Groundnut,LLS,uncontrolled,b28f586cea1d38e1,Leaf Spot
Z:\Projects\Smart-Farming\Datasets\final_combined_datasets\GLUE\LLS\GLUE_LLS_690.JPG,Groundnut,LLS,uncontrolled,9b1a6995827ae6b8,Leaf Spot
Z:\Projects\Smart-Farming\Datasets\final_combined_datasets\GLUE\LLS\GLUE_LLS_691.JPG,Groundnut,LLS,uncontrolled,8d5df31122a392cf,Leaf Spot
Z:\Projects\Smart-Farming\Datasets\final_combined_datasets\GLUE\LLS\GLUE_LLS_692.jpg,Groundnut,LLS,uncontrolled,c9ce2a31a5a66d9c,Leaf Spot
Z:\Projects\Smart-Farming\Datasets\final_combined_datasets\GLUE\LLS\GLUE_LLS_693.jpg,Groundnut,LLS,uncontrolled,82a2725f8f74d26a,Leaf Spot
Z:\Projects\Smart-Farming\Datasets\final_combined_datasets\GLUE\LLS\GLUE_LLS_694.jpg,Groundnut,LLS,uncontrolled,dba48e21406ff98d,Leaf Spot
Z:\Projects\Smart-Farming\Datasets\final_combined_datasets\GLUE\LLS\GLUE_LLS_695.jpg,Groundnut,LLS,uncontrolled,e6d4f987b2460cb1,Leaf Spot
Z:\Projects\Smart-Farming\Datasets\final_combined_datasets\GLUE\LLS\GLUE_LLS_696.jpg,Groundnut,LLS,uncontrolled,ffa520634288de9e,Leaf Spot
Z:\Projects\Smart-Farming\Datasets\final_combined_datasets\GLUE\LLS\GLUE_LLS_697.jpg,Groundnut,LLS,uncontrolled,d97a813e6f8410f9,Leaf Spot
Z:\Projects\Smart-Farming\Datasets\final_combined_datasets\GLUE\LLS\GLUE_LLS_004.JPG,Groundnut,LLS,uncontrolled,c92b696e4a745cd4,Leaf Spot
Z:\Projects\Smart-Farming\Datasets\final_combined_datasets\GLUE\LLS\GLUE_LLS_005.JPG,Groundnut,LLS,uncontrolled,d90ab46998067fb3,Leaf Spot
Z:\Projects\Smart-Farming\Datasets\final_combined_datasets\GLUE\LLS\GLUE_LLS_006.JPG,Groundnut,LLS,uncontrolled,c5a1216d9a6fb90e,Leaf Spot
Z:\Projects\Smart-Farming\Datasets\final_combined_datasets\GLUE\LLS\GLUE_LLS_007.JPG,Groundnut,LLS,uncontrolled,fc182e4259fc0edc,Leaf Spot
Z:\Projects\Smart-Farming\Datasets\final_combined_datasets\GLUE\LLS\GLUE_LLS_008.JPG,Groundnut,LLS,uncontrolled,8b8037f52a4b66e9,Leaf Spot
Z:\Projects\Smart-Farming\Datasets\final_combined_datasets\GLUE\LLS\GLUE_LLS_009.JPG,Groundnut,LLS,uncontrolled,bbe233d93892263c,Leaf Spot
Z:\Projects\Smart-Farming\Datasets\final_combined_datasets\GLUE\LLS\GLUE_LLS_010.JPG,Groundnut,LLS,uncontrolled,cfdc328db89b206a,Leaf Spot
Z:\Projects\Smart-Farming\Datasets\final_combined_datasets\GLUE\LLS\GLUE_LLS_011.JPG,Groundnut,LLS,uncontrolled,cbd0b6d928923cf8,Leaf Spot
Z:\Projects\Smart-Farming\Datasets\final_combined_datasets\GLUE\LLS\GLUE_LLS_012.JPG,Groundnut,LLS,uncontrolled,caa6f12386fcc658,Leaf Spot
Z:\Projects\Smart-Farming\Datasets\final_combined_datasets\GLUE\LLS\GLUE_LLS_013.JPG,Groundnut,LLS,uncontrolled,d6f9258fdc360d40,Leaf Spot
Z:\Projects\Smart-Farming\Datasets\final_combined_datasets\GLUE\LLS\GLUE_LLS_014.JPG,Groundnut,LLS,uncontrolled,caa27b22ced90af4,Leaf Spot
Z:\Projects\Smart-Farming\Datasets\final_combined_datasets\GLUE\LLS\GLUE_LLS_015.JPG,Groundnut,LLS,uncontrolled,d8a07d2394ac9bf4,Leaf Spot
Z:\Projects\Smart-Farming\Datasets\final_combined_datasets\GLUE\LLS\GLUE_LLS_016.JPG,Groundnut,LLS,uncontrolled,c025e7d35d1ae493,Leaf Spot
Z:\Projects\Smart-Farming\Datasets\final_combined_datasets\GLUE\LLS\GLUE_LLS_017.JPG,Groundnut,LLS,uncontrolled,ca827dff082467f0,Leaf Spot
Z:\Projects\Smart-Farming\Datasets\final_combined_datasets\GLUE\LLS\GLUE_LLS_018.JPG,Groundnut,LLS,uncontrolled,a0b0f163fde90770,Leaf Spot
Z:\Projects\Smart-Farming\Datasets\final_combined_datasets\GLUE\LLS\GLUE_LLS_019.JPG,Groundnut,LLS,uncontrolled,bf2af7722cd3b000,Leaf Spot
Z:\Projects\Smart-Farming\Datasets\final_combined_datasets\GLUE\LLS\GLUE_LLS_020.JPG,Groundnut,LLS,uncontrolled,db80b2ba940397fc,Leaf Spot
Z:\Projects\Smart-Farming\Datasets\final_combined_datasets\GLUE\LLS\GLUE_LLS_021.JPG,Groundnut,LLS,uncontrolled,c8b86c748afe159c,Leaf Spot
Z:\Projects\Smart-Farming\Datasets\final_combined_datasets\GLUE\LLS\GLUE_LLS_022.JPG,Groundnut,LLS,uncontrolled,dce9023be1da9558,Leaf Spot
Z:\Projects\Smart-Farming\Datasets\final_combined_datasets\GLUE\LLS\GLUE_LLS_023.JPG,Groundnut,LLS,uncontrolled,c9b74e74d802d1a7,Leaf Spot
Z:\Projects\Smart-Farming\Datasets\final_combined_datasets\GLUE\LLS\GLUE_LLS_024.JPG,Groundnut,LLS,uncontrolled,cd50b6ad785019db,Leaf Spot
Z:\Projects\Smart-Farming\Datasets\final_combined_datasets\GLUE\LLS\GLUE_LLS_025.JPG,Groundnut,LLS,uncontrolled,cb6d7219ce4ac466,Leaf Spot
Z:\Projects\Smart-Farming\Datasets\final_combined_datasets\GLUE\LLS\GLUE_LLS_026.JPG,Groundnut,LLS,uncontrolled,d848f46c4f06f0fc,Leaf Spot
Z:\Projects\Smart-Farming\Datasets\final_combined_datasets\GLUE\LLS\GLUE_LLS_027.JPG,Groundnut,LLS,uncontrolled,e43572e4a90de93a,Leaf Spot
Z:\Projects\Smart-Farming\Datasets\final_combined_datasets\GLUE\LLS\GLUE_LLS_028.JPG,Groundnut,LLS,uncontrolled,e412134af8e932df,Leaf Spot
Z:\Projects\Smart-Farming\Datasets\final_combined_datasets\GLUE\LLS\GLUE_LLS_029.JPG,Groundnut,LLS,uncontrolled,95f2658eab18e668,Leaf Spot
Z:\Projects\Smart-Farming\Datasets\final_combined_datasets\GLUE\LLS\GLUE_LLS_030.JPG,Groundnut,LLS,uncontrolled,9d62cfb423c99b0c,Leaf Spot
Z:\Projects\Smart-Farming\Datasets\final_combined_datasets\GLUE\LLS\GLUE_LLS_031.JPG,Groundnut,LLS,uncontrolled,bac54ed88cb1399a,Leaf Spot
Z:\Projects\Smart-Farming\Datasets\final_combined_datasets\GLUE\LLS\GLUE_LLS_032.JPG,Groundnut,LLS,uncontrolled,d71b6ca2ac1ff801,Leaf Spot
Z:\Projects\Smart-Farming\Datasets\final_combined_datasets\GLUE\LLS\GLUE_LLS_033.JPG,Groundnut,LLS,uncontrolled,9bbfb664e302e850,Leaf Spot
Z:\Projects\Smart-Farming\Datasets\final_combined_datasets\GLUE\LLS\GLUE_LLS_034.JPG,Groundnut,LLS,uncontrolled,c09937478f338d69,Leaf Spot
Z:\Projects\Smart-Farming\Datasets\final_combined_datasets\GLUE\LLS\GLUE_LLS_035.JPG,Groundnut,LLS,uncontrolled,c98932b8df2f007b,Leaf Spot
Z:\Projects\Smart-Farming\Datasets\final_combined_datasets\GLUE\LLS\GLUE_LLS_036.JPG,Groundnut,LLS,uncontrolled,971668560df05de9,Leaf Spot
Z:\Projects\Smart-Farming\Datasets\final_combined_datasets\GLUE\LLS\GLUE_LLS_037.JPG,Groundnut,LLS,uncontrolled,8428fd08fa4fb5e8,Leaf Spot
Z:\Projects\Smart-Farming\Datasets\final_combined_datasets\GLUE\LLS\GLUE_LLS_038.JPG,Groundnut,LLS,uncontrolled,ac192ce179f6d682,Leaf Spot
Z:\Projects\Smart-Farming\Datasets\final_combined_datasets\GLUE\LLS\GLUE_LLS_039.JPG,Groundnut,LLS,uncontrolled,80897924daf5fd0b,Leaf Spot
Z:\Projects\Smart-Farming\Datasets\final_combined_datasets\GLUE\LLS\GLUE_LLS_040.JPG,Groundnut,LLS,uncontrolled,f1c43650fac10ded,Leaf Spot
Z:\Projects\Smart-Farming\Datasets\final_combined_datasets\GLUE\LLS\GLUE_LLS_041.JPG,Groundnut,LLS,uncontrolled,8d242377476be4d2,Leaf Spot
Z:\Projects\Smart-Farming\Datasets\final_combined_datasets\GLUE\LLS\GLUE_LLS_042.JPG,Groundnut,LLS,uncontrolled,d9307162f06da27b,Leaf Spot
Z:\Projects\Smart-Farming\Datasets\final_combined_datasets\GLUE\LLS\GLUE_LLS_043.JPG,Groundnut,LLS,uncontrolled,d9ae3a8f3016d255,Leaf Spot
Z:\Projects\Smart-Farming\Datasets\final_combined_datasets\GLUE\LLS\GLUE_LLS_044.JPG,Groundnut,LLS,uncontrolled,f4342c1381f89cef,Leaf Spot
Z:\Projects\Smart-Farming\Datasets\final_combined_datasets\GLUE\LLS\GLUE_LLS_045.JPG,Groundnut,LLS,uncontrolled,db79b46783e081d2,Leaf Spot
Z:\Projects\Smart-Farming\Datasets\final_combined_datasets\GLUE\LLS\GLUE_LLS_046.JPG,Groundnut,LLS,uncontrolled,ca832670d2837dfa,Leaf Spot
Z:\Projects\Smart-Farming\Datasets\final_combined_datasets\GLUE\LLS\GLUE_LLS_047.JPG,Groundnut,LLS,uncontrolled,cad36cf6dc86890c,Leaf Spot
Z:\Projects\Smart-Farming\Datasets\final_combined_datasets\GLUE\LLS\GLUE_LLS_048.JPG,Groundnut,LLS,uncontrolled,fa9e26119c370dc6,Leaf Spot
Z:\Projects\Smart-Farming\Datasets\final_combined_datasets\GLUE\LLS\GLUE_LLS_049.JPG,Groundnut,LLS,uncontrolled,9f489f78c639641c,Leaf Spot
Z:\Projects\Smart-Farming\Datasets\final_combined_datasets\GLUE\LLS\GLUE_LLS_050.JPG,Groundnut,LLS,uncontrolled,9bd81a760d37841f,Leaf Spot
Z:\Projects\Smart-Farming\Datasets\final_combined_datasets\GLUE\LLS\GLUE_LLS_051.JPG,Groundnut,LLS,uncontrolled,dc237ee0063f70c3,Leaf Spot
Z:\Projects\Smart-Farming\Datasets\final_combined_datasets\GLUE\LLS\GLUE_LLS_052.JPG,Groundnut,LLS,uncontrolled,9d217092a6f573aa,Leaf Spot
Z:\Projects\Smart-Farming\Datasets\final_combined_datasets\GLUE\LLS\GLUE_LLS_053.JPG,Groundnut,LLS,uncontrolled,d8cc73b54f12e419,Leaf Spot
Z:\Projects\Smart-Farming\Datasets\final_combined_datasets\GLUE\LLS\GLUE_LLS_054.JPG,Groundnut,LLS,uncontrolled,cce1e309a5d266ea,Leaf Spot
Z:\Projects\Smart-Farming\Datasets\final_combined_datasets\GLUE\LLS\GLUE_LLS_055.JPG,Groundnut,LLS,uncontrolled,8385564f964ddab4,Leaf Spot
Z:\Projects\Smart-Farming\Datasets\final_combined_datasets\GLUE\LLS\GLUE_LLS_056.JPG,Groundnut,LLS,uncontrolled,c7f46788d44b3239,Leaf Spot
Z:\Projects\Smart-Farming\Datasets\final_combined_datasets\GLUE\LLS\GLUE_LLS_057.JPG,Groundnut,LLS,uncontrolled,d718f2c8c98d6d07,Leaf Spot
Z:\Projects\Smart-Farming\Datasets\final_combined_datasets\GLUE\LLS\GLUE_LLS_058.JPG,Groundnut,LLS,uncontrolled,9424f39e59c62f32,Leaf Spot
Z:\Projects\Smart-Farming\Datasets\final_combined_datasets\GLUE\LLS\GLUE_LLS_059.JPG,Groundnut,LLS,uncontrolled,bfc0a41add65f007,Leaf Spot
Z:\Projects\Smart-Farming\Datasets\final_combined_datasets\GLUE\LLS\GLUE_LLS_060.JPG,Groundnut,LLS,uncontrolled,a85a42fe3c63d9a4,Leaf Spot
Z:\Projects\Smart-Farming\Datasets\final_combined_datasets\GLUE\LLS\GLUE_LLS_061.JPG,Groundnut,LLS,uncontrolled,f87c37c609a0fa92,Leaf Spot
Z:\Projects\Smart-Farming\Datasets\final_combined_datasets\GLUE\LLS\GLUE_LLS_062.JPG,Groundnut,LLS,uncontrolled,c4fb2e2318363576,Leaf Spot
Z:\Projects\Smart-Farming\Datasets\final_combined_datasets\GLUE\LLS\GLUE_LLS_063.JPG,Groundnut,LLS,uncontrolled,cba6751083bb51ce,Leaf Spot
Z:\Projects\Smart-Farming\Datasets\final_combined_datasets\GLUE\LLS\GLUE_LLS_064.JPG,Groundnut,LLS,uncontrolled,ad514a936c96936d,Leaf Spot
Z:\Projects\Smart-Farming\Datasets\final_combined_datasets\GLUE\LLS\GLUE_LLS_065.JPG,Groundnut,LLS,uncontrolled,b34d70f78690718b,Leaf Spot
Z:\Projects\Smart-Farming\Datasets\final_combined_datasets\GLUE\LLS\GLUE_LLS_066.JPG,Groundnut,LLS,uncontrolled,80c55e6cc61a6ef5,Leaf Spot
Z:\Projects\Smart-Farming\Datasets\final_combined_datasets\GLUE\LLS\GLUE_LLS_067.JPG,Groundnut,LLS,uncontrolled,8d7386f289acf21c,Leaf Spot
Z:\Projects\Smart-Farming\Datasets\final_combined_datasets\GLUE\LLS\GLUE_LLS_068.JPG,Groundnut,LLS,uncontrolled,b65c729a8fe93888,Leaf Spot
Z:\Projects\Smart-Farming\Datasets\final_combined_datasets\GLUE\LLS\GLUE_LLS_069.JPG,Groundnut,LLS,uncontrolled,c1b8610ccdf3cd1b,Leaf Spot
Z:\Projects\Smart-Farming\Datasets\final_combined_datasets\GLUE\LLS\GLUE_LLS_070.JPG,Groundnut,LLS,uncontrolled,ff2860070dd755e1,Leaf Spot
Z:\Projects\Smart-Farming\Datasets\final_combined_datasets\GLUE\LLS\GLUE_LLS_071.JPG,Groundnut,LLS,uncontrolled,fc3dba546aa53038,Leaf Spot
Z:\Projects\Smart-Farming\Datasets\final_combined_datasets\GLUE\LLS\GLUE_LLS_072.JPG,Groundnut,LLS,uncontrolled,cd1d46f45c07708f,Leaf Spot
Z:\Projects\Smart-Farming\Datasets\final_combined_datasets\GLUE\LLS\GLUE_LLS_073.JPG,Groundnut,LLS,uncontrolled,890633b2a1cbd7b3,Leaf Spot
Z:\Projects\Smart-Farming\Datasets\final_combined_datasets\GLUE\LLS\GLUE_LLS_074.JPG,Groundnut,LLS,uncontrolled,c81e7a6b2ba9c43c,Leaf Spot
Z:\Projects\Smart-Farming\Datasets\final_combined_datasets\GLUE\LLS\GLUE_LLS_075.JPG,Groundnut,LLS,uncontrolled,80c2773f7dac5a44,Leaf Spot
Z:\Projects\Smart-Farming\Datasets\final_combined_datasets\GLUE\LLS\GLUE_LLS_076.JPG,Groundnut,LLS,uncontrolled,9cba3061f23ce64b,Leaf Spot
Z:\Projects\Smart-Farming\Datasets\final_combined_datasets\GLUE\LLS\GLUE_LLS_077.JPG,Groundnut,LLS,uncontrolled,e1bc7e07428d94f8,Leaf Spot
Z:\Projects\Smart-Farming\Datasets\final_combined_datasets\GLUE\LLS\GLUE_LLS_078.JPG,Groundnut,LLS,uncontrolled,adac7af41cad050b,Leaf Spot
Z:\Projects\Smart-Farming\Datasets\final_combined_datasets\GLUE\LLS\GLUE_LLS_079.JPG,Groundnut,LLS,uncontrolled,ca29f0b1161c6cfb,Leaf Spot
Z:\Projects\Smart-Farming\Datasets\final_combined_datasets\GLUE\LLS\GLUE_LLS_080.JPG,Groundnut,LLS,uncontrolled,9daf3580f2b40765,Leaf Spot
Z:\Projects\Smart-Farming\Datasets\final_combined_datasets\GLUE\LLS\GLUE_LLS_081.JPG,Groundnut,LLS,uncontrolled,9cf3730c191d5cc9,Leaf Spot
Z:\Projects\Smart-Farming\Datasets\final_combined_datasets\GLUE\LLS\GLUE_LLS_082.JPG,Groundnut,LLS,uncontrolled,9d92fac4998ec853,Leaf Spot
Z:\Projects\Smart-Farming\Datasets\final_combined_datasets\GLUE\LLS\GLUE_LLS_083.JPG,Groundnut,LLS,uncontrolled,9c90734b83fd1ae1,Leaf Spot
Z:\Projects\Smart-Farming\Datasets\final_combined_datasets\GLUE\LLS\GLUE_LLS_084.JPG,Groundnut,LLS,uncontrolled,80dfe1c01ed8bad3,Leaf Spot
Z:\Projects\Smart-Farming\Datasets\final_combined_datasets\GLUE\LLS\GLUE_LLS_085.JPG,Groundnut,LLS,uncontrolled,c6bb74a106f314f1,Leaf Spot
Z:\Projects\Smart-Farming\Datasets\final_combined_datasets\GLUE\LLS\GLUE_LLS_086.JPG,Groundnut,LLS,uncontrolled,dbb8309f2513c9e4,Leaf Spot
Z:\Projects\Smart-Farming\Datasets\final_combined_datasets\GLUE\LLS\GLUE_LLS_087.JPG,Groundnut,LLS,uncontrolled,d227170eaeac3c5c,Leaf Spot
Z:\Projects\Smart-Farming\Datasets\final_combined_datasets\GLUE\LLS\GLUE_LLS_088.JPG,Groundnut,LLS,uncontrolled,899339be5e31b720,Leaf Spot
Z:\Projects\Smart-Farming\Datasets\final_combined_datasets\GLUE\LLS\GLUE_LLS_089.JPG,Groundnut,LLS,uncontrolled,d81532e352d6d87a,Leaf Spot
Z:\Projects\Smart-Farming\Datasets\final_combined_datasets\GLUE\LLS\GLUE_LLS_090.JPG,Groundnut,LLS,uncontrolled,99cc77b160534b47,Leaf Spot
Z:\Projects\Smart-Farming\Datasets\final_combined_datasets\GLUE\LLS\GLUE_LLS_091.JPG,Groundnut,LLS,uncontrolled,d93976c246f446c5,Leaf Spot
Z:\Projects\Smart-Farming\Datasets\final_combined_datasets\GLUE\LLS\GLUE_LLS_092.JPG,Groundnut,LLS,uncontrolled,8ff442d8fa1dc528,Leaf Spot
Z:\Projects\Smart-Farming\Datasets\final_combined_datasets\GLUE\LLS\GLUE_LLS_093.JPG,Groundnut,LLS,uncontrolled,dbf80ccfcf643201,Leaf Spot
Z:\Projects\Smart-Farming\Datasets\final_combined_datasets\GLUE\LLS\GLUE_LLS_094.JPG,Groundnut,LLS,uncontrolled,c1f8779e37807843,Leaf Spot
Z:\Projects\Smart-Farming\Datasets\final_combined_datasets\GLUE\LLS\GLUE_LLS_095.JPG,Groundnut,LLS,uncontrolled,81f67b9b31996584,Leaf Spot
Z:\Projects\Smart-Farming\Datasets\final_combined_datasets\GLUE\LLS\GLUE_LLS_096.JPG,Groundnut,LLS,uncontrolled,8ff636e3690c0fc0,Leaf Spot
Z:\Projects\Smart-Farming\Datasets\final_combined_datasets\GLUE\LLS\GLUE_LLS_097.JPG,Groundnut,LLS,uncontrolled,dda33c289ba4345d,Leaf Spot
Z:\Projects\Smart-Farming\Datasets\final_combined_datasets\GLUE\LLS\GLUE_LLS_098.JPG,Groundnut,LLS,uncontrolled,f5d8b1c841e2586f,Leaf Spot
Z:\Projects\Smart-Farming\Datasets\final_combined_datasets\GLUE\LLS\GLUE_LLS_099.JPG,Groundnut,LLS,uncontrolled,8ae43d06596e35da,Leaf Spot
Z:\Projects\Smart-Farming\Datasets\final_combined_datasets\GLUE\LLS\GLUE_LLS_100.JPG,Groundnut,LLS,uncontrolled,ae25838ae133dea6,Leaf Spot
Z:\Projects\Smart-Farming\Datasets\final_combined_datasets\GLUE\LLS\GLUE_LLS_101.JPG,Groundnut,LLS,uncontrolled,8dd27f59017984b6,Leaf Spot
Z:\Projects\Smart-Farming\Datasets\final_combined_datasets\GLUE\LLS\GLUE_LLS_102.JPG,Groundnut,LLS,uncontrolled,c910226bfc3faaf0,Leaf Spot
Z:\Projects\Smart-Farming\Datasets\final_combined_datasets\GLUE\LLS\GLUE_LLS_103.JPG,Groundnut,LLS,uncontrolled,febc3492c3304e33,Leaf Spot
Z:\Projects\Smart-Farming\Datasets\final_combined_datasets\GLUE\LLS\GLUE_LLS_104.JPG,Groundnut,LLS,uncontrolled,d2286cc5562b9dec,Leaf Spot
Z:\Projects\Smart-Farming\Datasets\final_combined_datasets\GLUE\LLS\GLUE_LLS_105.JPG,Groundnut,LLS,uncontrolled,ca99e49c53527a47,Leaf Spot
Z:\Projects\Smart-Farming\Datasets\final_combined_datasets\GLUE\LLS\GLUE_LLS_106.JPG,Groundnut,LLS,uncontrolled,eed66ae0895e3688,Leaf Spot
Z:\Projects\Smart-Farming\Datasets\final_combined_datasets\GLUE\LLS\GLUE_LLS_107.JPG,Groundnut,LLS,uncontrolled,a97208269df87cab,Leaf Spot
Z:\Projects\Smart-Farming\Datasets\final_combined_datasets\GLUE\LLS\GLUE_LLS_108.JPG,Groundnut,LLS,uncontrolled,f8d8e58ec223c335,Leaf Spot
Z:\Projects\Smart-Farming\Datasets\final_combined_datasets\GLUE\LLS\GLUE_LLS_109.JPG,Groundnut,LLS,uncontrolled,bd9bf0290be0c5c6,Leaf Spot
Z:\Projects\Smart-Farming\Datasets\final_combined_datasets\GLUE\LLS\GLUE_LLS_110.JPG,Groundnut,LLS,uncontrolled,87dca6c1d9e0724b,Leaf Spot
Z:\Projects\Smart-Farming\Datasets\final_combined_datasets\GLUE\LLS\GLUE_LLS_111.JPG,Groundnut,LLS,uncontrolled,dc85c3c4cf683c69,Leaf Spot
Z:\Projects\Smart-Farming\Datasets\final_combined_datasets\GLUE\LLS\GLUE_LLS_112.JPG,Groundnut,LLS,uncontrolled,c018fea91fe840bf,Leaf Spot
Z:\Projects\Smart-Farming\Datasets\final_combined_datasets\GLUE\LLS\GLUE_LLS_113.JPG,Groundnut,LLS,uncontrolled,dda4db22533031e7,Leaf Spot
Z:\Projects\Smart-Farming\Datasets\final_combined_datasets\GLUE\LLS\GLUE_LLS_114.JPG,Groundnut,LLS,uncontrolled,85cb250f8b11cfb9,Leaf Spot
Z:\Projects\Smart-Farming\Datasets\final_combined_datasets\GLUE\LLS\GLUE_LLS_115.JPG,Groundnut,LLS,uncontrolled,9cb73086dba6d544,Leaf Spot
Z:\Projects\Smart-Farming\Datasets\final_combined_datasets\GLUE\LLS\GLUE_LLS_116.JPG,Groundnut,LLS,uncontrolled,e0b004f91ae8deb7,Leaf Spot
Z:\Projects\Smart-Farming\Datasets\final_combined_datasets\GLUE\LLS\GLUE_LLS_117.JPG,Groundnut,LLS,uncontrolled,ecb906e19c05f58d,Leaf Spot
Z:\Projects\Smart-Farming\Datasets\final_combined_datasets\GLUE\LLS\GLUE_LLS_118.JPG,Groundnut,LLS,uncontrolled,c9a02ffac217455e,Leaf Spot
Z:\Projects\Smart-Farming\Datasets\final_combined_datasets\GLUE\LLS\GLUE_LLS_119.JPG,Groundnut,LLS,uncontrolled,eae166fa08155de4,Leaf Spot
Z:\Projects\Smart-Farming\Datasets\final_combined_datasets\GLUE\LLS\GLUE_LLS_120.JPG,Groundnut,LLS,uncontrolled,c1a02e6ae337615f,Leaf Spot
Z:\Projects\Smart-Farming\Datasets\final_combined_datasets\GLUE\LLS\GLUE_LLS_121.JPG,Groundnut,LLS,uncontrolled,dc3a408e96cccbb9,Leaf Spot
Z:\Projects\Smart-Farming\Datasets\final_combined_datasets\GLUE\LLS\GLUE_LLS_122.JPG,Groundnut,LLS,uncontrolled,e7d00eda830e66f8,Leaf Spot
Z:\Projects\Smart-Farming\Datasets\final_combined_datasets\GLUE\LLS\GLUE_LLS_123.JPG,Groundnut,LLS,uncontrolled,fc76f28dc6303681,Leaf Spot
Z:\Projects\Smart-Farming\Datasets\final_combined_datasets\GLUE\LLS\GLUE_LLS_124.JPG,Groundnut,LLS,uncontrolled,ba55b46acf28c0b3,Leaf Spot
Z:\Projects\Smart-Farming\Datasets\final_combined_datasets\GLUE\LLS\GLUE_LLS_125.JPG,Groundnut,LLS,uncontrolled,cb0307e99a43f88f,Leaf Spot
Z:\Projects\Smart-Farming\Datasets\final_combined_datasets\GLUE\LLS\GLUE_LLS_126.JPG,Groundnut,LLS,uncontrolled,9e9137cc939899d2,Leaf Spot
Z:\Projects\Smart-Farming\Datasets\final_combined_datasets\GLUE\LLS\GLUE_LLS_127.JPG,Groundnut,LLS,uncontrolled,a3fc3299d8fc9c40,Leaf Spot
Z:\Projects\Smart-Farming\Datasets\final_combined_datasets\GLUE\LLS\GLUE_LLS_128.JPG,Groundnut,LLS,uncontrolled,d8a41afc9cf81aca,Leaf Spot
Z:\Projects\Smart-Farming\Datasets\final_combined_datasets\GLUE\LLS\GLUE_LLS_129.JPG,Groundnut,LLS,uncontrolled,9ed5b68e181583e9,Leaf Spot
Z:\Projects\Smart-Farming\Datasets\final_combined_datasets\GLUE\LLS\GLUE_LLS_130.JPG,Groundnut,LLS,uncontrolled,9dc62ea78c9a23e1,Leaf Spot
Z:\Projects\Smart-Farming\Datasets\final_combined_datasets\GLUE\LLS\GLUE_LLS_131.JPG,Groundnut,LLS,uncontrolled,cdf232e60d1d123d,Leaf Spot
Z:\Projects\Smart-Farming\Datasets\final_combined_datasets\GLUE\LLS\GLUE_LLS_132.JPG,Groundnut,LLS,uncontrolled,a18cf52f0e487d95,Leaf Spot
Z:\Projects\Smart-Farming\Datasets\final_combined_datasets\GLUE\LLS\GLUE_LLS_133.JPG,Groundnut,LLS,uncontrolled,9cd963d4e7a0c2e2,Leaf Spot
Z:\Projects\Smart-Farming\Datasets\final_combined_datasets\GLUE\LLS\GLUE_LLS_134.JPG,Groundnut,LLS,uncontrolled,a078f2ecd80f0fe1,Leaf Spot
Z:\Projects\Smart-Farming\Datasets\final_combined_datasets\GLUE\LLS\GLUE_LLS_135.JPG,Groundnut,LLS,uncontrolled,acbe628c6c93ce31,Leaf Spot
Z:\Projects\Smart-Farming\Datasets\final_combined_datasets\GLUE\LLS\GLUE_LLS_136.JPG,Groundnut,LLS,uncontrolled,d8c525fc65767205,Leaf Spot
Z:\Projects\Smart-Farming\Datasets\final_combined_datasets\GLUE\LLS\GLUE_LLS_137.JPG,Groundnut,LLS,uncontrolled,82e47aadc399968b,Leaf Spot
Z:\Projects\Smart-Farming\Datasets\final_combined_datasets\GLUE\LLS\GLUE_LLS_138.JPG,Groundnut,LLS,uncontrolled,8c5d439d0f391aab,Leaf Spot
Z:\Projects\Smart-Farming\Datasets\final_combined_datasets\GLUE\LLS\GLUE_LLS_139.JPG,Groundnut,LLS,uncontrolled,9131f910ec5be719,Leaf Spot
Z:\Projects\Smart-Farming\Datasets\final_combined_datasets\GLUE\LLS\GLUE_LLS_140.JPG,Groundnut,LLS,uncontrolled,dbe616ea0839a46b,Leaf Spot
Z:\Projects\Smart-Farming\Datasets\final_combined_datasets\GLUE\LLS\GLUE_LLS_141.JPG,Groundnut,LLS,uncontrolled,897bc3c11d2ed6a8,Leaf Spot
Z:\Projects\Smart-Farming\Datasets\final_combined_datasets\GLUE\LLS\GLUE_LLS_142.JPG,Groundnut,LLS,uncontrolled,98887c0d8e2f5797,Leaf Spot
Z:\Projects\Smart-Farming\Datasets\final_combined_datasets\GLUE\LLS\GLUE_LLS_143.JPG,Groundnut,LLS,uncontrolled,c12ad5a15f7d0336,Leaf Spot
Z:\Projects\Smart-Farming\Datasets\final_combined_datasets\GLUE\LLS\GLUE_LLS_144.JPG,Groundnut,LLS,uncontrolled,8770f33853c8ab3c,Leaf Spot
Z:\Projects\Smart-Farming\Datasets\final_combined_datasets\GLUE\LLS\GLUE_LLS_145.JPG,Groundnut,LLS,uncontrolled,bd7a16240afe54d1,Leaf Spot
Z:\Projects\Smart-Farming\Datasets\final_combined_datasets\GLUE\LLS\GLUE_LLS_146.JPG,Groundnut,LLS,uncontrolled,dbb8274a018ff513,Leaf Spot
Z:\Projects\Smart-Farming\Datasets\final_combined_datasets\GLUE\LLS\GLUE_LLS_147.JPG,Groundnut,LLS,uncontrolled,b76f33fe05912842,Leaf Spot
Z:\Projects\Smart-Farming\Datasets\final_combined_datasets\GLUE\LLS\GLUE_LLS_148.JPG,Groundnut,LLS,uncontrolled,cbee43050d45e6b6,Leaf Spot
Z:\Projects\Smart-Farming\Datasets\final_combined_datasets\GLUE\LLS\GLUE_LLS_149.JPG,Groundnut,LLS,uncontrolled,b56e2761f84638d2,Leaf Spot
Z:\Projects\Smart-Farming\Datasets\final_combined_datasets\GLUE\LLS\GLUE_LLS_150.JPG,Groundnut,LLS,uncontrolled,fb4e1a0d9cd8a62a,Leaf Spot
Z:\Projects\Smart-Farming\Datasets\final_combined_datasets\GLUE\LLS\GLUE_LLS_151.JPG,Groundnut,LLS,uncontrolled,d9e4f6f3c0027b21,Leaf Spot
Z:\Projects\Smart-Farming\Datasets\final_combined_datasets\GLUE\LLS\GLUE_LLS_152.JPG,Groundnut,LLS,uncontrolled,e8b13ed7818239e6,Leaf Spot
Z:\Projects\Smart-Farming\Datasets\final_combined_datasets\GLUE\LLS\GLUE_LLS_153.JPG,Groundnut,LLS,uncontrolled,811077ed8a7aece1,Leaf Spot
Z:\Projects\Smart-Farming\Datasets\final_combined_datasets\GLUE\LLS\GLUE_LLS_154.JPG,Groundnut,LLS,uncontrolled,998727b99d0058fe,Leaf Spot
Z:\Projects\Smart-Farming\Datasets\final_combined_datasets\GLUE\LLS\GLUE_LLS_155.JPG,Groundnut,LLS,uncontrolled,9e78c3e44403fa97,Leaf Spot
Z:\Projects\Smart-Farming\Datasets\final_combined_datasets\GLUE\LLS\GLUE_LLS_156.JPG,Groundnut,LLS,uncontrolled,b4a8e7c644c3e17c,Leaf Spot
Z:\Projects\Smart-Farming\Datasets\final_combined_datasets\GLUE\LLS\GLUE_LLS_157.JPG,Groundnut,LLS,uncontrolled,bf37164080c7f30f,Leaf Spot
Z:\Projects\Smart-Farming\Datasets\final_combined_datasets\GLUE\LLS\GLUE_LLS_158.JPG,Groundnut,LLS,uncontrolled,f360039e19fbc370,Leaf Spot
Z:\Projects\Smart-Farming\Datasets\final_combined_datasets\GLUE\LLS\GLUE_LLS_159.JPG,Groundnut,LLS,uncontrolled,ab37b04f83c334d1,Leaf Spot
Z:\Projects\Smart-Farming\Datasets\final_combined_datasets\GLUE\LLS\GLUE_LLS_160.JPG,Groundnut,LLS,uncontrolled,aa6f2699c8cc237c,Leaf Spot
Z:\Projects\Smart-Farming\Datasets\final_combined_datasets\GLUE\LLS\GLUE_LLS_161.JPG,Groundnut,LLS,uncontrolled,d28660dc7c2a7b5a,Leaf Spot
Z:\Projects\Smart-Farming\Datasets\final_combined_datasets\GLUE\LLS\GLUE_LLS_162.JPG,Groundnut,LLS,uncontrolled,d83d25678c06fa96,Leaf Spot
Z:\Projects\Smart-Farming\Datasets\final_combined_datasets\GLUE\LLS\GLUE_LLS_163.JPG,Groundnut,LLS,uncontrolled,ca1837c4bd48bb53,Leaf Spot
Z:\Projects\Smart-Farming\Datasets\final_combined_datasets\GLUE\LLS\GLUE_LLS_164.JPG,Groundnut,LLS,uncontrolled,ab2717719c7220fa,Leaf Spot
Z:\Projects\Smart-Farming\Datasets\final_combined_datasets\GLUE\LLS\GLUE_LLS_165.JPG,Groundnut,LLS,uncontrolled,d22d73d296c4d4a3,Leaf Spot
Z:\Projects\Smart-Farming\Datasets\final_combined_datasets\GLUE\LLS\GLUE_LLS_166.JPG,Groundnut,LLS,uncontrolled,f93d0b2294f49556,Leaf Spot
Z:\Projects\Smart-Farming\Datasets\final_combined_datasets\GLUE\LLS\GLUE_LLS_167.JPG,Groundnut,LLS,uncontrolled,cb3123e0982ef7f0,Leaf Spot
Z:\Projects\Smart-Farming\Datasets\final_combined_datasets\GLUE\LLS\GLUE_LLS_168.JPG,Groundnut,LLS,uncontrolled,fef20c7e46270718,Leaf Spot
Z:\Projects\Smart-Farming\Datasets\final_combined_datasets\GLUE\LLS\GLUE_LLS_169.JPG,Groundnut,LLS,uncontrolled,c86935385bde9e18,Leaf Spot
Z:\Projects\Smart-Farming\Datasets\final_combined_datasets\GLUE\LLS\GLUE_LLS_170.JPG,Groundnut,LLS,uncontrolled,d61aa6d4dbb40dc1,Leaf Spot
Z:\Projects\Smart-Farming\Datasets\final_combined_datasets\GLUE\LLS\GLUE_LLS_171.JPG,Groundnut,LLS,uncontrolled,d636d279e9cd3088,Leaf Spot
Z:\Projects\Smart-Farming\Datasets\final_combined_datasets\GLUE\LLS\GLUE_LLS_172.JPG,Groundnut,LLS,uncontrolled,d3b32708b956f630,Leaf Spot
Z:\Projects\Smart-Farming\Datasets\final_combined_datasets\GLUE\LLS\GLUE_LLS_173.JPG,Groundnut,LLS,uncontrolled,c38306ad9cf3a4ba,Leaf Spot
Z:\Projects\Smart-Farming\Datasets\final_combined_datasets\GLUE\LLS\GLUE_LLS_174.JPG,Groundnut,LLS,uncontrolled,f8ca37d884f8d0a6,Leaf Spot
Z:\Projects\Smart-Farming\Datasets\final_combined_datasets\GLUE\LLS\GLUE_LLS_175.JPG,Groundnut,LLS,uncontrolled,de8f90b8a0ebe01e,Leaf Spot
Z:\Projects\Smart-Farming\Datasets\final_combined_datasets\GLUE\LLS\GLUE_LLS_176.JPG,Groundnut,LLS,uncontrolled,aaa4f1af05c29ed1,Leaf Spot
Z:\Projects\Smart-Farming\Datasets\final_combined_datasets\GLUE\LLS\GLUE_LLS_177.JPG,Groundnut,LLS,uncontrolled,dbe63fec389b2040,Leaf Spot
Z:\Projects\Smart-Farming\Datasets\final_combined_datasets\GLUE\LLS\GLUE_LLS_178.JPG,Groundnut,LLS,uncontrolled,dbf16268348d2c7c,Leaf Spot
Z:\Projects\Smart-Farming\Datasets\final_combined_datasets\GLUE\LLS\GLUE_LLS_179.JPG,Groundnut,LLS,uncontrolled,cbb32349259ff302,Leaf Spot
Z:\Projects\Smart-Farming\Datasets\final_combined_datasets\GLUE\LLS\GLUE_LLS_180.JPG,Groundnut,LLS,uncontrolled,ca81ef4490f67d51,Leaf Spot
Z:\Projects\Smart-Farming\Datasets\final_combined_datasets\GLUE\LLS\GLUE_LLS_181.JPG,Groundnut,LLS,uncontrolled,d08d22d0def69f81,Leaf Spot
Z:\Projects\Smart-Farming\Datasets\final_combined_datasets\GLUE\LLS\GLUE_LLS_182.JPG,Groundnut,LLS,uncontrolled,de0d29b56d80707b,Leaf Spot
Z:\Projects\Smart-Farming\Datasets\final_combined_datasets\GLUE\LLS\GLUE_LLS_183.JPG,Groundnut,LLS,uncontrolled,cfb0334e6c1992b5,Leaf Spot
Z:\Projects\Smart-Farming\Datasets\final_combined_datasets\GLUE\LLS\GLUE_LLS_184.JPG,Groundnut,LLS,uncontrolled,caa987c17cd24736,Leaf Spot
Z:\Projects\Smart-Farming\Datasets\final_combined_datasets\GLUE\LLS\GLUE_LLS_185.JPG,Groundnut,LLS,uncontrolled,d9f26c66918c3749,Leaf Spot
Z:\Projects\Smart-Farming\Datasets\final_combined_datasets\GLUE\LLS\GLUE_LLS_186.JPG,Groundnut,LLS,uncontrolled,95e1e61a6cf4aa1a,Leaf Spot
Z:\Projects\Smart-Farming\Datasets\final_combined_datasets\GLUE\LLS\GLUE_LLS_187.JPG,Groundnut,LLS,uncontrolled,c8ee62db07a81787,Leaf Spot
Z:\Projects\Smart-Farming\Datasets\final_combined_datasets\GLUE\LLS\GLUE_LLS_188.JPG,Groundnut,LLS,uncontrolled,9fce62d9c222938e,Leaf Spot
Z:\Projects\Smart-Farming\Datasets\final_combined_datasets\GLUE\LLS\GLUE_LLS_189.JPG,Groundnut,LLS,uncontrolled,93a1b857a8b22fd8,Leaf Spot
Z:\Projects\Smart-Farming\Datasets\final_combined_datasets\GLUE\LLS\GLUE_LLS_190.JPG,Groundnut,LLS,uncontrolled,fab077e974919092,Leaf Spot
Z:\Projects\Smart-Farming\Datasets\final_combined_datasets\GLUE\LLS\GLUE_LLS_191.JPG,Groundnut,LLS,uncontrolled,cb093c391935f1c7,Leaf Spot
Z:\Projects\Smart-Farming\Datasets\final_combined_datasets\GLUE\LLS\GLUE_LLS_192.JPG,Groundnut,LLS,uncontrolled,c5b83786d8237af0,Leaf Spot
Z:\Projects\Smart-Farming\Datasets\final_combined_datasets\GLUE\LLS\GLUE_LLS_193.JPG,Groundnut,LLS,uncontrolled,d00b3dbf8b85e930,Leaf Spot
Z:\Projects\Smart-Farming\Datasets\final_combined_datasets\GLUE\LLS\GLUE_LLS_194.JPG,Groundnut,LLS,uncontrolled,d9195950dc2db29b,Leaf Spot
Z:\Projects\Smart-Farming\Datasets\final_combined_datasets\GLUE\LLS\GLUE_LLS_195.JPG,Groundnut,LLS,uncontrolled,db2c37f1a242ac9a,Leaf Spot
Z:\Projects\Smart-Farming\Datasets\final_combined_datasets\GLUE\LLS\GLUE_LLS_196.JPG,Groundnut,LLS,uncontrolled,abc677f900f92107,Leaf Spot
Z:\Projects\Smart-Farming\Datasets\final_combined_datasets\GLUE\LLS\GLUE_LLS_197.JPG,Groundnut,LLS,uncontrolled,8b95f7c7009f50a6,Leaf Spot
Z:\Projects\Smart-Farming\Datasets\final_combined_datasets\GLUE\LLS\GLUE_LLS_198.JPG,Groundnut,LLS,uncontrolled,eb8376c5f0dc0570,Leaf Spot
Z:\Projects\Smart-Farming\Datasets\final_combined_datasets\GLUE\LLS\GLUE_LLS_199.JPG,Groundnut,LLS,uncontrolled,d00a2f3d3d1a87b5,Leaf Spot
Z:\Projects\Smart-Farming\Datasets\final_combined_datasets\GLUE\LLS\GLUE_LLS_200.JPG,Groundnut,LLS,uncontrolled,c53f70e7ec897401,Leaf Spot
Z:\Projects\Smart-Farming\Datasets\final_combined_datasets\GLUE\LLS\GLUE_LLS_201.JPG,Groundnut,LLS,uncontrolled,c50b3f077c9b30e1,Leaf Spot
Z:\Projects\Smart-Farming\Datasets\final_combined_datasets\GLUE\LLS\GLUE_LLS_202.JPG,Groundnut,LLS,uncontrolled,cb203f7c17997415,Leaf Spot
Z:\Projects\Smart-Farming\Datasets\final_combined_datasets\GLUE\LLS\GLUE_LLS_203.JPG,Groundnut,LLS,uncontrolled,f96037210ff38d07,Leaf Spot
Z:\Projects\Smart-Farming\Datasets\final_combined_datasets\GLUE\LLS\GLUE_LLS_204.JPG,Groundnut,LLS,uncontrolled,c44324f51b29f23f,Leaf Spot
Z:\Projects\Smart-Farming\Datasets\final_combined_datasets\GLUE\LLS\GLUE_LLS_205.JPG,Groundnut,LLS,uncontrolled,cd6106e20b66f91f,Leaf Spot
Z:\Projects\Smart-Farming\Datasets\final_combined_datasets\GLUE\LLS\GLUE_LLS_206.JPG,Groundnut,LLS,uncontrolled,e93006334e978fce,Leaf Spot
Z:\Projects\Smart-Farming\Datasets\final_combined_datasets\GLUE\LLS\GLUE_LLS_207.JPG,Groundnut,LLS,uncontrolled,e3716293893770e9,Leaf Spot
Z:\Projects\Smart-Farming\Datasets\final_combined_datasets\GLUE\LLS\GLUE_LLS_208.JPG,Groundnut,LLS,uncontrolled,cd013a3fd72ac9d0,Leaf Spot
Z:\Projects\Smart-Farming\Datasets\final_combined_datasets\GLUE\LLS\GLUE_LLS_209.JPG,Groundnut,LLS,uncontrolled,f9ec61369c3b3032,Leaf Spot
Z:\Projects\Smart-Farming\Datasets\final_combined_datasets\GLUE\LLS\GLUE_LLS_210.JPG,Groundnut,LLS,uncontrolled,f87836cbb48e1c2a,Leaf Spot
Z:\Projects\Smart-Farming\Datasets\final_combined_datasets\GLUE\LLS\GLUE_LLS_211.JPG,Groundnut,LLS,uncontrolled,ec7f03390f938986,Leaf Spot
Z:\Projects\Smart-Farming\Datasets\final_combined_datasets\GLUE\LLS\GLUE_LLS_212.JPG,Groundnut,LLS,uncontrolled,cda57c941492fa99,Leaf Spot
Z:\Projects\Smart-Farming\Datasets\final_combined_datasets\GLUE\LLS\GLUE_LLS_213.JPG,Groundnut,LLS,uncontrolled,e88c6ced3f9400f6,Leaf Spot
Z:\Projects\Smart-Farming\Datasets\final_combined_datasets\GLUE\LLS\GLUE_LLS_214.JPG,Groundnut,LLS,uncontrolled,daa879a8bdb404ba,Leaf Spot
Z:\Projects\Smart-Farming\Datasets\final_combined_datasets\GLUE\LLS\GLUE_LLS_215.JPG,Groundnut,LLS,uncontrolled,dfc3b202f23c0b33,Leaf Spot
Z:\Projects\Smart-Farming\Datasets\final_combined_datasets\GLUE\LLS\GLUE_LLS_216.JPG,Groundnut,LLS,uncontrolled,88da8297cf80ddce,Leaf Spot
Z:\Projects\Smart-Farming\Datasets\final_combined_datasets\GLUE\LLS\GLUE_LLS_217.JPG,Groundnut,LLS,uncontrolled,903ad313cd94f699,Leaf Spot
Z:\Projects\Smart-Farming\Datasets\final_combined_datasets\GLUE\LLS\GLUE_LLS_218.JPG,Groundnut,LLS,uncontrolled,d2f73a261ed32413,Leaf Spot
Z:\Projects\Smart-Farming\Datasets\final_combined_datasets\GLUE\LLS\GLUE_LLS_219.JPG,Groundnut,LLS,uncontrolled,cc7fac4d992d7005,Leaf Spot
Z:\Projects\Smart-Farming\Datasets\final_combined_datasets\GLUE\LLS\GLUE_LLS_220.JPG,Groundnut,LLS,uncontrolled,e5602e75035d713e,Leaf Spot
Z:\Projects\Smart-Farming\Datasets\final_combined_datasets\GLUE\LLS\GLUE_LLS_221.JPG,Groundnut,LLS,uncontrolled,d6243d76017fc899,Leaf Spot
Z:\Projects\Smart-Farming\Datasets\final_combined_datasets\GLUE\LLS\GLUE_LLS_222.JPG,Groundnut,LLS,uncontrolled,a50668a73c730e3f,Leaf Spot
Z:\Projects\Smart-Farming\Datasets\final_combined_datasets\GLUE\LLS\GLUE_LLS_223.JPG,Groundnut,LLS,uncontrolled,f50762014fe719b6,Leaf Spot
Z:\Projects\Smart-Farming\Datasets\final_combined_datasets\GLUE\LLS\GLUE_LLS_224.JPG,Groundnut,LLS,uncontrolled,d84cf3bc43d0a1c7,Leaf Spot
Z:\Projects\Smart-Farming\Datasets\final_combined_datasets\GLUE\LLS\GLUE_LLS_225.JPG,Groundnut,LLS,uncontrolled,d9a420c0c978f4ff,Leaf Spot
Z:\Projects\Smart-Farming\Datasets\final_combined_datasets\GLUE\LLS\GLUE_LLS_226.JPG,Groundnut,LLS,uncontrolled,cf990707de63e01c,Leaf Spot
Z:\Projects\Smart-Farming\Datasets\final_combined_datasets\GLUE\LLS\GLUE_LLS_227.JPG,Groundnut,LLS,uncontrolled,cd0eb35df7002e64,Leaf Spot
Z:\Projects\Smart-Farming\Datasets\final_combined_datasets\GLUE\LLS\GLUE_LLS_228.JPG,Groundnut,LLS,uncontrolled,9a21247da7b2c39d,Leaf Spot
Z:\Projects\Smart-Farming\Datasets\final_combined_datasets\GLUE\LLS\GLUE_LLS_229.JPG,Groundnut,LLS,uncontrolled,c82967929cd20dfe,Leaf Spot
Z:\Projects\Smart-Farming\Datasets\final_combined_datasets\GLUE\LLS\GLUE_LLS_230.JPG,Groundnut,LLS,uncontrolled,981ed32819b7f50b,Leaf Spot
Z:\Projects\Smart-Farming\Datasets\final_combined_datasets\GLUE\LLS\GLUE_LLS_231.JPG,Groundnut,LLS,uncontrolled,d8a6209da0cf3eea,Leaf Spot
Z:\Projects\Smart-Farming\Datasets\final_combined_datasets\GLUE\LLS\GLUE_LLS_232.JPG,Groundnut,LLS,uncontrolled,eedb20ad9263c239,Leaf Spot
Z:\Projects\Smart-Farming\Datasets\final_combined_datasets\GLUE\LLS\GLUE_LLS_233.JPG,Groundnut,LLS,uncontrolled,f8a243c79f1ce03a,Leaf Spot
Z:\Projects\Smart-Farming\Datasets\final_combined_datasets\GLUE\LLS\GLUE_LLS_234.JPG,Groundnut,LLS,uncontrolled,da3c2442e936897f,Leaf Spot
Z:\Projects\Smart-Farming\Datasets\final_combined_datasets\GLUE\LLS\GLUE_LLS_235.JPG,Groundnut,LLS,uncontrolled,e834972592c771dc,Leaf Spot
Z:\Projects\Smart-Farming\Datasets\final_combined_datasets\GLUE\LLS\GLUE_LLS_236.JPG,Groundnut,LLS,uncontrolled,ae916bd8996bb610,Leaf Spot
Z:\Projects\Smart-Farming\Datasets\final_combined_datasets\GLUE\LLS\GLUE_LLS_237.JPG,Groundnut,LLS,uncontrolled,80ccb463e63be89e,Leaf Spot
Z:\Projects\Smart-Farming\Datasets\final_combined_datasets\GLUE\LLS\GLUE_LLS_238.JPG,Groundnut,LLS,uncontrolled,c350ec9bbe232b70,Leaf Spot
Z:\Projects\Smart-Farming\Datasets\final_combined_datasets\GLUE\LLS\GLUE_LLS_239.JPG,Groundnut,LLS,uncontrolled,8202d3b98b677b3c,Leaf Spot
Z:\Projects\Smart-Farming\Datasets\final_combined_datasets\GLUE\LLS\GLUE_LLS_240.JPG,Groundnut,LLS,uncontrolled,d96846e678b33e41,Leaf Spot
Z:\Projects\Smart-Farming\Datasets\final_combined_datasets\GLUE\LLS\GLUE_LLS_241.JPG,Groundnut,LLS,uncontrolled,d9273e6c1ad04bf0,Leaf Spot
Z:\Projects\Smart-Farming\Datasets\final_combined_datasets\GLUE\LLS\GLUE_LLS_242.JPG,Groundnut,LLS,uncontrolled,d86f06358f033759,Leaf Spot
Z:\Projects\Smart-Farming\Datasets\final_combined_datasets\GLUE\LLS\GLUE_LLS_243.JPG,Groundnut,LLS,uncontrolled,bd05e3a3f20b42f1,Leaf Spot
Z:\Projects\Smart-Farming\Datasets\final_combined_datasets\GLUE\LLS\GLUE_LLS_244.JPG,Groundnut,LLS,uncontrolled,d89ca68306fd8bf0,Leaf Spot
Z:\Projects\Smart-Farming\Datasets\final_combined_datasets\GLUE\LLS\GLUE_LLS_245.JPG,Groundnut,LLS,uncontrolled,8e3c5466c453a6ed,Leaf Spot
Z:\Projects\Smart-Farming\Datasets\final_combined_datasets\GLUE\LLS\GLUE_LLS_246.JPG,Groundnut,LLS,uncontrolled,9f3c709c8ba638b2,Leaf Spot
Z:\Projects\Smart-Farming\Datasets\final_combined_datasets\GLUE\LLS\GLUE_LLS_247.JPG,Groundnut,LLS,uncontrolled,d42212e7f51e4793,Leaf Spot
Z:\Projects\Smart-Farming\Datasets\final_combined_datasets\GLUE\LLS\GLUE_LLS_248.JPG,Groundnut,LLS,uncontrolled,817eb34d6e094bf0,Leaf Spot
Z:\Projects\Smart-Farming\Datasets\final_combined_datasets\GLUE\LLS\GLUE_LLS_249.JPG,Groundnut,LLS,uncontrolled,c5137c7318967f30,Leaf Spot
Z:\Projects\Smart-Farming\Datasets\final_combined_datasets\GLUE\LLS\GLUE_LLS_250.JPG,Groundnut,LLS,uncontrolled,cab82c9199cd21fe,Leaf Spot
Z:\Projects\Smart-Farming\Datasets\final_combined_datasets\GLUE\LLS\GLUE_LLS_251.JPG,Groundnut,LLS,uncontrolled,822b1497e8cdf83d,Leaf Spot
Z:\Projects\Smart-Farming\Datasets\final_combined_datasets\GLUE\LLS\GLUE_LLS_252.JPG,Groundnut,LLS,uncontrolled,ecb36c97416d9960,Leaf Spot
Z:\Projects\Smart-Farming\Datasets\final_combined_datasets\GLUE\LLS\GLUE_LLS_253.JPG,Groundnut,LLS,uncontrolled,c8d16439dd61d34e,Leaf Spot
Z:\Projects\Smart-Farming\Datasets\final_combined_datasets\GLUE\LLS\GLUE_LLS_254.JPG,Groundnut,LLS,uncontrolled,c061733e99d0ecae,Leaf Spot
Z:\Projects\Smart-Farming\Datasets\final_combined_datasets\GLUE\LLS\GLUE_LLS_255.JPG,Groundnut,LLS,uncontrolled,bc8b12d98e9d4366,Leaf Spot
Z:\Projects\Smart-Farming\Datasets\final_combined_datasets\GLUE\LLS\GLUE_LLS_256.JPG,Groundnut,LLS,uncontrolled,cbe837d580207cd7,Leaf Spot
Z:\Projects\Smart-Farming\Datasets\final_combined_datasets\GLUE\LLS\GLUE_LLS_257.JPG,Groundnut,LLS,uncontrolled,dfe9b70d089126c5,Leaf Spot
Z:\Projects\Smart-Farming\Datasets\final_combined_datasets\GLUE\LLS\GLUE_LLS_258.JPG,Groundnut,LLS,uncontrolled,c1d3b29b9fa06730,Leaf Spot
Z:\Projects\Smart-Farming\Datasets\final_combined_datasets\GLUE\LLS\GLUE_LLS_259.JPG,Groundnut,LLS,uncontrolled,c28b27098c11fedf,Leaf Spot
Z:\Projects\Smart-Farming\Datasets\final_combined_datasets\GLUE\LLS\GLUE_LLS_260.JPG,Groundnut,LLS,uncontrolled,cf18055be2d6652e,Leaf Spot
Z:\Projects\Smart-Farming\Datasets\final_combined_datasets\GLUE\LLS\GLUE_LLS_261.JPG,Groundnut,LLS,uncontrolled,dd602283789ef6e8,Leaf Spot
Z:\Projects\Smart-Farming\Datasets\final_combined_datasets\GLUE\LLS\GLUE_LLS_262.JPG,Groundnut,LLS,uncontrolled,d06d251f3179cb43,Leaf Spot
Z:\Projects\Smart-Farming\Datasets\final_combined_datasets\GLUE\LLS\GLUE_LLS_263.JPG,Groundnut,LLS,uncontrolled,c5c936a68ff004f5,Leaf Spot
Z:\Projects\Smart-Farming\Datasets\final_combined_datasets\GLUE\LLS\GLUE_LLS_264.JPG,Groundnut,LLS,uncontrolled,dbde7280f44661c9,Leaf Spot
Z:\Projects\Smart-Farming\Datasets\final_combined_datasets\GLUE\LLS\GLUE_LLS_265.JPG,Groundnut,LLS,uncontrolled,80bbe4071c66d9f3,Leaf Spot
Z:\Projects\Smart-Farming\Datasets\final_combined_datasets\GLUE\LLS\GLUE_LLS_266.JPG,Groundnut,LLS,uncontrolled,83d877c700267bec,Leaf Spot
Z:\Projects\Smart-Farming\Datasets\final_combined_datasets\GLUE\LLS\GLUE_LLS_267.JPG,Groundnut,LLS,uncontrolled,81f76ee08f2e7109,Leaf Spot
Z:\Projects\Smart-Farming\Datasets\final_combined_datasets\GLUE\LLS\GLUE_LLS_268.JPG,Groundnut,LLS,uncontrolled,cd25a0793b217e0f,Leaf Spot
Z:\Projects\Smart-Farming\Datasets\final_combined_datasets\GLUE\LLS\GLUE_LLS_269.JPG,Groundnut,LLS,uncontrolled,d8a976c2c0c799c7,Leaf Spot
Z:\Projects\Smart-Farming\Datasets\final_combined_datasets\GLUE\LLS\GLUE_LLS_270.JPG,Groundnut,LLS,uncontrolled,d3f625700a3ec30f,Leaf Spot
Z:\Projects\Smart-Farming\Datasets\final_combined_datasets\GLUE\LLS\GLUE_LLS_271.JPG,Groundnut,LLS,uncontrolled,f4363c6c9a030fda,Leaf Spot
Z:\Projects\Smart-Farming\Datasets\final_combined_datasets\GLUE\LLS\GLUE_LLS_272.JPG,Groundnut,LLS,uncontrolled,dc3c7983b02983f3,Leaf Spot
Z:\Projects\Smart-Farming\Datasets\final_combined_datasets\GLUE\LLS\GLUE_LLS_273.JPG,Groundnut,LLS,uncontrolled,d0f03467ee2ee0f0,Leaf Spot
Z:\Projects\Smart-Farming\Datasets\final_combined_datasets\GLUE\LLS\GLUE_LLS_274.JPG,Groundnut,LLS,uncontrolled,d82d7d52121cad9e,Leaf Spot
Z:\Projects\Smart-Farming\Datasets\final_combined_datasets\GLUE\LLS\GLUE_LLS_275.JPG,Groundnut,LLS,uncontrolled,d3b33b48d4d34456,Leaf Spot
Z:\Projects\Smart-Farming\Datasets\final_combined_datasets\GLUE\LLS\GLUE_LLS_276.JPG,Groundnut,LLS,uncontrolled,9708b13ff8967870,Leaf Spot
Z:\Projects\Smart-Farming\Datasets\final_combined_datasets\GLUE\LLS\GLUE_LLS_277.JPG,Groundnut,LLS,uncontrolled,8c2d731aec87d721,Leaf Spot
Z:\Projects\Smart-Farming\Datasets\final_combined_datasets\GLUE\LLS\GLUE_LLS_278.JPG,Groundnut,LLS,uncontrolled,d1be3b442dda429c,Leaf Spot
Z:\Projects\Smart-Farming\Datasets\final_combined_datasets\GLUE\LLS\GLUE_LLS_279.JPG,Groundnut,LLS,uncontrolled,ba44f00e9ce11edb,Leaf Spot
Z:\Projects\Smart-Farming\Datasets\final_combined_datasets\GLUE\LLS\GLUE_LLS_280.JPG,Groundnut,LLS,uncontrolled,8a56608ee58ccede,Leaf Spot
Z:\Projects\Smart-Farming\Datasets\final_combined_datasets\GLUE\LLS\GLUE_LLS_281.JPG,Groundnut,LLS,uncontrolled,a8cb166f96383b58,Leaf Spot
Z:\Projects\Smart-Farming\Datasets\final_combined_datasets\GLUE\LLS\GLUE_LLS_282.JPG,Groundnut,LLS,uncontrolled,8b957dc214f24f32,Leaf Spot
Z:\Projects\Smart-Farming\Datasets\final_combined_datasets\GLUE\LLS\GLUE_LLS_283.JPG,Groundnut,LLS,uncontrolled,9750aaa807ff0f61,Leaf Spot
Z:\Projects\Smart-Farming\Datasets\final_combined_datasets\GLUE\LLS\GLUE_LLS_284.JPG,Groundnut,LLS,uncontrolled,bc1be97fc6ea000a,Leaf Spot
Z:\Projects\Smart-Farming\Datasets\final_combined_datasets\GLUE\LLS\GLUE_LLS_285.JPG,Groundnut,LLS,uncontrolled,ff35834a1faac094,Leaf Spot
Z:\Projects\Smart-Farming\Datasets\final_combined_datasets\GLUE\LLS\GLUE_LLS_286.JPG,Groundnut,LLS,uncontrolled,d15db0b56c0786ea,Leaf Spot
Z:\Projects\Smart-Farming\Datasets\final_combined_datasets\GLUE\LLS\GLUE_LLS_287.JPG,Groundnut,LLS,uncontrolled,c867b34461d76d13,Leaf Spot
Z:\Projects\Smart-Farming\Datasets\final_combined_datasets\GLUE\LLS\GLUE_LLS_288.JPG,Groundnut,LLS,uncontrolled,f02116bbce1ea5b8,Leaf Spot
Z:\Projects\Smart-Farming\Datasets\final_combined_datasets\GLUE\LLS\GLUE_LLS_289.JPG,Groundnut,LLS,uncontrolled,87477ffa09e80931,Leaf Spot
Z:\Projects\Smart-Farming\Datasets\final_combined_datasets\GLUE\LLS\GLUE_LLS_290.JPG,Groundnut,LLS,uncontrolled,a7467efa1ce90883,Leaf Spot
Z:\Projects\Smart-Farming\Datasets\final_combined_datasets\GLUE\LLS\GLUE_LLS_291.JPG,Groundnut,LLS,uncontrolled,83c117495efb071d,Leaf Spot
Z:\Projects\Smart-Farming\Datasets\final_combined_datasets\GLUE\LLS\GLUE_LLS_292.JPG,Groundnut,LLS,uncontrolled,9d2d92f7a94a8f40,Leaf Spot
Z:\Projects\Smart-Farming\Datasets\final_combined_datasets\GLUE\LLS\GLUE_LLS_293.JPG,Groundnut,LLS,uncontrolled,db369264dcc3c18b,Leaf Spot
Z:\Projects\Smart-Farming\Datasets\final_combined_datasets\GLUE\LLS\GLUE_LLS_294.JPG,Groundnut,LLS,uncontrolled,a49e681b02cbffe0,Leaf Spot
Z:\Projects\Smart-Farming\Datasets\final_combined_datasets\GLUE\LLS\GLUE_LLS_295.JPG,Groundnut,LLS,uncontrolled,da25ae1f981b24ea,Leaf Spot
Z:\Projects\Smart-Farming\Datasets\final_combined_datasets\GLUE\LLS\GLUE_LLS_296.JPG,Groundnut,LLS,uncontrolled,9f78052f8e42739c,Leaf Spot
Z:\Projects\Smart-Farming\Datasets\final_combined_datasets\GLUE\LLS\GLUE_LLS_297.JPG,Groundnut,LLS,uncontrolled,c16a27fc1a1fa21e,Leaf Spot
Z:\Projects\Smart-Farming\Datasets\final_combined_datasets\GLUE\LLS\GLUE_LLS_298.JPG,Groundnut,LLS,uncontrolled,ce692b5701fa16e8,Leaf Spot
Z:\Projects\Smart-Farming\Datasets\final_combined_datasets\GLUE\LLS\GLUE_LLS_299.JPG,Groundnut,LLS,uncontrolled,f940433f763155e1,Leaf Spot
Z:\Projects\Smart-Farming\Datasets\final_combined_datasets\GLUE\LLS\GLUE_LLS_300.JPG,Groundnut,LLS,uncontrolled,d85483ebf75e801c,Leaf Spot
Z:\Projects\Smart-Farming\Datasets\final_combined_datasets\GLUE\LLS\GLUE_LLS_301.JPG,Groundnut,LLS,uncontrolled,d0b167299218ff93,Leaf Spot
Z:\Projects\Smart-Farming\Datasets\final_combined_datasets\GLUE\LLS\GLUE_LLS_302.JPG,Groundnut,LLS,uncontrolled,d83b3663e6249e91,Leaf Spot
Z:\Projects\Smart-Farming\Datasets\final_combined_datasets\GLUE\LLS\GLUE_LLS_303.JPG,Groundnut,LLS,uncontrolled,f5272b4230b4f86b,Leaf Spot
Z:\Projects\Smart-Farming\Datasets\final_combined_datasets\GLUE\LLS\GLUE_LLS_304.JPG,Groundnut,LLS,uncontrolled,d7232375624a8f1d,Leaf Spot
Z:\Projects\Smart-Farming\Datasets\final_combined_datasets\GLUE\LLS\GLUE_LLS_305.JPG,Groundnut,LLS,uncontrolled,9c4252a67d3f61f0,Leaf Spot
Z:\Projects\Smart-Farming\Datasets\final_combined_datasets\GLUE\LLS\GLUE_LLS_306.JPG,Groundnut,LLS,uncontrolled,de33275007f0ea4d,Leaf Spot
Z:\Projects\Smart-Farming\Datasets\final_combined_datasets\GLUE\LLS\GLUE_LLS_307.JPG,Groundnut,LLS,uncontrolled,ca21f63a195a8f0f,Leaf Spot
Z:\Projects\Smart-Farming\Datasets\final_combined_datasets\GLUE\LLS\GLUE_LLS_308.JPG,Groundnut,LLS,uncontrolled,c8bb26cd9e127c32,Leaf Spot
Z:\Projects\Smart-Farming\Datasets\final_combined_datasets\GLUE\LLS\GLUE_LLS_309.JPG,Groundnut,LLS,uncontrolled,efe372f0010eebc0,Leaf Spot
Z:\Projects\Smart-Farming\Datasets\final_combined_datasets\GLUE\LLS\GLUE_LLS_310.JPG,Groundnut,LLS,uncontrolled,ec5a27f151e80ba6,Leaf Spot
Z:\Projects\Smart-Farming\Datasets\final_combined_datasets\GLUE\LLS\GLUE_LLS_311.JPG,Groundnut,LLS,uncontrolled,c9e20283cf7c6bb8,Leaf Spot
Z:\Projects\Smart-Farming\Datasets\final_combined_datasets\GLUE\LLS\GLUE_LLS_312.JPG,Groundnut,LLS,uncontrolled,cfc16b6cde24130d,Leaf Spot
Z:\Projects\Smart-Farming\Datasets\final_combined_datasets\GLUE\LLS\GLUE_LLS_313.JPG,Groundnut,LLS,uncontrolled,e97f370483c761e0,Leaf Spot
Z:\Projects\Smart-Farming\Datasets\final_combined_datasets\GLUE\LLS\GLUE_LLS_314.JPG,Groundnut,LLS,uncontrolled,e0f036d900bbfd45,Leaf Spot
Z:\Projects\Smart-Farming\Datasets\final_combined_datasets\GLUE\LLS\GLUE_LLS_315.JPG,Groundnut,LLS,uncontrolled,dd981b4b01f830ef,Leaf Spot
Z:\Projects\Smart-Farming\Datasets\final_combined_datasets\GLUE\LLS\GLUE_LLS_316.JPG,Groundnut,LLS,uncontrolled,a66022da19ea7677,Leaf Spot
Z:\Projects\Smart-Farming\Datasets\final_combined_datasets\GLUE\LLS\GLUE_LLS_317.JPG,Groundnut,LLS,uncontrolled,ab8f630993e2342f,Leaf Spot
Z:\Projects\Smart-Farming\Datasets\final_combined_datasets\GLUE\LLS\GLUE_LLS_318.JPG,Groundnut,LLS,uncontrolled,9cd763c2701e335a,Leaf Spot
Z:\Projects\Smart-Farming\Datasets\final_combined_datasets\GLUE\LLS\GLUE_LLS_319.JPG,Groundnut,LLS,uncontrolled,da9396eac925295a,Leaf Spot
Z:\Projects\Smart-Farming\Datasets\final_combined_datasets\GLUE\LLS\GLUE_LLS_320.JPG,Groundnut,LLS,uncontrolled,e4e77f85cf1c8110,Leaf Spot
Z:\Projects\Smart-Farming\Datasets\final_combined_datasets\GLUE\LLS\GLUE_LLS_321.JPG,Groundnut,LLS,uncontrolled,ea8369874a5e85cd,Leaf Spot
Z:\Projects\Smart-Farming\Datasets\final_combined_datasets\GLUE\LLS\GLUE_LLS_322.JPG,Groundnut,LLS,uncontrolled,880e373cfd67011f,Leaf Spot
Z:\Projects\Smart-Farming\Datasets\final_combined_datasets\GLUE\LLS\GLUE_LLS_323.JPG,Groundnut,LLS,uncontrolled,ff7a24c2290f2d0d,Leaf Spot
Z:\Projects\Smart-Farming\Datasets\final_combined_datasets\GLUE\LLS\GLUE_LLS_324.JPG,Groundnut,LLS,uncontrolled,81a06eeccfc0f4d3,Leaf Spot
Z:\Projects\Smart-Farming\Datasets\final_combined_datasets\GLUE\LLS\GLUE_LLS_325.JPG,Groundnut,LLS,uncontrolled,983d63025f54c9fa,Leaf Spot
Z:\Projects\Smart-Farming\Datasets\final_combined_datasets\GLUE\LLS\GLUE_LLS_326.JPG,Groundnut,LLS,uncontrolled,8fe57efc090ee0c0,Leaf Spot
Z:\Projects\Smart-Farming\Datasets\final_combined_datasets\GLUE\LLS\GLUE_LLS_327.JPG,Groundnut,LLS,uncontrolled,90b432aa8a5f5c5f,Leaf Spot
Z:\Projects\Smart-Farming\Datasets\final_combined_datasets\GLUE\LLS\GLUE_LLS_328.JPG,Groundnut,LLS,uncontrolled,88d76a4984ed7374,Leaf Spot
Z:\Projects\Smart-Farming\Datasets\final_combined_datasets\GLUE\LLS\GLUE_LLS_329.JPG,Groundnut,LLS,uncontrolled,c3aab4bab3460acd,Leaf Spot
Z:\Projects\Smart-Farming\Datasets\final_combined_datasets\GLUE\LLS\GLUE_LLS_330.JPG,Groundnut,LLS,uncontrolled,8bd261fd87623a8a,Leaf Spot
Z:\Projects\Smart-Farming\Datasets\final_combined_datasets\GLUE\LLS\GLUE_LLS_331.JPG,Groundnut,LLS,uncontrolled,80c5769acaef6e21,Leaf Spot
Z:\Projects\Smart-Farming\Datasets\final_combined_datasets\GLUE\LLS\GLUE_LLS_332.JPG,Groundnut,LLS,uncontrolled,e8c821bf85f79c42,Leaf Spot
Z:\Projects\Smart-Farming\Datasets\final_combined_datasets\GLUE\LLS\GLUE_LLS_333.JPG,Groundnut,LLS,uncontrolled,8ddff074435a1592,Leaf Spot
Z:\Projects\Smart-Farming\Datasets\final_combined_datasets\GLUE\LLS\GLUE_LLS_334.JPG,Groundnut,LLS,uncontrolled,8ab3625aec76922b,Leaf Spot
Z:\Projects\Smart-Farming\Datasets\final_combined_datasets\GLUE\LLS\GLUE_LLS_335.JPG,Groundnut,LLS,uncontrolled,8a117be5cbe69d80,Leaf Spot
Z:\Projects\Smart-Farming\Datasets\final_combined_datasets\GLUE\LLS\GLUE_LLS_336.JPG,Groundnut,LLS,uncontrolled,c0011f2d9b2edeea,Leaf Spot
Z:\Projects\Smart-Farming\Datasets\final_combined_datasets\GLUE\LLS\GLUE_LLS_337.JPG,Groundnut,LLS,uncontrolled,85f90f417a3c5d8c,Leaf Spot
Z:\Projects\Smart-Farming\Datasets\final_combined_datasets\GLUE\LLS\GLUE_LLS_338.JPG,Groundnut,LLS,uncontrolled,d855709fd220db8b,Leaf Spot
Z:\Projects\Smart-Farming\Datasets\final_combined_datasets\GLUE\LLS\GLUE_LLS_339.JPG,Groundnut,LLS,uncontrolled,9cf20403ec3ae5b7,Leaf Spot
Z:\Projects\Smart-Farming\Datasets\final_combined_datasets\GLUE\LLS\GLUE_LLS_340.JPG,Groundnut,LLS,uncontrolled,c8363e8ba8cbca87,Leaf Spot
Z:\Projects\Smart-Farming\Datasets\final_combined_datasets\GLUE\LLS\GLUE_LLS_341.JPG,Groundnut,LLS,uncontrolled,c167e5651a26de89,Leaf Spot
Z:\Projects\Smart-Farming\Datasets\final_combined_datasets\GLUE\LLS\GLUE_LLS_342.JPG,Groundnut,LLS,uncontrolled,c2cd27dddc26a930,Leaf Spot
Z:\Projects\Smart-Farming\Datasets\final_combined_datasets\GLUE\LLS\GLUE_LLS_343.JPG,Groundnut,LLS,uncontrolled,9de6ebf2d80ce208,Leaf Spot
Z:\Projects\Smart-Farming\Datasets\final_combined_datasets\GLUE\LLS\GLUE_LLS_344.JPG,Groundnut,LLS,uncontrolled,ccd262e49e750d1b,Leaf Spot
Z:\Projects\Smart-Farming\Datasets\final_combined_datasets\GLUE\LLS\GLUE_LLS_345.JPG,Groundnut,LLS,uncontrolled,d88525914ffe8cd8,Leaf Spot
Z:\Projects\Smart-Farming\Datasets\final_combined_datasets\GLUE\LLS\GLUE_LLS_346.JPG,Groundnut,LLS,uncontrolled,d624f5c7d8a2b829,Leaf Spot
Z:\Projects\Smart-Farming\Datasets\final_combined_datasets\GLUE\LLS\GLUE_LLS_347.JPG,Groundnut,LLS,uncontrolled,9ab3332d97461d25,Leaf Spot
Z:\Projects\Smart-Farming\Datasets\final_combined_datasets\GLUE\LLS\GLUE_LLS_348.JPG,Groundnut,LLS,uncontrolled,c693f6d01b0b61e9,Leaf Spot
Z:\Projects\Smart-Farming\Datasets\final_combined_datasets\GLUE\LLS\GLUE_LLS_349.JPG,Groundnut,LLS,uncontrolled,9c6267e6a8eb530a,Leaf Spot
Z:\Projects\Smart-Farming\Datasets\final_combined_datasets\GLUE\LLS\GLUE_LLS_350.JPG,Groundnut,LLS,uncontrolled,c5dab7808525f4f4,Leaf Spot
Z:\Projects\Smart-Farming\Datasets\final_combined_datasets\GLUE\LLS\GLUE_LLS_351.JPG,Groundnut,LLS,uncontrolled,cd2fbe888cf4a506,Leaf Spot
Z:\Projects\Smart-Farming\Datasets\final_combined_datasets\GLUE\LLS\GLUE_LLS_352.JPG,Groundnut,LLS,uncontrolled,dd83a47a2aa3a9b4,Leaf Spot
Z:\Projects\Smart-Farming\Datasets\final_combined_datasets\GLUE\LLS\GLUE_LLS_353.JPG,Groundnut,LLS,uncontrolled,c5d4b7998c56d05a,Leaf Spot
Z:\Projects\Smart-Farming\Datasets\final_combined_datasets\GLUE\LLS\GLUE_LLS_354.JPG,Groundnut,LLS,uncontrolled,881cf168f376a5aa,Leaf Spot
Z:\Projects\Smart-Farming\Datasets\final_combined_datasets\GLUE\LLS\GLUE_LLS_355.JPG,Groundnut,LLS,uncontrolled,b69d03b88c737a8a,Leaf Spot
Z:\Projects\Smart-Farming\Datasets\final_combined_datasets\GLUE\LLS\GLUE_LLS_356.JPG,Groundnut,LLS,uncontrolled,f0142491de77597a,Leaf Spot
Z:\Projects\Smart-Farming\Datasets\final_combined_datasets\GLUE\LLS\GLUE_LLS_357.JPG,Groundnut,LLS,uncontrolled,8fc7320b4f64a2f8,Leaf Spot
Z:\Projects\Smart-Farming\Datasets\final_combined_datasets\GLUE\LLS\GLUE_LLS_358.JPG,Groundnut,LLS,uncontrolled,bf9906f91866c8a6,Leaf Spot
Z:\Projects\Smart-Farming\Datasets\final_combined_datasets\GLUE\LLS\GLUE_LLS_359.JPG,Groundnut,LLS,uncontrolled,ee4497d2c9883177,Leaf Spot
Z:\Projects\Smart-Farming\Datasets\final_combined_datasets\GLUE\LLS\GLUE_LLS_360.JPG,Groundnut,LLS,uncontrolled,9c9fb3d0c4eb4886,Leaf Spot
Z:\Projects\Smart-Farming\Datasets\final_combined_datasets\GLUE\LLS\GLUE_LLS_361.JPG,Groundnut,LLS,uncontrolled,bcf3dbc499844c92,Leaf Spot
Z:\Projects\Smart-Farming\Datasets\final_combined_datasets\GLUE\LLS\GLUE_LLS_362.JPG,Groundnut,LLS,uncontrolled,ccc7dadb051052de,Leaf Spot
Z:\Projects\Smart-Farming\Datasets\final_combined_datasets\GLUE\LLS\GLUE_LLS_363.JPG,Groundnut,LLS,uncontrolled,84dc60df9a33dca2,Leaf Spot
Z:\Projects\Smart-Farming\Datasets\final_combined_datasets\GLUE\LLS\GLUE_LLS_364.JPG,Groundnut,LLS,uncontrolled,ae6067e0e45b4d87,Leaf Spot
Z:\Projects\Smart-Farming\Datasets\final_combined_datasets\GLUE\LLS\GLUE_LLS_365.JPG,Groundnut,LLS,uncontrolled,ffe53208f83bc809,Leaf Spot
Z:\Projects\Smart-Farming\Datasets\final_combined_datasets\GLUE\LLS\GLUE_LLS_366.JPG,Groundnut,LLS,uncontrolled,a26747ccdd0aca2d,Leaf Spot
Z:\Projects\Smart-Farming\Datasets\final_combined_datasets\GLUE\LLS\GLUE_LLS_367.JPG,Groundnut,LLS,uncontrolled,fc92486d3ce6c887,Leaf Spot
Z:\Projects\Smart-Farming\Datasets\final_combined_datasets\GLUE\LLS\GLUE_LLS_368.JPG,Groundnut,LLS,uncontrolled,e7182675dde72181,Leaf Spot
Z:\Projects\Smart-Farming\Datasets\final_combined_datasets\GLUE\LLS\GLUE_LLS_369.JPG,Groundnut,LLS,uncontrolled,e1336760d3b25363,Leaf Spot
Z:\Projects\Smart-Farming\Datasets\final_combined_datasets\GLUE\LLS\GLUE_LLS_370.JPG,Groundnut,LLS,uncontrolled,a8f672018f754a7c,Leaf Spot
Z:\Projects\Smart-Farming\Datasets\final_combined_datasets\GLUE\LLS\GLUE_LLS_371.JPG,Groundnut,LLS,uncontrolled,f7f7700589b4406b,Leaf Spot
Z:\Projects\Smart-Farming\Datasets\final_combined_datasets\GLUE\LLS\GLUE_LLS_372.JPG,Groundnut,LLS,uncontrolled,ed4bc379d90581b8,Leaf Spot
Z:\Projects\Smart-Farming\Datasets\final_combined_datasets\GLUE\LLS\GLUE_LLS_373.JPG,Groundnut,LLS,uncontrolled,d820877786c71e4f,Leaf Spot
Z:\Projects\Smart-Farming\Datasets\final_combined_datasets\GLUE\LLS\GLUE_LLS_374.JPG,Groundnut,LLS,uncontrolled,9d1d49b061b74576,Leaf Spot
Z:\Projects\Smart-Farming\Datasets\final_combined_datasets\GLUE\LLS\GLUE_LLS_375.JPG,Groundnut,LLS,uncontrolled,bd30b6e10b900fd7,Leaf Spot
Z:\Projects\Smart-Farming\Datasets\final_combined_datasets\GLUE\LLS\GLUE_LLS_376.JPG,Groundnut,LLS,uncontrolled,88bc6d4c9ed9307a,Leaf Spot
Z:\Projects\Smart-Farming\Datasets\final_combined_datasets\GLUE\LLS\GLUE_LLS_377.JPG,Groundnut,LLS,uncontrolled,940a6bfe749c64c3,Leaf Spot
Z:\Projects\Smart-Farming\Datasets\final_combined_datasets\GLUE\LLS\GLUE_LLS_378.JPG,Groundnut,LLS,uncontrolled,af25e1e63c3836c2,Leaf Spot
Z:\Projects\Smart-Farming\Datasets\final_combined_datasets\GLUE\LLS\GLUE_LLS_379.JPG,Groundnut,LLS,uncontrolled,ec78e582fe83130e,Leaf Spot
Z:\Projects\Smart-Farming\Datasets\final_combined_datasets\GLUE\LLS\GLUE_LLS_380.JPG,Groundnut,LLS,uncontrolled,b23f64100fc6c5f3,Leaf Spot
Z:\Projects\Smart-Farming\Datasets\final_combined_datasets\GLUE\LLS\GLUE_LLS_381.JPG,Groundnut,LLS,uncontrolled,89489fbe89076fe0,Leaf Spot
Z:\Projects\Smart-Farming\Datasets\final_combined_datasets\GLUE\LLS\GLUE_LLS_382.JPG,Groundnut,LLS,uncontrolled,af4e36e4b99a42a8,Leaf Spot
Z:\Projects\Smart-Farming\Datasets\final_combined_datasets\GLUE\LLS\GLUE_LLS_383.JPG,Groundnut,LLS,uncontrolled,8c2e05e4ed1fb236,Leaf Spot
Z:\Projects\Smart-Farming\Datasets\final_combined_datasets\GLUE\LLS\GLUE_LLS_384.JPG,Groundnut,LLS,uncontrolled,9c6ce30bd8ce12f4,Leaf Spot
Z:\Projects\Smart-Farming\Datasets\final_combined_datasets\GLUE\LLS\GLUE_LLS_385.JPG,Groundnut,LLS,uncontrolled,d124f17f3bb2064c,Leaf Spot
Z:\Projects\Smart-Farming\Datasets\final_combined_datasets\GLUE\LLS\GLUE_LLS_386.JPG,Groundnut,LLS,uncontrolled,888b43d59e8dd0fc,Leaf Spot
Z:\Projects\Smart-Farming\Datasets\final_combined_datasets\GLUE\LLS\GLUE_LLS_387.JPG,Groundnut,LLS,uncontrolled,f31b45075df070e1,Leaf Spot
Z:\Projects\Smart-Farming\Datasets\final_combined_datasets\GLUE\LLS\GLUE_LLS_388.JPG,Groundnut,LLS,uncontrolled,e0cff8f895620a36,Leaf Spot
Z:\Projects\Smart-Farming\Datasets\final_combined_datasets\GLUE\LLS\GLUE_LLS_389.JPG,Groundnut,LLS,uncontrolled,ca89a45f0f47b14e,Leaf Spot
Z:\Projects\Smart-Farming\Datasets\final_combined_datasets\GLUE\LLS\GLUE_LLS_390.JPG,Groundnut,LLS,uncontrolled,980776131ccf970f,Leaf Spot
Z:\Projects\Smart-Farming\Datasets\final_combined_datasets\GLUE\LLS\GLUE_LLS_391.JPG,Groundnut,LLS,uncontrolled,edda368f95a51064,Leaf Spot
Z:\Projects\Smart-Farming\Datasets\final_combined_datasets\GLUE\LLS\GLUE_LLS_392.JPG,Groundnut,LLS,uncontrolled,8d8657e2c1c7a347,Leaf Spot
Z:\Projects\Smart-Farming\Datasets\final_combined_datasets\GLUE\LLS\GLUE_LLS_393.JPG,Groundnut,LLS,uncontrolled,ae6d6f13d81738c0,Leaf Spot
Z:\Projects\Smart-Farming\Datasets\final_combined_datasets\GLUE\LLS\GLUE_LLS_394.JPG,Groundnut,LLS,uncontrolled,842e65d376d9274c,Leaf Spot
Z:\Projects\Smart-Farming\Datasets\final_combined_datasets\GLUE\LLS\GLUE_LLS_395.JPG,Groundnut,LLS,uncontrolled,98b487e50b9cf64a,Leaf Spot
Z:\Projects\Smart-Farming\Datasets\final_combined_datasets\GLUE\LLS\GLUE_LLS_396.JPG,Groundnut,LLS,uncontrolled,b5a185e21f0ec13f,Leaf Spot
Z:\Projects\Smart-Farming\Datasets\final_combined_datasets\GLUE\LLS\GLUE_LLS_397.JPG,Groundnut,LLS,uncontrolled,c817f6537cc06978,Leaf Spot
Z:\Projects\Smart-Farming\Datasets\final_combined_datasets\GLUE\LLS\GLUE_LLS_398.JPG,Groundnut,LLS,uncontrolled,aa12b6e00fe185fe,Leaf Spot
Z:\Projects\Smart-Farming\Datasets\final_combined_datasets\GLUE\LLS\GLUE_LLS_399.JPG,Groundnut,LLS,uncontrolled,fcc092aab91aadd2,Leaf Spot
Z:\Projects\Smart-Farming\Datasets\final_combined_datasets\GLUE\LLS\GLUE_LLS_400.JPG,Groundnut,LLS,uncontrolled,e709b61ed8774603,Leaf Spot
Z:\Projects\Smart-Farming\Datasets\final_combined_datasets\GLUE\LLS\GLUE_LLS_401.JPG,Groundnut,LLS,uncontrolled,811d7648c58f7bcc,Leaf Spot
Z:\Projects\Smart-Farming\Datasets\final_combined_datasets\GLUE\LLS\GLUE_LLS_402.JPG,Groundnut,LLS,uncontrolled,bb9dab940dca8cc2,Leaf Spot
Z:\Projects\Smart-Farming\Datasets\final_combined_datasets\GLUE\LLS\GLUE_LLS_403.JPG,Groundnut,LLS,uncontrolled,9c0bf00fefd08e4a,Leaf Spot
Z:\Projects\Smart-Farming\Datasets\final_combined_datasets\GLUE\LLS\GLUE_LLS_404.JPG,Groundnut,LLS,uncontrolled,86fee105b1c6b8e2,Leaf Spot
Z:\Projects\Smart-Farming\Datasets\final_combined_datasets\GLUE\LLS\GLUE_LLS_405.JPG,Groundnut,LLS,uncontrolled,c96b3e87051fd01b,Leaf Spot
Z:\Projects\Smart-Farming\Datasets\final_combined_datasets\GLUE\LLS\GLUE_LLS_406.JPG,Groundnut,LLS,uncontrolled,cc6748ee9a9de007,Leaf Spot
Z:\Projects\Smart-Farming\Datasets\final_combined_datasets\GLUE\LLS\GLUE_LLS_407.JPG,Groundnut,LLS,uncontrolled,81d670469de3c69d,Leaf Spot
Z:\Projects\Smart-Farming\Datasets\final_combined_datasets\GLUE\LLS\GLUE_LLS_408.JPG,Groundnut,LLS,uncontrolled,814d774ae31ef0c5,Leaf Spot
Z:\Projects\Smart-Farming\Datasets\final_combined_datasets\GLUE\LLS\GLUE_LLS_409.JPG,Groundnut,LLS,uncontrolled,f24ff1e488231a79,Leaf Spot
Z:\Projects\Smart-Farming\Datasets\final_combined_datasets\GLUE\LLS\GLUE_LLS_410.JPG,Groundnut,LLS,uncontrolled,e36a4ef4331f2164,Leaf Spot
Z:\Projects\Smart-Farming\Datasets\final_combined_datasets\GLUE\LLS\GLUE_LLS_411.JPG,Groundnut,LLS,uncontrolled,8041f7b1d8f0dacd,Leaf Spot
Z:\Projects\Smart-Farming\Datasets\final_combined_datasets\GLUE\LLS\GLUE_LLS_412.JPG,Groundnut,LLS,uncontrolled,bd035958cd3ce698,Leaf Spot
Z:\Projects\Smart-Farming\Datasets\final_combined_datasets\GLUE\LLS\GLUE_LLS_413.JPG,Groundnut,LLS,uncontrolled,fca1364d1be2241f,Leaf Spot
Z:\Projects\Smart-Farming\Datasets\final_combined_datasets\GLUE\LLS\GLUE_LLS_414.JPG,Groundnut,LLS,uncontrolled,d5a6ca59538462db,Leaf Spot
Z:\Projects\Smart-Farming\Datasets\final_combined_datasets\GLUE\LLS\GLUE_LLS_415.JPG,Groundnut,LLS,uncontrolled,bde1f081c872703f,Leaf Spot
Z:\Projects\Smart-Farming\Datasets\final_combined_datasets\GLUE\LLS\GLUE_LLS_416.JPG,Groundnut,LLS,uncontrolled,c1fa638fda989c82,Leaf Spot
Z:\Projects\Smart-Farming\Datasets\final_combined_datasets\GLUE\LLS\GLUE_LLS_417.JPG,Groundnut,LLS,uncontrolled,9d2ba3f41687d40d,Leaf Spot
Z:\Projects\Smart-Farming\Datasets\final_combined_datasets\GLUE\LLS\GLUE_LLS_418.JPG,Groundnut,LLS,uncontrolled,8f6170f21f07e08f,Leaf Spot
Z:\Projects\Smart-Farming\Datasets\final_combined_datasets\GLUE\LLS\GLUE_LLS_419.JPG,Groundnut,LLS,uncontrolled,83c0406efff78c07,Leaf Spot
Z:\Projects\Smart-Farming\Datasets\final_combined_datasets\GLUE\LLS\GLUE_LLS_420.JPG,Groundnut,LLS,uncontrolled,c9cf3ff89b1f0004,Leaf Spot
Z:\Projects\Smart-Farming\Datasets\final_combined_datasets\GLUE\LLS\GLUE_LLS_421.JPG,Groundnut,LLS,uncontrolled,8163439f9c0175fb,Leaf Spot
Z:\Projects\Smart-Farming\Datasets\final_combined_datasets\GLUE\LLS\GLUE_LLS_422.JPG,Groundnut,LLS,uncontrolled,803678e47ff83f01,Leaf Spot
Z:\Projects\Smart-Farming\Datasets\final_combined_datasets\GLUE\LLS\GLUE_LLS_423.JPG,Groundnut,LLS,uncontrolled,85447cffcc3f0720,Leaf Spot
Z:\Projects\Smart-Farming\Datasets\final_combined_datasets\GLUE\LLS\GLUE_LLS_424.JPG,Groundnut,LLS,uncontrolled,be02e7f898623c0f,Leaf Spot
Z:\Projects\Smart-Farming\Datasets\final_combined_datasets\GLUE\LLS\GLUE_LLS_425.JPG,Groundnut,LLS,uncontrolled,83cf7e93c3170307,Leaf Spot
Z:\Projects\Smart-Farming\Datasets\final_combined_datasets\GLUE\LLS\GLUE_LLS_426.JPG,Groundnut,LLS,uncontrolled,abc86fe60c0f3f20,Leaf Spot
Z:\Projects\Smart-Farming\Datasets\final_combined_datasets\GLUE\LLS\GLUE_LLS_427.JPG,Groundnut,LLS,uncontrolled,8ef9f20a8383e13e,Leaf Spot
Z:\Projects\Smart-Farming\Datasets\final_combined_datasets\GLUE\LLS\GLUE_LLS_428.JPG,Groundnut,LLS,uncontrolled,8430e034f7d03ef7,Leaf Spot
Z:\Projects\Smart-Farming\Datasets\final_combined_datasets\GLUE\LLS\GLUE_LLS_429.JPG,Groundnut,LLS,uncontrolled,804466f0ecff18fc,Leaf Spot
Z:\Projects\Smart-Farming\Datasets\final_combined_datasets\GLUE\LLS\GLUE_LLS_430.JPG,Groundnut,LLS,uncontrolled,c1bc27919ad79554,Leaf Spot
Z:\Projects\Smart-Farming\Datasets\final_combined_datasets\GLUE\LLS\GLUE_LLS_431.JPG,Groundnut,LLS,uncontrolled,a0f03e0b61ff7c06,Leaf Spot
Z:\Projects\Smart-Farming\Datasets\final_combined_datasets\GLUE\LLS\GLUE_LLS_432.JPG,Groundnut,LLS,uncontrolled,c0b3a475a8c99add,Leaf Spot
Z:\Projects\Smart-Farming\Datasets\final_combined_datasets\GLUE\LLS\GLUE_LLS_433.JPG,Groundnut,LLS,uncontrolled,9bc425095eadfc4a,Leaf Spot
Z:\Projects\Smart-Farming\Datasets\final_combined_datasets\GLUE\LLS\GLUE_LLS_434.JPG,Groundnut,LLS,uncontrolled,f3ed36af8100d235,Leaf Spot
Z:\Projects\Smart-Farming\Datasets\final_combined_datasets\GLUE\LLS\GLUE_LLS_435.JPG,Groundnut,LLS,uncontrolled,cfbb66289a322d25,Leaf Spot
Z:\Projects\Smart-Farming\Datasets\final_combined_datasets\GLUE\LLS\GLUE_LLS_436.JPG,Groundnut,LLS,uncontrolled,c06e576e05f46f84,Leaf Spot
Z:\Projects\Smart-Farming\Datasets\final_combined_datasets\GLUE\LLS\GLUE_LLS_437.JPG,Groundnut,LLS,uncontrolled,dc4af57c0ac8e09d,Leaf Spot
Z:\Projects\Smart-Farming\Datasets\final_combined_datasets\GLUE\LLS\GLUE_LLS_438.JPG,Groundnut,LLS,uncontrolled,c0383fb809fe6a6a,Leaf Spot
Z:\Projects\Smart-Farming\Datasets\final_combined_datasets\GLUE\LLS\GLUE_LLS_439.JPG,Groundnut,LLS,uncontrolled,b1fd07e9c8e2e888,Leaf Spot
Z:\Projects\Smart-Farming\Datasets\final_combined_datasets\GLUE\LLS\GLUE_LLS_440.JPG,Groundnut,LLS,uncontrolled,df833bff9a032220,Leaf Spot
Z:\Projects\Smart-Farming\Datasets\final_combined_datasets\GLUE\LLS\GLUE_LLS_441.JPG,Groundnut,LLS,uncontrolled,d72725f00b91b15d,Leaf Spot
Z:\Projects\Smart-Farming\Datasets\final_combined_datasets\GLUE\LLS\GLUE_LLS_442.JPG,Groundnut,LLS,uncontrolled,e22e66cde58a38aa,Leaf Spot
Z:\Projects\Smart-Farming\Datasets\final_combined_datasets\GLUE\LLS\GLUE_LLS_443.JPG,Groundnut,LLS,uncontrolled,c87d948eb0e149fc,Leaf Spot
Z:\Projects\Smart-Farming\Datasets\final_combined_datasets\GLUE\LLS\GLUE_LLS_444.JPG,Groundnut,LLS,uncontrolled,f5246163ef8d85b0,Leaf Spot
Z:\Projects\Smart-Farming\Datasets\final_combined_datasets\GLUE\LLS\GLUE_LLS_445.JPG,Groundnut,LLS,uncontrolled,c3492c03dd12bfb6,Leaf Spot
Z:\Projects\Smart-Farming\Datasets\final_combined_datasets\GLUE\LLS\GLUE_LLS_446.JPG,Groundnut,LLS,uncontrolled,85f66064bb0782bf,Leaf Spot
Z:\Projects\Smart-Farming\Datasets\final_combined_datasets\GLUE\LLS\GLUE_LLS_447.JPG,Groundnut,LLS,uncontrolled,85db2650cde2b86d,Leaf Spot
Z:\Projects\Smart-Farming\Datasets\final_combined_datasets\GLUE\LLS\GLUE_LLS_448.JPG,Groundnut,LLS,uncontrolled,9ef5c8f89a0c83e2,Leaf Spot
Z:\Projects\Smart-Farming\Datasets\final_combined_datasets\GLUE\LLS\GLUE_LLS_449.JPG,Groundnut,LLS,uncontrolled,8adeef05d562118b,Leaf Spot
Z:\Projects\Smart-Farming\Datasets\final_combined_datasets\GLUE\LLS\GLUE_LLS_450.JPG,Groundnut,LLS,uncontrolled,c9fc4a9613a9748b,Leaf Spot
Z:\Projects\Smart-Farming\Datasets\final_combined_datasets\GLUE\LLS\GLUE_LLS_451.JPG,Groundnut,LLS,uncontrolled,ce8962fbbd50a2b0,Leaf Spot
Z:\Projects\Smart-Farming\Datasets\final_combined_datasets\GLUE\LLS\GLUE_LLS_452.JPG,Groundnut,LLS,uncontrolled,dfe247508f1d9207,Leaf Spot
Z:\Projects\Smart-Farming\Datasets\final_combined_datasets\GLUE\LLS\GLUE_LLS_453.JPG,Groundnut,LLS,uncontrolled,fd9a6e54f261c105,Leaf Spot
Z:\Projects\Smart-Farming\Datasets\final_combined_datasets\GLUE\LLS\GLUE_LLS_454.JPG,Groundnut,LLS,uncontrolled,d7cc684e422fbce0,Leaf Spot
Z:\Projects\Smart-Farming\Datasets\final_combined_datasets\GLUE\LLS\GLUE_LLS_455.JPG,Groundnut,LLS,uncontrolled,d7a9cad34d420d4e,Leaf Spot
Z:\Projects\Smart-Farming\Datasets\final_combined_datasets\GLUE\LLS\GLUE_LLS_456.JPG,Groundnut,LLS,uncontrolled,d1c41ec3bae107f8,Leaf Spot
Z:\Projects\Smart-Farming\Datasets\final_combined_datasets\GLUE\LLS\GLUE_LLS_457.JPG,Groundnut,LLS,uncontrolled,998814ffe10e63e9,Leaf Spot
Z:\Projects\Smart-Farming\Datasets\final_combined_datasets\GLUE\LLS\GLUE_LLS_458.JPG,Groundnut,LLS,uncontrolled,9af153c45675244f,Leaf Spot
Z:\Projects\Smart-Farming\Datasets\final_combined_datasets\GLUE\LLS\GLUE_LLS_459.JPG,Groundnut,LLS,uncontrolled,af986d7a4f740285,Leaf Spot
Z:\Projects\Smart-Farming\Datasets\final_combined_datasets\GLUE\LLS\GLUE_LLS_460.JPG,Groundnut,LLS,uncontrolled,9fd952c4521426fd,Leaf Spot
Z:\Projects\Smart-Farming\Datasets\final_combined_datasets\GLUE\LLS\GLUE_LLS_461.JPG,Groundnut,LLS,uncontrolled,8ea6838cefb9009f,Leaf Spot
Z:\Projects\Smart-Farming\Datasets\final_combined_datasets\GLUE\LLS\GLUE_LLS_462.JPG,Groundnut,LLS,uncontrolled,84fcbe0d8982e676,Leaf Spot
Z:\Projects\Smart-Farming\Datasets\final_combined_datasets\GLUE\LLS\GLUE_LLS_463.JPG,Groundnut,LLS,uncontrolled,c9bf60c9b08565cb,Leaf Spot
Z:\Projects\Smart-Farming\Datasets\final_combined_datasets\GLUE\LLS\GLUE_LLS_464.JPG,Groundnut,LLS,uncontrolled,f8ce3601dc0f28bd,Leaf Spot
Z:\Projects\Smart-Farming\Datasets\final_combined_datasets\GLUE\LLS\GLUE_LLS_465.JPG,Groundnut,LLS,uncontrolled,b0c7339ade672b08,Leaf Spot
Z:\Projects\Smart-Farming\Datasets\final_combined_datasets\GLUE\LLS\GLUE_LLS_466.JPG,Groundnut,LLS,uncontrolled,d88db4c68336cb33,Leaf Spot
Z:\Projects\Smart-Farming\Datasets\final_combined_datasets\GLUE\LLS\GLUE_LLS_467.JPG,Groundnut,LLS,uncontrolled,d98f23909c80fbec,Leaf Spot
Z:\Projects\Smart-Farming\Datasets\final_combined_datasets\GLUE\LLS\GLUE_LLS_468.JPG,Groundnut,LLS,uncontrolled,8db206d1c06ef8ed,Leaf Spot
Z:\Projects\Smart-Farming\Datasets\final_combined_datasets\GLUE\LLS\GLUE_LLS_469.JPG,Groundnut,LLS,uncontrolled,d285ba8f16748d72,Leaf Spot
Z:\Projects\Smart-Farming\Datasets\final_combined_datasets\GLUE\LLS\GLUE_LLS_470.JPG,Groundnut,LLS,uncontrolled,dbc637da030b9163,Leaf Spot
Z:\Projects\Smart-Farming\Datasets\final_combined_datasets\GLUE\LLS\GLUE_LLS_471.JPG,Groundnut,LLS,uncontrolled,8d2ff2224361db3a,Leaf Spot
Z:\Projects\Smart-Farming\Datasets\final_combined_datasets\GLUE\LLS\GLUE_LLS_472.JPG,Groundnut,LLS,uncontrolled,dafe702005779e1c,Leaf Spot
Z:\Projects\Smart-Farming\Datasets\final_combined_datasets\GLUE\LLS\GLUE_LLS_473.JPG,Groundnut,LLS,uncontrolled,e16fb1629915ae49,Leaf Spot
Z:\Projects\Smart-Farming\Datasets\final_combined_datasets\GLUE\LLS\GLUE_LLS_474.JPG,Groundnut,LLS,uncontrolled,d48b63e6d23b3312,Leaf Spot
Z:\Projects\Smart-Farming\Datasets\final_combined_datasets\GLUE\LLS\GLUE_LLS_475.JPG,Groundnut,LLS,uncontrolled,cec43786b3568633,Leaf Spot
Z:\Projects\Smart-Farming\Datasets\final_combined_datasets\GLUE\LLS\GLUE_LLS_476.JPG,Groundnut,LLS,uncontrolled,a8b4f3b2e70ad4c1,Leaf Spot
Z:\Projects\Smart-Farming\Datasets\final_combined_datasets\GLUE\LLS\GLUE_LLS_477.JPG,Groundnut,LLS,uncontrolled,cbdf3fe0982b9500,Leaf Spot
Z:\Projects\Smart-Farming\Datasets\final_combined_datasets\GLUE\LLS\GLUE_LLS_478.JPG,Groundnut,LLS,uncontrolled,c994e703d0ba8d6e,Leaf Spot
Z:\Projects\Smart-Farming\Datasets\final_combined_datasets\GLUE\LLS\GLUE_LLS_479.JPG,Groundnut,LLS,uncontrolled,edd432c1b63b090f,Leaf Spot
Z:\Projects\Smart-Farming\Datasets\final_combined_datasets\GLUE\LLS\GLUE_LLS_480.JPG,Groundnut,LLS,uncontrolled,cfc723b29a2995d0,Leaf Spot
Z:\Projects\Smart-Farming\Datasets\final_combined_datasets\GLUE\LLS\GLUE_LLS_481.JPG,Groundnut,LLS,uncontrolled,f29631f9bc462f04,Leaf Spot
Z:\Projects\Smart-Farming\Datasets\final_combined_datasets\GLUE\LLS\GLUE_LLS_482.JPG,Groundnut,LLS,uncontrolled,d9f661e6b3061325,Leaf Spot
Z:\Projects\Smart-Farming\Datasets\final_combined_datasets\GLUE\LLS\GLUE_LLS_483.JPG,Groundnut,LLS,uncontrolled,d3843d48fe888dd6,Leaf Spot
Z:\Projects\Smart-Farming\Datasets\final_combined_datasets\GLUE\LLS\GLUE_LLS_484.JPG,Groundnut,LLS,uncontrolled,e0ed6f20cd34cbc1,Leaf Spot
Z:\Projects\Smart-Farming\Datasets\final_combined_datasets\GLUE\LLS\GLUE_LLS_485.JPG,Groundnut,LLS,uncontrolled,a0ef6a2e1da09d4b,Leaf Spot
Z:\Projects\Smart-Farming\Datasets\final_combined_datasets\GLUE\LLS\GLUE_LLS_486.JPG,Groundnut,LLS,uncontrolled,d8a2e2e61d8bf819,Leaf Spot
Z:\Projects\Smart-Farming\Datasets\final_combined_datasets\GLUE\LLS\GLUE_LLS_487.JPG,Groundnut,LLS,uncontrolled,c523d2048d9b677e,Leaf Spot
Z:\Projects\Smart-Farming\Datasets\final_combined_datasets\GLUE\LLS\GLUE_LLS_488.JPG,Groundnut,LLS,uncontrolled,dbb2b0016c174f9d,Leaf Spot
Z:\Projects\Smart-Farming\Datasets\final_combined_datasets\GLUE\LLS\GLUE_LLS_489.JPG,Groundnut,LLS,uncontrolled,db25151465f8593e,Leaf Spot
Z:\Projects\Smart-Farming\Datasets\final_combined_datasets\GLUE\LLS\GLUE_LLS_490.JPG,Groundnut,LLS,uncontrolled,c9db32b538af3148,Leaf Spot
Z:\Projects\Smart-Farming\Datasets\final_combined_datasets\GLUE\LLS\GLUE_LLS_491.JPG,Groundnut,LLS,uncontrolled,d3f411ce874dd20d,Leaf Spot
Z:\Projects\Smart-Farming\Datasets\final_combined_datasets\GLUE\LLS\GLUE_LLS_492.JPG,Groundnut,LLS,uncontrolled,dcea8f6413f11d90,Leaf Spot
Z:\Projects\Smart-Farming\Datasets\final_combined_datasets\GLUE\LLS\GLUE_LLS_493.JPG,Groundnut,LLS,uncontrolled,c2d0117dfee44687,Leaf Spot
Z:\Projects\Smart-Farming\Datasets\final_combined_datasets\GLUE\LLS\GLUE_LLS_494.JPG,Groundnut,LLS,uncontrolled,d95192efc0be036a,Leaf Spot
Z:\Projects\Smart-Farming\Datasets\final_combined_datasets\GLUE\LLS\GLUE_LLS_495.JPG,Groundnut,LLS,uncontrolled,e86e0135f806dfca,Leaf Spot
Z:\Projects\Smart-Farming\Datasets\final_combined_datasets\GLUE\LLS\GLUE_LLS_496.JPG,Groundnut,LLS,uncontrolled,fd657ed0830e0e07,Leaf Spot
Z:\Projects\Smart-Farming\Datasets\final_combined_datasets\GLUE\LLS\GLUE_LLS_497.JPG,Groundnut,LLS,uncontrolled,fd297fa407a1e01c,Leaf Spot
Z:\Projects\Smart-Farming\Datasets\final_combined_datasets\GLUE\LLS\GLUE_LLS_498.JPG,Groundnut,LLS,uncontrolled,caab94f66d0039e5,Leaf Spot
Z:\Projects\Smart-Farming\Datasets\final_combined_datasets\GLUE\LLS\GLUE_LLS_499.JPG,Groundnut,LLS,uncontrolled,f07d272d2607b48b,Leaf Spot
Z:\Projects\Smart-Farming\Datasets\final_combined_datasets\GLUE\LLS\GLUE_LLS_500.JPG,Groundnut,LLS,uncontrolled,dfc872938974a781,Leaf Spot
Z:\Projects\Smart-Farming\Datasets\final_combined_datasets\GLUE\LLS\GLUE_LLS_501.JPG,Groundnut,LLS,uncontrolled,cb382ef80599f05e,Leaf Spot
Z:\Projects\Smart-Farming\Datasets\final_combined_datasets\GLUE\LLS\GLUE_LLS_502.JPG,Groundnut,LLS,uncontrolled,c968146afc9b68ad,Leaf Spot
Z:\Projects\Smart-Farming\Datasets\final_combined_datasets\GLUE\LLS\GLUE_LLS_503.JPG,Groundnut,LLS,uncontrolled,dc122bcad0bd8747,Leaf Spot
Z:\Projects\Smart-Farming\Datasets\final_combined_datasets\GLUE\LLS\GLUE_LLS_504.JPG,Groundnut,LLS,uncontrolled,caec1ec69d036cb8,Leaf Spot
Z:\Projects\Smart-Farming\Datasets\final_combined_datasets\GLUE\R\GLUE_R_010.JPG,Groundnut,R,uncontrolled,81c47ce3c72d297a,Rust
Z:\Projects\Smart-Farming\Datasets\final_combined_datasets\GLUE\R\GLUE_R_011.JPG,Groundnut,R,uncontrolled,cff92787f10c04e4,Rust
Z:\Projects\Smart-Farming\Datasets\final_combined_datasets\GLUE\R\GLUE_R_012.JPG,Groundnut,R,uncontrolled,ccfb3fc6c90340cc,Rust
Z:\Projects\Smart-Farming\Datasets\final_combined_datasets\GLUE\R\GLUE_R_013.JPG,Groundnut,R,uncontrolled,99dc601cece314bd,Rust
Z:\Projects\Smart-Farming\Datasets\final_combined_datasets\GLUE\R\GLUE_R_014.JPG,Groundnut,R,uncontrolled,dced277e401cf700,Rust
Z:\Projects\Smart-Farming\Datasets\final_combined_datasets\GLUE\R\GLUE_R_015.JPG,Groundnut,R,uncontrolled,d8d082193ce76773,Rust
Z:\Projects\Smart-Farming\Datasets\final_combined_datasets\GLUE\R\GLUE_R_016.JPG,Groundnut,R,uncontrolled,d63706d0bc9bfb00,Rust
Z:\Projects\Smart-Farming\Datasets\final_combined_datasets\GLUE\R\GLUE_R_017.JPG,Groundnut,R,uncontrolled,fc3d01640f9d1f83,Rust
Z:\Projects\Smart-Farming\Datasets\final_combined_datasets\GLUE\R\GLUE_R_018.JPG,Groundnut,R,uncontrolled,d0ca7f0fc3650ea2,Rust
Z:\Projects\Smart-Farming\Datasets\final_combined_datasets\GLUE\R\GLUE_R_257.JPG,Groundnut,R,uncontrolled,c0b4703e1a9fcb69,Rust
Z:\Projects\Smart-Farming\Datasets\final_combined_datasets\GLUE\R\GLUE_R_007.jpg,Groundnut,R,uncontrolled,e71661e4349e7169,Rust
Z:\Projects\Smart-Farming\Datasets\final_combined_datasets\GLUE\R\GLUE_R_009.jpg,Groundnut,R,uncontrolled,d5c004fbac9f311e,Rust
Z:\Projects\Smart-Farming\Datasets\final_combined_datasets\GLUE\R\GLUE_R_001.jpg,Groundnut,R,uncontrolled,ad145363b9785a1e,Rust
Z:\Projects\Smart-Farming\Datasets\final_combined_datasets\GLUE\R\GLUE_R_002.jpg,Groundnut,R,uncontrolled,f0091be1795bc7a4,Rust
Z:\Projects\Smart-Farming\Datasets\final_combined_datasets\GLUE\R\GLUE_R_005.jpg,Groundnut,R,uncontrolled,813c6ac895bec9e6,Rust
Z:\Projects\Smart-Farming\Datasets\final_combined_datasets\GLUE\R\GLUE_R_019.JPG,Groundnut,R,uncontrolled,ccc76607c01f33f1,Rust
Z:\Projects\Smart-Farming\Datasets\final_combined_datasets\GLUE\R\GLUE_R_020.JPG,Groundnut,R,uncontrolled,8f2ab18c2395ab73,Rust
Z:\Projects\Smart-Farming\Datasets\final_combined_datasets\GLUE\R\GLUE_R_021.JPG,Groundnut,R,uncontrolled,d26d8294c5386f97,Rust
Z:\Projects\Smart-Farming\Datasets\final_combined_datasets\GLUE\R\GLUE_R_022.JPG,Groundnut,R,uncontrolled,c916fac1a4db2672,Rust
Z:\Projects\Smart-Farming\Datasets\final_combined_datasets\GLUE\R\GLUE_R_023.JPG,Groundnut,R,uncontrolled,facd3679b846148a,Rust
Z:\Projects\Smart-Farming\Datasets\final_combined_datasets\GLUE\R\GLUE_R_024.JPG,Groundnut,R,uncontrolled,968d31b6cd98595a,Rust
Z:\Projects\Smart-Farming\Datasets\final_combined_datasets\GLUE\R\GLUE_R_025.JPG,Groundnut,R,uncontrolled,d95ca4331ac66dc6,Rust
Z:\Projects\Smart-Farming\Datasets\final_combined_datasets\GLUE\R\GLUE_R_026.JPG,Groundnut,R,uncontrolled,c96eb63b78e43888,Rust
Z:\Projects\Smart-Farming\Datasets\final_combined_datasets\GLUE\R\GLUE_R_027.JPG,Groundnut,R,uncontrolled,dd6693a15c30e339,Rust
Z:\Projects\Smart-Farming\Datasets\final_combined_datasets\GLUE\R\GLUE_R_028.JPG,Groundnut,R,uncontrolled,ffdfe04ae1046305,Rust
Z:\Projects\Smart-Farming\Datasets\final_combined_datasets\GLUE\R\GLUE_R_029.JPG,Groundnut,R,uncontrolled,da12e36b494d39cc,Rust
Z:\Projects\Smart-Farming\Datasets\final_combined_datasets\GLUE\R\GLUE_R_030.JPG,Groundnut,R,uncontrolled,d09e4a7984de176a,Rust
Z:\Projects\Smart-Farming\Datasets\final_combined_datasets\GLUE\R\GLUE_R_031.JPG,Groundnut,R,uncontrolled,e55a37615aaf9058,Rust
Z:\Projects\Smart-Farming\Datasets\final_combined_datasets\GLUE\R\GLUE_R_032.JPG,Groundnut,R,uncontrolled,e55361c8be9449bc,Rust
Z:\Projects\Smart-Farming\Datasets\final_combined_datasets\GLUE\R\GLUE_R_033.JPG,Groundnut,R,uncontrolled,d97ba304d0ecde82,Rust
Z:\Projects\Smart-Farming\Datasets\final_combined_datasets\GLUE\R\GLUE_R_034.JPG,Groundnut,R,uncontrolled,82ba4cbde95fb420,Rust
Z:\Projects\Smart-Farming\Datasets\final_combined_datasets\GLUE\R\GLUE_R_035.JPG,Groundnut,R,uncontrolled,98e6d9815d33b6e0,Rust
Z:\Projects\Smart-Farming\Datasets\final_combined_datasets\GLUE\R\GLUE_R_036.JPG,Groundnut,R,uncontrolled,df6023b3b8cd1c2c,Rust
Z:\Projects\Smart-Farming\Datasets\final_combined_datasets\GLUE\R\GLUE_R_037.JPG,Groundnut,R,uncontrolled,e8203ffaebc60156,Rust
Z:\Projects\Smart-Farming\Datasets\final_combined_datasets\GLUE\R\GLUE_R_038.JPG,Groundnut,R,uncontrolled,cc7166f80fe1f805,Rust
Z:\Projects\Smart-Farming\Datasets\final_combined_datasets\GLUE\R\GLUE_R_039.JPG,Groundnut,R,uncontrolled,eee3721d98cce241,Rust
Z:\Projects\Smart-Farming\Datasets\final_combined_datasets\GLUE\R\GLUE_R_040.JPG,Groundnut,R,uncontrolled,ed03bed74da02658,Rust
Z:\Projects\Smart-Farming\Datasets\final_combined_datasets\GLUE\R\GLUE_R_041.JPG,Groundnut,R,uncontrolled,98a13336c57bce68,Rust
Z:\Projects\Smart-Farming\Datasets\final_combined_datasets\GLUE\R\GLUE_R_042.JPG,Groundnut,R,uncontrolled,9c899338cdb4623f,Rust
Z:\Projects\Smart-Farming\Datasets\final_combined_datasets\GLUE\R\GLUE_R_043.JPG,Groundnut,R,uncontrolled,f94c622bc033abe5,Rust
Z:\Projects\Smart-Farming\Datasets\final_combined_datasets\GLUE\R\GLUE_R_044.JPG,Groundnut,R,uncontrolled,8b57348be4c9970b,Rust
Z:\Projects\Smart-Farming\Datasets\final_combined_datasets\GLUE\R\GLUE_R_045.JPG,Groundnut,R,uncontrolled,8952268ddbdc31ab,Rust
Z:\Projects\Smart-Farming\Datasets\final_combined_datasets\GLUE\R\GLUE_R_046.JPG,Groundnut,R,uncontrolled,f4aa67851437a5ca,Rust
Z:\Projects\Smart-Farming\Datasets\final_combined_datasets\GLUE\R\GLUE_R_047.JPG,Groundnut,R,uncontrolled,90273b72e9994eb4,Rust
Z:\Projects\Smart-Farming\Datasets\final_combined_datasets\GLUE\R\GLUE_R_048.JPG,Groundnut,R,uncontrolled,c79472295c76b18d,Rust
Z:\Projects\Smart-Farming\Datasets\final_combined_datasets\GLUE\R\GLUE_R_049.JPG,Groundnut,R,uncontrolled,d0f4254fd37c47a0,Rust
Z:\Projects\Smart-Farming\Datasets\final_combined_datasets\GLUE\R\GLUE_R_050.JPG,Groundnut,R,uncontrolled,dfbc21c7d1384433,Rust
Z:\Projects\Smart-Farming\Datasets\final_combined_datasets\GLUE\R\GLUE_R_051.JPG,Groundnut,R,uncontrolled,87be21e2d29e66c8,Rust
Z:\Projects\Smart-Farming\Datasets\final_combined_datasets\GLUE\R\GLUE_R_052.JPG,Groundnut,R,uncontrolled,ec4be0ac8e4cee34,Rust
Z:\Projects\Smart-Farming\Datasets\final_combined_datasets\GLUE\R\GLUE_R_053.JPG,Groundnut,R,uncontrolled,df06266d9219f6a2,Rust
Z:\Projects\Smart-Farming\Datasets\final_combined_datasets\GLUE\R\GLUE_R_054.JPG,Groundnut,R,uncontrolled,db9563d9749684c4,Rust
Z:\Projects\Smart-Farming\Datasets\final_combined_datasets\GLUE\R\GLUE_R_055.JPG,Groundnut,R,uncontrolled,ac522ebf594649e8,Rust
Z:\Projects\Smart-Farming\Datasets\final_combined_datasets\GLUE\R\GLUE_R_056.JPG,Groundnut,R,uncontrolled,a09a6ad3a8b6b8a7,Rust
Z:\Projects\Smart-Farming\Datasets\final_combined_datasets\GLUE\R\GLUE_R_057.JPG,Groundnut,R,uncontrolled,d89623c38f55ad4c,Rust
Z:\Projects\Smart-Farming\Datasets\final_combined_datasets\GLUE\R\GLUE_R_058.JPG,Groundnut,R,uncontrolled,e8a63ee40d99c46b,Rust
Z:\Projects\Smart-Farming\Datasets\final_combined_datasets\GLUE\R\GLUE_R_059.JPG,Groundnut,R,uncontrolled,ec0ba73ccfe41a03,Rust
Z:\Projects\Smart-Farming\Datasets\final_combined_datasets\GLUE\R\GLUE_R_060.JPG,Groundnut,R,uncontrolled,8ccdf3c2d072623b,Rust
Z:\Projects\Smart-Farming\Datasets\final_combined_datasets\GLUE\R\GLUE_R_061.JPG,Groundnut,R,uncontrolled,ac71433ea524f16b,Rust
Z:\Projects\Smart-Farming\Datasets\final_combined_datasets\GLUE\R\GLUE_R_062.JPG,Groundnut,R,uncontrolled,a85f6325ed52d8c1,Rust
Z:\Projects\Smart-Farming\Datasets\final_combined_datasets\GLUE\R\GLUE_R_063.JPG,Groundnut,R,uncontrolled,b03c570293ac9fad,Rust
Z:\Projects\Smart-Farming\Datasets\final_combined_datasets\GLUE\R\GLUE_R_064.JPG,Groundnut,R,uncontrolled,e5f2320e8d8f32a9,Rust
Z:\Projects\Smart-Farming\Datasets\final_combined_datasets\GLUE\R\GLUE_R_065.JPG,Groundnut,R,uncontrolled,dc8ee739d41d3405,Rust
Z:\Projects\Smart-Farming\Datasets\final_combined_datasets\GLUE\R\GLUE_R_066.JPG,Groundnut,R,uncontrolled,960e6de121bee623,Rust
Z:\Projects\Smart-Farming\Datasets\final_combined_datasets\GLUE\R\GLUE_R_067.JPG,Groundnut,R,uncontrolled,dc0f27658469b6c9,Rust
Z:\Projects\Smart-Farming\Datasets\final_combined_datasets\GLUE\R\GLUE_R_068.JPG,Groundnut,R,uncontrolled,938f2cf1341dc665,Rust
Z:\Projects\Smart-Farming\Datasets\final_combined_datasets\GLUE\R\GLUE_R_069.JPG,Groundnut,R,uncontrolled,ccc826a05ff305fc,Rust
Z:\Projects\Smart-Farming\Datasets\final_combined_datasets\GLUE\R\GLUE_R_070.JPG,Groundnut,R,uncontrolled,f88ce7781e870197,Rust
Z:\Projects\Smart-Farming\Datasets\final_combined_datasets\GLUE\R\GLUE_R_071.JPG,Groundnut,R,uncontrolled,fc852476d26f20bc,Rust
Z:\Projects\Smart-Farming\Datasets\final_combined_datasets\GLUE\R\GLUE_R_072.JPG,Groundnut,R,uncontrolled,9bf0a2b6c929631e,Rust
Z:\Projects\Smart-Farming\Datasets\final_combined_datasets\GLUE\R\GLUE_R_073.JPG,Groundnut,R,uncontrolled,fd8ea2d783d92680,Rust
Z:\Projects\Smart-Farming\Datasets\final_combined_datasets\GLUE\R\GLUE_R_074.JPG,Groundnut,R,uncontrolled,9fe824cbc25d95b0,Rust
Z:\Projects\Smart-Farming\Datasets\final_combined_datasets\GLUE\R\GLUE_R_075.JPG,Groundnut,R,uncontrolled,fe192e84ad7a4730,Rust
Z:\Projects\Smart-Farming\Datasets\final_combined_datasets\GLUE\R\GLUE_R_076.JPG,Groundnut,R,uncontrolled,c87377ac13c17515,Rust
Z:\Projects\Smart-Farming\Datasets\final_combined_datasets\GLUE\R\GLUE_R_077.JPG,Groundnut,R,uncontrolled,dc6309b30a8d7d93,Rust
Z:\Projects\Smart-Farming\Datasets\final_combined_datasets\GLUE\R\GLUE_R_078.JPG,Groundnut,R,uncontrolled,cf42fc0f839e18d4,Rust
Z:\Projects\Smart-Farming\Datasets\final_combined_datasets\GLUE\R\GLUE_R_079.JPG,Groundnut,R,uncontrolled,d06729f616e80c6f,Rust
Z:\Projects\Smart-Farming\Datasets\final_combined_datasets\GLUE\R\GLUE_R_080.JPG,Groundnut,R,uncontrolled,9c1b27f428b544f5,Rust
Z:\Projects\Smart-Farming\Datasets\final_combined_datasets\GLUE\R\GLUE_R_081.JPG,Groundnut,R,uncontrolled,d03a36cf8ec63338,Rust
Z:\Projects\Smart-Farming\Datasets\final_combined_datasets\GLUE\R\GLUE_R_082.JPG,Groundnut,R,uncontrolled,8f8c2758d93b5c61,Rust
Z:\Projects\Smart-Farming\Datasets\final_combined_datasets\GLUE\R\GLUE_R_083.JPG,Groundnut,R,uncontrolled,9da565d30c59741b,Rust
Z:\Projects\Smart-Farming\Datasets\final_combined_datasets\GLUE\R\GLUE_R_084.JPG,Groundnut,R,uncontrolled,ccc673b8c367322c,Rust
Z:\Projects\Smart-Farming\Datasets\final_combined_datasets\GLUE\R\GLUE_R_085.JPG,Groundnut,R,uncontrolled,bcf05a914a3dd4b1,Rust
Z:\Projects\Smart-Farming\Datasets\final_combined_datasets\GLUE\R\GLUE_R_086.JPG,Groundnut,R,uncontrolled,84e0dbe8ce2f1d2c,Rust
Z:\Projects\Smart-Farming\Datasets\final_combined_datasets\GLUE\R\GLUE_R_087.JPG,Groundnut,R,uncontrolled,d02fca78c3b2621f,Rust
Z:\Projects\Smart-Farming\Datasets\final_combined_datasets\GLUE\R\GLUE_R_088.JPG,Groundnut,R,uncontrolled,cb41702e011a5fff,Rust
Z:\Projects\Smart-Farming\Datasets\final_combined_datasets\GLUE\R\GLUE_R_089.JPG,Groundnut,R,uncontrolled,ef1f0f43f00c710e,Rust
Z:\Projects\Smart-Farming\Datasets\final_combined_datasets\GLUE\R\GLUE_R_090.JPG,Groundnut,R,uncontrolled,fc8e0310be0fa8fc,Rust
Z:\Projects\Smart-Farming\Datasets\final_combined_datasets\GLUE\R\GLUE_R_091.JPG,Groundnut,R,uncontrolled,c9f936c8db0f0da0,Rust
Z:\Projects\Smart-Farming\Datasets\final_combined_datasets\GLUE\R\GLUE_R_092.JPG,Groundnut,R,uncontrolled,ae1f80f08c7fc2e4,Rust
Z:\Projects\Smart-Farming\Datasets\final_combined_datasets\GLUE\R\GLUE_R_093.JPG,Groundnut,R,uncontrolled,fc4e1ee00f6f2113,Rust
Z:\Projects\Smart-Farming\Datasets\final_combined_datasets\GLUE\R\GLUE_R_094.JPG,Groundnut,R,uncontrolled,b9dc407a345fcc32,Rust
Z:\Projects\Smart-Farming\Datasets\final_combined_datasets\GLUE\R\GLUE_R_095.JPG,Groundnut,R,uncontrolled,97cd2e66709e819c,Rust
Z:\Projects\Smart-Farming\Datasets\final_combined_datasets\GLUE\R\GLUE_R_096.JPG,Groundnut,R,uncontrolled,92c92e6e31f06637,Rust
Z:\Projects\Smart-Farming\Datasets\final_combined_datasets\GLUE\R\GLUE_R_097.JPG,Groundnut,R,uncontrolled,d8cbb75805f649e0,Rust
Z:\Projects\Smart-Farming\Datasets\final_combined_datasets\GLUE\R\GLUE_R_098.JPG,Groundnut,R,uncontrolled,fcf3f2918e4c0962,Rust
Z:\Projects\Smart-Farming\Datasets\final_combined_datasets\GLUE\R\GLUE_R_099.JPG,Groundnut,R,uncontrolled,d46a4a2e1d26356f,Rust
Z:\Projects\Smart-Farming\Datasets\final_combined_datasets\GLUE\R\GLUE_R_100.JPG,Groundnut,R,uncontrolled,d88ce3f36dc39844,Rust
Z:\Projects\Smart-Farming\Datasets\final_combined_datasets\GLUE\R\GLUE_R_101.JPG,Groundnut,R,uncontrolled,e8cd30991ff12798,Rust
Z:\Projects\Smart-Farming\Datasets\final_combined_datasets\GLUE\R\GLUE_R_102.JPG,Groundnut,R,uncontrolled,ef83d9dc35618c28,Rust
Z:\Projects\Smart-Farming\Datasets\final_combined_datasets\GLUE\R\GLUE_R_103.JPG,Groundnut,R,uncontrolled,b315c84cf7c3a296,Rust
Z:\Projects\Smart-Farming\Datasets\final_combined_datasets\GLUE\R\GLUE_R_104.JPG,Groundnut,R,uncontrolled,b0e31f0c8e187af5,Rust
Z:\Projects\Smart-Farming\Datasets\final_combined_datasets\GLUE\R\GLUE_R_105.JPG,Groundnut,R,uncontrolled,a205c84ce7d3ba3e,Rust
Z:\Projects\Smart-Farming\Datasets\final_combined_datasets\GLUE\R\GLUE_R_106.JPG,Groundnut,R,uncontrolled,dd90e2c71c603f87,Rust
Z:\Projects\Smart-Farming\Datasets\final_combined_datasets\GLUE\R\GLUE_R_107.JPG,Groundnut,R,uncontrolled,c997f0ed1c816734,Rust
Z:\Projects\Smart-Farming\Datasets\final_combined_datasets\GLUE\R\GLUE_R_108.JPG,Groundnut,R,uncontrolled,87b96233d9c42739,Rust
Z:\Projects\Smart-Farming\Datasets\final_combined_datasets\GLUE\R\GLUE_R_109.JPG,Groundnut,R,uncontrolled,cf88e53097f017cc,Rust
Z:\Projects\Smart-Farming\Datasets\final_combined_datasets\GLUE\R\GLUE_R_110.JPG,Groundnut,R,uncontrolled,8cc87a1f90ef7622,Rust
Z:\Projects\Smart-Farming\Datasets\final_combined_datasets\GLUE\R\GLUE_R_111.JPG,Groundnut,R,uncontrolled,8fe56239489b6179,Rust
Z:\Projects\Smart-Farming\Datasets\final_combined_datasets\GLUE\R\GLUE_R_112.JPG,Groundnut,R,uncontrolled,9dc374be134c6493,Rust
Z:\Projects\Smart-Farming\Datasets\final_combined_datasets\GLUE\R\GLUE_R_113.JPG,Groundnut,R,uncontrolled,f11c793e2be32506,Rust
Z:\Projects\Smart-Farming\Datasets\final_combined_datasets\GLUE\R\GLUE_R_114.JPG,Groundnut,R,uncontrolled,c9e438c91b1ce6f1,Rust
Z:\Projects\Smart-Farming\Datasets\final_combined_datasets\GLUE\R\GLUE_R_115.JPG,Groundnut,R,uncontrolled,afdcc3cc234c6391,Rust
Z:\Projects\Smart-Farming\Datasets\final_combined_datasets\GLUE\R\GLUE_R_116.JPG,Groundnut,R,uncontrolled,cb1e721df1a39831,Rust
Z:\Projects\Smart-Farming\Datasets\final_combined_datasets\GLUE\R\GLUE_R_117.JPG,Groundnut,R,uncontrolled,b9ed3183c7043ac7,Rust
Z:\Projects\Smart-Farming\Datasets\final_combined_datasets\GLUE\R\GLUE_R_118.JPG,Groundnut,R,uncontrolled,dcf6431317397134,Rust
Z:\Projects\Smart-Farming\Datasets\final_combined_datasets\GLUE\R\GLUE_R_119.JPG,Groundnut,R,uncontrolled,dc720351d8b26ec7,Rust
Z:\Projects\Smart-Farming\Datasets\final_combined_datasets\GLUE\R\GLUE_R_121.JPG,Groundnut,R,uncontrolled,e4f4649e86c6cdc8,Rust
Z:\Projects\Smart-Farming\Datasets\final_combined_datasets\GLUE\R\GLUE_R_122.JPG,Groundnut,R,uncontrolled,dcb49cc7e0c847e1,Rust
Z:\Projects\Smart-Farming\Datasets\final_combined_datasets\GLUE\R\GLUE_R_123.JPG,Groundnut,R,uncontrolled,d9b9b09ecfb0c118,Rust
Z:\Projects\Smart-Farming\Datasets\final_combined_datasets\GLUE\R\GLUE_R_124.JPG,Groundnut,R,uncontrolled,dd04c3e20ec57d2d,Rust
Z:\Projects\Smart-Farming\Datasets\final_combined_datasets\GLUE\R\GLUE_R_125.JPG,Groundnut,R,uncontrolled,cb7a2e6e0cb98199,Rust
Z:\Projects\Smart-Farming\Datasets\final_combined_datasets\GLUE\R\GLUE_R_126.JPG,Groundnut,R,uncontrolled,c1d83770c3225eee,Rust
Z:\Projects\Smart-Farming\Datasets\final_combined_datasets\GLUE\R\GLUE_R_127.JPG,Groundnut,R,uncontrolled,c89a27e71c1cf81d,Rust
Z:\Projects\Smart-Farming\Datasets\final_combined_datasets\GLUE\R\GLUE_R_128.JPG,Groundnut,R,uncontrolled,ce3866290f3267c7,Rust
Z:\Projects\Smart-Farming\Datasets\final_combined_datasets\GLUE\R\GLUE_R_129.JPG,Groundnut,R,uncontrolled,9ae167729828b9dc,Rust
Z:\Projects\Smart-Farming\Datasets\final_combined_datasets\GLUE\R\GLUE_R_130.JPG,Groundnut,R,uncontrolled,9f8e27a6cd393025,Rust
Z:\Projects\Smart-Farming\Datasets\final_combined_datasets\GLUE\R\GLUE_R_131.JPG,Groundnut,R,uncontrolled,90f0783c8f0d3cbe,Rust
Z:\Projects\Smart-Farming\Datasets\final_combined_datasets\GLUE\R\GLUE_R_132.JPG,Groundnut,R,uncontrolled,a4ec6b1aab95549a,Rust
Z:\Projects\Smart-Farming\Datasets\final_combined_datasets\GLUE\R\GLUE_R_133.JPG,Groundnut,R,uncontrolled,8f6e3c3bc34c8c8a,Rust
Z:\Projects\Smart-Farming\Datasets\final_combined_datasets\GLUE\R\GLUE_R_134.JPG,Groundnut,R,uncontrolled,ca612746f265669b,Rust
Z:\Projects\Smart-Farming\Datasets\final_combined_datasets\GLUE\R\GLUE_R_135.JPG,Groundnut,R,uncontrolled,c38c39739ec3c594,Rust
Z:\Projects\Smart-Farming\Datasets\final_combined_datasets\GLUE\R\GLUE_R_136.JPG,Groundnut,R,uncontrolled,94967586d676aa31,Rust
Z:\Projects\Smart-Farming\Datasets\final_combined_datasets\GLUE\R\GLUE_R_137.JPG,Groundnut,R,uncontrolled,ded375584a4b6834,Rust
Z:\Projects\Smart-Farming\Datasets\final_combined_datasets\GLUE\R\GLUE_R_138.JPG,Groundnut,R,uncontrolled,9c9237662aaba95a,Rust
Z:\Projects\Smart-Farming\Datasets\final_combined_datasets\GLUE\R\GLUE_R_139.JPG,Groundnut,R,uncontrolled,c8c072636f6f264e,Rust
Z:\Projects\Smart-Farming\Datasets\final_combined_datasets\GLUE\R\GLUE_R_140.JPG,Groundnut,R,uncontrolled,858d72d8e720db71,Rust
Z:\Projects\Smart-Farming\Datasets\final_combined_datasets\GLUE\R\GLUE_R_141.JPG,Groundnut,R,uncontrolled,f3e4a1a9e46943c6,Rust
Z:\Projects\Smart-Farming\Datasets\final_combined_datasets\GLUE\R\GLUE_R_142.JPG,Groundnut,R,uncontrolled,8e567cad708815cf,Rust
Z:\Projects\Smart-Farming\Datasets\final_combined_datasets\GLUE\R\GLUE_R_143.JPG,Groundnut,R,uncontrolled,887660bd4ac32fea,Rust
Z:\Projects\Smart-Farming\Datasets\final_combined_datasets\GLUE\R\GLUE_R_144.JPG,Groundnut,R,uncontrolled,e9ecb52c4d781b90,Rust
Z:\Projects\Smart-Farming\Datasets\final_combined_datasets\GLUE\R\GLUE_R_145.JPG,Groundnut,R,uncontrolled,f4fcf027a38d1862,Rust
Z:\Projects\Smart-Farming\Datasets\final_combined_datasets\GLUE\R\GLUE_R_146.JPG,Groundnut,R,uncontrolled,dab4c371ec5264b4,Rust
Z:\Projects\Smart-Farming\Datasets\final_combined_datasets\GLUE\R\GLUE_R_147.JPG,Groundnut,R,uncontrolled,99b03857c6da2bd4,Rust
Z:\Projects\Smart-Farming\Datasets\final_combined_datasets\GLUE\R\GLUE_R_148.JPG,Groundnut,R,uncontrolled,db9b30a4b684ad2d,Rust
Z:\Projects\Smart-Farming\Datasets\final_combined_datasets\GLUE\R\GLUE_R_149.JPG,Groundnut,R,uncontrolled,c6b9e41dd682712d,Rust
Z:\Projects\Smart-Farming\Datasets\final_combined_datasets\GLUE\R\GLUE_R_150.JPG,Groundnut,R,uncontrolled,94f25f5a951c384d,Rust
Z:\Projects\Smart-Farming\Datasets\final_combined_datasets\GLUE\R\GLUE_R_151.JPG,Groundnut,R,uncontrolled,9fbcf08649860dc7,Rust
Z:\Projects\Smart-Farming\Datasets\final_combined_datasets\GLUE\R\GLUE_R_152.JPG,Groundnut,R,uncontrolled,e81766fd2568da18,Rust
Z:\Projects\Smart-Farming\Datasets\final_combined_datasets\GLUE\R\GLUE_R_153.JPG,Groundnut,R,uncontrolled,cdb738708631bcd1,Rust
Z:\Projects\Smart-Farming\Datasets\final_combined_datasets\GLUE\R\GLUE_R_154.JPG,Groundnut,R,uncontrolled,c9b4e7258ec713c2,Rust
Z:\Projects\Smart-Farming\Datasets\final_combined_datasets\GLUE\R\GLUE_R_155.JPG,Groundnut,R,uncontrolled,e81bbbb2942acd34,Rust
Z:\Projects\Smart-Farming\Datasets\final_combined_datasets\GLUE\R\GLUE_R_156.JPG,Groundnut,R,uncontrolled,d5b23094dd5c2cb3,Rust
Z:\Projects\Smart-Farming\Datasets\final_combined_datasets\GLUE\R\GLUE_R_157.JPG,Groundnut,R,uncontrolled,bed278c007b3ba2c,Rust
Z:\Projects\Smart-Farming\Datasets\final_combined_datasets\GLUE\R\GLUE_R_158.JPG,Groundnut,R,uncontrolled,dcb860f1179ae05e,Rust
Z:\Projects\Smart-Farming\Datasets\final_combined_datasets\GLUE\R\GLUE_R_159.JPG,Groundnut,R,uncontrolled,d91d25b43063fb26,Rust
Z:\Projects\Smart-Farming\Datasets\final_combined_datasets\GLUE\R\GLUE_R_160.JPG,Groundnut,R,uncontrolled,c98b334dd91cc65a,Rust
Z:\Projects\Smart-Farming\Datasets\final_combined_datasets\GLUE\R\GLUE_R_161.JPG,Groundnut,R,uncontrolled,d80fa73c63a32393,Rust
Z:\Projects\Smart-Farming\Datasets\final_combined_datasets\GLUE\R\GLUE_R_162.JPG,Groundnut,R,uncontrolled,dc0be736e5720cc1,Rust
Z:\Projects\Smart-Farming\Datasets\final_combined_datasets\GLUE\R\GLUE_R_163.JPG,Groundnut,R,uncontrolled,c01827f78be67d18,Rust
Z:\Projects\Smart-Farming\Datasets\final_combined_datasets\GLUE\R\GLUE_R_164.JPG,Groundnut,R,uncontrolled,851ae537c8673a95,Rust
Z:\Projects\Smart-Farming\Datasets\final_combined_datasets\GLUE\R\GLUE_R_165.JPG,Groundnut,R,uncontrolled,b4e64f4bb6358b20,Rust
Z:\Projects\Smart-Farming\Datasets\final_combined_datasets\GLUE\R\GLUE_R_166.JPG,Groundnut,R,uncontrolled,99d763960cd2b4cc,Rust
Z:\Projects\Smart-Farming\Datasets\final_combined_datasets\GLUE\R\GLUE_R_167.JPG,Groundnut,R,uncontrolled,ce13ec31f8920fe4,Rust
Z:\Projects\Smart-Farming\Datasets\final_combined_datasets\GLUE\R\GLUE_R_168.JPG,Groundnut,R,uncontrolled,9949e4b80f539d27,Rust
Z:\Projects\Smart-Farming\Datasets\final_combined_datasets\GLUE\R\GLUE_R_169.JPG,Groundnut,R,uncontrolled,a19b654b2dd64b85,Rust
Z:\Projects\Smart-Farming\Datasets\final_combined_datasets\GLUE\R\GLUE_R_170.JPG,Groundnut,R,uncontrolled,8de02d50fbe5da0a,Rust
Z:\Projects\Smart-Farming\Datasets\final_combined_datasets\GLUE\R\GLUE_R_171.JPG,Groundnut,R,uncontrolled,998678d5b14ef03c,Rust
Z:\Projects\Smart-Farming\Datasets\final_combined_datasets\GLUE\R\GLUE_R_172.JPG,Groundnut,R,uncontrolled,ca8be4ab9eb441d2,Rust
Z:\Projects\Smart-Farming\Datasets\final_combined_datasets\GLUE\R\GLUE_R_173.JPG,Groundnut,R,uncontrolled,c5cf6f212c36b232,Rust
Z:\Projects\Smart-Farming\Datasets\final_combined_datasets\GLUE\R\GLUE_R_174.JPG,Groundnut,R,uncontrolled,888b379c526e39d6,Rust
Z:\Projects\Smart-Farming\Datasets\final_combined_datasets\GLUE\R\GLUE_R_175.JPG,Groundnut,R,uncontrolled,8b8976b437d2b84a,Rust
Z:\Projects\Smart-Farming\Datasets\final_combined_datasets\GLUE\R\GLUE_R_176.JPG,Groundnut,R,uncontrolled,e9c663a7ac10c65b,Rust
Z:\Projects\Smart-Farming\Datasets\final_combined_datasets\GLUE\R\GLUE_R_177.JPG,Groundnut,R,uncontrolled,953c789327f303b8,Rust
Z:\Projects\Smart-Farming\Datasets\final_combined_datasets\GLUE\R\GLUE_R_178.JPG,Groundnut,R,uncontrolled,92933cbd6899a6e1,Rust
Z:\Projects\Smart-Farming\Datasets\final_combined_datasets\GLUE\R\GLUE_R_179.JPG,Groundnut,R,uncontrolled,8dee23e1afb700d0,Rust
Z:\Projects\Smart-Farming\Datasets\final_combined_datasets\GLUE\R\GLUE_R_180.JPG,Groundnut,R,uncontrolled,84aa35dda4927ad3,Rust
Z:\Projects\Smart-Farming\Datasets\final_combined_datasets\GLUE\R\GLUE_R_181.JPG,Groundnut,R,uncontrolled,bed350d0c04eec2f,Rust
Z:\Projects\Smart-Farming\Datasets\final_combined_datasets\GLUE\R\GLUE_R_182.JPG,Groundnut,R,uncontrolled,fe8e256380f8b871,Rust
Z:\Projects\Smart-Farming\Datasets\final_combined_datasets\GLUE\R\GLUE_R_183.JPG,Groundnut,R,uncontrolled,ca4358ad155bd3aa,Rust
Z:\Projects\Smart-Farming\Datasets\final_combined_datasets\GLUE\R\GLUE_R_184.JPG,Groundnut,R,uncontrolled,c256bd9ec120f81f,Rust
Z:\Projects\Smart-Farming\Datasets\final_combined_datasets\GLUE\R\GLUE_R_185.JPG,Groundnut,R,uncontrolled,ca4f9990d608f72d,Rust
Z:\Projects\Smart-Farming\Datasets\final_combined_datasets\GLUE\R\GLUE_R_186.JPG,Groundnut,R,uncontrolled,890f2471d709ccf7,Rust
Z:\Projects\Smart-Farming\Datasets\final_combined_datasets\GLUE\R\GLUE_R_187.JPG,Groundnut,R,uncontrolled,86723969cff4c2c4,Rust
Z:\Projects\Smart-Farming\Datasets\final_combined_datasets\GLUE\R\GLUE_R_188.JPG,Groundnut,R,uncontrolled,d870214f969cd96b,Rust
Z:\Projects\Smart-Farming\Datasets\final_combined_datasets\GLUE\R\GLUE_R_189.JPG,Groundnut,R,uncontrolled,c91e64f327839a99,Rust
Z:\Projects\Smart-Farming\Datasets\final_combined_datasets\GLUE\R\GLUE_R_190.JPG,Groundnut,R,uncontrolled,910f64bec711da8d,Rust
Z:\Projects\Smart-Farming\Datasets\final_combined_datasets\GLUE\R\GLUE_R_191.JPG,Groundnut,R,uncontrolled,d8ce6cfc9e00898f,Rust
Z:\Projects\Smart-Farming\Datasets\final_combined_datasets\GLUE\R\GLUE_R_192.JPG,Groundnut,R,uncontrolled,c95b6f6625861a33,Rust
Z:\Projects\Smart-Farming\Datasets\final_combined_datasets\GLUE\R\GLUE_R_193.JPG,Groundnut,R,uncontrolled,99db3346926435a7,Rust
Z:\Projects\Smart-Farming\Datasets\final_combined_datasets\GLUE\R\GLUE_R_194.JPG,Groundnut,R,uncontrolled,954e38f107bfc819,Rust
Z:\Projects\Smart-Farming\Datasets\final_combined_datasets\GLUE\R\GLUE_R_195.JPG,Groundnut,R,uncontrolled,d80c7c3f93606d1b,Rust
Z:\Projects\Smart-Farming\Datasets\final_combined_datasets\GLUE\R\GLUE_R_196.JPG,Groundnut,R,uncontrolled,c935b23be7038ea4,Rust
Z:\Projects\Smart-Farming\Datasets\final_combined_datasets\GLUE\R\GLUE_R_197.JPG,Groundnut,R,uncontrolled,8a5d76268da929d9,Rust
Z:\Projects\Smart-Farming\Datasets\final_combined_datasets\GLUE\R\GLUE_R_198.JPG,Groundnut,R,uncontrolled,8a7522ab9ca572da,Rust
Z:\Projects\Smart-Farming\Datasets\final_combined_datasets\GLUE\R\GLUE_R_199.JPG,Groundnut,R,uncontrolled,8d633368c7ba5853,Rust
Z:\Projects\Smart-Farming\Datasets\final_combined_datasets\GLUE\R\GLUE_R_200.JPG,Groundnut,R,uncontrolled,9dbe2607e0159799,Rust
Z:\Projects\Smart-Farming\Datasets\final_combined_datasets\GLUE\R\GLUE_R_201.JPG,Groundnut,R,uncontrolled,81aff043e170f11f,Rust
Z:\Projects\Smart-Farming\Datasets\final_combined_datasets\GLUE\R\GLUE_R_202.JPG,Groundnut,R,uncontrolled,d3692ea648ff3114,Rust
Z:\Projects\Smart-Farming\Datasets\final_combined_datasets\GLUE\R\GLUE_R_203.JPG,Groundnut,R,uncontrolled,be1e4321dcf89c31,Rust
Z:\Projects\Smart-Farming\Datasets\final_combined_datasets\GLUE\R\GLUE_R_204.JPG,Groundnut,R,uncontrolled,8318e374dc5b0ef1,Rust
Z:\Projects\Smart-Farming\Datasets\final_combined_datasets\GLUE\R\GLUE_R_205.JPG,Groundnut,R,uncontrolled,cd67278c987858bc,Rust
Z:\Projects\Smart-Farming\Datasets\final_combined_datasets\GLUE\R\GLUE_R_206.JPG,Groundnut,R,uncontrolled,ccc834fecb4c8ca3,Rust
Z:\Projects\Smart-Farming\Datasets\final_combined_datasets\GLUE\R\GLUE_R_207.JPG,Groundnut,R,uncontrolled,ce12638632343bf7,Rust
Z:\Projects\Smart-Farming\Datasets\final_combined_datasets\GLUE\R\GLUE_R_208.JPG,Groundnut,R,uncontrolled,c9cd7063dc3361d8,Rust
Z:\Projects\Smart-Farming\Datasets\final_combined_datasets\GLUE\R\GLUE_R_209.JPG,Groundnut,R,uncontrolled,ecb332f4b58d84c1,Rust
Z:\Projects\Smart-Farming\Datasets\final_combined_datasets\GLUE\R\GLUE_R_210.JPG,Groundnut,R,uncontrolled,cdb5324e5a8889f3,Rust
Z:\Projects\Smart-Farming\Datasets\final_combined_datasets\GLUE\R\GLUE_R_211.JPG,Groundnut,R,uncontrolled,cdb334c59fa48073,Rust
Z:\Projects\Smart-Farming\Datasets\final_combined_datasets\GLUE\R\GLUE_R_212.JPG,Groundnut,R,uncontrolled,873a7c599ad478a2,Rust
Z:\Projects\Smart-Farming\Datasets\final_combined_datasets\GLUE\R\GLUE_R_213.JPG,Groundnut,R,uncontrolled,9b1bf566e1b41650,Rust
Z:\Projects\Smart-Farming\Datasets\final_combined_datasets\GLUE\R\GLUE_R_214.JPG,Groundnut,R,uncontrolled,dd3b67428595f043,Rust
Z:\Projects\Smart-Farming\Datasets\final_combined_datasets\GLUE\R\GLUE_R_215.JPG,Groundnut,R,uncontrolled,cf0ebf2f5c304468,Rust
Z:\Projects\Smart-Farming\Datasets\final_combined_datasets\GLUE\R\GLUE_R_216.JPG,Groundnut,R,uncontrolled,beed6752c169b024,Rust
Z:\Projects\Smart-Farming\Datasets\final_combined_datasets\GLUE\R\GLUE_R_217.JPG,Groundnut,R,uncontrolled,961406e3795e71ad,Rust
Z:\Projects\Smart-Farming\Datasets\final_combined_datasets\GLUE\R\GLUE_R_218.JPG,Groundnut,R,uncontrolled,8b84786af2e0f4f4,Rust
Z:\Projects\Smart-Farming\Datasets\final_combined_datasets\GLUE\R\GLUE_R_219.JPG,Groundnut,R,uncontrolled,c9d524c4dc9b0d6d,Rust
Z:\Projects\Smart-Farming\Datasets\final_combined_datasets\GLUE\R\GLUE_R_220.JPG,Groundnut,R,uncontrolled,dc6b6ea76d418194,Rust
Z:\Projects\Smart-Farming\Datasets\final_combined_datasets\GLUE\R\GLUE_R_221.JPG,Groundnut,R,uncontrolled,dcd6221b4be49665,Rust
Z:\Projects\Smart-Farming\Datasets\final_combined_datasets\GLUE\R\GLUE_R_222.JPG,Groundnut,R,uncontrolled,c9fc36baba0822b3,Rust
Z:\Projects\Smart-Farming\Datasets\final_combined_datasets\GLUE\R\GLUE_R_223.JPG,Groundnut,R,uncontrolled,88bf23d06e98be49,Rust
Z:\Projects\Smart-Farming\Datasets\final_combined_datasets\GLUE\R\GLUE_R_224.JPG,Groundnut,R,uncontrolled,ed942dcadae246a1,Rust
Z:\Projects\Smart-Farming\Datasets\final_combined_datasets\GLUE\R\GLUE_R_225.JPG,Groundnut,R,uncontrolled,a817fc6bc57cb802,Rust
Z:\Projects\Smart-Farming\Datasets\final_combined_datasets\GLUE\R\GLUE_R_226.JPG,Groundnut,R,uncontrolled,9abb05d6c32ed056,Rust
Z:\Projects\Smart-Farming\Datasets\final_combined_datasets\GLUE\R\GLUE_R_227.JPG,Groundnut,R,uncontrolled,9d25721addcf2231,Rust
Z:\Projects\Smart-Farming\Datasets\final_combined_datasets\GLUE\R\GLUE_R_228.JPG,Groundnut,R,uncontrolled,d387252c9cf17326,Rust
Z:\Projects\Smart-Farming\Datasets\final_combined_datasets\GLUE\R\GLUE_R_229.JPG,Groundnut,R,uncontrolled,941e62a47d1fa4e9,Rust
Z:\Projects\Smart-Farming\Datasets\final_combined_datasets\GLUE\R\GLUE_R_230.JPG,Groundnut,R,uncontrolled,c3cc74496d3c351b,Rust
Z:\Projects\Smart-Farming\Datasets\final_combined_datasets\GLUE\R\GLUE_R_231.JPG,Groundnut,R,uncontrolled,b2d04b78e08db5ba,Rust
Z:\Projects\Smart-Farming\Datasets\final_combined_datasets\GLUE\R\GLUE_R_232.JPG,Groundnut,R,uncontrolled,f0c537223f23613e,Rust
Z:\Projects\Smart-Farming\Datasets\final_combined_datasets\GLUE\R\GLUE_R_233.JPG,Groundnut,R,uncontrolled,dd01706698f813fe,Rust
Z:\Projects\Smart-Farming\Datasets\final_combined_datasets\GLUE\R\GLUE_R_234.JPG,Groundnut,R,uncontrolled,ddff3701987c0306,Rust
Z:\Projects\Smart-Farming\Datasets\final_combined_datasets\GLUE\R\GLUE_R_236.jpg,Groundnut,R,uncontrolled,f0f3186a4ed86d98,Rust
Z:\Projects\Smart-Farming\Datasets\final_combined_datasets\GLUE\R\GLUE_R_237.jpg,Groundnut,R,uncontrolled,be93d44cc16993a5,Rust
Z:\Projects\Smart-Farming\Datasets\final_combined_datasets\GLUE\R\GLUE_R_238.jpg,Groundnut,R,uncontrolled,d3233e742c9ff018,Rust
Z:\Projects\Smart-Farming\Datasets\final_combined_datasets\GLUE\R\GLUE_R_239.jpg,Groundnut,R,uncontrolled,d4c27f2d0f19c6c2,Rust
Z:\Projects\Smart-Farming\Datasets\final_combined_datasets\GLUE\R\GLUE_R_240.jpg,Groundnut,R,uncontrolled,f9f96d0064a20f5d,Rust
Z:\Projects\Smart-Farming\Datasets\final_combined_datasets\GLUE\R\GLUE_R_244.jpg,Groundnut,R,uncontrolled,973c8639b36ab461,Rust
Z:\Projects\Smart-Farming\Datasets\final_combined_datasets\GLUE\R\GLUE_R_245.jpg,Groundnut,R,uncontrolled,aab1d2b54962d46d,Rust
Z:\Projects\Smart-Farming\Datasets\final_combined_datasets\GLUE\R\GLUE_R_246.jpg,Groundnut,R,uncontrolled,9d6c686b539e6191,Rust
Z:\Projects\Smart-Farming\Datasets\final_combined_datasets\GLUE\R\GLUE_R_247.jpg,Groundnut,R,uncontrolled,af636e8791f19092,Rust
Z:\Projects\Smart-Farming\Datasets\final_combined_datasets\GLUE\R\GLUE_R_248.jpg,Groundnut,R,uncontrolled,cc9c03e398272bd7,Rust
Z:\Projects\Smart-Farming\Datasets\final_combined_datasets\GLUE\R\GLUE_R_249.jpg,Groundnut,R,uncontrolled,cd99640f73405ee3,Rust
Z:\Projects\Smart-Farming\Datasets\final_combined_datasets\GLUE\R\GLUE_R_250.jpg,Groundnut,R,uncontrolled,fd82e09c5817c1fa,Rust
Z:\Projects\Smart-Farming\Datasets\final_combined_datasets\GLUE\R\GLUE_R_252.jpg,Groundnut,R,uncontrolled,cb98e5cd1b9a1833,Rust
Z:\Projects\Smart-Farming\Datasets\final_combined_datasets\GLUE\R\GLUE_R_253.jpg,Groundnut,R,uncontrolled,dfc0201c4a25b7fb,Rust
Z:\Projects\Smart-Farming\Datasets\final_combined_datasets\GLUE\R\GLUE_R_254.jpg,Groundnut,R,uncontrolled,a2f4490f416dc66f,Rust
Z:\Projects\Smart-Farming\Datasets\final_combined_datasets\GLUE\R\GLUE_R_255.jpg,Groundnut,R,uncontrolled,b7a3d8598ea051e9,Rust
Z:\Projects\Smart-Farming\Datasets\final_combined_datasets\GLUE\R\GLUE_R_256.jpg,Groundnut,R,uncontrolled,e082c68d9e88cbfb,Rust
Z:\Projects\Smart-Farming\Datasets\final_combined_datasets\GLUE\ND\GLUE_ND_001.JPG,Groundnut,ND,uncontrolled,9e2437178bab74a8,Nutrition Deficiency
Z:\Projects\Smart-Farming\Datasets\final_combined_datasets\GLUE\ND\GLUE_ND_002.JPG,Groundnut,ND,uncontrolled,852a241f2c8f9e77,Nutrition Deficiency
Z:\Projects\Smart-Farming\Datasets\final_combined_datasets\GLUE\ND\GLUE_ND_003.JPG,Groundnut,ND,uncontrolled,89362937da65a2da,Nutrition Deficiency
Z:\Projects\Smart-Farming\Datasets\final_combined_datasets\GLUE\ND\GLUE_ND_004.JPG,Groundnut,ND,uncontrolled,eeaa73f71929c0c0,Nutrition Deficiency
Z:\Projects\Smart-Farming\Datasets\final_combined_datasets\GLUE\ND\GLUE_ND_005.JPG,Groundnut,ND,uncontrolled,9e332d5acc9a6705,Nutrition Deficiency
Z:\Projects\Smart-Farming\Datasets\final_combined_datasets\GLUE\ND\GLUE_ND_006.JPG,Groundnut,ND,uncontrolled,a8a5f7aca21a75b0,Nutrition Deficiency
Z:\Projects\Smart-Farming\Datasets\final_combined_datasets\GLUE\ND\GLUE_ND_007.JPG,Groundnut,ND,uncontrolled,ed8798c959d39268,Nutrition Deficiency
Z:\Projects\Smart-Farming\Datasets\final_combined_datasets\GLUE\ND\GLUE_ND_008.JPG,Groundnut,ND,uncontrolled,93242b44da269fdb,Nutrition Deficiency
Z:\Projects\Smart-Farming\Datasets\final_combined_datasets\GLUE\ND\GLUE_ND_009.JPG,Groundnut,ND,uncontrolled,bd1231c229755bb9,Nutrition Deficiency
Z:\Projects\Smart-Farming\Datasets\final_combined_datasets\GLUE\ND\GLUE_ND_010.JPG,Groundnut,ND,uncontrolled,ea2501aecde16b6c,Nutrition Deficiency
Z:\Projects\Smart-Farming\Datasets\final_combined_datasets\GLUE\ND\GLUE_ND_011.JPG,Groundnut,ND,uncontrolled,a552eb5f3649e409,Nutrition Deficiency
Z:\Projects\Smart-Farming\Datasets\final_combined_datasets\GLUE\ND\GLUE_ND_012.JPG,Groundnut,ND,uncontrolled,c7f2b2b68b2d26c0,Nutrition Deficiency
Z:\Projects\Smart-Farming\Datasets\final_combined_datasets\GLUE\ND\GLUE_ND_013.JPG,Groundnut,ND,uncontrolled,d96eb2611c53a959,Nutrition Deficiency
Z:\Projects\Smart-Farming\Datasets\final_combined_datasets\GLUE\ND\GLUE_ND_014.JPG,Groundnut,ND,uncontrolled,9c7424c1fc07d31f,Nutrition Deficiency
Z:\Projects\Smart-Farming\Datasets\final_combined_datasets\GLUE\ND\GLUE_ND_015.JPG,Groundnut,ND,uncontrolled,8c5f00cb195b7ba9,Nutrition Deficiency
Z:\Projects\Smart-Farming\Datasets\final_combined_datasets\GLUE\ND\GLUE_ND_016.JPG,Groundnut,ND,uncontrolled,9d4e78e40f282dad,Nutrition Deficiency
Z:\Projects\Smart-Farming\Datasets\final_combined_datasets\GLUE\ND\GLUE_ND_017.JPG,Groundnut,ND,uncontrolled,9c5b76f03cdc44c4,Nutrition Deficiency
Z:\Projects\Smart-Farming\Datasets\final_combined_datasets\GLUE\ND\GLUE_ND_018.JPG,Groundnut,ND,uncontrolled,8c71361ffd0117d4,Nutrition Deficiency
Z:\Projects\Smart-Farming\Datasets\final_combined_datasets\GLUE\ND\GLUE_ND_019.JPG,Groundnut,ND,uncontrolled,917f140ff802fec8,Nutrition Deficiency
Z:\Projects\Smart-Farming\Datasets\final_combined_datasets\GLUE\ND\GLUE_ND_020.JPG,Groundnut,ND,uncontrolled,9ef1311c19e1e2ea,Nutrition Deficiency
Z:\Projects\Smart-Farming\Datasets\final_combined_datasets\GLUE\ND\GLUE_ND_021.JPG,Groundnut,ND,uncontrolled,9f7c25e9069c6615,Nutrition Deficiency
Z:\Projects\Smart-Farming\Datasets\final_combined_datasets\GLUE\ND\GLUE_ND_022.JPG,Groundnut,ND,uncontrolled,849e75d9c198ae65,Nutrition Deficiency
Z:\Projects\Smart-Farming\Datasets\final_combined_datasets\GLUE\ND\GLUE_ND_023.JPG,Groundnut,ND,uncontrolled,8d9f2c30f86ec712,Nutrition Deficiency
Z:\Projects\Smart-Farming\Datasets\final_combined_datasets\GLUE\ND\GLUE_ND_024.JPG,Groundnut,ND,uncontrolled,89b12fc3d19a3726,Nutrition Deficiency
Z:\Projects\Smart-Farming\Datasets\final_combined_datasets\GLUE\ND\GLUE_ND_025.JPG,Groundnut,ND,uncontrolled,943870d7c13cfdc2,Nutrition Deficiency
Z:\Projects\Smart-Farming\Datasets\final_combined_datasets\GLUE\ND\GLUE_ND_026.JPG,Groundnut,ND,uncontrolled,9c2ee05dc6e22b63,Nutrition Deficiency
Z:\Projects\Smart-Farming\Datasets\final_combined_datasets\GLUE\ND\GLUE_ND_027.JPG,Groundnut,ND,uncontrolled,b0583c06fef21db1,Nutrition Deficiency
Z:\Projects\Smart-Farming\Datasets\final_combined_datasets\GLUE\ND\GLUE_ND_028.JPG,Groundnut,ND,uncontrolled,c8d36a4be4256d6a,Nutrition Deficiency
Z:\Projects\Smart-Farming\Datasets\final_combined_datasets\GLUE\ND\GLUE_ND_029.JPG,Groundnut,ND,uncontrolled,ed8fe08a8370f0d3,Nutrition Deficiency
Z:\Projects\Smart-Farming\Datasets\final_combined_datasets\GLUE\ND\GLUE_ND_030.JPG,Groundnut,ND,uncontrolled,8f7a2415baae8372,Nutrition Deficiency
Z:\Projects\Smart-Farming\Datasets\final_combined_datasets\GLUE\ND\GLUE_ND_031.JPG,Groundnut,ND,uncontrolled,8938f686c9b50dce,Nutrition Deficiency
Z:\Projects\Smart-Farming\Datasets\final_combined_datasets\GLUE\ND\GLUE_ND_032.JPG,Groundnut,ND,uncontrolled,a550368e9cc3d53d,Nutrition Deficiency
Z:\Projects\Smart-Farming\Datasets\final_combined_datasets\GLUE\ND\GLUE_ND_033.JPG,Groundnut,ND,uncontrolled,87573a92c96361e5,Nutrition Deficiency
Z:\Projects\Smart-Farming\Datasets\final_combined_datasets\GLUE\ND\GLUE_ND_034.JPG,Groundnut,ND,uncontrolled,b9f73e402cb294a3,Nutrition Deficiency
Z:\Projects\Smart-Farming\Datasets\final_combined_datasets\GLUE\ND\GLUE_ND_035.JPG,Groundnut,ND,uncontrolled,aca717920279f91e,Nutrition Deficiency
Z:\Projects\Smart-Farming\Datasets\final_combined_datasets\GLUE\ND\GLUE_ND_036.JPG,Groundnut,ND,uncontrolled,a5a5168089f1f7f4,Nutrition Deficiency
Z:\Projects\Smart-Farming\Datasets\final_combined_datasets\GLUE\ND\GLUE_ND_037.JPG,Groundnut,ND,uncontrolled,aceaf819871ce0ec,Nutrition Deficiency
Z:\Projects\Smart-Farming\Datasets\final_combined_datasets\GLUE\ND\GLUE_ND_038.JPG,Groundnut,ND,uncontrolled,a4a197fcf25e2033,Nutrition Deficiency
Z:\Projects\Smart-Farming\Datasets\final_combined_datasets\GLUE\ND\GLUE_ND_039.JPG,Groundnut,ND,uncontrolled,a6e807e7bc81e178,Nutrition Deficiency
Z:\Projects\Smart-Farming\Datasets\final_combined_datasets\GLUE\ND\GLUE_ND_040.JPG,Groundnut,ND,uncontrolled,de9d0af3f09f6001,Nutrition Deficiency
Z:\Projects\Smart-Farming\Datasets\final_combined_datasets\GLUE\ND\GLUE_ND_041.JPG,Groundnut,ND,uncontrolled,cd9426e5c4734d9c,Nutrition Deficiency
Z:\Projects\Smart-Farming\Datasets\final_combined_datasets\GLUE\ND\GLUE_ND_042.JPG,Groundnut,ND,uncontrolled,d89fdf220976b203,Nutrition Deficiency
Z:\Projects\Smart-Farming\Datasets\final_combined_datasets\GLUE\ND\GLUE_ND_043.JPG,Groundnut,ND,uncontrolled,8cf32593ce542b6c,Nutrition Deficiency
Z:\Projects\Smart-Farming\Datasets\final_combined_datasets\GLUE\ND\GLUE_ND_044.JPG,Groundnut,ND,uncontrolled,d229e79896d3285e,Nutrition Deficiency
Z:\Projects\Smart-Farming\Datasets\final_combined_datasets\GLUE\ND\GLUE_ND_045.JPG,Groundnut,ND,uncontrolled,d708e56bacd2d528,Nutrition Deficiency
Z:\Projects\Smart-Farming\Datasets\final_combined_datasets\GLUE\ND\GLUE_ND_046.JPG,Groundnut,ND,uncontrolled,c1b7e00cb3eb14ba,Nutrition Deficiency
Z:\Projects\Smart-Farming\Datasets\final_combined_datasets\GLUE\ND\GLUE_ND_047.JPG,Groundnut,ND,uncontrolled,b8b24388fdc8668f,Nutrition Deficiency
Z:\Projects\Smart-Farming\Datasets\final_combined_datasets\GLUE\ND\GLUE_ND_048.JPG,Groundnut,ND,uncontrolled,a2b1520bfbdc0b4d,Nutrition Deficiency
Z:\Projects\Smart-Farming\Datasets\final_combined_datasets\GLUE\ND\GLUE_ND_049.JPG,Groundnut,ND,uncontrolled,8dbc155100fef23e,Nutrition Deficiency
Z:\Projects\Smart-Farming\Datasets\final_combined_datasets\GLUE\ND\GLUE_ND_050.JPG,Groundnut,ND,uncontrolled,afa8269d13e8f134,Nutrition Deficiency
Z:\Projects\Smart-Farming\Datasets\final_combined_datasets\GLUE\ND\GLUE_ND_051.JPG,Groundnut,ND,uncontrolled,dae32fe8a09c14f1,Nutrition Deficiency
Z:\Projects\Smart-Farming\Datasets\final_combined_datasets\GLUE\ND\GLUE_ND_052.JPG,Groundnut,ND,uncontrolled,f54c6a1e0f37c431,Nutrition Deficiency
Z:\Projects\Smart-Farming\Datasets\final_combined_datasets\GLUE\ND\GLUE_ND_053.JPG,Groundnut,ND,uncontrolled,fdc4eff06882600f,Nutrition Deficiency
Z:\Projects\Smart-Farming\Datasets\final_combined_datasets\GLUE\ND\GLUE_ND_054.JPG,Groundnut,ND,uncontrolled,d4c37ef8810f13d8,Nutrition Deficiency
Z:\Projects\Smart-Farming\Datasets\final_combined_datasets\GLUE\ND\GLUE_ND_055.JPG,Groundnut,ND,uncontrolled,d6c37ffc0107125c,Nutrition Deficiency
Z:\Projects\Smart-Farming\Datasets\final_combined_datasets\GLUE\ND\GLUE_ND_056.JPG,Groundnut,ND,uncontrolled,cc2b63192c7e356a,Nutrition Deficiency
Z:\Projects\Smart-Farming\Datasets\final_combined_datasets\GLUE\ND\GLUE_ND_057.JPG,Groundnut,ND,uncontrolled,dcc662f1c8a40fd9,Nutrition Deficiency
Z:\Projects\Smart-Farming\Datasets\final_combined_datasets\GLUE\ND\GLUE_ND_058.JPG,Groundnut,ND,uncontrolled,8f98f2b2cc7b4c0a,Nutrition Deficiency
Z:\Projects\Smart-Farming\Datasets\final_combined_datasets\GLUE\ND\GLUE_ND_059.JPG,Groundnut,ND,uncontrolled,e3b8274f081b26de,Nutrition Deficiency
Z:\Projects\Smart-Farming\Datasets\final_combined_datasets\GLUE\ND\GLUE_ND_060.JPG,Groundnut,ND,uncontrolled,efc620449b8c5eae,Nutrition Deficiency
Z:\Projects\Smart-Farming\Datasets\final_combined_datasets\GLUE\ND\GLUE_ND_061.JPG,Groundnut,ND,uncontrolled,f81267cc5c49db70,Nutrition Deficiency
Z:\Projects\Smart-Farming\Datasets\final_combined_datasets\GLUE\ND\GLUE_ND_062.JPG,Groundnut,ND,uncontrolled,f860a7c680afced2,Nutrition Deficiency
Z:\Projects\Smart-Farming\Datasets\final_combined_datasets\GLUE\ND\GLUE_ND_063.JPG,Groundnut,ND,uncontrolled,d8f83ca19d433bc2,Nutrition Deficiency
Z:\Projects\Smart-Farming\Datasets\final_combined_datasets\GLUE\ND\GLUE_ND_064.JPG,Groundnut,ND,uncontrolled,ecfb26153c70e087,Nutrition Deficiency
Z:\Projects\Smart-Farming\Datasets\final_combined_datasets\GLUE\ND\GLUE_ND_065.JPG,Groundnut,ND,uncontrolled,c0e1f27f38106f87,Nutrition Deficiency
Z:\Projects\Smart-Farming\Datasets\final_combined_datasets\GLUE\ND\GLUE_ND_066.JPG,Groundnut,ND,uncontrolled,f8c73065d926a6d8,Nutrition Deficiency
Z:\Projects\Smart-Farming\Datasets\final_combined_datasets\GLUE\ND\GLUE_ND_067.JPG,Groundnut,ND,uncontrolled,d8e8bfd218c9818f,Nutrition Deficiency
Z:\Projects\Smart-Farming\Datasets\final_combined_datasets\GLUE\ND\GLUE_ND_068.JPG,Groundnut,ND,uncontrolled,e5e132e691cf6225,Nutrition Deficiency
Z:\Projects\Smart-Farming\Datasets\final_combined_datasets\GLUE\ND\GLUE_ND_069.JPG,Groundnut,ND,uncontrolled,b8ca8637c820677f,Nutrition Deficiency
Z:\Projects\Smart-Farming\Datasets\final_combined_datasets\GLUE\ND\GLUE_ND_070.JPG,Groundnut,ND,uncontrolled,bebf62215959446a,Nutrition Deficiency
Z:\Projects\Smart-Farming\Datasets\final_combined_datasets\GLUE\ND\GLUE_ND_071.JPG,Groundnut,ND,uncontrolled,d237e6d3c5c96450,Nutrition Deficiency
Z:\Projects\Smart-Farming\Datasets\final_combined_datasets\GLUE\ND\GLUE_ND_072.JPG,Groundnut,ND,uncontrolled,ff4e22f0e8ec2470,Nutrition Deficiency
Z:\Projects\Smart-Farming\Datasets\final_combined_datasets\GLUE\ND\GLUE_ND_073.JPG,Groundnut,ND,uncontrolled,fca71312f89e2748,Nutrition Deficiency
Z:\Projects\Smart-Farming\Datasets\final_combined_datasets\GLUE\ND\GLUE_ND_074.JPG,Groundnut,ND,uncontrolled,adbb6b86c2b98c44,Nutrition Deficiency
Z:\Projects\Smart-Farming\Datasets\final_combined_datasets\GLUE\ND\GLUE_ND_075.JPG,Groundnut,ND,uncontrolled,8cb6329495cd23db,Nutrition Deficiency
Z:\Projects\Smart-Farming\Datasets\final_combined_datasets\GLUE\ND\GLUE_ND_076.JPG,Groundnut,ND,uncontrolled,dceb63a09c2e6992,Nutrition Deficiency
Z:\Projects\Smart-Farming\Datasets\final_combined_datasets\GLUE\ND\GLUE_ND_077.JPG,Groundnut,ND,uncontrolled,a1f042534dd3be5a,Nutrition Deficiency
Z:\Projects\Smart-Farming\Datasets\final_combined_datasets\GLUE\ND\GLUE_ND_078.JPG,Groundnut,ND,uncontrolled,8d9563e2c9e58d98,Nutrition Deficiency
Z:\Projects\Smart-Farming\Datasets\final_combined_datasets\GLUE\ND\GLUE_ND_079.JPG,Groundnut,ND,uncontrolled,dcea7c4806adb6c1,Nutrition Deficiency
Z:\Projects\Smart-Farming\Datasets\final_combined_datasets\GLUE\ND\GLUE_ND_080.JPG,Groundnut,ND,uncontrolled,dfcf2283dcc204d6,Nutrition Deficiency
Z:\Projects\Smart-Farming\Datasets\final_combined_datasets\GLUE\ND\GLUE_ND_081.JPG,Groundnut,ND,uncontrolled,d1611ee2cbb08d3e,Nutrition Deficiency
Z:\Projects\Smart-Farming\Datasets\final_combined_datasets\GLUE\ND\GLUE_ND_082.JPG,Groundnut,ND,uncontrolled,c9b42b4be15540fd,Nutrition Deficiency
Z:\Projects\Smart-Farming\Datasets\final_combined_datasets\GLUE\ND\GLUE_ND_083.JPG,Groundnut,ND,uncontrolled,e1623ee299397037,Nutrition Deficiency
Z:\Projects\Smart-Farming\Datasets\final_combined_datasets\GLUE\ND\GLUE_ND_084.JPG,Groundnut,ND,uncontrolled,ce21f296499e266e,Nutrition Deficiency
Z:\Projects\Smart-Farming\Datasets\final_combined_datasets\GLUE\ND\GLUE_ND_085.JPG,Groundnut,ND,uncontrolled,d8d83b49dc35670c,Nutrition Deficiency
Z:\Projects\Smart-Farming\Datasets\final_combined_datasets\GLUE\ND\GLUE_ND_086.JPG,Groundnut,ND,uncontrolled,8c5a3497557d629a,Nutrition Deficiency
Z:\Projects\Smart-Farming\Datasets\final_combined_datasets\GLUE\ND\GLUE_ND_087.JPG,Groundnut,ND,uncontrolled,802f62c9fcb47b2c,Nutrition Deficiency
Z:\Projects\Smart-Farming\Datasets\final_combined_datasets\GLUE\ND\GLUE_ND_088.JPG,Groundnut,ND,uncontrolled,ce3b27600c8f39dc,Nutrition Deficiency
Z:\Projects\Smart-Farming\Datasets\final_combined_datasets\GLUE\ND\GLUE_ND_089.JPG,Groundnut,ND,uncontrolled,8f75653950254bb5,Nutrition Deficiency
Z:\Projects\Smart-Farming\Datasets\final_combined_datasets\GLUE\ND\GLUE_ND_090.JPG,Groundnut,ND,uncontrolled,dce4269fac115972,Nutrition Deficiency
Z:\Projects\Smart-Farming\Datasets\final_combined_datasets\GLUE\ND\GLUE_ND_091.JPG,Groundnut,ND,uncontrolled,abb3211f1c8567c3,Nutrition Deficiency
Z:\Projects\Smart-Farming\Datasets\final_combined_datasets\GLUE\ND\GLUE_ND_092.JPG,Groundnut,ND,uncontrolled,90ee42b16bd5531b,Nutrition Deficiency
Z:\Projects\Smart-Farming\Datasets\final_combined_datasets\GLUE\ND\GLUE_ND_093.JPG,Groundnut,ND,uncontrolled,f08d225daf64cd68,Nutrition Deficiency
Z:\Projects\Smart-Farming\Datasets\final_combined_datasets\GLUE\ND\GLUE_ND_094.JPG,Groundnut,ND,uncontrolled,9d297b31c51bb342,Nutrition Deficiency
Z:\Projects\Smart-Farming\Datasets\final_combined_datasets\GLUE\ND\GLUE_ND_095.JPG,Groundnut,ND,uncontrolled,c8fe04b4eb2625cd,Nutrition Deficiency
Z:\Projects\Smart-Farming\Datasets\final_combined_datasets\GLUE\ND\GLUE_ND_096.JPG,Groundnut,ND,uncontrolled,c1513203f3a99fd9,Nutrition Deficiency
Z:\Projects\Smart-Farming\Datasets\final_combined_datasets\GLUE\ND\GLUE_ND_097.JPG,Groundnut,ND,uncontrolled,d7b0624ebc255167,Nutrition Deficiency
Z:\Projects\Smart-Farming\Datasets\final_combined_datasets\GLUE\ND\GLUE_ND_098.JPG,Groundnut,ND,uncontrolled,cd2cb3e11019d73e,Nutrition Deficiency
Z:\Projects\Smart-Farming\Datasets\final_combined_datasets\GLUE\ND\GLUE_ND_099.JPG,Groundnut,ND,uncontrolled,943b26ef8005f8d7,Nutrition Deficiency
Z:\Projects\Smart-Farming\Datasets\final_combined_datasets\GLUE\ND\GLUE_ND_100.JPG,Groundnut,ND,uncontrolled,d96d362f0708fa0d,Nutrition Deficiency
Z:\Projects\Smart-Farming\Datasets\final_combined_datasets\GLUE\ND\GLUE_ND_101.JPG,Groundnut,ND,uncontrolled,c9e376a8b90c22fa,Nutrition Deficiency
Z:\Projects\Smart-Farming\Datasets\final_combined_datasets\GLUE\ND\GLUE_ND_102.JPG,Groundnut,ND,uncontrolled,cbca64642ef69319,Nutrition Deficiency
Z:\Projects\Smart-Farming\Datasets\final_combined_datasets\GLUE\ND\GLUE_ND_103.JPG,Groundnut,ND,uncontrolled,d662654b691c3fc1,Nutrition Deficiency
Z:\Projects\Smart-Farming\Datasets\final_combined_datasets\GLUE\ND\GLUE_ND_104.JPG,Groundnut,ND,uncontrolled,dbca763dd4e0a8c0,Nutrition Deficiency
Z:\Projects\Smart-Farming\Datasets\final_combined_datasets\GLUE\ND\GLUE_ND_105.JPG,Groundnut,ND,uncontrolled,d5b84bf48eca8629,Nutrition Deficiency
Z:\Projects\Smart-Farming\Datasets\final_combined_datasets\GLUE\ND\GLUE_ND_106.JPG,Groundnut,ND,uncontrolled,cbda72a15e24a4cb,Nutrition Deficiency
Z:\Projects\Smart-Farming\Datasets\final_combined_datasets\GLUE\ND\GLUE_ND_107.JPG,Groundnut,ND,uncontrolled,86746dd39b8c429b,Nutrition Deficiency
Z:\Projects\Smart-Farming\Datasets\final_combined_datasets\GLUE\ND\GLUE_ND_108.JPG,Groundnut,ND,uncontrolled,d07a7e2e76ac2690,Nutrition Deficiency
Z:\Projects\Smart-Farming\Datasets\final_combined_datasets\GLUE\ND\GLUE_ND_109.JPG,Groundnut,ND,uncontrolled,c75b4603dc26b89d,Nutrition Deficiency
Z:\Projects\Smart-Farming\Datasets\final_combined_datasets\GLUE\ND\GLUE_ND_110.JPG,Groundnut,ND,uncontrolled,8994d2230dfef3c1,Nutrition Deficiency
Z:\Projects\Smart-Farming\Datasets\final_combined_datasets\GLUE\ND\GLUE_ND_111.JPG,Groundnut,ND,uncontrolled,bd656b2347e8960a,Nutrition Deficiency
Z:\Projects\Smart-Farming\Datasets\final_combined_datasets\GLUE\ND\GLUE_ND_112.JPG,Groundnut,ND,uncontrolled,c1a3306c72cc1ff9,Nutrition Deficiency
Z:\Projects\Smart-Farming\Datasets\final_combined_datasets\GLUE\ND\GLUE_ND_113.JPG,Groundnut,ND,uncontrolled,c15847a78533bf07,Nutrition Deficiency
Z:\Projects\Smart-Farming\Datasets\final_combined_datasets\GLUE\ND\GLUE_ND_114.JPG,Groundnut,ND,uncontrolled,c17136b4fe12ba13,Nutrition Deficiency
Z:\Projects\Smart-Farming\Datasets\final_combined_datasets\GLUE\ND\GLUE_ND_115.JPG,Groundnut,ND,uncontrolled,cead56f910f021b6,Nutrition Deficiency
Z:\Projects\Smart-Farming\Datasets\final_combined_datasets\GLUE\ND\GLUE_ND_116.JPG,Groundnut,ND,uncontrolled,9deb2c5201f07b87,Nutrition Deficiency
Z:\Projects\Smart-Farming\Datasets\final_combined_datasets\GLUE\ND\GLUE_ND_117.JPG,Groundnut,ND,uncontrolled,86f99a933c91c1d6,Nutrition Deficiency
Z:\Projects\Smart-Farming\Datasets\final_combined_datasets\GLUE\ND\GLUE_ND_118.JPG,Groundnut,ND,uncontrolled,d1d2ea29ecf69908,Nutrition Deficiency
Z:\Projects\Smart-Farming\Datasets\final_combined_datasets\GLUE\ND\GLUE_ND_119.JPG,Groundnut,ND,uncontrolled,cceda406f91663d8,Nutrition Deficiency
Z:\Projects\Smart-Farming\Datasets\final_combined_datasets\GLUE\ND\GLUE_ND_120.JPG,Groundnut,ND,uncontrolled,da113698fcd21b66,Nutrition Deficiency
Z:\Projects\Smart-Farming\Datasets\final_combined_datasets\GLUE\ND\GLUE_ND_121.JPG,Groundnut,ND,uncontrolled,8b2778529de493ca,Nutrition Deficiency
Z:\Projects\Smart-Farming\Datasets\final_combined_datasets\GLUE\ND\GLUE_ND_122.JPG,Groundnut,ND,uncontrolled,8c4dd5abca1ce915,Nutrition Deficiency
Z:\Projects\Smart-Farming\Datasets\final_combined_datasets\GLUE\ND\GLUE_ND_123.JPG,Groundnut,ND,uncontrolled,94c92b365a2b27e5,Nutrition Deficiency
Z:\Projects\Smart-Farming\Datasets\final_combined_datasets\GLUE\ND\GLUE_ND_124.JPG,Groundnut,ND,uncontrolled,982db3a2cbbe2a83,Nutrition Deficiency
Z:\Projects\Smart-Farming\Datasets\final_combined_datasets\GLUE\ND\GLUE_ND_125.JPG,Groundnut,ND,uncontrolled,841af76798871dc6,Nutrition Deficiency
Z:\Projects\Smart-Farming\Datasets\final_combined_datasets\GLUE\ND\GLUE_ND_126.JPG,Groundnut,ND,uncontrolled,8d8830dbcd3c65ce,Nutrition Deficiency
Z:\Projects\Smart-Farming\Datasets\final_combined_datasets\GLUE\ND\GLUE_ND_127.JPG,Groundnut,ND,uncontrolled,cbc8279adad409e6,Nutrition Deficiency
Z:\Projects\Smart-Farming\Datasets\final_combined_datasets\GLUE\ND\GLUE_ND_128.JPG,Groundnut,ND,uncontrolled,cc823087f8fe930f,Nutrition Deficiency
Z:\Projects\Smart-Farming\Datasets\final_combined_datasets\GLUE\ND\GLUE_ND_129.JPG,Groundnut,ND,uncontrolled,d8eb6780fcdc4069,Nutrition Deficiency
Z:\Projects\Smart-Farming\Datasets\final_combined_datasets\GLUE\ND\GLUE_ND_130.JPG,Groundnut,ND,uncontrolled,cf2d31460edb268b,Nutrition Deficiency
Z:\Projects\Smart-Farming\Datasets\final_combined_datasets\GLUE\ND\GLUE_ND_131.JPG,Groundnut,ND,uncontrolled,c1ec37720efa7109,Nutrition Deficiency
Z:\Projects\Smart-Farming\Datasets\final_combined_datasets\GLUE\ND\GLUE_ND_132.JPG,Groundnut,ND,uncontrolled,d5b672d80cd84e6a,Nutrition Deficiency
Z:\Projects\Smart-Farming\Datasets\final_combined_datasets\GLUE\ND\GLUE_ND_133.JPG,Groundnut,ND,uncontrolled,98ed67c1104d6f96,Nutrition Deficiency
Z:\Projects\Smart-Farming\Datasets\final_combined_datasets\GLUE\ND\GLUE_ND_134.JPG,Groundnut,ND,uncontrolled,8892ab28edf2358f,Nutrition Deficiency
Z:\Projects\Smart-Farming\Datasets\final_combined_datasets\GLUE\ND\GLUE_ND_135.JPG,Groundnut,ND,uncontrolled,cfa2309d874b3365,Nutrition Deficiency
Z:\Projects\Smart-Farming\Datasets\final_combined_datasets\GLUE\ND\GLUE_ND_136.JPG,Groundnut,ND,uncontrolled,84b437b390c8cf6e,Nutrition Deficiency
Z:\Projects\Smart-Farming\Datasets\final_combined_datasets\GLUE\ND\GLUE_ND_137.JPG,Groundnut,ND,uncontrolled,e96a2c8aded5a261,Nutrition Deficiency
Z:\Projects\Smart-Farming\Datasets\final_combined_datasets\GLUE\ND\GLUE_ND_138.JPG,Groundnut,ND,uncontrolled,c99177cf882df203,Nutrition Deficiency
Z:\Projects\Smart-Farming\Datasets\final_combined_datasets\GLUE\ND\GLUE_ND_139.JPG,Groundnut,ND,uncontrolled,89b9364a5fd21c5a,Nutrition Deficiency
Z:\Projects\Smart-Farming\Datasets\final_combined_datasets\GLUE\ND\GLUE_ND_140.JPG,Groundnut,ND,uncontrolled,88a5615feb1a69a9,Nutrition Deficiency
Z:\Projects\Smart-Farming\Datasets\final_combined_datasets\GLUE\ND\GLUE_ND_141.JPG,Groundnut,ND,uncontrolled,d90e704ca4366bd7,Nutrition Deficiency
Z:\Projects\Smart-Farming\Datasets\final_combined_datasets\GLUE\ND\GLUE_ND_142.JPG,Groundnut,ND,uncontrolled,8acf851ed2f0f48c,Nutrition Deficiency
Z:\Projects\Smart-Farming\Datasets\final_combined_datasets\GLUE\ND\GLUE_ND_143.JPG,Groundnut,ND,uncontrolled,df85b1b3c26a68c4,Nutrition Deficiency
Z:\Projects\Smart-Farming\Datasets\final_combined_datasets\GLUE\ND\GLUE_ND_144.JPG,Groundnut,ND,uncontrolled,d19b34f08de520de,Nutrition Deficiency
Z:\Projects\Smart-Farming\Datasets\final_combined_datasets\GLUE\ND\GLUE_ND_145.JPG,Groundnut,ND,uncontrolled,eeb6b48aad405ae1,Nutrition Deficiency
Z:\Projects\Smart-Farming\Datasets\final_combined_datasets\GLUE\ND\GLUE_ND_146.JPG,Groundnut,ND,uncontrolled,c1b735c19acbf680,Nutrition Deficiency
Z:\Projects\Smart-Farming\Datasets\final_combined_datasets\GLUE\ND\GLUE_ND_147.JPG,Groundnut,ND,uncontrolled,cb6a36ceb14e26c8,Nutrition Deficiency
Z:\Projects\Smart-Farming\Datasets\final_combined_datasets\GLUE\ND\GLUE_ND_148.JPG,Groundnut,ND,uncontrolled,85712a7e70f1c6e4,Nutrition Deficiency
Z:\Projects\Smart-Farming\Datasets\final_combined_datasets\GLUE\ND\GLUE_ND_149.JPG,Groundnut,ND,uncontrolled,c86e2d21e764a71d,Nutrition Deficiency
Z:\Projects\Smart-Farming\Datasets\final_combined_datasets\GLUE\ND\GLUE_ND_150.JPG,Groundnut,ND,uncontrolled,d863372cd91666e8,Nutrition Deficiency
Z:\Projects\Smart-Farming\Datasets\final_combined_datasets\GLUE\ND\GLUE_ND_151.JPG,Groundnut,ND,uncontrolled,c0ef3ea81904e79d,Nutrition Deficiency
Z:\Projects\Smart-Farming\Datasets\final_combined_datasets\GLUE\ND\GLUE_ND_152.JPG,Groundnut,ND,uncontrolled,d9166209ada32f73,Nutrition Deficiency
Z:\Projects\Smart-Farming\Datasets\final_combined_datasets\GLUE\ND\GLUE_ND_153.JPG,Groundnut,ND,uncontrolled,8d18b9a34afe5691,Nutrition Deficiency
Z:\Projects\Smart-Farming\Datasets\final_combined_datasets\GLUE\ND\GLUE_ND_154.JPG,Groundnut,ND,uncontrolled,c48730ecc311ef37,Nutrition Deficiency
Z:\Projects\Smart-Farming\Datasets\final_combined_datasets\GLUE\ND\GLUE_ND_155.JPG,Groundnut,ND,uncontrolled,d91660544f39cb7c,Nutrition Deficiency
Z:\Projects\Smart-Farming\Datasets\final_combined_datasets\GLUE\ND\GLUE_ND_156.JPG,Groundnut,ND,uncontrolled,9c1e42c113f6e5d9,Nutrition Deficiency
Z:\Projects\Smart-Farming\Datasets\final_combined_datasets\GLUE\ND\GLUE_ND_157.JPG,Groundnut,ND,uncontrolled,8eda35d8d32fcc20,Nutrition Deficiency
Z:\Projects\Smart-Farming\Datasets\final_combined_datasets\GLUE\ND\GLUE_ND_158.JPG,Groundnut,ND,uncontrolled,8ce03d0ff0da8e17,Nutrition Deficiency
Z:\Projects\Smart-Farming\Datasets\final_combined_datasets\GLUE\ND\GLUE_ND_159.JPG,Groundnut,ND,uncontrolled,8cf23c0e1d3869f9,Nutrition Deficiency
Z:\Projects\Smart-Farming\Datasets\final_combined_datasets\GLUE\ND\GLUE_ND_160.JPG,Groundnut,ND,uncontrolled,89c6787a1f2e29e1,Nutrition Deficiency
Z:\Projects\Smart-Farming\Datasets\final_combined_datasets\GLUE\ND\GLUE_ND_161.JPG,Groundnut,ND,uncontrolled,82cb773c0f82a1cf,Nutrition Deficiency
Z:\Projects\Smart-Farming\Datasets\final_combined_datasets\GLUE\ND\GLUE_ND_162.JPG,Groundnut,ND,uncontrolled,d8eb3faae70208f0,Nutrition Deficiency
Z:\Projects\Smart-Farming\Datasets\final_combined_datasets\GLUE\ND\GLUE_ND_163.JPG,Groundnut,ND,uncontrolled,c8e0366d95529e75,Nutrition Deficiency
Z:\Projects\Smart-Farming\Datasets\final_combined_datasets\GLUE\ND\GLUE_ND_164.JPG,Groundnut,ND,uncontrolled,c8b0a61dd45ad676,Nutrition Deficiency
Z:\Projects\Smart-Farming\Datasets\final_combined_datasets\GLUE\ND\GLUE_ND_165.JPG,Groundnut,ND,uncontrolled,8fda29c1c299c5cd,Nutrition Deficiency
Z:\Projects\Smart-Farming\Datasets\final_combined_datasets\GLUE\ND\GLUE_ND_166.JPG,Groundnut,ND,uncontrolled,cbfa30a29b21ad1b,Nutrition Deficiency
Z:\Projects\Smart-Farming\Datasets\final_combined_datasets\GLUE\ND\GLUE_ND_167.JPG,Groundnut,ND,uncontrolled,d93361b1d48d37d0,Nutrition Deficiency
Z:\Projects\Smart-Farming\Datasets\final_combined_datasets\GLUE\ND\GLUE_ND_168.JPG,Groundnut,ND,uncontrolled,8c9d353398f6c3c2,Nutrition Deficiency
Z:\Projects\Smart-Farming\Datasets\final_combined_datasets\GLUE\ND\GLUE_ND_169.JPG,Groundnut,ND,uncontrolled,cc3076d3c31599e6,Nutrition Deficiency
Z:\Projects\Smart-Farming\Datasets\final_combined_datasets\GLUE\ND\GLUE_ND_170.JPG,Groundnut,ND,uncontrolled,ed993c06999936cc,Nutrition Deficiency
Z:\Projects\Smart-Farming\Datasets\final_combined_datasets\GLUE\ND\GLUE_ND_171.JPG,Groundnut,ND,uncontrolled,9a0f63fc879f1700,Nutrition Deficiency
Z:\Projects\Smart-Farming\Datasets\final_combined_datasets\GLUE\ND\GLUE_ND_172.JPG,Groundnut,ND,uncontrolled,cd4578efc3c06e11,Nutrition Deficiency
Z:\Projects\Smart-Farming\Datasets\final_combined_datasets\GLUE\ND\GLUE_ND_173.JPG,Groundnut,ND,uncontrolled,9b8f1f617cca03c8,Nutrition Deficiency
Z:\Projects\Smart-Farming\Datasets\final_combined_datasets\GLUE\ND\GLUE_ND_174.JPG,Groundnut,ND,uncontrolled,d831c7c231cf17c3,Nutrition Deficiency
Z:\Projects\Smart-Farming\Datasets\final_combined_datasets\GLUE\ND\GLUE_ND_175.JPG,Groundnut,ND,uncontrolled,97fd7184c28235e5,Nutrition Deficiency
Z:\Projects\Smart-Farming\Datasets\final_combined_datasets\GLUE\ND\GLUE_ND_176.JPG,Groundnut,ND,uncontrolled,d8d427c13df90743,Nutrition Deficiency
Z:\Projects\Smart-Farming\Datasets\final_combined_datasets\GLUE\ND\GLUE_ND_177.JPG,Groundnut,ND,uncontrolled,b88467e2dc9cc16b,Nutrition Deficiency
Z:\Projects\Smart-Farming\Datasets\final_combined_datasets\GLUE\ND\GLUE_ND_178.JPG,Groundnut,ND,uncontrolled,87d132eac27e7e10,Nutrition Deficiency
Z:\Projects\Smart-Farming\Datasets\final_combined_datasets\GLUE\ND\GLUE_ND_179.JPG,Groundnut,ND,uncontrolled,984613391e927e3f,Nutrition Deficiency
Z:\Projects\Smart-Farming\Datasets\final_combined_datasets\GLUE\ND\GLUE_ND_180.JPG,Groundnut,ND,uncontrolled,d847423ce7d0276d,Nutrition Deficiency
Z:\Projects\Smart-Farming\Datasets\final_combined_datasets\GLUE\ND\GLUE_ND_181.JPG,Groundnut,ND,uncontrolled,dac55cb368cf1690,Nutrition Deficiency
Z:\Projects\Smart-Farming\Datasets\final_combined_datasets\GLUE\ND\GLUE_ND_182.JPG,Groundnut,ND,uncontrolled,dc8e60efa532702d,Nutrition Deficiency
Z:\Projects\Smart-Farming\Datasets\final_combined_datasets\GLUE\ND\GLUE_ND_183.JPG,Groundnut,ND,uncontrolled,deff303cd807221c,Nutrition Deficiency
Z:\Projects\Smart-Farming\Datasets\final_combined_datasets\GLUE\ND\GLUE_ND_184.JPG,Groundnut,ND,uncontrolled,ce5826fc4f1853b4,Nutrition Deficiency
Z:\Projects\Smart-Farming\Datasets\final_combined_datasets\GLUE\ND\GLUE_ND_185.JPG,Groundnut,ND,uncontrolled,dc607e916ed824f1,Nutrition Deficiency
Z:\Projects\Smart-Farming\Datasets\final_combined_datasets\GLUE\ND\GLUE_ND_186.JPG,Groundnut,ND,uncontrolled,8036e9b7cd1b314b,Nutrition Deficiency
Z:\Projects\Smart-Farming\Datasets\final_combined_datasets\GLUE\ND\GLUE_ND_187.JPG,Groundnut,ND,uncontrolled,d3fd3c121946f4c8,Nutrition Deficiency
Z:\Projects\Smart-Farming\Datasets\final_combined_datasets\GLUE\ND\GLUE_ND_188.JPG,Groundnut,ND,uncontrolled,963877585eaac332,Nutrition Deficiency
Z:\Projects\Smart-Farming\Datasets\final_combined_datasets\GLUE\ND\GLUE_ND_189.JPG,Groundnut,ND,uncontrolled,cd16366f5e38425c,Nutrition Deficiency
Z:\Projects\Smart-Farming\Datasets\final_combined_datasets\GLUE\ND\GLUE_ND_190.JPG,Groundnut,ND,uncontrolled,d16c6fb8429c274d,Nutrition Deficiency
Z:\Projects\Smart-Farming\Datasets\final_combined_datasets\GLUE\ND\GLUE_ND_191.JPG,Groundnut,ND,uncontrolled,a97e71069c05eeca,Nutrition Deficiency
Z:\Projects\Smart-Farming\Datasets\final_combined_datasets\GLUE\ND\GLUE_ND_192.JPG,Groundnut,ND,uncontrolled,c3d437df0928d80f,Nutrition Deficiency
Z:\Projects\Smart-Farming\Datasets\final_combined_datasets\GLUE\ND\GLUE_ND_193.JPG,Groundnut,ND,uncontrolled,9cc76891326ec37a,Nutrition Deficiency
Z:\Projects\Smart-Farming\Datasets\final_combined_datasets\GLUE\ND\GLUE_ND_194.JPG,Groundnut,ND,uncontrolled,9dc7604bd0f0465f,Nutrition Deficiency
Z:\Projects\Smart-Farming\Datasets\final_combined_datasets\GLUE\ND\GLUE_ND_195.JPG,Groundnut,ND,uncontrolled,c0eb3760c85f3ad1,Nutrition Deficiency
Z:\Projects\Smart-Farming\Datasets\final_combined_datasets\GLUE\ND\GLUE_ND_196.JPG,Groundnut,ND,uncontrolled,caf4638ac1d6bd21,Nutrition Deficiency
Z:\Projects\Smart-Farming\Datasets\final_combined_datasets\GLUE\ND\GLUE_ND_197.JPG,Groundnut,ND,uncontrolled,c91977ecc8a5d832,Nutrition Deficiency
Z:\Projects\Smart-Farming\Datasets\final_combined_datasets\GLUE\ND\GLUE_ND_198.JPG,Groundnut,ND,uncontrolled,fce1e2843b33a925,Nutrition Deficiency
Z:\Projects\Smart-Farming\Datasets\final_combined_datasets\GLUE\ND\GLUE_ND_199.JPG,Groundnut,ND,uncontrolled,cc0d335851e92fda,Nutrition Deficiency
Z:\Projects\Smart-Farming\Datasets\final_combined_datasets\GLUE\ND\GLUE_ND_200.JPG,Groundnut,ND,uncontrolled,d61a47b5390e73e0,Nutrition Deficiency
Z:\Projects\Smart-Farming\Datasets\final_combined_datasets\GLUE\ND\GLUE_ND_201.JPG,Groundnut,ND,uncontrolled,c20e6ebc8d6b3827,Nutrition Deficiency
Z:\Projects\Smart-Farming\Datasets\final_combined_datasets\GLUE\ND\GLUE_ND_202.JPG,Groundnut,ND,uncontrolled,ca096f3f9d91250d,Nutrition Deficiency
Z:\Projects\Smart-Farming\Datasets\final_combined_datasets\GLUE\ND\GLUE_ND_203.JPG,Groundnut,ND,uncontrolled,9b7e21c39c31c84f,Nutrition Deficiency
Z:\Projects\Smart-Farming\Datasets\final_combined_datasets\GLUE\ND\GLUE_ND_204.JPG,Groundnut,ND,uncontrolled,bf64638c0998b5f2,Nutrition Deficiency
Z:\Projects\Smart-Farming\Datasets\final_combined_datasets\GLUE\ND\GLUE_ND_205.JPG,Groundnut,ND,uncontrolled,cb7e05609ca1bc4f,Nutrition Deficiency
Z:\Projects\Smart-Farming\Datasets\final_combined_datasets\GLUE\ND\GLUE_ND_206.JPG,Groundnut,ND,uncontrolled,cbcd6363902727b4,Nutrition Deficiency
Z:\Projects\Smart-Farming\Datasets\final_combined_datasets\GLUE\ND\GLUE_ND_207.JPG,Groundnut,ND,uncontrolled,d14f3b00c6c30fe7,Nutrition Deficiency
Z:\Projects\Smart-Farming\Datasets\final_combined_datasets\GLUE\ND\GLUE_ND_208.JPG,Groundnut,ND,uncontrolled,94196d9e9c32e6a6,Nutrition Deficiency
Z:\Projects\Smart-Farming\Datasets\final_combined_datasets\GLUE\ND\GLUE_ND_209.JPG,Groundnut,ND,uncontrolled,856032b7b96de1ac,Nutrition Deficiency
Z:\Projects\Smart-Farming\Datasets\final_combined_datasets\GLUE\ND\GLUE_ND_210.JPG,Groundnut,ND,uncontrolled,987de6e60a86e89a,Nutrition Deficiency
Z:\Projects\Smart-Farming\Datasets\final_combined_datasets\GLUE\ND\GLUE_ND_211.JPG,Groundnut,ND,uncontrolled,d95d2fa51018e2db,Nutrition Deficiency
Z:\Projects\Smart-Farming\Datasets\final_combined_datasets\GLUE\ND\GLUE_ND_212.JPG,Groundnut,ND,uncontrolled,8f4a090f4df0efe0,Nutrition Deficiency
Z:\Projects\Smart-Farming\Datasets\final_combined_datasets\GLUE\ND\GLUE_ND_213.JPG,Groundnut,ND,uncontrolled,cb7836dc9d836425,Nutrition Deficiency
Z:\Projects\Smart-Farming\Datasets\final_combined_datasets\GLUE\ND\GLUE_ND_214.JPG,Groundnut,ND,uncontrolled,de642513d915d4b6,Nutrition Deficiency
Z:\Projects\Smart-Farming\Datasets\final_combined_datasets\GLUE\ND\GLUE_ND_215.JPG,Groundnut,ND,uncontrolled,e86723b2c92d0cfc,Nutrition Deficiency
Z:\Projects\Smart-Farming\Datasets\final_combined_datasets\GLUE\ND\GLUE_ND_216.JPG,Groundnut,ND,uncontrolled,dd796f2004fa5e03,Nutrition Deficiency
Z:\Projects\Smart-Farming\Datasets\final_combined_datasets\GLUE\ND\GLUE_ND_217.JPG,Groundnut,ND,uncontrolled,e961376c94c93974,Nutrition Deficiency
Z:\Projects\Smart-Farming\Datasets\final_combined_datasets\GLUE\ND\GLUE_ND_218.JPG,Groundnut,ND,uncontrolled,d66d2d4a909c2a9f,Nutrition Deficiency
Z:\Projects\Smart-Farming\Datasets\final_combined_datasets\GLUE\ND\GLUE_ND_219.JPG,Groundnut,ND,uncontrolled,e86c3c5f4d373221,Nutrition Deficiency
Z:\Projects\Smart-Farming\Datasets\final_combined_datasets\GLUE\ND\GLUE_ND_220.JPG,Groundnut,ND,uncontrolled,cc463378d7f92918,Nutrition Deficiency
Z:\Projects\Smart-Farming\Datasets\final_combined_datasets\GLUE\ND\GLUE_ND_221.JPG,Groundnut,ND,uncontrolled,e0d972cb5e08237b,Nutrition Deficiency
Z:\Projects\Smart-Farming\Datasets\final_combined_datasets\GLUE\ND\GLUE_ND_222.JPG,Groundnut,ND,uncontrolled,9d27451219af75a9,Nutrition Deficiency
Z:\Projects\Smart-Farming\Datasets\final_combined_datasets\GLUE\ND\GLUE_ND_223.JPG,Groundnut,ND,uncontrolled,c9f837c5f5197018,Nutrition Deficiency
Z:\Projects\Smart-Farming\Datasets\final_combined_datasets\GLUE\ND\GLUE_ND_224.JPG,Groundnut,ND,uncontrolled,c0f43307ddcf1865,Nutrition Deficiency
Z:\Projects\Smart-Farming\Datasets\final_combined_datasets\GLUE\ND\GLUE_ND_225.JPG,Groundnut,ND,uncontrolled,8de072db78ce43c2,Nutrition Deficiency
Z:\Projects\Smart-Farming\Datasets\final_combined_datasets\GLUE\ND\GLUE_ND_226.JPG,Groundnut,ND,uncontrolled,877c74c3c806d37c,Nutrition Deficiency
Z:\Projects\Smart-Farming\Datasets\final_combined_datasets\GLUE\ND\GLUE_ND_227.JPG,Groundnut,ND,uncontrolled,c878e7e6e86e1701,Nutrition Deficiency
Z:\Projects\Smart-Farming\Datasets\final_combined_datasets\GLUE\ND\GLUE_ND_228.JPG,Groundnut,ND,uncontrolled,8c3d7239f407f186,Nutrition Deficiency
Z:\Projects\Smart-Farming\Datasets\final_combined_datasets\GLUE\ND\GLUE_ND_229.JPG,Groundnut,ND,uncontrolled,d878a775098496bd,Nutrition Deficiency
Z:\Projects\Smart-Farming\Datasets\final_combined_datasets\GLUE\ND\GLUE_ND_230.JPG,Groundnut,ND,uncontrolled,9d4d708dc5e238f4,Nutrition Deficiency
Z:\Projects\Smart-Farming\Datasets\final_combined_datasets\GLUE\ND\GLUE_ND_231.JPG,Groundnut,ND,uncontrolled,e90f20cd3e88ef1a,Nutrition Deficiency
Z:\Projects\Smart-Farming\Datasets\final_combined_datasets\GLUE\ND\GLUE_ND_232.JPG,Groundnut,ND,uncontrolled,90edcc9463b18c7e,Nutrition Deficiency
Z:\Projects\Smart-Farming\Datasets\final_combined_datasets\GLUE\ND\GLUE_ND_233.JPG,Groundnut,ND,uncontrolled,ceb453c9c1e2741d,Nutrition Deficiency
Z:\Projects\Smart-Farming\Datasets\final_combined_datasets\GLUE\ND\GLUE_ND_234.JPG,Groundnut,ND,uncontrolled,90b14ff43c3447ce,Nutrition Deficiency
Z:\Projects\Smart-Farming\Datasets\final_combined_datasets\GLUE\ND\GLUE_ND_235.JPG,Groundnut,ND,uncontrolled,c7305c81ff02adf2,Nutrition Deficiency
Z:\Projects\Smart-Farming\Datasets\final_combined_datasets\GLUE\ND\GLUE_ND_236.JPG,Groundnut,ND,uncontrolled,87fb4ca953ad52c0,Nutrition Deficiency
Z:\Projects\Smart-Farming\Datasets\final_combined_datasets\GLUE\ND\GLUE_ND_237.JPG,Groundnut,ND,uncontrolled,cd2ea7318acd581e,Nutrition Deficiency
Z:\Projects\Smart-Farming\Datasets\final_combined_datasets\GLUE\ND\GLUE_ND_238.JPG,Groundnut,ND,uncontrolled,98732397cd9d806b,Nutrition Deficiency
Z:\Projects\Smart-Farming\Datasets\final_combined_datasets\GLUE\ND\GLUE_ND_239.JPG,Groundnut,ND,uncontrolled,9af1739e8ab95122,Nutrition Deficiency
Z:\Projects\Smart-Farming\Datasets\final_combined_datasets\GLUE\ND\GLUE_ND_240.JPG,Groundnut,ND,uncontrolled,c80077ebf8314cf6,Nutrition Deficiency
Z:\Projects\Smart-Farming\Datasets\final_combined_datasets\GLUE\ND\GLUE_ND_241.JPG,Groundnut,ND,uncontrolled,8e0334fb980779f8,Nutrition Deficiency
Z:\Projects\Smart-Farming\Datasets\final_combined_datasets\GLUE\ND\GLUE_ND_242.JPG,Groundnut,ND,uncontrolled,8c42a1baecb899bb,Nutrition Deficiency
Z:\Projects\Smart-Farming\Datasets\final_combined_datasets\GLUE\ND\GLUE_ND_243.JPG,Groundnut,ND,uncontrolled,9f0261abdf44b8a5,Nutrition Deficiency
Z:\Projects\Smart-Farming\Datasets\final_combined_datasets\GLUE\ND\GLUE_ND_244.JPG,Groundnut,ND,uncontrolled,8d6037eabe2949e2,Nutrition Deficiency
Z:\Projects\Smart-Farming\Datasets\final_combined_datasets\GLUE\ND\GLUE_ND_245.JPG,Groundnut,ND,uncontrolled,88456fc69a7cb8e2,Nutrition Deficiency
Z:\Projects\Smart-Farming\Datasets\final_combined_datasets\GLUE\ND\GLUE_ND_246.JPG,Groundnut,ND,uncontrolled,ee246b6b1171134f,Nutrition Deficiency
Z:\Projects\Smart-Farming\Datasets\final_combined_datasets\GLUE\ND\GLUE_ND_247.JPG,Groundnut,ND,uncontrolled,8355350aa71ee2bd,Nutrition Deficiency
Z:\Projects\Smart-Farming\Datasets\final_combined_datasets\GLUE\ND\GLUE_ND_248.JPG,Groundnut,ND,uncontrolled,97caa1c5c4ad865d,Nutrition Deficiency
Z:\Projects\Smart-Farming\Datasets\final_combined_datasets\GLUE\ND\GLUE_ND_249.JPG,Groundnut,ND,uncontrolled,d2393702b36259f6,Nutrition Deficiency
Z:\Projects\Smart-Farming\Datasets\final_combined_datasets\GLUE\ND\GLUE_ND_250.JPG,Groundnut,ND,uncontrolled,d46950e49a9778e9,Nutrition Deficiency
Z:\Projects\Smart-Farming\Datasets\final_combined_datasets\GLUE\ND\GLUE_ND_251.JPG,Groundnut,ND,uncontrolled,c784679943f195e1,Nutrition Deficiency
Z:\Projects\Smart-Farming\Datasets\final_combined_datasets\GLUE\ND\GLUE_ND_252.JPG,Groundnut,ND,uncontrolled,8b786aa7c36c184f,Nutrition Deficiency
Z:\Projects\Smart-Farming\Datasets\final_combined_datasets\GLUE\ND\GLUE_ND_253.JPG,Groundnut,ND,uncontrolled,cbec34a7b3533214,Nutrition Deficiency
Z:\Projects\Smart-Farming\Datasets\final_combined_datasets\GLUE\ND\GLUE_ND_254.JPG,Groundnut,ND,uncontrolled,cb373070da1b88e7,Nutrition Deficiency
Z:\Projects\Smart-Farming\Datasets\final_combined_datasets\GLUE\ND\GLUE_ND_255.JPG,Groundnut,ND,uncontrolled,c3b774d05c1bc364,Nutrition Deficiency
Z:\Projects\Smart-Farming\Datasets\final_combined_datasets\GLUE\ND\GLUE_ND_256.JPG,Groundnut,ND,uncontrolled,8b392ba1b64fc364,Nutrition Deficiency
Z:\Projects\Smart-Farming\Datasets\final_combined_datasets\GLUE\ND\GLUE_ND_257.JPG,Groundnut,ND,uncontrolled,cba8351887d98f27,Nutrition Deficiency
Z:\Projects\Smart-Farming\Datasets\final_combined_datasets\GLUE\ND\GLUE_ND_258.JPG,Groundnut,ND,uncontrolled,8a2c79d3937c7e04,Nutrition Deficiency
Z:\Projects\Smart-Farming\Datasets\final_combined_datasets\GLUE\ND\GLUE_ND_259.JPG,Groundnut,ND,uncontrolled,d706206d76f125e9,Nutrition Deficiency
Z:\Projects\Smart-Farming\Datasets\final_combined_datasets\GLUE\ND\GLUE_ND_260.JPG,Groundnut,ND,uncontrolled,86f34c660989b1fb,Nutrition Deficiency
Z:\Projects\Smart-Farming\Datasets\final_combined_datasets\GLUE\ND\GLUE_ND_261.JPG,Groundnut,ND,uncontrolled,88997e0e83b03cdf,Nutrition Deficiency
Z:\Projects\Smart-Farming\Datasets\final_combined_datasets\GLUE\ND\GLUE_ND_262.JPG,Groundnut,ND,uncontrolled,c71a216cbd1243fd,Nutrition Deficiency
Z:\Projects\Smart-Farming\Datasets\final_combined_datasets\GLUE\ND\GLUE_ND_263.JPG,Groundnut,ND,uncontrolled,de903ca79847c68e,Nutrition Deficiency
Z:\Projects\Smart-Farming\Datasets\final_combined_datasets\GLUE\ND\GLUE_ND_264.JPG,Groundnut,ND,uncontrolled,c71e73f4c8f38301,Nutrition Deficiency
Z:\Projects\Smart-Farming\Datasets\final_combined_datasets\GLUE\ND\GLUE_ND_265.JPG,Groundnut,ND,uncontrolled,852d3c5176d65179,Nutrition Deficiency
Z:\Projects\Smart-Farming\Datasets\final_combined_datasets\GLUE\ND\GLUE_ND_266.JPG,Groundnut,ND,uncontrolled,dbb76c1b862e2145,Nutrition Deficiency
Z:\Projects\Smart-Farming\Datasets\final_combined_datasets\GLUE\ND\GLUE_ND_267.JPG,Groundnut,ND,uncontrolled,d39979e5c10da594,Nutrition Deficiency
Z:\Projects\Smart-Farming\Datasets\final_combined_datasets\GLUE\ND\GLUE_ND_268.JPG,Groundnut,ND,uncontrolled,d0f06d39b4a74e4c,Nutrition Deficiency
Z:\Projects\Smart-Farming\Datasets\final_combined_datasets\GLUE\ND\GLUE_ND_269.JPG,Groundnut,ND,uncontrolled,d3617cf48c6ec312,Nutrition Deficiency
Z:\Projects\Smart-Farming\Datasets\final_combined_datasets\GLUE\ND\GLUE_ND_270.JPG,Groundnut,ND,uncontrolled,df2d61d02c43fc26,Nutrition Deficiency
Z:\Projects\Smart-Farming\Datasets\final_combined_datasets\GLUE\ND\GLUE_ND_271.JPG,Groundnut,ND,uncontrolled,d66e6e6b03b1f006,Nutrition Deficiency
Z:\Projects\Smart-Farming\Datasets\final_combined_datasets\GLUE\ND\GLUE_ND_272.JPG,Groundnut,ND,uncontrolled,cb633f34acb81307,Nutrition Deficiency
Z:\Projects\Smart-Farming\Datasets\final_combined_datasets\GLUE\ND\GLUE_ND_273.JPG,Groundnut,ND,uncontrolled,d94923b66a26be45,Nutrition Deficiency
Z:\Projects\Smart-Farming\Datasets\final_combined_datasets\GLUE\ND\GLUE_ND_274.JPG,Groundnut,ND,uncontrolled,c76d339b11b16c4a,Nutrition Deficiency
Z:\Projects\Smart-Farming\Datasets\final_combined_datasets\GLUE\ND\GLUE_ND_275.JPG,Groundnut,ND,uncontrolled,c8a3f1ed9c72c095,Nutrition Deficiency
Z:\Projects\Smart-Farming\Datasets\final_combined_datasets\GLUE\ND\GLUE_ND_276.JPG,Groundnut,ND,uncontrolled,cfed324a85388c9d,Nutrition Deficiency
Z:\Projects\Smart-Farming\Datasets\final_combined_datasets\GLUE\ND\GLUE_ND_277.JPG,Groundnut,ND,uncontrolled,8cb4775dc1cc3c16,Nutrition Deficiency
Z:\Projects\Smart-Farming\Datasets\final_combined_datasets\GLUE\ND\GLUE_ND_278.JPG,Groundnut,ND,uncontrolled,c9a2d2e38d3d63d0,Nutrition Deficiency
Z:\Projects\Smart-Farming\Datasets\final_combined_datasets\GLUE\ND\GLUE_ND_279.JPG,Groundnut,ND,uncontrolled,a70c7898436f2f65,Nutrition Deficiency
Z:\Projects\Smart-Farming\Datasets\final_combined_datasets\GLUE\ND\GLUE_ND_280.JPG,Groundnut,ND,uncontrolled,c2666c99d4db2a93,Nutrition Deficiency
Z:\Projects\Smart-Farming\Datasets\final_combined_datasets\GLUE\ND\GLUE_ND_281.JPG,Groundnut,ND,uncontrolled,dd3e78a1ad860749,Nutrition Deficiency
Z:\Projects\Smart-Farming\Datasets\final_combined_datasets\GLUE\ND\GLUE_ND_282.JPG,Groundnut,ND,uncontrolled,c51b7f859b60294d,Nutrition Deficiency
Z:\Projects\Smart-Farming\Datasets\final_combined_datasets\GLUE\ND\GLUE_ND_283.JPG,Groundnut,ND,uncontrolled,873722fe1ce4b152,Nutrition Deficiency
Z:\Projects\Smart-Farming\Datasets\final_combined_datasets\GLUE\ND\GLUE_ND_284.JPG,Groundnut,ND,uncontrolled,c9a6d6463b9d8c4a,Nutrition Deficiency
Z:\Projects\Smart-Farming\Datasets\final_combined_datasets\GLUE\ND\GLUE_ND_285.JPG,Groundnut,ND,uncontrolled,d349271fedc62468,Nutrition Deficiency
Z:\Projects\Smart-Farming\Datasets\final_combined_datasets\GLUE\ND\GLUE_ND_286.JPG,Groundnut,ND,uncontrolled,9a9727dd1ce0a589,Nutrition Deficiency
Z:\Projects\Smart-Farming\Datasets\final_combined_datasets\GLUE\ND\GLUE_ND_287.JPG,Groundnut,ND,uncontrolled,d88b6c898a5ec736,Nutrition Deficiency
Z:\Projects\Smart-Farming\Datasets\final_combined_datasets\GLUE\ND\GLUE_ND_288.JPG,Groundnut,ND,uncontrolled,fb890905a5365d73,Nutrition Deficiency
Z:\Projects\Smart-Farming\Datasets\final_combined_datasets\GLUE\ND\GLUE_ND_289.JPG,Groundnut,ND,uncontrolled,cfb35336c52836c4,Nutrition Deficiency
Z:\Projects\Smart-Farming\Datasets\final_combined_datasets\GLUE\ND\GLUE_ND_290.JPG,Groundnut,ND,uncontrolled,96a4e5d34e6d21b1,Nutrition Deficiency
Z:\Projects\Smart-Farming\Datasets\final_combined_datasets\GLUE\ND\GLUE_ND_291.JPG,Groundnut,ND,uncontrolled,829f74831f5e71c8,Nutrition Deficiency
Z:\Projects\Smart-Farming\Datasets\final_combined_datasets\GLUE\ND\GLUE_ND_292.JPG,Groundnut,ND,uncontrolled,9cea132c4921e67f,Nutrition Deficiency
Z:\Projects\Smart-Farming\Datasets\final_combined_datasets\GLUE\ND\GLUE_ND_293.JPG,Groundnut,ND,uncontrolled,cbed2d213313d1e8,Nutrition Deficiency
Z:\Projects\Smart-Farming\Datasets\final_combined_datasets\GLUE\ND\GLUE_ND_294.JPG,Groundnut,ND,uncontrolled,9fe460540ff88e8d,Nutrition Deficiency
Z:\Projects\Smart-Farming\Datasets\final_combined_datasets\GLUE\ND\GLUE_ND_295.JPG,Groundnut,ND,uncontrolled,9ed9134017de8976,Nutrition Deficiency
Z:\Projects\Smart-Farming\Datasets\final_combined_datasets\GLUE\ND\GLUE_ND_296.JPG,Groundnut,ND,uncontrolled,8f32395b5ce22c5a,Nutrition Deficiency
Z:\Projects\Smart-Farming\Datasets\final_combined_datasets\GLUE\ND\GLUE_ND_297.JPG,Groundnut,ND,uncontrolled,cca33a94e6a4f12d,Nutrition Deficiency
Z:\Projects\Smart-Farming\Datasets\final_combined_datasets\GLUE\ND\GLUE_ND_298.JPG,Groundnut,ND,uncontrolled,84a6376559e5095f,Nutrition Deficiency
Z:\Projects\Smart-Farming\Datasets\final_combined_datasets\GLUE\ND\GLUE_ND_299.JPG,Groundnut,ND,uncontrolled,c993b7c592c3f049,Nutrition Deficiency
Z:\Projects\Smart-Farming\Datasets\final_combined_datasets\GLUE\ND\GLUE_ND_300.JPG,Groundnut,ND,uncontrolled,d81d79e5dc851cc8,Nutrition Deficiency
Z:\Projects\Smart-Farming\Datasets\final_combined_datasets\GLUE\ND\GLUE_ND_301.JPG,Groundnut,ND,uncontrolled,d220577088bbadf5,Nutrition Deficiency
Z:\Projects\Smart-Farming\Datasets\final_combined_datasets\GLUE\ND\GLUE_ND_302.JPG,Groundnut,ND,uncontrolled,d45f3aac33cb0097,Nutrition Deficiency
Z:\Projects\Smart-Farming\Datasets\final_combined_datasets\GLUE\ND\GLUE_ND_303.JPG,Groundnut,ND,uncontrolled,c7063e988e1f66b2,Nutrition Deficiency
Z:\Projects\Smart-Farming\Datasets\final_combined_datasets\GLUE\ND\GLUE_ND_304.JPG,Groundnut,ND,uncontrolled,d06f3c564743ce46,Nutrition Deficiency
Z:\Projects\Smart-Farming\Datasets\final_combined_datasets\GLUE\ND\GLUE_ND_305.JPG,Groundnut,ND,uncontrolled,8e2c3d65e137b4b0,Nutrition Deficiency
Z:\Projects\Smart-Farming\Datasets\final_combined_datasets\GLUE\ND\GLUE_ND_306.JPG,Groundnut,ND,uncontrolled,9bdc7d33e00a83c3,Nutrition Deficiency
Z:\Projects\Smart-Farming\Datasets\final_combined_datasets\GLUE\ND\GLUE_ND_307.JPG,Groundnut,ND,uncontrolled,cdd2e4e0281f7dc4,Nutrition Deficiency
Z:\Projects\Smart-Farming\Datasets\final_combined_datasets\GLUE\ND\GLUE_ND_308.JPG,Groundnut,ND,uncontrolled,cf63400cd7d732cc,Nutrition Deficiency
Z:\Projects\Smart-Farming\Datasets\final_combined_datasets\GLUE\ND\GLUE_ND_309.JPG,Groundnut,ND,uncontrolled,d5771a0d4914dfa4,Nutrition Deficiency
Z:\Projects\Smart-Farming\Datasets\final_combined_datasets\GLUE\ND\GLUE_ND_310.JPG,Groundnut,ND,uncontrolled,8555f2407f5c44f9,Nutrition Deficiency
Z:\Projects\Smart-Farming\Datasets\final_combined_datasets\GLUE\ND\GLUE_ND_311.JPG,Groundnut,ND,uncontrolled,bc7c478c288da5f1,Nutrition Deficiency
Z:\Projects\Smart-Farming\Datasets\final_combined_datasets\GLUE\ND\GLUE_ND_312.JPG,Groundnut,ND,uncontrolled,9ae315b6ca5a62d8,Nutrition Deficiency
Z:\Projects\Smart-Farming\Datasets\final_combined_datasets\GLUE\ND\GLUE_ND_313.JPG,Groundnut,ND,uncontrolled,914137de53e922da,Nutrition Deficiency
Z:\Projects\Smart-Farming\Datasets\final_combined_datasets\GLUE\ND\GLUE_ND_314.JPG,Groundnut,ND,uncontrolled,f68202262e33776f,Nutrition Deficiency
Z:\Projects\Smart-Farming\Datasets\final_combined_datasets\GLUE\ND\GLUE_ND_315.JPG,Groundnut,ND,uncontrolled,d74a613fd929c483,Nutrition Deficiency
Z:\Projects\Smart-Farming\Datasets\final_combined_datasets\GLUE\ND\GLUE_ND_316.JPG,Groundnut,ND,uncontrolled,d9396b4f1fa03146,Nutrition Deficiency
Z:\Projects\Smart-Farming\Datasets\final_combined_datasets\GLUE\ND\GLUE_ND_317.JPG,Groundnut,ND,uncontrolled,9c887dbeb21b28e4,Nutrition Deficiency
Z:\Projects\Smart-Farming\Datasets\final_combined_datasets\GLUE\ND\GLUE_ND_318.JPG,Groundnut,ND,uncontrolled,d9226352cb8d92ed,Nutrition Deficiency
Z:\Projects\Smart-Farming\Datasets\final_combined_datasets\GLUE\ND\GLUE_ND_319.JPG,Groundnut,ND,uncontrolled,cdac36dcc60de0e1,Nutrition Deficiency
Z:\Projects\Smart-Farming\Datasets\final_combined_datasets\GLUE\ND\GLUE_ND_320.JPG,Groundnut,ND,uncontrolled,df3720ccd0dce123,Nutrition Deficiency
Z:\Projects\Smart-Farming\Datasets\final_combined_datasets\GLUE\ND\GLUE_ND_321.JPG,Groundnut,ND,uncontrolled,c5b33d605d0cf616,Nutrition Deficiency
Z:\Projects\Smart-Farming\Datasets\final_combined_datasets\GLUE\ND\GLUE_ND_322.JPG,Groundnut,ND,uncontrolled,8d1c619b1169df78,Nutrition Deficiency
Z:\Projects\Smart-Farming\Datasets\final_combined_datasets\GLUE\ND\GLUE_ND_323.JPG,Groundnut,ND,uncontrolled,cda12c0159fe992f,Nutrition Deficiency
Z:\Projects\Smart-Farming\Datasets\final_combined_datasets\GLUE\ND\GLUE_ND_324.JPG,Groundnut,ND,uncontrolled,9ddb32098c6669ab,Nutrition Deficiency
Z:\Projects\Smart-Farming\Datasets\final_combined_datasets\GLUE\ND\GLUE_ND_325.JPG,Groundnut,ND,uncontrolled,d0a6b781db13a1e6,Nutrition Deficiency
Z:\Projects\Smart-Farming\Datasets\final_combined_datasets\GLUE\ND\GLUE_ND_326.JPG,Groundnut,ND,uncontrolled,cdb7bdc84cce8290,Nutrition Deficiency
Z:\Projects\Smart-Farming\Datasets\final_combined_datasets\GLUE\ND\GLUE_ND_327.JPG,Groundnut,ND,uncontrolled,c9e532c73b157229,Nutrition Deficiency
Z:\Projects\Smart-Farming\Datasets\final_combined_datasets\GLUE\ND\GLUE_ND_328.JPG,Groundnut,ND,uncontrolled,cfb62092b30767d1,Nutrition Deficiency
Z:\Projects\Smart-Farming\Datasets\final_combined_datasets\GLUE\ND\GLUE_ND_329.JPG,Groundnut,ND,uncontrolled,cfdd32b02426dd07,Nutrition Deficiency
