filepath,crop,disease_raw,environment,phash,disease
Z:\Projects\Smart-Farming\Datasets\final_combined_datasets\PLUE\B\PLUE_B_394.JPG,Potato,B,uncontrolled,c54abdd30af4ce28,Bacteria
Z:\Projects\Smart-Farming\Datasets\final_combined_datasets\PLUE\B\PLUE_B_395.JPG,Potato,B,uncontrolled,ce1748f2c72b8356,Bacteria
Z:\Projects\Smart-Farming\Datasets\final_combined_datasets\PLUE\B\PLUE_B_396.JPG,Potato,B,uncontrolled,c636ed558ce542f0,Bacteria
Z:\Projects\Smart-Farming\Datasets\final_combined_datasets\PLUE\B\PLUE_B_397.JPG,Potato,B,uncontrolled,dd4ae384d55aa855,Bacteria
Z:\Projects\Smart-Farming\Datasets\final_combined_datasets\PLUE\B\PLUE_B_398.JPG,Potato,B,uncontrolled,dc2742d24be9b8a5,Bacteria
Z:\Projects\Smart-Farming\Datasets\final_combined_datasets\PLUE\B\PLUE_B_399.JPG,Potato,B,uncontrolled,c44df0b548f8d5ac,Bacteria
Z:\Projects\Smart-Farming\Datasets\final_combined_datasets\PLUE\B\PLUE_B_400.JPG,Potato,B,uncontrolled,d5688aa4454d6ddb,Bacteria
Z:\Projects\Smart-Farming\Datasets\final_combined_datasets\PLUE\B\PLUE_B_401.JPG,Potato,B,uncontrolled,eb559f0f4b1a5403,Bacteria
Z:\Projects\Smart-Farming\Datasets\final_combined_datasets\PLUE\B\PLUE_B_402.JPG,Potato,B,uncontrolled,e59971b45669c853,Bacteria
Z:\Projects\Smart-Farming\Datasets\final_combined_datasets\PLUE\B\PLUE_B_403.JPG,Potato,B,uncontrolled,d03f70ed164cb592,Bacteria
Z:\Projects\Smart-Farming\Datasets\final_combined_datasets\PLUE\B\PLUE_B_404.JPG,Potato,B,uncontrolled,b30c6b068db37786,Bacteria
Z:\Projects\Smart-Farming\Datasets\final_combined_datasets\PLUE\B\PLUE_B_405.JPG,Potato,B,uncontrolled,98076e5c831c7773,Bacteria
Z:\Projects\Smart-Farming\Datasets\final_combined_datasets\PLUE\B\PLUE_B_406.JPG,Potato,B,uncontrolled,9a0461f741ea1dfa,Bacteria
Z:\Projects\Smart-Farming\Datasets\final_combined_datasets\PLUE\B\PLUE_B_407.JPG,Potato,B,uncontrolled,e1cc0a931facdd32,Bacteria
Z:\Projects\Smart-Farming\Datasets\final_combined_datasets\PLUE\B\PLUE_B_408.JPG,Potato,B,uncontrolled,e7eb6594c00b16ce,Bacteria
Z:\Projects\Smart-Farming\Datasets\final_combined_datasets\PLUE\B\PLUE_B_409.JPG,Potato,B,uncontrolled,f2cbd52226d69c98,Bacteria
Z:\Projects\Smart-Farming\Datasets\final_combined_datasets\PLUE\B\PLUE_B_410.JPG,Potato,B,uncontrolled,93eea01d17e5d194,Bacteria
Z:\Projects\Smart-Farming\Datasets\final_combined_datasets\PLUE\B\PLUE_B_411.JPG,Potato,B,uncontrolled,fac46b39950f0e34,Bacteria
Z:\Projects\Smart-Farming\Datasets\final_combined_datasets\PLUE\B\PLUE_B_412.JPG,Potato,B,uncontrolled,aeb34f5642d4e0f0,Bacteria
Z:\Projects\Smart-Farming\Datasets\final_combined_datasets\PLUE\B\PLUE_B_413.JPG,Potato,B,uncontrolled,f374b6e71544238c,Bacteria
Z:\Projects\Smart-Farming\Datasets\final_combined_datasets\PLUE\B\PLUE_B_414.JPG,Potato,B,uncontrolled,fca9b68c921cd835,Bacteria
Z:\Projects\Smart-Farming\Datasets\final_combined_datasets\PLUE\B\PLUE_B_415.JPG,Potato,B,uncontrolled,fc7986a62762a391,Bacteria
Z:\Projects\Smart-Farming\Datasets\final_combined_datasets\PLUE\B\PLUE_B_416.JPG,Potato,B,uncontrolled,ebc0a9b639aca1aa,Bacteria
Z:\Projects\Smart-Farming\Datasets\final_combined_datasets\PLUE\B\PLUE_B_417.JPG,Potato,B,uncontrolled,edd2c8ac95b84b34,Bacteria
Z:\Projects\Smart-Farming\Datasets\final_combined_datasets\PLUE\B\PLUE_B_418.JPG,Potato,B,uncontrolled,e2bbadc88632436e,Bacteria
Z:\Projects\Smart-Farming\Datasets\final_combined_datasets\PLUE\B\PLUE_B_419.JPG,Potato,B,uncontrolled,dc663b40a915917f,Bacteria
Z:\Projects\Smart-Farming\Datasets\final_combined_datasets\PLUE\B\PLUE_B_420.JPG,Potato,B,uncontrolled,f5cd17a069164bb4,Bacteria
Z:\Projects\Smart-Farming\Datasets\final_combined_datasets\PLUE\B\PLUE_B_421.JPG,Potato,B,uncontrolled,d28e3086aa5bb5b5,Bacteria
Z:\Projects\Smart-Farming\Datasets\final_combined_datasets\PLUE\B\PLUE_B_422.JPG,Potato,B,uncontrolled,d9a49db0afc944c3,Bacteria
Z:\Projects\Smart-Farming\Datasets\final_combined_datasets\PLUE\B\PLUE_B_423.JPG,Potato,B,uncontrolled,d6a198b3a5aae989,Bacteria
Z:\Projects\Smart-Farming\Datasets\final_combined_datasets\PLUE\B\PLUE_B_424.JPG,Potato,B,uncontrolled,f08586cc9a39e78e,Bacteria
Z:\Projects\Smart-Farming\Datasets\final_combined_datasets\PLUE\B\PLUE_B_425.JPG,Potato,B,uncontrolled,f88d92db9604699b,Bacteria
Z:\Projects\Smart-Farming\Datasets\final_combined_datasets\PLUE\B\PLUE_B_426.JPG,Potato,B,uncontrolled,cd9a9bad486a59a4,Bacteria
Z:\Projects\Smart-Farming\Datasets\final_combined_datasets\PLUE\B\PLUE_B_427.JPG,Potato,B,uncontrolled,dd859ab21d32a955,Bacteria
Z:\Projects\Smart-Farming\Datasets\final_combined_datasets\PLUE\B\PLUE_B_428.JPG,Potato,B,uncontrolled,d49996b649566933,Bacteria
Z:\Projects\Smart-Farming\Datasets\final_combined_datasets\PLUE\B\PLUE_B_429.JPG,Potato,B,uncontrolled,d492b3ada8b3a58a,Bacteria
Z:\Projects\Smart-Farming\Datasets\final_combined_datasets\PLUE\B\PLUE_B_430.JPG,Potato,B,uncontrolled,d18501a137d66bee,Bacteria
Z:\Projects\Smart-Farming\Datasets\final_combined_datasets\PLUE\B\PLUE_B_431.JPG,Potato,B,uncontrolled,d289348d2b93ad97,Bacteria
Z:\Projects\Smart-Farming\Datasets\final_combined_datasets\PLUE\B\PLUE_B_432.JPG,Potato,B,uncontrolled,80a0a5ff6b95568b,Bacteria
Z:\Projects\Smart-Farming\Datasets\final_combined_datasets\PLUE\B\PLUE_B_433.JPG,Potato,B,uncontrolled,918cb0a876eb5aad,Bacteria
Z:\Projects\Smart-Farming\Datasets\final_combined_datasets\PLUE\B\PLUE_B_434.JPG,Potato,B,uncontrolled,d74b134855b4b9d2,Bacteria
Z:\Projects\Smart-Farming\Datasets\final_combined_datasets\PLUE\B\PLUE_B_435.JPG,Potato,B,uncontrolled,e5a16970ac92b6e3,Bacteria
Z:\Projects\Smart-Farming\Datasets\final_combined_datasets\PLUE\B\PLUE_B_436.JPG,Potato,B,uncontrolled,f5c8946396cc9b34,Bacteria
Z:\Projects\Smart-Farming\Datasets\final_combined_datasets\PLUE\B\PLUE_B_437.JPG,Potato,B,uncontrolled,d1cc99b36cb68d48,Bacteria
Z:\Projects\Smart-Farming\Datasets\final_combined_datasets\PLUE\B\PLUE_B_438.JPG,Potato,B,uncontrolled,d1c699aa54b16e5a,Bacteria
Z:\Projects\Smart-Farming\Datasets\final_combined_datasets\PLUE\B\PLUE_B_439.JPG,Potato,B,uncontrolled,f378d68b52b05543,Bacteria
Z:\Projects\Smart-Farming\Datasets\final_combined_datasets\PLUE\B\PLUE_B_440.JPG,Potato,B,uncontrolled,f40974a3bd525c66,Bacteria
Z:\Projects\Smart-Farming\Datasets\final_combined_datasets\PLUE\B\PLUE_B_441.JPG,Potato,B,uncontrolled,f511278c56aa3d8e,Bacteria
Z:\Projects\Smart-Farming\Datasets\final_combined_datasets\PLUE\B\PLUE_B_442.JPG,Potato,B,uncontrolled,f6db509975a04a36,Bacteria
Z:\Projects\Smart-Farming\Datasets\final_combined_datasets\PLUE\B\PLUE_B_443.JPG,Potato,B,uncontrolled,e5d20d127ef50279,Bacteria
Z:\Projects\Smart-Farming\Datasets\final_combined_datasets\PLUE\B\PLUE_B_444.JPG,Potato,B,uncontrolled,e4d51de42c3fc226,Bacteria
Z:\Projects\Smart-Farming\Datasets\final_combined_datasets\PLUE\B\PLUE_B_445.JPG,Potato,B,uncontrolled,d7e46ab14035ec9c,Bacteria
Z:\Projects\Smart-Farming\Datasets\final_combined_datasets\PLUE\B\PLUE_B_446.JPG,Potato,B,uncontrolled,f4d3228771e8995a,Bacteria
Z:\Projects\Smart-Farming\Datasets\final_combined_datasets\PLUE\B\PLUE_B_447.JPG,Potato,B,uncontrolled,d7d05b4a6ba9450d,Bacteria
Z:\Projects\Smart-Farming\Datasets\final_combined_datasets\PLUE\B\PLUE_B_448.JPG,Potato,B,uncontrolled,d5e17338999d2c16,Bacteria
Z:\Projects\Smart-Farming\Datasets\final_combined_datasets\PLUE\B\PLUE_B_449.JPG,Potato,B,uncontrolled,d690ca4fd06bcba2,Bacteria
Z:\Projects\Smart-Farming\Datasets\final_combined_datasets\PLUE\B\PLUE_B_450.JPG,Potato,B,uncontrolled,f195c735c8b74096,Bacteria
Z:\Projects\Smart-Farming\Datasets\final_combined_datasets\PLUE\B\PLUE_B_451.JPG,Potato,B,uncontrolled,d5b6396673ac2489,Bacteria
Z:\Projects\Smart-Farming\Datasets\final_combined_datasets\PLUE\B\PLUE_B_452.JPG,Potato,B,uncontrolled,c9d992b4b5a295a5,Bacteria
Z:\Projects\Smart-Farming\Datasets\final_combined_datasets\PLUE\B\PLUE_B_453.JPG,Potato,B,uncontrolled,c4bb8476e54b871c,Bacteria
Z:\Projects\Smart-Farming\Datasets\final_combined_datasets\PLUE\B\PLUE_B_454.JPG,Potato,B,uncontrolled,c838fb440ff4e04f,Bacteria
Z:\Projects\Smart-Farming\Datasets\final_combined_datasets\PLUE\B\PLUE_B_455.JPG,Potato,B,uncontrolled,d123fdf1c20b3c45,Bacteria
Z:\Projects\Smart-Farming\Datasets\final_combined_datasets\PLUE\B\PLUE_B_456.JPG,Potato,B,uncontrolled,d0273c72e5ce4c39,Bacteria
Z:\Projects\Smart-Farming\Datasets\final_combined_datasets\PLUE\B\PLUE_B_457.JPG,Potato,B,uncontrolled,e676278a91926cab,Bacteria
Z:\Projects\Smart-Farming\Datasets\final_combined_datasets\PLUE\B\PLUE_B_458.JPG,Potato,B,uncontrolled,e6644690bbe46d72,Bacteria
Z:\Projects\Smart-Farming\Datasets\final_combined_datasets\PLUE\B\PLUE_B_459.JPG,Potato,B,uncontrolled,ec640e92c9496cfd,Bacteria
Z:\Projects\Smart-Farming\Datasets\final_combined_datasets\PLUE\B\PLUE_B_460.JPG,Potato,B,uncontrolled,f85bc4aac728a9b2,Bacteria
Z:\Projects\Smart-Farming\Datasets\final_combined_datasets\PLUE\B\PLUE_B_461.JPG,Potato,B,uncontrolled,fd4dc4a83f552941,Bacteria
Z:\Projects\Smart-Farming\Datasets\final_combined_datasets\PLUE\B\PLUE_B_462.JPG,Potato,B,uncontrolled,ddcae83606bb06d4,Bacteria
Z:\Projects\Smart-Farming\Datasets\final_combined_datasets\PLUE\B\PLUE_B_463.JPG,Potato,B,uncontrolled,de2dcfc1b14ec908,Bacteria
Z:\Projects\Smart-Farming\Datasets\final_combined_datasets\PLUE\B\PLUE_B_464.JPG,Potato,B,uncontrolled,d51bcaaa596eb144,Bacteria
Z:\Projects\Smart-Farming\Datasets\final_combined_datasets\PLUE\B\PLUE_B_465.JPG,Potato,B,uncontrolled,d14bad956836b992,Bacteria
Z:\Projects\Smart-Farming\Datasets\final_combined_datasets\PLUE\B\PLUE_B_466.JPG,Potato,B,uncontrolled,d314ae65d22bad92,Bacteria
Z:\Projects\Smart-Farming\Datasets\final_combined_datasets\PLUE\B\PLUE_B_467.JPG,Potato,B,uncontrolled,fc9819c5d4d54ac6,Bacteria
Z:\Projects\Smart-Farming\Datasets\final_combined_datasets\PLUE\B\PLUE_B_468.JPG,Potato,B,uncontrolled,c5e331aba5920b6b,Bacteria
Z:\Projects\Smart-Farming\Datasets\final_combined_datasets\PLUE\B\PLUE_B_469.JPG,Potato,B,uncontrolled,c5a2919b32256b7e,Bacteria
Z:\Projects\Smart-Farming\Datasets\final_combined_datasets\PLUE\B\PLUE_B_470.JPG,Potato,B,uncontrolled,c4a0919a366fab6e,Bacteria
Z:\Projects\Smart-Farming\Datasets\final_combined_datasets\PLUE\B\PLUE_B_471.JPG,Potato,B,uncontrolled,cc9595117bb21fc2,Bacteria
Z:\Projects\Smart-Farming\Datasets\final_combined_datasets\PLUE\B\PLUE_B_472.JPG,Potato,B,uncontrolled,e486c8cc8dd97a2b,Bacteria
Z:\Projects\Smart-Farming\Datasets\final_combined_datasets\PLUE\B\PLUE_B_473.JPG,Potato,B,uncontrolled,ccb38b8d3d9d3482,Bacteria
Z:\Projects\Smart-Farming\Datasets\final_combined_datasets\PLUE\B\PLUE_B_474.JPG,Potato,B,uncontrolled,fab1dca081c2b71d,Bacteria
Z:\Projects\Smart-Farming\Datasets\final_combined_datasets\PLUE\B\PLUE_B_475.JPG,Potato,B,uncontrolled,d5b1d617c2aa81d6,Bacteria
Z:\Projects\Smart-Farming\Datasets\final_combined_datasets\PLUE\B\PLUE_B_476.JPG,Potato,B,uncontrolled,97a28436c7d483de,Bacteria
Z:\Projects\Smart-Farming\Datasets\final_combined_datasets\PLUE\B\PLUE_B_477.JPG,Potato,B,uncontrolled,86b7d435c25ad554,Bacteria
Z:\Projects\Smart-Farming\Datasets\final_combined_datasets\PLUE\B\PLUE_B_478.JPG,Potato,B,uncontrolled,b1b0e0f9a2746ba5,Bacteria
Z:\Projects\Smart-Farming\Datasets\final_combined_datasets\PLUE\B\PLUE_B_479.JPG,Potato,B,uncontrolled,f0ed075f1c083b35,Bacteria
Z:\Projects\Smart-Farming\Datasets\final_combined_datasets\PLUE\B\PLUE_B_480.JPG,Potato,B,uncontrolled,dde4e0028d8f8bad,Bacteria
Z:\Projects\Smart-Farming\Datasets\final_combined_datasets\PLUE\B\PLUE_B_481.JPG,Potato,B,uncontrolled,95cbe5f2e9841a15,Bacteria
Z:\Projects\Smart-Farming\Datasets\final_combined_datasets\PLUE\B\PLUE_B_482.JPG,Potato,B,uncontrolled,9caeedb2e1c0345a,Bacteria
Z:\Projects\Smart-Farming\Datasets\final_combined_datasets\PLUE\B\PLUE_B_483.JPG,Potato,B,uncontrolled,858ac293296b3dd7,Bacteria
Z:\Projects\Smart-Farming\Datasets\final_combined_datasets\PLUE\B\PLUE_B_484.JPG,Potato,B,uncontrolled,8f828235b9fcf2a2,Bacteria
Z:\Projects\Smart-Farming\Datasets\final_combined_datasets\PLUE\B\PLUE_B_485.JPG,Potato,B,uncontrolled,d9dcc2dd25685a94,Bacteria
Z:\Projects\Smart-Farming\Datasets\final_combined_datasets\PLUE\B\PLUE_B_486.JPG,Potato,B,uncontrolled,dd90d934a5465bb1,Bacteria
Z:\Projects\Smart-Farming\Datasets\final_combined_datasets\PLUE\B\PLUE_B_487.JPG,Potato,B,uncontrolled,a43b8598b766ec1a,Bacteria
Z:\Projects\Smart-Farming\Datasets\final_combined_datasets\PLUE\B\PLUE_B_488.JPG,Potato,B,uncontrolled,c59f39317322c61e,Bacteria
Z:\Projects\Smart-Farming\Datasets\final_combined_datasets\PLUE\B\PLUE_B_489.JPG,Potato,B,uncontrolled,ddf32cf81b7102b0,Bacteria
Z:\Projects\Smart-Farming\Datasets\final_combined_datasets\PLUE\B\PLUE_B_490.JPG,Potato,B,uncontrolled,fb361912cae74ac1,Bacteria
Z:\Projects\Smart-Farming\Datasets\final_combined_datasets\PLUE\B\PLUE_B_491.JPG,Potato,B,uncontrolled,fa731a09c96ec4e8,Bacteria
Z:\Projects\Smart-Farming\Datasets\final_combined_datasets\PLUE\B\PLUE_B_492.JPG,Potato,B,uncontrolled,ff82107376114f78,Bacteria
Z:\Projects\Smart-Farming\Datasets\final_combined_datasets\PLUE\B\PLUE_B_493.JPG,Potato,B,uncontrolled,fb86317375114572,Bacteria
Z:\Projects\Smart-Farming\Datasets\final_combined_datasets\PLUE\B\PLUE_B_494.JPG,Potato,B,uncontrolled,cbe78c33f21e9b00,Bacteria
Z:\Projects\Smart-Farming\Datasets\final_combined_datasets\PLUE\B\PLUE_B_495.JPG,Potato,B,uncontrolled,f93d0f4e52c19cb0,Bacteria
Z:\Projects\Smart-Farming\Datasets\final_combined_datasets\PLUE\B\PLUE_B_496.JPG,Potato,B,uncontrolled,c1e42ce5b5c9b94a,Bacteria
Z:\Projects\Smart-Farming\Datasets\final_combined_datasets\PLUE\B\PLUE_B_497.JPG,Potato,B,uncontrolled,c908160ab4ba7d7f,Bacteria
Z:\Projects\Smart-Farming\Datasets\final_combined_datasets\PLUE\B\PLUE_B_498.JPG,Potato,B,uncontrolled,c91e3da280bd7674,Bacteria
Z:\Projects\Smart-Farming\Datasets\final_combined_datasets\PLUE\B\PLUE_B_499.JPG,Potato,B,uncontrolled,c53e3f8190fb418d,Bacteria
Z:\Projects\Smart-Farming\Datasets\final_combined_datasets\PLUE\B\PLUE_B_500.JPG,Potato,B,uncontrolled,e717734a45497592,Bacteria
Z:\Projects\Smart-Farming\Datasets\final_combined_datasets\PLUE\B\PLUE_B_501.JPG,Potato,B,uncontrolled,c1187b6b7709197c,Bacteria
Z:\Projects\Smart-Farming\Datasets\final_combined_datasets\PLUE\B\PLUE_B_502.JPG,Potato,B,uncontrolled,c518796663d70b39,Bacteria
Z:\Projects\Smart-Farming\Datasets\final_combined_datasets\PLUE\B\PLUE_B_503.JPG,Potato,B,uncontrolled,c1187967634b3ab9,Bacteria
Z:\Projects\Smart-Farming\Datasets\final_combined_datasets\PLUE\B\PLUE_B_504.JPG,Potato,B,uncontrolled,f9978f26603a931a,Bacteria
Z:\Projects\Smart-Farming\Datasets\final_combined_datasets\PLUE\B\PLUE_B_505.JPG,Potato,B,uncontrolled,f20d9eac2d5a6352,Bacteria
Z:\Projects\Smart-Farming\Datasets\final_combined_datasets\PLUE\B\PLUE_B_506.JPG,Potato,B,uncontrolled,d90f63068ce7e730,Bacteria
Z:\Projects\Smart-Farming\Datasets\final_combined_datasets\PLUE\B\PLUE_B_507.JPG,Potato,B,uncontrolled,c21967479c9ca6ce,Bacteria
Z:\Projects\Smart-Farming\Datasets\final_combined_datasets\PLUE\B\PLUE_B_508.JPG,Potato,B,uncontrolled,d11b67a78d189c8e,Bacteria
Z:\Projects\Smart-Farming\Datasets\final_combined_datasets\PLUE\B\PLUE_B_509.JPG,Potato,B,uncontrolled,f060c97b36ca338d,Bacteria
Z:\Projects\Smart-Farming\Datasets\final_combined_datasets\PLUE\B\PLUE_B_510.JPG,Potato,B,uncontrolled,d3b2cdc4c28d66d8,Bacteria
Z:\Projects\Smart-Farming\Datasets\final_combined_datasets\PLUE\B\PLUE_B_511.JPG,Potato,B,uncontrolled,cd2d4aaab192f0ab,Bacteria
Z:\Projects\Smart-Farming\Datasets\final_combined_datasets\PLUE\B\PLUE_B_512.JPG,Potato,B,uncontrolled,cdabcdb493613309,Bacteria
Z:\Projects\Smart-Farming\Datasets\final_combined_datasets\PLUE\B\PLUE_B_513.JPG,Potato,B,uncontrolled,ea6aa5a2676381ad,Bacteria
Z:\Projects\Smart-Farming\Datasets\final_combined_datasets\PLUE\B\PLUE_B_514.JPG,Potato,B,uncontrolled,d75c94a4a62731a7,Bacteria
Z:\Projects\Smart-Farming\Datasets\final_combined_datasets\PLUE\B\PLUE_B_515.JPG,Potato,B,uncontrolled,f97f18b0591c174a,Bacteria
Z:\Projects\Smart-Farming\Datasets\final_combined_datasets\PLUE\B\PLUE_B_516.JPG,Potato,B,uncontrolled,d27c43ac5ca7a6a1,Bacteria
Z:\Projects\Smart-Farming\Datasets\final_combined_datasets\PLUE\B\PLUE_B_517.JPG,Potato,B,uncontrolled,f47846e8d9a58e86,Bacteria
Z:\Projects\Smart-Farming\Datasets\final_combined_datasets\PLUE\B\PLUE_B_518.JPG,Potato,B,uncontrolled,f07987b9adab1130,Bacteria
Z:\Projects\Smart-Farming\Datasets\final_combined_datasets\PLUE\B\PLUE_B_519.JPG,Potato,B,uncontrolled,cc9b10d4a7c2d6c7,Bacteria
Z:\Projects\Smart-Farming\Datasets\final_combined_datasets\PLUE\B\PLUE_B_520.JPG,Potato,B,uncontrolled,ce7d18509d42e9dc,Bacteria
Z:\Projects\Smart-Farming\Datasets\final_combined_datasets\PLUE\B\PLUE_B_521.JPG,Potato,B,uncontrolled,cf4f1aacd2c19945,Bacteria
Z:\Projects\Smart-Farming\Datasets\final_combined_datasets\PLUE\B\PLUE_B_522.JPG,Potato,B,uncontrolled,cf8e9ad3d17c4301,Bacteria
Z:\Projects\Smart-Farming\Datasets\final_combined_datasets\PLUE\B\PLUE_B_523.JPG,Potato,B,uncontrolled,e384cdff9094d611,Bacteria
Z:\Projects\Smart-Farming\Datasets\final_combined_datasets\PLUE\B\PLUE_B_524.JPG,Potato,B,uncontrolled,c002597e3ffb3d04,Bacteria
Z:\Projects\Smart-Farming\Datasets\final_combined_datasets\PLUE\B\PLUE_B_525.JPG,Potato,B,uncontrolled,e418447bb54b371b,Bacteria
Z:\Projects\Smart-Farming\Datasets\final_combined_datasets\PLUE\B\PLUE_B_526.JPG,Potato,B,uncontrolled,f609746a872d3996,Bacteria
Z:\Projects\Smart-Farming\Datasets\final_combined_datasets\PLUE\B\PLUE_B_527.JPG,Potato,B,uncontrolled,e59b084673395bca,Bacteria
Z:\Projects\Smart-Farming\Datasets\final_combined_datasets\PLUE\B\PLUE_B_528.JPG,Potato,B,uncontrolled,cb075a78f8b40b0f,Bacteria
Z:\Projects\Smart-Farming\Datasets\final_combined_datasets\PLUE\B\PLUE_B_529.JPG,Potato,B,uncontrolled,c71a65f8b49a070f,Bacteria
Z:\Projects\Smart-Farming\Datasets\final_combined_datasets\PLUE\B\PLUE_B_530.JPG,Potato,B,uncontrolled,c51a2578fafc7209,Bacteria
Z:\Projects\Smart-Farming\Datasets\final_combined_datasets\PLUE\B\PLUE_B_531.JPG,Potato,B,uncontrolled,f10c732fb7df0c00,Bacteria
Z:\Projects\Smart-Farming\Datasets\final_combined_datasets\PLUE\B\PLUE_B_532.JPG,Potato,B,uncontrolled,e106686b36b97e19,Bacteria
Z:\Projects\Smart-Farming\Datasets\final_combined_datasets\PLUE\B\PLUE_B_533.JPG,Potato,B,uncontrolled,ca3515455b2a4baf,Bacteria
Z:\Projects\Smart-Farming\Datasets\final_combined_datasets\PLUE\B\PLUE_B_534.JPG,Potato,B,uncontrolled,ca05444b226d7bfd,Bacteria
Z:\Projects\Smart-Farming\Datasets\final_combined_datasets\PLUE\B\PLUE_B_535.JPG,Potato,B,uncontrolled,f79826916ac49733,Bacteria
Z:\Projects\Smart-Farming\Datasets\final_combined_datasets\PLUE\B\PLUE_B_536.JPG,Potato,B,uncontrolled,ffc0228f1d6262d6,Bacteria
Z:\Projects\Smart-Farming\Datasets\final_combined_datasets\PLUE\B\PLUE_B_537.JPG,Potato,B,uncontrolled,bec1c9ba95a932a4,Bacteria
Z:\Projects\Smart-Farming\Datasets\final_combined_datasets\PLUE\B\PLUE_B_538.JPG,Potato,B,uncontrolled,f9e5c88d060be5d2,Bacteria
Z:\Projects\Smart-Farming\Datasets\final_combined_datasets\PLUE\B\PLUE_B_539.JPG,Potato,B,uncontrolled,f7cd829d1ca6e150,Bacteria
Z:\Projects\Smart-Farming\Datasets\final_combined_datasets\PLUE\B\PLUE_B_540.JPG,Potato,B,uncontrolled,e7ca85e0991dec62,Bacteria
Z:\Projects\Smart-Farming\Datasets\final_combined_datasets\PLUE\B\PLUE_B_541.JPG,Potato,B,uncontrolled,e57c0cb21f660ba3,Bacteria
Z:\Projects\Smart-Farming\Datasets\final_combined_datasets\PLUE\B\PLUE_B_542.JPG,Potato,B,uncontrolled,e5f82ee60d8e909a,Bacteria
Z:\Projects\Smart-Farming\Datasets\final_combined_datasets\PLUE\B\PLUE_B_543.JPG,Potato,B,uncontrolled,e2e5598838fc95ac,Bacteria
Z:\Projects\Smart-Farming\Datasets\final_combined_datasets\PLUE\B\PLUE_B_544.JPG,Potato,B,uncontrolled,c6cb34d22970db95,Bacteria
Z:\Projects\Smart-Farming\Datasets\final_combined_datasets\PLUE\B\PLUE_B_545.JPG,Potato,B,uncontrolled,e4db28f512b17349,Bacteria
Z:\Projects\Smart-Farming\Datasets\final_combined_datasets\PLUE\B\PLUE_B_546.JPG,Potato,B,uncontrolled,c49b3a95b3d264a9,Bacteria
Z:\Projects\Smart-Farming\Datasets\final_combined_datasets\PLUE\B\PLUE_B_547.JPG,Potato,B,uncontrolled,d7c484b6a0cdbca5,Bacteria
Z:\Projects\Smart-Farming\Datasets\final_combined_datasets\PLUE\B\PLUE_B_548.JPG,Potato,B,uncontrolled,dfc40436a4c7bcb1,Bacteria
Z:\Projects\Smart-Farming\Datasets\final_combined_datasets\PLUE\B\PLUE_B_549.JPG,Potato,B,uncontrolled,d3327204b49fd85e,Bacteria
Z:\Projects\Smart-Farming\Datasets\final_combined_datasets\PLUE\B\PLUE_B_550.JPG,Potato,B,uncontrolled,d736f08651e9a6a2,Bacteria
Z:\Projects\Smart-Farming\Datasets\final_combined_datasets\PLUE\B\PLUE_B_551.JPG,Potato,B,uncontrolled,c8d32afd15aa15a5,Bacteria
Z:\Projects\Smart-Farming\Datasets\final_combined_datasets\PLUE\B\PLUE_B_552.JPG,Potato,B,uncontrolled,c8f514e87d225ad5,Bacteria
Z:\Projects\Smart-Farming\Datasets\final_combined_datasets\PLUE\B\PLUE_B_553.JPG,Potato,B,uncontrolled,eb49555252ed9496,Bacteria
Z:\Projects\Smart-Farming\Datasets\final_combined_datasets\PLUE\B\PLUE_B_554.JPG,Potato,B,uncontrolled,e2c90ee95f4865b4,Bacteria
Z:\Projects\Smart-Farming\Datasets\final_combined_datasets\PLUE\B\PLUE_B_555.jpg,Potato,B,uncontrolled,c4e9372b251e0bb9,Bacteria
Z:\Projects\Smart-Farming\Datasets\final_combined_datasets\PLUE\B\PLUE_B_556.jpg,Potato,B,uncontrolled,8c989352f349e96d,Bacteria
Z:\Projects\Smart-Farming\Datasets\final_combined_datasets\PLUE\B\PLUE_B_557.jpg,Potato,B,uncontrolled,b6c9e64dd2447ac4,Bacteria
Z:\Projects\Smart-Farming\Datasets\final_combined_datasets\PLUE\B\PLUE_B_558.jpg,Potato,B,uncontrolled,bcc6bbc699260cf0,Bacteria
Z:\Projects\Smart-Farming\Datasets\final_combined_datasets\PLUE\B\PLUE_B_559.jpg,Potato,B,uncontrolled,baa584aed449b61e,Bacteria
Z:\Projects\Smart-Farming\Datasets\final_combined_datasets\PLUE\B\PLUE_B_560.jpg,Potato,B,uncontrolled,ba5458aa1e69a47d,Bacteria
Z:\Projects\Smart-Farming\Datasets\final_combined_datasets\PLUE\B\PLUE_B_561.jpg,Potato,B,uncontrolled,a75894660d1cbb2f,Bacteria
Z:\Projects\Smart-Farming\Datasets\final_combined_datasets\PLUE\B\PLUE_B_562.jpg,Potato,B,uncontrolled,a3dc84618cfe79b0,Bacteria
Z:\Projects\Smart-Farming\Datasets\final_combined_datasets\PLUE\B\PLUE_B_563.jpg,Potato,B,uncontrolled,eadd861287e4f28c,Bacteria
Z:\Projects\Smart-Farming\Datasets\final_combined_datasets\PLUE\B\PLUE_B_564.jpg,Potato,B,uncontrolled,f60a8824b9e537d5,Bacteria
Z:\Projects\Smart-Farming\Datasets\final_combined_datasets\PLUE\B\PLUE_B_565.jpg,Potato,B,uncontrolled,ca3ca1b34dc8d4e3,Bacteria
Z:\Projects\Smart-Farming\Datasets\final_combined_datasets\PLUE\B\PLUE_B_566.jpg,Potato,B,uncontrolled,838fd0f7e0d833c1,Bacteria
Z:\Projects\Smart-Farming\Datasets\final_combined_datasets\PLUE\B\PLUE_B_567.jpg,Potato,B,uncontrolled,81b0fad8d8df0746,Bacteria
Z:\Projects\Smart-Farming\Datasets\final_combined_datasets\PLUE\B\PLUE_B_568.jpg,Potato,B,uncontrolled,a6c9d1649b92e1b9,Bacteria
Z:\Projects\Smart-Farming\Datasets\final_combined_datasets\PLUE\B\PLUE_B_569.jpg,Potato,B,uncontrolled,a154ae6a754590bf,Bacteria
Z:\Projects\Smart-Farming\Datasets\final_combined_datasets\PLUE\B\PLUE_B_001.JPG,Potato,B,uncontrolled,e9f403b4dac08add,Bacteria
Z:\Projects\Smart-Farming\Datasets\final_combined_datasets\PLUE\B\PLUE_B_007.jpg,Potato,B,uncontrolled,9dce3c6f72810d23,Bacteria
Z:\Projects\Smart-Farming\Datasets\final_combined_datasets\PLUE\B\PLUE_B_008.jpg,Potato,B,uncontrolled,83dcaf8f150cfa14,Bacteria
Z:\Projects\Smart-Farming\Datasets\final_combined_datasets\PLUE\B\PLUE_B_009.jpg,Potato,B,uncontrolled,ace092333cf6653c,Bacteria
Z:\Projects\Smart-Farming\Datasets\final_combined_datasets\PLUE\B\PLUE_B_010.jpg,Potato,B,uncontrolled,9b91da32876e12e9,Bacteria
Z:\Projects\Smart-Farming\Datasets\final_combined_datasets\PLUE\B\PLUE_B_011.jpg,Potato,B,uncontrolled,daa54ab9f25a8cb0,Bacteria
Z:\Projects\Smart-Farming\Datasets\final_combined_datasets\PLUE\B\PLUE_B_012.jpg,Potato,B,uncontrolled,f4d8a7909c6a17ac,Bacteria
Z:\Projects\Smart-Farming\Datasets\final_combined_datasets\PLUE\B\PLUE_B_013.jpg,Potato,B,uncontrolled,84999af02d3361f7,Bacteria
Z:\Projects\Smart-Farming\Datasets\final_combined_datasets\PLUE\B\PLUE_B_014.jpg,Potato,B,uncontrolled,9cc32dcc3116e64f,Bacteria
Z:\Projects\Smart-Farming\Datasets\final_combined_datasets\PLUE\B\PLUE_B_015.jpg,Potato,B,uncontrolled,d5aab952a50db8e8,Bacteria
Z:\Projects\Smart-Farming\Datasets\final_combined_datasets\PLUE\B\PLUE_B_016.jpg,Potato,B,uncontrolled,d1a3293a266f4a73,Bacteria
Z:\Projects\Smart-Farming\Datasets\final_combined_datasets\PLUE\B\PLUE_B_017.jpg,Potato,B,uncontrolled,d079791493c96736,Bacteria
Z:\Projects\Smart-Farming\Datasets\final_combined_datasets\PLUE\B\PLUE_B_018.jpg,Potato,B,uncontrolled,c9b8cd996e63b284,Bacteria
Z:\Projects\Smart-Farming\Datasets\final_combined_datasets\PLUE\B\PLUE_B_019.jpg,Potato,B,uncontrolled,d2c93db665661465,Bacteria
Z:\Projects\Smart-Farming\Datasets\final_combined_datasets\PLUE\B\PLUE_B_020.jpg,Potato,B,uncontrolled,c89287fd96740c5b,Bacteria
Z:\Projects\Smart-Farming\Datasets\final_combined_datasets\PLUE\B\PLUE_B_021.jpg,Potato,B,uncontrolled,cc71f0d9261c9d27,Bacteria
Z:\Projects\Smart-Farming\Datasets\final_combined_datasets\PLUE\B\PLUE_B_022.jpg,Potato,B,uncontrolled,faa6db0304363f0d,Bacteria
Z:\Projects\Smart-Farming\Datasets\final_combined_datasets\PLUE\B\PLUE_B_023.jpg,Potato,B,uncontrolled,ebc8d91d9dc98858,Bacteria
Z:\Projects\Smart-Farming\Datasets\final_combined_datasets\PLUE\B\PLUE_B_024.jpg,Potato,B,uncontrolled,d3d29e19d5f11988,Bacteria
Z:\Projects\Smart-Farming\Datasets\final_combined_datasets\PLUE\B\PLUE_B_025.jpg,Potato,B,uncontrolled,daccce4d84c33953,Bacteria
Z:\Projects\Smart-Farming\Datasets\final_combined_datasets\PLUE\B\PLUE_B_026.jpg,Potato,B,uncontrolled,d4563658dc34c6f1,Bacteria
Z:\Projects\Smart-Farming\Datasets\final_combined_datasets\PLUE\B\PLUE_B_027.jpg,Potato,B,uncontrolled,db4ab3da9344a436,Bacteria
Z:\Projects\Smart-Farming\Datasets\final_combined_datasets\PLUE\B\PLUE_B_028.jpg,Potato,B,uncontrolled,d296b5b289396e38,Bacteria
Z:\Projects\Smart-Farming\Datasets\final_combined_datasets\PLUE\B\PLUE_B_029.jpg,Potato,B,uncontrolled,d295b9329dbc342c,Bacteria
Z:\Projects\Smart-Farming\Datasets\final_combined_datasets\PLUE\B\PLUE_B_030.jpg,Potato,B,uncontrolled,e9b5a6abc4415179,Bacteria
Z:\Projects\Smart-Farming\Datasets\final_combined_datasets\PLUE\B\PLUE_B_031.jpg,Potato,B,uncontrolled,d569f899652a8cc5,Bacteria
Z:\Projects\Smart-Farming\Datasets\final_combined_datasets\PLUE\B\PLUE_B_032.jpg,Potato,B,uncontrolled,e46651c8cda7b037,Bacteria
Z:\Projects\Smart-Farming\Datasets\final_combined_datasets\PLUE\B\PLUE_B_033.jpg,Potato,B,uncontrolled,96da728d82bac8ec,Bacteria
Z:\Projects\Smart-Farming\Datasets\final_combined_datasets\PLUE\B\PLUE_B_034.jpg,Potato,B,uncontrolled,c7660fe070aa5a5d,Bacteria
Z:\Projects\Smart-Farming\Datasets\final_combined_datasets\PLUE\B\PLUE_B_035.jpg,Potato,B,uncontrolled,c1436920b83e3efe,Bacteria
Z:\Projects\Smart-Farming\Datasets\final_combined_datasets\PLUE\B\PLUE_B_036.jpg,Potato,B,uncontrolled,d057b2f42a834d73,Bacteria
Z:\Projects\Smart-Farming\Datasets\final_combined_datasets\PLUE\B\PLUE_B_037.jpg,Potato,B,uncontrolled,d8c7b820c5a646ef,Bacteria
Z:\Projects\Smart-Farming\Datasets\final_combined_datasets\PLUE\B\PLUE_B_038.jpg,Potato,B,uncontrolled,8ff860c3ce39d60a,Bacteria
Z:\Projects\Smart-Farming\Datasets\final_combined_datasets\PLUE\B\PLUE_B_039.jpg,Potato,B,uncontrolled,98e709dc829ebb0e,Bacteria
Z:\Projects\Smart-Farming\Datasets\final_combined_datasets\PLUE\B\PLUE_B_040.jpg,Potato,B,uncontrolled,d1b13ca08ace3f69,Bacteria
Z:\Projects\Smart-Farming\Datasets\final_combined_datasets\PLUE\B\PLUE_B_041.jpg,Potato,B,uncontrolled,c2f529c7854967cc,Bacteria
Z:\Projects\Smart-Farming\Datasets\final_combined_datasets\PLUE\B\PLUE_B_042.jpg,Potato,B,uncontrolled,c414343ddfd2077c,Bacteria
Z:\Projects\Smart-Farming\Datasets\final_combined_datasets\PLUE\B\PLUE_B_043.jpg,Potato,B,uncontrolled,dc6d0a03917c1e9f,Bacteria
Z:\Projects\Smart-Farming\Datasets\final_combined_datasets\PLUE\B\PLUE_B_044.jpg,Potato,B,uncontrolled,8c97f0668a1b71e5,Bacteria
Z:\Projects\Smart-Farming\Datasets\final_combined_datasets\PLUE\B\PLUE_B_045.jpg,Potato,B,uncontrolled,95a27cf1a6fce180,Bacteria
Z:\Projects\Smart-Farming\Datasets\final_combined_datasets\PLUE\B\PLUE_B_046.jpg,Potato,B,uncontrolled,c812d8d297dc9c7a,Bacteria
Z:\Projects\Smart-Farming\Datasets\final_combined_datasets\PLUE\B\PLUE_B_047.jpg,Potato,B,uncontrolled,c0b4702a9f6b6a6b,Bacteria
Z:\Projects\Smart-Farming\Datasets\final_combined_datasets\PLUE\B\PLUE_B_048.jpg,Potato,B,uncontrolled,c3bf69ca8a2a2696,Bacteria
Z:\Projects\Smart-Farming\Datasets\final_combined_datasets\PLUE\B\PLUE_B_049.jpg,Potato,B,uncontrolled,f64737838587e330,Bacteria
Z:\Projects\Smart-Farming\Datasets\final_combined_datasets\PLUE\B\PLUE_B_050.jpg,Potato,B,uncontrolled,cf4c09de83e3622d,Bacteria
Z:\Projects\Smart-Farming\Datasets\final_combined_datasets\PLUE\B\PLUE_B_051.jpg,Potato,B,uncontrolled,c14f0f9b9331d361,Bacteria
Z:\Projects\Smart-Farming\Datasets\final_combined_datasets\PLUE\B\PLUE_B_052.jpg,Potato,B,uncontrolled,c34c138de61b8dce,Bacteria
Z:\Projects\Smart-Farming\Datasets\final_combined_datasets\PLUE\B\PLUE_B_053.jpg,Potato,B,uncontrolled,957b60533ad54b0d,Bacteria
Z:\Projects\Smart-Farming\Datasets\final_combined_datasets\PLUE\B\PLUE_B_054.jpg,Potato,B,uncontrolled,cf4ad82d0c1b34be,Bacteria
Z:\Projects\Smart-Farming\Datasets\final_combined_datasets\PLUE\B\PLUE_B_055.jpg,Potato,B,uncontrolled,c2563429cf9e9bb0,Bacteria
Z:\Projects\Smart-Farming\Datasets\final_combined_datasets\PLUE\B\PLUE_B_056.jpg,Potato,B,uncontrolled,ba8a50fd2d61b8c6,Bacteria
Z:\Projects\Smart-Farming\Datasets\final_combined_datasets\PLUE\B\PLUE_B_057.jpg,Potato,B,uncontrolled,a425783de46733d2,Bacteria
Z:\Projects\Smart-Farming\Datasets\final_combined_datasets\PLUE\B\PLUE_B_058.jpg,Potato,B,uncontrolled,b726f4b9c83630c3,Bacteria
Z:\Projects\Smart-Farming\Datasets\final_combined_datasets\PLUE\B\PLUE_B_059.jpg,Potato,B,uncontrolled,979f23b846e7484c,Bacteria
Z:\Projects\Smart-Farming\Datasets\final_combined_datasets\PLUE\B\PLUE_B_060.jpg,Potato,B,uncontrolled,c3f0787423a36f31,Bacteria
Z:\Projects\Smart-Farming\Datasets\final_combined_datasets\PLUE\B\PLUE_B_061.jpg,Potato,B,uncontrolled,c1f07c149f191b3e,Bacteria
Z:\Projects\Smart-Farming\Datasets\final_combined_datasets\PLUE\B\PLUE_B_062.jpg,Potato,B,uncontrolled,dc2d62c8cee37071,Bacteria
Z:\Projects\Smart-Farming\Datasets\final_combined_datasets\PLUE\B\PLUE_B_063.jpg,Potato,B,uncontrolled,f91e00cb6c76278d,Bacteria
Z:\Projects\Smart-Farming\Datasets\final_combined_datasets\PLUE\B\PLUE_B_064.jpg,Potato,B,uncontrolled,c5335a70c326a7ce,Bacteria
Z:\Projects\Smart-Farming\Datasets\final_combined_datasets\PLUE\B\PLUE_B_065.jpg,Potato,B,uncontrolled,cc5b569c8afc3891,Bacteria
Z:\Projects\Smart-Farming\Datasets\final_combined_datasets\PLUE\B\PLUE_B_066.jpg,Potato,B,uncontrolled,d9760cac9c90a7ce,Bacteria
Z:\Projects\Smart-Farming\Datasets\final_combined_datasets\PLUE\B\PLUE_B_067.jpg,Potato,B,uncontrolled,c8b87d59cbc2383a,Bacteria
Z:\Projects\Smart-Farming\Datasets\final_combined_datasets\PLUE\B\PLUE_B_068.jpg,Potato,B,uncontrolled,d7e5a361389e6682,Bacteria
Z:\Projects\Smart-Farming\Datasets\final_combined_datasets\PLUE\B\PLUE_B_069.jpg,Potato,B,uncontrolled,d7d8b2b2abc47281,Bacteria
Z:\Projects\Smart-Farming\Datasets\final_combined_datasets\PLUE\B\PLUE_B_070.jpg,Potato,B,uncontrolled,b723a433cc352799,Bacteria
Z:\Projects\Smart-Farming\Datasets\final_combined_datasets\PLUE\B\PLUE_B_071.jpg,Potato,B,uncontrolled,adf39f21422c9437,Bacteria
Z:\Projects\Smart-Farming\Datasets\final_combined_datasets\PLUE\B\PLUE_B_072.jpg,Potato,B,uncontrolled,cc6a39539df120da,Bacteria
Z:\Projects\Smart-Farming\Datasets\final_combined_datasets\PLUE\B\PLUE_B_073.jpg,Potato,B,uncontrolled,dc8c1e7268f097f0,Bacteria
Z:\Projects\Smart-Farming\Datasets\final_combined_datasets\PLUE\B\PLUE_B_074.jpg,Potato,B,uncontrolled,dd6826bc42bd3525,Bacteria
Z:\Projects\Smart-Farming\Datasets\final_combined_datasets\PLUE\B\PLUE_B_075.jpg,Potato,B,uncontrolled,f93d184cd0d62d33,Bacteria
Z:\Projects\Smart-Farming\Datasets\final_combined_datasets\PLUE\B\PLUE_B_076.jpg,Potato,B,uncontrolled,aa237ce3964a6d13,Bacteria
Z:\Projects\Smart-Farming\Datasets\final_combined_datasets\PLUE\B\PLUE_B_077.jpg,Potato,B,uncontrolled,cc0d3778e29a193e,Bacteria
Z:\Projects\Smart-Farming\Datasets\final_combined_datasets\PLUE\B\PLUE_B_078.jpg,Potato,B,uncontrolled,e38523f2c6918fcc,Bacteria
Z:\Projects\Smart-Farming\Datasets\final_combined_datasets\PLUE\B\PLUE_B_079.jpg,Potato,B,uncontrolled,d4b664ed1ba2a507,Bacteria
Z:\Projects\Smart-Farming\Datasets\final_combined_datasets\PLUE\B\PLUE_B_080.jpg,Potato,B,uncontrolled,e740322ed0b54fd3,Bacteria
Z:\Projects\Smart-Farming\Datasets\final_combined_datasets\PLUE\B\PLUE_B_081.jpg,Potato,B,uncontrolled,c6b06d2a934de693,Bacteria
Z:\Projects\Smart-Farming\Datasets\final_combined_datasets\PLUE\B\PLUE_B_082.jpg,Potato,B,uncontrolled,f228e8b01eea3f1a,Bacteria
Z:\Projects\Smart-Farming\Datasets\final_combined_datasets\PLUE\B\PLUE_B_083.jpg,Potato,B,uncontrolled,983345d5c5e4655b,Bacteria
Z:\Projects\Smart-Farming\Datasets\final_combined_datasets\PLUE\B\PLUE_B_084.jpg,Potato,B,uncontrolled,98371bf14b68ccd1,Bacteria
Z:\Projects\Smart-Farming\Datasets\final_combined_datasets\PLUE\B\PLUE_B_085.jpg,Potato,B,uncontrolled,884c7a5e898bd3d3,Bacteria
Z:\Projects\Smart-Farming\Datasets\final_combined_datasets\PLUE\B\PLUE_B_086.jpg,Potato,B,uncontrolled,82c572206f4f2fb6,Bacteria
Z:\Projects\Smart-Farming\Datasets\final_combined_datasets\PLUE\B\PLUE_B_087.jpg,Potato,B,uncontrolled,9e0b73556e22d296,Bacteria
Z:\Projects\Smart-Farming\Datasets\final_combined_datasets\PLUE\B\PLUE_B_088.jpg,Potato,B,uncontrolled,8b0b795533ab6a94,Bacteria
Z:\Projects\Smart-Farming\Datasets\final_combined_datasets\PLUE\B\PLUE_B_089.jpg,Potato,B,uncontrolled,9b0b71d525ace594,Bacteria
Z:\Projects\Smart-Farming\Datasets\final_combined_datasets\PLUE\B\PLUE_B_090.jpg,Potato,B,uncontrolled,851eb7ea2a8d4a36,Bacteria
Z:\Projects\Smart-Farming\Datasets\final_combined_datasets\PLUE\B\PLUE_B_091.jpg,Potato,B,uncontrolled,c96eba2e3a98a427,Bacteria
Z:\Projects\Smart-Farming\Datasets\final_combined_datasets\PLUE\B\PLUE_B_092.jpg,Potato,B,uncontrolled,d63bc67a25784392,Bacteria
Z:\Projects\Smart-Farming\Datasets\final_combined_datasets\PLUE\B\PLUE_B_093.jpg,Potato,B,uncontrolled,9f9f6031c527b948,Bacteria
Z:\Projects\Smart-Farming\Datasets\final_combined_datasets\PLUE\B\PLUE_B_094.jpg,Potato,B,uncontrolled,83373b0c98331ded,Bacteria
Z:\Projects\Smart-Farming\Datasets\final_combined_datasets\PLUE\B\PLUE_B_095.jpg,Potato,B,uncontrolled,8e997808d87671f9,Bacteria
Z:\Projects\Smart-Farming\Datasets\final_combined_datasets\PLUE\B\PLUE_B_096.jpg,Potato,B,uncontrolled,8307df86231ecc73,Bacteria
Z:\Projects\Smart-Farming\Datasets\final_combined_datasets\PLUE\B\PLUE_B_097.jpg,Potato,B,uncontrolled,aad2e5128c6771d9,Bacteria
Z:\Projects\Smart-Farming\Datasets\final_combined_datasets\PLUE\B\PLUE_B_098.jpg,Potato,B,uncontrolled,bc30369fc7759890,Bacteria
Z:\Projects\Smart-Farming\Datasets\final_combined_datasets\PLUE\B\PLUE_B_099.jpg,Potato,B,uncontrolled,d39b61a64baf6052,Bacteria
Z:\Projects\Smart-Farming\Datasets\final_combined_datasets\PLUE\B\PLUE_B_100.jpg,Potato,B,uncontrolled,ecc670a66a8d395a,Bacteria
Z:\Projects\Smart-Farming\Datasets\final_combined_datasets\PLUE\B\PLUE_B_101.jpg,Potato,B,uncontrolled,df623c6c32d870b2,Bacteria
Z:\Projects\Smart-Farming\Datasets\final_combined_datasets\PLUE\B\PLUE_B_102.jpg,Potato,B,uncontrolled,f641d9da9062be8c,Bacteria
Z:\Projects\Smart-Farming\Datasets\final_combined_datasets\PLUE\B\PLUE_B_103.jpg,Potato,B,uncontrolled,dc632048f697ff08,Bacteria
Z:\Projects\Smart-Farming\Datasets\final_combined_datasets\PLUE\B\PLUE_B_104.jpg,Potato,B,uncontrolled,af489f7356d80916,Bacteria
Z:\Projects\Smart-Farming\Datasets\final_combined_datasets\PLUE\B\PLUE_B_105.jpg,Potato,B,uncontrolled,e03794ec1d953764,Bacteria
Z:\Projects\Smart-Farming\Datasets\final_combined_datasets\PLUE\B\PLUE_B_106.jpg,Potato,B,uncontrolled,d809bb79334a6e8a,Bacteria
Z:\Projects\Smart-Farming\Datasets\final_combined_datasets\PLUE\B\PLUE_B_107.jpg,Potato,B,uncontrolled,d7b2836e6014db39,Bacteria
Z:\Projects\Smart-Farming\Datasets\final_combined_datasets\PLUE\B\PLUE_B_108.jpg,Potato,B,uncontrolled,c1948fb90776ec45,Bacteria
Z:\Projects\Smart-Farming\Datasets\final_combined_datasets\PLUE\B\PLUE_B_109.jpg,Potato,B,uncontrolled,d18daca9bd909372,Bacteria
Z:\Projects\Smart-Farming\Datasets\final_combined_datasets\PLUE\B\PLUE_B_110.jpg,Potato,B,uncontrolled,c1831f4ecafd8037,Bacteria
Z:\Projects\Smart-Farming\Datasets\final_combined_datasets\PLUE\B\PLUE_B_111.jpg,Potato,B,uncontrolled,dc2e40b0d9d88ede,Bacteria
Z:\Projects\Smart-Farming\Datasets\final_combined_datasets\PLUE\B\PLUE_B_112.jpg,Potato,B,uncontrolled,d42eb8949b31f159,Bacteria
Z:\Projects\Smart-Farming\Datasets\final_combined_datasets\PLUE\B\PLUE_B_113.jpg,Potato,B,uncontrolled,d13db11095e5cf19,Bacteria
Z:\Projects\Smart-Farming\Datasets\final_combined_datasets\PLUE\B\PLUE_B_114.jpg,Potato,B,uncontrolled,c3f8ae41a855e596,Bacteria
Z:\Projects\Smart-Farming\Datasets\final_combined_datasets\PLUE\B\PLUE_B_115.jpg,Potato,B,uncontrolled,be5a96595a6c3146,Bacteria
Z:\Projects\Smart-Farming\Datasets\final_combined_datasets\PLUE\B\PLUE_B_116.jpg,Potato,B,uncontrolled,af5b826a965c4669,Bacteria
Z:\Projects\Smart-Farming\Datasets\final_combined_datasets\PLUE\B\PLUE_B_117.jpg,Potato,B,uncontrolled,add79403f6499670,Bacteria
Z:\Projects\Smart-Farming\Datasets\final_combined_datasets\PLUE\B\PLUE_B_118.jpg,Potato,B,uncontrolled,aac64c43dc7291ed,Bacteria
Z:\Projects\Smart-Farming\Datasets\final_combined_datasets\PLUE\B\PLUE_B_119.jpg,Potato,B,uncontrolled,ae7195294e96349d,Bacteria
Z:\Projects\Smart-Farming\Datasets\final_combined_datasets\PLUE\B\PLUE_B_120.jpg,Potato,B,uncontrolled,e06afd69a0a79a43,Bacteria
Z:\Projects\Smart-Farming\Datasets\final_combined_datasets\PLUE\B\PLUE_B_121.jpg,Potato,B,uncontrolled,c49ebcd898e39968,Bacteria
Z:\Projects\Smart-Farming\Datasets\final_combined_datasets\PLUE\B\PLUE_B_122.jpg,Potato,B,uncontrolled,f48ce488ece80ef5,Bacteria
Z:\Projects\Smart-Farming\Datasets\final_combined_datasets\PLUE\B\PLUE_B_123.jpg,Potato,B,uncontrolled,e0aea4db41c31fe2,Bacteria
Z:\Projects\Smart-Farming\Datasets\final_combined_datasets\PLUE\B\PLUE_B_124.jpg,Potato,B,uncontrolled,e29e2cbc8af10db2,Bacteria
Z:\Projects\Smart-Farming\Datasets\final_combined_datasets\PLUE\B\PLUE_B_125.jpg,Potato,B,uncontrolled,e0bfa0b15ea3c52a,Bacteria
Z:\Projects\Smart-Farming\Datasets\final_combined_datasets\PLUE\B\PLUE_B_126.jpg,Potato,B,uncontrolled,e19d9da51983571a,Bacteria
Z:\Projects\Smart-Farming\Datasets\final_combined_datasets\PLUE\B\PLUE_B_127.jpg,Potato,B,uncontrolled,f99969362a4a9974,Bacteria
Z:\Projects\Smart-Farming\Datasets\final_combined_datasets\PLUE\B\PLUE_B_128.jpg,Potato,B,uncontrolled,95c2a361e6dd7892,Bacteria
Z:\Projects\Smart-Farming\Datasets\final_combined_datasets\PLUE\B\PLUE_B_129.jpg,Potato,B,uncontrolled,a5d6d0a548cdd6c9,Bacteria
Z:\Projects\Smart-Farming\Datasets\final_combined_datasets\PLUE\B\PLUE_B_130.jpg,Potato,B,uncontrolled,cbce8ca8d89cb945,Bacteria
Z:\Projects\Smart-Farming\Datasets\final_combined_datasets\PLUE\B\PLUE_B_131.jpg,Potato,B,uncontrolled,feddf49503087590,Bacteria
Z:\Projects\Smart-Farming\Datasets\final_combined_datasets\PLUE\B\PLUE_B_132.jpg,Potato,B,uncontrolled,fe904bef41e4b260,Bacteria
Z:\Projects\Smart-Farming\Datasets\final_combined_datasets\PLUE\B\PLUE_B_133.jpg,Potato,B,uncontrolled,fe9203695d49c19e,Bacteria
Z:\Projects\Smart-Farming\Datasets\final_combined_datasets\PLUE\B\PLUE_B_134.jpg,Potato,B,uncontrolled,fdfcfca30114f240,Bacteria
Z:\Projects\Smart-Farming\Datasets\final_combined_datasets\PLUE\B\PLUE_B_135.jpg,Potato,B,uncontrolled,f27f60018ccceaab,Bacteria
Z:\Projects\Smart-Farming\Datasets\final_combined_datasets\PLUE\B\PLUE_B_136.jpg,Potato,B,uncontrolled,ded7a9782c275422,Bacteria
Z:\Projects\Smart-Farming\Datasets\final_combined_datasets\PLUE\B\PLUE_B_137.jpg,Potato,B,uncontrolled,d8848f329965b997,Bacteria
Z:\Projects\Smart-Farming\Datasets\final_combined_datasets\PLUE\B\PLUE_B_138.jpg,Potato,B,uncontrolled,af4388689e755b98,Bacteria
Z:\Projects\Smart-Farming\Datasets\final_combined_datasets\PLUE\B\PLUE_B_139.jpg,Potato,B,uncontrolled,ac5da56d82695c5a,Bacteria
Z:\Projects\Smart-Farming\Datasets\final_combined_datasets\PLUE\B\PLUE_B_140.jpg,Potato,B,uncontrolled,dac8a970eec49363,Bacteria
Z:\Projects\Smart-Farming\Datasets\final_combined_datasets\PLUE\B\PLUE_B_141.jpg,Potato,B,uncontrolled,d3efb4126432a5c9,Bacteria
Z:\Projects\Smart-Farming\Datasets\final_combined_datasets\PLUE\B\PLUE_B_142.jpg,Potato,B,uncontrolled,fb6f079013c216ab,Bacteria
Z:\Projects\Smart-Farming\Datasets\final_combined_datasets\PLUE\B\PLUE_B_143.jpg,Potato,B,uncontrolled,fb4f01a352cc86cb,Bacteria
Z:\Projects\Smart-Farming\Datasets\final_combined_datasets\PLUE\B\PLUE_B_144.jpg,Potato,B,uncontrolled,ff66121f216f2164,Bacteria
Z:\Projects\Smart-Farming\Datasets\final_combined_datasets\PLUE\B\PLUE_B_145.jpg,Potato,B,uncontrolled,ff6230de125e21e4,Bacteria
Z:\Projects\Smart-Farming\Datasets\final_combined_datasets\PLUE\B\PLUE_B_146.jpg,Potato,B,uncontrolled,ff701e0c9a479299,Bacteria
Z:\Projects\Smart-Farming\Datasets\final_combined_datasets\PLUE\B\PLUE_B_147.jpg,Potato,B,uncontrolled,e44693da1eac895b,Bacteria
Z:\Projects\Smart-Farming\Datasets\final_combined_datasets\PLUE\B\PLUE_B_148.jpg,Potato,B,uncontrolled,e043d24d982d93fb,Bacteria
Z:\Projects\Smart-Farming\Datasets\final_combined_datasets\PLUE\B\PLUE_B_149.jpg,Potato,B,uncontrolled,ed5f821fb0292663,Bacteria
Z:\Projects\Smart-Farming\Datasets\final_combined_datasets\PLUE\B\PLUE_B_150.jpg,Potato,B,uncontrolled,e4c4957c197c621f,Bacteria
Z:\Projects\Smart-Farming\Datasets\final_combined_datasets\PLUE\B\PLUE_B_151.jpg,Potato,B,uncontrolled,ecd25e81022ee8fd,Bacteria
Z:\Projects\Smart-Farming\Datasets\final_combined_datasets\PLUE\B\PLUE_B_152.jpg,Potato,B,uncontrolled,acc744b09cbd871b,Bacteria
Z:\Projects\Smart-Farming\Datasets\final_combined_datasets\PLUE\B\PLUE_B_153.jpg,Potato,B,uncontrolled,c7949e3b10f94d25,Bacteria
Z:\Projects\Smart-Farming\Datasets\final_combined_datasets\PLUE\B\PLUE_B_154.jpg,Potato,B,uncontrolled,cf9d787b0ca00397,Bacteria
Z:\Projects\Smart-Farming\Datasets\final_combined_datasets\PLUE\B\PLUE_B_155.jpg,Potato,B,uncontrolled,efbdbc09b0b04b42,Bacteria
Z:\Projects\Smart-Farming\Datasets\final_combined_datasets\PLUE\B\PLUE_B_156.jpg,Potato,B,uncontrolled,806c933a733b33d5,Bacteria
Z:\Projects\Smart-Farming\Datasets\final_combined_datasets\PLUE\B\PLUE_B_157.jpg,Potato,B,uncontrolled,d87a1692db98dc4a,Bacteria
Z:\Projects\Smart-Farming\Datasets\final_combined_datasets\PLUE\B\PLUE_B_158.jpg,Potato,B,uncontrolled,ec4f83f565330331,Bacteria
Z:\Projects\Smart-Farming\Datasets\final_combined_datasets\PLUE\B\PLUE_B_159.jpg,Potato,B,uncontrolled,fc782f4953945e24,Bacteria
Z:\Projects\Smart-Farming\Datasets\final_combined_datasets\PLUE\B\PLUE_B_160.jpg,Potato,B,uncontrolled,dd7999991b91a231,Bacteria
Z:\Projects\Smart-Farming\Datasets\final_combined_datasets\PLUE\B\PLUE_B_161.jpg,Potato,B,uncontrolled,9d7b831c634670cd,Bacteria
Z:\Projects\Smart-Farming\Datasets\final_combined_datasets\PLUE\B\PLUE_B_162.jpg,Potato,B,uncontrolled,d55b8bba23349568,Bacteria
Z:\Projects\Smart-Farming\Datasets\final_combined_datasets\PLUE\B\PLUE_B_163.jpg,Potato,B,uncontrolled,d5598b3b0334956e,Bacteria
Z:\Projects\Smart-Farming\Datasets\final_combined_datasets\PLUE\B\PLUE_B_164.jpg,Potato,B,uncontrolled,d35b822ab52d5e29,Bacteria
Z:\Projects\Smart-Farming\Datasets\final_combined_datasets\PLUE\B\PLUE_B_165.jpg,Potato,B,uncontrolled,a27eb0451bcae52e,Bacteria
Z:\Projects\Smart-Farming\Datasets\final_combined_datasets\PLUE\B\PLUE_B_166.jpg,Potato,B,uncontrolled,823b8fbbd492784c,Bacteria
Z:\Projects\Smart-Farming\Datasets\final_combined_datasets\PLUE\B\PLUE_B_167.jpg,Potato,B,uncontrolled,af31af68d84ad464,Bacteria
Z:\Projects\Smart-Farming\Datasets\final_combined_datasets\PLUE\B\PLUE_B_168.jpg,Potato,B,uncontrolled,8975b9e8c49bca46,Bacteria
Z:\Projects\Smart-Farming\Datasets\final_combined_datasets\PLUE\B\PLUE_B_169.jpg,Potato,B,uncontrolled,a42dd79638f02d65,Bacteria
Z:\Projects\Smart-Farming\Datasets\final_combined_datasets\PLUE\B\PLUE_B_170.jpg,Potato,B,uncontrolled,a291959e78396b96,Bacteria
Z:\Projects\Smart-Farming\Datasets\final_combined_datasets\PLUE\B\PLUE_B_171.jpg,Potato,B,uncontrolled,a193d62d34f1172e,Bacteria
Z:\Projects\Smart-Farming\Datasets\final_combined_datasets\PLUE\B\PLUE_B_172.jpg,Potato,B,uncontrolled,89bbe1261d39672c,Bacteria
Z:\Projects\Smart-Farming\Datasets\final_combined_datasets\PLUE\B\PLUE_B_173.jpg,Potato,B,uncontrolled,8bb8e7251d31665c,Bacteria
Z:\Projects\Smart-Farming\Datasets\final_combined_datasets\PLUE\B\PLUE_B_174.jpg,Potato,B,uncontrolled,a193d2693e38d2b3,Bacteria
Z:\Projects\Smart-Farming\Datasets\final_combined_datasets\PLUE\B\PLUE_B_175.jpg,Potato,B,uncontrolled,abb2b5115aa96b58,Bacteria
Z:\Projects\Smart-Farming\Datasets\final_combined_datasets\PLUE\B\PLUE_B_176.jpg,Potato,B,uncontrolled,a3b55c4db24eb832,Bacteria
Z:\Projects\Smart-Farming\Datasets\final_combined_datasets\PLUE\B\PLUE_B_177.jpg,Potato,B,uncontrolled,ff4394b36c362618,Bacteria
Z:\Projects\Smart-Farming\Datasets\final_combined_datasets\PLUE\B\PLUE_B_178.jpg,Potato,B,uncontrolled,fc4f43a0b6547364,Bacteria
Z:\Projects\Smart-Farming\Datasets\final_combined_datasets\PLUE\B\PLUE_B_179.jpg,Potato,B,uncontrolled,ff9c9e30e5889033,Bacteria
Z:\Projects\Smart-Farming\Datasets\final_combined_datasets\PLUE\B\PLUE_B_180.jpg,Potato,B,uncontrolled,b8d64ccc2d89d559,Bacteria
Z:\Projects\Smart-Farming\Datasets\final_combined_datasets\PLUE\B\PLUE_B_181.jpg,Potato,B,uncontrolled,e5a94ad6a3ad2aa8,Bacteria
Z:\Projects\Smart-Farming\Datasets\final_combined_datasets\PLUE\B\PLUE_B_182.jpg,Potato,B,uncontrolled,d738b14998c79636,Bacteria
Z:\Projects\Smart-Farming\Datasets\final_combined_datasets\PLUE\B\PLUE_B_183.jpg,Potato,B,uncontrolled,e4ec781aa7352dc8,Bacteria
Z:\Projects\Smart-Farming\Datasets\final_combined_datasets\PLUE\B\PLUE_B_184.jpg,Potato,B,uncontrolled,f8e66b9a0b343598,Bacteria
Z:\Projects\Smart-Farming\Datasets\final_combined_datasets\PLUE\B\PLUE_B_185.jpg,Potato,B,uncontrolled,d5e460726c4b39ab,Bacteria
Z:\Projects\Smart-Farming\Datasets\final_combined_datasets\PLUE\B\PLUE_B_186.jpg,Potato,B,uncontrolled,c1c85dbd2f214f54,Bacteria
Z:\Projects\Smart-Farming\Datasets\final_combined_datasets\PLUE\B\PLUE_B_187.jpg,Potato,B,uncontrolled,c5c25de4ae856acc,Bacteria
Z:\Projects\Smart-Farming\Datasets\final_combined_datasets\PLUE\B\PLUE_B_188.jpg,Potato,B,uncontrolled,c0825fb5ad0a9b57,Bacteria
Z:\Projects\Smart-Farming\Datasets\final_combined_datasets\PLUE\B\PLUE_B_189.jpg,Potato,B,uncontrolled,cf66614f349249e9,Bacteria
Z:\Projects\Smart-Farming\Datasets\final_combined_datasets\PLUE\B\PLUE_B_190.jpg,Potato,B,uncontrolled,c766396b359025ec,Bacteria
Z:\Projects\Smart-Farming\Datasets\final_combined_datasets\PLUE\B\PLUE_B_191.jpg,Potato,B,uncontrolled,cd52614f36b21b4d,Bacteria
Z:\Projects\Smart-Farming\Datasets\final_combined_datasets\PLUE\B\PLUE_B_192.jpg,Potato,B,uncontrolled,cd726987b2d90d4a,Bacteria
Z:\Projects\Smart-Farming\Datasets\final_combined_datasets\PLUE\B\PLUE_B_193.jpg,Potato,B,uncontrolled,c45ba897b3986ca6,Bacteria
Z:\Projects\Smart-Farming\Datasets\final_combined_datasets\PLUE\B\PLUE_B_194.jpg,Potato,B,uncontrolled,cf5261c9adb0b54c,Bacteria
Z:\Projects\Smart-Farming\Datasets\final_combined_datasets\PLUE\B\PLUE_B_195.jpg,Potato,B,uncontrolled,eee42c3e9cd4091b,Bacteria
Z:\Projects\Smart-Farming\Datasets\final_combined_datasets\PLUE\B\PLUE_B_196.jpg,Potato,B,uncontrolled,ecec05f03c3a7e09,Bacteria
Z:\Projects\Smart-Farming\Datasets\final_combined_datasets\PLUE\B\PLUE_B_197.jpg,Potato,B,uncontrolled,e1a30fa820fbde1a,Bacteria
Z:\Projects\Smart-Farming\Datasets\final_combined_datasets\PLUE\B\PLUE_B_198.jpg,Potato,B,uncontrolled,bf90a72e5152d4a6,Bacteria
Z:\Projects\Smart-Farming\Datasets\final_combined_datasets\PLUE\B\PLUE_B_199.jpg,Potato,B,uncontrolled,a753b7e1096421e7,Bacteria
Z:\Projects\Smart-Farming\Datasets\final_combined_datasets\PLUE\B\PLUE_B_200.jpg,Potato,B,uncontrolled,c75495371cb92a6c,Bacteria
Z:\Projects\Smart-Farming\Datasets\final_combined_datasets\PLUE\B\PLUE_B_201.jpg,Potato,B,uncontrolled,e6b9c00bc4df3bc0,Bacteria
Z:\Projects\Smart-Farming\Datasets\final_combined_datasets\PLUE\B\PLUE_B_202.jpg,Potato,B,uncontrolled,fab89c858c89685f,Bacteria
Z:\Projects\Smart-Farming\Datasets\final_combined_datasets\PLUE\B\PLUE_B_203.jpg,Potato,B,uncontrolled,ffbb9e82162cc448,Bacteria
Z:\Projects\Smart-Farming\Datasets\final_combined_datasets\PLUE\B\PLUE_B_204.jpg,Potato,B,uncontrolled,f1f09d8b1ac0d88f,Bacteria
Z:\Projects\Smart-Farming\Datasets\final_combined_datasets\PLUE\B\PLUE_B_205.jpg,Potato,B,uncontrolled,c687b98536e1ed42,Bacteria
Z:\Projects\Smart-Farming\Datasets\final_combined_datasets\PLUE\B\PLUE_B_206.jpg,Potato,B,uncontrolled,ca8eb0cb92e69d91,Bacteria
Z:\Projects\Smart-Farming\Datasets\final_combined_datasets\PLUE\B\PLUE_B_207.jpg,Potato,B,uncontrolled,c39c9c8330ed25f3,Bacteria
Z:\Projects\Smart-Farming\Datasets\final_combined_datasets\PLUE\B\PLUE_B_208.jpg,Potato,B,uncontrolled,e11db9c7b24b04b3,Bacteria
Z:\Projects\Smart-Farming\Datasets\final_combined_datasets\PLUE\B\PLUE_B_209.jpg,Potato,B,uncontrolled,cedc31cfb05619a4,Bacteria
Z:\Projects\Smart-Farming\Datasets\final_combined_datasets\PLUE\B\PLUE_B_210.jpg,Potato,B,uncontrolled,c79cb44d3045acf3,Bacteria
Z:\Projects\Smart-Farming\Datasets\final_combined_datasets\PLUE\B\PLUE_B_211.jpg,Potato,B,uncontrolled,c7d7b0c721e50cb2,Bacteria
Z:\Projects\Smart-Farming\Datasets\final_combined_datasets\PLUE\B\PLUE_B_212.jpg,Potato,B,uncontrolled,c747b1cf18f30d24,Bacteria
Z:\Projects\Smart-Farming\Datasets\final_combined_datasets\PLUE\B\PLUE_B_213.jpg,Potato,B,uncontrolled,e3a539cd98d39e40,Bacteria
Z:\Projects\Smart-Farming\Datasets\final_combined_datasets\PLUE\B\PLUE_B_214.jpg,Potato,B,uncontrolled,cdf0321d0483fcaf,Bacteria
Z:\Projects\Smart-Farming\Datasets\final_combined_datasets\PLUE\B\PLUE_B_215.jpg,Potato,B,uncontrolled,c09fa09ebd634c93,Bacteria
Z:\Projects\Smart-Farming\Datasets\final_combined_datasets\PLUE\B\PLUE_B_216.jpg,Potato,B,uncontrolled,cdd1304ff41eb126,Bacteria
Z:\Projects\Smart-Farming\Datasets\final_combined_datasets\PLUE\B\PLUE_B_217.jpg,Potato,B,uncontrolled,ec849321fc1c81ff,Bacteria
Z:\Projects\Smart-Farming\Datasets\final_combined_datasets\PLUE\B\PLUE_B_218.jpg,Potato,B,uncontrolled,efe1c48c5585b172,Bacteria
Z:\Projects\Smart-Farming\Datasets\final_combined_datasets\PLUE\B\PLUE_B_219.jpg,Potato,B,uncontrolled,c0839c70637f19cf,Bacteria
Z:\Projects\Smart-Farming\Datasets\final_combined_datasets\PLUE\B\PLUE_B_220.jpg,Potato,B,uncontrolled,81839fdecc740787,Bacteria
Z:\Projects\Smart-Farming\Datasets\final_combined_datasets\PLUE\B\PLUE_B_221.jpg,Potato,B,uncontrolled,c9898f3f74f0318c,Bacteria
Z:\Projects\Smart-Farming\Datasets\final_combined_datasets\PLUE\B\PLUE_B_222.jpg,Potato,B,uncontrolled,e048d5a89b3b7167,Bacteria
Z:\Projects\Smart-Farming\Datasets\final_combined_datasets\PLUE\B\PLUE_B_223.jpg,Potato,B,uncontrolled,b704d26e9c996a66,Bacteria
Z:\Projects\Smart-Farming\Datasets\final_combined_datasets\PLUE\B\PLUE_B_224.jpg,Potato,B,uncontrolled,e148dde5899613b6,Bacteria
Z:\Projects\Smart-Farming\Datasets\final_combined_datasets\PLUE\B\PLUE_B_225.jpg,Potato,B,uncontrolled,cc4b4db9b1b92391,Bacteria
Z:\Projects\Smart-Farming\Datasets\final_combined_datasets\PLUE\B\PLUE_B_226.jpg,Potato,B,uncontrolled,cc4559c9439b6ada,Bacteria
Z:\Projects\Smart-Farming\Datasets\final_combined_datasets\PLUE\B\PLUE_B_227.jpg,Potato,B,uncontrolled,c767b0a4953570bc,Bacteria
Z:\Projects\Smart-Farming\Datasets\final_combined_datasets\PLUE\B\PLUE_B_228.jpg,Potato,B,uncontrolled,fab0ae7007ea29b4,Bacteria
Z:\Projects\Smart-Farming\Datasets\final_combined_datasets\PLUE\B\PLUE_B_229.jpg,Potato,B,uncontrolled,d6e6bb0c6d830556,Bacteria
Z:\Projects\Smart-Farming\Datasets\final_combined_datasets\PLUE\B\PLUE_B_230.jpg,Potato,B,uncontrolled,f3e0a827dd5049a7,Bacteria
Z:\Projects\Smart-Farming\Datasets\final_combined_datasets\PLUE\B\PLUE_B_231.jpg,Potato,B,uncontrolled,d2696ca735353d88,Bacteria
Z:\Projects\Smart-Farming\Datasets\final_combined_datasets\PLUE\B\PLUE_B_232.jpg,Potato,B,uncontrolled,c443fac2d959b4b2,Bacteria
Z:\Projects\Smart-Farming\Datasets\final_combined_datasets\PLUE\B\PLUE_B_233.jpg,Potato,B,uncontrolled,cfcc0f3513c86cf0,Bacteria
Z:\Projects\Smart-Farming\Datasets\final_combined_datasets\PLUE\B\PLUE_B_234.jpg,Potato,B,uncontrolled,937d2fc870dd8720,Bacteria
Z:\Projects\Smart-Farming\Datasets\final_combined_datasets\PLUE\B\PLUE_B_235.jpg,Potato,B,uncontrolled,cf12aebf6c1aa0a4,Bacteria
Z:\Projects\Smart-Farming\Datasets\final_combined_datasets\PLUE\B\PLUE_B_236.jpg,Potato,B,uncontrolled,e27f87836268b8b8,Bacteria
Z:\Projects\Smart-Farming\Datasets\final_combined_datasets\PLUE\B\PLUE_B_237.jpg,Potato,B,uncontrolled,e07c9c8e4ed6864e,Bacteria
Z:\Projects\Smart-Farming\Datasets\final_combined_datasets\PLUE\B\PLUE_B_238.jpg,Potato,B,uncontrolled,f4e0e365c7390a36,Bacteria
Z:\Projects\Smart-Farming\Datasets\final_combined_datasets\PLUE\B\PLUE_B_239.jpg,Potato,B,uncontrolled,e0789e928b4e87d6,Bacteria
Z:\Projects\Smart-Farming\Datasets\final_combined_datasets\PLUE\B\PLUE_B_240.jpg,Potato,B,uncontrolled,e0789c82af4697b5,Bacteria
Z:\Projects\Smart-Farming\Datasets\final_combined_datasets\PLUE\B\PLUE_B_241.jpg,Potato,B,uncontrolled,e0789e82ab669597,Bacteria
Z:\Projects\Smart-Farming\Datasets\final_combined_datasets\PLUE\B\PLUE_B_242.jpg,Potato,B,uncontrolled,933148b629cf67a6,Bacteria
Z:\Projects\Smart-Farming\Datasets\final_combined_datasets\PLUE\B\PLUE_B_243.jpg,Potato,B,uncontrolled,d3531a8e731967b0,Bacteria
Z:\Projects\Smart-Farming\Datasets\final_combined_datasets\PLUE\B\PLUE_B_244.jpg,Potato,B,uncontrolled,e7786ba5a1b81ba0,Bacteria
Z:\Projects\Smart-Farming\Datasets\final_combined_datasets\PLUE\B\PLUE_B_245.jpg,Potato,B,uncontrolled,b665d0d74bc902b9,Bacteria
Z:\Projects\Smart-Farming\Datasets\final_combined_datasets\PLUE\B\PLUE_B_246.jpg,Potato,B,uncontrolled,ac68abbce34b34c1,Bacteria
Z:\Projects\Smart-Farming\Datasets\final_combined_datasets\PLUE\B\PLUE_B_247.jpg,Potato,B,uncontrolled,eb47a9e8f619c340,Bacteria
Z:\Projects\Smart-Farming\Datasets\final_combined_datasets\PLUE\B\PLUE_B_248.jpg,Potato,B,uncontrolled,eccd89eb3318e894,Bacteria
Z:\Projects\Smart-Farming\Datasets\final_combined_datasets\PLUE\B\PLUE_B_249.jpg,Potato,B,uncontrolled,fe49342ecb728ca4,Bacteria
Z:\Projects\Smart-Farming\Datasets\final_combined_datasets\PLUE\B\PLUE_B_250.jpg,Potato,B,uncontrolled,f05386cf847c89b5,Bacteria
Z:\Projects\Smart-Farming\Datasets\final_combined_datasets\PLUE\B\PLUE_B_251.jpg,Potato,B,uncontrolled,e316a686a9cda17a,Bacteria
Z:\Projects\Smart-Farming\Datasets\final_combined_datasets\PLUE\B\PLUE_B_252.jpg,Potato,B,uncontrolled,da15c086e65e3db4,Bacteria
Z:\Projects\Smart-Farming\Datasets\final_combined_datasets\PLUE\B\PLUE_B_253.jpg,Potato,B,uncontrolled,b301913bd62acbbc,Bacteria
Z:\Projects\Smart-Farming\Datasets\final_combined_datasets\PLUE\B\PLUE_B_254.jpg,Potato,B,uncontrolled,bb5e949c4bacc88c,Bacteria
Z:\Projects\Smart-Farming\Datasets\final_combined_datasets\PLUE\B\PLUE_B_255.jpg,Potato,B,uncontrolled,e483ae59d3c8b16a,Bacteria
Z:\Projects\Smart-Farming\Datasets\final_combined_datasets\PLUE\B\PLUE_B_256.jpg,Potato,B,uncontrolled,ddf90d037a6c9990,Bacteria
Z:\Projects\Smart-Farming\Datasets\final_combined_datasets\PLUE\B\PLUE_B_257.jpg,Potato,B,uncontrolled,ddbe1c92bc841369,Bacteria
Z:\Projects\Smart-Farming\Datasets\final_combined_datasets\PLUE\B\PLUE_B_258.jpg,Potato,B,uncontrolled,fddeb81d825130c9,Bacteria
Z:\Projects\Smart-Farming\Datasets\final_combined_datasets\PLUE\B\PLUE_B_259.jpg,Potato,B,uncontrolled,af36bb6085618d1b,Bacteria
Z:\Projects\Smart-Farming\Datasets\final_combined_datasets\PLUE\B\PLUE_B_260.jpg,Potato,B,uncontrolled,9ebdf675c141c380,Bacteria
Z:\Projects\Smart-Farming\Datasets\final_combined_datasets\PLUE\B\PLUE_B_261.jpg,Potato,B,uncontrolled,e34b604fd811a5e7,Bacteria
Z:\Projects\Smart-Farming\Datasets\final_combined_datasets\PLUE\B\PLUE_B_262.jpg,Potato,B,uncontrolled,bc63366967b59540,Bacteria
Z:\Projects\Smart-Farming\Datasets\final_combined_datasets\PLUE\B\PLUE_B_263.jpg,Potato,B,uncontrolled,cfcf2a51d89db0a0,Bacteria
Z:\Projects\Smart-Farming\Datasets\final_combined_datasets\PLUE\B\PLUE_B_264.jpg,Potato,B,uncontrolled,e3c669dfc124a8e1,Bacteria
Z:\Projects\Smart-Farming\Datasets\final_combined_datasets\PLUE\B\PLUE_B_265.jpg,Potato,B,uncontrolled,fef421c284c64ee3,Bacteria
Z:\Projects\Smart-Farming\Datasets\final_combined_datasets\PLUE\B\PLUE_B_266.jpg,Potato,B,uncontrolled,d338e11df4e34c54,Bacteria
Z:\Projects\Smart-Farming\Datasets\final_combined_datasets\PLUE\B\PLUE_B_267.jpg,Potato,B,uncontrolled,c2e2e4e1ecc4958f,Bacteria
Z:\Projects\Smart-Farming\Datasets\final_combined_datasets\PLUE\B\PLUE_B_268.jpg,Potato,B,uncontrolled,bf019bf866c9d803,Bacteria
Z:\Projects\Smart-Farming\Datasets\final_combined_datasets\PLUE\B\PLUE_B_269.jpg,Potato,B,uncontrolled,eac88b4612baea73,Bacteria
Z:\Projects\Smart-Farming\Datasets\final_combined_datasets\PLUE\B\PLUE_B_270.jpg,Potato,B,uncontrolled,ed248b92b556b269,Bacteria
Z:\Projects\Smart-Farming\Datasets\final_combined_datasets\PLUE\B\PLUE_B_271.jpg,Potato,B,uncontrolled,f253ca57a3528b32,Bacteria
Z:\Projects\Smart-Farming\Datasets\final_combined_datasets\PLUE\B\PLUE_B_272.jpg,Potato,B,uncontrolled,a29d30ca33b7cc6a,Bacteria
Z:\Projects\Smart-Farming\Datasets\final_combined_datasets\PLUE\B\PLUE_B_273.jpg,Potato,B,uncontrolled,ab972cc935139e61,Bacteria
Z:\Projects\Smart-Farming\Datasets\final_combined_datasets\PLUE\B\PLUE_B_274.jpg,Potato,B,uncontrolled,beb45f60901f6ce0,Bacteria
Z:\Projects\Smart-Farming\Datasets\final_combined_datasets\PLUE\B\PLUE_B_275.jpg,Potato,B,uncontrolled,fe9fe0e800d33c92,Bacteria
Z:\Projects\Smart-Farming\Datasets\final_combined_datasets\PLUE\B\PLUE_B_276.jpg,Potato,B,uncontrolled,e2cfc5041f181ff1,Bacteria
Z:\Projects\Smart-Farming\Datasets\final_combined_datasets\PLUE\B\PLUE_B_277.jpg,Potato,B,uncontrolled,8f2ce8e5e268cc0f,Bacteria
Z:\Projects\Smart-Farming\Datasets\final_combined_datasets\PLUE\B\PLUE_B_278.jpg,Potato,B,uncontrolled,f87b2f9a292520ae,Bacteria
Z:\Projects\Smart-Farming\Datasets\final_combined_datasets\PLUE\B\PLUE_B_279.jpg,Potato,B,uncontrolled,ce9dd6d41865cac1,Bacteria
Z:\Projects\Smart-Farming\Datasets\final_combined_datasets\PLUE\B\PLUE_B_280.jpg,Potato,B,uncontrolled,e44ae92737d20975,Bacteria
Z:\Projects\Smart-Farming\Datasets\final_combined_datasets\PLUE\B\PLUE_B_281.jpg,Potato,B,uncontrolled,e4472d5cf403e2f4,Bacteria
Z:\Projects\Smart-Farming\Datasets\final_combined_datasets\PLUE\B\PLUE_B_282.jpg,Potato,B,uncontrolled,e16fc1684e162ed6,Bacteria
Z:\Projects\Smart-Farming\Datasets\final_combined_datasets\PLUE\B\PLUE_B_283.jpg,Potato,B,uncontrolled,eb7e83e06117a09b,Bacteria
Z:\Projects\Smart-Farming\Datasets\final_combined_datasets\PLUE\B\PLUE_B_284.jpg,Potato,B,uncontrolled,e07f001ccf4179ee,Bacteria
Z:\Projects\Smart-Farming\Datasets\final_combined_datasets\PLUE\B\PLUE_B_285.jpg,Potato,B,uncontrolled,e67c09fe0738ccc2,Bacteria
Z:\Projects\Smart-Farming\Datasets\final_combined_datasets\PLUE\B\PLUE_B_286.jpg,Potato,B,uncontrolled,e36586be8449baf0,Bacteria
Z:\Projects\Smart-Farming\Datasets\final_combined_datasets\PLUE\B\PLUE_B_287.jpg,Potato,B,uncontrolled,de400f32b81f92e7,Bacteria
Z:\Projects\Smart-Farming\Datasets\final_combined_datasets\PLUE\B\PLUE_B_288.jpg,Potato,B,uncontrolled,e248849ca85cc7ff,Bacteria
Z:\Projects\Smart-Farming\Datasets\final_combined_datasets\PLUE\B\PLUE_B_289.jpg,Potato,B,uncontrolled,cb7f1b1d0b8cb814,Bacteria
Z:\Projects\Smart-Farming\Datasets\final_combined_datasets\PLUE\B\PLUE_B_290.jpg,Potato,B,uncontrolled,f69d56fc88752121,Bacteria
Z:\Projects\Smart-Farming\Datasets\final_combined_datasets\PLUE\B\PLUE_B_291.jpg,Potato,B,uncontrolled,f288d3869d3863d6,Bacteria
Z:\Projects\Smart-Farming\Datasets\final_combined_datasets\PLUE\B\PLUE_B_292.jpg,Potato,B,uncontrolled,f78969b96a1485c9,Bacteria
Z:\Projects\Smart-Farming\Datasets\final_combined_datasets\PLUE\B\PLUE_B_293.jpg,Potato,B,uncontrolled,8fce909a255c2dab,Bacteria
Z:\Projects\Smart-Farming\Datasets\final_combined_datasets\PLUE\B\PLUE_B_294.jpg,Potato,B,uncontrolled,90cdca683dcba86d,Bacteria
Z:\Projects\Smart-Farming\Datasets\final_combined_datasets\PLUE\B\PLUE_B_295.jpg,Potato,B,uncontrolled,87c8912e95d96ab5,Bacteria
Z:\Projects\Smart-Farming\Datasets\final_combined_datasets\PLUE\B\PLUE_B_296.jpg,Potato,B,uncontrolled,9e7086fd059ceb81,Bacteria
Z:\Projects\Smart-Farming\Datasets\final_combined_datasets\PLUE\B\PLUE_B_297.jpg,Potato,B,uncontrolled,cf43b4a7b2cb0954,Bacteria
Z:\Projects\Smart-Farming\Datasets\final_combined_datasets\PLUE\B\PLUE_B_298.jpg,Potato,B,uncontrolled,a7c7098cc54f5764,Bacteria
Z:\Projects\Smart-Farming\Datasets\final_combined_datasets\PLUE\B\PLUE_B_299.jpg,Potato,B,uncontrolled,b85518b1e6724f9c,Bacteria
Z:\Projects\Smart-Farming\Datasets\final_combined_datasets\PLUE\B\PLUE_B_300.jpg,Potato,B,uncontrolled,8fb2d9b6010f1be1,Bacteria
Z:\Projects\Smart-Farming\Datasets\final_combined_datasets\PLUE\B\PLUE_B_301.jpg,Potato,B,uncontrolled,c77e041fa2af88f0,Bacteria
Z:\Projects\Smart-Farming\Datasets\final_combined_datasets\PLUE\B\PLUE_B_302.jpg,Potato,B,uncontrolled,c9aaa4593e36e945,Bacteria
Z:\Projects\Smart-Farming\Datasets\final_combined_datasets\PLUE\B\PLUE_B_303.jpg,Potato,B,uncontrolled,d5eaac523035a25f,Bacteria
Z:\Projects\Smart-Farming\Datasets\final_combined_datasets\PLUE\B\PLUE_B_304.jpg,Potato,B,uncontrolled,e8a7b459229ba556,Bacteria
Z:\Projects\Smart-Farming\Datasets\final_combined_datasets\PLUE\B\PLUE_B_305.jpg,Potato,B,uncontrolled,ff8eb9a15e9a4028,Bacteria
Z:\Projects\Smart-Farming\Datasets\final_combined_datasets\PLUE\B\PLUE_B_306.jpg,Potato,B,uncontrolled,ff66a08ca8d99c86,Bacteria
Z:\Projects\Smart-Farming\Datasets\final_combined_datasets\PLUE\B\PLUE_B_307.jpg,Potato,B,uncontrolled,ff5a49c125348c8f,Bacteria
Z:\Projects\Smart-Farming\Datasets\final_combined_datasets\PLUE\B\PLUE_B_308.jpg,Potato,B,uncontrolled,ff5f212714447591,Bacteria
Z:\Projects\Smart-Farming\Datasets\final_combined_datasets\PLUE\B\PLUE_B_309.jpg,Potato,B,uncontrolled,fe5f034f4d455428,Bacteria
Z:\Projects\Smart-Farming\Datasets\final_combined_datasets\PLUE\B\PLUE_B_310.jpg,Potato,B,uncontrolled,c9457490ab6b16f6,Bacteria
Z:\Projects\Smart-Farming\Datasets\final_combined_datasets\PLUE\B\PLUE_B_311.jpg,Potato,B,uncontrolled,ce4f8ce40651795b,Bacteria
Z:\Projects\Smart-Farming\Datasets\final_combined_datasets\PLUE\B\PLUE_B_312.jpg,Potato,B,uncontrolled,ce468ce4195959d7,Bacteria
Z:\Projects\Smart-Farming\Datasets\final_combined_datasets\PLUE\B\PLUE_B_313.jpg,Potato,B,uncontrolled,b7fa803f22653bc0,Bacteria
Z:\Projects\Smart-Farming\Datasets\final_combined_datasets\PLUE\B\PLUE_B_314.jpg,Potato,B,uncontrolled,bebc3e66916e11c0,Bacteria
Z:\Projects\Smart-Farming\Datasets\final_combined_datasets\PLUE\B\PLUE_B_315.jpg,Potato,B,uncontrolled,93689fd70a38c4f1,Bacteria
Z:\Projects\Smart-Farming\Datasets\final_combined_datasets\PLUE\B\PLUE_B_316.jpg,Potato,B,uncontrolled,ee814366b169e68d,Bacteria
Z:\Projects\Smart-Farming\Datasets\final_combined_datasets\PLUE\B\PLUE_B_317.jpg,Potato,B,uncontrolled,ee981026b25d71db,Bacteria
Z:\Projects\Smart-Farming\Datasets\final_combined_datasets\PLUE\B\PLUE_B_318.jpg,Potato,B,uncontrolled,c2851f73254d896f,Bacteria
Z:\Projects\Smart-Farming\Datasets\final_combined_datasets\PLUE\B\PLUE_B_319.jpg,Potato,B,uncontrolled,fe62c01a2a62face,Bacteria
Z:\Projects\Smart-Farming\Datasets\final_combined_datasets\PLUE\B\PLUE_B_320.jpg,Potato,B,uncontrolled,f727860e38581e7c,Bacteria
Z:\Projects\Smart-Farming\Datasets\final_combined_datasets\PLUE\B\PLUE_B_321.jpg,Potato,B,uncontrolled,f333970e3c341725,Bacteria
Z:\Projects\Smart-Farming\Datasets\final_combined_datasets\PLUE\B\PLUE_B_322.jpg,Potato,B,uncontrolled,f030982733f0e67b,Bacteria
Z:\Projects\Smart-Farming\Datasets\final_combined_datasets\PLUE\B\PLUE_B_323.jpg,Potato,B,uncontrolled,a733094d4d66b2b9,Bacteria
Z:\Projects\Smart-Farming\Datasets\final_combined_datasets\PLUE\B\PLUE_B_324.jpg,Potato,B,uncontrolled,a21100e6f4f9fcec,Bacteria
Z:\Projects\Smart-Farming\Datasets\final_combined_datasets\PLUE\B\PLUE_B_325.jpg,Potato,B,uncontrolled,9f1b834160f0b87f,Bacteria
Z:\Projects\Smart-Farming\Datasets\final_combined_datasets\PLUE\B\PLUE_B_326.jpg,Potato,B,uncontrolled,b72f0c2961495b76,Bacteria
Z:\Projects\Smart-Farming\Datasets\final_combined_datasets\PLUE\B\PLUE_B_327.jpg,Potato,B,uncontrolled,c00099eff63b3e86,Bacteria
Z:\Projects\Smart-Farming\Datasets\final_combined_datasets\PLUE\B\PLUE_B_328.jpg,Potato,B,uncontrolled,fc58a5b05aac565a,Bacteria
Z:\Projects\Smart-Farming\Datasets\final_combined_datasets\PLUE\B\PLUE_B_329.jpg,Potato,B,uncontrolled,ba9ecc246266cd33,Bacteria
Z:\Projects\Smart-Farming\Datasets\final_combined_datasets\PLUE\B\PLUE_B_330.jpg,Potato,B,uncontrolled,b04a93346d99363f,Bacteria
Z:\Projects\Smart-Farming\Datasets\final_combined_datasets\PLUE\B\PLUE_B_331.jpg,Potato,B,uncontrolled,8a309e4ff4e634f0,Bacteria
Z:\Projects\Smart-Farming\Datasets\final_combined_datasets\PLUE\B\PLUE_B_332.jpg,Potato,B,uncontrolled,bee541c76c989163,Bacteria
Z:\Projects\Smart-Farming\Datasets\final_combined_datasets\PLUE\B\PLUE_B_333.jpg,Potato,B,uncontrolled,ae9587e3c36c34c2,Bacteria
Z:\Projects\Smart-Farming\Datasets\final_combined_datasets\PLUE\B\PLUE_B_334.JPG,Potato,B,uncontrolled,b06964977e1d1636,Bacteria
Z:\Projects\Smart-Farming\Datasets\final_combined_datasets\PLUE\B\PLUE_B_335.JPG,Potato,B,uncontrolled,853479c5e36552dc,Bacteria
Z:\Projects\Smart-Farming\Datasets\final_combined_datasets\PLUE\B\PLUE_B_336.JPG,Potato,B,uncontrolled,963d469c53ac31e3,Bacteria
Z:\Projects\Smart-Farming\Datasets\final_combined_datasets\PLUE\B\PLUE_B_337.JPG,Potato,B,uncontrolled,b520631c0ebc53bf,Bacteria
Z:\Projects\Smart-Farming\Datasets\final_combined_datasets\PLUE\B\PLUE_B_338.JPG,Potato,B,uncontrolled,b562e97a358c5613,Bacteria
Z:\Projects\Smart-Farming\Datasets\final_combined_datasets\PLUE\B\PLUE_B_339.JPG,Potato,B,uncontrolled,b563637e1ca816aa,Bacteria
Z:\Projects\Smart-Farming\Datasets\final_combined_datasets\PLUE\B\PLUE_B_340.JPG,Potato,B,uncontrolled,b56f56a855b8a24c,Bacteria
Z:\Projects\Smart-Farming\Datasets\final_combined_datasets\PLUE\B\PLUE_B_341.JPG,Potato,B,uncontrolled,993348393894f76e,Bacteria
Z:\Projects\Smart-Farming\Datasets\final_combined_datasets\PLUE\B\PLUE_B_342.JPG,Potato,B,uncontrolled,d5378c406f3d42e5,Bacteria
Z:\Projects\Smart-Farming\Datasets\final_combined_datasets\PLUE\B\PLUE_B_343.JPG,Potato,B,uncontrolled,850fea35f8d254d8,Bacteria
Z:\Projects\Smart-Farming\Datasets\final_combined_datasets\PLUE\B\PLUE_B_344.JPG,Potato,B,uncontrolled,8e336237b38d4cac,Bacteria
Z:\Projects\Smart-Farming\Datasets\final_combined_datasets\PLUE\B\PLUE_B_345.JPG,Potato,B,uncontrolled,8e3fe62395892c4e,Bacteria
Z:\Projects\Smart-Farming\Datasets\final_combined_datasets\PLUE\B\PLUE_B_346.JPG,Potato,B,uncontrolled,8f31523a555475b9,Bacteria
Z:\Projects\Smart-Farming\Datasets\final_combined_datasets\PLUE\B\PLUE_B_347.JPG,Potato,B,uncontrolled,d0b0f24f6e16895e,Bacteria
Z:\Projects\Smart-Farming\Datasets\final_combined_datasets\PLUE\B\PLUE_B_348.JPG,Potato,B,uncontrolled,851e45576ba41ec7,Bacteria
Z:\Projects\Smart-Farming\Datasets\final_combined_datasets\PLUE\B\PLUE_B_349.JPG,Potato,B,uncontrolled,b04f766321d871b3,Bacteria
Z:\Projects\Smart-Farming\Datasets\final_combined_datasets\PLUE\B\PLUE_B_350.JPG,Potato,B,uncontrolled,8437b8eb961cf605,Bacteria
Z:\Projects\Smart-Farming\Datasets\final_combined_datasets\PLUE\B\PLUE_B_351.JPG,Potato,B,uncontrolled,824e199e7cc17799,Bacteria
Z:\Projects\Smart-Farming\Datasets\final_combined_datasets\PLUE\B\PLUE_B_352.JPG,Potato,B,uncontrolled,991ecc67633936a1,Bacteria
Z:\Projects\Smart-Farming\Datasets\final_combined_datasets\PLUE\B\PLUE_B_353.JPG,Potato,B,uncontrolled,9108cef19d3f1d0e,Bacteria
Z:\Projects\Smart-Farming\Datasets\final_combined_datasets\PLUE\B\PLUE_B_354.JPG,Potato,B,uncontrolled,c027bcba6653d703,Bacteria
Z:\Projects\Smart-Farming\Datasets\final_combined_datasets\PLUE\B\PLUE_B_355.JPG,Potato,B,uncontrolled,942b363426baed53,Bacteria
Z:\Projects\Smart-Farming\Datasets\final_combined_datasets\PLUE\B\PLUE_B_356.JPG,Potato,B,uncontrolled,a46f28b072e2ebe1,Bacteria
Z:\Projects\Smart-Farming\Datasets\final_combined_datasets\PLUE\B\PLUE_B_357.JPG,Potato,B,uncontrolled,9d6c6b89d103f668,Bacteria
Z:\Projects\Smart-Farming\Datasets\final_combined_datasets\PLUE\B\PLUE_B_358.JPG,Potato,B,uncontrolled,b1053c5a78ea27da,Bacteria
Z:\Projects\Smart-Farming\Datasets\final_combined_datasets\PLUE\B\PLUE_B_359.JPG,Potato,B,uncontrolled,9274e9c979ccd215,Bacteria
Z:\Projects\Smart-Farming\Datasets\final_combined_datasets\PLUE\B\PLUE_B_360.JPG,Potato,B,uncontrolled,997a66ccedd55009,Bacteria
Z:\Projects\Smart-Farming\Datasets\final_combined_datasets\PLUE\B\PLUE_B_361.JPG,Potato,B,uncontrolled,9678c825975be52c,Bacteria
Z:\Projects\Smart-Farming\Datasets\final_combined_datasets\PLUE\B\PLUE_B_362.JPG,Potato,B,uncontrolled,983b68edb12b0357,Bacteria
Z:\Projects\Smart-Farming\Datasets\final_combined_datasets\PLUE\B\PLUE_B_363.JPG,Potato,B,uncontrolled,9c7b214de9b48ba1,Bacteria
Z:\Projects\Smart-Farming\Datasets\final_combined_datasets\PLUE\B\PLUE_B_364.JPG,Potato,B,uncontrolled,9c3b6cad518b8333,Bacteria
Z:\Projects\Smart-Farming\Datasets\final_combined_datasets\PLUE\B\PLUE_B_365.JPG,Potato,B,uncontrolled,8c1138a46f56bbad,Bacteria
Z:\Projects\Smart-Farming\Datasets\final_combined_datasets\PLUE\B\PLUE_B_366.JPG,Potato,B,uncontrolled,8c472f9a3d727590,Bacteria
Z:\Projects\Smart-Farming\Datasets\final_combined_datasets\PLUE\B\PLUE_B_367.JPG,Potato,B,uncontrolled,854a2678fab3351b,Bacteria
Z:\Projects\Smart-Farming\Datasets\final_combined_datasets\PLUE\B\PLUE_B_368.JPG,Potato,B,uncontrolled,85092fb26b3d7253,Bacteria
Z:\Projects\Smart-Farming\Datasets\final_combined_datasets\PLUE\B\PLUE_B_369.JPG,Potato,B,uncontrolled,c12f1c4cb22f3177,Bacteria
Z:\Projects\Smart-Farming\Datasets\final_combined_datasets\PLUE\B\PLUE_B_370.JPG,Potato,B,uncontrolled,940ceda1dc0f43f9,Bacteria
Z:\Projects\Smart-Farming\Datasets\final_combined_datasets\PLUE\B\PLUE_B_371.JPG,Potato,B,uncontrolled,964de1f88f437832,Bacteria
Z:\Projects\Smart-Farming\Datasets\final_combined_datasets\PLUE\B\PLUE_B_372.JPG,Potato,B,uncontrolled,9409ef26f9d4215e,Bacteria
Z:\Projects\Smart-Farming\Datasets\final_combined_datasets\PLUE\B\PLUE_B_373.JPG,Potato,B,uncontrolled,944df05a0e72bcc7,Bacteria
Z:\Projects\Smart-Farming\Datasets\final_combined_datasets\PLUE\B\PLUE_B_374.JPG,Potato,B,uncontrolled,d2e5da29579168d4,Bacteria
Z:\Projects\Smart-Farming\Datasets\final_combined_datasets\PLUE\B\PLUE_B_375.JPG,Potato,B,uncontrolled,ce3d2b0c92486db7,Bacteria
Z:\Projects\Smart-Farming\Datasets\final_combined_datasets\PLUE\B\PLUE_B_376.JPG,Potato,B,uncontrolled,8b82f34170f4b64f,Bacteria
Z:\Projects\Smart-Farming\Datasets\final_combined_datasets\PLUE\B\PLUE_B_377.JPG,Potato,B,uncontrolled,99cd86ab4d778291,Bacteria
Z:\Projects\Smart-Farming\Datasets\final_combined_datasets\PLUE\B\PLUE_B_378.JPG,Potato,B,uncontrolled,9c8485daea96561f,Bacteria
Z:\Projects\Smart-Farming\Datasets\final_combined_datasets\PLUE\B\PLUE_B_379.JPG,Potato,B,uncontrolled,898a1dbeb62a2d35,Bacteria
Z:\Projects\Smart-Farming\Datasets\final_combined_datasets\PLUE\B\PLUE_B_380.JPG,Potato,B,uncontrolled,a4614c61fb1e79e8,Bacteria
Z:\Projects\Smart-Farming\Datasets\final_combined_datasets\PLUE\B\PLUE_B_382.JPG,Potato,B,uncontrolled,fcf804db0415ff24,Bacteria
Z:\Projects\Smart-Farming\Datasets\final_combined_datasets\PLUE\B\PLUE_B_383.JPG,Potato,B,uncontrolled,ed5f96a15c2e3290,Bacteria
Z:\Projects\Smart-Farming\Datasets\final_combined_datasets\PLUE\B\PLUE_B_384.JPG,Potato,B,uncontrolled,ed5b923d2e2158ac,Bacteria
Z:\Projects\Smart-Farming\Datasets\final_combined_datasets\PLUE\B\PLUE_B_385.JPG,Potato,B,uncontrolled,f9e815d405af9a49,Bacteria
Z:\Projects\Smart-Farming\Datasets\final_combined_datasets\PLUE\B\PLUE_B_386.JPG,Potato,B,uncontrolled,ff6c4cd2249e4349,Bacteria
Z:\Projects\Smart-Farming\Datasets\final_combined_datasets\PLUE\B\PLUE_B_387.JPG,Potato,B,uncontrolled,d73860d65a37b06c,Bacteria
Z:\Projects\Smart-Farming\Datasets\final_combined_datasets\PLUE\B\PLUE_B_388.JPG,Potato,B,uncontrolled,ecb34facd0d9b022,Bacteria
Z:\Projects\Smart-Farming\Datasets\final_combined_datasets\PLUE\B\PLUE_B_389.JPG,Potato,B,uncontrolled,ff36c99e364824d0,Bacteria
Z:\Projects\Smart-Farming\Datasets\final_combined_datasets\PLUE\B\PLUE_B_390.JPG,Potato,B,uncontrolled,dd49f2978360b469,Bacteria
Z:\Projects\Smart-Farming\Datasets\final_combined_datasets\PLUE\B\PLUE_B_391.JPG,Potato,B,uncontrolled,da59c3e4964f2594,Bacteria
Z:\Projects\Smart-Farming\Datasets\final_combined_datasets\PLUE\B\PLUE_B_392.JPG,Potato,B,uncontrolled,cf49a9d280c9dcae,Bacteria
Z:\Projects\Smart-Farming\Datasets\final_combined_datasets\PLUE\B\PLUE_B_393.JPG,Potato,B,uncontrolled,c749bda350b0d9d4,Bacteria
Z:\Projects\Smart-Farming\Datasets\final_combined_datasets\PLUE\F\PLUE_F_111.jpg,Potato,F,uncontrolled,d73068e7259f3609,Fungi
Z:\Projects\Smart-Farming\Datasets\final_combined_datasets\PLUE\F\PLUE_F_112.jpg,Potato,F,uncontrolled,d50c4a97a1e6d4cb,Fungi
Z:\Projects\Smart-Farming\Datasets\final_combined_datasets\PLUE\F\PLUE_F_113.jpg,Potato,F,uncontrolled,ce702a6ab56413bb,Fungi
Z:\Projects\Smart-Farming\Datasets\final_combined_datasets\PLUE\F\PLUE_F_114.jpg,Potato,F,uncontrolled,c5b16ed8a13f8075,Fungi
Z:\Projects\Smart-Farming\Datasets\final_combined_datasets\PLUE\F\PLUE_F_115.jpg,Potato,F,uncontrolled,ff2d785450529745,Fungi
Z:\Projects\Smart-Farming\Datasets\final_combined_datasets\PLUE\F\PLUE_F_116.jpg,Potato,F,uncontrolled,d56b6bf165d2408a,Fungi
Z:\Projects\Smart-Farming\Datasets\final_combined_datasets\PLUE\F\PLUE_F_117.jpg,Potato,F,uncontrolled,eaab2e4d742ba2a8,Fungi
Z:\Projects\Smart-Farming\Datasets\final_combined_datasets\PLUE\F\PLUE_F_118.jpg,Potato,F,uncontrolled,8caa2be1ed958c1e,Fungi
Z:\Projects\Smart-Farming\Datasets\final_combined_datasets\PLUE\F\PLUE_F_119.jpg,Potato,F,uncontrolled,aaad2cd5b4c9b681,Fungi
Z:\Projects\Smart-Farming\Datasets\final_combined_datasets\PLUE\F\PLUE_F_120.jpg,Potato,F,uncontrolled,82c160bcdede8b55,Fungi
Z:\Projects\Smart-Farming\Datasets\final_combined_datasets\PLUE\F\PLUE_F_121.jpg,Potato,F,uncontrolled,874a2b56ade2599c,Fungi
Z:\Projects\Smart-Farming\Datasets\final_combined_datasets\PLUE\F\PLUE_F_122.jpg,Potato,F,uncontrolled,d7145ad23d6864cd,Fungi
Z:\Projects\Smart-Farming\Datasets\final_combined_datasets\PLUE\F\PLUE_F_123.jpg,Potato,F,uncontrolled,8d67386bc18b6751,Fungi
Z:\Projects\Smart-Farming\Datasets\final_combined_datasets\PLUE\F\PLUE_F_124.jpg,Potato,F,uncontrolled,c0fe6994a4d0caed,Fungi
Z:\Projects\Smart-Farming\Datasets\final_combined_datasets\PLUE\F\PLUE_F_125.jpg,Potato,F,uncontrolled,c0fe2884a69bcf2d,Fungi
Z:\Projects\Smart-Farming\Datasets\final_combined_datasets\PLUE\F\PLUE_F_126.jpg,Potato,F,uncontrolled,e85a2ca9b469b32d,Fungi
Z:\Projects\Smart-Farming\Datasets\final_combined_datasets\PLUE\F\PLUE_F_127.jpg,Potato,F,uncontrolled,dea82fcc40d5665a,Fungi
Z:\Projects\Smart-Farming\Datasets\final_combined_datasets\PLUE\F\PLUE_F_128.jpg,Potato,F,uncontrolled,902f7be7653464c1,Fungi
Z:\Projects\Smart-Farming\Datasets\final_combined_datasets\PLUE\F\PLUE_F_129.jpg,Potato,F,uncontrolled,d4496bb5845a9b4d,Fungi
Z:\Projects\Smart-Farming\Datasets\final_combined_datasets\PLUE\F\PLUE_F_130.jpg,Potato,F,uncontrolled,8f806fe3b435c0f8,Fungi
Z:\Projects\Smart-Farming\Datasets\final_combined_datasets\PLUE\F\PLUE_F_131.jpg,Potato,F,uncontrolled,f8ae127c63da911a,Fungi
Z:\Projects\Smart-Farming\Datasets\final_combined_datasets\PLUE\F\PLUE_F_132.jpg,Potato,F,uncontrolled,979d748d9958da81,Fungi
Z:\Projects\Smart-Farming\Datasets\final_combined_datasets\PLUE\F\PLUE_F_133.jpg,Potato,F,uncontrolled,8b7a59e42cf136d0,Fungi
Z:\Projects\Smart-Farming\Datasets\final_combined_datasets\PLUE\F\PLUE_F_134.jpg,Potato,F,uncontrolled,8b7859e42c9936d9,Fungi
Z:\Projects\Smart-Farming\Datasets\final_combined_datasets\PLUE\F\PLUE_F_135.jpg,Potato,F,uncontrolled,e3dd1e48466c7c07,Fungi
Z:\Projects\Smart-Farming\Datasets\final_combined_datasets\PLUE\F\PLUE_F_136.jpg,Potato,F,uncontrolled,c55120feb36741ae,Fungi
Z:\Projects\Smart-Farming\Datasets\final_combined_datasets\PLUE\F\PLUE_F_137.jpg,Potato,F,uncontrolled,c37e3046237fce30,Fungi
Z:\Projects\Smart-Farming\Datasets\final_combined_datasets\PLUE\F\PLUE_F_138.jpg,Potato,F,uncontrolled,c5202f3324fbf4c3,Fungi
Z:\Projects\Smart-Farming\Datasets\final_combined_datasets\PLUE\F\PLUE_F_139.jpg,Potato,F,uncontrolled,be7e41cd8b9a840d,Fungi
Z:\Projects\Smart-Farming\Datasets\final_combined_datasets\PLUE\F\PLUE_F_140.jpg,Potato,F,uncontrolled,be4fe00d62cc724b,Fungi
Z:\Projects\Smart-Farming\Datasets\final_combined_datasets\PLUE\F\PLUE_F_141.jpg,Potato,F,uncontrolled,bf47fc0862dd028b,Fungi
Z:\Projects\Smart-Farming\Datasets\final_combined_datasets\PLUE\F\PLUE_F_142.jpg,Potato,F,uncontrolled,c010845fbd3d73ab,Fungi
Z:\Projects\Smart-Farming\Datasets\final_combined_datasets\PLUE\F\PLUE_F_143.jpg,Potato,F,uncontrolled,9d893dac65726724,Fungi
Z:\Projects\Smart-Farming\Datasets\final_combined_datasets\PLUE\F\PLUE_F_144.jpg,Potato,F,uncontrolled,867e78c24a477995,Fungi
Z:\Projects\Smart-Farming\Datasets\final_combined_datasets\PLUE\F\PLUE_F_145.jpg,Potato,F,uncontrolled,851578c4f6c947ea,Fungi
Z:\Projects\Smart-Farming\Datasets\final_combined_datasets\PLUE\F\PLUE_F_146.jpg,Potato,F,uncontrolled,cf4992ad756225b2,Fungi
Z:\Projects\Smart-Farming\Datasets\final_combined_datasets\PLUE\F\PLUE_F_147.jpg,Potato,F,uncontrolled,de0732db8d7818c9,Fungi
Z:\Projects\Smart-Farming\Datasets\final_combined_datasets\PLUE\F\PLUE_F_148.jpg,Potato,F,uncontrolled,9274e79ab5619a26,Fungi
Z:\Projects\Smart-Farming\Datasets\final_combined_datasets\PLUE\F\PLUE_F_149.jpg,Potato,F,uncontrolled,c175dc6349339726,Fungi
Z:\Projects\Smart-Farming\Datasets\final_combined_datasets\PLUE\F\PLUE_F_150.jpg,Potato,F,uncontrolled,ea8e9495126b66cd,Fungi
Z:\Projects\Smart-Farming\Datasets\final_combined_datasets\PLUE\F\PLUE_F_151.jpg,Potato,F,uncontrolled,e0b5c562c64e37d4,Fungi
Z:\Projects\Smart-Farming\Datasets\final_combined_datasets\PLUE\F\PLUE_F_152.jpg,Potato,F,uncontrolled,b6b7d476d8686821,Fungi
Z:\Projects\Smart-Farming\Datasets\final_combined_datasets\PLUE\F\PLUE_F_153.jpg,Potato,F,uncontrolled,e9bf89d541989a49,Fungi
Z:\Projects\Smart-Farming\Datasets\final_combined_datasets\PLUE\F\PLUE_F_154.jpg,Potato,F,uncontrolled,c87c3d96d3528b4c,Fungi
Z:\Projects\Smart-Farming\Datasets\final_combined_datasets\PLUE\F\PLUE_F_155.jpg,Potato,F,uncontrolled,ef163c8989d7e02c,Fungi
Z:\Projects\Smart-Farming\Datasets\final_combined_datasets\PLUE\F\PLUE_F_156.jpg,Potato,F,uncontrolled,df4079f8630b4d94,Fungi
Z:\Projects\Smart-Farming\Datasets\final_combined_datasets\PLUE\F\PLUE_F_157.jpg,Potato,F,uncontrolled,d26567283a6955c7,Fungi
Z:\Projects\Smart-Farming\Datasets\final_combined_datasets\PLUE\F\PLUE_F_158.jpg,Potato,F,uncontrolled,dbc3239884395e67,Fungi
Z:\Projects\Smart-Farming\Datasets\final_combined_datasets\PLUE\F\PLUE_F_159.jpg,Potato,F,uncontrolled,9d93285d52e2e92d,Fungi
Z:\Projects\Smart-Farming\Datasets\final_combined_datasets\PLUE\F\PLUE_F_160.jpg,Potato,F,uncontrolled,aabda0f3544e46a9,Fungi
Z:\Projects\Smart-Farming\Datasets\final_combined_datasets\PLUE\F\PLUE_F_161.jpg,Potato,F,uncontrolled,ebef3cde46402a28,Fungi
Z:\Projects\Smart-Farming\Datasets\final_combined_datasets\PLUE\F\PLUE_F_162.jpg,Potato,F,uncontrolled,cf5e204aa4bfa4d8,Fungi
Z:\Projects\Smart-Farming\Datasets\final_combined_datasets\PLUE\F\PLUE_F_163.jpg,Potato,F,uncontrolled,e8a94d49955933e3,Fungi
Z:\Projects\Smart-Farming\Datasets\final_combined_datasets\PLUE\F\PLUE_F_164.jpg,Potato,F,uncontrolled,c25127bb856ca6f2,Fungi
Z:\Projects\Smart-Farming\Datasets\final_combined_datasets\PLUE\F\PLUE_F_165.jpg,Potato,F,uncontrolled,e15098497abdb64e,Fungi
Z:\Projects\Smart-Farming\Datasets\final_combined_datasets\PLUE\F\PLUE_F_166.jpg,Potato,F,uncontrolled,d2c093e6f4b225cd,Fungi
Z:\Projects\Smart-Farming\Datasets\final_combined_datasets\PLUE\F\PLUE_F_167.jpg,Potato,F,uncontrolled,ea38fdd5d4c0c88a,Fungi
Z:\Projects\Smart-Farming\Datasets\final_combined_datasets\PLUE\F\PLUE_F_168.jpg,Potato,F,uncontrolled,866d8b22c54bb66d,Fungi
Z:\Projects\Smart-Farming\Datasets\final_combined_datasets\PLUE\F\PLUE_F_169.jpg,Potato,F,uncontrolled,ea57097175a08fd1,Fungi
Z:\Projects\Smart-Farming\Datasets\final_combined_datasets\PLUE\F\PLUE_F_170.jpg,Potato,F,uncontrolled,eb55aa978958f902,Fungi
Z:\Projects\Smart-Farming\Datasets\final_combined_datasets\PLUE\F\PLUE_F_171.jpg,Potato,F,uncontrolled,ea6a3eba3cb49094,Fungi
Z:\Projects\Smart-Farming\Datasets\final_combined_datasets\PLUE\F\PLUE_F_172.jpg,Potato,F,uncontrolled,ae2b873cd02e9c53,Fungi
Z:\Projects\Smart-Farming\Datasets\final_combined_datasets\PLUE\F\PLUE_F_173.jpg,Potato,F,uncontrolled,e82a0aaa3caeaabd,Fungi
Z:\Projects\Smart-Farming\Datasets\final_combined_datasets\PLUE\F\PLUE_F_174.jpg,Potato,F,uncontrolled,f0073e033bfc7407,Fungi
Z:\Projects\Smart-Farming\Datasets\final_combined_datasets\PLUE\F\PLUE_F_175.jpg,Potato,F,uncontrolled,e8a895d5d2d2cac9,Fungi
Z:\Projects\Smart-Farming\Datasets\final_combined_datasets\PLUE\F\PLUE_F_176.jpg,Potato,F,uncontrolled,aab59817d30bcc35,Fungi
Z:\Projects\Smart-Farming\Datasets\final_combined_datasets\PLUE\F\PLUE_F_177.jpg,Potato,F,uncontrolled,a9aa5edbaa50b509,Fungi
Z:\Projects\Smart-Farming\Datasets\final_combined_datasets\PLUE\F\PLUE_F_178.jpg,Potato,F,uncontrolled,a3ac975a196369e4,Fungi
Z:\Projects\Smart-Farming\Datasets\final_combined_datasets\PLUE\F\PLUE_F_179.jpg,Potato,F,uncontrolled,aea3976a500961bf,Fungi
Z:\Projects\Smart-Farming\Datasets\final_combined_datasets\PLUE\F\PLUE_F_180.jpg,Potato,F,uncontrolled,ed72daab01cdb540,Fungi
Z:\Projects\Smart-Farming\Datasets\final_combined_datasets\PLUE\F\PLUE_F_181.jpg,Potato,F,uncontrolled,e8d1364e2e883eae,Fungi
Z:\Projects\Smart-Farming\Datasets\final_combined_datasets\PLUE\F\PLUE_F_182.jpg,Potato,F,uncontrolled,a50ab5d8c3ed49f0,Fungi
Z:\Projects\Smart-Farming\Datasets\final_combined_datasets\PLUE\F\PLUE_F_183.jpg,Potato,F,uncontrolled,f8b81fd1e00755e1,Fungi
Z:\Projects\Smart-Farming\Datasets\final_combined_datasets\PLUE\F\PLUE_F_184.jpg,Potato,F,uncontrolled,adc08d5aa172ed1e,Fungi
Z:\Projects\Smart-Farming\Datasets\final_combined_datasets\PLUE\F\PLUE_F_185.jpg,Potato,F,uncontrolled,f8813d3ae4ae1c6c,Fungi
Z:\Projects\Smart-Farming\Datasets\final_combined_datasets\PLUE\F\PLUE_F_186.jpg,Potato,F,uncontrolled,ece6d0a3bcd803cc,Fungi
Z:\Projects\Smart-Farming\Datasets\final_combined_datasets\PLUE\F\PLUE_F_187.jpg,Potato,F,uncontrolled,bab482875504577f,Fungi
Z:\Projects\Smart-Farming\Datasets\final_combined_datasets\PLUE\F\PLUE_F_188.jpg,Potato,F,uncontrolled,a7dba649908c49b7,Fungi
Z:\Projects\Smart-Farming\Datasets\final_combined_datasets\PLUE\F\PLUE_F_189.jpg,Potato,F,uncontrolled,bfbdbd95a0018493,Fungi
Z:\Projects\Smart-Farming\Datasets\final_combined_datasets\PLUE\F\PLUE_F_190.jpg,Potato,F,uncontrolled,bafa158391e8e28d,Fungi
Z:\Projects\Smart-Farming\Datasets\final_combined_datasets\PLUE\F\PLUE_F_191.jpg,Potato,F,uncontrolled,83c3cad8e1643e67,Fungi
Z:\Projects\Smart-Farming\Datasets\final_combined_datasets\PLUE\F\PLUE_F_192.jpg,Potato,F,uncontrolled,bb99955a42ef8d02,Fungi
Z:\Projects\Smart-Farming\Datasets\final_combined_datasets\PLUE\F\PLUE_F_193.jpg,Potato,F,uncontrolled,eaaeb0869496d696,Fungi
Z:\Projects\Smart-Farming\Datasets\final_combined_datasets\PLUE\F\PLUE_F_194.jpg,Potato,F,uncontrolled,b1b1f0d2f2216f26,Fungi
Z:\Projects\Smart-Farming\Datasets\final_combined_datasets\PLUE\F\PLUE_F_195.jpg,Potato,F,uncontrolled,afa687c0fc6f4881,Fungi
Z:\Projects\Smart-Farming\Datasets\final_combined_datasets\PLUE\F\PLUE_F_196.jpg,Potato,F,uncontrolled,e18ee83b10fb0bb1,Fungi
Z:\Projects\Smart-Farming\Datasets\final_combined_datasets\PLUE\F\PLUE_F_197.jpg,Potato,F,uncontrolled,a7d884d6ca61e566,Fungi
Z:\Projects\Smart-Farming\Datasets\final_combined_datasets\PLUE\F\PLUE_F_198.jpg,Potato,F,uncontrolled,a0ffb5cad4c8189c,Fungi
Z:\Projects\Smart-Farming\Datasets\final_combined_datasets\PLUE\F\PLUE_F_199.jpg,Potato,F,uncontrolled,ba45e0c5e58f52ca,Fungi
Z:\Projects\Smart-Farming\Datasets\final_combined_datasets\PLUE\F\PLUE_F_200.jpg,Potato,F,uncontrolled,eed0b8dfc83a1609,Fungi
Z:\Projects\Smart-Farming\Datasets\final_combined_datasets\PLUE\F\PLUE_F_201.jpg,Potato,F,uncontrolled,aac2951e9eab6391,Fungi
Z:\Projects\Smart-Farming\Datasets\final_combined_datasets\PLUE\F\PLUE_F_202.jpg,Potato,F,uncontrolled,b2eaa716d568b468,Fungi
Z:\Projects\Smart-Farming\Datasets\final_combined_datasets\PLUE\F\PLUE_F_203.jpg,Potato,F,uncontrolled,9ca9c487c360d75d,Fungi
Z:\Projects\Smart-Farming\Datasets\final_combined_datasets\PLUE\F\PLUE_F_204.jpg,Potato,F,uncontrolled,c689ca87f26c63e4,Fungi
Z:\Projects\Smart-Farming\Datasets\final_combined_datasets\PLUE\F\PLUE_F_205.jpg,Potato,F,uncontrolled,ff005cfd11d0d923,Fungi
Z:\Projects\Smart-Farming\Datasets\final_combined_datasets\PLUE\F\PLUE_F_206.jpg,Potato,F,uncontrolled,e64ea04ed01be2cf,Fungi
Z:\Projects\Smart-Farming\Datasets\final_combined_datasets\PLUE\F\PLUE_F_207.jpg,Potato,F,uncontrolled,af90aa1f98ad5817,Fungi
Z:\Projects\Smart-Farming\Datasets\final_combined_datasets\PLUE\F\PLUE_F_208.jpg,Potato,F,uncontrolled,b8e4924b8e0fc59e,Fungi
Z:\Projects\Smart-Farming\Datasets\final_combined_datasets\PLUE\F\PLUE_F_209.jpg,Potato,F,uncontrolled,fa32aafba30292d2,Fungi
Z:\Projects\Smart-Farming\Datasets\final_combined_datasets\PLUE\F\PLUE_F_210.jpg,Potato,F,uncontrolled,e1df878dac516912,Fungi
Z:\Projects\Smart-Farming\Datasets\final_combined_datasets\PLUE\F\PLUE_F_211.jpg,Potato,F,uncontrolled,c7a3846f27dc3862,Fungi
Z:\Projects\Smart-Farming\Datasets\final_combined_datasets\PLUE\F\PLUE_F_212.jpg,Potato,F,uncontrolled,d2e992c891276f96,Fungi
Z:\Projects\Smart-Farming\Datasets\final_combined_datasets\PLUE\F\PLUE_F_213.jpg,Potato,F,uncontrolled,e1c62fd2bf18810f,Fungi
Z:\Projects\Smart-Farming\Datasets\final_combined_datasets\PLUE\F\PLUE_F_214.jpg,Potato,F,uncontrolled,c5ce18d12fd3ac70,Fungi
Z:\Projects\Smart-Farming\Datasets\final_combined_datasets\PLUE\F\PLUE_F_215.jpg,Potato,F,uncontrolled,d5d46a1a4368d6ba,Fungi
Z:\Projects\Smart-Farming\Datasets\final_combined_datasets\PLUE\F\PLUE_F_216.jpg,Potato,F,uncontrolled,9a152b6a712e67a9,Fungi
Z:\Projects\Smart-Farming\Datasets\final_combined_datasets\PLUE\F\PLUE_F_217.jpg,Potato,F,uncontrolled,df632c9692793078,Fungi
Z:\Projects\Smart-Farming\Datasets\final_combined_datasets\PLUE\F\PLUE_F_218.jpg,Potato,F,uncontrolled,e2e0f25af1a30c8f,Fungi
Z:\Projects\Smart-Farming\Datasets\final_combined_datasets\PLUE\F\PLUE_F_219.jpg,Potato,F,uncontrolled,e09b5269926d5a9d,Fungi
Z:\Projects\Smart-Farming\Datasets\final_combined_datasets\PLUE\F\PLUE_F_220.jpg,Potato,F,uncontrolled,f5d78a9e102a74b8,Fungi
Z:\Projects\Smart-Farming\Datasets\final_combined_datasets\PLUE\F\PLUE_F_221.jpg,Potato,F,uncontrolled,e8eab5909592d5d8,Fungi
Z:\Projects\Smart-Farming\Datasets\final_combined_datasets\PLUE\F\PLUE_F_222.jpg,Potato,F,uncontrolled,febe8fac808d3160,Fungi
Z:\Projects\Smart-Farming\Datasets\final_combined_datasets\PLUE\F\PLUE_F_223.jpg,Potato,F,uncontrolled,b57af8f0f060c5a4,Fungi
Z:\Projects\Smart-Farming\Datasets\final_combined_datasets\PLUE\F\PLUE_F_224.jpg,Potato,F,uncontrolled,a8a82eb6b7949696,Fungi
Z:\Projects\Smart-Farming\Datasets\final_combined_datasets\PLUE\F\PLUE_F_225.jpg,Potato,F,uncontrolled,a73f929c92c8c659,Fungi
Z:\Projects\Smart-Farming\Datasets\final_combined_datasets\PLUE\F\PLUE_F_226.jpg,Potato,F,uncontrolled,b8f8e080838f8f9f,Fungi
Z:\Projects\Smart-Farming\Datasets\final_combined_datasets\PLUE\F\PLUE_F_227.jpg,Potato,F,uncontrolled,a7c58c1c5f8710af,Fungi
Z:\Projects\Smart-Farming\Datasets\final_combined_datasets\PLUE\F\PLUE_F_228.jpg,Potato,F,uncontrolled,95b1a8df5f583070,Fungi
Z:\Projects\Smart-Farming\Datasets\final_combined_datasets\PLUE\F\PLUE_F_229.jpg,Potato,F,uncontrolled,aba9b5c8c5cb44a5,Fungi
Z:\Projects\Smart-Farming\Datasets\final_combined_datasets\PLUE\F\PLUE_F_230.jpg,Potato,F,uncontrolled,a1ada99256c2cd4f,Fungi
Z:\Projects\Smart-Farming\Datasets\final_combined_datasets\PLUE\F\PLUE_F_231.jpg,Potato,F,uncontrolled,a4d4ca80daf29be9,Fungi
Z:\Projects\Smart-Farming\Datasets\final_combined_datasets\PLUE\F\PLUE_F_232.jpg,Potato,F,uncontrolled,e08a9f9bb4a82cb9,Fungi
Z:\Projects\Smart-Farming\Datasets\final_combined_datasets\PLUE\F\PLUE_F_233.jpg,Potato,F,uncontrolled,eb8d9d38e1749584,Fungi
Z:\Projects\Smart-Farming\Datasets\final_combined_datasets\PLUE\F\PLUE_F_234.jpg,Potato,F,uncontrolled,bfeafb82b888b081,Fungi
Z:\Projects\Smart-Farming\Datasets\final_combined_datasets\PLUE\F\PLUE_F_235.jpg,Potato,F,uncontrolled,e5e1e0e0777e7a00,Fungi
Z:\Projects\Smart-Farming\Datasets\final_combined_datasets\PLUE\F\PLUE_F_236.jpg,Potato,F,uncontrolled,f595f083e06f40ce,Fungi
Z:\Projects\Smart-Farming\Datasets\final_combined_datasets\PLUE\F\PLUE_F_237.jpg,Potato,F,uncontrolled,e5c1f0e1ebc0fe40,Fungi
Z:\Projects\Smart-Farming\Datasets\final_combined_datasets\PLUE\F\PLUE_F_238.jpg,Potato,F,uncontrolled,bfa234cffcc71040,Fungi
Z:\Projects\Smart-Farming\Datasets\final_combined_datasets\PLUE\F\PLUE_F_239.jpg,Potato,F,uncontrolled,fd2135342eaea554,Fungi
Z:\Projects\Smart-Farming\Datasets\final_combined_datasets\PLUE\F\PLUE_F_240.jpg,Potato,F,uncontrolled,d54e6ea52d547ca0,Fungi
Z:\Projects\Smart-Farming\Datasets\final_combined_datasets\PLUE\F\PLUE_F_241.jpg,Potato,F,uncontrolled,d56d2ca524f6aaa2,Fungi
Z:\Projects\Smart-Farming\Datasets\final_combined_datasets\PLUE\F\PLUE_F_242.jpg,Potato,F,uncontrolled,fff8408f5a9c2a90,Fungi
Z:\Projects\Smart-Farming\Datasets\final_combined_datasets\PLUE\F\PLUE_F_243.jpg,Potato,F,uncontrolled,9996c48f2567d91c,Fungi
Z:\Projects\Smart-Farming\Datasets\final_combined_datasets\PLUE\F\PLUE_F_244.jpg,Potato,F,uncontrolled,ffd7a9deb900008a,Fungi
Z:\Projects\Smart-Farming\Datasets\final_combined_datasets\PLUE\F\PLUE_F_245.jpg,Potato,F,uncontrolled,af93a32354b4ad98,Fungi
Z:\Projects\Smart-Farming\Datasets\final_combined_datasets\PLUE\F\PLUE_F_246.jpg,Potato,F,uncontrolled,a9d2a57a55aa1716,Fungi
Z:\Projects\Smart-Farming\Datasets\final_combined_datasets\PLUE\F\PLUE_F_247.jpg,Potato,F,uncontrolled,c6e8f6c40a332f4d,Fungi
Z:\Projects\Smart-Farming\Datasets\final_combined_datasets\PLUE\F\PLUE_F_248.jpg,Potato,F,uncontrolled,ea55aa18bdaab0d8,Fungi
Z:\Projects\Smart-Farming\Datasets\final_combined_datasets\PLUE\F\PLUE_F_249.jpg,Potato,F,uncontrolled,ea17a047abfa04f8,Fungi
Z:\Projects\Smart-Farming\Datasets\final_combined_datasets\PLUE\F\PLUE_F_250.jpg,Potato,F,uncontrolled,9a4c59b38c43fe86,Fungi
Z:\Projects\Smart-Farming\Datasets\final_combined_datasets\PLUE\F\PLUE_F_251.jpg,Potato,F,uncontrolled,ea56a5f2fd02a05c,Fungi
Z:\Projects\Smart-Farming\Datasets\final_combined_datasets\PLUE\F\PLUE_F_252.jpg,Potato,F,uncontrolled,ead838078fb068e7,Fungi
Z:\Projects\Smart-Farming\Datasets\final_combined_datasets\PLUE\F\PLUE_F_253.jpg,Potato,F,uncontrolled,e1b88b8ade21a52f,Fungi
Z:\Projects\Smart-Farming\Datasets\final_combined_datasets\PLUE\F\PLUE_F_254.jpg,Potato,F,uncontrolled,ea8fe0dadf1cb200,Fungi
Z:\Projects\Smart-Farming\Datasets\final_combined_datasets\PLUE\F\PLUE_F_255.jpg,Potato,F,uncontrolled,f9c1c11e0e43ec67,Fungi
Z:\Projects\Smart-Farming\Datasets\final_combined_datasets\PLUE\F\PLUE_F_256.jpg,Potato,F,uncontrolled,ffc4a117838ad496,Fungi
Z:\Projects\Smart-Farming\Datasets\final_combined_datasets\PLUE\F\PLUE_F_257.jpg,Potato,F,uncontrolled,fcd8c2236c0f1f16,Fungi
Z:\Projects\Smart-Farming\Datasets\final_combined_datasets\PLUE\F\PLUE_F_258.jpg,Potato,F,uncontrolled,ab809dc88d52f793,Fungi
Z:\Projects\Smart-Farming\Datasets\final_combined_datasets\PLUE\F\PLUE_F_259.jpg,Potato,F,uncontrolled,ca20cea3f7c2c91e,Fungi
Z:\Projects\Smart-Farming\Datasets\final_combined_datasets\PLUE\F\PLUE_F_260.jpg,Potato,F,uncontrolled,e989e8899fc09ee8,Fungi
Z:\Projects\Smart-Farming\Datasets\final_combined_datasets\PLUE\F\PLUE_F_261.jpg,Potato,F,uncontrolled,d9b3c7aa8d90b065,Fungi
Z:\Projects\Smart-Farming\Datasets\final_combined_datasets\PLUE\F\PLUE_F_262.jpg,Potato,F,uncontrolled,f4f632ea842414ef,Fungi
Z:\Projects\Smart-Farming\Datasets\final_combined_datasets\PLUE\F\PLUE_F_263.jpg,Potato,F,uncontrolled,f53011ca1a8f9f96,Fungi
Z:\Projects\Smart-Farming\Datasets\final_combined_datasets\PLUE\F\PLUE_F_264.jpg,Potato,F,uncontrolled,a0bfbc70bcb072b0,Fungi
Z:\Projects\Smart-Farming\Datasets\final_combined_datasets\PLUE\F\PLUE_F_265.jpg,Potato,F,uncontrolled,e1762ed7807621e9,Fungi
Z:\Projects\Smart-Farming\Datasets\final_combined_datasets\PLUE\F\PLUE_F_266.jpg,Potato,F,uncontrolled,e6f03ec416c53a87,Fungi
Z:\Projects\Smart-Farming\Datasets\final_combined_datasets\PLUE\F\PLUE_F_267.jpg,Potato,F,uncontrolled,ea5181a73f1daa16,Fungi
Z:\Projects\Smart-Farming\Datasets\final_combined_datasets\PLUE\F\PLUE_F_268.jpg,Potato,F,uncontrolled,e6b6151d97901e4b,Fungi
Z:\Projects\Smart-Farming\Datasets\final_combined_datasets\PLUE\F\PLUE_F_269.jpg,Potato,F,uncontrolled,faa92b25f5417704,Fungi
Z:\Projects\Smart-Farming\Datasets\final_combined_datasets\PLUE\F\PLUE_F_270.jpg,Potato,F,uncontrolled,ef2d3ab0a4e051d6,Fungi
Z:\Projects\Smart-Farming\Datasets\final_combined_datasets\PLUE\F\PLUE_F_271.jpg,Potato,F,uncontrolled,a79435729abc0d9c,Fungi
Z:\Projects\Smart-Farming\Datasets\final_combined_datasets\PLUE\F\PLUE_F_272.jpg,Potato,F,uncontrolled,87d07e628e2a7dc1,Fungi
Z:\Projects\Smart-Farming\Datasets\final_combined_datasets\PLUE\F\PLUE_F_273.jpg,Potato,F,uncontrolled,efe02f80bd80bc0f,Fungi
Z:\Projects\Smart-Farming\Datasets\final_combined_datasets\PLUE\F\PLUE_F_274.jpg,Potato,F,uncontrolled,8c43cc7d83bef182,Fungi
Z:\Projects\Smart-Farming\Datasets\final_combined_datasets\PLUE\F\PLUE_F_275.jpg,Potato,F,uncontrolled,ffbe9818190b92f0,Fungi
Z:\Projects\Smart-Farming\Datasets\final_combined_datasets\PLUE\F\PLUE_F_276.jpg,Potato,F,uncontrolled,a0c04976bbed2cab,Fungi
Z:\Projects\Smart-Farming\Datasets\final_combined_datasets\PLUE\F\PLUE_F_277.jpg,Potato,F,uncontrolled,a7c61b6432639d69,Fungi
Z:\Projects\Smart-Farming\Datasets\final_combined_datasets\PLUE\F\PLUE_F_278.jpg,Potato,F,uncontrolled,c9a231de3471a69b,Fungi
Z:\Projects\Smart-Farming\Datasets\final_combined_datasets\PLUE\F\PLUE_F_279.jpg,Potato,F,uncontrolled,a6ba31adebb44d10,Fungi
Z:\Projects\Smart-Farming\Datasets\final_combined_datasets\PLUE\F\PLUE_F_280.jpg,Potato,F,uncontrolled,c4b2b3abcaba4d14,Fungi
Z:\Projects\Smart-Farming\Datasets\final_combined_datasets\PLUE\F\PLUE_F_281.jpg,Potato,F,uncontrolled,b7b0528b29ce64e9,Fungi
Z:\Projects\Smart-Farming\Datasets\final_combined_datasets\PLUE\F\PLUE_F_282.jpg,Potato,F,uncontrolled,a483439b2fcc8cbb,Fungi
Z:\Projects\Smart-Farming\Datasets\final_combined_datasets\PLUE\F\PLUE_F_283.jpg,Potato,F,uncontrolled,a5cb79e56191069b,Fungi
Z:\Projects\Smart-Farming\Datasets\final_combined_datasets\PLUE\F\PLUE_F_284.jpg,Potato,F,uncontrolled,ad9e70e9e3a085b2,Fungi
Z:\Projects\Smart-Farming\Datasets\final_combined_datasets\PLUE\F\PLUE_F_285.jpg,Potato,F,uncontrolled,ad15a5eed41450d7,Fungi
Z:\Projects\Smart-Farming\Datasets\final_combined_datasets\PLUE\F\PLUE_F_286.jpg,Potato,F,uncontrolled,bfd4e4c8396a4299,Fungi
Z:\Projects\Smart-Farming\Datasets\final_combined_datasets\PLUE\F\PLUE_F_287.jpg,Potato,F,uncontrolled,e739669718436879,Fungi
Z:\Projects\Smart-Farming\Datasets\final_combined_datasets\PLUE\F\PLUE_F_288.jpg,Potato,F,uncontrolled,aa379a75905bad42,Fungi
Z:\Projects\Smart-Farming\Datasets\final_combined_datasets\PLUE\F\PLUE_F_289.jpg,Potato,F,uncontrolled,d1ae269c74c718d3,Fungi
Z:\Projects\Smart-Farming\Datasets\final_combined_datasets\PLUE\F\PLUE_F_290.jpg,Potato,F,uncontrolled,87ac3d2354535b35,Fungi
Z:\Projects\Smart-Farming\Datasets\final_combined_datasets\PLUE\F\PLUE_F_291.jpg,Potato,F,uncontrolled,fa974b704b5a2a31,Fungi
Z:\Projects\Smart-Farming\Datasets\final_combined_datasets\PLUE\F\PLUE_F_292.jpg,Potato,F,uncontrolled,8fc16fe91b6dd002,Fungi
Z:\Projects\Smart-Farming\Datasets\final_combined_datasets\PLUE\F\PLUE_F_293.jpg,Potato,F,uncontrolled,cde8ba2c8318cdb9,Fungi
Z:\Projects\Smart-Farming\Datasets\final_combined_datasets\PLUE\F\PLUE_F_294.jpg,Potato,F,uncontrolled,c837be738e42b528,Fungi
Z:\Projects\Smart-Farming\Datasets\final_combined_datasets\PLUE\F\PLUE_F_295.jpg,Potato,F,uncontrolled,ea8a946f85a95707,Fungi
Z:\Projects\Smart-Farming\Datasets\final_combined_datasets\PLUE\F\PLUE_F_296.jpg,Potato,F,uncontrolled,ac54342cd5a75397,Fungi
Z:\Projects\Smart-Farming\Datasets\final_combined_datasets\PLUE\F\PLUE_F_297.jpg,Potato,F,uncontrolled,b64a85a14fb2d635,Fungi
Z:\Projects\Smart-Farming\Datasets\final_combined_datasets\PLUE\F\PLUE_F_298.jpg,Potato,F,uncontrolled,f9c294a8a27cf5b0,Fungi
Z:\Projects\Smart-Farming\Datasets\final_combined_datasets\PLUE\F\PLUE_F_299.jpg,Potato,F,uncontrolled,c9e19997d13c06d9,Fungi
Z:\Projects\Smart-Farming\Datasets\final_combined_datasets\PLUE\F\PLUE_F_300.jpg,Potato,F,uncontrolled,df4aa96da8dc4b08,Fungi
Z:\Projects\Smart-Farming\Datasets\final_combined_datasets\PLUE\F\PLUE_F_301.jpg,Potato,F,uncontrolled,c49ee268df21b07a,Fungi
Z:\Projects\Smart-Farming\Datasets\final_combined_datasets\PLUE\F\PLUE_F_302.jpg,Potato,F,uncontrolled,f4bcc2d89e881bac,Fungi
Z:\Projects\Smart-Farming\Datasets\final_combined_datasets\PLUE\F\PLUE_F_303.jpg,Potato,F,uncontrolled,bacef43f42d814a1,Fungi
Z:\Projects\Smart-Farming\Datasets\final_combined_datasets\PLUE\F\PLUE_F_304.jpg,Potato,F,uncontrolled,9555672998618aef,Fungi
Z:\Projects\Smart-Farming\Datasets\final_combined_datasets\PLUE\F\PLUE_F_305.jpg,Potato,F,uncontrolled,df9e90c5586d74a0,Fungi
Z:\Projects\Smart-Farming\Datasets\final_combined_datasets\PLUE\F\PLUE_F_306.jpg,Potato,F,uncontrolled,d6cb0b0d3c2f46a5,Fungi
Z:\Projects\Smart-Farming\Datasets\final_combined_datasets\PLUE\F\PLUE_F_307.jpg,Potato,F,uncontrolled,e0da2cb88ed8733a,Fungi
Z:\Projects\Smart-Farming\Datasets\final_combined_datasets\PLUE\F\PLUE_F_308.jpg,Potato,F,uncontrolled,c49e3ccc39e327a4,Fungi
Z:\Projects\Smart-Farming\Datasets\final_combined_datasets\PLUE\F\PLUE_F_309.jpg,Potato,F,uncontrolled,fa81cab9a5ea8782,Fungi
Z:\Projects\Smart-Farming\Datasets\final_combined_datasets\PLUE\F\PLUE_F_310.jpg,Potato,F,uncontrolled,c6197c73f21ba2c2,Fungi
Z:\Projects\Smart-Farming\Datasets\final_combined_datasets\PLUE\F\PLUE_F_311.jpg,Potato,F,uncontrolled,d2057f2b7801b93d,Fungi
Z:\Projects\Smart-Farming\Datasets\final_combined_datasets\PLUE\F\PLUE_F_312.jpg,Potato,F,uncontrolled,cfb36c7be0db0041,Fungi
Z:\Projects\Smart-Farming\Datasets\final_combined_datasets\PLUE\F\PLUE_F_313.jpg,Potato,F,uncontrolled,c0c12f4fafa8d83c,Fungi
Z:\Projects\Smart-Farming\Datasets\final_combined_datasets\PLUE\F\PLUE_F_314.jpg,Potato,F,uncontrolled,f887570d6477b4c0,Fungi
Z:\Projects\Smart-Farming\Datasets\final_combined_datasets\PLUE\F\PLUE_F_315.jpg,Potato,F,uncontrolled,d5e32a362d9a1c2b,Fungi
Z:\Projects\Smart-Farming\Datasets\final_combined_datasets\PLUE\F\PLUE_F_316.jpg,Potato,F,uncontrolled,91851aaaeba5ada5,Fungi
Z:\Projects\Smart-Farming\Datasets\final_combined_datasets\PLUE\F\PLUE_F_317.jpg,Potato,F,uncontrolled,a4009527deb72af3,Fungi
Z:\Projects\Smart-Farming\Datasets\final_combined_datasets\PLUE\F\PLUE_F_318.jpg,Potato,F,uncontrolled,f171e1ee4f1b14a0,Fungi
Z:\Projects\Smart-Farming\Datasets\final_combined_datasets\PLUE\F\PLUE_F_319.jpg,Potato,F,uncontrolled,efaa9474da299522,Fungi
Z:\Projects\Smart-Farming\Datasets\final_combined_datasets\PLUE\F\PLUE_F_320.jpg,Potato,F,uncontrolled,9c9dd9f16242b613,Fungi
Z:\Projects\Smart-Farming\Datasets\final_combined_datasets\PLUE\F\PLUE_F_321.jpg,Potato,F,uncontrolled,c849c5e894e643df,Fungi
Z:\Projects\Smart-Farming\Datasets\final_combined_datasets\PLUE\F\PLUE_F_322.jpg,Potato,F,uncontrolled,8aad2ab9a38be5c8,Fungi
Z:\Projects\Smart-Farming\Datasets\final_combined_datasets\PLUE\F\PLUE_F_323.jpg,Potato,F,uncontrolled,ca82ab2eccb82abd,Fungi
Z:\Projects\Smart-Farming\Datasets\final_combined_datasets\PLUE\F\PLUE_F_324.jpg,Potato,F,uncontrolled,c43d4e406a4a79ef,Fungi
Z:\Projects\Smart-Farming\Datasets\final_combined_datasets\PLUE\F\PLUE_F_325.jpg,Potato,F,uncontrolled,ab8e81aa633b5a87,Fungi
Z:\Projects\Smart-Farming\Datasets\final_combined_datasets\PLUE\F\PLUE_F_326.jpg,Potato,F,uncontrolled,ad2cf5d53065f890,Fungi
Z:\Projects\Smart-Farming\Datasets\final_combined_datasets\PLUE\F\PLUE_F_327.jpg,Potato,F,uncontrolled,f2f0a68e96547d41,Fungi
Z:\Projects\Smart-Farming\Datasets\final_combined_datasets\PLUE\F\PLUE_F_328.jpg,Potato,F,uncontrolled,e0eeb4289515deb2,Fungi
Z:\Projects\Smart-Farming\Datasets\final_combined_datasets\PLUE\F\PLUE_F_329.jpg,Potato,F,uncontrolled,ef14bd90d4d30c4e,Fungi
Z:\Projects\Smart-Farming\Datasets\final_combined_datasets\PLUE\F\PLUE_F_330.jpg,Potato,F,uncontrolled,d1170e55bd9ce10b,Fungi
Z:\Projects\Smart-Farming\Datasets\final_combined_datasets\PLUE\F\PLUE_F_331.jpg,Potato,F,uncontrolled,d0563363eda1e3c4,Fungi
Z:\Projects\Smart-Farming\Datasets\final_combined_datasets\PLUE\F\PLUE_F_332.jpg,Potato,F,uncontrolled,dd7cc129a75d05c4,Fungi
Z:\Projects\Smart-Farming\Datasets\final_combined_datasets\PLUE\F\PLUE_F_333.jpg,Potato,F,uncontrolled,cb6e4e2b6e3504d2,Fungi
Z:\Projects\Smart-Farming\Datasets\final_combined_datasets\PLUE\F\PLUE_F_334.jpg,Potato,F,uncontrolled,ef33a502176d926c,Fungi
Z:\Projects\Smart-Farming\Datasets\final_combined_datasets\PLUE\F\PLUE_F_335.jpg,Potato,F,uncontrolled,d5647b80e97b085b,Fungi
Z:\Projects\Smart-Farming\Datasets\final_combined_datasets\PLUE\F\PLUE_F_336.jpg,Potato,F,uncontrolled,efb885e568067513,Fungi
Z:\Projects\Smart-Farming\Datasets\final_combined_datasets\PLUE\F\PLUE_F_337.jpg,Potato,F,uncontrolled,f0f7eb82b112860f,Fungi
Z:\Projects\Smart-Farming\Datasets\final_combined_datasets\PLUE\F\PLUE_F_338.jpg,Potato,F,uncontrolled,ff3ecd270d6040c6,Fungi
Z:\Projects\Smart-Farming\Datasets\final_combined_datasets\PLUE\F\PLUE_F_339.jpg,Potato,F,uncontrolled,ceaf7890851035fb,Fungi
Z:\Projects\Smart-Farming\Datasets\final_combined_datasets\PLUE\F\PLUE_F_340.jpg,Potato,F,uncontrolled,8aad31a1b5839b4f,Fungi
Z:\Projects\Smart-Farming\Datasets\final_combined_datasets\PLUE\F\PLUE_F_341.jpg,Potato,F,uncontrolled,beba2a869dd85541,Fungi
Z:\Projects\Smart-Farming\Datasets\final_combined_datasets\PLUE\F\PLUE_F_342.jpg,Potato,F,uncontrolled,db7ee41b08f10ee0,Fungi
Z:\Projects\Smart-Farming\Datasets\final_combined_datasets\PLUE\F\PLUE_F_343.jpg,Potato,F,uncontrolled,ab56c721de017c99,Fungi
Z:\Projects\Smart-Farming\Datasets\final_combined_datasets\PLUE\F\PLUE_F_344.jpg,Potato,F,uncontrolled,bdf8e02181d585d7,Fungi
Z:\Projects\Smart-Farming\Datasets\final_combined_datasets\PLUE\F\PLUE_F_345.jpg,Potato,F,uncontrolled,d7a7efc09458a10b,Fungi
Z:\Projects\Smart-Farming\Datasets\final_combined_datasets\PLUE\F\PLUE_F_346.jpg,Potato,F,uncontrolled,ab82f487f41f80c7,Fungi
Z:\Projects\Smart-Farming\Datasets\final_combined_datasets\PLUE\F\PLUE_F_347.JPG,Potato,F,uncontrolled,cbc31adb5c992836,Fungi
Z:\Projects\Smart-Farming\Datasets\final_combined_datasets\PLUE\F\PLUE_F_348.JPG,Potato,F,uncontrolled,ff64c9e44a92c4b2,Fungi
Z:\Projects\Smart-Farming\Datasets\final_combined_datasets\PLUE\F\PLUE_F_349.JPG,Potato,F,uncontrolled,f9a4c127c30e26dd,Fungi
Z:\Projects\Smart-Farming\Datasets\final_combined_datasets\PLUE\F\PLUE_F_350.JPG,Potato,F,uncontrolled,c85fa47b9760866a,Fungi
Z:\Projects\Smart-Farming\Datasets\final_combined_datasets\PLUE\F\PLUE_F_351.JPG,Potato,F,uncontrolled,afe000aff36d81e4,Fungi
Z:\Projects\Smart-Farming\Datasets\final_combined_datasets\PLUE\F\PLUE_F_352.JPG,Potato,F,uncontrolled,e9c40e8afa69abc8,Fungi
Z:\Projects\Smart-Farming\Datasets\final_combined_datasets\PLUE\F\PLUE_F_353.JPG,Potato,F,uncontrolled,ddc02e82f2c989de,Fungi
Z:\Projects\Smart-Farming\Datasets\final_combined_datasets\PLUE\F\PLUE_F_354.JPG,Potato,F,uncontrolled,cbc05e82f6c989dc,Fungi
Z:\Projects\Smart-Farming\Datasets\final_combined_datasets\PLUE\F\PLUE_F_355.JPG,Potato,F,uncontrolled,934e335d48613d1f,Fungi
Z:\Projects\Smart-Farming\Datasets\final_combined_datasets\PLUE\F\PLUE_F_356.JPG,Potato,F,uncontrolled,dc48f07f1f82389a,Fungi
Z:\Projects\Smart-Farming\Datasets\final_combined_datasets\PLUE\F\PLUE_F_357.JPG,Potato,F,uncontrolled,c9c096afc7639159,Fungi
Z:\Projects\Smart-Farming\Datasets\final_combined_datasets\PLUE\F\PLUE_F_358.JPG,Potato,F,uncontrolled,daf813971e382b31,Fungi
Z:\Projects\Smart-Farming\Datasets\final_combined_datasets\PLUE\F\PLUE_F_359.JPG,Potato,F,uncontrolled,fab1c1a69a8b64c6,Fungi
Z:\Projects\Smart-Farming\Datasets\final_combined_datasets\PLUE\F\PLUE_F_360.JPG,Potato,F,uncontrolled,f386d88299f89731,Fungi
Z:\Projects\Smart-Farming\Datasets\final_combined_datasets\PLUE\F\PLUE_F_361.JPG,Potato,F,uncontrolled,e0d6c31db86dd285,Fungi
Z:\Projects\Smart-Farming\Datasets\final_combined_datasets\PLUE\F\PLUE_F_362.JPG,Potato,F,uncontrolled,e2e08061f87fd2d6,Fungi
Z:\Projects\Smart-Farming\Datasets\final_combined_datasets\PLUE\F\PLUE_F_363.JPG,Potato,F,uncontrolled,f66b6adb823c0b60,Fungi
Z:\Projects\Smart-Farming\Datasets\final_combined_datasets\PLUE\F\PLUE_F_364.JPG,Potato,F,uncontrolled,9e105f9a544b6ec9,Fungi
Z:\Projects\Smart-Farming\Datasets\final_combined_datasets\PLUE\F\PLUE_F_365.JPG,Potato,F,uncontrolled,9d6360a29a11bbb7,Fungi
Z:\Projects\Smart-Farming\Datasets\final_combined_datasets\PLUE\F\PLUE_F_366.JPG,Potato,F,uncontrolled,8e622bbd55512e0f,Fungi
Z:\Projects\Smart-Farming\Datasets\final_combined_datasets\PLUE\F\PLUE_F_367.JPG,Potato,F,uncontrolled,b80713f17bda8295,Fungi
Z:\Projects\Smart-Farming\Datasets\final_combined_datasets\PLUE\F\PLUE_F_368.JPG,Potato,F,uncontrolled,e03f9fb074e062cc,Fungi
Z:\Projects\Smart-Farming\Datasets\final_combined_datasets\PLUE\F\PLUE_F_369.JPG,Potato,F,uncontrolled,8c60f437f0bb151b,Fungi
Z:\Projects\Smart-Farming\Datasets\final_combined_datasets\PLUE\F\PLUE_F_370.JPG,Potato,F,uncontrolled,d5fa1ddd8024919d,Fungi
Z:\Projects\Smart-Farming\Datasets\final_combined_datasets\PLUE\F\PLUE_F_371.JPG,Potato,F,uncontrolled,fad40fc3c1a9421f,Fungi
Z:\Projects\Smart-Farming\Datasets\final_combined_datasets\PLUE\F\PLUE_F_372.JPG,Potato,F,uncontrolled,995fc638e24d68a6,Fungi
Z:\Projects\Smart-Farming\Datasets\final_combined_datasets\PLUE\F\PLUE_F_373.JPG,Potato,F,uncontrolled,d34e8a25bd83d03e,Fungi
Z:\Projects\Smart-Farming\Datasets\final_combined_datasets\PLUE\F\PLUE_F_374.JPG,Potato,F,uncontrolled,d3286a2fcee89c8c,Fungi
Z:\Projects\Smart-Farming\Datasets\final_combined_datasets\PLUE\F\PLUE_F_375.JPG,Potato,F,uncontrolled,e160c9b50a6dad5d,Fungi
Z:\Projects\Smart-Farming\Datasets\final_combined_datasets\PLUE\F\PLUE_F_376.JPG,Potato,F,uncontrolled,c8cf53f01d4bacc1,Fungi
Z:\Projects\Smart-Farming\Datasets\final_combined_datasets\PLUE\F\PLUE_F_377.JPG,Potato,F,uncontrolled,942cb53b4a6ad91d,Fungi
Z:\Projects\Smart-Farming\Datasets\final_combined_datasets\PLUE\F\PLUE_F_378.JPG,Potato,F,uncontrolled,d578a3c90cf2db0c,Fungi
Z:\Projects\Smart-Farming\Datasets\final_combined_datasets\PLUE\F\PLUE_F_379.JPG,Potato,F,uncontrolled,c1315d65d27e522d,Fungi
Z:\Projects\Smart-Farming\Datasets\final_combined_datasets\PLUE\F\PLUE_F_380.JPG,Potato,F,uncontrolled,cb2c7171fc3eb104,Fungi
Z:\Projects\Smart-Farming\Datasets\final_combined_datasets\PLUE\F\PLUE_F_381.JPG,Potato,F,uncontrolled,d51d80e5d22fd496,Fungi
Z:\Projects\Smart-Farming\Datasets\final_combined_datasets\PLUE\F\PLUE_F_382.JPG,Potato,F,uncontrolled,e15034cbf53e2f14,Fungi
Z:\Projects\Smart-Farming\Datasets\final_combined_datasets\PLUE\F\PLUE_F_383.JPG,Potato,F,uncontrolled,df4520bcc45b38b9,Fungi
Z:\Projects\Smart-Farming\Datasets\final_combined_datasets\PLUE\F\PLUE_F_384.JPG,Potato,F,uncontrolled,d3e99ac77192c630,Fungi
Z:\Projects\Smart-Farming\Datasets\final_combined_datasets\PLUE\F\PLUE_F_385.JPG,Potato,F,uncontrolled,df138d4b80d89cce,Fungi
Z:\Projects\Smart-Farming\Datasets\final_combined_datasets\PLUE\F\PLUE_F_386.JPG,Potato,F,uncontrolled,f62dd2b5ce3a1884,Fungi
Z:\Projects\Smart-Farming\Datasets\final_combined_datasets\PLUE\F\PLUE_F_387.JPG,Potato,F,uncontrolled,d907681c078fca77,Fungi
Z:\Projects\Smart-Farming\Datasets\final_combined_datasets\PLUE\F\PLUE_F_388.JPG,Potato,F,uncontrolled,f16387eac2a7ce40,Fungi
Z:\Projects\Smart-Farming\Datasets\final_combined_datasets\PLUE\F\PLUE_F_389.JPG,Potato,F,uncontrolled,867c4fa7941678c5,Fungi
Z:\Projects\Smart-Farming\Datasets\final_combined_datasets\PLUE\F\PLUE_F_390.JPG,Potato,F,uncontrolled,ff51873a94b89126,Fungi
Z:\Projects\Smart-Farming\Datasets\final_combined_datasets\PLUE\F\PLUE_F_391.JPG,Potato,F,uncontrolled,c84d4e227cf6a317,Fungi
Z:\Projects\Smart-Farming\Datasets\final_combined_datasets\PLUE\F\PLUE_F_392.JPG,Potato,F,uncontrolled,fa15a6f82b058d36,Fungi
Z:\Projects\Smart-Farming\Datasets\final_combined_datasets\PLUE\F\PLUE_F_393.JPG,Potato,F,uncontrolled,d99e4d1c090d4bf9,Fungi
Z:\Projects\Smart-Farming\Datasets\final_combined_datasets\PLUE\F\PLUE_F_394.JPG,Potato,F,uncontrolled,c36c9760d63eb4c1,Fungi
Z:\Projects\Smart-Farming\Datasets\final_combined_datasets\PLUE\F\PLUE_F_395.JPG,Potato,F,uncontrolled,da6d740cebf0c483,Fungi
Z:\Projects\Smart-Farming\Datasets\final_combined_datasets\PLUE\F\PLUE_F_396.JPG,Potato,F,uncontrolled,807b6b5b94f28f0c,Fungi
Z:\Projects\Smart-Farming\Datasets\final_combined_datasets\PLUE\F\PLUE_F_397.JPG,Potato,F,uncontrolled,f607c1d04f5932b9,Fungi
Z:\Projects\Smart-Farming\Datasets\final_combined_datasets\PLUE\F\PLUE_F_398.JPG,Potato,F,uncontrolled,fd9a92d054e2aaaa,Fungi
Z:\Projects\Smart-Farming\Datasets\final_combined_datasets\PLUE\F\PLUE_F_399.JPG,Potato,F,uncontrolled,b83b66d60796ccc8,Fungi
Z:\Projects\Smart-Farming\Datasets\final_combined_datasets\PLUE\F\PLUE_F_400.JPG,Potato,F,uncontrolled,fd7e01f003b5a2c3,Fungi
Z:\Projects\Smart-Farming\Datasets\final_combined_datasets\PLUE\F\PLUE_F_401.JPG,Potato,F,uncontrolled,be3eccce9469d180,Fungi
Z:\Projects\Smart-Farming\Datasets\final_combined_datasets\PLUE\F\PLUE_F_402.JPG,Potato,F,uncontrolled,d9d2168d913933e6,Fungi
Z:\Projects\Smart-Farming\Datasets\final_combined_datasets\PLUE\F\PLUE_F_403.JPG,Potato,F,uncontrolled,e1e27e2a3d5e2780,Fungi
Z:\Projects\Smart-Farming\Datasets\final_combined_datasets\PLUE\F\PLUE_F_404.JPG,Potato,F,uncontrolled,fe7bf0cd40611a0b,Fungi
Z:\Projects\Smart-Farming\Datasets\final_combined_datasets\PLUE\F\PLUE_F_405.JPG,Potato,F,uncontrolled,c9c6f127f822a86d,Fungi
Z:\Projects\Smart-Farming\Datasets\final_combined_datasets\PLUE\F\PLUE_F_406.JPG,Potato,F,uncontrolled,b682dac985e56aa5,Fungi
Z:\Projects\Smart-Farming\Datasets\final_combined_datasets\PLUE\F\PLUE_F_407.JPG,Potato,F,uncontrolled,ffe88015d554328f,Fungi
Z:\Projects\Smart-Farming\Datasets\final_combined_datasets\PLUE\F\PLUE_F_408.JPG,Potato,F,uncontrolled,ddbd9036a32818d7,Fungi
Z:\Projects\Smart-Farming\Datasets\final_combined_datasets\PLUE\F\PLUE_F_409.JPG,Potato,F,uncontrolled,cae7a2a56a2c2957,Fungi
Z:\Projects\Smart-Farming\Datasets\final_combined_datasets\PLUE\F\PLUE_F_410.JPG,Potato,F,uncontrolled,f078c7a164c79754,Fungi
Z:\Projects\Smart-Farming\Datasets\final_combined_datasets\PLUE\F\PLUE_F_411.JPG,Potato,F,uncontrolled,fcccc24cb41696da,Fungi
Z:\Projects\Smart-Farming\Datasets\final_combined_datasets\PLUE\F\PLUE_F_412.JPG,Potato,F,uncontrolled,d9e0d1669e36909b,Fungi
Z:\Projects\Smart-Farming\Datasets\final_combined_datasets\PLUE\F\PLUE_F_413.JPG,Potato,F,uncontrolled,ebb298648cad29e5,Fungi
Z:\Projects\Smart-Farming\Datasets\final_combined_datasets\PLUE\F\PLUE_F_414.JPG,Potato,F,uncontrolled,ebb29a608dad2969,Fungi
Z:\Projects\Smart-Farming\Datasets\final_combined_datasets\PLUE\F\PLUE_F_415.JPG,Potato,F,uncontrolled,b34d81395b2d4a75,Fungi
Z:\Projects\Smart-Farming\Datasets\final_combined_datasets\PLUE\F\PLUE_F_416.JPG,Potato,F,uncontrolled,eac2959c6a2b6e29,Fungi
Z:\Projects\Smart-Farming\Datasets\final_combined_datasets\PLUE\F\PLUE_F_417.JPG,Potato,F,uncontrolled,fe6924cb860ecf42,Fungi
Z:\Projects\Smart-Farming\Datasets\final_combined_datasets\PLUE\F\PLUE_F_418.JPG,Potato,F,uncontrolled,dbca907f32a53a60,Fungi
Z:\Projects\Smart-Farming\Datasets\final_combined_datasets\PLUE\F\PLUE_F_419.JPG,Potato,F,uncontrolled,8135d649b6d72857,Fungi
Z:\Projects\Smart-Farming\Datasets\final_combined_datasets\PLUE\F\PLUE_F_420.JPG,Potato,F,uncontrolled,c04b26cc378766b7,Fungi
Z:\Projects\Smart-Farming\Datasets\final_combined_datasets\PLUE\F\PLUE_F_421.JPG,Potato,F,uncontrolled,c67de4c2211ce4e7,Fungi
Z:\Projects\Smart-Farming\Datasets\final_combined_datasets\PLUE\F\PLUE_F_422.JPG,Potato,F,uncontrolled,cc47e31bb73544d0,Fungi
Z:\Projects\Smart-Farming\Datasets\final_combined_datasets\PLUE\F\PLUE_F_423.JPG,Potato,F,uncontrolled,c15a633187d75ab8,Fungi
Z:\Projects\Smart-Farming\Datasets\final_combined_datasets\PLUE\F\PLUE_F_424.JPG,Potato,F,uncontrolled,af99d80bcb24ef20,Fungi
Z:\Projects\Smart-Farming\Datasets\final_combined_datasets\PLUE\F\PLUE_F_425.JPG,Potato,F,uncontrolled,9f846d47b2a1ea1a,Fungi
Z:\Projects\Smart-Farming\Datasets\final_combined_datasets\PLUE\F\PLUE_F_426.JPG,Potato,F,uncontrolled,9e47b86c562b2473,Fungi
Z:\Projects\Smart-Farming\Datasets\final_combined_datasets\PLUE\F\PLUE_F_427.JPG,Potato,F,uncontrolled,d28b6a5ae7490771,Fungi
Z:\Projects\Smart-Farming\Datasets\final_combined_datasets\PLUE\F\PLUE_F_428.JPG,Potato,F,uncontrolled,d08b6a1be509277d,Fungi
Z:\Projects\Smart-Farming\Datasets\final_combined_datasets\PLUE\F\PLUE_F_429.JPG,Potato,F,uncontrolled,ed328d61c95d43b1,Fungi
Z:\Projects\Smart-Farming\Datasets\final_combined_datasets\PLUE\F\PLUE_F_430.JPG,Potato,F,uncontrolled,f19bc8972e0c9e32,Fungi
Z:\Projects\Smart-Farming\Datasets\final_combined_datasets\PLUE\F\PLUE_F_431.JPG,Potato,F,uncontrolled,8f2c69429f7c7468,Fungi
Z:\Projects\Smart-Farming\Datasets\final_combined_datasets\PLUE\F\PLUE_F_432.JPG,Potato,F,uncontrolled,adc23e86709e63cc,Fungi
Z:\Projects\Smart-Farming\Datasets\final_combined_datasets\PLUE\F\PLUE_F_433.JPG,Potato,F,uncontrolled,95c0caad3633359e,Fungi
Z:\Projects\Smart-Farming\Datasets\final_combined_datasets\PLUE\F\PLUE_F_434.JPG,Potato,F,uncontrolled,8da7c5d14619da59,Fungi
Z:\Projects\Smart-Farming\Datasets\final_combined_datasets\PLUE\F\PLUE_F_435.JPG,Potato,F,uncontrolled,9a76612ed959a466,Fungi
Z:\Projects\Smart-Farming\Datasets\final_combined_datasets\PLUE\F\PLUE_F_436.JPG,Potato,F,uncontrolled,dcbba3c0ff0d0720,Fungi
Z:\Projects\Smart-Farming\Datasets\final_combined_datasets\PLUE\F\PLUE_F_437.JPG,Potato,F,uncontrolled,e45a2758a34f52b3,Fungi
Z:\Projects\Smart-Farming\Datasets\final_combined_datasets\PLUE\F\PLUE_F_438.JPG,Potato,F,uncontrolled,eac3647999a65a8a,Fungi
Z:\Projects\Smart-Farming\Datasets\final_combined_datasets\PLUE\F\PLUE_F_439.JPG,Potato,F,uncontrolled,932e584c1f1b9d96,Fungi
Z:\Projects\Smart-Farming\Datasets\final_combined_datasets\PLUE\F\PLUE_F_440.JPG,Potato,F,uncontrolled,831c7eca5cfa8417,Fungi
Z:\Projects\Smart-Farming\Datasets\final_combined_datasets\PLUE\F\PLUE_F_441.JPG,Potato,F,uncontrolled,b20ab576fa354784,Fungi
Z:\Projects\Smart-Farming\Datasets\final_combined_datasets\PLUE\F\PLUE_F_442.JPG,Potato,F,uncontrolled,a532de5a68eb4b0c,Fungi
Z:\Projects\Smart-Farming\Datasets\final_combined_datasets\PLUE\F\PLUE_F_443.JPG,Potato,F,uncontrolled,e424106dfe771be0,Fungi
Z:\Projects\Smart-Farming\Datasets\final_combined_datasets\PLUE\F\PLUE_F_444.JPG,Potato,F,uncontrolled,8e87784967612eab,Fungi
Z:\Projects\Smart-Farming\Datasets\final_combined_datasets\PLUE\F\PLUE_F_445.JPG,Potato,F,uncontrolled,c682e0f516b95f0d,Fungi
Z:\Projects\Smart-Farming\Datasets\final_combined_datasets\PLUE\F\PLUE_F_446.JPG,Potato,F,uncontrolled,d2b88ce5a6a97e03,Fungi
Z:\Projects\Smart-Farming\Datasets\final_combined_datasets\PLUE\F\PLUE_F_447.JPG,Potato,F,uncontrolled,852b2d7cb46057f1,Fungi
Z:\Projects\Smart-Farming\Datasets\final_combined_datasets\PLUE\F\PLUE_F_448.JPG,Potato,F,uncontrolled,953a4b6c5a6732d1,Fungi
Z:\Projects\Smart-Farming\Datasets\final_combined_datasets\PLUE\F\PLUE_F_449.JPG,Potato,F,uncontrolled,95728b4b3d46be21,Fungi
Z:\Projects\Smart-Farming\Datasets\final_combined_datasets\PLUE\F\PLUE_F_450.JPG,Potato,F,uncontrolled,f2df2a68af18988a,Fungi
Z:\Projects\Smart-Farming\Datasets\final_combined_datasets\PLUE\F\PLUE_F_451.JPG,Potato,F,uncontrolled,f3fca22b1a536258,Fungi
Z:\Projects\Smart-Farming\Datasets\final_combined_datasets\PLUE\F\PLUE_F_452.JPG,Potato,F,uncontrolled,ef8fd0b2178581aa,Fungi
Z:\Projects\Smart-Farming\Datasets\final_combined_datasets\PLUE\F\PLUE_F_453.JPG,Potato,F,uncontrolled,ea91f0a4f33d8e24,Fungi
Z:\Projects\Smart-Farming\Datasets\final_combined_datasets\PLUE\F\PLUE_F_454.JPG,Potato,F,uncontrolled,ad696ee3aa476054,Fungi
Z:\Projects\Smart-Farming\Datasets\final_combined_datasets\PLUE\F\PLUE_F_455.JPG,Potato,F,uncontrolled,edd5862cab61d063,Fungi
Z:\Projects\Smart-Farming\Datasets\final_combined_datasets\PLUE\F\PLUE_F_456.JPG,Potato,F,uncontrolled,b44a9d237c17a83b,Fungi
Z:\Projects\Smart-Farming\Datasets\final_combined_datasets\PLUE\F\PLUE_F_457.JPG,Potato,F,uncontrolled,96e9254b1995e173,Fungi
Z:\Projects\Smart-Farming\Datasets\final_combined_datasets\PLUE\F\PLUE_F_458.JPG,Potato,F,uncontrolled,879c6479b83bc389,Fungi
Z:\Projects\Smart-Farming\Datasets\final_combined_datasets\PLUE\F\PLUE_F_459.JPG,Potato,F,uncontrolled,83a527aff4790856,Fungi
Z:\Projects\Smart-Farming\Datasets\final_combined_datasets\PLUE\F\PLUE_F_460.JPG,Potato,F,uncontrolled,966312bf8eaad458,Fungi
Z:\Projects\Smart-Farming\Datasets\final_combined_datasets\PLUE\F\PLUE_F_461.JPG,Potato,F,uncontrolled,c1ac5ac9c16bf3a2,Fungi
Z:\Projects\Smart-Farming\Datasets\final_combined_datasets\PLUE\F\PLUE_F_462.JPG,Potato,F,uncontrolled,ef26504fd0d2b646,Fungi
Z:\Projects\Smart-Farming\Datasets\final_combined_datasets\PLUE\F\PLUE_F_463.JPG,Potato,F,uncontrolled,a3a732cf362da4a4,Fungi
Z:\Projects\Smart-Farming\Datasets\final_combined_datasets\PLUE\F\PLUE_F_464.JPG,Potato,F,uncontrolled,9098765335356f4e,Fungi
Z:\Projects\Smart-Farming\Datasets\final_combined_datasets\PLUE\F\PLUE_F_465.JPG,Potato,F,uncontrolled,a5704976724a9f9c,Fungi
Z:\Projects\Smart-Farming\Datasets\final_combined_datasets\PLUE\F\PLUE_F_466.JPG,Potato,F,uncontrolled,b4e21b22ca4bbee2,Fungi
Z:\Projects\Smart-Farming\Datasets\final_combined_datasets\PLUE\F\PLUE_F_467.JPG,Potato,F,uncontrolled,f7e52b92b0339312,Fungi
Z:\Projects\Smart-Farming\Datasets\final_combined_datasets\PLUE\F\PLUE_F_468.JPG,Potato,F,uncontrolled,f10f4b92c44fc3f0,Fungi
Z:\Projects\Smart-Farming\Datasets\final_combined_datasets\PLUE\F\PLUE_F_469.JPG,Potato,F,uncontrolled,d62c21b76d4b4a4e,Fungi
Z:\Projects\Smart-Farming\Datasets\final_combined_datasets\PLUE\F\PLUE_F_470.JPG,Potato,F,uncontrolled,fa86e0ed4d942d4a,Fungi
Z:\Projects\Smart-Farming\Datasets\final_combined_datasets\PLUE\F\PLUE_F_471.JPG,Potato,F,uncontrolled,f3bc98f8c4886c66,Fungi
Z:\Projects\Smart-Farming\Datasets\final_combined_datasets\PLUE\F\PLUE_F_472.JPG,Potato,F,uncontrolled,fe8fc7d496f00203,Fungi
Z:\Projects\Smart-Farming\Datasets\final_combined_datasets\PLUE\F\PLUE_F_473.JPG,Potato,F,uncontrolled,bf87e5d5034a0a3c,Fungi
Z:\Projects\Smart-Farming\Datasets\final_combined_datasets\PLUE\F\PLUE_F_474.JPG,Potato,F,uncontrolled,c5aa1a61669c77d4,Fungi
Z:\Projects\Smart-Farming\Datasets\final_combined_datasets\PLUE\F\PLUE_F_475.JPG,Potato,F,uncontrolled,90daf8972f128be2,Fungi
Z:\Projects\Smart-Farming\Datasets\final_combined_datasets\PLUE\F\PLUE_F_476.JPG,Potato,F,uncontrolled,da28190e3fd60dd6,Fungi
Z:\Projects\Smart-Farming\Datasets\final_combined_datasets\PLUE\F\PLUE_F_477.JPG,Potato,F,uncontrolled,cf3067bee18c0a33,Fungi
Z:\Projects\Smart-Farming\Datasets\final_combined_datasets\PLUE\F\PLUE_F_478.JPG,Potato,F,uncontrolled,84bb5b3680ef6427,Fungi
Z:\Projects\Smart-Farming\Datasets\final_combined_datasets\PLUE\F\PLUE_F_479.JPG,Potato,F,uncontrolled,b1c04f9cdc2467b9,Fungi
Z:\Projects\Smart-Farming\Datasets\final_combined_datasets\PLUE\F\PLUE_F_480.JPG,Potato,F,uncontrolled,d3084ea4f2e2f369,Fungi
Z:\Projects\Smart-Farming\Datasets\final_combined_datasets\PLUE\F\PLUE_F_481.JPG,Potato,F,uncontrolled,ae25d61ad45a9a59,Fungi
Z:\Projects\Smart-Farming\Datasets\final_combined_datasets\PLUE\F\PLUE_F_482.JPG,Potato,F,uncontrolled,983e23b4dc9a5b49,Fungi
Z:\Projects\Smart-Farming\Datasets\final_combined_datasets\PLUE\F\PLUE_F_483.JPG,Potato,F,uncontrolled,db8690bce059dbc2,Fungi
Z:\Projects\Smart-Farming\Datasets\final_combined_datasets\PLUE\F\PLUE_F_484.jpg,Potato,F,uncontrolled,8a56711f9eca7059,Fungi
Z:\Projects\Smart-Farming\Datasets\final_combined_datasets\PLUE\F\PLUE_F_485.jpg,Potato,F,uncontrolled,83b53c8650563dfa,Fungi
Z:\Projects\Smart-Farming\Datasets\final_combined_datasets\PLUE\F\PLUE_F_486.jpg,Potato,F,uncontrolled,eae215c58928f9d5,Fungi
Z:\Projects\Smart-Farming\Datasets\final_combined_datasets\PLUE\F\PLUE_F_487.jpg,Potato,F,uncontrolled,fa138de8f03818bd,Fungi
Z:\Projects\Smart-Farming\Datasets\final_combined_datasets\PLUE\F\PLUE_F_488.jpg,Potato,F,uncontrolled,f8d4a166863d3e34,Fungi
Z:\Projects\Smart-Farming\Datasets\final_combined_datasets\PLUE\F\PLUE_F_489.jpg,Potato,F,uncontrolled,ac62516b9f751235,Fungi
Z:\Projects\Smart-Farming\Datasets\final_combined_datasets\PLUE\F\PLUE_F_490.jpg,Potato,F,uncontrolled,bca45572c3bd8a51,Fungi
Z:\Projects\Smart-Farming\Datasets\final_combined_datasets\PLUE\F\PLUE_F_491.jpg,Potato,F,uncontrolled,bd041637d36f6825,Fungi
Z:\Projects\Smart-Farming\Datasets\final_combined_datasets\PLUE\F\PLUE_F_492.jpg,Potato,F,uncontrolled,c42f2c97307f60f8,Fungi
Z:\Projects\Smart-Farming\Datasets\final_combined_datasets\PLUE\F\PLUE_F_493.jpg,Potato,F,uncontrolled,e4d4770706cce78c,Fungi
Z:\Projects\Smart-Farming\Datasets\final_combined_datasets\PLUE\F\PLUE_F_494.jpg,Potato,F,uncontrolled,ba0ff738857d4620,Fungi
Z:\Projects\Smart-Farming\Datasets\final_combined_datasets\PLUE\F\PLUE_F_495.jpg,Potato,F,uncontrolled,9aeba10717d8da23,Fungi
Z:\Projects\Smart-Farming\Datasets\final_combined_datasets\PLUE\F\PLUE_F_496.jpg,Potato,F,uncontrolled,fa177d3c09a8a962,Fungi
Z:\Projects\Smart-Farming\Datasets\final_combined_datasets\PLUE\F\PLUE_F_497.jpg,Potato,F,uncontrolled,a323172c6ecc639e,Fungi
Z:\Projects\Smart-Farming\Datasets\final_combined_datasets\PLUE\F\PLUE_F_498.jpg,Potato,F,uncontrolled,f807c33e8e719c91,Fungi
Z:\Projects\Smart-Farming\Datasets\final_combined_datasets\PLUE\F\PLUE_F_499.jpg,Potato,F,uncontrolled,e1a28cd51cc97aae,Fungi
Z:\Projects\Smart-Farming\Datasets\final_combined_datasets\PLUE\F\PLUE_F_500.jpg,Potato,F,uncontrolled,fa708347872f982d,Fungi
Z:\Projects\Smart-Farming\Datasets\final_combined_datasets\PLUE\F\PLUE_F_501.jpg,Potato,F,uncontrolled,e18ec2dac3715cca,Fungi
Z:\Projects\Smart-Farming\Datasets\final_combined_datasets\PLUE\F\PLUE_F_502.jpg,Potato,F,uncontrolled,aa0af27aca606a7e,Fungi
Z:\Projects\Smart-Farming\Datasets\final_combined_datasets\PLUE\F\PLUE_F_503.jpg,Potato,F,uncontrolled,a81537069c4f62fb,Fungi
Z:\Projects\Smart-Farming\Datasets\final_combined_datasets\PLUE\F\PLUE_F_504.jpg,Potato,F,uncontrolled,d58c2a3ab97011ef,Fungi
Z:\Projects\Smart-Farming\Datasets\final_combined_datasets\PLUE\F\PLUE_F_505.jpg,Potato,F,uncontrolled,959d3a785173504f,Fungi
Z:\Projects\Smart-Farming\Datasets\final_combined_datasets\PLUE\F\PLUE_F_506.jpg,Potato,F,uncontrolled,84ab1ea048d6efce,Fungi
Z:\Projects\Smart-Farming\Datasets\final_combined_datasets\PLUE\F\PLUE_F_507.jpg,Potato,F,uncontrolled,a2e956493eed94c1,Fungi
Z:\Projects\Smart-Farming\Datasets\final_combined_datasets\PLUE\F\PLUE_F_508.jpg,Potato,F,uncontrolled,895e91713a739176,Fungi
Z:\Projects\Smart-Farming\Datasets\final_combined_datasets\PLUE\F\PLUE_F_509.jpg,Potato,F,uncontrolled,a973e465c7c31b05,Fungi
Z:\Projects\Smart-Farming\Datasets\final_combined_datasets\PLUE\F\PLUE_F_510.jpg,Potato,F,uncontrolled,9e55fe3ce0c0015f,Fungi
Z:\Projects\Smart-Farming\Datasets\final_combined_datasets\PLUE\F\PLUE_F_511.jpg,Potato,F,uncontrolled,a25c5560fed1e992,Fungi
Z:\Projects\Smart-Farming\Datasets\final_combined_datasets\PLUE\F\PLUE_F_512.jpg,Potato,F,uncontrolled,86582a775a22bcf6,Fungi
Z:\Projects\Smart-Farming\Datasets\final_combined_datasets\PLUE\F\PLUE_F_513.jpg,Potato,F,uncontrolled,9147617c3676c4f2,Fungi
Z:\Projects\Smart-Farming\Datasets\final_combined_datasets\PLUE\F\PLUE_F_514.jpg,Potato,F,uncontrolled,ae44b44bd84fcd26,Fungi
Z:\Projects\Smart-Farming\Datasets\final_combined_datasets\PLUE\F\PLUE_F_515.jpg,Potato,F,uncontrolled,e84cb42fc32d83ba,Fungi
Z:\Projects\Smart-Farming\Datasets\final_combined_datasets\PLUE\F\PLUE_F_516.jpg,Potato,F,uncontrolled,b6832ec3e4cc5d45,Fungi
Z:\Projects\Smart-Farming\Datasets\final_combined_datasets\PLUE\F\PLUE_F_517.jpg,Potato,F,uncontrolled,ab4ad16a0bad2d3a,Fungi
Z:\Projects\Smart-Farming\Datasets\final_combined_datasets\PLUE\F\PLUE_F_518.jpg,Potato,F,uncontrolled,a915906bdaf5a1a3,Fungi
Z:\Projects\Smart-Farming\Datasets\final_combined_datasets\PLUE\F\PLUE_F_519.jpg,Potato,F,uncontrolled,e8d286c61a1b6d6d,Fungi
Z:\Projects\Smart-Farming\Datasets\final_combined_datasets\PLUE\F\PLUE_F_520.jpg,Potato,F,uncontrolled,89553b3f613ce710,Fungi
Z:\Projects\Smart-Farming\Datasets\final_combined_datasets\PLUE\F\PLUE_F_521.jpg,Potato,F,uncontrolled,9f156cc365cc6a4c,Fungi
Z:\Projects\Smart-Farming\Datasets\final_combined_datasets\PLUE\F\PLUE_F_522.jpg,Potato,F,uncontrolled,fa068135d77ac45a,Fungi
Z:\Projects\Smart-Farming\Datasets\final_combined_datasets\PLUE\F\PLUE_F_523.jpg,Potato,F,uncontrolled,bfe3a24315507ab8,Fungi
Z:\Projects\Smart-Farming\Datasets\final_combined_datasets\PLUE\F\PLUE_F_524.jpg,Potato,F,uncontrolled,ae865e8f6da460d2,Fungi
Z:\Projects\Smart-Farming\Datasets\final_combined_datasets\PLUE\F\PLUE_F_525.jpg,Potato,F,uncontrolled,aba7571358a848dd,Fungi
Z:\Projects\Smart-Farming\Datasets\final_combined_datasets\PLUE\F\PLUE_F_526.jpg,Potato,F,uncontrolled,a02a97a5df9621da,Fungi
Z:\Projects\Smart-Farming\Datasets\final_combined_datasets\PLUE\F\PLUE_F_527.jpg,Potato,F,uncontrolled,fe4152c92f4a78e4,Fungi
Z:\Projects\Smart-Farming\Datasets\final_combined_datasets\PLUE\F\PLUE_F_528.jpg,Potato,F,uncontrolled,e8a3d1d4f171cd30,Fungi
Z:\Projects\Smart-Farming\Datasets\final_combined_datasets\PLUE\F\PLUE_F_529.jpg,Potato,F,uncontrolled,e1ad8fc0119f387a,Fungi
Z:\Projects\Smart-Farming\Datasets\final_combined_datasets\PLUE\F\PLUE_F_530.jpg,Potato,F,uncontrolled,8147ba5eb5111eb9,Fungi
Z:\Projects\Smart-Farming\Datasets\final_combined_datasets\PLUE\F\PLUE_F_531.jpg,Potato,F,uncontrolled,d43a6872a593ac9b,Fungi
Z:\Projects\Smart-Farming\Datasets\final_combined_datasets\PLUE\F\PLUE_F_532.jpg,Potato,F,uncontrolled,d7a0a7ab80fb2079,Fungi
Z:\Projects\Smart-Farming\Datasets\final_combined_datasets\PLUE\F\PLUE_F_533.jpg,Potato,F,uncontrolled,856a972f58a651e6,Fungi
Z:\Projects\Smart-Farming\Datasets\final_combined_datasets\PLUE\F\PLUE_F_534.jpg,Potato,F,uncontrolled,939b8968e427672b,Fungi
Z:\Projects\Smart-Farming\Datasets\final_combined_datasets\PLUE\F\PLUE_F_535.jpg,Potato,F,uncontrolled,a1aa9fb6e8060b7c,Fungi
Z:\Projects\Smart-Farming\Datasets\final_combined_datasets\PLUE\F\PLUE_F_536.jpg,Potato,F,uncontrolled,b85991c94a4ee6a7,Fungi
Z:\Projects\Smart-Farming\Datasets\final_combined_datasets\PLUE\F\PLUE_F_537.jpg,Potato,F,uncontrolled,f9a9d0b797941243,Fungi
Z:\Projects\Smart-Farming\Datasets\final_combined_datasets\PLUE\F\PLUE_F_538.jpg,Potato,F,uncontrolled,e515d432c8a58bcf,Fungi
Z:\Projects\Smart-Farming\Datasets\final_combined_datasets\PLUE\F\PLUE_F_539.jpg,Potato,F,uncontrolled,abb5d5301662ca4f,Fungi
Z:\Projects\Smart-Farming\Datasets\final_combined_datasets\PLUE\F\PLUE_F_540.jpg,Potato,F,uncontrolled,e80ff02c677087e9,Fungi
Z:\Projects\Smart-Farming\Datasets\final_combined_datasets\PLUE\F\PLUE_F_541.jpg,Potato,F,uncontrolled,f981858491c7c79f,Fungi
Z:\Projects\Smart-Farming\Datasets\final_combined_datasets\PLUE\F\PLUE_F_542.jpg,Potato,F,uncontrolled,d53a3ba0a8cee44d,Fungi
Z:\Projects\Smart-Farming\Datasets\final_combined_datasets\PLUE\F\PLUE_F_543.jpg,Potato,F,uncontrolled,db126d602f6e346c,Fungi
Z:\Projects\Smart-Farming\Datasets\final_combined_datasets\PLUE\F\PLUE_F_544.jpg,Potato,F,uncontrolled,a7e53482c67a92b9,Fungi
Z:\Projects\Smart-Farming\Datasets\final_combined_datasets\PLUE\F\PLUE_F_545.jpg,Potato,F,uncontrolled,8aace9c07e21f959,Fungi
Z:\Projects\Smart-Farming\Datasets\final_combined_datasets\PLUE\F\PLUE_F_546.jpg,Potato,F,uncontrolled,8ed12e21d7d79a0a,Fungi
Z:\Projects\Smart-Farming\Datasets\final_combined_datasets\PLUE\F\PLUE_F_547.jpg,Potato,F,uncontrolled,8ad62961056fdab6,Fungi
Z:\Projects\Smart-Farming\Datasets\final_combined_datasets\PLUE\F\PLUE_F_548.jpg,Potato,F,uncontrolled,8bbf6cd580d8071d,Fungi
Z:\Projects\Smart-Farming\Datasets\final_combined_datasets\PLUE\F\PLUE_F_549.jpg,Potato,F,uncontrolled,9eaa79aea95452a2,Fungi
Z:\Projects\Smart-Farming\Datasets\final_combined_datasets\PLUE\F\PLUE_F_550.jpg,Potato,F,uncontrolled,d5e06ec42d1af41b,Fungi
Z:\Projects\Smart-Farming\Datasets\final_combined_datasets\PLUE\F\PLUE_F_551.jpg,Potato,F,uncontrolled,90ca2d78fe667207,Fungi
Z:\Projects\Smart-Farming\Datasets\final_combined_datasets\PLUE\F\PLUE_F_552.jpg,Potato,F,uncontrolled,caca03edd2bcf00e,Fungi
Z:\Projects\Smart-Farming\Datasets\final_combined_datasets\PLUE\F\PLUE_F_553.jpg,Potato,F,uncontrolled,ecc36b16a3aaa1a5,Fungi
Z:\Projects\Smart-Farming\Datasets\final_combined_datasets\PLUE\F\PLUE_F_554.jpg,Potato,F,uncontrolled,dfb0e2a271471666,Fungi
Z:\Projects\Smart-Farming\Datasets\final_combined_datasets\PLUE\F\PLUE_F_555.jpg,Potato,F,uncontrolled,fd80bbc106729af4,Fungi
Z:\Projects\Smart-Farming\Datasets\final_combined_datasets\PLUE\F\PLUE_F_556.jpg,Potato,F,uncontrolled,9c249ef0c512dda7,Fungi
Z:\Projects\Smart-Farming\Datasets\final_combined_datasets\PLUE\F\PLUE_F_557.jpg,Potato,F,uncontrolled,cd306c9ac0c7b6d5,Fungi
Z:\Projects\Smart-Farming\Datasets\final_combined_datasets\PLUE\F\PLUE_F_558.jpg,Potato,F,uncontrolled,e59f85176f630e20,Fungi
Z:\Projects\Smart-Farming\Datasets\final_combined_datasets\PLUE\F\PLUE_F_559.jpg,Potato,F,uncontrolled,d09d92bfb66261c1,Fungi
Z:\Projects\Smart-Farming\Datasets\final_combined_datasets\PLUE\F\PLUE_F_560.jpg,Potato,F,uncontrolled,bf52a0d4cf871ab0,Fungi
Z:\Projects\Smart-Farming\Datasets\final_combined_datasets\PLUE\F\PLUE_F_561.jpg,Potato,F,uncontrolled,d53e8afc8c405dc3,Fungi
Z:\Projects\Smart-Farming\Datasets\final_combined_datasets\PLUE\F\PLUE_F_562.jpg,Potato,F,uncontrolled,a956fd6accc88a83,Fungi
Z:\Projects\Smart-Farming\Datasets\final_combined_datasets\PLUE\F\PLUE_F_563.jpg,Potato,F,uncontrolled,c0ff2283af589723,Fungi
Z:\Projects\Smart-Farming\Datasets\final_combined_datasets\PLUE\F\PLUE_F_564.jpg,Potato,F,uncontrolled,e4b3879a584e7147,Fungi
Z:\Projects\Smart-Farming\Datasets\final_combined_datasets\PLUE\F\PLUE_F_565.jpg,Potato,F,uncontrolled,b5eea7a8b7812292,Fungi
Z:\Projects\Smart-Farming\Datasets\final_combined_datasets\PLUE\F\PLUE_F_566.jpg,Potato,F,uncontrolled,88d5389bf03d93f0,Fungi
Z:\Projects\Smart-Farming\Datasets\final_combined_datasets\PLUE\F\PLUE_F_567.jpg,Potato,F,uncontrolled,e2b118d73d9a4719,Fungi
Z:\Projects\Smart-Farming\Datasets\final_combined_datasets\PLUE\F\PLUE_F_568.jpg,Potato,F,uncontrolled,8fb5f0d0a25a1a5e,Fungi
Z:\Projects\Smart-Farming\Datasets\final_combined_datasets\PLUE\F\PLUE_F_569.jpg,Potato,F,uncontrolled,b2478eb747061e72,Fungi
Z:\Projects\Smart-Farming\Datasets\final_combined_datasets\PLUE\F\PLUE_F_570.jpg,Potato,F,uncontrolled,ecb218a6331f217d,Fungi
Z:\Projects\Smart-Farming\Datasets\final_combined_datasets\PLUE\F\PLUE_F_571.jpg,Potato,F,uncontrolled,f0a182cbbd07dcac,Fungi
Z:\Projects\Smart-Farming\Datasets\final_combined_datasets\PLUE\F\PLUE_F_572.jpg,Potato,F,uncontrolled,ffe788e620c03dc4,Fungi
Z:\Projects\Smart-Farming\Datasets\final_combined_datasets\PLUE\F\PLUE_F_573.jpg,Potato,F,uncontrolled,f3f8d9f1ac82c0c8,Fungi
Z:\Projects\Smart-Farming\Datasets\final_combined_datasets\PLUE\F\PLUE_F_574.jpg,Potato,F,uncontrolled,91a9c894a519f3eb,Fungi
Z:\Projects\Smart-Farming\Datasets\final_combined_datasets\PLUE\F\PLUE_F_575.jpg,Potato,F,uncontrolled,d1074f972f08b55a,Fungi
Z:\Projects\Smart-Farming\Datasets\final_combined_datasets\PLUE\F\PLUE_F_576.jpg,Potato,F,uncontrolled,ce6de1c68a8b881f,Fungi
Z:\Projects\Smart-Farming\Datasets\final_combined_datasets\PLUE\F\PLUE_F_577.jpg,Potato,F,uncontrolled,c5fd2bc020479767,Fungi
Z:\Projects\Smart-Farming\Datasets\final_combined_datasets\PLUE\F\PLUE_F_578.jpg,Potato,F,uncontrolled,e214cf588a7c95d5,Fungi
Z:\Projects\Smart-Farming\Datasets\final_combined_datasets\PLUE\F\PLUE_F_579.jpg,Potato,F,uncontrolled,a583e7034e9e4ab9,Fungi
Z:\Projects\Smart-Farming\Datasets\final_combined_datasets\PLUE\F\PLUE_F_580.jpg,Potato,F,uncontrolled,afc7ce0929e8849e,Fungi
Z:\Projects\Smart-Farming\Datasets\final_combined_datasets\PLUE\F\PLUE_F_581.jpg,Potato,F,uncontrolled,f1c67c819432e73a,Fungi
Z:\Projects\Smart-Farming\Datasets\final_combined_datasets\PLUE\F\PLUE_F_582.jpg,Potato,F,uncontrolled,e1f855a29bd96423,Fungi
Z:\Projects\Smart-Farming\Datasets\final_combined_datasets\PLUE\F\PLUE_F_583.jpg,Potato,F,uncontrolled,a9d7d02fe1334368,Fungi
Z:\Projects\Smart-Farming\Datasets\final_combined_datasets\PLUE\F\PLUE_F_584.jpg,Potato,F,uncontrolled,ea81c0c5af57e1b1,Fungi
Z:\Projects\Smart-Farming\Datasets\final_combined_datasets\PLUE\F\PLUE_F_585.jpg,Potato,F,uncontrolled,a9f872a32cc7472a,Fungi
Z:\Projects\Smart-Farming\Datasets\final_combined_datasets\PLUE\F\PLUE_F_586.jpg,Potato,F,uncontrolled,d187aa76d54e42ac,Fungi
Z:\Projects\Smart-Farming\Datasets\final_combined_datasets\PLUE\F\PLUE_F_587.jpg,Potato,F,uncontrolled,c16eb08aa985bcdd,Fungi
Z:\Projects\Smart-Farming\Datasets\final_combined_datasets\PLUE\F\PLUE_F_588.jpg,Potato,F,uncontrolled,fe74d51213de6841,Fungi
Z:\Projects\Smart-Farming\Datasets\final_combined_datasets\PLUE\F\PLUE_F_589.jpg,Potato,F,uncontrolled,84d8f552ca6b86e3,Fungi
Z:\Projects\Smart-Farming\Datasets\final_combined_datasets\PLUE\F\PLUE_F_590.jpg,Potato,F,uncontrolled,fc2a4cd33d6b8096,Fungi
Z:\Projects\Smart-Farming\Datasets\final_combined_datasets\PLUE\F\PLUE_F_591.jpg,Potato,F,uncontrolled,f3d2ec195e1611d4,Fungi
Z:\Projects\Smart-Farming\Datasets\final_combined_datasets\PLUE\F\PLUE_F_592.jpg,Potato,F,uncontrolled,af52178e285d3d29,Fungi
Z:\Projects\Smart-Farming\Datasets\final_combined_datasets\PLUE\F\PLUE_F_593.jpg,Potato,F,uncontrolled,ac56532ab1ab8b47,Fungi
Z:\Projects\Smart-Farming\Datasets\final_combined_datasets\PLUE\F\PLUE_F_594.jpg,Potato,F,uncontrolled,dab2620e1dcf4d1a,Fungi
Z:\Projects\Smart-Farming\Datasets\final_combined_datasets\PLUE\F\PLUE_F_595.jpg,Potato,F,uncontrolled,cb02e52be53cdc25,Fungi
Z:\Projects\Smart-Farming\Datasets\final_combined_datasets\PLUE\F\PLUE_F_596.jpg,Potato,F,uncontrolled,dba2ad38313972e1,Fungi
Z:\Projects\Smart-Farming\Datasets\final_combined_datasets\PLUE\F\PLUE_F_597.jpg,Potato,F,uncontrolled,8e23ad5925d9b256,Fungi
Z:\Projects\Smart-Farming\Datasets\final_combined_datasets\PLUE\F\PLUE_F_598.jpg,Potato,F,uncontrolled,cf3f6004383f961b,Fungi
Z:\Projects\Smart-Farming\Datasets\final_combined_datasets\PLUE\F\PLUE_F_599.jpg,Potato,F,uncontrolled,9a5be5b5a00f434e,Fungi
Z:\Projects\Smart-Farming\Datasets\final_combined_datasets\PLUE\F\PLUE_F_600.jpg,Potato,F,uncontrolled,b1d9dace290c4cbc,Fungi
Z:\Projects\Smart-Farming\Datasets\final_combined_datasets\PLUE\F\PLUE_F_601.JPG,Potato,F,uncontrolled,88b79138bac526cf,Fungi
Z:\Projects\Smart-Farming\Datasets\final_combined_datasets\PLUE\F\PLUE_F_602.JPG,Potato,F,uncontrolled,e2735203d82d6e6d,Fungi
Z:\Projects\Smart-Farming\Datasets\final_combined_datasets\PLUE\F\PLUE_F_603.JPG,Potato,F,uncontrolled,f82ac679cf90252d,Fungi
Z:\Projects\Smart-Farming\Datasets\final_combined_datasets\PLUE\F\PLUE_F_604.JPG,Potato,F,uncontrolled,ee5bf125821a989d,Fungi
Z:\Projects\Smart-Farming\Datasets\final_combined_datasets\PLUE\F\PLUE_F_605.JPG,Potato,F,uncontrolled,89789626886afecd,Fungi
Z:\Projects\Smart-Farming\Datasets\final_combined_datasets\PLUE\F\PLUE_F_606.JPG,Potato,F,uncontrolled,e7f0343a2340fa6b,Fungi
Z:\Projects\Smart-Farming\Datasets\final_combined_datasets\PLUE\F\PLUE_F_607.JPG,Potato,F,uncontrolled,b9c3966a24d3bc92,Fungi
Z:\Projects\Smart-Farming\Datasets\final_combined_datasets\PLUE\F\PLUE_F_608.JPG,Potato,F,uncontrolled,be9eb8b8c03a9a68,Fungi
Z:\Projects\Smart-Farming\Datasets\final_combined_datasets\PLUE\F\PLUE_F_609.JPG,Potato,F,uncontrolled,e829ec645c9eb61a,Fungi
Z:\Projects\Smart-Farming\Datasets\final_combined_datasets\PLUE\F\PLUE_F_610.JPG,Potato,F,uncontrolled,cdcbb3899924b075,Fungi
Z:\Projects\Smart-Farming\Datasets\final_combined_datasets\PLUE\F\PLUE_F_611.JPG,Potato,F,uncontrolled,d99e0169aed07e92,Fungi
Z:\Projects\Smart-Farming\Datasets\final_combined_datasets\PLUE\F\PLUE_F_612.JPG,Potato,F,uncontrolled,ff55e083d1811e3c,Fungi
Z:\Projects\Smart-Farming\Datasets\final_combined_datasets\PLUE\F\PLUE_F_613.JPG,Potato,F,uncontrolled,e463a5f5aea4924a,Fungi
Z:\Projects\Smart-Farming\Datasets\final_combined_datasets\PLUE\F\PLUE_F_614.JPG,Potato,F,uncontrolled,86a171c263679d3e,Fungi
Z:\Projects\Smart-Farming\Datasets\final_combined_datasets\PLUE\F\PLUE_F_615.JPG,Potato,F,uncontrolled,8e91180f7fdcd682,Fungi
Z:\Projects\Smart-Farming\Datasets\final_combined_datasets\PLUE\F\PLUE_F_616.JPG,Potato,F,uncontrolled,b19516ab5de2a4d8,Fungi
Z:\Projects\Smart-Farming\Datasets\final_combined_datasets\PLUE\F\PLUE_F_617.JPG,Potato,F,uncontrolled,88d7ef4af0e04b8a,Fungi
Z:\Projects\Smart-Farming\Datasets\final_combined_datasets\PLUE\F\PLUE_F_618.JPG,Potato,F,uncontrolled,bb9019c197d4b5cc,Fungi
Z:\Projects\Smart-Farming\Datasets\final_combined_datasets\PLUE\F\PLUE_F_619.JPG,Potato,F,uncontrolled,bd964743e8e77240,Fungi
Z:\Projects\Smart-Farming\Datasets\final_combined_datasets\PLUE\F\PLUE_F_620.JPG,Potato,F,uncontrolled,d08b298b362c4f77,Fungi
Z:\Projects\Smart-Farming\Datasets\final_combined_datasets\PLUE\F\PLUE_F_621.JPG,Potato,F,uncontrolled,a99ef1951aa1eb24,Fungi
Z:\Projects\Smart-Farming\Datasets\final_combined_datasets\PLUE\F\PLUE_F_622.JPG,Potato,F,uncontrolled,c118e0c5dbdb9cb1,Fungi
Z:\Projects\Smart-Farming\Datasets\final_combined_datasets\PLUE\F\PLUE_F_623.JPG,Potato,F,uncontrolled,c436ba0391a7e2bb,Fungi
Z:\Projects\Smart-Farming\Datasets\final_combined_datasets\PLUE\F\PLUE_F_624.JPG,Potato,F,uncontrolled,dcc82bdada487934,Fungi
Z:\Projects\Smart-Farming\Datasets\final_combined_datasets\PLUE\F\PLUE_F_625.JPG,Potato,F,uncontrolled,b09f4d956bdaa444,Fungi
Z:\Projects\Smart-Farming\Datasets\final_combined_datasets\PLUE\F\PLUE_F_626.JPG,Potato,F,uncontrolled,9d418e10eecc17fa,Fungi
Z:\Projects\Smart-Farming\Datasets\final_combined_datasets\PLUE\F\PLUE_F_627.JPG,Potato,F,uncontrolled,8756e5d13e5f3a00,Fungi
Z:\Projects\Smart-Farming\Datasets\final_combined_datasets\PLUE\F\PLUE_F_628.JPG,Potato,F,uncontrolled,c8d9d3e5d8238ac6,Fungi
Z:\Projects\Smart-Farming\Datasets\final_combined_datasets\PLUE\F\PLUE_F_629.JPG,Potato,F,uncontrolled,b71fc68d925be090,Fungi
Z:\Projects\Smart-Farming\Datasets\final_combined_datasets\PLUE\F\PLUE_F_630.JPG,Potato,F,uncontrolled,ced44b6587d2592a,Fungi
Z:\Projects\Smart-Farming\Datasets\final_combined_datasets\PLUE\F\PLUE_F_631.JPG,Potato,F,uncontrolled,df79498f51c4a622,Fungi
Z:\Projects\Smart-Farming\Datasets\final_combined_datasets\PLUE\F\PLUE_F_632.JPG,Potato,F,uncontrolled,8c17dd2c6a799e81,Fungi
Z:\Projects\Smart-Farming\Datasets\final_combined_datasets\PLUE\F\PLUE_F_633.JPG,Potato,F,uncontrolled,9accb721d0921fa7,Fungi
Z:\Projects\Smart-Farming\Datasets\final_combined_datasets\PLUE\F\PLUE_F_634.JPG,Potato,F,uncontrolled,e03f6e20a58779b8,Fungi
Z:\Projects\Smart-Farming\Datasets\final_combined_datasets\PLUE\F\PLUE_F_635.JPG,Potato,F,uncontrolled,893e74a5feb62112,Fungi
Z:\Projects\Smart-Farming\Datasets\final_combined_datasets\PLUE\F\PLUE_F_636.JPG,Potato,F,uncontrolled,87f8e3906d1a67a8,Fungi
Z:\Projects\Smart-Farming\Datasets\final_combined_datasets\PLUE\F\PLUE_F_637.JPG,Potato,F,uncontrolled,d152d24c5e2e56a7,Fungi
Z:\Projects\Smart-Farming\Datasets\final_combined_datasets\PLUE\F\PLUE_F_638.JPG,Potato,F,uncontrolled,a1291f52942e7caf,Fungi
Z:\Projects\Smart-Farming\Datasets\final_combined_datasets\PLUE\F\PLUE_F_639.JPG,Potato,F,uncontrolled,9d71bbe6300ce07c,Fungi
Z:\Projects\Smart-Farming\Datasets\final_combined_datasets\PLUE\F\PLUE_F_640.JPG,Potato,F,uncontrolled,c75895fadd8ce802,Fungi
Z:\Projects\Smart-Farming\Datasets\final_combined_datasets\PLUE\F\PLUE_F_641.JPG,Potato,F,uncontrolled,b34d969dac983313,Fungi
Z:\Projects\Smart-Farming\Datasets\final_combined_datasets\PLUE\F\PLUE_F_642.JPG,Potato,F,uncontrolled,d65a7c404d9f6a61,Fungi
Z:\Projects\Smart-Farming\Datasets\final_combined_datasets\PLUE\F\PLUE_F_643.JPG,Potato,F,uncontrolled,c0341f469bba316f,Fungi
Z:\Projects\Smart-Farming\Datasets\final_combined_datasets\PLUE\F\PLUE_F_644.JPG,Potato,F,uncontrolled,e74c6513027df827,Fungi
Z:\Projects\Smart-Farming\Datasets\final_combined_datasets\PLUE\F\PLUE_F_645.JPG,Potato,F,uncontrolled,c3133356de96a474,Fungi
Z:\Projects\Smart-Farming\Datasets\final_combined_datasets\PLUE\F\PLUE_F_646.JPG,Potato,F,uncontrolled,e959787cf0c28659,Fungi
Z:\Projects\Smart-Farming\Datasets\final_combined_datasets\PLUE\F\PLUE_F_647.JPG,Potato,F,uncontrolled,b752b7b031688eca,Fungi
Z:\Projects\Smart-Farming\Datasets\final_combined_datasets\PLUE\F\PLUE_F_648.JPG,Potato,F,uncontrolled,d85d54b7b0f0e186,Fungi
Z:\Projects\Smart-Farming\Datasets\final_combined_datasets\PLUE\F\PLUE_F_649.JPG,Potato,F,uncontrolled,f7d2a0938eccca64,Fungi
Z:\Projects\Smart-Farming\Datasets\final_combined_datasets\PLUE\F\PLUE_F_650.JPG,Potato,F,uncontrolled,a5c1a3dbdec95c80,Fungi
Z:\Projects\Smart-Farming\Datasets\final_combined_datasets\PLUE\F\PLUE_F_651.JPG,Potato,F,uncontrolled,a0dbc60557e2bbd0,Fungi
Z:\Projects\Smart-Farming\Datasets\final_combined_datasets\PLUE\F\PLUE_F_652.JPG,Potato,F,uncontrolled,99698070bd75e4d5,Fungi
Z:\Projects\Smart-Farming\Datasets\final_combined_datasets\PLUE\F\PLUE_F_653.JPG,Potato,F,uncontrolled,95dc2f44d7259a34,Fungi
Z:\Projects\Smart-Farming\Datasets\final_combined_datasets\PLUE\F\PLUE_F_654.JPG,Potato,F,uncontrolled,e636b34a01aded0e,Fungi
Z:\Projects\Smart-Farming\Datasets\final_combined_datasets\PLUE\F\PLUE_F_655.JPG,Potato,F,uncontrolled,cfb1618cd3128779,Fungi
Z:\Projects\Smart-Farming\Datasets\final_combined_datasets\PLUE\F\PLUE_F_656.JPG,Potato,F,uncontrolled,cfe47129cb52f0c2,Fungi
Z:\Projects\Smart-Farming\Datasets\final_combined_datasets\PLUE\F\PLUE_F_657.JPG,Potato,F,uncontrolled,d7912fc2b7259033,Fungi
Z:\Projects\Smart-Farming\Datasets\final_combined_datasets\PLUE\F\PLUE_F_658.JPG,Potato,F,uncontrolled,902c6b6593ee91ad,Fungi
Z:\Projects\Smart-Farming\Datasets\final_combined_datasets\PLUE\F\PLUE_F_659.JPG,Potato,F,uncontrolled,b4437478312a6edb,Fungi
Z:\Projects\Smart-Farming\Datasets\final_combined_datasets\PLUE\F\PLUE_F_660.JPG,Potato,F,uncontrolled,d8f33f3285069969,Fungi
Z:\Projects\Smart-Farming\Datasets\final_combined_datasets\PLUE\F\PLUE_F_661.JPG,Potato,F,uncontrolled,dba64fb5a3a68448,Fungi
Z:\Projects\Smart-Farming\Datasets\final_combined_datasets\PLUE\F\PLUE_F_662.JPG,Potato,F,uncontrolled,fec060275d978c4b,Fungi
Z:\Projects\Smart-Farming\Datasets\final_combined_datasets\PLUE\F\PLUE_F_663.JPG,Potato,F,uncontrolled,cba9658d3cb5fa00,Fungi
Z:\Projects\Smart-Farming\Datasets\final_combined_datasets\PLUE\F\PLUE_F_664.JPG,Potato,F,uncontrolled,ccb325c6e24acbe8,Fungi
Z:\Projects\Smart-Farming\Datasets\final_combined_datasets\PLUE\F\PLUE_F_665.JPG,Potato,F,uncontrolled,d9b1686a26d99a4b,Fungi
Z:\Projects\Smart-Farming\Datasets\final_combined_datasets\PLUE\F\PLUE_F_666.JPG,Potato,F,uncontrolled,d831aba494da97d2,Fungi
Z:\Projects\Smart-Farming\Datasets\final_combined_datasets\PLUE\F\PLUE_F_667.JPG,Potato,F,uncontrolled,e1f8ad2f0c0746f2,Fungi
Z:\Projects\Smart-Farming\Datasets\final_combined_datasets\PLUE\F\PLUE_F_668.JPG,Potato,F,uncontrolled,da4b622164aeea37,Fungi
Z:\Projects\Smart-Farming\Datasets\final_combined_datasets\PLUE\F\PLUE_F_669.JPG,Potato,F,uncontrolled,c83f26355ab5499c,Fungi
Z:\Projects\Smart-Farming\Datasets\final_combined_datasets\PLUE\F\PLUE_F_670.JPG,Potato,F,uncontrolled,c37a92c7f01a3b26,Fungi
Z:\Projects\Smart-Farming\Datasets\final_combined_datasets\PLUE\F\PLUE_F_671.JPG,Potato,F,uncontrolled,850f7d0f8f9566a0,Fungi
Z:\Projects\Smart-Farming\Datasets\final_combined_datasets\PLUE\F\PLUE_F_672.JPG,Potato,F,uncontrolled,da06cead55626939,Fungi
Z:\Projects\Smart-Farming\Datasets\final_combined_datasets\PLUE\F\PLUE_F_673.JPG,Potato,F,uncontrolled,fac16cc3833d58c3,Fungi
Z:\Projects\Smart-Farming\Datasets\final_combined_datasets\PLUE\F\PLUE_F_674.JPG,Potato,F,uncontrolled,ca247fe1b2b7908c,Fungi
Z:\Projects\Smart-Farming\Datasets\final_combined_datasets\PLUE\F\PLUE_F_675.JPG,Potato,F,uncontrolled,949613f3297867c9,Fungi
Z:\Projects\Smart-Farming\Datasets\final_combined_datasets\PLUE\F\PLUE_F_676.JPG,Potato,F,uncontrolled,8d941727e0da349f,Fungi
Z:\Projects\Smart-Farming\Datasets\final_combined_datasets\PLUE\F\PLUE_F_677.JPG,Potato,F,uncontrolled,c63f29f218283f6c,Fungi
Z:\Projects\Smart-Farming\Datasets\final_combined_datasets\PLUE\F\PLUE_F_678.JPG,Potato,F,uncontrolled,f13f6fc19b201705,Fungi
Z:\Projects\Smart-Farming\Datasets\final_combined_datasets\PLUE\F\PLUE_F_679.JPG,Potato,F,uncontrolled,ae69256f827cc19c,Fungi
Z:\Projects\Smart-Farming\Datasets\final_combined_datasets\PLUE\F\PLUE_F_680.JPG,Potato,F,uncontrolled,a95793595b534472,Fungi
Z:\Projects\Smart-Farming\Datasets\final_combined_datasets\PLUE\F\PLUE_F_681.JPG,Potato,F,uncontrolled,88e69139766a6795,Fungi
Z:\Projects\Smart-Farming\Datasets\final_combined_datasets\PLUE\F\PLUE_F_682.JPG,Potato,F,uncontrolled,8a9c97c32e6b3c19,Fungi
Z:\Projects\Smart-Farming\Datasets\final_combined_datasets\PLUE\F\PLUE_F_683.JPG,Potato,F,uncontrolled,a996766c4ca5b266,Fungi
Z:\Projects\Smart-Farming\Datasets\final_combined_datasets\PLUE\F\PLUE_F_684.JPG,Potato,F,uncontrolled,9c96f35874946993,Fungi
Z:\Projects\Smart-Farming\Datasets\final_combined_datasets\PLUE\F\PLUE_F_685.JPG,Potato,F,uncontrolled,8d3073694d849e9f,Fungi
Z:\Projects\Smart-Farming\Datasets\final_combined_datasets\PLUE\F\PLUE_F_686.JPG,Potato,F,uncontrolled,a81ed45a58637d2d,Fungi
Z:\Projects\Smart-Farming\Datasets\final_combined_datasets\PLUE\F\PLUE_F_687.JPG,Potato,F,uncontrolled,8f3d91483ec93c3a,Fungi
Z:\Projects\Smart-Farming\Datasets\final_combined_datasets\PLUE\F\PLUE_F_688.JPG,Potato,F,uncontrolled,997b16644a6c3579,Fungi
Z:\Projects\Smart-Farming\Datasets\final_combined_datasets\PLUE\F\PLUE_F_689.JPG,Potato,F,uncontrolled,9249b4af92f568ac,Fungi
Z:\Projects\Smart-Farming\Datasets\final_combined_datasets\PLUE\F\PLUE_F_690.JPG,Potato,F,uncontrolled,a562d9e591ba644b,Fungi
Z:\Projects\Smart-Farming\Datasets\final_combined_datasets\PLUE\F\PLUE_F_691.JPG,Potato,F,uncontrolled,e5125a4b4eed4ab1,Fungi
Z:\Projects\Smart-Farming\Datasets\final_combined_datasets\PLUE\F\PLUE_F_692.JPG,Potato,F,uncontrolled,9d6abaa746988d0d,Fungi
Z:\Projects\Smart-Farming\Datasets\final_combined_datasets\PLUE\F\PLUE_F_693.JPG,Potato,F,uncontrolled,b946d06c89b796d2,Fungi
Z:\Projects\Smart-Farming\Datasets\final_combined_datasets\PLUE\F\PLUE_F_694.JPG,Potato,F,uncontrolled,8a77956eb0b94ad0,Fungi
Z:\Projects\Smart-Farming\Datasets\final_combined_datasets\PLUE\F\PLUE_F_695.JPG,Potato,F,uncontrolled,94734d246695d3d9,Fungi
Z:\Projects\Smart-Farming\Datasets\final_combined_datasets\PLUE\F\PLUE_F_696.JPG,Potato,F,uncontrolled,ba67d72aa02d5253,Fungi
Z:\Projects\Smart-Farming\Datasets\final_combined_datasets\PLUE\F\PLUE_F_697.JPG,Potato,F,uncontrolled,8b34d14eb32d865b,Fungi
Z:\Projects\Smart-Farming\Datasets\final_combined_datasets\PLUE\F\PLUE_F_698.JPG,Potato,F,uncontrolled,8d4e136e48ccd9b3,Fungi
Z:\Projects\Smart-Farming\Datasets\final_combined_datasets\PLUE\F\PLUE_F_699.JPG,Potato,F,uncontrolled,e53f504b88a3fa58,Fungi
Z:\Projects\Smart-Farming\Datasets\final_combined_datasets\PLUE\F\PLUE_F_700.JPG,Potato,F,uncontrolled,e51f504a89a7ba5a,Fungi
Z:\Projects\Smart-Farming\Datasets\final_combined_datasets\PLUE\F\PLUE_F_701.JPG,Potato,F,uncontrolled,bd62d44b5194b4ec,Fungi
Z:\Projects\Smart-Farming\Datasets\final_combined_datasets\PLUE\F\PLUE_F_702.JPG,Potato,F,uncontrolled,a864df4b95a46a4b,Fungi
Z:\Projects\Smart-Farming\Datasets\final_combined_datasets\PLUE\F\PLUE_F_703.JPG,Potato,F,uncontrolled,b04ab5f04fa1aaad,Fungi
Z:\Projects\Smart-Farming\Datasets\final_combined_datasets\PLUE\F\PLUE_F_704.JPG,Potato,F,uncontrolled,ac85935ae137716c,Fungi
Z:\Projects\Smart-Farming\Datasets\final_combined_datasets\PLUE\F\PLUE_F_705.JPG,Potato,F,uncontrolled,8932b4e499e8aaed,Fungi
Z:\Projects\Smart-Farming\Datasets\final_combined_datasets\PLUE\F\PLUE_F_706.JPG,Potato,F,uncontrolled,c8761b6957a9164e,Fungi
Z:\Projects\Smart-Farming\Datasets\final_combined_datasets\PLUE\F\PLUE_F_707.JPG,Potato,F,uncontrolled,a5338c4a692d5bf2,Fungi
Z:\Projects\Smart-Farming\Datasets\final_combined_datasets\PLUE\F\PLUE_F_708.JPG,Potato,F,uncontrolled,cb7057458f53ba22,Fungi
Z:\Projects\Smart-Farming\Datasets\final_combined_datasets\PLUE\F\PLUE_F_709.JPG,Potato,F,uncontrolled,94186b1e632e676d,Fungi
Z:\Projects\Smart-Farming\Datasets\final_combined_datasets\PLUE\F\PLUE_F_710.JPG,Potato,F,uncontrolled,ab5cf1aa8ec66229,Fungi
Z:\Projects\Smart-Farming\Datasets\final_combined_datasets\PLUE\F\PLUE_F_711.JPG,Potato,F,uncontrolled,f84eadc4cbc4cd84,Fungi
Z:\Projects\Smart-Farming\Datasets\final_combined_datasets\PLUE\F\PLUE_F_712.JPG,Potato,F,uncontrolled,ef444bb1625d9926,Fungi
Z:\Projects\Smart-Farming\Datasets\final_combined_datasets\PLUE\F\PLUE_F_713.JPG,Potato,F,uncontrolled,85c3d8766b762e09,Fungi
Z:\Projects\Smart-Farming\Datasets\final_combined_datasets\PLUE\F\PLUE_F_714.JPG,Potato,F,uncontrolled,ad5a955271746a65,Fungi
Z:\Projects\Smart-Farming\Datasets\final_combined_datasets\PLUE\F\PLUE_F_715.JPG,Potato,F,uncontrolled,8ad351b4d35cb38a,Fungi
Z:\Projects\Smart-Farming\Datasets\final_combined_datasets\PLUE\F\PLUE_F_716.JPG,Potato,F,uncontrolled,a11f7628599b8ea6,Fungi
Z:\Projects\Smart-Farming\Datasets\final_combined_datasets\PLUE\F\PLUE_F_717.JPG,Potato,F,uncontrolled,9a2d53696e0dcc5a,Fungi
Z:\Projects\Smart-Farming\Datasets\final_combined_datasets\PLUE\F\PLUE_F_718.JPG,Potato,F,uncontrolled,9c98506b71627b6d,Fungi
Z:\Projects\Smart-Farming\Datasets\final_combined_datasets\PLUE\F\PLUE_F_719.JPG,Potato,F,uncontrolled,c01f956a6e6d6c85,Fungi
Z:\Projects\Smart-Farming\Datasets\final_combined_datasets\PLUE\F\PLUE_F_720.JPG,Potato,F,uncontrolled,87fd303663c5861e,Fungi
Z:\Projects\Smart-Farming\Datasets\final_combined_datasets\PLUE\F\PLUE_F_721.JPG,Potato,F,uncontrolled,8ccbc533ba7499a4,Fungi
Z:\Projects\Smart-Farming\Datasets\final_combined_datasets\PLUE\F\PLUE_F_722.JPG,Potato,F,uncontrolled,8fcd10f14e78691b,Fungi
Z:\Projects\Smart-Farming\Datasets\final_combined_datasets\PLUE\F\PLUE_F_723.JPG,Potato,F,uncontrolled,8533ca3d907683bd,Fungi
Z:\Projects\Smart-Farming\Datasets\final_combined_datasets\PLUE\F\PLUE_F_724.JPG,Potato,F,uncontrolled,c6251b3f7dba08c4,Fungi
Z:\Projects\Smart-Farming\Datasets\final_combined_datasets\PLUE\F\PLUE_F_725.JPG,Potato,F,uncontrolled,c62d1b3d7d1ac8c4,Fungi
Z:\Projects\Smart-Farming\Datasets\final_combined_datasets\PLUE\F\PLUE_F_726.JPG,Potato,F,uncontrolled,a3455e4d4bb6b486,Fungi
Z:\Projects\Smart-Farming\Datasets\final_combined_datasets\PLUE\F\PLUE_F_727.JPG,Potato,F,uncontrolled,a747d84dc2b4a4ce,Fungi
Z:\Projects\Smart-Farming\Datasets\final_combined_datasets\PLUE\F\PLUE_F_728.JPG,Potato,F,uncontrolled,a192c34d6c3c3e3b,Fungi
Z:\Projects\Smart-Farming\Datasets\final_combined_datasets\PLUE\F\PLUE_F_729.JPG,Potato,F,uncontrolled,885d333344b2eceb,Fungi
Z:\Projects\Smart-Farming\Datasets\final_combined_datasets\PLUE\F\PLUE_F_730.JPG,Potato,F,uncontrolled,9bb4544c597a32ab,Fungi
Z:\Projects\Smart-Farming\Datasets\final_combined_datasets\PLUE\F\PLUE_F_731.JPG,Potato,F,uncontrolled,fd0bc23d9a709887,Fungi
Z:\Projects\Smart-Farming\Datasets\final_combined_datasets\PLUE\F\PLUE_F_732.JPG,Potato,F,uncontrolled,a59e4b692ca7b099,Fungi
Z:\Projects\Smart-Farming\Datasets\final_combined_datasets\PLUE\F\PLUE_F_733.JPG,Potato,F,uncontrolled,8c995ac2736c7745,Fungi
Z:\Projects\Smart-Farming\Datasets\final_combined_datasets\PLUE\F\PLUE_F_734.JPG,Potato,F,uncontrolled,aa6ed5e452c5618e,Fungi
Z:\Projects\Smart-Farming\Datasets\final_combined_datasets\PLUE\F\PLUE_F_735.JPG,Potato,F,uncontrolled,876b944a73e12597,Fungi
Z:\Projects\Smart-Farming\Datasets\final_combined_datasets\PLUE\F\PLUE_F_736.JPG,Potato,F,uncontrolled,8f45b54cccb9492b,Fungi
Z:\Projects\Smart-Farming\Datasets\final_combined_datasets\PLUE\F\PLUE_F_737.JPG,Potato,F,uncontrolled,889d93636addb912,Fungi
Z:\Projects\Smart-Farming\Datasets\final_combined_datasets\PLUE\F\PLUE_F_738.JPG,Potato,F,uncontrolled,a860d94bd394b5dc,Fungi
Z:\Projects\Smart-Farming\Datasets\final_combined_datasets\PLUE\F\PLUE_F_739.JPG,Potato,F,uncontrolled,a9ea3a5a40b6c5d6,Fungi
Z:\Projects\Smart-Farming\Datasets\final_combined_datasets\PLUE\F\PLUE_F_740.JPG,Potato,F,uncontrolled,b348b6a966a553b8,Fungi
Z:\Projects\Smart-Farming\Datasets\final_combined_datasets\PLUE\F\PLUE_F_741.JPG,Potato,F,uncontrolled,a99e908d3e616697,Fungi
Z:\Projects\Smart-Farming\Datasets\final_combined_datasets\PLUE\F\PLUE_F_742.JPG,Potato,F,uncontrolled,ab48d2adab264b56,Fungi
Z:\Projects\Smart-Farming\Datasets\final_combined_datasets\PLUE\F\PLUE_F_743.JPG,Potato,F,uncontrolled,9c7143ac75d26a8b,Fungi
Z:\Projects\Smart-Farming\Datasets\final_combined_datasets\PLUE\F\PLUE_F_744.JPG,Potato,F,uncontrolled,c050d5e2e2a977d5,Fungi
Z:\Projects\Smart-Farming\Datasets\final_combined_datasets\PLUE\F\PLUE_F_745.JPG,Potato,F,uncontrolled,c27495e2c2ad36d5,Fungi
Z:\Projects\Smart-Farming\Datasets\final_combined_datasets\PLUE\F\PLUE_F_746.JPG,Potato,F,uncontrolled,ab7e5a6a0d8492d3,Fungi
Z:\Projects\Smart-Farming\Datasets\final_combined_datasets\PLUE\F\PLUE_F_747.JPG,Potato,F,uncontrolled,a166cc6e90bdf431,Fungi
Z:\Projects\Smart-Farming\Datasets\final_combined_datasets\PLUE\F\PLUE_F_748.JPG,Potato,F,uncontrolled,8e719763dcc47a90,Fungi
Z:\Projects\Smart-Farming\Datasets\final_combined_datasets\PLUE\F\PLUE_F_001.jpg,Potato,F,uncontrolled,d30f621cf99a4533,Fungi
Z:\Projects\Smart-Farming\Datasets\final_combined_datasets\PLUE\F\PLUE_F_019.jpg,Potato,F,uncontrolled,ce7f7860e08827c7,Fungi
Z:\Projects\Smart-Farming\Datasets\final_combined_datasets\PLUE\F\PLUE_F_020.jpg,Potato,F,uncontrolled,f487871d922bd274,Fungi
Z:\Projects\Smart-Farming\Datasets\final_combined_datasets\PLUE\F\PLUE_F_021.jpg,Potato,F,uncontrolled,c03f7e9cb8087327,Fungi
Z:\Projects\Smart-Farming\Datasets\final_combined_datasets\PLUE\F\PLUE_F_022.jpg,Potato,F,uncontrolled,be9c1b1107f51c66,Fungi
Z:\Projects\Smart-Farming\Datasets\final_combined_datasets\PLUE\F\PLUE_F_023.jpg,Potato,F,uncontrolled,fcbda0191e4a8ee1,Fungi
Z:\Projects\Smart-Farming\Datasets\final_combined_datasets\PLUE\F\PLUE_F_024.jpg,Potato,F,uncontrolled,a682cacbc5743af2,Fungi
Z:\Projects\Smart-Farming\Datasets\final_combined_datasets\PLUE\F\PLUE_F_025.jpg,Potato,F,uncontrolled,fec05c1f3766060e,Fungi
Z:\Projects\Smart-Farming\Datasets\final_combined_datasets\PLUE\F\PLUE_F_026.jpg,Potato,F,uncontrolled,f63a67b78d2e0a80,Fungi
Z:\Projects\Smart-Farming\Datasets\final_combined_datasets\PLUE\F\PLUE_F_027.jpg,Potato,F,uncontrolled,c0604d76d3caadf2,Fungi
Z:\Projects\Smart-Farming\Datasets\final_combined_datasets\PLUE\F\PLUE_F_028.jpg,Potato,F,uncontrolled,e85bd56e025e18ec,Fungi
Z:\Projects\Smart-Farming\Datasets\final_combined_datasets\PLUE\F\PLUE_F_029.jpg,Potato,F,uncontrolled,e7b585c14acaaf24,Fungi
Z:\Projects\Smart-Farming\Datasets\final_combined_datasets\PLUE\F\PLUE_F_030.jpg,Potato,F,uncontrolled,cc0b52d47f8dc25c,Fungi
Z:\Projects\Smart-Farming\Datasets\final_combined_datasets\PLUE\F\PLUE_F_031.jpg,Potato,F,uncontrolled,f4da1a8b603f8dc4,Fungi
Z:\Projects\Smart-Farming\Datasets\final_combined_datasets\PLUE\F\PLUE_F_032.jpg,Potato,F,uncontrolled,96c0e16195e386df,Fungi
Z:\Projects\Smart-Farming\Datasets\final_combined_datasets\PLUE\F\PLUE_F_033.jpg,Potato,F,uncontrolled,94995a59c9784ebc,Fungi
Z:\Projects\Smart-Farming\Datasets\final_combined_datasets\PLUE\F\PLUE_F_034.jpg,Potato,F,uncontrolled,9c21399ea594f5d2,Fungi
Z:\Projects\Smart-Farming\Datasets\final_combined_datasets\PLUE\F\PLUE_F_035.jpg,Potato,F,uncontrolled,adeb22304b6e439d,Fungi
Z:\Projects\Smart-Farming\Datasets\final_combined_datasets\PLUE\F\PLUE_F_036.jpg,Potato,F,uncontrolled,e4fdfc043ace2d08,Fungi
Z:\Projects\Smart-Farming\Datasets\final_combined_datasets\PLUE\F\PLUE_F_037.jpg,Potato,F,uncontrolled,bdc5c5022f2ad45b,Fungi
Z:\Projects\Smart-Farming\Datasets\final_combined_datasets\PLUE\F\PLUE_F_038.jpg,Potato,F,uncontrolled,cbcd6fcdc40e1614,Fungi
Z:\Projects\Smart-Farming\Datasets\final_combined_datasets\PLUE\F\PLUE_F_039.jpg,Potato,F,uncontrolled,d0e869e38767922e,Fungi
Z:\Projects\Smart-Farming\Datasets\final_combined_datasets\PLUE\F\PLUE_F_040.jpg,Potato,F,uncontrolled,c7bd9e3d00c185f1,Fungi
Z:\Projects\Smart-Farming\Datasets\final_combined_datasets\PLUE\F\PLUE_F_041.jpg,Potato,F,uncontrolled,d5d03ad7949f2c21,Fungi
Z:\Projects\Smart-Farming\Datasets\final_combined_datasets\PLUE\F\PLUE_F_042.jpg,Potato,F,uncontrolled,c4128f7ef018e70f,Fungi
Z:\Projects\Smart-Farming\Datasets\final_combined_datasets\PLUE\F\PLUE_F_043.jpg,Potato,F,uncontrolled,f40ec9789c17b169,Fungi
Z:\Projects\Smart-Farming\Datasets\final_combined_datasets\PLUE\F\PLUE_F_044.jpg,Potato,F,uncontrolled,f1d0cee3cac6168a,Fungi
Z:\Projects\Smart-Farming\Datasets\final_combined_datasets\PLUE\F\PLUE_F_045.jpg,Potato,F,uncontrolled,876313f13423fa53,Fungi
Z:\Projects\Smart-Farming\Datasets\final_combined_datasets\PLUE\F\PLUE_F_046.jpg,Potato,F,uncontrolled,aa55238eb5969f90,Fungi
Z:\Projects\Smart-Farming\Datasets\final_combined_datasets\PLUE\F\PLUE_F_047.jpg,Potato,F,uncontrolled,d0ec27b21bafe884,Fungi
Z:\Projects\Smart-Farming\Datasets\final_combined_datasets\PLUE\F\PLUE_F_048.jpg,Potato,F,uncontrolled,f627f5d6408aa0d3,Fungi
Z:\Projects\Smart-Farming\Datasets\final_combined_datasets\PLUE\F\PLUE_F_049.jpg,Potato,F,uncontrolled,b826c9c3b51fe0f0,Fungi
Z:\Projects\Smart-Farming\Datasets\final_combined_datasets\PLUE\F\PLUE_F_050.jpg,Potato,F,uncontrolled,c050eeab1bc3d07e,Fungi
Z:\Projects\Smart-Farming\Datasets\final_combined_datasets\PLUE\F\PLUE_F_051.jpg,Potato,F,uncontrolled,fe94c64adca73092,Fungi
Z:\Projects\Smart-Farming\Datasets\final_combined_datasets\PLUE\F\PLUE_F_052.jpg,Potato,F,uncontrolled,e901217f6fa1b1c5,Fungi
Z:\Projects\Smart-Farming\Datasets\final_combined_datasets\PLUE\F\PLUE_F_053.jpg,Potato,F,uncontrolled,9f563199ecea9106,Fungi
Z:\Projects\Smart-Farming\Datasets\final_combined_datasets\PLUE\F\PLUE_F_054.jpg,Potato,F,uncontrolled,ce2c7a97ad9a2419,Fungi
Z:\Projects\Smart-Farming\Datasets\final_combined_datasets\PLUE\F\PLUE_F_055.jpg,Potato,F,uncontrolled,8e7ea8a2c292dba3,Fungi
Z:\Projects\Smart-Farming\Datasets\final_combined_datasets\PLUE\F\PLUE_F_056.jpg,Potato,F,uncontrolled,e0174abf830f6f60,Fungi
Z:\Projects\Smart-Farming\Datasets\final_combined_datasets\PLUE\F\PLUE_F_057.jpg,Potato,F,uncontrolled,da2c6d2961f2aa4e,Fungi
Z:\Projects\Smart-Farming\Datasets\final_combined_datasets\PLUE\F\PLUE_F_058.jpg,Potato,F,uncontrolled,aad46396dd69a4a2,Fungi
Z:\Projects\Smart-Farming\Datasets\final_combined_datasets\PLUE\F\PLUE_F_059.jpg,Potato,F,uncontrolled,86c7e7c2db90b82a,Fungi
Z:\Projects\Smart-Farming\Datasets\final_combined_datasets\PLUE\F\PLUE_F_060.jpg,Potato,F,uncontrolled,eccc45d19392b68e,Fungi
Z:\Projects\Smart-Farming\Datasets\final_combined_datasets\PLUE\F\PLUE_F_061.jpg,Potato,F,uncontrolled,822777f6306ddb08,Fungi
Z:\Projects\Smart-Farming\Datasets\final_combined_datasets\PLUE\F\PLUE_F_062.jpg,Potato,F,uncontrolled,95b59d8769da064c,Fungi
Z:\Projects\Smart-Farming\Datasets\final_combined_datasets\PLUE\F\PLUE_F_063.jpg,Potato,F,uncontrolled,9463a566cab09bd3,Fungi
Z:\Projects\Smart-Farming\Datasets\final_combined_datasets\PLUE\F\PLUE_F_065.jpg,Potato,F,uncontrolled,f1750acf948e701b,Fungi
Z:\Projects\Smart-Farming\Datasets\final_combined_datasets\PLUE\F\PLUE_F_066.jpg,Potato,F,uncontrolled,ac07335c0e4fee1a,Fungi
Z:\Projects\Smart-Farming\Datasets\final_combined_datasets\PLUE\F\PLUE_F_067.jpg,Potato,F,uncontrolled,fd7024c9f246472e,Fungi
Z:\Projects\Smart-Farming\Datasets\final_combined_datasets\PLUE\F\PLUE_F_068.jpg,Potato,F,uncontrolled,d8e0673ed031fcd0,Fungi
Z:\Projects\Smart-Farming\Datasets\final_combined_datasets\PLUE\F\PLUE_F_069.jpg,Potato,F,uncontrolled,cd8f6f40adb41e12,Fungi
Z:\Projects\Smart-Farming\Datasets\final_combined_datasets\PLUE\F\PLUE_F_070.jpg,Potato,F,uncontrolled,dece7e9fd810a060,Fungi
Z:\Projects\Smart-Farming\Datasets\final_combined_datasets\PLUE\F\PLUE_F_071.jpg,Potato,F,uncontrolled,8ee2f14ba0bbb885,Fungi
Z:\Projects\Smart-Farming\Datasets\final_combined_datasets\PLUE\F\PLUE_F_072.jpg,Potato,F,uncontrolled,dc806fc88f780a3f,Fungi
Z:\Projects\Smart-Farming\Datasets\final_combined_datasets\PLUE\F\PLUE_F_073.jpg,Potato,F,uncontrolled,df3e69660c2e9c11,Fungi
Z:\Projects\Smart-Farming\Datasets\final_combined_datasets\PLUE\F\PLUE_F_074.jpg,Potato,F,uncontrolled,bd9c878e8f389c14,Fungi
Z:\Projects\Smart-Farming\Datasets\final_combined_datasets\PLUE\F\PLUE_F_075.jpg,Potato,F,uncontrolled,dcbf37251103b32c,Fungi
Z:\Projects\Smart-Farming\Datasets\final_combined_datasets\PLUE\F\PLUE_F_076.jpg,Potato,F,uncontrolled,c68f489839b93957,Fungi
Z:\Projects\Smart-Farming\Datasets\final_combined_datasets\PLUE\F\PLUE_F_077.jpg,Potato,F,uncontrolled,94d8b494ba8dae2d,Fungi
Z:\Projects\Smart-Farming\Datasets\final_combined_datasets\PLUE\F\PLUE_F_078.jpg,Potato,F,uncontrolled,ea3c6406c6d98ccf,Fungi
Z:\Projects\Smart-Farming\Datasets\final_combined_datasets\PLUE\F\PLUE_F_079.jpg,Potato,F,uncontrolled,d40f79b6a158b1c9,Fungi
Z:\Projects\Smart-Farming\Datasets\final_combined_datasets\PLUE\F\PLUE_F_080.jpg,Potato,F,uncontrolled,96395af5458507ab,Fungi
Z:\Projects\Smart-Farming\Datasets\final_combined_datasets\PLUE\F\PLUE_F_081.jpg,Potato,F,uncontrolled,953f38b742a1ec0e,Fungi
Z:\Projects\Smart-Farming\Datasets\final_combined_datasets\PLUE\F\PLUE_F_082.jpg,Potato,F,uncontrolled,cf73702993888a7d,Fungi
Z:\Projects\Smart-Farming\Datasets\final_combined_datasets\PLUE\F\PLUE_F_083.jpg,Potato,F,uncontrolled,92f44992be9a4cd9,Fungi
Z:\Projects\Smart-Farming\Datasets\final_combined_datasets\PLUE\F\PLUE_F_084.jpg,Potato,F,uncontrolled,fc21689dc1c0e1fb,Fungi
Z:\Projects\Smart-Farming\Datasets\final_combined_datasets\PLUE\F\PLUE_F_085.jpg,Potato,F,uncontrolled,f887278fb2a0d253,Fungi
Z:\Projects\Smart-Farming\Datasets\final_combined_datasets\PLUE\F\PLUE_F_086.jpg,Potato,F,uncontrolled,e515e3ca629cf330,Fungi
Z:\Projects\Smart-Farming\Datasets\final_combined_datasets\PLUE\F\PLUE_F_087.jpg,Potato,F,uncontrolled,9e906135959eda6a,Fungi
Z:\Projects\Smart-Farming\Datasets\final_combined_datasets\PLUE\F\PLUE_F_088.jpg,Potato,F,uncontrolled,d6338fb0b087b386,Fungi
Z:\Projects\Smart-Farming\Datasets\final_combined_datasets\PLUE\F\PLUE_F_089.jpg,Potato,F,uncontrolled,b22a4b978d7295a9,Fungi
Z:\Projects\Smart-Farming\Datasets\final_combined_datasets\PLUE\F\PLUE_F_090.jpg,Potato,F,uncontrolled,acc696958ca2333f,Fungi
Z:\Projects\Smart-Farming\Datasets\final_combined_datasets\PLUE\F\PLUE_F_091.jpg,Potato,F,uncontrolled,ac8cf85ad233666c,Fungi
Z:\Projects\Smart-Farming\Datasets\final_combined_datasets\PLUE\F\PLUE_F_092.jpg,Potato,F,uncontrolled,aac1b49bde10abc3,Fungi
Z:\Projects\Smart-Farming\Datasets\final_combined_datasets\PLUE\F\PLUE_F_093.jpg,Potato,F,uncontrolled,c31cd7acaa5c3293,Fungi
Z:\Projects\Smart-Farming\Datasets\final_combined_datasets\PLUE\F\PLUE_F_094.jpg,Potato,F,uncontrolled,cc33d857d9638362,Fungi
Z:\Projects\Smart-Farming\Datasets\final_combined_datasets\PLUE\F\PLUE_F_095.jpg,Potato,F,uncontrolled,c70e6c25649ff720,Fungi
Z:\Projects\Smart-Farming\Datasets\final_combined_datasets\PLUE\F\PLUE_F_096.jpg,Potato,F,uncontrolled,8f65c6af98791819,Fungi
Z:\Projects\Smart-Farming\Datasets\final_combined_datasets\PLUE\F\PLUE_F_097.jpg,Potato,F,uncontrolled,d02fe6789811f60f,Fungi
Z:\Projects\Smart-Farming\Datasets\final_combined_datasets\PLUE\F\PLUE_F_098.jpg,Potato,F,uncontrolled,f8a686ad742c6257,Fungi
Z:\Projects\Smart-Farming\Datasets\final_combined_datasets\PLUE\F\PLUE_F_099.jpg,Potato,F,uncontrolled,fe9a819a8c61b1ad,Fungi
Z:\Projects\Smart-Farming\Datasets\final_combined_datasets\PLUE\F\PLUE_F_100.jpg,Potato,F,uncontrolled,c0a3db4a4fe0e90f,Fungi
Z:\Projects\Smart-Farming\Datasets\final_combined_datasets\PLUE\F\PLUE_F_101.jpg,Potato,F,uncontrolled,f93a8e38347626e4,Fungi
Z:\Projects\Smart-Farming\Datasets\final_combined_datasets\PLUE\F\PLUE_F_102.jpg,Potato,F,uncontrolled,fa017dc6c12cbcf0,Fungi
Z:\Projects\Smart-Farming\Datasets\final_combined_datasets\PLUE\F\PLUE_F_103.jpg,Potato,F,uncontrolled,bd97646374d48d28,Fungi
Z:\Projects\Smart-Farming\Datasets\final_combined_datasets\PLUE\F\PLUE_F_104.jpg,Potato,F,uncontrolled,f619c18ee7606ea1,Fungi
Z:\Projects\Smart-Farming\Datasets\final_combined_datasets\PLUE\F\PLUE_F_105.jpg,Potato,F,uncontrolled,838be1e9b49a963a,Fungi
Z:\Projects\Smart-Farming\Datasets\final_combined_datasets\PLUE\F\PLUE_F_106.jpg,Potato,F,uncontrolled,c8b415ca955da2bd,Fungi
Z:\Projects\Smart-Farming\Datasets\final_combined_datasets\PLUE\F\PLUE_F_107.jpg,Potato,F,uncontrolled,d5407d34b5520bdd,Fungi
Z:\Projects\Smart-Farming\Datasets\final_combined_datasets\PLUE\F\PLUE_F_108.jpg,Potato,F,uncontrolled,dc296ad4a5da520f,Fungi
Z:\Projects\Smart-Farming\Datasets\final_combined_datasets\PLUE\F\PLUE_F_109.jpg,Potato,F,uncontrolled,d72768c1251c967b,Fungi
Z:\Projects\Smart-Farming\Datasets\final_combined_datasets\PLUE\F\PLUE_F_110.jpg,Potato,F,uncontrolled,d5016a79e067fc4c,Fungi
Z:\Projects\Smart-Farming\Datasets\final_combined_datasets\PLUE\H\PLUE_H_001.jpg,Potato,H,uncontrolled,e27867079e391867,Healthy
Z:\Projects\Smart-Farming\Datasets\final_combined_datasets\PLUE\H\PLUE_H_002.jpg,Potato,H,uncontrolled,d0e869d1c58fcc4d,Healthy
Z:\Projects\Smart-Farming\Datasets\final_combined_datasets\PLUE\H\PLUE_H_003.jpg,Potato,H,uncontrolled,e262c79c8438cb7d,Healthy
Z:\Projects\Smart-Farming\Datasets\final_combined_datasets\PLUE\H\PLUE_H_004.jpg,Potato,H,uncontrolled,b876e1c73085b69c,Healthy
Z:\Projects\Smart-Farming\Datasets\final_combined_datasets\PLUE\H\PLUE_H_005.jpg,Potato,H,uncontrolled,813463c2f19fd6a5,Healthy
Z:\Projects\Smart-Farming\Datasets\final_combined_datasets\PLUE\H\PLUE_H_006.jpg,Potato,H,uncontrolled,d63265d7858a98d5,Healthy
Z:\Projects\Smart-Farming\Datasets\final_combined_datasets\PLUE\H\PLUE_H_007.jpg,Potato,H,uncontrolled,ca5d70a5b19a17a3,Healthy
Z:\Projects\Smart-Farming\Datasets\final_combined_datasets\PLUE\H\PLUE_H_009.jpg,Potato,H,uncontrolled,871f9e0f6984ecd0,Healthy
Z:\Projects\Smart-Farming\Datasets\final_combined_datasets\PLUE\H\PLUE_H_010.jpg,Potato,H,uncontrolled,e1116d389ca9db56,Healthy
Z:\Projects\Smart-Farming\Datasets\final_combined_datasets\PLUE\H\PLUE_H_011.jpg,Potato,H,uncontrolled,fa4aca5e57684274,Healthy
Z:\Projects\Smart-Farming\Datasets\final_combined_datasets\PLUE\H\PLUE_H_012.jpg,Potato,H,uncontrolled,d5a59a2aab6e229a,Healthy
Z:\Projects\Smart-Farming\Datasets\final_combined_datasets\PLUE\H\PLUE_H_013.jpg,Potato,H,uncontrolled,c2315619754eece9,Healthy
Z:\Projects\Smart-Farming\Datasets\final_combined_datasets\PLUE\H\PLUE_H_014.jpg,Potato,H,uncontrolled,c6be67d22c49358a,Healthy
Z:\Projects\Smart-Farming\Datasets\final_combined_datasets\PLUE\H\PLUE_H_015.jpg,Potato,H,uncontrolled,c163e629b2455de5,Healthy
Z:\Projects\Smart-Farming\Datasets\final_combined_datasets\PLUE\H\PLUE_H_016.jpg,Potato,H,uncontrolled,d19563119df7085e,Healthy
Z:\Projects\Smart-Farming\Datasets\final_combined_datasets\PLUE\H\PLUE_H_017.jpg,Potato,H,uncontrolled,c3c8653c16c2fbb4,Healthy
Z:\Projects\Smart-Farming\Datasets\final_combined_datasets\PLUE\H\PLUE_H_018.jpg,Potato,H,uncontrolled,9044e169b5d73e33,Healthy
Z:\Projects\Smart-Farming\Datasets\final_combined_datasets\PLUE\H\PLUE_H_019.jpg,Potato,H,uncontrolled,c2b6ab8eb545874c,Healthy
Z:\Projects\Smart-Farming\Datasets\final_combined_datasets\PLUE\H\PLUE_H_020.jpg,Potato,H,uncontrolled,caaf4daa104fa749,Healthy
Z:\Projects\Smart-Farming\Datasets\final_combined_datasets\PLUE\H\PLUE_H_021.jpg,Potato,H,uncontrolled,c052b2c7aa3617f9,Healthy
Z:\Projects\Smart-Farming\Datasets\final_combined_datasets\PLUE\H\PLUE_H_022.jpg,Potato,H,uncontrolled,c6f039c1e09507fe,Healthy
Z:\Projects\Smart-Farming\Datasets\final_combined_datasets\PLUE\H\PLUE_H_023.jpg,Potato,H,uncontrolled,8c723eb7a6d6c0c8,Healthy
Z:\Projects\Smart-Farming\Datasets\final_combined_datasets\PLUE\H\PLUE_H_024.jpg,Potato,H,uncontrolled,c63f38f1a9424eca,Healthy
Z:\Projects\Smart-Farming\Datasets\final_combined_datasets\PLUE\H\PLUE_H_025.jpg,Potato,H,uncontrolled,db6838b3a8cbe452,Healthy
Z:\Projects\Smart-Farming\Datasets\final_combined_datasets\PLUE\H\PLUE_H_026.jpg,Potato,H,uncontrolled,870b6b7017d65e8a,Healthy
Z:\Projects\Smart-Farming\Datasets\final_combined_datasets\PLUE\H\PLUE_H_027.jpg,Potato,H,uncontrolled,c8cd315a9f41743e,Healthy
Z:\Projects\Smart-Farming\Datasets\final_combined_datasets\PLUE\H\PLUE_H_028.jpg,Potato,H,uncontrolled,d1cf6d2764704aa6,Healthy
Z:\Projects\Smart-Farming\Datasets\final_combined_datasets\PLUE\H\PLUE_H_029.jpg,Potato,H,uncontrolled,cc352367c5d09f89,Healthy
Z:\Projects\Smart-Farming\Datasets\final_combined_datasets\PLUE\H\PLUE_H_030.jpg,Potato,H,uncontrolled,c489a6d9ae503f96,Healthy
Z:\Projects\Smart-Farming\Datasets\final_combined_datasets\PLUE\H\PLUE_H_031.jpg,Potato,H,uncontrolled,ea427aa6f0f0b1d1,Healthy
Z:\Projects\Smart-Farming\Datasets\final_combined_datasets\PLUE\H\PLUE_H_032.jpg,Potato,H,uncontrolled,ff3280768843fc87,Healthy
Z:\Projects\Smart-Farming\Datasets\final_combined_datasets\PLUE\H\PLUE_H_033.jpg,Potato,H,uncontrolled,cf6e5c0835ce9c38,Healthy
Z:\Projects\Smart-Farming\Datasets\final_combined_datasets\PLUE\H\PLUE_H_034.jpg,Potato,H,uncontrolled,de52d49692968bb4,Healthy
Z:\Projects\Smart-Farming\Datasets\final_combined_datasets\PLUE\H\PLUE_H_035.jpg,Potato,H,uncontrolled,ed50fcb4c59649a1,Healthy
Z:\Projects\Smart-Farming\Datasets\final_combined_datasets\PLUE\H\PLUE_H_036.jpg,Potato,H,uncontrolled,d71e32dbc849392a,Healthy
Z:\Projects\Smart-Farming\Datasets\final_combined_datasets\PLUE\H\PLUE_H_037.jpg,Potato,H,uncontrolled,cb197c713593832e,Healthy
Z:\Projects\Smart-Farming\Datasets\final_combined_datasets\PLUE\H\PLUE_H_038.jpg,Potato,H,uncontrolled,ca8432cd8f3c7963,Healthy
Z:\Projects\Smart-Farming\Datasets\final_combined_datasets\PLUE\H\PLUE_H_039.jpg,Potato,H,uncontrolled,8eac10973b7541db,Healthy
Z:\Projects\Smart-Farming\Datasets\final_combined_datasets\PLUE\H\PLUE_H_040.jpg,Potato,H,uncontrolled,db21a5bf31233f20,Healthy
Z:\Projects\Smart-Farming\Datasets\final_combined_datasets\PLUE\H\PLUE_H_041.jpg,Potato,H,uncontrolled,cfc422edccc00b5f,Healthy
Z:\Projects\Smart-Farming\Datasets\final_combined_datasets\PLUE\H\PLUE_H_042.jpg,Potato,H,uncontrolled,8aa63fd72c30354d,Healthy
Z:\Projects\Smart-Farming\Datasets\final_combined_datasets\PLUE\H\PLUE_H_043.jpg,Potato,H,uncontrolled,cae32a67678e9e10,Healthy
Z:\Projects\Smart-Farming\Datasets\final_combined_datasets\PLUE\H\PLUE_H_044.jpg,Potato,H,uncontrolled,dc4a6d95129b31a7,Healthy
Z:\Projects\Smart-Farming\Datasets\final_combined_datasets\PLUE\H\PLUE_H_045.jpg,Potato,H,uncontrolled,f5ca469d4a9559d0,Healthy
Z:\Projects\Smart-Farming\Datasets\final_combined_datasets\PLUE\H\PLUE_H_046.jpg,Potato,H,uncontrolled,b55a748f42ad5329,Healthy
Z:\Projects\Smart-Farming\Datasets\final_combined_datasets\PLUE\H\PLUE_H_047.jpg,Potato,H,uncontrolled,d6f435ac71748934,Healthy
Z:\Projects\Smart-Farming\Datasets\final_combined_datasets\PLUE\H\PLUE_H_048.jpg,Potato,H,uncontrolled,e1e3c10c8be8a5f5,Healthy
Z:\Projects\Smart-Farming\Datasets\final_combined_datasets\PLUE\H\PLUE_H_049.jpg,Potato,H,uncontrolled,d823aad3a49da595,Healthy
Z:\Projects\Smart-Farming\Datasets\final_combined_datasets\PLUE\H\PLUE_H_050.jpg,Potato,H,uncontrolled,d178aa70bf43f182,Healthy
Z:\Projects\Smart-Farming\Datasets\final_combined_datasets\PLUE\H\PLUE_H_051.jpg,Potato,H,uncontrolled,d62dd2248a5655d7,Healthy
Z:\Projects\Smart-Farming\Datasets\final_combined_datasets\PLUE\H\PLUE_H_052.jpg,Potato,H,uncontrolled,cf511a679e36a116,Healthy
Z:\Projects\Smart-Farming\Datasets\final_combined_datasets\PLUE\H\PLUE_H_053.jpg,Potato,H,uncontrolled,c12f33923295f959,Healthy
Z:\Projects\Smart-Farming\Datasets\final_combined_datasets\PLUE\H\PLUE_H_054.jpg,Potato,H,uncontrolled,d5bc688a6529727c,Healthy
Z:\Projects\Smart-Farming\Datasets\final_combined_datasets\PLUE\H\PLUE_H_055.jpg,Potato,H,uncontrolled,c82e5e4c1cc9c3eb,Healthy
Z:\Projects\Smart-Farming\Datasets\final_combined_datasets\PLUE\H\PLUE_H_056.jpg,Potato,H,uncontrolled,a88b87b9dc39a171,Healthy
Z:\Projects\Smart-Farming\Datasets\final_combined_datasets\PLUE\H\PLUE_H_057.jpg,Potato,H,uncontrolled,e88a8789de3da961,Healthy
Z:\Projects\Smart-Farming\Datasets\final_combined_datasets\PLUE\H\PLUE_H_058.jpg,Potato,H,uncontrolled,adebc3a0cb52098f,Healthy
Z:\Projects\Smart-Farming\Datasets\final_combined_datasets\PLUE\H\PLUE_H_059.jpg,Potato,H,uncontrolled,dbcb701db5388730,Healthy
Z:\Projects\Smart-Farming\Datasets\final_combined_datasets\PLUE\H\PLUE_H_060.jpg,Potato,H,uncontrolled,dd0a6bb474526ce2,Healthy
Z:\Projects\Smart-Farming\Datasets\final_combined_datasets\PLUE\H\PLUE_H_061.jpg,Potato,H,uncontrolled,cf4f6d9f043c4ac0,Healthy
Z:\Projects\Smart-Farming\Datasets\final_combined_datasets\PLUE\H\PLUE_H_062.jpg,Potato,H,uncontrolled,d0606532f5eb3c1d,Healthy
Z:\Projects\Smart-Farming\Datasets\final_combined_datasets\PLUE\H\PLUE_H_063.jpg,Potato,H,uncontrolled,dd12691d55c1b8ab,Healthy
Z:\Projects\Smart-Farming\Datasets\final_combined_datasets\PLUE\H\PLUE_H_064.jpg,Potato,H,uncontrolled,ff7f10808179bb81,Healthy
Z:\Projects\Smart-Farming\Datasets\final_combined_datasets\PLUE\H\PLUE_H_065.jpg,Potato,H,uncontrolled,e7e63e95a8b53090,Healthy
Z:\Projects\Smart-Farming\Datasets\final_combined_datasets\PLUE\H\PLUE_H_066.jpg,Potato,H,uncontrolled,a722df821beb9321,Healthy
Z:\Projects\Smart-Farming\Datasets\final_combined_datasets\PLUE\H\PLUE_H_067.jpg,Potato,H,uncontrolled,ff63e2071538383a,Healthy
Z:\Projects\Smart-Farming\Datasets\final_combined_datasets\PLUE\H\PLUE_H_068.jpg,Potato,H,uncontrolled,b4b515d5d1d8d8c8,Healthy
Z:\Projects\Smart-Farming\Datasets\final_combined_datasets\PLUE\H\PLUE_H_069.jpg,Potato,H,uncontrolled,eaf08ad538706b27,Healthy
Z:\Projects\Smart-Farming\Datasets\final_combined_datasets\PLUE\H\PLUE_H_070.jpg,Potato,H,uncontrolled,fab8bca1f05700da,Healthy
Z:\Projects\Smart-Farming\Datasets\final_combined_datasets\PLUE\H\PLUE_H_071.jpg,Potato,H,uncontrolled,aa812fc5e5f861f0,Healthy
Z:\Projects\Smart-Farming\Datasets\final_combined_datasets\PLUE\H\PLUE_H_072.jpg,Potato,H,uncontrolled,ab13bef7a0a01f88,Healthy
Z:\Projects\Smart-Farming\Datasets\final_combined_datasets\PLUE\H\PLUE_H_073.jpg,Potato,H,uncontrolled,f92169c3cfc78c18,Healthy
Z:\Projects\Smart-Farming\Datasets\final_combined_datasets\PLUE\H\PLUE_H_074.jpg,Potato,H,uncontrolled,aa80bcd5f454075f,Healthy
Z:\Projects\Smart-Farming\Datasets\final_combined_datasets\PLUE\H\PLUE_H_075.jpg,Potato,H,uncontrolled,aa15fcd0f00a1cfe,Healthy
Z:\Projects\Smart-Farming\Datasets\final_combined_datasets\PLUE\H\PLUE_H_076.jpg,Potato,H,uncontrolled,ee7b618137d58710,Healthy
Z:\Projects\Smart-Farming\Datasets\final_combined_datasets\PLUE\H\PLUE_H_077.jpg,Potato,H,uncontrolled,eac4e60f2c3cc8e9,Healthy
Z:\Projects\Smart-Farming\Datasets\final_combined_datasets\PLUE\H\PLUE_H_078.jpg,Potato,H,uncontrolled,e16be584069e5ada,Healthy
Z:\Projects\Smart-Farming\Datasets\final_combined_datasets\PLUE\H\PLUE_H_079.jpg,Potato,H,uncontrolled,ac749dd2987a5c64,Healthy
Z:\Projects\Smart-Farming\Datasets\final_combined_datasets\PLUE\H\PLUE_H_080.jpg,Potato,H,uncontrolled,f333a70f168d1a26,Healthy
Z:\Projects\Smart-Farming\Datasets\final_combined_datasets\PLUE\H\PLUE_H_081.jpg,Potato,H,uncontrolled,b5b3d063232edec0,Healthy
Z:\Projects\Smart-Farming\Datasets\final_combined_datasets\PLUE\H\PLUE_H_082.jpg,Potato,H,uncontrolled,eaa0f187c51f1d98,Healthy
Z:\Projects\Smart-Farming\Datasets\final_combined_datasets\PLUE\H\PLUE_H_083.jpg,Potato,H,uncontrolled,ee153ad185885dba,Healthy
Z:\Projects\Smart-Farming\Datasets\final_combined_datasets\PLUE\H\PLUE_H_084.jpg,Potato,H,uncontrolled,ea05a81e871ab5fc,Healthy
Z:\Projects\Smart-Farming\Datasets\final_combined_datasets\PLUE\H\PLUE_H_085.jpg,Potato,H,uncontrolled,a1cfe74edc1c11a4,Healthy
Z:\Projects\Smart-Farming\Datasets\final_combined_datasets\PLUE\H\PLUE_H_086.jpg,Potato,H,uncontrolled,c0543cf8bc941cfd,Healthy
Z:\Projects\Smart-Farming\Datasets\final_combined_datasets\PLUE\H\PLUE_H_087.jpg,Potato,H,uncontrolled,ca070ffe78811997,Healthy
Z:\Projects\Smart-Farming\Datasets\final_combined_datasets\PLUE\H\PLUE_H_088.jpg,Potato,H,uncontrolled,e89e271eb6325623,Healthy
Z:\Projects\Smart-Farming\Datasets\final_combined_datasets\PLUE\H\PLUE_H_089.jpg,Potato,H,uncontrolled,e6a7f410920bdb72,Healthy
Z:\Projects\Smart-Farming\Datasets\final_combined_datasets\PLUE\H\PLUE_H_090.jpg,Potato,H,uncontrolled,d0a16f162edab26c,Healthy
Z:\Projects\Smart-Farming\Datasets\final_combined_datasets\PLUE\H\PLUE_H_091.jpg,Potato,H,uncontrolled,ca06a17db7be3114,Healthy
Z:\Projects\Smart-Farming\Datasets\final_combined_datasets\PLUE\H\PLUE_H_092.jpg,Potato,H,uncontrolled,c02daf6ef4526e12,Healthy
Z:\Projects\Smart-Farming\Datasets\final_combined_datasets\PLUE\H\PLUE_H_093.jpg,Potato,H,uncontrolled,e6814c91adb37ca6,Healthy
Z:\Projects\Smart-Farming\Datasets\final_combined_datasets\PLUE\H\PLUE_H_094.jpg,Potato,H,uncontrolled,f942f383b861cd19,Healthy
Z:\Projects\Smart-Farming\Datasets\final_combined_datasets\PLUE\H\PLUE_H_095.jpg,Potato,H,uncontrolled,eda57b828a1294bb,Healthy
Z:\Projects\Smart-Farming\Datasets\final_combined_datasets\PLUE\H\PLUE_H_096.jpg,Potato,H,uncontrolled,d9c32ee08699da99,Healthy
Z:\Projects\Smart-Farming\Datasets\final_combined_datasets\PLUE\H\PLUE_H_097.jpg,Potato,H,uncontrolled,9a304ab993d55dc9,Healthy
Z:\Projects\Smart-Farming\Datasets\final_combined_datasets\PLUE\H\PLUE_H_098.jpg,Potato,H,uncontrolled,dd34f287d6bd08c0,Healthy
Z:\Projects\Smart-Farming\Datasets\final_combined_datasets\PLUE\H\PLUE_H_099.jpg,Potato,H,uncontrolled,c43a7482278b76dd,Healthy
Z:\Projects\Smart-Farming\Datasets\final_combined_datasets\PLUE\H\PLUE_H_100.jpg,Potato,H,uncontrolled,cb011df594dc4ecc,Healthy
Z:\Projects\Smart-Farming\Datasets\final_combined_datasets\PLUE\H\PLUE_H_101.jpg,Potato,H,uncontrolled,c6792e25baeb144a,Healthy
Z:\Projects\Smart-Farming\Datasets\final_combined_datasets\PLUE\H\PLUE_H_102.jpg,Potato,H,uncontrolled,9e1d739acf342e08,Healthy
Z:\Projects\Smart-Farming\Datasets\final_combined_datasets\PLUE\H\PLUE_H_103.jpg,Potato,H,uncontrolled,da0f7f5e2870b029,Healthy
Z:\Projects\Smart-Farming\Datasets\final_combined_datasets\PLUE\H\PLUE_H_104.jpg,Potato,H,uncontrolled,cf5314978303e17d,Healthy
Z:\Projects\Smart-Farming\Datasets\final_combined_datasets\PLUE\H\PLUE_H_105.jpg,Potato,H,uncontrolled,88882d67b5d6365e,Healthy
Z:\Projects\Smart-Farming\Datasets\final_combined_datasets\PLUE\H\PLUE_H_106.jpg,Potato,H,uncontrolled,969a931b2fd89c8c,Healthy
Z:\Projects\Smart-Farming\Datasets\final_combined_datasets\PLUE\H\PLUE_H_107.jpg,Potato,H,uncontrolled,8f8ba82390cb6d3e,Healthy
Z:\Projects\Smart-Farming\Datasets\final_combined_datasets\PLUE\H\PLUE_H_108.jpg,Potato,H,uncontrolled,c5b19db9692b6d20,Healthy
Z:\Projects\Smart-Farming\Datasets\final_combined_datasets\PLUE\H\PLUE_H_109.jpg,Potato,H,uncontrolled,ea46a0ab1597a5d5,Healthy
Z:\Projects\Smart-Farming\Datasets\final_combined_datasets\PLUE\H\PLUE_H_110.jpg,Potato,H,uncontrolled,e337628edb4286ac,Healthy
Z:\Projects\Smart-Farming\Datasets\final_combined_datasets\PLUE\H\PLUE_H_111.jpg,Potato,H,uncontrolled,fcef289150d1c273,Healthy
Z:\Projects\Smart-Farming\Datasets\final_combined_datasets\PLUE\H\PLUE_H_112.jpg,Potato,H,uncontrolled,d7f236fb68ec2080,Healthy
Z:\Projects\Smart-Farming\Datasets\final_combined_datasets\PLUE\H\PLUE_H_113.jpg,Potato,H,uncontrolled,e470ee288c9719f3,Healthy
Z:\Projects\Smart-Farming\Datasets\final_combined_datasets\PLUE\H\PLUE_H_114.jpg,Potato,H,uncontrolled,d54273c7a0c7c61e,Healthy
Z:\Projects\Smart-Farming\Datasets\final_combined_datasets\PLUE\H\PLUE_H_115.jpg,Potato,H,uncontrolled,eddcef3dca889001,Healthy
Z:\Projects\Smart-Farming\Datasets\final_combined_datasets\PLUE\H\PLUE_H_116.jpg,Potato,H,uncontrolled,9292369e555d6d16,Healthy
Z:\Projects\Smart-Farming\Datasets\final_combined_datasets\PLUE\H\PLUE_H_117.jpg,Potato,H,uncontrolled,d20d631ceeb91c71,Healthy
Z:\Projects\Smart-Farming\Datasets\final_combined_datasets\PLUE\H\PLUE_H_118.jpg,Potato,H,uncontrolled,d0626ae4de5ec171,Healthy
Z:\Projects\Smart-Farming\Datasets\final_combined_datasets\PLUE\H\PLUE_H_119.jpg,Potato,H,uncontrolled,e458bea0cd902ddb,Healthy
Z:\Projects\Smart-Farming\Datasets\final_combined_datasets\PLUE\H\PLUE_H_120.jpg,Potato,H,uncontrolled,d6c05a96ad0b36cd,Healthy
Z:\Projects\Smart-Farming\Datasets\final_combined_datasets\PLUE\H\PLUE_H_121.jpg,Potato,H,uncontrolled,b5a7bc5864943659,Healthy
Z:\Projects\Smart-Farming\Datasets\final_combined_datasets\PLUE\H\PLUE_H_122.jpg,Potato,H,uncontrolled,d87cfa3c55363842,Healthy
Z:\Projects\Smart-Farming\Datasets\final_combined_datasets\PLUE\H\PLUE_H_123.jpg,Potato,H,uncontrolled,d2ed6b9ab00b1758,Healthy
Z:\Projects\Smart-Farming\Datasets\final_combined_datasets\PLUE\H\PLUE_H_124.jpg,Potato,H,uncontrolled,ffa0ea809e874c5c,Healthy
Z:\Projects\Smart-Farming\Datasets\final_combined_datasets\PLUE\H\PLUE_H_125.jpg,Potato,H,uncontrolled,aa17a09f955e925a,Healthy
Z:\Projects\Smart-Farming\Datasets\final_combined_datasets\PLUE\H\PLUE_H_126.jpg,Potato,H,uncontrolled,d75495e400e5ff41,Healthy
Z:\Projects\Smart-Farming\Datasets\final_combined_datasets\PLUE\H\PLUE_H_127.jpg,Potato,H,uncontrolled,c2d5b07e14aada2d,Healthy
Z:\Projects\Smart-Farming\Datasets\final_combined_datasets\PLUE\H\PLUE_H_128.jpg,Potato,H,uncontrolled,f10fe122c2605f77,Healthy
Z:\Projects\Smart-Farming\Datasets\final_combined_datasets\PLUE\H\PLUE_H_129.jpg,Potato,H,uncontrolled,c7423c3bdee1d821,Healthy
Z:\Projects\Smart-Farming\Datasets\final_combined_datasets\PLUE\H\PLUE_H_130.jpg,Potato,H,uncontrolled,c665674e5c585a59,Healthy
Z:\Projects\Smart-Farming\Datasets\final_combined_datasets\PLUE\H\PLUE_H_131.jpg,Potato,H,uncontrolled,d9ae48de9829d839,Healthy
Z:\Projects\Smart-Farming\Datasets\final_combined_datasets\PLUE\H\PLUE_H_132.jpg,Potato,H,uncontrolled,d8584d63bd999ca1,Healthy
Z:\Projects\Smart-Farming\Datasets\final_combined_datasets\PLUE\H\PLUE_H_133.jpg,Potato,H,uncontrolled,cb974e9e3c488c35,Healthy
Z:\Projects\Smart-Farming\Datasets\final_combined_datasets\PLUE\H\PLUE_H_134.jpg,Potato,H,uncontrolled,d8783132bb25a2ee,Healthy
Z:\Projects\Smart-Farming\Datasets\final_combined_datasets\PLUE\H\PLUE_H_135.jpg,Potato,H,uncontrolled,dc30e1439887be7c,Healthy
Z:\Projects\Smart-Farming\Datasets\final_combined_datasets\PLUE\H\PLUE_H_136.jpg,Potato,H,uncontrolled,d94fee250190659f,Healthy
Z:\Projects\Smart-Farming\Datasets\final_combined_datasets\PLUE\H\PLUE_H_137.jpg,Potato,H,uncontrolled,de626a2aa3c2f196,Healthy
Z:\Projects\Smart-Farming\Datasets\final_combined_datasets\PLUE\H\PLUE_H_138.jpg,Potato,H,uncontrolled,ea39bc863709f80d,Healthy
Z:\Projects\Smart-Farming\Datasets\final_combined_datasets\PLUE\H\PLUE_H_139.jpg,Potato,H,uncontrolled,c15868b83ff0af13,Healthy
Z:\Projects\Smart-Farming\Datasets\final_combined_datasets\PLUE\H\PLUE_H_140.jpg,Potato,H,uncontrolled,cfcfcc0c946c7071,Healthy
Z:\Projects\Smart-Farming\Datasets\final_combined_datasets\PLUE\H\PLUE_H_141.jpg,Potato,H,uncontrolled,ea275c2a25da5535,Healthy
Z:\Projects\Smart-Farming\Datasets\final_combined_datasets\PLUE\H\PLUE_H_142.jpg,Potato,H,uncontrolled,e9255d6baa8a1695,Healthy
Z:\Projects\Smart-Farming\Datasets\final_combined_datasets\PLUE\H\PLUE_H_143.jpg,Potato,H,uncontrolled,e83667da35a9864c,Healthy
Z:\Projects\Smart-Farming\Datasets\final_combined_datasets\PLUE\H\PLUE_H_144.jpg,Potato,H,uncontrolled,ef8e568a902c9a75,Healthy
Z:\Projects\Smart-Farming\Datasets\final_combined_datasets\PLUE\H\PLUE_H_145.jpg,Potato,H,uncontrolled,ac2374b12ae946bd,Healthy
Z:\Projects\Smart-Farming\Datasets\final_combined_datasets\PLUE\H\PLUE_H_146.jpg,Potato,H,uncontrolled,80e81b9cff17219e,Healthy
Z:\Projects\Smart-Farming\Datasets\final_combined_datasets\PLUE\H\PLUE_H_147.jpg,Potato,H,uncontrolled,87257085d11f6fca,Healthy
Z:\Projects\Smart-Farming\Datasets\final_combined_datasets\PLUE\H\PLUE_H_148.jpg,Potato,H,uncontrolled,8b2779b146729e2c,Healthy
Z:\Projects\Smart-Farming\Datasets\final_combined_datasets\PLUE\H\PLUE_H_149.jpg,Potato,H,uncontrolled,cafa2095ad66984f,Healthy
Z:\Projects\Smart-Farming\Datasets\final_combined_datasets\PLUE\H\PLUE_H_150.jpg,Potato,H,uncontrolled,c2986789e3cf7360,Healthy
Z:\Projects\Smart-Farming\Datasets\final_combined_datasets\PLUE\H\PLUE_H_151.jpg,Potato,H,uncontrolled,daf166c8f4d1a605,Healthy
Z:\Projects\Smart-Farming\Datasets\final_combined_datasets\PLUE\H\PLUE_H_152.jpg,Potato,H,uncontrolled,b11738cfc1ecc307,Healthy
Z:\Projects\Smart-Farming\Datasets\final_combined_datasets\PLUE\H\PLUE_H_153.jpg,Potato,H,uncontrolled,c0a137268f74fe23,Healthy
Z:\Projects\Smart-Farming\Datasets\final_combined_datasets\PLUE\H\PLUE_H_154.jpg,Potato,H,uncontrolled,c4986fc46ee29723,Healthy
Z:\Projects\Smart-Farming\Datasets\final_combined_datasets\PLUE\H\PLUE_H_155.jpg,Potato,H,uncontrolled,9c06381bf5f8a369,Healthy
Z:\Projects\Smart-Farming\Datasets\final_combined_datasets\PLUE\H\PLUE_H_156.jpg,Potato,H,uncontrolled,c87feb11b7682918,Healthy
Z:\Projects\Smart-Farming\Datasets\final_combined_datasets\PLUE\H\PLUE_H_157.jpg,Potato,H,uncontrolled,dcc1f54d1c41517d,Healthy
Z:\Projects\Smart-Farming\Datasets\final_combined_datasets\PLUE\H\PLUE_H_158.jpg,Potato,H,uncontrolled,9410cdd7934e6673,Healthy
Z:\Projects\Smart-Farming\Datasets\final_combined_datasets\PLUE\H\PLUE_H_159.jpg,Potato,H,uncontrolled,f83026af8f974193,Healthy
Z:\Projects\Smart-Farming\Datasets\final_combined_datasets\PLUE\H\PLUE_H_160.jpg,Potato,H,uncontrolled,ce746c8787cac24d,Healthy
Z:\Projects\Smart-Farming\Datasets\final_combined_datasets\PLUE\H\PLUE_H_161.jpg,Potato,H,uncontrolled,d28a2ef51e82955d,Healthy
Z:\Projects\Smart-Farming\Datasets\final_combined_datasets\PLUE\H\PLUE_H_162.jpg,Potato,H,uncontrolled,d8173ec99b604f38,Healthy
Z:\Projects\Smart-Farming\Datasets\final_combined_datasets\PLUE\H\PLUE_H_163.jpg,Potato,H,uncontrolled,d0cc6d87a4d27b85,Healthy
Z:\Projects\Smart-Farming\Datasets\final_combined_datasets\PLUE\H\PLUE_H_164.jpg,Potato,H,uncontrolled,c058386013ebfbcf,Healthy
Z:\Projects\Smart-Farming\Datasets\final_combined_datasets\PLUE\H\PLUE_H_165.jpg,Potato,H,uncontrolled,c0295f1f9cdc9495,Healthy
Z:\Projects\Smart-Farming\Datasets\final_combined_datasets\PLUE\H\PLUE_H_166.jpg,Potato,H,uncontrolled,df8e20ad72fc1382,Healthy
Z:\Projects\Smart-Farming\Datasets\final_combined_datasets\PLUE\H\PLUE_H_167.jpg,Potato,H,uncontrolled,9e69305c26cbcec9,Healthy
Z:\Projects\Smart-Farming\Datasets\final_combined_datasets\PLUE\H\PLUE_H_168.JPG,Potato,H,uncontrolled,c067959bc3389ed8,Healthy
Z:\Projects\Smart-Farming\Datasets\final_combined_datasets\PLUE\H\PLUE_H_169.JPG,Potato,H,uncontrolled,d2f1ec371c0638f4,Healthy
Z:\Projects\Smart-Farming\Datasets\final_combined_datasets\PLUE\H\PLUE_H_170.JPG,Potato,H,uncontrolled,e3b88e499ed75222,Healthy
Z:\Projects\Smart-Farming\Datasets\final_combined_datasets\PLUE\H\PLUE_H_171.JPG,Potato,H,uncontrolled,d79eaab1b980a193,Healthy
Z:\Projects\Smart-Farming\Datasets\final_combined_datasets\PLUE\H\PLUE_H_172.JPG,Potato,H,uncontrolled,a85269d08b5d52bf,Healthy
Z:\Projects\Smart-Farming\Datasets\final_combined_datasets\PLUE\H\PLUE_H_173.JPG,Potato,H,uncontrolled,bfcbcac2a014355d,Healthy
Z:\Projects\Smart-Farming\Datasets\final_combined_datasets\PLUE\H\PLUE_H_174.JPG,Potato,H,uncontrolled,f75a4949b4d2b252,Healthy
Z:\Projects\Smart-Farming\Datasets\final_combined_datasets\PLUE\H\PLUE_H_175.jpg,Potato,H,uncontrolled,f918a5a58e878d35,Healthy
Z:\Projects\Smart-Farming\Datasets\final_combined_datasets\PLUE\H\PLUE_H_176.jpg,Potato,H,uncontrolled,827e49640d067e7f,Healthy
Z:\Projects\Smart-Farming\Datasets\final_combined_datasets\PLUE\H\PLUE_H_177.jpg,Potato,H,uncontrolled,85466b35bb2d1c5a,Healthy
Z:\Projects\Smart-Farming\Datasets\final_combined_datasets\PLUE\H\PLUE_H_178.jpg,Potato,H,uncontrolled,c0d43a9b31dbe4e8,Healthy
Z:\Projects\Smart-Farming\Datasets\final_combined_datasets\PLUE\H\PLUE_H_179.jpg,Potato,H,uncontrolled,ff56d43c86218d85,Healthy
Z:\Projects\Smart-Farming\Datasets\final_combined_datasets\PLUE\H\PLUE_H_180.jpg,Potato,H,uncontrolled,fdc0fa808b9d5994,Healthy
Z:\Projects\Smart-Farming\Datasets\final_combined_datasets\PLUE\H\PLUE_H_181.jpg,Potato,H,uncontrolled,cc8a4f34fa2a28cf,Healthy
Z:\Projects\Smart-Farming\Datasets\final_combined_datasets\PLUE\H\PLUE_H_182.jpg,Potato,H,uncontrolled,a89792935a436f66,Healthy
Z:\Projects\Smart-Farming\Datasets\final_combined_datasets\PLUE\H\PLUE_H_183.JPG,Potato,H,uncontrolled,c8d068586d37b4f9,Healthy
Z:\Projects\Smart-Farming\Datasets\final_combined_datasets\PLUE\H\PLUE_H_184.JPG,Potato,H,uncontrolled,fc472b97954b8590,Healthy
Z:\Projects\Smart-Farming\Datasets\final_combined_datasets\PLUE\H\PLUE_H_185.JPG,Potato,H,uncontrolled,fc1fdaa125469cb0,Healthy
Z:\Projects\Smart-Farming\Datasets\final_combined_datasets\PLUE\H\PLUE_H_186.JPG,Potato,H,uncontrolled,f1da902426b53aeb,Healthy
Z:\Projects\Smart-Farming\Datasets\final_combined_datasets\PLUE\H\PLUE_H_187.JPG,Potato,H,uncontrolled,ad8a56339691b959,Healthy
Z:\Projects\Smart-Farming\Datasets\final_combined_datasets\PLUE\H\PLUE_H_188.JPG,Potato,H,uncontrolled,833686e712c5ed99,Healthy
Z:\Projects\Smart-Farming\Datasets\final_combined_datasets\PLUE\H\PLUE_H_189.JPG,Potato,H,uncontrolled,d61162b6e156dca3,Healthy
Z:\Projects\Smart-Farming\Datasets\final_combined_datasets\PLUE\H\PLUE_H_190.JPG,Potato,H,uncontrolled,cfe2b3467b622087,Healthy
Z:\Projects\Smart-Farming\Datasets\final_combined_datasets\PLUE\H\PLUE_H_191.JPG,Potato,H,uncontrolled,8a853cbf9a01fc6c,Healthy
Z:\Projects\Smart-Farming\Datasets\final_combined_datasets\PLUE\H\PLUE_H_192.JPG,Potato,H,uncontrolled,d184f07c42e9b6b9,Healthy
Z:\Projects\Smart-Farming\Datasets\final_combined_datasets\PLUE\H\PLUE_H_193.JPG,Potato,H,uncontrolled,e33ef118c9341fd0,Healthy
Z:\Projects\Smart-Farming\Datasets\final_combined_datasets\PLUE\H\PLUE_H_194.JPG,Potato,H,uncontrolled,9a4cba0d5f799132,Healthy
Z:\Projects\Smart-Farming\Datasets\final_combined_datasets\PLUE\H\PLUE_H_195.JPG,Potato,H,uncontrolled,ec959116120f3f3d,Healthy
Z:\Projects\Smart-Farming\Datasets\final_combined_datasets\PLUE\H\PLUE_H_196.JPG,Potato,H,uncontrolled,ccb59116160b3e3f,Healthy
Z:\Projects\Smart-Farming\Datasets\final_combined_datasets\PLUE\H\PLUE_H_197.JPG,Potato,H,uncontrolled,c893976c470b16b7,Healthy
Z:\Projects\Smart-Farming\Datasets\final_combined_datasets\PLUE\H\PLUE_H_198.JPG,Potato,H,uncontrolled,c03f564a6aacadb4,Healthy
Z:\Projects\Smart-Farming\Datasets\final_combined_datasets\PLUE\H\PLUE_H_199.JPG,Potato,H,uncontrolled,8877778c9b227760,Healthy
Z:\Projects\Smart-Farming\Datasets\final_combined_datasets\PLUE\H\PLUE_H_200.JPG,Potato,H,uncontrolled,b297975a3663a40d,Healthy
Z:\Projects\Smart-Farming\Datasets\final_combined_datasets\PLUE\H\PLUE_H_201.JPG,Potato,H,uncontrolled,8d53f1aa14478fa9,Healthy
Z:\Projects\Smart-Farming\Datasets\final_combined_datasets\PLUE\N\PLUE_N_01.jpg,Potato,N,uncontrolled,85b638d6568d5e0b,Nematode
Z:\Projects\Smart-Farming\Datasets\final_combined_datasets\PLUE\N\PLUE_N_02.jpg,Potato,N,uncontrolled,dfcb4b20b01279ea,Nematode
Z:\Projects\Smart-Farming\Datasets\final_combined_datasets\PLUE\N\PLUE_N_03.jpg,Potato,N,uncontrolled,95333ad4cce53c07,Nematode
Z:\Projects\Smart-Farming\Datasets\final_combined_datasets\PLUE\N\PLUE_N_04.jpg,Potato,N,uncontrolled,cf530721e1d17b38,Nematode
Z:\Projects\Smart-Farming\Datasets\final_combined_datasets\PLUE\N\PLUE_N_05.jpg,Potato,N,uncontrolled,c25f78e135cb90c9,Nematode
Z:\Projects\Smart-Farming\Datasets\final_combined_datasets\PLUE\N\PLUE_N_06.jpg,Potato,N,uncontrolled,c25e0bf5b5c85a4c,Nematode
Z:\Projects\Smart-Farming\Datasets\final_combined_datasets\PLUE\N\PLUE_N_07.jpg,Potato,N,uncontrolled,d95a7dfc6802b682,Nematode
Z:\Projects\Smart-Farming\Datasets\final_combined_datasets\PLUE\N\PLUE_N_08.jpg,Potato,N,uncontrolled,83ad6f8c610f683d,Nematode
Z:\Projects\Smart-Farming\Datasets\final_combined_datasets\PLUE\N\PLUE_N_09.jpg,Potato,N,uncontrolled,d3aa3157c25ac43b,Nematode
Z:\Projects\Smart-Farming\Datasets\final_combined_datasets\PLUE\N\PLUE_N_10.jpg,Potato,N,uncontrolled,9a307197cbdd2d50,Nematode
Z:\Projects\Smart-Farming\Datasets\final_combined_datasets\PLUE\N\PLUE_N_11.jpg,Potato,N,uncontrolled,86ba7c9a3459e649,Nematode
Z:\Projects\Smart-Farming\Datasets\final_combined_datasets\PLUE\N\PLUE_N_12.jpg,Potato,N,uncontrolled,d0d96038d2519bfe,Nematode
Z:\Projects\Smart-Farming\Datasets\final_combined_datasets\PLUE\N\PLUE_N_13.jpg,Potato,N,uncontrolled,d929de49863325d6,Nematode
Z:\Projects\Smart-Farming\Datasets\final_combined_datasets\PLUE\N\PLUE_N_14.jpg,Potato,N,uncontrolled,d3693e95ac115627,Nematode
Z:\Projects\Smart-Farming\Datasets\final_combined_datasets\PLUE\N\PLUE_N_15.jpg,Potato,N,uncontrolled,da79305697a1c8a7,Nematode
Z:\Projects\Smart-Farming\Datasets\final_combined_datasets\PLUE\N\PLUE_N_16.jpg,Potato,N,uncontrolled,a56c723d211b974e,Nematode
Z:\Projects\Smart-Farming\Datasets\final_combined_datasets\PLUE\N\PLUE_N_17.jpg,Potato,N,uncontrolled,e7b0693b51e8d581,Nematode
Z:\Projects\Smart-Farming\Datasets\final_combined_datasets\PLUE\N\PLUE_N_18.jpg,Potato,N,uncontrolled,9f1efc34f4c102d4,Nematode
Z:\Projects\Smart-Farming\Datasets\final_combined_datasets\PLUE\N\PLUE_N_19.jpg,Potato,N,uncontrolled,94477827b5de920d,Nematode
Z:\Projects\Smart-Farming\Datasets\final_combined_datasets\PLUE\N\PLUE_N_20.jpg,Potato,N,uncontrolled,fe0e1e347f45c103,Nematode
Z:\Projects\Smart-Farming\Datasets\final_combined_datasets\PLUE\N\PLUE_N_21.jpg,Potato,N,uncontrolled,ab2105d59f682acf,Nematode
Z:\Projects\Smart-Farming\Datasets\final_combined_datasets\PLUE\N\PLUE_N_22.jpg,Potato,N,uncontrolled,c37c3c32b08f0fc6,Nematode
Z:\Projects\Smart-Farming\Datasets\final_combined_datasets\PLUE\N\PLUE_N_23.jpg,Potato,N,uncontrolled,c2d35353c10f6d3c,Nematode
Z:\Projects\Smart-Farming\Datasets\final_combined_datasets\PLUE\N\PLUE_N_24.jpg,Potato,N,uncontrolled,82912f9fb409f65c,Nematode
Z:\Projects\Smart-Farming\Datasets\final_combined_datasets\PLUE\N\PLUE_N_25.jpg,Potato,N,uncontrolled,de05607b256289fe,Nematode
Z:\Projects\Smart-Farming\Datasets\final_combined_datasets\PLUE\N\PLUE_N_26.jpg,Potato,N,uncontrolled,8aadd54d9e3c503a,Nematode
Z:\Projects\Smart-Farming\Datasets\final_combined_datasets\PLUE\N\PLUE_N_27.jpg,Potato,N,uncontrolled,c5076f877e8a424e,Nematode
Z:\Projects\Smart-Farming\Datasets\final_combined_datasets\PLUE\N\PLUE_N_28.jpg,Potato,N,uncontrolled,d574624ab135ed70,Nematode
Z:\Projects\Smart-Farming\Datasets\final_combined_datasets\PLUE\N\PLUE_N_29.jpg,Potato,N,uncontrolled,c0f82dacad229dad,Nematode
Z:\Projects\Smart-Farming\Datasets\final_combined_datasets\PLUE\N\PLUE_N_30.jpg,Potato,N,uncontrolled,c530d722c72f40fd,Nematode
Z:\Projects\Smart-Farming\Datasets\final_combined_datasets\PLUE\N\PLUE_N_31.jpg,Potato,N,uncontrolled,c10d0bfa3fb43cd0,Nematode
Z:\Projects\Smart-Farming\Datasets\final_combined_datasets\PLUE\N\PLUE_N_32.jpg,Potato,N,uncontrolled,da6b7aad64b44690,Nematode
Z:\Projects\Smart-Farming\Datasets\final_combined_datasets\PLUE\N\PLUE_N_33.jpg,Potato,N,uncontrolled,9f88880f9bb1f0a7,Nematode
Z:\Projects\Smart-Farming\Datasets\final_combined_datasets\PLUE\N\PLUE_N_34.jpg,Potato,N,uncontrolled,87371e03e270eee4,Nematode
Z:\Projects\Smart-Farming\Datasets\final_combined_datasets\PLUE\N\PLUE_N_35.jpg,Potato,N,uncontrolled,c26a42e171f17bb1,Nematode
Z:\Projects\Smart-Farming\Datasets\final_combined_datasets\PLUE\N\PLUE_N_36.jpg,Potato,N,uncontrolled,c1ba60c30ce8fedc,Nematode
Z:\Projects\Smart-Farming\Datasets\final_combined_datasets\PLUE\N\PLUE_N_37.JPG,Potato,N,uncontrolled,907478c2b79a15db,Nematode
Z:\Projects\Smart-Farming\Datasets\final_combined_datasets\PLUE\N\PLUE_N_38.JPG,Potato,N,uncontrolled,933b6e17a13b0d58,Nematode
Z:\Projects\Smart-Farming\Datasets\final_combined_datasets\PLUE\N\PLUE_N_39.JPG,Potato,N,uncontrolled,967e7426626a6437,Nematode
Z:\Projects\Smart-Farming\Datasets\final_combined_datasets\PLUE\N\PLUE_N_40.JPG,Potato,N,uncontrolled,8d5a6ea1333b318d,Nematode
Z:\Projects\Smart-Farming\Datasets\final_combined_datasets\PLUE\N\PLUE_N_41.JPG,Potato,N,uncontrolled,95732f061a1d976c,Nematode
Z:\Projects\Smart-Farming\Datasets\final_combined_datasets\PLUE\N\PLUE_N_42.JPG,Potato,N,uncontrolled,9f1b6073782e8b68,Nematode
Z:\Projects\Smart-Farming\Datasets\final_combined_datasets\PLUE\N\PLUE_N_43.JPG,Potato,N,uncontrolled,c0667f11c8e86f6c,Nematode
Z:\Projects\Smart-Farming\Datasets\final_combined_datasets\PLUE\N\PLUE_N_44.JPG,Potato,N,uncontrolled,d91927965af2cc26,Nematode
Z:\Projects\Smart-Farming\Datasets\final_combined_datasets\PLUE\N\PLUE_N_45.JPG,Potato,N,uncontrolled,a6466c8f2d5c9f48,Nematode
Z:\Projects\Smart-Farming\Datasets\final_combined_datasets\PLUE\N\PLUE_N_46.jpg,Potato,N,uncontrolled,9df878b061a5871b,Nematode
Z:\Projects\Smart-Farming\Datasets\final_combined_datasets\PLUE\N\PLUE_N_47.jpg,Potato,N,uncontrolled,d6b22b69e0097ab6,Nematode
Z:\Projects\Smart-Farming\Datasets\final_combined_datasets\PLUE\N\PLUE_N_48.jpg,Potato,N,uncontrolled,c3e37cd3b089827c,Nematode
Z:\Projects\Smart-Farming\Datasets\final_combined_datasets\PLUE\N\PLUE_N_49.jpg,Potato,N,uncontrolled,8bfa7853819e94cc,Nematode
Z:\Projects\Smart-Farming\Datasets\final_combined_datasets\PLUE\N\PLUE_N_50.jpg,Potato,N,uncontrolled,ca78f507e88a0fb4,Nematode
Z:\Projects\Smart-Farming\Datasets\final_combined_datasets\PLUE\N\PLUE_N_51.jpg,Potato,N,uncontrolled,8c8e3e72460eebe1,Nematode
Z:\Projects\Smart-Farming\Datasets\final_combined_datasets\PLUE\N\PLUE_N_52.jpg,Potato,N,uncontrolled,b58bd3c94de442b4,Nematode
Z:\Projects\Smart-Farming\Datasets\final_combined_datasets\PLUE\N\PLUE_N_53.jpg,Potato,N,uncontrolled,8ed5380f832aaeb9,Nematode
Z:\Projects\Smart-Farming\Datasets\final_combined_datasets\PLUE\N\PLUE_N_54.jpg,Potato,N,uncontrolled,8ad775abb2409173,Nematode
Z:\Projects\Smart-Farming\Datasets\final_combined_datasets\PLUE\N\PLUE_N_55.jpg,Potato,N,uncontrolled,d03b21ebcd8d8b15,Nematode
Z:\Projects\Smart-Farming\Datasets\final_combined_datasets\PLUE\N\PLUE_N_56.jpg,Potato,N,uncontrolled,89a16bae23582cbf,Nematode
Z:\Projects\Smart-Farming\Datasets\final_combined_datasets\PLUE\N\PLUE_N_57.JPG,Potato,N,uncontrolled,d2142c8ba7cab99d,Nematode
Z:\Projects\Smart-Farming\Datasets\final_combined_datasets\PLUE\N\PLUE_N_58.JPG,Potato,N,uncontrolled,d5053df892b73530,Nematode
Z:\Projects\Smart-Farming\Datasets\final_combined_datasets\PLUE\N\PLUE_N_59.JPG,Potato,N,uncontrolled,d76ac3d3a52aa0d4,Nematode
Z:\Projects\Smart-Farming\Datasets\final_combined_datasets\PLUE\N\PLUE_N_60.JPG,Potato,N,uncontrolled,9d2663a158859ecf,Nematode
Z:\Projects\Smart-Farming\Datasets\final_combined_datasets\PLUE\N\PLUE_N_61.JPG,Potato,N,uncontrolled,9a69a54b4db6245d,Nematode
Z:\Projects\Smart-Farming\Datasets\final_combined_datasets\PLUE\N\PLUE_N_62.JPG,Potato,N,uncontrolled,f92fe096c5848bd2,Nematode
Z:\Projects\Smart-Farming\Datasets\final_combined_datasets\PLUE\N\PLUE_N_63.JPG,Potato,N,uncontrolled,d8812e96fd925e58,Nematode
Z:\Projects\Smart-Farming\Datasets\final_combined_datasets\PLUE\N\PLUE_N_64.JPG,Potato,N,uncontrolled,9066ef933203edc6,Nematode
Z:\Projects\Smart-Farming\Datasets\final_combined_datasets\PLUE\N\PLUE_N_65.JPG,Potato,N,uncontrolled,b3966a9935a34e13,Nematode
Z:\Projects\Smart-Farming\Datasets\final_combined_datasets\PLUE\N\PLUE_N_66.JPG,Potato,N,uncontrolled,92d3cc6ab16c2e96,Nematode
Z:\Projects\Smart-Farming\Datasets\final_combined_datasets\PLUE\N\PLUE_N_67.JPG,Potato,N,uncontrolled,a9a7334ee46c6c19,Nematode
Z:\Projects\Smart-Farming\Datasets\final_combined_datasets\PLUE\N\PLUE_N_68.JPG,Potato,N,uncontrolled,ba92b4bd6d255292,Nematode
Z:\Projects\Smart-Farming\Datasets\final_combined_datasets\PLUE\P\PLUE_P_384.JPG,Potato,P,uncontrolled,9c2422ecddc9c26f,Pest
Z:\Projects\Smart-Farming\Datasets\final_combined_datasets\PLUE\P\PLUE_P_385.JPG,Potato,P,uncontrolled,f84edbf8c700cf80,Pest
Z:\Projects\Smart-Farming\Datasets\final_combined_datasets\PLUE\P\PLUE_P_386.JPG,Potato,P,uncontrolled,cf49a169a8c7c497,Pest
Z:\Projects\Smart-Farming\Datasets\final_combined_datasets\PLUE\P\PLUE_P_387.JPG,Potato,P,uncontrolled,c2be64399f569582,Pest
Z:\Projects\Smart-Farming\Datasets\final_combined_datasets\PLUE\P\PLUE_P_388.JPG,Potato,P,uncontrolled,d0b5ad98ece7b480,Pest
Z:\Projects\Smart-Farming\Datasets\final_combined_datasets\PLUE\P\PLUE_P_389.JPG,Potato,P,uncontrolled,c0df33b6a1cb8968,Pest
Z:\Projects\Smart-Farming\Datasets\final_combined_datasets\PLUE\P\PLUE_P_390.JPG,Potato,P,uncontrolled,9f8f3c12e9b0b168,Pest
Z:\Projects\Smart-Farming\Datasets\final_combined_datasets\PLUE\P\PLUE_P_391.JPG,Potato,P,uncontrolled,a832c7bff04131e5,Pest
Z:\Projects\Smart-Farming\Datasets\final_combined_datasets\PLUE\P\PLUE_P_392.JPG,Potato,P,uncontrolled,aa21df8cd8b75186,Pest
Z:\Projects\Smart-Farming\Datasets\final_combined_datasets\PLUE\P\PLUE_P_393.JPG,Potato,P,uncontrolled,9da14cd1d9d992b2,Pest
Z:\Projects\Smart-Farming\Datasets\final_combined_datasets\PLUE\P\PLUE_P_394.JPG,Potato,P,uncontrolled,a3b10fe5181e21df,Pest
Z:\Projects\Smart-Farming\Datasets\final_combined_datasets\PLUE\P\PLUE_P_395.JPG,Potato,P,uncontrolled,d3f87394b454a4a5,Pest
Z:\Projects\Smart-Farming\Datasets\final_combined_datasets\PLUE\P\PLUE_P_396.JPG,Potato,P,uncontrolled,8886edfc1d816e2e,Pest
Z:\Projects\Smart-Farming\Datasets\final_combined_datasets\PLUE\P\PLUE_P_397.JPG,Potato,P,uncontrolled,c7e64a5c29ca3d89,Pest
Z:\Projects\Smart-Farming\Datasets\final_combined_datasets\PLUE\P\PLUE_P_398.JPG,Potato,P,uncontrolled,dfd8586387692163,Pest
Z:\Projects\Smart-Farming\Datasets\final_combined_datasets\PLUE\P\PLUE_P_399.JPG,Potato,P,uncontrolled,b2d2df07107f0d29,Pest
Z:\Projects\Smart-Farming\Datasets\final_combined_datasets\PLUE\P\PLUE_P_400.JPG,Potato,P,uncontrolled,d3ccc2f2609afd21,Pest
Z:\Projects\Smart-Farming\Datasets\final_combined_datasets\PLUE\P\PLUE_P_401.JPG,Potato,P,uncontrolled,b5ca6417b9282e57,Pest
Z:\Projects\Smart-Farming\Datasets\final_combined_datasets\PLUE\P\PLUE_P_402.JPG,Potato,P,uncontrolled,89d6b0d87a64e936,Pest
Z:\Projects\Smart-Farming\Datasets\final_combined_datasets\PLUE\P\PLUE_P_403.JPG,Potato,P,uncontrolled,a9bf6890b4791ca6,Pest
Z:\Projects\Smart-Farming\Datasets\final_combined_datasets\PLUE\P\PLUE_P_404.JPG,Potato,P,uncontrolled,d044e5af8f331157,Pest
Z:\Projects\Smart-Farming\Datasets\final_combined_datasets\PLUE\P\PLUE_P_405.JPG,Potato,P,uncontrolled,d313dfce664a2458,Pest
Z:\Projects\Smart-Farming\Datasets\final_combined_datasets\PLUE\P\PLUE_P_406.JPG,Potato,P,uncontrolled,cc7b38d6ce2c7032,Pest
Z:\Projects\Smart-Farming\Datasets\final_combined_datasets\PLUE\P\PLUE_P_407.JPG,Potato,P,uncontrolled,d4d6caaf9b484a58,Pest
Z:\Projects\Smart-Farming\Datasets\final_combined_datasets\PLUE\P\PLUE_P_408.JPG,Potato,P,uncontrolled,cd98b3a6a9890e6b,Pest
Z:\Projects\Smart-Farming\Datasets\final_combined_datasets\PLUE\P\PLUE_P_409.JPG,Potato,P,uncontrolled,c99937a6a1a92c6b,Pest
Z:\Projects\Smart-Farming\Datasets\final_combined_datasets\PLUE\P\PLUE_P_410.JPG,Potato,P,uncontrolled,9cd8fd9221646bac,Pest
Z:\Projects\Smart-Farming\Datasets\final_combined_datasets\PLUE\P\PLUE_P_411.JPG,Potato,P,uncontrolled,f8e4d50fbe13540a,Pest
Z:\Projects\Smart-Farming\Datasets\final_combined_datasets\PLUE\P\PLUE_P_412.JPG,Potato,P,uncontrolled,c07f987c9f498c46,Pest
Z:\Projects\Smart-Farming\Datasets\final_combined_datasets\PLUE\P\PLUE_P_413.JPG,Potato,P,uncontrolled,e472e0cb3a4fa48e,Pest
Z:\Projects\Smart-Farming\Datasets\final_combined_datasets\PLUE\P\PLUE_P_414.JPG,Potato,P,uncontrolled,eae0f9a8971a28bc,Pest
Z:\Projects\Smart-Farming\Datasets\final_combined_datasets\PLUE\P\PLUE_P_415.JPG,Potato,P,uncontrolled,eedf919594499a24,Pest
Z:\Projects\Smart-Farming\Datasets\final_combined_datasets\PLUE\P\PLUE_P_416.JPG,Potato,P,uncontrolled,bdbe83e0d0c1c396,Pest
Z:\Projects\Smart-Farming\Datasets\final_combined_datasets\PLUE\P\PLUE_P_417.JPG,Potato,P,uncontrolled,f282e0ef1ec3a64c,Pest
Z:\Projects\Smart-Farming\Datasets\final_combined_datasets\PLUE\P\PLUE_P_418.JPG,Potato,P,uncontrolled,c29965d01b3fe117,Pest
Z:\Projects\Smart-Farming\Datasets\final_combined_datasets\PLUE\P\PLUE_P_419.JPG,Potato,P,uncontrolled,e13fcb609d03cc17,Pest
Z:\Projects\Smart-Farming\Datasets\final_combined_datasets\PLUE\P\PLUE_P_420.jpg,Potato,P,uncontrolled,961ce51fc4ccac69,Pest
Z:\Projects\Smart-Farming\Datasets\final_combined_datasets\PLUE\P\PLUE_P_421.jpg,Potato,P,uncontrolled,f87eede0d464888a,Pest
Z:\Projects\Smart-Farming\Datasets\final_combined_datasets\PLUE\P\PLUE_P_422.jpg,Potato,P,uncontrolled,daf78037d4d07684,Pest
Z:\Projects\Smart-Farming\Datasets\final_combined_datasets\PLUE\P\PLUE_P_423.jpg,Potato,P,uncontrolled,ec5ed6b8b1a18d60,Pest
Z:\Projects\Smart-Farming\Datasets\final_combined_datasets\PLUE\P\PLUE_P_424.jpg,Potato,P,uncontrolled,f6969f5c2d2308c3,Pest
Z:\Projects\Smart-Farming\Datasets\final_combined_datasets\PLUE\P\PLUE_P_425.jpg,Potato,P,uncontrolled,a7b8a6efb5016055,Pest
Z:\Projects\Smart-Farming\Datasets\final_combined_datasets\PLUE\P\PLUE_P_426.jpg,Potato,P,uncontrolled,a69c636ccc9cbc32,Pest
Z:\Projects\Smart-Farming\Datasets\final_combined_datasets\PLUE\P\PLUE_P_427.jpg,Potato,P,uncontrolled,80625ee5eb98cbf0,Pest
Z:\Projects\Smart-Farming\Datasets\final_combined_datasets\PLUE\P\PLUE_P_428.jpg,Potato,P,uncontrolled,994e7fc66d902493,Pest
Z:\Projects\Smart-Farming\Datasets\final_combined_datasets\PLUE\P\PLUE_P_429.jpg,Potato,P,uncontrolled,c9c93f37d068c0ce,Pest
Z:\Projects\Smart-Farming\Datasets\final_combined_datasets\PLUE\P\PLUE_P_430.jpg,Potato,P,uncontrolled,d99546a1afb724b0,Pest
Z:\Projects\Smart-Farming\Datasets\final_combined_datasets\PLUE\P\PLUE_P_431.jpg,Potato,P,uncontrolled,db69cafd82c862c8,Pest
Z:\Projects\Smart-Farming\Datasets\final_combined_datasets\PLUE\P\PLUE_P_432.jpg,Potato,P,uncontrolled,ebddc5074a29871a,Pest
Z:\Projects\Smart-Farming\Datasets\final_combined_datasets\PLUE\P\PLUE_P_433.jpg,Potato,P,uncontrolled,add5c8a47a2235da,Pest
Z:\Projects\Smart-Farming\Datasets\final_combined_datasets\PLUE\P\PLUE_P_434.jpg,Potato,P,uncontrolled,820aaddb0f9ddb06,Pest
Z:\Projects\Smart-Farming\Datasets\final_combined_datasets\PLUE\P\PLUE_P_435.jpg,Potato,P,uncontrolled,ff2f90450ed32cc1,Pest
Z:\Projects\Smart-Farming\Datasets\final_combined_datasets\PLUE\P\PLUE_P_436.jpg,Potato,P,uncontrolled,a842e25ca3bfb968,Pest
Z:\Projects\Smart-Farming\Datasets\final_combined_datasets\PLUE\P\PLUE_P_437.jpg,Potato,P,uncontrolled,a523f01efa81e81f,Pest
Z:\Projects\Smart-Farming\Datasets\final_combined_datasets\PLUE\P\PLUE_P_438.jpg,Potato,P,uncontrolled,aa09d120a757fe2b,Pest
Z:\Projects\Smart-Farming\Datasets\final_combined_datasets\PLUE\P\PLUE_P_439.jpg,Potato,P,uncontrolled,ba33965d0a66b09d,Pest
Z:\Projects\Smart-Farming\Datasets\final_combined_datasets\PLUE\P\PLUE_P_440.jpg,Potato,P,uncontrolled,a84f9532cbb16b68,Pest
Z:\Projects\Smart-Farming\Datasets\final_combined_datasets\PLUE\P\PLUE_P_441.jpg,Potato,P,uncontrolled,ba2d4812a6db7ec1,Pest
Z:\Projects\Smart-Farming\Datasets\final_combined_datasets\PLUE\P\PLUE_P_442.jpg,Potato,P,uncontrolled,ab42f2a3c275873a,Pest
Z:\Projects\Smart-Farming\Datasets\final_combined_datasets\PLUE\P\PLUE_P_443.jpg,Potato,P,uncontrolled,aeec82644a94fd78,Pest
Z:\Projects\Smart-Farming\Datasets\final_combined_datasets\PLUE\P\PLUE_P_444.jpg,Potato,P,uncontrolled,fe21c03759f83e50,Pest
Z:\Projects\Smart-Farming\Datasets\final_combined_datasets\PLUE\P\PLUE_P_445.jpg,Potato,P,uncontrolled,e2548c2f8b2965ed,Pest
Z:\Projects\Smart-Farming\Datasets\final_combined_datasets\PLUE\P\PLUE_P_446.jpg,Potato,P,uncontrolled,b50bc1a495d3b553,Pest
Z:\Projects\Smart-Farming\Datasets\final_combined_datasets\PLUE\P\PLUE_P_447.jpg,Potato,P,uncontrolled,e234b469f2b749c2,Pest
Z:\Projects\Smart-Farming\Datasets\final_combined_datasets\PLUE\P\PLUE_P_448.jpg,Potato,P,uncontrolled,bf4a8834d7a69ea0,Pest
Z:\Projects\Smart-Farming\Datasets\final_combined_datasets\PLUE\P\PLUE_P_449.jpg,Potato,P,uncontrolled,bf7bc9028d9a15a8,Pest
Z:\Projects\Smart-Farming\Datasets\final_combined_datasets\PLUE\P\PLUE_P_450.jpg,Potato,P,uncontrolled,ff7fd0904588d08d,Pest
Z:\Projects\Smart-Farming\Datasets\final_combined_datasets\PLUE\P\PLUE_P_451.jpg,Potato,P,uncontrolled,a0a95bf8785aa0fc,Pest
Z:\Projects\Smart-Farming\Datasets\final_combined_datasets\PLUE\P\PLUE_P_452.jpg,Potato,P,uncontrolled,bd44c01f936e8f26,Pest
Z:\Projects\Smart-Farming\Datasets\final_combined_datasets\PLUE\P\PLUE_P_453.jpg,Potato,P,uncontrolled,a253df28c23e3cd8,Pest
Z:\Projects\Smart-Farming\Datasets\final_combined_datasets\PLUE\P\PLUE_P_454.jpg,Potato,P,uncontrolled,c2c848eefecd2163,Pest
Z:\Projects\Smart-Farming\Datasets\final_combined_datasets\PLUE\P\PLUE_P_455.jpg,Potato,P,uncontrolled,f000cfbe70c1727e,Pest
Z:\Projects\Smart-Farming\Datasets\final_combined_datasets\PLUE\P\PLUE_P_456.jpg,Potato,P,uncontrolled,e04e8f11f7cc585c,Pest
Z:\Projects\Smart-Farming\Datasets\final_combined_datasets\PLUE\P\PLUE_P_457.jpg,Potato,P,uncontrolled,e23acc7681cf0b3a,Pest
Z:\Projects\Smart-Farming\Datasets\final_combined_datasets\PLUE\P\PLUE_P_458.jpg,Potato,P,uncontrolled,fa3cce3c1e353406,Pest
Z:\Projects\Smart-Farming\Datasets\final_combined_datasets\PLUE\P\PLUE_P_459.jpg,Potato,P,uncontrolled,acbcc27e6f2425c4,Pest
Z:\Projects\Smart-Farming\Datasets\final_combined_datasets\PLUE\P\PLUE_P_460.jpg,Potato,P,uncontrolled,de8ce338a66a5645,Pest
Z:\Projects\Smart-Farming\Datasets\final_combined_datasets\PLUE\P\PLUE_P_461.jpg,Potato,P,uncontrolled,88c1bccffa09630f,Pest
Z:\Projects\Smart-Farming\Datasets\final_combined_datasets\PLUE\P\PLUE_P_462.jpg,Potato,P,uncontrolled,ac5cd6359e921aaa,Pest
Z:\Projects\Smart-Farming\Datasets\final_combined_datasets\PLUE\P\PLUE_P_463.jpg,Potato,P,uncontrolled,de2ac7703e9211cd,Pest
Z:\Projects\Smart-Farming\Datasets\final_combined_datasets\PLUE\P\PLUE_P_464.jpg,Potato,P,uncontrolled,b2e9f0c30f038f6c,Pest
Z:\Projects\Smart-Farming\Datasets\final_combined_datasets\PLUE\P\PLUE_P_465.jpg,Potato,P,uncontrolled,fc5ad0308ef6c8b2,Pest
Z:\Projects\Smart-Farming\Datasets\final_combined_datasets\PLUE\P\PLUE_P_466.jpg,Potato,P,uncontrolled,8b45d5dba16149d5,Pest
Z:\Projects\Smart-Farming\Datasets\final_combined_datasets\PLUE\P\PLUE_P_467.jpg,Potato,P,uncontrolled,aa89f5be915512d2,Pest
Z:\Projects\Smart-Farming\Datasets\final_combined_datasets\PLUE\P\PLUE_P_468.jpg,Potato,P,uncontrolled,ea09d4778afe89a0,Pest
Z:\Projects\Smart-Farming\Datasets\final_combined_datasets\PLUE\P\PLUE_P_469.jpg,Potato,P,uncontrolled,b12dd23d4a13a5b5,Pest
Z:\Projects\Smart-Farming\Datasets\final_combined_datasets\PLUE\P\PLUE_P_470.jpg,Potato,P,uncontrolled,b06fd2694a36acb1,Pest
Z:\Projects\Smart-Farming\Datasets\final_combined_datasets\PLUE\P\PLUE_P_471.jpg,Potato,P,uncontrolled,d5c995749a866936,Pest
Z:\Projects\Smart-Farming\Datasets\final_combined_datasets\PLUE\P\PLUE_P_472.jpg,Potato,P,uncontrolled,ad1d96e5b8c2218f,Pest
Z:\Projects\Smart-Farming\Datasets\final_combined_datasets\PLUE\P\PLUE_P_473.jpg,Potato,P,uncontrolled,dedb39581a2de380,Pest
Z:\Projects\Smart-Farming\Datasets\final_combined_datasets\PLUE\P\PLUE_P_474.jpg,Potato,P,uncontrolled,e28cd574433e827e,Pest
Z:\Projects\Smart-Farming\Datasets\final_combined_datasets\PLUE\P\PLUE_P_475.jpg,Potato,P,uncontrolled,f68ec3de06583c15,Pest
Z:\Projects\Smart-Farming\Datasets\final_combined_datasets\PLUE\P\PLUE_P_476.jpg,Potato,P,uncontrolled,fb8760cb007c1f1b,Pest
Z:\Projects\Smart-Farming\Datasets\final_combined_datasets\PLUE\P\PLUE_P_477.jpg,Potato,P,uncontrolled,aaa4d04fbb3c313a,Pest
Z:\Projects\Smart-Farming\Datasets\final_combined_datasets\PLUE\P\PLUE_P_478.jpg,Potato,P,uncontrolled,a787d4f2c20d3365,Pest
Z:\Projects\Smart-Farming\Datasets\final_combined_datasets\PLUE\P\PLUE_P_479.jpg,Potato,P,uncontrolled,b9becd3926612361,Pest
Z:\Projects\Smart-Farming\Datasets\final_combined_datasets\PLUE\P\PLUE_P_480.jpg,Potato,P,uncontrolled,a6343266eee5c05d,Pest
Z:\Projects\Smart-Farming\Datasets\final_combined_datasets\PLUE\P\PLUE_P_481.jpg,Potato,P,uncontrolled,eb848408b8d47f77,Pest
Z:\Projects\Smart-Farming\Datasets\final_combined_datasets\PLUE\P\PLUE_P_482.jpg,Potato,P,uncontrolled,fddcdc1c188283e3,Pest
Z:\Projects\Smart-Farming\Datasets\final_combined_datasets\PLUE\P\PLUE_P_483.jpg,Potato,P,uncontrolled,92566a5ea516b3d2,Pest
Z:\Projects\Smart-Farming\Datasets\final_combined_datasets\PLUE\P\PLUE_P_484.jpg,Potato,P,uncontrolled,bf19e82e8bb59510,Pest
Z:\Projects\Smart-Farming\Datasets\final_combined_datasets\PLUE\P\PLUE_P_485.jpg,Potato,P,uncontrolled,e0999bbeb223a5a4,Pest
Z:\Projects\Smart-Farming\Datasets\final_combined_datasets\PLUE\P\PLUE_P_486.jpg,Potato,P,uncontrolled,ec03973ee0f0079b,Pest
Z:\Projects\Smart-Farming\Datasets\final_combined_datasets\PLUE\P\PLUE_P_487.jpg,Potato,P,uncontrolled,e627417179e8c1ae,Pest
Z:\Projects\Smart-Farming\Datasets\final_combined_datasets\PLUE\P\PLUE_P_488.jpg,Potato,P,uncontrolled,e7c5809c3713df84,Pest
Z:\Projects\Smart-Farming\Datasets\final_combined_datasets\PLUE\P\PLUE_P_489.jpg,Potato,P,uncontrolled,abc097ca91df1a91,Pest
Z:\Projects\Smart-Farming\Datasets\final_combined_datasets\PLUE\P\PLUE_P_490.jpg,Potato,P,uncontrolled,e73b9525d3451352,Pest
Z:\Projects\Smart-Farming\Datasets\final_combined_datasets\PLUE\P\PLUE_P_491.jpg,Potato,P,uncontrolled,a2d2dfad708d4598,Pest
Z:\Projects\Smart-Farming\Datasets\final_combined_datasets\PLUE\P\PLUE_P_492.jpg,Potato,P,uncontrolled,f2c9caca9861e5b2,Pest
Z:\Projects\Smart-Farming\Datasets\final_combined_datasets\PLUE\P\PLUE_P_493.jpg,Potato,P,uncontrolled,ad8494fdf0600f1f,Pest
Z:\Projects\Smart-Farming\Datasets\final_combined_datasets\PLUE\P\PLUE_P_494.jpg,Potato,P,uncontrolled,acf6f31999cd0c60,Pest
Z:\Projects\Smart-Farming\Datasets\final_combined_datasets\PLUE\P\PLUE_P_495.jpg,Potato,P,uncontrolled,b233cd782cccb81e,Pest
Z:\Projects\Smart-Farming\Datasets\final_combined_datasets\PLUE\P\PLUE_P_496.jpg,Potato,P,uncontrolled,da79ad4b22d055ac,Pest
Z:\Projects\Smart-Farming\Datasets\final_combined_datasets\PLUE\P\PLUE_P_497.jpg,Potato,P,uncontrolled,fa90c09f9ff818e0,Pest
Z:\Projects\Smart-Farming\Datasets\final_combined_datasets\PLUE\P\PLUE_P_498.jpg,Potato,P,uncontrolled,a9c69ab28d50da2f,Pest
Z:\Projects\Smart-Farming\Datasets\final_combined_datasets\PLUE\P\PLUE_P_499.jpg,Potato,P,uncontrolled,a9c2fe3309568769,Pest
Z:\Projects\Smart-Farming\Datasets\final_combined_datasets\PLUE\P\PLUE_P_500.jpg,Potato,P,uncontrolled,f05aaa3456aab547,Pest
Z:\Projects\Smart-Farming\Datasets\final_combined_datasets\PLUE\P\PLUE_P_501.jpg,Potato,P,uncontrolled,ab6adc18da3aca98,Pest
Z:\Projects\Smart-Farming\Datasets\final_combined_datasets\PLUE\P\PLUE_P_502.jpg,Potato,P,uncontrolled,b64e89317fda7220,Pest
Z:\Projects\Smart-Farming\Datasets\final_combined_datasets\PLUE\P\PLUE_P_503.jpg,Potato,P,uncontrolled,abf492c29e0b1dcc,Pest
Z:\Projects\Smart-Farming\Datasets\final_combined_datasets\PLUE\P\PLUE_P_504.jpg,Potato,P,uncontrolled,dcc682ed0fc0f23c,Pest
Z:\Projects\Smart-Farming\Datasets\final_combined_datasets\PLUE\P\PLUE_P_505.jpg,Potato,P,uncontrolled,e4c3592ee35a4b8c,Pest
Z:\Projects\Smart-Farming\Datasets\final_combined_datasets\PLUE\P\PLUE_P_506.jpg,Potato,P,uncontrolled,ac0cb71457634f6c,Pest
Z:\Projects\Smart-Farming\Datasets\final_combined_datasets\PLUE\P\PLUE_P_507.jpg,Potato,P,uncontrolled,cf02b25fbbe4f400,Pest
Z:\Projects\Smart-Farming\Datasets\final_combined_datasets\PLUE\P\PLUE_P_508.jpg,Potato,P,uncontrolled,ff03b0d0e565960b,Pest
Z:\Projects\Smart-Farming\Datasets\final_combined_datasets\PLUE\P\PLUE_P_509.jpg,Potato,P,uncontrolled,ff14c4e05817b39a,Pest
Z:\Projects\Smart-Farming\Datasets\final_combined_datasets\PLUE\P\PLUE_P_510.jpg,Potato,P,uncontrolled,fe46d0ab8ab8ac98,Pest
Z:\Projects\Smart-Farming\Datasets\final_combined_datasets\PLUE\P\PLUE_P_511.jpg,Potato,P,uncontrolled,a303b71b870ad6e3,Pest
Z:\Projects\Smart-Farming\Datasets\final_combined_datasets\PLUE\P\PLUE_P_512.jpg,Potato,P,uncontrolled,f56a921f9b362912,Pest
Z:\Projects\Smart-Farming\Datasets\final_combined_datasets\PLUE\P\PLUE_P_513.jpg,Potato,P,uncontrolled,a7999c05093677ea,Pest
Z:\Projects\Smart-Farming\Datasets\final_combined_datasets\PLUE\P\PLUE_P_514.jpg,Potato,P,uncontrolled,afc38cf0ee9d4c10,Pest
Z:\Projects\Smart-Farming\Datasets\final_combined_datasets\PLUE\P\PLUE_P_515.jpg,Potato,P,uncontrolled,edc8bdbd0205d62a,Pest
Z:\Projects\Smart-Farming\Datasets\final_combined_datasets\PLUE\P\PLUE_P_516.jpg,Potato,P,uncontrolled,a7c2853aa1c5c59f,Pest
Z:\Projects\Smart-Farming\Datasets\final_combined_datasets\PLUE\P\PLUE_P_517.jpg,Potato,P,uncontrolled,dad0c89ec151ab6d,Pest
Z:\Projects\Smart-Farming\Datasets\final_combined_datasets\PLUE\P\PLUE_P_518.jpg,Potato,P,uncontrolled,add0d0cbadb4ac8a,Pest
Z:\Projects\Smart-Farming\Datasets\final_combined_datasets\PLUE\P\PLUE_P_519.jpg,Potato,P,uncontrolled,a8fab585b82e6a2a,Pest
Z:\Projects\Smart-Farming\Datasets\final_combined_datasets\PLUE\P\PLUE_P_520.jpg,Potato,P,uncontrolled,abd395b53a166146,Pest
Z:\Projects\Smart-Farming\Datasets\final_combined_datasets\PLUE\P\PLUE_P_521.jpg,Potato,P,uncontrolled,a4d6d72dc7b6b080,Pest
Z:\Projects\Smart-Farming\Datasets\final_combined_datasets\PLUE\P\PLUE_P_522.jpg,Potato,P,uncontrolled,a759d1960c6327bc,Pest
Z:\Projects\Smart-Farming\Datasets\final_combined_datasets\PLUE\P\PLUE_P_523.jpg,Potato,P,uncontrolled,8391976c6e5b90bc,Pest
Z:\Projects\Smart-Farming\Datasets\final_combined_datasets\PLUE\P\PLUE_P_524.jpg,Potato,P,uncontrolled,8dd9598b929233f2,Pest
Z:\Projects\Smart-Farming\Datasets\final_combined_datasets\PLUE\P\PLUE_P_525.jpg,Potato,P,uncontrolled,cdb2e139f0bec046,Pest
Z:\Projects\Smart-Farming\Datasets\final_combined_datasets\PLUE\P\PLUE_P_526.jpg,Potato,P,uncontrolled,ea7d806b45a83fc2,Pest
Z:\Projects\Smart-Farming\Datasets\final_combined_datasets\PLUE\P\PLUE_P_527.JPG,Potato,P,uncontrolled,928cafbcb0cd4b25,Pest
Z:\Projects\Smart-Farming\Datasets\final_combined_datasets\PLUE\P\PLUE_P_528.JPG,Potato,P,uncontrolled,b60deaa4b50efc44,Pest
Z:\Projects\Smart-Farming\Datasets\final_combined_datasets\PLUE\P\PLUE_P_529.JPG,Potato,P,uncontrolled,ca877dd42d463a49,Pest
Z:\Projects\Smart-Farming\Datasets\final_combined_datasets\PLUE\P\PLUE_P_530.JPG,Potato,P,uncontrolled,b849731946d707b5,Pest
Z:\Projects\Smart-Farming\Datasets\final_combined_datasets\PLUE\P\PLUE_P_531.JPG,Potato,P,uncontrolled,92643f8e5b3e68c2,Pest
Z:\Projects\Smart-Farming\Datasets\final_combined_datasets\PLUE\P\PLUE_P_532.JPG,Potato,P,uncontrolled,d6516ca147a7f864,Pest
Z:\Projects\Smart-Farming\Datasets\final_combined_datasets\PLUE\P\PLUE_P_533.JPG,Potato,P,uncontrolled,d72f6388054c99f6,Pest
Z:\Projects\Smart-Farming\Datasets\final_combined_datasets\PLUE\P\PLUE_P_534.JPG,Potato,P,uncontrolled,e4a1564b9b3c2a3d,Pest
Z:\Projects\Smart-Farming\Datasets\final_combined_datasets\PLUE\P\PLUE_P_535.JPG,Potato,P,uncontrolled,ffd5631189db1488,Pest
Z:\Projects\Smart-Farming\Datasets\final_combined_datasets\PLUE\P\PLUE_P_536.JPG,Potato,P,uncontrolled,c83c638e9566db13,Pest
Z:\Projects\Smart-Farming\Datasets\final_combined_datasets\PLUE\P\PLUE_P_537.JPG,Potato,P,uncontrolled,d23c7ece852a34c5,Pest
Z:\Projects\Smart-Farming\Datasets\final_combined_datasets\PLUE\P\PLUE_P_538.JPG,Potato,P,uncontrolled,fca2ebd3546a3130,Pest
Z:\Projects\Smart-Farming\Datasets\final_combined_datasets\PLUE\P\PLUE_P_539.JPG,Potato,P,uncontrolled,ead020e1a477dacd,Pest
Z:\Projects\Smart-Farming\Datasets\final_combined_datasets\PLUE\P\PLUE_P_540.JPG,Potato,P,uncontrolled,ea412aae13e9fd48,Pest
Z:\Projects\Smart-Farming\Datasets\final_combined_datasets\PLUE\P\PLUE_P_541.JPG,Potato,P,uncontrolled,c9528467b7cdb02d,Pest
Z:\Projects\Smart-Farming\Datasets\final_combined_datasets\PLUE\P\PLUE_P_542.JPG,Potato,P,uncontrolled,96cc6e91bd2693a4,Pest
Z:\Projects\Smart-Farming\Datasets\final_combined_datasets\PLUE\P\PLUE_P_543.JPG,Potato,P,uncontrolled,aca4aa2556fa2e72,Pest
Z:\Projects\Smart-Farming\Datasets\final_combined_datasets\PLUE\P\PLUE_P_544.JPG,Potato,P,uncontrolled,f77098906d9e558a,Pest
Z:\Projects\Smart-Farming\Datasets\final_combined_datasets\PLUE\P\PLUE_P_545.JPG,Potato,P,uncontrolled,f88b6207bd609697,Pest
Z:\Projects\Smart-Farming\Datasets\final_combined_datasets\PLUE\P\PLUE_P_546.JPG,Potato,P,uncontrolled,89f28be59bb39013,Pest
Z:\Projects\Smart-Farming\Datasets\final_combined_datasets\PLUE\P\PLUE_P_547.JPG,Potato,P,uncontrolled,b11f6db499503d38,Pest
Z:\Projects\Smart-Farming\Datasets\final_combined_datasets\PLUE\P\PLUE_P_548.JPG,Potato,P,uncontrolled,f0118ad2e95dae39,Pest
Z:\Projects\Smart-Farming\Datasets\final_combined_datasets\PLUE\P\PLUE_P_549.JPG,Potato,P,uncontrolled,c7ea9e239067a0ce,Pest
Z:\Projects\Smart-Farming\Datasets\final_combined_datasets\PLUE\P\PLUE_P_550.JPG,Potato,P,uncontrolled,f495f28351eb8067,Pest
Z:\Projects\Smart-Farming\Datasets\final_combined_datasets\PLUE\P\PLUE_P_551.JPG,Potato,P,uncontrolled,e17e8d8a41f416ec,Pest
Z:\Projects\Smart-Farming\Datasets\final_combined_datasets\PLUE\P\PLUE_P_552.JPG,Potato,P,uncontrolled,d27b605790ab3f90,Pest
Z:\Projects\Smart-Farming\Datasets\final_combined_datasets\PLUE\P\PLUE_P_553.JPG,Potato,P,uncontrolled,d3020d3f7a5b7251,Pest
Z:\Projects\Smart-Farming\Datasets\final_combined_datasets\PLUE\P\PLUE_P_554.JPG,Potato,P,uncontrolled,b8443ea924ce6bea,Pest
Z:\Projects\Smart-Farming\Datasets\final_combined_datasets\PLUE\P\PLUE_P_555.JPG,Potato,P,uncontrolled,c070310fa6eeddc6,Pest
Z:\Projects\Smart-Farming\Datasets\final_combined_datasets\PLUE\P\PLUE_P_556.JPG,Potato,P,uncontrolled,f4205695f24f9c8e,Pest
Z:\Projects\Smart-Farming\Datasets\final_combined_datasets\PLUE\P\PLUE_P_557.JPG,Potato,P,uncontrolled,d73a4e352962315b,Pest
Z:\Projects\Smart-Farming\Datasets\final_combined_datasets\PLUE\P\PLUE_P_558.JPG,Potato,P,uncontrolled,dce0759ca1d28756,Pest
Z:\Projects\Smart-Farming\Datasets\final_combined_datasets\PLUE\P\PLUE_P_559.JPG,Potato,P,uncontrolled,d0d3893bba5e8c1c,Pest
Z:\Projects\Smart-Farming\Datasets\final_combined_datasets\PLUE\P\PLUE_P_560.JPG,Potato,P,uncontrolled,fe2fe5348270d84c,Pest
Z:\Projects\Smart-Farming\Datasets\final_combined_datasets\PLUE\P\PLUE_P_561.JPG,Potato,P,uncontrolled,d8f5635a2627e047,Pest
Z:\Projects\Smart-Farming\Datasets\final_combined_datasets\PLUE\P\PLUE_P_562.JPG,Potato,P,uncontrolled,92d47237ac436dcc,Pest
Z:\Projects\Smart-Farming\Datasets\final_combined_datasets\PLUE\P\PLUE_P_563.JPG,Potato,P,uncontrolled,9a52738d69d86fa0,Pest
Z:\Projects\Smart-Farming\Datasets\final_combined_datasets\PLUE\P\PLUE_P_564.JPG,Potato,P,uncontrolled,ed9539ac15b6d222,Pest
Z:\Projects\Smart-Farming\Datasets\final_combined_datasets\PLUE\P\PLUE_P_565.JPG,Potato,P,uncontrolled,ea8721a157b6827b,Pest
Z:\Projects\Smart-Farming\Datasets\final_combined_datasets\PLUE\P\PLUE_P_566.JPG,Potato,P,uncontrolled,d9b64568ab6e24ac,Pest
Z:\Projects\Smart-Farming\Datasets\final_combined_datasets\PLUE\P\PLUE_P_567.JPG,Potato,P,uncontrolled,f3532cf4103f1e29,Pest
Z:\Projects\Smart-Farming\Datasets\final_combined_datasets\PLUE\P\PLUE_P_568.JPG,Potato,P,uncontrolled,912a74276a7d1df0,Pest
Z:\Projects\Smart-Farming\Datasets\final_combined_datasets\PLUE\P\PLUE_P_569.JPG,Potato,P,uncontrolled,d9b28b5aa2ce5670,Pest
Z:\Projects\Smart-Farming\Datasets\final_combined_datasets\PLUE\P\PLUE_P_570.JPG,Potato,P,uncontrolled,d3096f93b6756209,Pest
Z:\Projects\Smart-Farming\Datasets\final_combined_datasets\PLUE\P\PLUE_P_571.JPG,Potato,P,uncontrolled,f312f194aad5540f,Pest
Z:\Projects\Smart-Farming\Datasets\final_combined_datasets\PLUE\P\PLUE_P_572.JPG,Potato,P,uncontrolled,da1178322d34b5de,Pest
Z:\Projects\Smart-Farming\Datasets\final_combined_datasets\PLUE\P\PLUE_P_573.JPG,Potato,P,uncontrolled,b92f6c8ddba21644,Pest
Z:\Projects\Smart-Farming\Datasets\final_combined_datasets\PLUE\P\PLUE_P_574.JPG,Potato,P,uncontrolled,b3264c85cb633d5a,Pest
Z:\Projects\Smart-Farming\Datasets\final_combined_datasets\PLUE\P\PLUE_P_575.JPG,Potato,P,uncontrolled,ac5330c8d73cbe94,Pest
Z:\Projects\Smart-Farming\Datasets\final_combined_datasets\PLUE\P\PLUE_P_576.JPG,Potato,P,uncontrolled,f467cf364c310333,Pest
Z:\Projects\Smart-Farming\Datasets\final_combined_datasets\PLUE\P\PLUE_P_577.JPG,Potato,P,uncontrolled,9e277e84b79b2070,Pest
Z:\Projects\Smart-Farming\Datasets\final_combined_datasets\PLUE\P\PLUE_P_578.JPG,Potato,P,uncontrolled,d55e8954aaab49b4,Pest
Z:\Projects\Smart-Farming\Datasets\final_combined_datasets\PLUE\P\PLUE_P_579.JPG,Potato,P,uncontrolled,a00933f2ab512fbb,Pest
Z:\Projects\Smart-Farming\Datasets\final_combined_datasets\PLUE\P\PLUE_P_580.JPG,Potato,P,uncontrolled,bec93967c8780715,Pest
Z:\Projects\Smart-Farming\Datasets\final_combined_datasets\PLUE\P\PLUE_P_581.JPG,Potato,P,uncontrolled,c5f8d3e53f48d00a,Pest
Z:\Projects\Smart-Farming\Datasets\final_combined_datasets\PLUE\P\PLUE_P_582.JPG,Potato,P,uncontrolled,df126896d7699451,Pest
Z:\Projects\Smart-Farming\Datasets\final_combined_datasets\PLUE\P\PLUE_P_583.JPG,Potato,P,uncontrolled,c1fc896236ec52f2,Pest
Z:\Projects\Smart-Farming\Datasets\final_combined_datasets\PLUE\P\PLUE_P_584.JPG,Potato,P,uncontrolled,d770781a0e1eaab6,Pest
Z:\Projects\Smart-Farming\Datasets\final_combined_datasets\PLUE\P\PLUE_P_585.JPG,Potato,P,uncontrolled,d9367ae093a1a4da,Pest
Z:\Projects\Smart-Farming\Datasets\final_combined_datasets\PLUE\P\PLUE_P_586.JPG,Potato,P,uncontrolled,fca16fcb91c460e4,Pest
Z:\Projects\Smart-Farming\Datasets\final_combined_datasets\PLUE\P\PLUE_P_587.JPG,Potato,P,uncontrolled,c9de5a82a4d1cc76,Pest
Z:\Projects\Smart-Farming\Datasets\final_combined_datasets\PLUE\P\PLUE_P_588.JPG,Potato,P,uncontrolled,9493a1b5ce2f3b0c,Pest
Z:\Projects\Smart-Farming\Datasets\final_combined_datasets\PLUE\P\PLUE_P_589.JPG,Potato,P,uncontrolled,8c9aba150b37beb0,Pest
Z:\Projects\Smart-Farming\Datasets\final_combined_datasets\PLUE\P\PLUE_P_590.JPG,Potato,P,uncontrolled,c2c55b6f895da458,Pest
Z:\Projects\Smart-Farming\Datasets\final_combined_datasets\PLUE\P\PLUE_P_591.JPG,Potato,P,uncontrolled,e12f86578d88b716,Pest
Z:\Projects\Smart-Farming\Datasets\final_combined_datasets\PLUE\P\PLUE_P_592.JPG,Potato,P,uncontrolled,95e12abb256ac663,Pest
Z:\Projects\Smart-Farming\Datasets\final_combined_datasets\PLUE\P\PLUE_P_593.JPG,Potato,P,uncontrolled,d2ef6cb55b0e0506,Pest
Z:\Projects\Smart-Farming\Datasets\final_combined_datasets\PLUE\P\PLUE_P_594.JPG,Potato,P,uncontrolled,f685213f826b962e,Pest
Z:\Projects\Smart-Farming\Datasets\final_combined_datasets\PLUE\P\PLUE_P_595.JPG,Potato,P,uncontrolled,de5c70854f4a0f39,Pest
Z:\Projects\Smart-Farming\Datasets\final_combined_datasets\PLUE\P\PLUE_P_596.JPG,Potato,P,uncontrolled,a338c1975c8fcbc1,Pest
Z:\Projects\Smart-Farming\Datasets\final_combined_datasets\PLUE\P\PLUE_P_597.JPG,Potato,P,uncontrolled,e75a0ec572805b9d,Pest
Z:\Projects\Smart-Farming\Datasets\final_combined_datasets\PLUE\P\PLUE_P_598.JPG,Potato,P,uncontrolled,d39cc399db1d6228,Pest
Z:\Projects\Smart-Farming\Datasets\final_combined_datasets\PLUE\P\PLUE_P_599.JPG,Potato,P,uncontrolled,fd0d47638a509d9c,Pest
Z:\Projects\Smart-Farming\Datasets\final_combined_datasets\PLUE\P\PLUE_P_600.JPG,Potato,P,uncontrolled,a659962b18d72bb8,Pest
Z:\Projects\Smart-Farming\Datasets\final_combined_datasets\PLUE\P\PLUE_P_601.JPG,Potato,P,uncontrolled,a67c596e578d8491,Pest
Z:\Projects\Smart-Farming\Datasets\final_combined_datasets\PLUE\P\PLUE_P_602.JPG,Potato,P,uncontrolled,841fb5926a6a6f85,Pest
Z:\Projects\Smart-Farming\Datasets\final_combined_datasets\PLUE\P\PLUE_P_603.JPG,Potato,P,uncontrolled,811feea4c807936f,Pest
Z:\Projects\Smart-Farming\Datasets\final_combined_datasets\PLUE\P\PLUE_P_604.JPG,Potato,P,uncontrolled,f66f0f45a284b11e,Pest
Z:\Projects\Smart-Farming\Datasets\final_combined_datasets\PLUE\P\PLUE_P_605.JPG,Potato,P,uncontrolled,8778cea53862cb36,Pest
Z:\Projects\Smart-Farming\Datasets\final_combined_datasets\PLUE\P\PLUE_P_606.JPG,Potato,P,uncontrolled,8e76117352ac9cad,Pest
Z:\Projects\Smart-Farming\Datasets\final_combined_datasets\PLUE\P\PLUE_P_607.JPG,Potato,P,uncontrolled,a54f56eda0a45b4a,Pest
Z:\Projects\Smart-Farming\Datasets\final_combined_datasets\PLUE\P\PLUE_P_608.JPG,Potato,P,uncontrolled,d62f1a63c8ccb117,Pest
Z:\Projects\Smart-Farming\Datasets\final_combined_datasets\PLUE\P\PLUE_P_609.JPG,Potato,P,uncontrolled,c62d1a63cccc3337,Pest
Z:\Projects\Smart-Farming\Datasets\final_combined_datasets\PLUE\P\PLUE_P_610.JPG,Potato,P,uncontrolled,ba953553666e548c,Pest
Z:\Projects\Smart-Farming\Datasets\final_combined_datasets\PLUE\P\PLUE_P_611.JPG,Potato,P,uncontrolled,a45a73695e5cd252,Pest
Z:\Projects\Smart-Farming\Datasets\final_combined_datasets\PLUE\P\PLUE_P_008.JPG,Potato,P,uncontrolled,aa8abeeed504826d,Pest
Z:\Projects\Smart-Farming\Datasets\final_combined_datasets\PLUE\P\PLUE_P_009.JPG,Potato,P,uncontrolled,d887f1fe83114ea1,Pest
Z:\Projects\Smart-Farming\Datasets\final_combined_datasets\PLUE\P\PLUE_P_010.JPG,Potato,P,uncontrolled,94d860cca7ddda23,Pest
Z:\Projects\Smart-Farming\Datasets\final_combined_datasets\PLUE\P\PLUE_P_011.JPG,Potato,P,uncontrolled,9f6427ed504e6949,Pest
Z:\Projects\Smart-Farming\Datasets\final_combined_datasets\PLUE\P\PLUE_P_012.JPG,Potato,P,uncontrolled,8ea1acb79099f05b,Pest
Z:\Projects\Smart-Farming\Datasets\final_combined_datasets\PLUE\P\PLUE_P_015.jpg,Potato,P,uncontrolled,a96a9069bd64cb74,Pest
Z:\Projects\Smart-Farming\Datasets\final_combined_datasets\PLUE\P\PLUE_P_016.jpg,Potato,P,uncontrolled,a948a12fd78ec45e,Pest
Z:\Projects\Smart-Farming\Datasets\final_combined_datasets\PLUE\P\PLUE_P_017.jpg,Potato,P,uncontrolled,8df6e5371aa1181e,Pest
Z:\Projects\Smart-Farming\Datasets\final_combined_datasets\PLUE\P\PLUE_P_018.jpg,Potato,P,uncontrolled,aa22d7d43a6ac2ad,Pest
Z:\Projects\Smart-Farming\Datasets\final_combined_datasets\PLUE\P\PLUE_P_019.jpg,Potato,P,uncontrolled,fec16417a246937a,Pest
Z:\Projects\Smart-Farming\Datasets\final_combined_datasets\PLUE\P\PLUE_P_020.jpg,Potato,P,uncontrolled,a860816197fdfdb0,Pest
Z:\Projects\Smart-Farming\Datasets\final_combined_datasets\PLUE\P\PLUE_P_021.jpg,Potato,P,uncontrolled,dac8cb27607986ec,Pest
Z:\Projects\Smart-Farming\Datasets\final_combined_datasets\PLUE\P\PLUE_P_022.jpg,Potato,P,uncontrolled,a878afa787471d05,Pest
Z:\Projects\Smart-Farming\Datasets\final_combined_datasets\PLUE\P\PLUE_P_023.jpg,Potato,P,uncontrolled,e38c8d91b69b9293,Pest
Z:\Projects\Smart-Farming\Datasets\final_combined_datasets\PLUE\P\PLUE_P_003.jpg,Potato,P,uncontrolled,db7e208703da67a1,Pest
Z:\Projects\Smart-Farming\Datasets\final_combined_datasets\PLUE\P\PLUE_P_006.jpg,Potato,P,uncontrolled,9c49f967df061096,Pest
Z:\Projects\Smart-Farming\Datasets\final_combined_datasets\PLUE\P\PLUE_P_024.jpg,Potato,P,uncontrolled,f890cf60b53c2b78,Pest
Z:\Projects\Smart-Farming\Datasets\final_combined_datasets\PLUE\P\PLUE_P_025.jpg,Potato,P,uncontrolled,a052952ccb7d5d53,Pest
Z:\Projects\Smart-Farming\Datasets\final_combined_datasets\PLUE\P\PLUE_P_026.jpg,Potato,P,uncontrolled,ab42b1ac4ac574fa,Pest
Z:\Projects\Smart-Farming\Datasets\final_combined_datasets\PLUE\P\PLUE_P_027.jpg,Potato,P,uncontrolled,ba486df67a879848,Pest
Z:\Projects\Smart-Farming\Datasets\final_combined_datasets\PLUE\P\PLUE_P_028.jpg,Potato,P,uncontrolled,f1b18cc7499b1479,Pest
Z:\Projects\Smart-Farming\Datasets\final_combined_datasets\PLUE\P\PLUE_P_029.jpg,Potato,P,uncontrolled,d99ee1240fd09eb8,Pest
Z:\Projects\Smart-Farming\Datasets\final_combined_datasets\PLUE\P\PLUE_P_030.jpg,Potato,P,uncontrolled,d3ffe7600d93a101,Pest
Z:\Projects\Smart-Farming\Datasets\final_combined_datasets\PLUE\P\PLUE_P_031.jpg,Potato,P,uncontrolled,fc0362429fb0477e,Pest
Z:\Projects\Smart-Farming\Datasets\final_combined_datasets\PLUE\P\PLUE_P_032.jpg,Potato,P,uncontrolled,d9ccac62b3c8e30e,Pest
Z:\Projects\Smart-Farming\Datasets\final_combined_datasets\PLUE\P\PLUE_P_033.jpg,Potato,P,uncontrolled,b46ec8d7ddc90185,Pest
Z:\Projects\Smart-Farming\Datasets\final_combined_datasets\PLUE\P\PLUE_P_034.jpg,Potato,P,uncontrolled,919c7318c76d2fa1,Pest
Z:\Projects\Smart-Farming\Datasets\final_combined_datasets\PLUE\P\PLUE_P_035.jpg,Potato,P,uncontrolled,cb706fe480edca85,Pest
Z:\Projects\Smart-Farming\Datasets\final_combined_datasets\PLUE\P\PLUE_P_036.jpg,Potato,P,uncontrolled,c27a2576a50afc6a,Pest
Z:\Projects\Smart-Farming\Datasets\final_combined_datasets\PLUE\P\PLUE_P_037.jpg,Potato,P,uncontrolled,dc6d46be5963406a,Pest
Z:\Projects\Smart-Farming\Datasets\final_combined_datasets\PLUE\P\PLUE_P_038.jpg,Potato,P,uncontrolled,9863f3394ed844d3,Pest
Z:\Projects\Smart-Farming\Datasets\final_combined_datasets\PLUE\P\PLUE_P_039.jpg,Potato,P,uncontrolled,9f74b56dd02a8256,Pest
Z:\Projects\Smart-Farming\Datasets\final_combined_datasets\PLUE\P\PLUE_P_040.jpg,Potato,P,uncontrolled,a4b72e6b23c3f045,Pest
Z:\Projects\Smart-Farming\Datasets\final_combined_datasets\PLUE\P\PLUE_P_041.jpg,Potato,P,uncontrolled,b4b4bca92343f21b,Pest
Z:\Projects\Smart-Farming\Datasets\final_combined_datasets\PLUE\P\PLUE_P_042.jpg,Potato,P,uncontrolled,ccad8c94be58945d,Pest
Z:\Projects\Smart-Farming\Datasets\final_combined_datasets\PLUE\P\PLUE_P_043.jpg,Potato,P,uncontrolled,e63cd3261cf18d89,Pest
Z:\Projects\Smart-Farming\Datasets\final_combined_datasets\PLUE\P\PLUE_P_044.jpg,Potato,P,uncontrolled,c6c3d998191b293f,Pest
Z:\Projects\Smart-Farming\Datasets\final_combined_datasets\PLUE\P\PLUE_P_045.jpg,Potato,P,uncontrolled,f413933f8e3c8331,Pest
Z:\Projects\Smart-Farming\Datasets\final_combined_datasets\PLUE\P\PLUE_P_046.jpg,Potato,P,uncontrolled,fd91d2d88dc404fc,Pest
Z:\Projects\Smart-Farming\Datasets\final_combined_datasets\PLUE\P\PLUE_P_047.jpg,Potato,P,uncontrolled,f9e38f8ce1019f90,Pest
Z:\Projects\Smart-Farming\Datasets\final_combined_datasets\PLUE\P\PLUE_P_048.jpg,Potato,P,uncontrolled,c5c28f9cdcf96d00,Pest
Z:\Projects\Smart-Farming\Datasets\final_combined_datasets\PLUE\P\PLUE_P_049.jpg,Potato,P,uncontrolled,c5f61ec9e06a89c5,Pest
Z:\Projects\Smart-Farming\Datasets\final_combined_datasets\PLUE\P\PLUE_P_050.jpg,Potato,P,uncontrolled,825d7e921b69b865,Pest
Z:\Projects\Smart-Farming\Datasets\final_combined_datasets\PLUE\P\PLUE_P_051.jpg,Potato,P,uncontrolled,e41fef0bc52596c0,Pest
Z:\Projects\Smart-Farming\Datasets\final_combined_datasets\PLUE\P\PLUE_P_052.jpg,Potato,P,uncontrolled,d02ef0b0ef304f3a,Pest
Z:\Projects\Smart-Farming\Datasets\final_combined_datasets\PLUE\P\PLUE_P_053.jpg,Potato,P,uncontrolled,aa81c51bd6ea5a69,Pest
Z:\Projects\Smart-Farming\Datasets\final_combined_datasets\PLUE\P\PLUE_P_054.jpg,Potato,P,uncontrolled,da6563a2f5d25a42,Pest
Z:\Projects\Smart-Farming\Datasets\final_combined_datasets\PLUE\P\PLUE_P_055.jpg,Potato,P,uncontrolled,de860a169a6d32f5,Pest
Z:\Projects\Smart-Farming\Datasets\final_combined_datasets\PLUE\P\PLUE_P_056.jpg,Potato,P,uncontrolled,95ee69308af18b8d,Pest
Z:\Projects\Smart-Farming\Datasets\final_combined_datasets\PLUE\P\PLUE_P_057.jpg,Potato,P,uncontrolled,cf7831d461dbc0cc,Pest
Z:\Projects\Smart-Farming\Datasets\final_combined_datasets\PLUE\P\PLUE_P_058.jpg,Potato,P,uncontrolled,f56cbb64a51062b9,Pest
Z:\Projects\Smart-Farming\Datasets\final_combined_datasets\PLUE\P\PLUE_P_059.jpg,Potato,P,uncontrolled,eccc805cf82fb607,Pest
Z:\Projects\Smart-Farming\Datasets\final_combined_datasets\PLUE\P\PLUE_P_060.jpg,Potato,P,uncontrolled,df5060a95cb6f868,Pest
Z:\Projects\Smart-Farming\Datasets\final_combined_datasets\PLUE\P\PLUE_P_061.jpg,Potato,P,uncontrolled,d12743e6ebb1b601,Pest
Z:\Projects\Smart-Farming\Datasets\final_combined_datasets\PLUE\P\PLUE_P_062.jpg,Potato,P,uncontrolled,c2476ad2b4d99a8d,Pest
Z:\Projects\Smart-Farming\Datasets\final_combined_datasets\PLUE\P\PLUE_P_063.jpg,Potato,P,uncontrolled,dc17ca2ec3a0bc63,Pest
Z:\Projects\Smart-Farming\Datasets\final_combined_datasets\PLUE\P\PLUE_P_064.jpg,Potato,P,uncontrolled,dc17c66680f82f47,Pest
Z:\Projects\Smart-Farming\Datasets\final_combined_datasets\PLUE\P\PLUE_P_065.jpg,Potato,P,uncontrolled,df42cb27c8bf018a,Pest
Z:\Projects\Smart-Farming\Datasets\final_combined_datasets\PLUE\P\PLUE_P_066.jpg,Potato,P,uncontrolled,82d23acaabc9bb4c,Pest
Z:\Projects\Smart-Farming\Datasets\final_combined_datasets\PLUE\P\PLUE_P_067.jpg,Potato,P,uncontrolled,df486a17a4529f49,Pest
Z:\Projects\Smart-Farming\Datasets\final_combined_datasets\PLUE\P\PLUE_P_068.jpg,Potato,P,uncontrolled,df79680527dad288,Pest
Z:\Projects\Smart-Farming\Datasets\final_combined_datasets\PLUE\P\PLUE_P_069.jpg,Potato,P,uncontrolled,de0e2bde84499175,Pest
Z:\Projects\Smart-Farming\Datasets\final_combined_datasets\PLUE\P\PLUE_P_070.jpg,Potato,P,uncontrolled,c47f2f66358c5688,Pest
Z:\Projects\Smart-Farming\Datasets\final_combined_datasets\PLUE\P\PLUE_P_071.jpg,Potato,P,uncontrolled,d65238898bfcdc07,Pest
Z:\Projects\Smart-Farming\Datasets\final_combined_datasets\PLUE\P\PLUE_P_072.jpg,Potato,P,uncontrolled,feb090da9351da25,Pest
Z:\Projects\Smart-Farming\Datasets\final_combined_datasets\PLUE\P\PLUE_P_073.jpg,Potato,P,uncontrolled,cfc86f8024def0a9,Pest
Z:\Projects\Smart-Farming\Datasets\final_combined_datasets\PLUE\P\PLUE_P_074.jpg,Potato,P,uncontrolled,ff84a1ae9c92d4c2,Pest
Z:\Projects\Smart-Farming\Datasets\final_combined_datasets\PLUE\P\PLUE_P_075.jpg,Potato,P,uncontrolled,c56fa86da570f228,Pest
Z:\Projects\Smart-Farming\Datasets\final_combined_datasets\PLUE\P\PLUE_P_076.jpg,Potato,P,uncontrolled,c16e792d29757582,Pest
Z:\Projects\Smart-Farming\Datasets\final_combined_datasets\PLUE\P\PLUE_P_077.jpg,Potato,P,uncontrolled,e8bfeab88248956c,Pest
Z:\Projects\Smart-Farming\Datasets\final_combined_datasets\PLUE\P\PLUE_P_078.jpg,Potato,P,uncontrolled,962a33e326b193cb,Pest
Z:\Projects\Smart-Farming\Datasets\final_combined_datasets\PLUE\P\PLUE_P_079.jpg,Potato,P,uncontrolled,dfb44924d57482cd,Pest
Z:\Projects\Smart-Farming\Datasets\final_combined_datasets\PLUE\P\PLUE_P_080.jpg,Potato,P,uncontrolled,f0d1ea398c32dea2,Pest
Z:\Projects\Smart-Farming\Datasets\final_combined_datasets\PLUE\P\PLUE_P_081.jpg,Potato,P,uncontrolled,de6b38a7e0c68ac4,Pest
Z:\Projects\Smart-Farming\Datasets\final_combined_datasets\PLUE\P\PLUE_P_082.jpg,Potato,P,uncontrolled,df166997205a5a55,Pest
Z:\Projects\Smart-Farming\Datasets\final_combined_datasets\PLUE\P\PLUE_P_083.jpg,Potato,P,uncontrolled,d51ea53887718667,Pest
Z:\Projects\Smart-Farming\Datasets\final_combined_datasets\PLUE\P\PLUE_P_084.jpg,Potato,P,uncontrolled,d82ecb3c9f7018a3,Pest
Z:\Projects\Smart-Farming\Datasets\final_combined_datasets\PLUE\P\PLUE_P_085.jpg,Potato,P,uncontrolled,d126c93c9f603cc7,Pest
Z:\Projects\Smart-Farming\Datasets\final_combined_datasets\PLUE\P\PLUE_P_086.jpg,Potato,P,uncontrolled,c570367b752bb812,Pest
Z:\Projects\Smart-Farming\Datasets\final_combined_datasets\PLUE\P\PLUE_P_087.jpg,Potato,P,uncontrolled,cd7d683074b2b552,Pest
Z:\Projects\Smart-Farming\Datasets\final_combined_datasets\PLUE\P\PLUE_P_088.jpg,Potato,P,uncontrolled,916e3555f8b5c9c0,Pest
Z:\Projects\Smart-Farming\Datasets\final_combined_datasets\PLUE\P\PLUE_P_089.jpg,Potato,P,uncontrolled,ed7138612034e73f,Pest
Z:\Projects\Smart-Farming\Datasets\final_combined_datasets\PLUE\P\PLUE_P_090.jpg,Potato,P,uncontrolled,c4b86ad2b5b9ba84,Pest
Z:\Projects\Smart-Farming\Datasets\final_combined_datasets\PLUE\P\PLUE_P_091.jpg,Potato,P,uncontrolled,88dbb5d116c91b6c,Pest
Z:\Projects\Smart-Farming\Datasets\final_combined_datasets\PLUE\P\PLUE_P_093.jpg,Potato,P,uncontrolled,8bc33d2da9b287a2,Pest
Z:\Projects\Smart-Farming\Datasets\final_combined_datasets\PLUE\P\PLUE_P_094.jpg,Potato,P,uncontrolled,c83b17a3aa9c254f,Pest
Z:\Projects\Smart-Farming\Datasets\final_combined_datasets\PLUE\P\PLUE_P_095.jpg,Potato,P,uncontrolled,c4de229a619b756c,Pest
Z:\Projects\Smart-Farming\Datasets\final_combined_datasets\PLUE\P\PLUE_P_096.jpg,Potato,P,uncontrolled,d9c6369a2425daa7,Pest
Z:\Projects\Smart-Farming\Datasets\final_combined_datasets\PLUE\P\PLUE_P_097.jpg,Potato,P,uncontrolled,a22b58a66f51e655,Pest
Z:\Projects\Smart-Farming\Datasets\final_combined_datasets\PLUE\P\PLUE_P_098.jpg,Potato,P,uncontrolled,ace0d5a05f8b252f,Pest
Z:\Projects\Smart-Farming\Datasets\final_combined_datasets\PLUE\P\PLUE_P_099.jpg,Potato,P,uncontrolled,9d23367f8781d0d1,Pest
Z:\Projects\Smart-Farming\Datasets\final_combined_datasets\PLUE\P\PLUE_P_100.jpg,Potato,P,uncontrolled,dd78134d6c6a1ad4,Pest
Z:\Projects\Smart-Farming\Datasets\final_combined_datasets\PLUE\P\PLUE_P_101.jpg,Potato,P,uncontrolled,8d097c7706a2f36c,Pest
Z:\Projects\Smart-Farming\Datasets\final_combined_datasets\PLUE\P\PLUE_P_102.jpg,Potato,P,uncontrolled,8c6503c3b98a773e,Pest
Z:\Projects\Smart-Farming\Datasets\final_combined_datasets\PLUE\P\PLUE_P_103.jpg,Potato,P,uncontrolled,c1781bc7329a2b6d,Pest
Z:\Projects\Smart-Farming\Datasets\final_combined_datasets\PLUE\P\PLUE_P_104.jpg,Potato,P,uncontrolled,ce8135af7ad4318a,Pest
Z:\Projects\Smart-Farming\Datasets\final_combined_datasets\PLUE\P\PLUE_P_105.jpg,Potato,P,uncontrolled,ac2561da626a79f4,Pest
Z:\Projects\Smart-Farming\Datasets\final_combined_datasets\PLUE\P\PLUE_P_106.jpg,Potato,P,uncontrolled,c0a94d5d2b6055f7,Pest
Z:\Projects\Smart-Farming\Datasets\final_combined_datasets\PLUE\P\PLUE_P_107.jpg,Potato,P,uncontrolled,992d5c0cdea43d8d,Pest
Z:\Projects\Smart-Farming\Datasets\final_combined_datasets\PLUE\P\PLUE_P_108.jpg,Potato,P,uncontrolled,c1a96b8eb4bc9694,Pest
Z:\Projects\Smart-Farming\Datasets\final_combined_datasets\PLUE\P\PLUE_P_109.jpg,Potato,P,uncontrolled,c2ff6492139b1726,Pest
Z:\Projects\Smart-Farming\Datasets\final_combined_datasets\PLUE\P\PLUE_P_110.jpg,Potato,P,uncontrolled,d21c6bc2c3978d69,Pest
Z:\Projects\Smart-Farming\Datasets\final_combined_datasets\PLUE\P\PLUE_P_111.jpg,Potato,P,uncontrolled,8b3c754f12b153a9,Pest
Z:\Projects\Smart-Farming\Datasets\final_combined_datasets\PLUE\P\PLUE_P_112.jpg,Potato,P,uncontrolled,933c7ac4cd2a74a3,Pest
Z:\Projects\Smart-Farming\Datasets\final_combined_datasets\PLUE\P\PLUE_P_113.jpg,Potato,P,uncontrolled,923c684cf5aa91dd,Pest
Z:\Projects\Smart-Farming\Datasets\final_combined_datasets\PLUE\P\PLUE_P_114.jpg,Potato,P,uncontrolled,9f80f72956ad2a32,Pest
Z:\Projects\Smart-Farming\Datasets\final_combined_datasets\PLUE\P\PLUE_P_115.jpg,Potato,P,uncontrolled,8ba079a4df96a46a,Pest
Z:\Projects\Smart-Farming\Datasets\final_combined_datasets\PLUE\P\PLUE_P_116.jpg,Potato,P,uncontrolled,c9207fabde49928c,Pest
Z:\Projects\Smart-Farming\Datasets\final_combined_datasets\PLUE\P\PLUE_P_117.jpg,Potato,P,uncontrolled,80713ec61f4b7a1b,Pest
Z:\Projects\Smart-Farming\Datasets\final_combined_datasets\PLUE\P\PLUE_P_118.jpg,Potato,P,uncontrolled,960aad3d63b1d227,Pest
Z:\Projects\Smart-Farming\Datasets\final_combined_datasets\PLUE\P\PLUE_P_119.jpg,Potato,P,uncontrolled,f0e7c08e8dbc1cd1,Pest
Z:\Projects\Smart-Farming\Datasets\final_combined_datasets\PLUE\P\PLUE_P_120.jpg,Potato,P,uncontrolled,e09d8e3459b384db,Pest
Z:\Projects\Smart-Farming\Datasets\final_combined_datasets\PLUE\P\PLUE_P_121.jpg,Potato,P,uncontrolled,b9846eb816fa918e,Pest
Z:\Projects\Smart-Farming\Datasets\final_combined_datasets\PLUE\P\PLUE_P_122.jpg,Potato,P,uncontrolled,cf2738d0a1c98be5,Pest
Z:\Projects\Smart-Farming\Datasets\final_combined_datasets\PLUE\P\PLUE_P_123.jpg,Potato,P,uncontrolled,cec17441063ddbe3,Pest
Z:\Projects\Smart-Farming\Datasets\final_combined_datasets\PLUE\P\PLUE_P_124.jpg,Potato,P,uncontrolled,cd09b0ade2a5a3da,Pest
Z:\Projects\Smart-Farming\Datasets\final_combined_datasets\PLUE\P\PLUE_P_125.jpg,Potato,P,uncontrolled,daa5574aa61aa5b8,Pest
Z:\Projects\Smart-Farming\Datasets\final_combined_datasets\PLUE\P\PLUE_P_126.jpg,Potato,P,uncontrolled,a5947169c5f1370b,Pest
Z:\Projects\Smart-Farming\Datasets\final_combined_datasets\PLUE\P\PLUE_P_127.jpg,Potato,P,uncontrolled,b28138afb5d42f62,Pest
Z:\Projects\Smart-Farming\Datasets\final_combined_datasets\PLUE\P\PLUE_P_128.jpg,Potato,P,uncontrolled,8bb43b1cb869199b,Pest
Z:\Projects\Smart-Farming\Datasets\final_combined_datasets\PLUE\P\PLUE_P_129.jpg,Potato,P,uncontrolled,ca836f7cb866c720,Pest
Z:\Projects\Smart-Farming\Datasets\final_combined_datasets\PLUE\P\PLUE_P_130.jpg,Potato,P,uncontrolled,983f678cdc832935,Pest
Z:\Projects\Smart-Farming\Datasets\final_combined_datasets\PLUE\P\PLUE_P_131.jpg,Potato,P,uncontrolled,d2f17022a0d7f81f,Pest
Z:\Projects\Smart-Farming\Datasets\final_combined_datasets\PLUE\P\PLUE_P_132.jpg,Potato,P,uncontrolled,d4d97061a0d7f09e,Pest
Z:\Projects\Smart-Farming\Datasets\final_combined_datasets\PLUE\P\PLUE_P_133.jpg,Potato,P,uncontrolled,d5eb198aa540f66c,Pest
Z:\Projects\Smart-Farming\Datasets\final_combined_datasets\PLUE\P\PLUE_P_134.jpg,Potato,P,uncontrolled,e03e2bf09bc36f04,Pest
Z:\Projects\Smart-Farming\Datasets\final_combined_datasets\PLUE\P\PLUE_P_135.jpg,Potato,P,uncontrolled,c15e7a3087b585f1,Pest
Z:\Projects\Smart-Farming\Datasets\final_combined_datasets\PLUE\P\PLUE_P_136.jpg,Potato,P,uncontrolled,b58a7afb01fb5c00,Pest
Z:\Projects\Smart-Farming\Datasets\final_combined_datasets\PLUE\P\PLUE_P_137.jpg,Potato,P,uncontrolled,fe2c294242f9d8da,Pest
Z:\Projects\Smart-Farming\Datasets\final_combined_datasets\PLUE\P\PLUE_P_138.jpg,Potato,P,uncontrolled,c0b88439be9ee179,Pest
Z:\Projects\Smart-Farming\Datasets\final_combined_datasets\PLUE\P\PLUE_P_139.jpg,Potato,P,uncontrolled,df3861ef93ec1a00,Pest
Z:\Projects\Smart-Farming\Datasets\final_combined_datasets\PLUE\P\PLUE_P_140.jpg,Potato,P,uncontrolled,fa3f3c0bc0740e66,Pest
Z:\Projects\Smart-Farming\Datasets\final_combined_datasets\PLUE\P\PLUE_P_141.jpg,Potato,P,uncontrolled,fe1ce29ec6509664,Pest
Z:\Projects\Smart-Farming\Datasets\final_combined_datasets\PLUE\P\PLUE_P_142.jpg,Potato,P,uncontrolled,a0b7b450ffe18cc1,Pest
Z:\Projects\Smart-Farming\Datasets\final_combined_datasets\PLUE\P\PLUE_P_143.jpg,Potato,P,uncontrolled,8d56387e21ecd46c,Pest
Z:\Projects\Smart-Farming\Datasets\final_combined_datasets\PLUE\P\PLUE_P_144.jpg,Potato,P,uncontrolled,c6b9a6391c05e573,Pest
Z:\Projects\Smart-Farming\Datasets\final_combined_datasets\PLUE\P\PLUE_P_145.jpg,Potato,P,uncontrolled,eb5d075c5511a6aa,Pest
Z:\Projects\Smart-Farming\Datasets\final_combined_datasets\PLUE\P\PLUE_P_146.jpg,Potato,P,uncontrolled,eaab1ad155d08d8b,Pest
Z:\Projects\Smart-Farming\Datasets\final_combined_datasets\PLUE\P\PLUE_P_147.jpg,Potato,P,uncontrolled,eaea38d15754a8d8,Pest
Z:\Projects\Smart-Farming\Datasets\final_combined_datasets\PLUE\P\PLUE_P_148.jpg,Potato,P,uncontrolled,e87933958b4d92c9,Pest
Z:\Projects\Smart-Farming\Datasets\final_combined_datasets\PLUE\P\PLUE_P_149.jpg,Potato,P,uncontrolled,ebf0bf0f098621d8,Pest
Z:\Projects\Smart-Farming\Datasets\final_combined_datasets\PLUE\P\PLUE_P_150.jpg,Potato,P,uncontrolled,ee61bb85d411c49e,Pest
Z:\Projects\Smart-Farming\Datasets\final_combined_datasets\PLUE\P\PLUE_P_151.jpg,Potato,P,uncontrolled,e1951de7ac954d28,Pest
Z:\Projects\Smart-Farming\Datasets\final_combined_datasets\PLUE\P\PLUE_P_152.jpg,Potato,P,uncontrolled,fe1082fe69574b05,Pest
Z:\Projects\Smart-Farming\Datasets\final_combined_datasets\PLUE\P\PLUE_P_153.jpg,Potato,P,uncontrolled,f9d43548ca2b33a9,Pest
Z:\Projects\Smart-Farming\Datasets\final_combined_datasets\PLUE\P\PLUE_P_154.jpg,Potato,P,uncontrolled,f8c1c39f18c11ee3,Pest
Z:\Projects\Smart-Farming\Datasets\final_combined_datasets\PLUE\P\PLUE_P_155.jpg,Potato,P,uncontrolled,b69696686b6b0935,Pest
Z:\Projects\Smart-Farming\Datasets\final_combined_datasets\PLUE\P\PLUE_P_156.jpg,Potato,P,uncontrolled,ef87c890b18fa3a4,Pest
Z:\Projects\Smart-Farming\Datasets\final_combined_datasets\PLUE\P\PLUE_P_157.jpg,Potato,P,uncontrolled,f83fb1603aa610eb,Pest
Z:\Projects\Smart-Farming\Datasets\final_combined_datasets\PLUE\P\PLUE_P_158.jpg,Potato,P,uncontrolled,eaa8c37cd7211f11,Pest
Z:\Projects\Smart-Farming\Datasets\final_combined_datasets\PLUE\P\PLUE_P_159.jpg,Potato,P,uncontrolled,b09f7f5200be31a6,Pest
Z:\Projects\Smart-Farming\Datasets\final_combined_datasets\PLUE\P\PLUE_P_160.jpg,Potato,P,uncontrolled,b5dc7fe0a0a9644c,Pest
Z:\Projects\Smart-Farming\Datasets\final_combined_datasets\PLUE\P\PLUE_P_161.jpg,Potato,P,uncontrolled,ed2d691b3365ca90,Pest
Z:\Projects\Smart-Farming\Datasets\final_combined_datasets\PLUE\P\PLUE_P_162.jpg,Potato,P,uncontrolled,feed3285851c1372,Pest
Z:\Projects\Smart-Farming\Datasets\final_combined_datasets\PLUE\P\PLUE_P_163.jpg,Potato,P,uncontrolled,fe0070ce06e673e3,Pest
Z:\Projects\Smart-Farming\Datasets\final_combined_datasets\PLUE\P\PLUE_P_164.jpg,Potato,P,uncontrolled,d8151ff5e6202ce9,Pest
Z:\Projects\Smart-Farming\Datasets\final_combined_datasets\PLUE\P\PLUE_P_165.jpg,Potato,P,uncontrolled,8fa7f025d1983556,Pest
Z:\Projects\Smart-Farming\Datasets\final_combined_datasets\PLUE\P\PLUE_P_166.jpg,Potato,P,uncontrolled,81b1d8dec68367d1,Pest
Z:\Projects\Smart-Farming\Datasets\final_combined_datasets\PLUE\P\PLUE_P_167.jpg,Potato,P,uncontrolled,e38c785cd823b707,Pest
Z:\Projects\Smart-Farming\Datasets\final_combined_datasets\PLUE\P\PLUE_P_168.jpg,Potato,P,uncontrolled,c04139c71fde9a9a,Pest
Z:\Projects\Smart-Farming\Datasets\final_combined_datasets\PLUE\P\PLUE_P_169.jpg,Potato,P,uncontrolled,96b578f15f0c407c,Pest
Z:\Projects\Smart-Farming\Datasets\final_combined_datasets\PLUE\P\PLUE_P_170.jpg,Potato,P,uncontrolled,ada1a5d91f6ccc60,Pest
Z:\Projects\Smart-Farming\Datasets\final_combined_datasets\PLUE\P\PLUE_P_171.jpg,Potato,P,uncontrolled,d71d6c1bf9801333,Pest
Z:\Projects\Smart-Farming\Datasets\final_combined_datasets\PLUE\P\PLUE_P_172.jpg,Potato,P,uncontrolled,d518a017d1a76f6c,Pest
Z:\Projects\Smart-Farming\Datasets\final_combined_datasets\PLUE\P\PLUE_P_173.jpg,Potato,P,uncontrolled,a9b5ed9c64604f13,Pest
Z:\Projects\Smart-Farming\Datasets\final_combined_datasets\PLUE\P\PLUE_P_174.jpg,Potato,P,uncontrolled,b843bcc0fde0dad0,Pest
Z:\Projects\Smart-Farming\Datasets\final_combined_datasets\PLUE\P\PLUE_P_175.jpg,Potato,P,uncontrolled,a067bc7e816edb20,Pest
Z:\Projects\Smart-Farming\Datasets\final_combined_datasets\PLUE\P\PLUE_P_176.jpg,Potato,P,uncontrolled,ab833d35c7062e1e,Pest
Z:\Projects\Smart-Farming\Datasets\final_combined_datasets\PLUE\P\PLUE_P_177.jpg,Potato,P,uncontrolled,eff0a0e0c243cfc9,Pest
Z:\Projects\Smart-Farming\Datasets\final_combined_datasets\PLUE\P\PLUE_P_178.jpg,Potato,P,uncontrolled,ef7abee8a80024d5,Pest
Z:\Projects\Smart-Farming\Datasets\final_combined_datasets\PLUE\P\PLUE_P_179.jpg,Potato,P,uncontrolled,e0a7f387873c684a,Pest
Z:\Projects\Smart-Farming\Datasets\final_combined_datasets\PLUE\P\PLUE_P_180.jpg,Potato,P,uncontrolled,cf53e10f013f1f03,Pest
Z:\Projects\Smart-Farming\Datasets\final_combined_datasets\PLUE\P\PLUE_P_181.jpg,Potato,P,uncontrolled,9d43507807de0f2f,Pest
Z:\Projects\Smart-Farming\Datasets\final_combined_datasets\PLUE\P\PLUE_P_182.jpg,Potato,P,uncontrolled,9c470369ec0fe88f,Pest
Z:\Projects\Smart-Farming\Datasets\final_combined_datasets\PLUE\P\PLUE_P_183.jpg,Potato,P,uncontrolled,a47838c1598b7e1f,Pest
Z:\Projects\Smart-Farming\Datasets\final_combined_datasets\PLUE\P\PLUE_P_184.jpg,Potato,P,uncontrolled,a9b4f06b4f390cd2,Pest
Z:\Projects\Smart-Farming\Datasets\final_combined_datasets\PLUE\P\PLUE_P_185.jpg,Potato,P,uncontrolled,8a87f1d3e3209f98,Pest
Z:\Projects\Smart-Farming\Datasets\final_combined_datasets\PLUE\P\PLUE_P_186.jpg,Potato,P,uncontrolled,df36337a8e4b0886,Pest
Z:\Projects\Smart-Farming\Datasets\final_combined_datasets\PLUE\P\PLUE_P_187.jpg,Potato,P,uncontrolled,e35ba778c5088739,Pest
Z:\Projects\Smart-Farming\Datasets\final_combined_datasets\PLUE\P\PLUE_P_188.jpg,Potato,P,uncontrolled,8de089e58bb27783,Pest
Z:\Projects\Smart-Farming\Datasets\final_combined_datasets\PLUE\P\PLUE_P_189.jpg,Potato,P,uncontrolled,89e7db6992a69492,Pest
Z:\Projects\Smart-Farming\Datasets\final_combined_datasets\PLUE\P\PLUE_P_190.jpg,Potato,P,uncontrolled,922dea2616ce3727,Pest
Z:\Projects\Smart-Farming\Datasets\final_combined_datasets\PLUE\P\PLUE_P_191.jpg,Potato,P,uncontrolled,ea9507559d5554ca,Pest
Z:\Projects\Smart-Farming\Datasets\final_combined_datasets\PLUE\P\PLUE_P_192.jpg,Potato,P,uncontrolled,ab5aa21b81709f3b,Pest
Z:\Projects\Smart-Farming\Datasets\final_combined_datasets\PLUE\P\PLUE_P_193.jpg,Potato,P,uncontrolled,e222d5cf0f9c89b8,Pest
Z:\Projects\Smart-Farming\Datasets\final_combined_datasets\PLUE\P\PLUE_P_194.jpg,Potato,P,uncontrolled,e222dfdf08999919,Pest
Z:\Projects\Smart-Farming\Datasets\final_combined_datasets\PLUE\P\PLUE_P_195.jpg,Potato,P,uncontrolled,fae5e8ce46a20749,Pest
Z:\Projects\Smart-Farming\Datasets\final_combined_datasets\PLUE\P\PLUE_P_196.jpg,Potato,P,uncontrolled,fa3caf642df89021,Pest
Z:\Projects\Smart-Farming\Datasets\final_combined_datasets\PLUE\P\PLUE_P_197.jpg,Potato,P,uncontrolled,fe83303761e46b34,Pest
Z:\Projects\Smart-Farming\Datasets\final_combined_datasets\PLUE\P\PLUE_P_198.jpg,Potato,P,uncontrolled,fa71b0f7a1072f04,Pest
Z:\Projects\Smart-Farming\Datasets\final_combined_datasets\PLUE\P\PLUE_P_199.jpg,Potato,P,uncontrolled,aabce5ebc508a2f0,Pest
Z:\Projects\Smart-Farming\Datasets\final_combined_datasets\PLUE\P\PLUE_P_200.jpg,Potato,P,uncontrolled,fec1b079f054c0e5,Pest
Z:\Projects\Smart-Farming\Datasets\final_combined_datasets\PLUE\P\PLUE_P_201.jpg,Potato,P,uncontrolled,ef3d3291013c76b8,Pest
Z:\Projects\Smart-Farming\Datasets\final_combined_datasets\PLUE\P\PLUE_P_202.jpg,Potato,P,uncontrolled,e8573fd2e34a84c8,Pest
Z:\Projects\Smart-Farming\Datasets\final_combined_datasets\PLUE\P\PLUE_P_203.jpg,Potato,P,uncontrolled,ab30ab17a7573056,Pest
Z:\Projects\Smart-Farming\Datasets\final_combined_datasets\PLUE\P\PLUE_P_204.jpg,Potato,P,uncontrolled,ee803f11f5ff0212,Pest
Z:\Projects\Smart-Farming\Datasets\final_combined_datasets\PLUE\P\PLUE_P_205.jpg,Potato,P,uncontrolled,ab56bfc0d1138ad2,Pest
Z:\Projects\Smart-Farming\Datasets\final_combined_datasets\PLUE\P\PLUE_P_206.jpg,Potato,P,uncontrolled,aa572fead510ab50,Pest
Z:\Projects\Smart-Farming\Datasets\final_combined_datasets\PLUE\P\PLUE_P_207.jpg,Potato,P,uncontrolled,ead56a65a8ed442a,Pest
Z:\Projects\Smart-Farming\Datasets\final_combined_datasets\PLUE\P\PLUE_P_208.jpg,Potato,P,uncontrolled,ea550a49ab096b7e,Pest
Z:\Projects\Smart-Farming\Datasets\final_combined_datasets\PLUE\P\PLUE_P_209.jpg,Potato,P,uncontrolled,ba16995ad32f9342,Pest
Z:\Projects\Smart-Farming\Datasets\final_combined_datasets\PLUE\P\PLUE_P_210.jpg,Potato,P,uncontrolled,ffb87c510056353a,Pest
Z:\Projects\Smart-Farming\Datasets\final_combined_datasets\PLUE\P\PLUE_P_211.jpg,Potato,P,uncontrolled,aaafbeacb232049a,Pest
Z:\Projects\Smart-Farming\Datasets\final_combined_datasets\PLUE\P\PLUE_P_212.jpg,Potato,P,uncontrolled,dddcbcc2213d6780,Pest
Z:\Projects\Smart-Farming\Datasets\final_combined_datasets\PLUE\P\PLUE_P_213.jpg,Potato,P,uncontrolled,aa31a796b413f29a,Pest
Z:\Projects\Smart-Farming\Datasets\final_combined_datasets\PLUE\P\PLUE_P_214.jpg,Potato,P,uncontrolled,da163096d6dcee90,Pest
Z:\Projects\Smart-Farming\Datasets\final_combined_datasets\PLUE\P\PLUE_P_215.jpg,Potato,P,uncontrolled,aa852df5928e6cc6,Pest
Z:\Projects\Smart-Farming\Datasets\final_combined_datasets\PLUE\P\PLUE_P_216.jpg,Potato,P,uncontrolled,ba6a9e68258f86d4,Pest
Z:\Projects\Smart-Farming\Datasets\final_combined_datasets\PLUE\P\PLUE_P_217.jpg,Potato,P,uncontrolled,c7bc03baa81f5b21,Pest
Z:\Projects\Smart-Farming\Datasets\final_combined_datasets\PLUE\P\PLUE_P_218.jpg,Potato,P,uncontrolled,e26b24cec4dec1c5,Pest
Z:\Projects\Smart-Farming\Datasets\final_combined_datasets\PLUE\P\PLUE_P_219.jpg,Potato,P,uncontrolled,e3fc3f2db0c70222,Pest
Z:\Projects\Smart-Farming\Datasets\final_combined_datasets\PLUE\P\PLUE_P_220.jpg,Potato,P,uncontrolled,fbb1f983830bf0a0,Pest
Z:\Projects\Smart-Farming\Datasets\final_combined_datasets\PLUE\P\PLUE_P_221.jpg,Potato,P,uncontrolled,ebe989947f560213,Pest
Z:\Projects\Smart-Farming\Datasets\final_combined_datasets\PLUE\P\PLUE_P_222.jpg,Potato,P,uncontrolled,eaea8b8cbabf4102,Pest
Z:\Projects\Smart-Farming\Datasets\final_combined_datasets\PLUE\P\PLUE_P_223.jpg,Potato,P,uncontrolled,efb83d702aa32c54,Pest
Z:\Projects\Smart-Farming\Datasets\final_combined_datasets\PLUE\P\PLUE_P_224.jpg,Potato,P,uncontrolled,aef4c2d736b63024,Pest
Z:\Projects\Smart-Farming\Datasets\final_combined_datasets\PLUE\P\PLUE_P_225.jpg,Potato,P,uncontrolled,e98a3de8c5ca84ce,Pest
Z:\Projects\Smart-Farming\Datasets\final_combined_datasets\PLUE\P\PLUE_P_226.jpg,Potato,P,uncontrolled,eaeb2daba58b2501,Pest
Z:\Projects\Smart-Farming\Datasets\final_combined_datasets\PLUE\P\PLUE_P_227.jpg,Potato,P,uncontrolled,aa46a737d6c4c2c6,Pest
Z:\Projects\Smart-Farming\Datasets\final_combined_datasets\PLUE\P\PLUE_P_228.jpg,Potato,P,uncontrolled,e2b4b05fc32838e7,Pest
Z:\Projects\Smart-Farming\Datasets\final_combined_datasets\PLUE\P\PLUE_P_229.jpg,Potato,P,uncontrolled,8b16619ee699f099,Pest
Z:\Projects\Smart-Farming\Datasets\final_combined_datasets\PLUE\P\PLUE_P_230.jpg,Potato,P,uncontrolled,ab3e6762910f1077,Pest
Z:\Projects\Smart-Farming\Datasets\final_combined_datasets\PLUE\P\PLUE_P_231.jpg,Potato,P,uncontrolled,c0d77efc0023efc0,Pest
Z:\Projects\Smart-Farming\Datasets\final_combined_datasets\PLUE\P\PLUE_P_232.jpg,Potato,P,uncontrolled,86f07bd0bcda148d,Pest
Z:\Projects\Smart-Farming\Datasets\final_combined_datasets\PLUE\P\PLUE_P_233.jpg,Potato,P,uncontrolled,d06362269df4c68f,Pest
Z:\Projects\Smart-Farming\Datasets\final_combined_datasets\PLUE\P\PLUE_P_234.jpg,Potato,P,uncontrolled,831f7f4ae07a8178,Pest
Z:\Projects\Smart-Farming\Datasets\final_combined_datasets\PLUE\P\PLUE_P_235.jpg,Potato,P,uncontrolled,98e25ece6b0764b2,Pest
Z:\Projects\Smart-Farming\Datasets\final_combined_datasets\PLUE\P\PLUE_P_236.jpg,Potato,P,uncontrolled,d6a97a4d3508257d,Pest
Z:\Projects\Smart-Farming\Datasets\final_combined_datasets\PLUE\P\PLUE_P_238.jpg,Potato,P,uncontrolled,aa94b59595c87f0a,Pest
Z:\Projects\Smart-Farming\Datasets\final_combined_datasets\PLUE\P\PLUE_P_239.jpg,Potato,P,uncontrolled,a2ee64e4917636b1,Pest
Z:\Projects\Smart-Farming\Datasets\final_combined_datasets\PLUE\P\PLUE_P_240.jpg,Potato,P,uncontrolled,b8b9f60b4c668a27,Pest
Z:\Projects\Smart-Farming\Datasets\final_combined_datasets\PLUE\P\PLUE_P_241.jpg,Potato,P,uncontrolled,98e7715f0399068f,Pest
Z:\Projects\Smart-Farming\Datasets\final_combined_datasets\PLUE\P\PLUE_P_242.jpg,Potato,P,uncontrolled,80122507dea8ff77,Pest
Z:\Projects\Smart-Farming\Datasets\final_combined_datasets\PLUE\P\PLUE_P_243.jpg,Potato,P,uncontrolled,9dcf2ccc23b113c6,Pest
Z:\Projects\Smart-Farming\Datasets\final_combined_datasets\PLUE\P\PLUE_P_244.jpg,Potato,P,uncontrolled,9fc829e1732356c6,Pest
Z:\Projects\Smart-Farming\Datasets\final_combined_datasets\PLUE\P\PLUE_P_245.jpg,Potato,P,uncontrolled,b52d23708e773c1c,Pest
Z:\Projects\Smart-Farming\Datasets\final_combined_datasets\PLUE\P\PLUE_P_246.jpg,Potato,P,uncontrolled,ea0a4ed65c599173,Pest
Z:\Projects\Smart-Farming\Datasets\final_combined_datasets\PLUE\P\PLUE_P_247.jpg,Potato,P,uncontrolled,8f820ecfd901f6c6,Pest
Z:\Projects\Smart-Farming\Datasets\final_combined_datasets\PLUE\P\PLUE_P_248.jpg,Potato,P,uncontrolled,951c3830b971c7eb,Pest
Z:\Projects\Smart-Farming\Datasets\final_combined_datasets\PLUE\P\PLUE_P_249.jpg,Potato,P,uncontrolled,96cc731fc71be090,Pest
Z:\Projects\Smart-Farming\Datasets\final_combined_datasets\PLUE\P\PLUE_P_250.jpg,Potato,P,uncontrolled,a50e79c699d93893,Pest
Z:\Projects\Smart-Farming\Datasets\final_combined_datasets\PLUE\P\PLUE_P_251.jpg,Potato,P,uncontrolled,be49769cedd39008,Pest
Z:\Projects\Smart-Farming\Datasets\final_combined_datasets\PLUE\P\PLUE_P_252.jpg,Potato,P,uncontrolled,bd5077c0f8f8c960,Pest
Z:\Projects\Smart-Farming\Datasets\final_combined_datasets\PLUE\P\PLUE_P_253.jpg,Potato,P,uncontrolled,b170e30799e01cf7,Pest
Z:\Projects\Smart-Farming\Datasets\final_combined_datasets\PLUE\P\PLUE_P_254.jpg,Potato,P,uncontrolled,b839e3c798e00ce7,Pest
Z:\Projects\Smart-Farming\Datasets\final_combined_datasets\PLUE\P\PLUE_P_255.jpg,Potato,P,uncontrolled,8f4a349d72f0eac2,Pest
Z:\Projects\Smart-Farming\Datasets\final_combined_datasets\PLUE\P\PLUE_P_256.jpg,Potato,P,uncontrolled,a5e88c969c98da9b,Pest
Z:\Projects\Smart-Farming\Datasets\final_combined_datasets\PLUE\P\PLUE_P_257.jpg,Potato,P,uncontrolled,a56cecc7141d18fc,Pest
Z:\Projects\Smart-Farming\Datasets\final_combined_datasets\PLUE\P\PLUE_P_258.jpg,Potato,P,uncontrolled,8a8ea2861ef8b1ee,Pest
Z:\Projects\Smart-Farming\Datasets\final_combined_datasets\PLUE\P\PLUE_P_259.jpg,Potato,P,uncontrolled,8b8f29e381037e7c,Pest
Z:\Projects\Smart-Farming\Datasets\final_combined_datasets\PLUE\P\PLUE_P_260.jpg,Potato,P,uncontrolled,aa9f64b2461f6ae0,Pest
Z:\Projects\Smart-Farming\Datasets\final_combined_datasets\PLUE\P\PLUE_P_261.jpg,Potato,P,uncontrolled,a6d2db1ce121638f,Pest
Z:\Projects\Smart-Farming\Datasets\final_combined_datasets\PLUE\P\PLUE_P_262.jpg,Potato,P,uncontrolled,88f43bc6d09cc763,Pest
Z:\Projects\Smart-Farming\Datasets\final_combined_datasets\PLUE\P\PLUE_P_263.jpg,Potato,P,uncontrolled,ae81dc87c5dc23d8,Pest
Z:\Projects\Smart-Farming\Datasets\final_combined_datasets\PLUE\P\PLUE_P_264.jpg,Potato,P,uncontrolled,ac5f257f862408d7,Pest
Z:\Projects\Smart-Farming\Datasets\final_combined_datasets\PLUE\P\PLUE_P_265.jpg,Potato,P,uncontrolled,9f8362cf8598d23c,Pest
Z:\Projects\Smart-Farming\Datasets\final_combined_datasets\PLUE\P\PLUE_P_266.jpg,Potato,P,uncontrolled,b19b2f486097695e,Pest
Z:\Projects\Smart-Farming\Datasets\final_combined_datasets\PLUE\P\PLUE_P_267.jpg,Potato,P,uncontrolled,dac11596c73314d7,Pest
Z:\Projects\Smart-Farming\Datasets\final_combined_datasets\PLUE\P\PLUE_P_268.jpg,Potato,P,uncontrolled,913cd199356bd523,Pest
Z:\Projects\Smart-Farming\Datasets\final_combined_datasets\PLUE\P\PLUE_P_269.jpg,Potato,P,uncontrolled,8e3d1fa53822f94a,Pest
Z:\Projects\Smart-Farming\Datasets\final_combined_datasets\PLUE\P\PLUE_P_270.jpg,Potato,P,uncontrolled,d2555e1a2c7aa969,Pest
Z:\Projects\Smart-Farming\Datasets\final_combined_datasets\PLUE\P\PLUE_P_271.jpg,Potato,P,uncontrolled,fd62c4a080fc6e4f,Pest
Z:\Projects\Smart-Farming\Datasets\final_combined_datasets\PLUE\P\PLUE_P_272.jpg,Potato,P,uncontrolled,fa5aea78877a0423,Pest
Z:\Projects\Smart-Farming\Datasets\final_combined_datasets\PLUE\P\PLUE_P_273.jpg,Potato,P,uncontrolled,eaaac5d0948d1e3b,Pest
Z:\Projects\Smart-Farming\Datasets\final_combined_datasets\PLUE\P\PLUE_P_274.jpg,Potato,P,uncontrolled,bfe8b1f4d2c4cb00,Pest
Z:\Projects\Smart-Farming\Datasets\final_combined_datasets\PLUE\P\PLUE_P_275.jpg,Potato,P,uncontrolled,ab3c901e16e0db1f,Pest
Z:\Projects\Smart-Farming\Datasets\final_combined_datasets\PLUE\P\PLUE_P_276.jpg,Potato,P,uncontrolled,bd48b66c13be19a4,Pest
Z:\Projects\Smart-Farming\Datasets\final_combined_datasets\PLUE\P\PLUE_P_277.jpg,Potato,P,uncontrolled,ac83c5791d3f0f0c,Pest
Z:\Projects\Smart-Farming\Datasets\final_combined_datasets\PLUE\P\PLUE_P_278.jpg,Potato,P,uncontrolled,eaaba570c6731163,Pest
Z:\Projects\Smart-Farming\Datasets\final_combined_datasets\PLUE\P\PLUE_P_279.jpg,Potato,P,uncontrolled,fc8aa17d8631a556,Pest
Z:\Projects\Smart-Farming\Datasets\final_combined_datasets\PLUE\P\PLUE_P_280.jpg,Potato,P,uncontrolled,fbcab549d105c817,Pest
Z:\Projects\Smart-Farming\Datasets\final_combined_datasets\PLUE\P\PLUE_P_281.jpg,Potato,P,uncontrolled,8a8d6c9b9c30eb3c,Pest
Z:\Projects\Smart-Farming\Datasets\final_combined_datasets\PLUE\P\PLUE_P_282.jpg,Potato,P,uncontrolled,ab6d8520c7448eef,Pest
Z:\Projects\Smart-Farming\Datasets\final_combined_datasets\PLUE\P\PLUE_P_283.jpg,Potato,P,uncontrolled,8d9a8bca94b163ad,Pest
Z:\Projects\Smart-Farming\Datasets\final_combined_datasets\PLUE\P\PLUE_P_284.jpg,Potato,P,uncontrolled,908033bd17733f1d,Pest
Z:\Projects\Smart-Farming\Datasets\final_combined_datasets\PLUE\P\PLUE_P_285.jpg,Potato,P,uncontrolled,df6e2e3a2542f604,Pest
Z:\Projects\Smart-Farming\Datasets\final_combined_datasets\PLUE\P\PLUE_P_286.jpg,Potato,P,uncontrolled,d176071f2c48f65a,Pest
Z:\Projects\Smart-Farming\Datasets\final_combined_datasets\PLUE\P\PLUE_P_287.jpg,Potato,P,uncontrolled,c00a0f44fdf91b5b,Pest
Z:\Projects\Smart-Farming\Datasets\final_combined_datasets\PLUE\P\PLUE_P_288.jpg,Potato,P,uncontrolled,d22e1f70ea490edc,Pest
Z:\Projects\Smart-Farming\Datasets\final_combined_datasets\PLUE\P\PLUE_P_289.jpg,Potato,P,uncontrolled,dfec739c85055924,Pest
Z:\Projects\Smart-Farming\Datasets\final_combined_datasets\PLUE\P\PLUE_P_290.jpg,Potato,P,uncontrolled,e0cb3f8ee012bf09,Pest
Z:\Projects\Smart-Farming\Datasets\final_combined_datasets\PLUE\P\PLUE_P_291.jpg,Potato,P,uncontrolled,d2603d1ab0db3a6d,Pest
Z:\Projects\Smart-Farming\Datasets\final_combined_datasets\PLUE\P\PLUE_P_292.jpg,Potato,P,uncontrolled,f238a1987e31f227,Pest
Z:\Projects\Smart-Farming\Datasets\final_combined_datasets\PLUE\P\PLUE_P_293.jpg,Potato,P,uncontrolled,b2a9a24a770f5a1d,Pest
Z:\Projects\Smart-Farming\Datasets\final_combined_datasets\PLUE\P\PLUE_P_294.jpg,Potato,P,uncontrolled,c56ab5cc8332c9f1,Pest
Z:\Projects\Smart-Farming\Datasets\final_combined_datasets\PLUE\P\PLUE_P_295.jpg,Potato,P,uncontrolled,de83c734c478c732,Pest
Z:\Projects\Smart-Farming\Datasets\final_combined_datasets\PLUE\P\PLUE_P_296.jpg,Potato,P,uncontrolled,d26cbb745ba06992,Pest
Z:\Projects\Smart-Farming\Datasets\final_combined_datasets\PLUE\P\PLUE_P_297.jpg,Potato,P,uncontrolled,d5362b9dd38e8413,Pest
Z:\Projects\Smart-Farming\Datasets\final_combined_datasets\PLUE\P\PLUE_P_298.jpg,Potato,P,uncontrolled,cf3f3091976946a4,Pest
Z:\Projects\Smart-Farming\Datasets\final_combined_datasets\PLUE\P\PLUE_P_299.jpg,Potato,P,uncontrolled,c42f3b7e9848a54d,Pest
Z:\Projects\Smart-Farming\Datasets\final_combined_datasets\PLUE\P\PLUE_P_300.jpg,Potato,P,uncontrolled,e512d2d3b5256789,Pest
Z:\Projects\Smart-Farming\Datasets\final_combined_datasets\PLUE\P\PLUE_P_301.jpg,Potato,P,uncontrolled,f7e22639d513412e,Pest
Z:\Projects\Smart-Farming\Datasets\final_combined_datasets\PLUE\P\PLUE_P_302.jpg,Potato,P,uncontrolled,ed3a723499888bcb,Pest
Z:\Projects\Smart-Farming\Datasets\final_combined_datasets\PLUE\P\PLUE_P_303.jpg,Potato,P,uncontrolled,dc62318c71de3b98,Pest
Z:\Projects\Smart-Farming\Datasets\final_combined_datasets\PLUE\P\PLUE_P_304.jpg,Potato,P,uncontrolled,fd1968e7958bc046,Pest
Z:\Projects\Smart-Farming\Datasets\final_combined_datasets\PLUE\P\PLUE_P_305.jpg,Potato,P,uncontrolled,cba724c3d2695c36,Pest
Z:\Projects\Smart-Farming\Datasets\final_combined_datasets\PLUE\P\PLUE_P_306.jpg,Potato,P,uncontrolled,8e2762871f856ba5,Pest
Z:\Projects\Smart-Farming\Datasets\final_combined_datasets\PLUE\P\PLUE_P_307.jpg,Potato,P,uncontrolled,d321a18b97713ee4,Pest
Z:\Projects\Smart-Farming\Datasets\final_combined_datasets\PLUE\P\PLUE_P_308.jpg,Potato,P,uncontrolled,d061f1da264ba6f8,Pest
Z:\Projects\Smart-Farming\Datasets\final_combined_datasets\PLUE\P\PLUE_P_309.jpg,Potato,P,uncontrolled,a4d710353f2e9e0e,Pest
Z:\Projects\Smart-Farming\Datasets\final_combined_datasets\PLUE\P\PLUE_P_310.jpg,Potato,P,uncontrolled,9a9ff004d26d4d33,Pest
Z:\Projects\Smart-Farming\Datasets\final_combined_datasets\PLUE\P\PLUE_P_311.jpg,Potato,P,uncontrolled,fba226c4a560de17,Pest
Z:\Projects\Smart-Farming\Datasets\final_combined_datasets\PLUE\P\PLUE_P_312.jpg,Potato,P,uncontrolled,cf722cf30c4670cd,Pest
Z:\Projects\Smart-Farming\Datasets\final_combined_datasets\PLUE\P\PLUE_P_313.jpg,Potato,P,uncontrolled,f10530d70278f776,Pest
Z:\Projects\Smart-Farming\Datasets\final_combined_datasets\PLUE\P\PLUE_P_314.jpg,Potato,P,uncontrolled,a3e1d018b267a76e,Pest
Z:\Projects\Smart-Farming\Datasets\final_combined_datasets\PLUE\P\PLUE_P_315.jpg,Potato,P,uncontrolled,c83c2f93bf83806d,Pest
Z:\Projects\Smart-Farming\Datasets\final_combined_datasets\PLUE\P\PLUE_P_317.JPG,Potato,P,uncontrolled,a506c5be9ca0f94b,Pest
Z:\Projects\Smart-Farming\Datasets\final_combined_datasets\PLUE\P\PLUE_P_318.JPG,Potato,P,uncontrolled,8b6abc4ba4691f64,Pest
Z:\Projects\Smart-Farming\Datasets\final_combined_datasets\PLUE\P\PLUE_P_319.JPG,Potato,P,uncontrolled,d16b352ba3b50715,Pest
Z:\Projects\Smart-Farming\Datasets\final_combined_datasets\PLUE\P\PLUE_P_320.JPG,Potato,P,uncontrolled,f10017c0dafcdac7,Pest
Z:\Projects\Smart-Farming\Datasets\final_combined_datasets\PLUE\P\PLUE_P_321.JPG,Potato,P,uncontrolled,8f26eb6cb58c1493,Pest
Z:\Projects\Smart-Farming\Datasets\final_combined_datasets\PLUE\P\PLUE_P_323.JPG,Potato,P,uncontrolled,d71d628caba1ae62,Pest
Z:\Projects\Smart-Farming\Datasets\final_combined_datasets\PLUE\P\PLUE_P_324.JPG,Potato,P,uncontrolled,dcc9f4a89d742334,Pest
Z:\Projects\Smart-Farming\Datasets\final_combined_datasets\PLUE\P\PLUE_P_325.JPG,Potato,P,uncontrolled,e5626e73bad10b88,Pest
Z:\Projects\Smart-Farming\Datasets\final_combined_datasets\PLUE\P\PLUE_P_326.JPG,Potato,P,uncontrolled,9bea355e90bcca30,Pest
Z:\Projects\Smart-Farming\Datasets\final_combined_datasets\PLUE\P\PLUE_P_327.JPG,Potato,P,uncontrolled,cf0ee8fcb540e08b,Pest
Z:\Projects\Smart-Farming\Datasets\final_combined_datasets\PLUE\P\PLUE_P_328.JPG,Potato,P,uncontrolled,952ffc3a8522d5c4,Pest
Z:\Projects\Smart-Farming\Datasets\final_combined_datasets\PLUE\P\PLUE_P_329.JPG,Potato,P,uncontrolled,c8ff31ec674c6608,Pest
Z:\Projects\Smart-Farming\Datasets\final_combined_datasets\PLUE\P\PLUE_P_330.JPG,Potato,P,uncontrolled,eb8895429f177453,Pest
Z:\Projects\Smart-Farming\Datasets\final_combined_datasets\PLUE\P\PLUE_P_331.JPG,Potato,P,uncontrolled,ef5fb4a88a41aa0e,Pest
Z:\Projects\Smart-Farming\Datasets\final_combined_datasets\PLUE\P\PLUE_P_332.JPG,Potato,P,uncontrolled,cd813995c38557d5,Pest
Z:\Projects\Smart-Farming\Datasets\final_combined_datasets\PLUE\P\PLUE_P_333.JPG,Potato,P,uncontrolled,aa38758cfcc68897,Pest
Z:\Projects\Smart-Farming\Datasets\final_combined_datasets\PLUE\P\PLUE_P_334.JPG,Potato,P,uncontrolled,c3032fa1da079b9e,Pest
Z:\Projects\Smart-Farming\Datasets\final_combined_datasets\PLUE\P\PLUE_P_335.JPG,Potato,P,uncontrolled,c23d46a1986edb87,Pest
Z:\Projects\Smart-Farming\Datasets\final_combined_datasets\PLUE\P\PLUE_P_337.JPG,Potato,P,uncontrolled,f984c52c967c7874,Pest
Z:\Projects\Smart-Farming\Datasets\final_combined_datasets\PLUE\P\PLUE_P_339.JPG,Potato,P,uncontrolled,af95f281116a6d35,Pest
Z:\Projects\Smart-Farming\Datasets\final_combined_datasets\PLUE\P\PLUE_P_340.JPG,Potato,P,uncontrolled,cf374b0ea87c125a,Pest
Z:\Projects\Smart-Farming\Datasets\final_combined_datasets\PLUE\P\PLUE_P_341.JPG,Potato,P,uncontrolled,c13f9e09a7669964,Pest
Z:\Projects\Smart-Farming\Datasets\final_combined_datasets\PLUE\P\PLUE_P_342.JPG,Potato,P,uncontrolled,f17f03d8d898d074,Pest
Z:\Projects\Smart-Farming\Datasets\final_combined_datasets\PLUE\P\PLUE_P_343.JPG,Potato,P,uncontrolled,fd18861686cbd98b,Pest
Z:\Projects\Smart-Farming\Datasets\final_combined_datasets\PLUE\P\PLUE_P_344.JPG,Potato,P,uncontrolled,fcf891af58695061,Pest
Z:\Projects\Smart-Farming\Datasets\final_combined_datasets\PLUE\P\PLUE_P_345.JPG,Potato,P,uncontrolled,e10bfb1e1b44ca6c,Pest
Z:\Projects\Smart-Farming\Datasets\final_combined_datasets\PLUE\P\PLUE_P_346.JPG,Potato,P,uncontrolled,a2bce887ef4b5121,Pest
Z:\Projects\Smart-Farming\Datasets\final_combined_datasets\PLUE\P\PLUE_P_347.JPG,Potato,P,uncontrolled,e5e68d1c48f9b0a9,Pest
Z:\Projects\Smart-Farming\Datasets\final_combined_datasets\PLUE\P\PLUE_P_348.JPG,Potato,P,uncontrolled,841e38f1f1839bf8,Pest
Z:\Projects\Smart-Farming\Datasets\final_combined_datasets\PLUE\P\PLUE_P_349.JPG,Potato,P,uncontrolled,9c47576ed8997a01,Pest
Z:\Projects\Smart-Farming\Datasets\final_combined_datasets\PLUE\P\PLUE_P_350.JPG,Potato,P,uncontrolled,d61b70a16447dd78,Pest
Z:\Projects\Smart-Farming\Datasets\final_combined_datasets\PLUE\P\PLUE_P_352.JPG,Potato,P,uncontrolled,d32cb0d4b35bd708,Pest
Z:\Projects\Smart-Farming\Datasets\final_combined_datasets\PLUE\P\PLUE_P_353.JPG,Potato,P,uncontrolled,c194b71d5af01ed1,Pest
Z:\Projects\Smart-Farming\Datasets\final_combined_datasets\PLUE\P\PLUE_P_354.JPG,Potato,P,uncontrolled,c096971e4bf05f58,Pest
Z:\Projects\Smart-Farming\Datasets\final_combined_datasets\PLUE\P\PLUE_P_355.JPG,Potato,P,uncontrolled,e062ededd8a48ea2,Pest
Z:\Projects\Smart-Farming\Datasets\final_combined_datasets\PLUE\P\PLUE_P_356.JPG,Potato,P,uncontrolled,fa222b630c0737fc,Pest
Z:\Projects\Smart-Farming\Datasets\final_combined_datasets\PLUE\P\PLUE_P_357.JPG,Potato,P,uncontrolled,839a6d2d65c2744f,Pest
Z:\Projects\Smart-Farming\Datasets\final_combined_datasets\PLUE\P\PLUE_P_358.JPG,Potato,P,uncontrolled,ed30012e8fd39b63,Pest
Z:\Projects\Smart-Farming\Datasets\final_combined_datasets\PLUE\P\PLUE_P_359.JPG,Potato,P,uncontrolled,ce0b0ee6bcabb070,Pest
Z:\Projects\Smart-Farming\Datasets\final_combined_datasets\PLUE\P\PLUE_P_360.JPG,Potato,P,uncontrolled,a9746ae5979eb042,Pest
Z:\Projects\Smart-Farming\Datasets\final_combined_datasets\PLUE\P\PLUE_P_361.JPG,Potato,P,uncontrolled,856845ce9919ce9f,Pest
Z:\Projects\Smart-Farming\Datasets\final_combined_datasets\PLUE\P\PLUE_P_362.JPG,Potato,P,uncontrolled,8a3ec5fe858ebc40,Pest
Z:\Projects\Smart-Farming\Datasets\final_combined_datasets\PLUE\P\PLUE_P_363.JPG,Potato,P,uncontrolled,c3b876d06d89d3a4,Pest
Z:\Projects\Smart-Farming\Datasets\final_combined_datasets\PLUE\P\PLUE_P_364.JPG,Potato,P,uncontrolled,c58263cd29dede0a,Pest
Z:\Projects\Smart-Farming\Datasets\final_combined_datasets\PLUE\P\PLUE_P_365.JPG,Potato,P,uncontrolled,cd4f3e97b800817e,Pest
Z:\Projects\Smart-Farming\Datasets\final_combined_datasets\PLUE\P\PLUE_P_366.JPG,Potato,P,uncontrolled,a92db829fe28d391,Pest
Z:\Projects\Smart-Farming\Datasets\final_combined_datasets\PLUE\P\PLUE_P_367.JPG,Potato,P,uncontrolled,994e762273927b51,Pest
Z:\Projects\Smart-Farming\Datasets\final_combined_datasets\PLUE\P\PLUE_P_368.JPG,Potato,P,uncontrolled,cbc127541f2bb394,Pest
Z:\Projects\Smart-Farming\Datasets\final_combined_datasets\PLUE\P\PLUE_P_369.JPG,Potato,P,uncontrolled,d879cc9bb7570148,Pest
Z:\Projects\Smart-Farming\Datasets\final_combined_datasets\PLUE\P\PLUE_P_370.JPG,Potato,P,uncontrolled,c27be891b256466d,Pest
Z:\Projects\Smart-Farming\Datasets\final_combined_datasets\PLUE\P\PLUE_P_371.JPG,Potato,P,uncontrolled,d6853f931a75690a,Pest
Z:\Projects\Smart-Farming\Datasets\final_combined_datasets\PLUE\P\PLUE_P_372.JPG,Potato,P,uncontrolled,f3976746a4e8806d,Pest
Z:\Projects\Smart-Farming\Datasets\final_combined_datasets\PLUE\P\PLUE_P_373.JPG,Potato,P,uncontrolled,f3502572877f5087,Pest
Z:\Projects\Smart-Farming\Datasets\final_combined_datasets\PLUE\P\PLUE_P_374.JPG,Potato,P,uncontrolled,8d458891c7f0deec,Pest
Z:\Projects\Smart-Farming\Datasets\final_combined_datasets\PLUE\P\PLUE_P_375.JPG,Potato,P,uncontrolled,c1136e6f1d1eaac2,Pest
Z:\Projects\Smart-Farming\Datasets\final_combined_datasets\PLUE\P\PLUE_P_376.JPG,Potato,P,uncontrolled,e8763334b1fa614c,Pest
Z:\Projects\Smart-Farming\Datasets\final_combined_datasets\PLUE\P\PLUE_P_377.JPG,Potato,P,uncontrolled,d22cc6addacec690,Pest
Z:\Projects\Smart-Farming\Datasets\final_combined_datasets\PLUE\P\PLUE_P_378.JPG,Potato,P,uncontrolled,df304fb7d0923660,Pest
Z:\Projects\Smart-Farming\Datasets\final_combined_datasets\PLUE\P\PLUE_P_379.JPG,Potato,P,uncontrolled,f233a8d1055abd6c,Pest
Z:\Projects\Smart-Farming\Datasets\final_combined_datasets\PLUE\P\PLUE_P_380.JPG,Potato,P,uncontrolled,b79e1e803e4bc1c3,Pest
Z:\Projects\Smart-Farming\Datasets\final_combined_datasets\PLUE\P\PLUE_P_381.JPG,Potato,P,uncontrolled,9017facc64369373,Pest
Z:\Projects\Smart-Farming\Datasets\final_combined_datasets\PLUE\P\PLUE_P_382.JPG,Potato,P,uncontrolled,b4dcf091e335aa8a,Pest
Z:\Projects\Smart-Farming\Datasets\final_combined_datasets\PLUE\P\PLUE_P_383.JPG,Potato,P,uncontrolled,a5f6b424e1135b17,Pest
Z:\Projects\Smart-Farming\Datasets\final_combined_datasets\PLUE\Phy\PLUE_Phy_043.jpg,Potato,Phy,uncontrolled,f932c3aa0dd49cca,Late Blight 
Z:\Projects\Smart-Farming\Datasets\final_combined_datasets\PLUE\Phy\PLUE_Phy_044.jpg,Potato,Phy,uncontrolled,a3386bb0d56bd825,Late Blight 
Z:\Projects\Smart-Farming\Datasets\final_combined_datasets\PLUE\Phy\PLUE_Phy_045.jpg,Potato,Phy,uncontrolled,81e0c6fc1833e7cd,Late Blight 
Z:\Projects\Smart-Farming\Datasets\final_combined_datasets\PLUE\Phy\PLUE_Phy_046.jpg,Potato,Phy,uncontrolled,a0c1870f9fdd581b,Late Blight 
Z:\Projects\Smart-Farming\Datasets\final_combined_datasets\PLUE\Phy\PLUE_Phy_047.jpg,Potato,Phy,uncontrolled,c7676877d04e49b0,Late Blight 
Z:\Projects\Smart-Farming\Datasets\final_combined_datasets\PLUE\Phy\PLUE_Phy_048.jpg,Potato,Phy,uncontrolled,d41c5ab52564b55e,Late Blight 
Z:\Projects\Smart-Farming\Datasets\final_combined_datasets\PLUE\Phy\PLUE_Phy_049.jpg,Potato,Phy,uncontrolled,fe5e2525cca03876,Late Blight 
Z:\Projects\Smart-Farming\Datasets\final_combined_datasets\PLUE\Phy\PLUE_Phy_050.jpg,Potato,Phy,uncontrolled,ab87f5989a6120bd,Late Blight 
Z:\Projects\Smart-Farming\Datasets\final_combined_datasets\PLUE\Phy\PLUE_Phy_051.jpg,Potato,Phy,uncontrolled,ca90774a3ed52c27,Late Blight 
Z:\Projects\Smart-Farming\Datasets\final_combined_datasets\PLUE\Phy\PLUE_Phy_052.jpg,Potato,Phy,uncontrolled,85abddfe3428b484,Late Blight 
Z:\Projects\Smart-Farming\Datasets\final_combined_datasets\PLUE\Phy\PLUE_Phy_053.jpg,Potato,Phy,uncontrolled,8f643c122778fe70,Late Blight 
Z:\Projects\Smart-Farming\Datasets\final_combined_datasets\PLUE\Phy\PLUE_Phy_054.jpg,Potato,Phy,uncontrolled,b07263d9cf062ec6,Late Blight 
Z:\Projects\Smart-Farming\Datasets\final_combined_datasets\PLUE\Phy\PLUE_Phy_055.jpg,Potato,Phy,uncontrolled,d2b9aac8353172d3,Late Blight 
Z:\Projects\Smart-Farming\Datasets\final_combined_datasets\PLUE\Phy\PLUE_Phy_056.jpg,Potato,Phy,uncontrolled,8ad077c236d1a8cf,Late Blight 
Z:\Projects\Smart-Farming\Datasets\final_combined_datasets\PLUE\Phy\PLUE_Phy_057.jpg,Potato,Phy,uncontrolled,cf76722016efa4a1,Late Blight 
Z:\Projects\Smart-Farming\Datasets\final_combined_datasets\PLUE\Phy\PLUE_Phy_058.jpg,Potato,Phy,uncontrolled,fff330c2941c0e39,Late Blight 
Z:\Projects\Smart-Farming\Datasets\final_combined_datasets\PLUE\Phy\PLUE_Phy_059.jpg,Potato,Phy,uncontrolled,9b6c2592edb9c688,Late Blight 
Z:\Projects\Smart-Farming\Datasets\final_combined_datasets\PLUE\Phy\PLUE_Phy_060.jpg,Potato,Phy,uncontrolled,c62d264e31f0f61d,Late Blight 
Z:\Projects\Smart-Farming\Datasets\final_combined_datasets\PLUE\Phy\PLUE_Phy_061.jpg,Potato,Phy,uncontrolled,faae6d50942d1a17,Late Blight 
Z:\Projects\Smart-Farming\Datasets\final_combined_datasets\PLUE\Phy\PLUE_Phy_062.jpg,Potato,Phy,uncontrolled,9d71d13472f9180f,Late Blight 
Z:\Projects\Smart-Farming\Datasets\final_combined_datasets\PLUE\Phy\PLUE_Phy_063.jpg,Potato,Phy,uncontrolled,f5d78a9e988014be,Late Blight 
Z:\Projects\Smart-Farming\Datasets\final_combined_datasets\PLUE\Phy\PLUE_Phy_064.jpg,Potato,Phy,uncontrolled,e9bb2d0652a207ed,Late Blight 
Z:\Projects\Smart-Farming\Datasets\final_combined_datasets\PLUE\Phy\PLUE_Phy_065.jpg,Potato,Phy,uncontrolled,a4f76e0ac1e8f350,Late Blight 
Z:\Projects\Smart-Farming\Datasets\final_combined_datasets\PLUE\Phy\PLUE_Phy_066.jpg,Potato,Phy,uncontrolled,a0bf9fdac0ac80d6,Late Blight 
Z:\Projects\Smart-Farming\Datasets\final_combined_datasets\PLUE\Phy\PLUE_Phy_067.jpg,Potato,Phy,uncontrolled,8e4a84bc992c7bda,Late Blight 
Z:\Projects\Smart-Farming\Datasets\final_combined_datasets\PLUE\Phy\PLUE_Phy_068.jpg,Potato,Phy,uncontrolled,aa952a6ded4a285b,Late Blight 
Z:\Projects\Smart-Farming\Datasets\final_combined_datasets\PLUE\Phy\PLUE_Phy_069.jpg,Potato,Phy,uncontrolled,e3b2ad2436d91966,Late Blight 
Z:\Projects\Smart-Farming\Datasets\final_combined_datasets\PLUE\Phy\PLUE_Phy_070.jpg,Potato,Phy,uncontrolled,f3a2b124326d599b,Late Blight 
Z:\Projects\Smart-Farming\Datasets\final_combined_datasets\PLUE\Phy\PLUE_Phy_071.jpg,Potato,Phy,uncontrolled,9ec5720dcf7601cc,Late Blight 
Z:\Projects\Smart-Farming\Datasets\final_combined_datasets\PLUE\Phy\PLUE_Phy_072.jpg,Potato,Phy,uncontrolled,a190bf6ff8ec3009,Late Blight 
Z:\Projects\Smart-Farming\Datasets\final_combined_datasets\PLUE\Phy\PLUE_Phy_073.jpg,Potato,Phy,uncontrolled,af99f868e0953319,Late Blight 
Z:\Projects\Smart-Farming\Datasets\final_combined_datasets\PLUE\Phy\PLUE_Phy_074.jpg,Potato,Phy,uncontrolled,f90b23dc87485f25,Late Blight 
Z:\Projects\Smart-Farming\Datasets\final_combined_datasets\PLUE\Phy\PLUE_Phy_075.jpg,Potato,Phy,uncontrolled,c0ef6d21db3c9ac0,Late Blight 
Z:\Projects\Smart-Farming\Datasets\final_combined_datasets\PLUE\Phy\PLUE_Phy_076.jpg,Potato,Phy,uncontrolled,a5963d4b49a5da94,Late Blight 
Z:\Projects\Smart-Farming\Datasets\final_combined_datasets\PLUE\Phy\PLUE_Phy_077.jpg,Potato,Phy,uncontrolled,cb86909d4f6d8a65,Late Blight 
Z:\Projects\Smart-Farming\Datasets\final_combined_datasets\PLUE\Phy\PLUE_Phy_078.jpg,Potato,Phy,uncontrolled,a947cecc343874e3,Late Blight 
Z:\Projects\Smart-Farming\Datasets\final_combined_datasets\PLUE\Phy\PLUE_Phy_079.jpg,Potato,Phy,uncontrolled,bcd8872780e9b43e,Late Blight 
Z:\Projects\Smart-Farming\Datasets\final_combined_datasets\PLUE\Phy\PLUE_Phy_080.jpg,Potato,Phy,uncontrolled,a2b73de4e8922476,Late Blight 
Z:\Projects\Smart-Farming\Datasets\final_combined_datasets\PLUE\Phy\PLUE_Phy_081.jpg,Potato,Phy,uncontrolled,f908084f97da8b37,Late Blight 
Z:\Projects\Smart-Farming\Datasets\final_combined_datasets\PLUE\Phy\PLUE_Phy_082.jpg,Potato,Phy,uncontrolled,ec38c1439d972b4b,Late Blight 
Z:\Projects\Smart-Farming\Datasets\final_combined_datasets\PLUE\Phy\PLUE_Phy_083.jpg,Potato,Phy,uncontrolled,c70b1b41ec9ed1a6,Late Blight 
Z:\Projects\Smart-Farming\Datasets\final_combined_datasets\PLUE\Phy\PLUE_Phy_084.jpg,Potato,Phy,uncontrolled,c71b1b41fc9cc0ae,Late Blight 
Z:\Projects\Smart-Farming\Datasets\final_combined_datasets\PLUE\Phy\PLUE_Phy_085.jpg,Potato,Phy,uncontrolled,bb48c42bdb60de31,Late Blight 
Z:\Projects\Smart-Farming\Datasets\final_combined_datasets\PLUE\Phy\PLUE_Phy_086.jpg,Potato,Phy,uncontrolled,df34b8479937828c,Late Blight 
Z:\Projects\Smart-Farming\Datasets\final_combined_datasets\PLUE\Phy\PLUE_Phy_087.jpg,Potato,Phy,uncontrolled,ea0c945d96b51fa2,Late Blight 
Z:\Projects\Smart-Farming\Datasets\final_combined_datasets\PLUE\Phy\PLUE_Phy_088.jpg,Potato,Phy,uncontrolled,979cf2df1e470904,Late Blight 
Z:\Projects\Smart-Farming\Datasets\final_combined_datasets\PLUE\Phy\PLUE_Phy_089.jpg,Potato,Phy,uncontrolled,c53437af05f7f800,Late Blight 
Z:\Projects\Smart-Farming\Datasets\final_combined_datasets\PLUE\Phy\PLUE_Phy_090.jpg,Potato,Phy,uncontrolled,a92d8fe89cdf1070,Late Blight 
Z:\Projects\Smart-Farming\Datasets\final_combined_datasets\PLUE\Phy\PLUE_Phy_091.jpg,Potato,Phy,uncontrolled,ce8f34d052f8e0ad,Late Blight 
Z:\Projects\Smart-Farming\Datasets\final_combined_datasets\PLUE\Phy\PLUE_Phy_092.jpg,Potato,Phy,uncontrolled,e4bb9052e964647e,Late Blight 
Z:\Projects\Smart-Farming\Datasets\final_combined_datasets\PLUE\Phy\PLUE_Phy_093.jpg,Potato,Phy,uncontrolled,95c23d076cbfe230,Late Blight 
Z:\Projects\Smart-Farming\Datasets\final_combined_datasets\PLUE\Phy\PLUE_Phy_094.jpg,Potato,Phy,uncontrolled,9539e0c30f471c3f,Late Blight 
Z:\Projects\Smart-Farming\Datasets\final_combined_datasets\PLUE\Phy\PLUE_Phy_095.jpg,Potato,Phy,uncontrolled,fe90727a4882adab,Late Blight 
Z:\Projects\Smart-Farming\Datasets\final_combined_datasets\PLUE\Phy\PLUE_Phy_096.jpg,Potato,Phy,uncontrolled,a79aa49ac2f1a7e0,Late Blight 
Z:\Projects\Smart-Farming\Datasets\final_combined_datasets\PLUE\Phy\PLUE_Phy_097.jpg,Potato,Phy,uncontrolled,fc96768c85bd3830,Late Blight 
Z:\Projects\Smart-Farming\Datasets\final_combined_datasets\PLUE\Phy\PLUE_Phy_098.jpg,Potato,Phy,uncontrolled,ef8b52b0b837c229,Late Blight 
Z:\Projects\Smart-Farming\Datasets\final_combined_datasets\PLUE\Phy\PLUE_Phy_099.jpg,Potato,Phy,uncontrolled,94653e233aaf790c,Late Blight 
Z:\Projects\Smart-Farming\Datasets\final_combined_datasets\PLUE\Phy\PLUE_Phy_100.jpg,Potato,Phy,uncontrolled,e59f0a7a52a32b52,Late Blight 
Z:\Projects\Smart-Farming\Datasets\final_combined_datasets\PLUE\Phy\PLUE_Phy_101.jpg,Potato,Phy,uncontrolled,b5d1918f9b794324,Late Blight 
Z:\Projects\Smart-Farming\Datasets\final_combined_datasets\PLUE\Phy\PLUE_Phy_102.jpg,Potato,Phy,uncontrolled,ffe1a185f0303237,Late Blight 
Z:\Projects\Smart-Farming\Datasets\final_combined_datasets\PLUE\Phy\PLUE_Phy_103.jpg,Potato,Phy,uncontrolled,aff0f075825a83d2,Late Blight 
Z:\Projects\Smart-Farming\Datasets\final_combined_datasets\PLUE\Phy\PLUE_Phy_104.jpg,Potato,Phy,uncontrolled,8002dff0d9ef338c,Late Blight 
Z:\Projects\Smart-Farming\Datasets\final_combined_datasets\PLUE\Phy\PLUE_Phy_105.jpg,Potato,Phy,uncontrolled,83f8eea314f6123a,Late Blight 
Z:\Projects\Smart-Farming\Datasets\final_combined_datasets\PLUE\Phy\PLUE_Phy_106.jpg,Potato,Phy,uncontrolled,ef82863cd669f0c1,Late Blight 
Z:\Projects\Smart-Farming\Datasets\final_combined_datasets\PLUE\Phy\PLUE_Phy_107.jpg,Potato,Phy,uncontrolled,a6bfbfa64d4100e1,Late Blight 
Z:\Projects\Smart-Farming\Datasets\final_combined_datasets\PLUE\Phy\PLUE_Phy_108.jpg,Potato,Phy,uncontrolled,f28ed51ddaedb000,Late Blight 
Z:\Projects\Smart-Farming\Datasets\final_combined_datasets\PLUE\Phy\PLUE_Phy_109.jpg,Potato,Phy,uncontrolled,bca8d787d0134b72,Late Blight 
Z:\Projects\Smart-Farming\Datasets\final_combined_datasets\PLUE\Phy\PLUE_Phy_110.jpg,Potato,Phy,uncontrolled,fec1ca84b8e50ee4,Late Blight 
Z:\Projects\Smart-Farming\Datasets\final_combined_datasets\PLUE\Phy\PLUE_Phy_111.jpg,Potato,Phy,uncontrolled,ed83a74cd3d28961,Late Blight 
Z:\Projects\Smart-Farming\Datasets\final_combined_datasets\PLUE\Phy\PLUE_Phy_112.jpg,Potato,Phy,uncontrolled,ab349498e964ecba,Late Blight 
Z:\Projects\Smart-Farming\Datasets\final_combined_datasets\PLUE\Phy\PLUE_Phy_113.jpg,Potato,Phy,uncontrolled,b52c33119b899e9d,Late Blight 
Z:\Projects\Smart-Farming\Datasets\final_combined_datasets\PLUE\Phy\PLUE_Phy_114.jpg,Potato,Phy,uncontrolled,d3ea7ada8881c599,Late Blight 
Z:\Projects\Smart-Farming\Datasets\final_combined_datasets\PLUE\Phy\PLUE_Phy_115.jpg,Potato,Phy,uncontrolled,8fdc00a3a7525a7d,Late Blight 
Z:\Projects\Smart-Farming\Datasets\final_combined_datasets\PLUE\Phy\PLUE_Phy_116.jpg,Potato,Phy,uncontrolled,bcc0271ffe0c9711,Late Blight 
Z:\Projects\Smart-Farming\Datasets\final_combined_datasets\PLUE\Phy\PLUE_Phy_117.jpg,Potato,Phy,uncontrolled,ef66a606296b3625,Late Blight 
Z:\Projects\Smart-Farming\Datasets\final_combined_datasets\PLUE\Phy\PLUE_Phy_118.jpg,Potato,Phy,uncontrolled,e62cb190369bd9d8,Late Blight 
Z:\Projects\Smart-Farming\Datasets\final_combined_datasets\PLUE\Phy\PLUE_Phy_119.jpg,Potato,Phy,uncontrolled,f5674cc5c90b3b18,Late Blight 
Z:\Projects\Smart-Farming\Datasets\final_combined_datasets\PLUE\Phy\PLUE_Phy_120.jpg,Potato,Phy,uncontrolled,f4676ccdc98b221a,Late Blight 
Z:\Projects\Smart-Farming\Datasets\final_combined_datasets\PLUE\Phy\PLUE_Phy_121.jpg,Potato,Phy,uncontrolled,d08765f378b68f01,Late Blight 
Z:\Projects\Smart-Farming\Datasets\final_combined_datasets\PLUE\Phy\PLUE_Phy_122.jpg,Potato,Phy,uncontrolled,9f96e1ac065c8fc1,Late Blight 
Z:\Projects\Smart-Farming\Datasets\final_combined_datasets\PLUE\Phy\PLUE_Phy_123.jpg,Potato,Phy,uncontrolled,959274a2a79ef0c3,Late Blight 
Z:\Projects\Smart-Farming\Datasets\final_combined_datasets\PLUE\Phy\PLUE_Phy_124.jpg,Potato,Phy,uncontrolled,bf3f30e2213d9a28,Late Blight 
Z:\Projects\Smart-Farming\Datasets\final_combined_datasets\PLUE\Phy\PLUE_Phy_125.jpg,Potato,Phy,uncontrolled,91b432c257c7bfa0,Late Blight 
Z:\Projects\Smart-Farming\Datasets\final_combined_datasets\PLUE\Phy\PLUE_Phy_126.jpg,Potato,Phy,uncontrolled,ce0a3fc09fcd84c6,Late Blight 
Z:\Projects\Smart-Farming\Datasets\final_combined_datasets\PLUE\Phy\PLUE_Phy_127.jpg,Potato,Phy,uncontrolled,823823a7cedc07fc,Late Blight 
Z:\Projects\Smart-Farming\Datasets\final_combined_datasets\PLUE\Phy\PLUE_Phy_128.jpg,Potato,Phy,uncontrolled,a9476dece50c8713,Late Blight 
Z:\Projects\Smart-Farming\Datasets\final_combined_datasets\PLUE\Phy\PLUE_Phy_129.jpg,Potato,Phy,uncontrolled,fe8ce0c58a6b1e2c,Late Blight 
Z:\Projects\Smart-Farming\Datasets\final_combined_datasets\PLUE\Phy\PLUE_Phy_130.jpg,Potato,Phy,uncontrolled,98b7388cb58d5a4e,Late Blight 
Z:\Projects\Smart-Farming\Datasets\final_combined_datasets\PLUE\Phy\PLUE_Phy_131.jpg,Potato,Phy,uncontrolled,c29ead7a7485bb20,Late Blight 
Z:\Projects\Smart-Farming\Datasets\final_combined_datasets\PLUE\Phy\PLUE_Phy_132.jpg,Potato,Phy,uncontrolled,ae283510efdb80bd,Late Blight 
Z:\Projects\Smart-Farming\Datasets\final_combined_datasets\PLUE\Phy\PLUE_Phy_133.jpg,Potato,Phy,uncontrolled,ec6bc4c94f242fa4,Late Blight 
Z:\Projects\Smart-Farming\Datasets\final_combined_datasets\PLUE\Phy\PLUE_Phy_134.jpg,Potato,Phy,uncontrolled,aaeac000fa7e7497,Late Blight 
Z:\Projects\Smart-Farming\Datasets\final_combined_datasets\PLUE\Phy\PLUE_Phy_135.jpg,Potato,Phy,uncontrolled,f474e38f5e584c48,Late Blight 
Z:\Projects\Smart-Farming\Datasets\final_combined_datasets\PLUE\Phy\PLUE_Phy_136.jpg,Potato,Phy,uncontrolled,ff70e30317074876,Late Blight 
Z:\Projects\Smart-Farming\Datasets\final_combined_datasets\PLUE\Phy\PLUE_Phy_137.jpg,Potato,Phy,uncontrolled,fcd24964a47076ae,Late Blight 
Z:\Projects\Smart-Farming\Datasets\final_combined_datasets\PLUE\Phy\PLUE_Phy_138.jpg,Potato,Phy,uncontrolled,ccc6d44c4cbb231f,Late Blight 
Z:\Projects\Smart-Farming\Datasets\final_combined_datasets\PLUE\Phy\PLUE_Phy_139.jpg,Potato,Phy,uncontrolled,a6cf47fc7ce0c201,Late Blight 
Z:\Projects\Smart-Farming\Datasets\final_combined_datasets\PLUE\Phy\PLUE_Phy_140.jpg,Potato,Phy,uncontrolled,bf87481fd3ec0688,Late Blight 
Z:\Projects\Smart-Farming\Datasets\final_combined_datasets\PLUE\Phy\PLUE_Phy_141.jpg,Potato,Phy,uncontrolled,fc95f998db506034,Late Blight 
Z:\Projects\Smart-Farming\Datasets\final_combined_datasets\PLUE\Phy\PLUE_Phy_142.jpg,Potato,Phy,uncontrolled,e68f13860d39e27c,Late Blight 
Z:\Projects\Smart-Farming\Datasets\final_combined_datasets\PLUE\Phy\PLUE_Phy_143.jpg,Potato,Phy,uncontrolled,ee8c938e0c3be259,Late Blight 
Z:\Projects\Smart-Farming\Datasets\final_combined_datasets\PLUE\Phy\PLUE_Phy_144.jpg,Potato,Phy,uncontrolled,aa356ac4a121f7c7,Late Blight 
Z:\Projects\Smart-Farming\Datasets\final_combined_datasets\PLUE\Phy\PLUE_Phy_145.jpg,Potato,Phy,uncontrolled,bff008871e2e7433,Late Blight 
Z:\Projects\Smart-Farming\Datasets\final_combined_datasets\PLUE\Phy\PLUE_Phy_146.jpg,Potato,Phy,uncontrolled,fe88707b893452dc,Late Blight 
Z:\Projects\Smart-Farming\Datasets\final_combined_datasets\PLUE\Phy\PLUE_Phy_147.jpg,Potato,Phy,uncontrolled,e942616c939cb753,Late Blight 
Z:\Projects\Smart-Farming\Datasets\final_combined_datasets\PLUE\Phy\PLUE_Phy_148.jpg,Potato,Phy,uncontrolled,ea15b59575e22c8c,Late Blight 
Z:\Projects\Smart-Farming\Datasets\final_combined_datasets\PLUE\Phy\PLUE_Phy_149.jpg,Potato,Phy,uncontrolled,be7095528a6f946c,Late Blight 
Z:\Projects\Smart-Farming\Datasets\final_combined_datasets\PLUE\Phy\PLUE_Phy_150.jpg,Potato,Phy,uncontrolled,a6e366e31c46b3c2,Late Blight 
Z:\Projects\Smart-Farming\Datasets\final_combined_datasets\PLUE\Phy\PLUE_Phy_151.jpg,Potato,Phy,uncontrolled,a07263ce9c7c83e6,Late Blight 
Z:\Projects\Smart-Farming\Datasets\final_combined_datasets\PLUE\Phy\PLUE_Phy_152.jpg,Potato,Phy,uncontrolled,ffa0f0a0e59694a6,Late Blight 
Z:\Projects\Smart-Farming\Datasets\final_combined_datasets\PLUE\Phy\PLUE_Phy_153.jpg,Potato,Phy,uncontrolled,ab7c67804e83f5c8,Late Blight 
Z:\Projects\Smart-Farming\Datasets\final_combined_datasets\PLUE\Phy\PLUE_Phy_154.jpg,Potato,Phy,uncontrolled,ebb0a156aa5ab54a,Late Blight 
Z:\Projects\Smart-Farming\Datasets\final_combined_datasets\PLUE\Phy\PLUE_Phy_155.jpg,Potato,Phy,uncontrolled,ead4a1569caad436,Late Blight 
Z:\Projects\Smart-Farming\Datasets\final_combined_datasets\PLUE\Phy\PLUE_Phy_156.jpg,Potato,Phy,uncontrolled,f9b8f0a0d895bf80,Late Blight 
Z:\Projects\Smart-Farming\Datasets\final_combined_datasets\PLUE\Phy\PLUE_Phy_157.jpg,Potato,Phy,uncontrolled,fcd8719ce3304b31,Late Blight 
Z:\Projects\Smart-Farming\Datasets\final_combined_datasets\PLUE\Phy\PLUE_Phy_158.jpg,Potato,Phy,uncontrolled,afe1e08147978e3a,Late Blight 
Z:\Projects\Smart-Farming\Datasets\final_combined_datasets\PLUE\Phy\PLUE_Phy_159.jpg,Potato,Phy,uncontrolled,aaa55a52da5271b3,Late Blight 
Z:\Projects\Smart-Farming\Datasets\final_combined_datasets\PLUE\Phy\PLUE_Phy_160.jpg,Potato,Phy,uncontrolled,bf80c7ce88185b73,Late Blight 
Z:\Projects\Smart-Farming\Datasets\final_combined_datasets\PLUE\Phy\PLUE_Phy_161.jpg,Potato,Phy,uncontrolled,d7f7702ba965a480,Late Blight 
Z:\Projects\Smart-Farming\Datasets\final_combined_datasets\PLUE\Phy\PLUE_Phy_162.jpg,Potato,Phy,uncontrolled,f14eb6d844b341e6,Late Blight 
Z:\Projects\Smart-Farming\Datasets\final_combined_datasets\PLUE\Phy\PLUE_Phy_163.jpg,Potato,Phy,uncontrolled,e9b1b5c5d6ca0a94,Late Blight 
Z:\Projects\Smart-Farming\Datasets\final_combined_datasets\PLUE\Phy\PLUE_Phy_164.jpg,Potato,Phy,uncontrolled,960dd1fa2b47f064,Late Blight 
Z:\Projects\Smart-Farming\Datasets\final_combined_datasets\PLUE\Phy\PLUE_Phy_165.jpg,Potato,Phy,uncontrolled,8347de3e28557662,Late Blight 
Z:\Projects\Smart-Farming\Datasets\final_combined_datasets\PLUE\Phy\PLUE_Phy_166.jpg,Potato,Phy,uncontrolled,86bf0711e0fb08f3,Late Blight 
Z:\Projects\Smart-Farming\Datasets\final_combined_datasets\PLUE\Phy\PLUE_Phy_167.jpg,Potato,Phy,uncontrolled,e0a1a39377666e29,Late Blight 
Z:\Projects\Smart-Farming\Datasets\final_combined_datasets\PLUE\Phy\PLUE_Phy_168.jpg,Potato,Phy,uncontrolled,a7a3a69a1a2df119,Late Blight 
Z:\Projects\Smart-Farming\Datasets\final_combined_datasets\PLUE\Phy\PLUE_Phy_169.jpg,Potato,Phy,uncontrolled,aeaeb4f229e1d112,Late Blight 
Z:\Projects\Smart-Farming\Datasets\final_combined_datasets\PLUE\Phy\PLUE_Phy_170.jpg,Potato,Phy,uncontrolled,cd47b4959962664e,Late Blight 
Z:\Projects\Smart-Farming\Datasets\final_combined_datasets\PLUE\Phy\PLUE_Phy_171.jpg,Potato,Phy,uncontrolled,bcfdf0e0f12f0007,Late Blight 
Z:\Projects\Smart-Farming\Datasets\final_combined_datasets\PLUE\Phy\PLUE_Phy_172.jpg,Potato,Phy,uncontrolled,aff7e0c6080f2c1e,Late Blight 
Z:\Projects\Smart-Farming\Datasets\final_combined_datasets\PLUE\Phy\PLUE_Phy_173.jpg,Potato,Phy,uncontrolled,fec1f80c1327a0fa,Late Blight 
Z:\Projects\Smart-Farming\Datasets\final_combined_datasets\PLUE\Phy\PLUE_Phy_174.jpg,Potato,Phy,uncontrolled,d2669a52525555f5,Late Blight 
Z:\Projects\Smart-Farming\Datasets\final_combined_datasets\PLUE\Phy\PLUE_Phy_175.jpg,Potato,Phy,uncontrolled,ff7083970fc868c8,Late Blight 
Z:\Projects\Smart-Farming\Datasets\final_combined_datasets\PLUE\Phy\PLUE_Phy_176.jpg,Potato,Phy,uncontrolled,ce09c8e773a4985d,Late Blight 
Z:\Projects\Smart-Farming\Datasets\final_combined_datasets\PLUE\Phy\PLUE_Phy_177.jpg,Potato,Phy,uncontrolled,db026c599fc87623,Late Blight 
Z:\Projects\Smart-Farming\Datasets\final_combined_datasets\PLUE\Phy\PLUE_Phy_178.jpg,Potato,Phy,uncontrolled,d62b298b151d43fc,Late Blight 
Z:\Projects\Smart-Farming\Datasets\final_combined_datasets\PLUE\Phy\PLUE_Phy_179.jpg,Potato,Phy,uncontrolled,c037fd3bcfb00864,Late Blight 
Z:\Projects\Smart-Farming\Datasets\final_combined_datasets\PLUE\Phy\PLUE_Phy_180.jpg,Potato,Phy,uncontrolled,db8781709e2b52ce,Late Blight 
Z:\Projects\Smart-Farming\Datasets\final_combined_datasets\PLUE\Phy\PLUE_Phy_181.jpg,Potato,Phy,uncontrolled,c49a3bf468e53f01,Late Blight 
Z:\Projects\Smart-Farming\Datasets\final_combined_datasets\PLUE\Phy\PLUE_Phy_183.JPG,Potato,Phy,uncontrolled,ba2342f8d3b63546,Late Blight 
Z:\Projects\Smart-Farming\Datasets\final_combined_datasets\PLUE\Phy\PLUE_Phy_188.JPG,Potato,Phy,uncontrolled,f6478c8ac71e24ec,Late Blight 
Z:\Projects\Smart-Farming\Datasets\final_combined_datasets\PLUE\Phy\PLUE_Phy_189.JPG,Potato,Phy,uncontrolled,f868b5c3c65e3a0c,Late Blight 
Z:\Projects\Smart-Farming\Datasets\final_combined_datasets\PLUE\Phy\PLUE_Phy_190.JPG,Potato,Phy,uncontrolled,ccaf8b916873358c,Late Blight 
Z:\Projects\Smart-Farming\Datasets\final_combined_datasets\PLUE\Phy\PLUE_Phy_191.JPG,Potato,Phy,uncontrolled,ba94d990828fcb8f,Late Blight 
Z:\Projects\Smart-Farming\Datasets\final_combined_datasets\PLUE\Phy\PLUE_Phy_192.JPG,Potato,Phy,uncontrolled,d7a3696e60b419d4,Late Blight 
Z:\Projects\Smart-Farming\Datasets\final_combined_datasets\PLUE\Phy\PLUE_Phy_193.JPG,Potato,Phy,uncontrolled,cadda2cc72cd1661,Late Blight 
Z:\Projects\Smart-Farming\Datasets\final_combined_datasets\PLUE\Phy\PLUE_Phy_194.JPG,Potato,Phy,uncontrolled,b276e4fc460311af,Late Blight 
Z:\Projects\Smart-Farming\Datasets\final_combined_datasets\PLUE\Phy\PLUE_Phy_195.JPG,Potato,Phy,uncontrolled,b12fd863320b6cb6,Late Blight 
Z:\Projects\Smart-Farming\Datasets\final_combined_datasets\PLUE\Phy\PLUE_Phy_196.JPG,Potato,Phy,uncontrolled,b5724d9aea14ad51,Late Blight 
Z:\Projects\Smart-Farming\Datasets\final_combined_datasets\PLUE\Phy\PLUE_Phy_197.JPG,Potato,Phy,uncontrolled,a54446bbb41cad9e,Late Blight 
Z:\Projects\Smart-Farming\Datasets\final_combined_datasets\PLUE\Phy\PLUE_Phy_198.JPG,Potato,Phy,uncontrolled,aac3e585d68f2c1a,Late Blight 
Z:\Projects\Smart-Farming\Datasets\final_combined_datasets\PLUE\Phy\PLUE_Phy_199.JPG,Potato,Phy,uncontrolled,fd949184ce795654,Late Blight 
Z:\Projects\Smart-Farming\Datasets\final_combined_datasets\PLUE\Phy\PLUE_Phy_200.JPG,Potato,Phy,uncontrolled,fbc0f283e296073c,Late Blight 
Z:\Projects\Smart-Farming\Datasets\final_combined_datasets\PLUE\Phy\PLUE_Phy_201.JPG,Potato,Phy,uncontrolled,f9e121d4843ea5ba,Late Blight 
Z:\Projects\Smart-Farming\Datasets\final_combined_datasets\PLUE\Phy\PLUE_Phy_202.JPG,Potato,Phy,uncontrolled,bdbb7595460096c5,Late Blight 
Z:\Projects\Smart-Farming\Datasets\final_combined_datasets\PLUE\Phy\PLUE_Phy_203.JPG,Potato,Phy,uncontrolled,a861d7c4d03edc8b,Late Blight 
Z:\Projects\Smart-Farming\Datasets\final_combined_datasets\PLUE\Phy\PLUE_Phy_204.JPG,Potato,Phy,uncontrolled,e2a28d252b4a9dbd,Late Blight 
Z:\Projects\Smart-Farming\Datasets\final_combined_datasets\PLUE\Phy\PLUE_Phy_205.JPG,Potato,Phy,uncontrolled,ff2cb2788bc04627,Late Blight 
Z:\Projects\Smart-Farming\Datasets\final_combined_datasets\PLUE\Phy\PLUE_Phy_206.JPG,Potato,Phy,uncontrolled,9c82be94ea3c279a,Late Blight 
Z:\Projects\Smart-Farming\Datasets\final_combined_datasets\PLUE\Phy\PLUE_Phy_207.JPG,Potato,Phy,uncontrolled,cec99d9ee24668d0,Late Blight 
Z:\Projects\Smart-Farming\Datasets\final_combined_datasets\PLUE\Phy\PLUE_Phy_208.JPG,Potato,Phy,uncontrolled,c506ca321fd227f9,Late Blight 
Z:\Projects\Smart-Farming\Datasets\final_combined_datasets\PLUE\Phy\PLUE_Phy_209.JPG,Potato,Phy,uncontrolled,f77f48c1425b18a5,Late Blight 
Z:\Projects\Smart-Farming\Datasets\final_combined_datasets\PLUE\Phy\PLUE_Phy_210.JPG,Potato,Phy,uncontrolled,9cb8780586756dec,Late Blight 
Z:\Projects\Smart-Farming\Datasets\final_combined_datasets\PLUE\Phy\PLUE_Phy_211.JPG,Potato,Phy,uncontrolled,c598ec1e1be43fc0,Late Blight 
Z:\Projects\Smart-Farming\Datasets\final_combined_datasets\PLUE\Phy\PLUE_Phy_214.JPG,Potato,Phy,uncontrolled,d45f917953a1a932,Late Blight 
Z:\Projects\Smart-Farming\Datasets\final_combined_datasets\PLUE\Phy\PLUE_Phy_223.JPG,Potato,Phy,uncontrolled,feb87091697c0978,Late Blight 
Z:\Projects\Smart-Farming\Datasets\final_combined_datasets\PLUE\Phy\PLUE_Phy_261.JPG,Potato,Phy,uncontrolled,87261ef0f893319b,Late Blight 
Z:\Projects\Smart-Farming\Datasets\final_combined_datasets\PLUE\Phy\PLUE_Phy_276.jpg,Potato,Phy,uncontrolled,faf8f0b5070e1e82,Late Blight 
Z:\Projects\Smart-Farming\Datasets\final_combined_datasets\PLUE\Phy\PLUE_Phy_277.jpg,Potato,Phy,uncontrolled,a3c4528fe8b55959,Late Blight 
Z:\Projects\Smart-Farming\Datasets\final_combined_datasets\PLUE\Phy\PLUE_Phy_278.jpg,Potato,Phy,uncontrolled,eef1a88187cf4e44,Late Blight 
Z:\Projects\Smart-Farming\Datasets\final_combined_datasets\PLUE\Phy\PLUE_Phy_279.jpg,Potato,Phy,uncontrolled,e4cc9c16bb315b25,Late Blight 
Z:\Projects\Smart-Farming\Datasets\final_combined_datasets\PLUE\Phy\PLUE_Phy_280.jpg,Potato,Phy,uncontrolled,cbd045af047ab3cc,Late Blight 
Z:\Projects\Smart-Farming\Datasets\final_combined_datasets\PLUE\Phy\PLUE_Phy_281.jpg,Potato,Phy,uncontrolled,891839c3e2865fdd,Late Blight 
Z:\Projects\Smart-Farming\Datasets\final_combined_datasets\PLUE\Phy\PLUE_Phy_282.jpg,Potato,Phy,uncontrolled,db2174c2c8693df2,Late Blight 
Z:\Projects\Smart-Farming\Datasets\final_combined_datasets\PLUE\Phy\PLUE_Phy_283.jpg,Potato,Phy,uncontrolled,937e6f08c9fe008d,Late Blight 
Z:\Projects\Smart-Farming\Datasets\final_combined_datasets\PLUE\Phy\PLUE_Phy_284.jpg,Potato,Phy,uncontrolled,88ed750a3c53dc69,Late Blight 
Z:\Projects\Smart-Farming\Datasets\final_combined_datasets\PLUE\Phy\PLUE_Phy_285.jpg,Potato,Phy,uncontrolled,c709b4250fc9bfc8,Late Blight 
Z:\Projects\Smart-Farming\Datasets\final_combined_datasets\PLUE\Phy\PLUE_Phy_286.jpg,Potato,Phy,uncontrolled,cce4769360a7724b,Late Blight 
Z:\Projects\Smart-Farming\Datasets\final_combined_datasets\PLUE\Phy\PLUE_Phy_298.JPG,Potato,Phy,uncontrolled,e7fee88b0388b0cc,Late Blight 
Z:\Projects\Smart-Farming\Datasets\final_combined_datasets\PLUE\Phy\PLUE_Phy_314.JPG,Potato,Phy,uncontrolled,8c8c73616a2f35b6,Late Blight 
Z:\Projects\Smart-Farming\Datasets\final_combined_datasets\PLUE\Phy\PLUE_Phy_315.JPG,Potato,Phy,uncontrolled,9b99666e69569894,Late Blight 
Z:\Projects\Smart-Farming\Datasets\final_combined_datasets\PLUE\Phy\PLUE_Phy_316.JPG,Potato,Phy,uncontrolled,bb4cdc26302a79b3,Late Blight 
Z:\Projects\Smart-Farming\Datasets\final_combined_datasets\PLUE\Phy\PLUE_Phy_317.JPG,Potato,Phy,uncontrolled,981fd9661ae80be9,Late Blight 
Z:\Projects\Smart-Farming\Datasets\final_combined_datasets\PLUE\Phy\PLUE_Phy_318.JPG,Potato,Phy,uncontrolled,c9b517642bd2354d,Late Blight 
Z:\Projects\Smart-Farming\Datasets\final_combined_datasets\PLUE\Phy\PLUE_Phy_319.JPG,Potato,Phy,uncontrolled,eb1915654ab98ab6,Late Blight 
Z:\Projects\Smart-Farming\Datasets\final_combined_datasets\PLUE\Phy\PLUE_Phy_320.JPG,Potato,Phy,uncontrolled,9fdf0052366be149,Late Blight 
Z:\Projects\Smart-Farming\Datasets\final_combined_datasets\PLUE\Phy\PLUE_Phy_321.JPG,Potato,Phy,uncontrolled,d3606ad125c6e0bf,Late Blight 
Z:\Projects\Smart-Farming\Datasets\final_combined_datasets\PLUE\Phy\PLUE_Phy_322.JPG,Potato,Phy,uncontrolled,9ec7f8a19986a439,Late Blight 
Z:\Projects\Smart-Farming\Datasets\final_combined_datasets\PLUE\Phy\PLUE_Phy_323.JPG,Potato,Phy,uncontrolled,856f5169a84be457,Late Blight 
Z:\Projects\Smart-Farming\Datasets\final_combined_datasets\PLUE\Phy\PLUE_Phy_324.JPG,Potato,Phy,uncontrolled,c944ae16be34bda4,Late Blight 
Z:\Projects\Smart-Farming\Datasets\final_combined_datasets\PLUE\Phy\PLUE_Phy_325.JPG,Potato,Phy,uncontrolled,9a9d01905fbb69d4,Late Blight 
Z:\Projects\Smart-Farming\Datasets\final_combined_datasets\PLUE\Phy\PLUE_Phy_326.JPG,Potato,Phy,uncontrolled,9ca4ff04a15b80bf,Late Blight 
Z:\Projects\Smart-Farming\Datasets\final_combined_datasets\PLUE\Phy\PLUE_Phy_327.JPG,Potato,Phy,uncontrolled,a060fe0e5e2f5c17,Late Blight 
Z:\Projects\Smart-Farming\Datasets\final_combined_datasets\PLUE\Phy\PLUE_Phy_328.JPG,Potato,Phy,uncontrolled,a29d0e3c51137f8e,Late Blight 
Z:\Projects\Smart-Farming\Datasets\final_combined_datasets\PLUE\Phy\PLUE_Phy_329.JPG,Potato,Phy,uncontrolled,94f1656897194abe,Late Blight 
Z:\Projects\Smart-Farming\Datasets\final_combined_datasets\PLUE\Phy\PLUE_Phy_330.JPG,Potato,Phy,uncontrolled,c37d99ab33073483,Late Blight 
Z:\Projects\Smart-Farming\Datasets\final_combined_datasets\PLUE\Phy\PLUE_Phy_331.JPG,Potato,Phy,uncontrolled,bc5029e9967cc969,Late Blight 
Z:\Projects\Smart-Farming\Datasets\final_combined_datasets\PLUE\Phy\PLUE_Phy_332.JPG,Potato,Phy,uncontrolled,9286a995315bdd2b,Late Blight 
Z:\Projects\Smart-Farming\Datasets\final_combined_datasets\PLUE\Phy\PLUE_Phy_334.JPG,Potato,Phy,uncontrolled,bc5eb0e54fc2e0a4,Late Blight 
Z:\Projects\Smart-Farming\Datasets\final_combined_datasets\PLUE\Phy\PLUE_Phy_335.JPG,Potato,Phy,uncontrolled,bb64532ba51254eb,Late Blight 
Z:\Projects\Smart-Farming\Datasets\final_combined_datasets\PLUE\Phy\PLUE_Phy_336.JPG,Potato,Phy,uncontrolled,ac7355eab41952aa,Late Blight 
Z:\Projects\Smart-Farming\Datasets\final_combined_datasets\PLUE\Phy\PLUE_Phy_337.JPG,Potato,Phy,uncontrolled,8f9e714f58636648,Late Blight 
Z:\Projects\Smart-Farming\Datasets\final_combined_datasets\PLUE\Phy\PLUE_Phy_338.JPG,Potato,Phy,uncontrolled,c4975a4929ad3cd5,Late Blight 
Z:\Projects\Smart-Farming\Datasets\final_combined_datasets\PLUE\Phy\PLUE_Phy_339.JPG,Potato,Phy,uncontrolled,a5535b6d64249676,Late Blight 
Z:\Projects\Smart-Farming\Datasets\final_combined_datasets\PLUE\Phy\PLUE_Phy_340.JPG,Potato,Phy,uncontrolled,8634c77c484eb3ce,Late Blight 
Z:\Projects\Smart-Farming\Datasets\final_combined_datasets\PLUE\Phy\PLUE_Phy_341.JPG,Potato,Phy,uncontrolled,ad5b04a16ede92d8,Late Blight 
Z:\Projects\Smart-Farming\Datasets\final_combined_datasets\PLUE\Phy\PLUE_Phy_342.JPG,Potato,Phy,uncontrolled,99669da96c956472,Late Blight 
Z:\Projects\Smart-Farming\Datasets\final_combined_datasets\PLUE\Phy\PLUE_Phy_343.JPG,Potato,Phy,uncontrolled,92668d334ca7d669,Late Blight 
Z:\Projects\Smart-Farming\Datasets\final_combined_datasets\PLUE\Phy\PLUE_Phy_344.JPG,Potato,Phy,uncontrolled,b26c595edb1383b0,Late Blight 
Z:\Projects\Smart-Farming\Datasets\final_combined_datasets\PLUE\Phy\PLUE_Phy_345.JPG,Potato,Phy,uncontrolled,8a44125d9cadb75b,Late Blight 
Z:\Projects\Smart-Farming\Datasets\final_combined_datasets\PLUE\Phy\PLUE_Phy_346.JPG,Potato,Phy,uncontrolled,c77890a7cc972d38,Late Blight 
Z:\Projects\Smart-Farming\Datasets\final_combined_datasets\PLUE\Phy\PLUE_Phy_347.JPG,Potato,Phy,uncontrolled,c679894698ba73a6,Late Blight 
Z:\Projects\Smart-Farming\Datasets\final_combined_datasets\PLUE\Phy\PLUE_Phy_182.JPG,Potato,Phy,uncontrolled,e7cd0d42974ad12b,Late Blight 
Z:\Projects\Smart-Farming\Datasets\final_combined_datasets\PLUE\Phy\PLUE_Phy_184.JPG,Potato,Phy,uncontrolled,ccf18d9c921ae587,Late Blight 
Z:\Projects\Smart-Farming\Datasets\final_combined_datasets\PLUE\Phy\PLUE_Phy_185.JPG,Potato,Phy,uncontrolled,bd50683256de9395,Late Blight 
Z:\Projects\Smart-Farming\Datasets\final_combined_datasets\PLUE\Phy\PLUE_Phy_186.JPG,Potato,Phy,uncontrolled,c3786743ce7b2894,Late Blight 
Z:\Projects\Smart-Farming\Datasets\final_combined_datasets\PLUE\Phy\PLUE_Phy_187.JPG,Potato,Phy,uncontrolled,f8b0688aafb51c6c,Late Blight 
Z:\Projects\Smart-Farming\Datasets\final_combined_datasets\PLUE\Phy\PLUE_Phy_212.JPG,Potato,Phy,uncontrolled,a2ae712edf241a93,Late Blight 
Z:\Projects\Smart-Farming\Datasets\final_combined_datasets\PLUE\Phy\PLUE_Phy_213.JPG,Potato,Phy,uncontrolled,ac6156b923575da4,Late Blight 
Z:\Projects\Smart-Farming\Datasets\final_combined_datasets\PLUE\Phy\PLUE_Phy_215.JPG,Potato,Phy,uncontrolled,af3ac8b380819fe5,Late Blight 
Z:\Projects\Smart-Farming\Datasets\final_combined_datasets\PLUE\Phy\PLUE_Phy_216.JPG,Potato,Phy,uncontrolled,9152f3abcc28ad87,Late Blight 
Z:\Projects\Smart-Farming\Datasets\final_combined_datasets\PLUE\Phy\PLUE_Phy_217.JPG,Potato,Phy,uncontrolled,ed1b23e19cf6190c,Late Blight 
Z:\Projects\Smart-Farming\Datasets\final_combined_datasets\PLUE\Phy\PLUE_Phy_218.JPG,Potato,Phy,uncontrolled,b615a492936d9f46,Late Blight 
Z:\Projects\Smart-Farming\Datasets\final_combined_datasets\PLUE\Phy\PLUE_Phy_219.JPG,Potato,Phy,uncontrolled,b866c06d09c0fcfd,Late Blight 
Z:\Projects\Smart-Farming\Datasets\final_combined_datasets\PLUE\Phy\PLUE_Phy_220.JPG,Potato,Phy,uncontrolled,d43d8fec9308343b,Late Blight 
Z:\Projects\Smart-Farming\Datasets\final_combined_datasets\PLUE\Phy\PLUE_Phy_221.JPG,Potato,Phy,uncontrolled,ae46c86dd363c1e4,Late Blight 
Z:\Projects\Smart-Farming\Datasets\final_combined_datasets\PLUE\Phy\PLUE_Phy_222.JPG,Potato,Phy,uncontrolled,a0e2d23b69e7e60c,Late Blight 
Z:\Projects\Smart-Farming\Datasets\final_combined_datasets\PLUE\Phy\PLUE_Phy_224.JPG,Potato,Phy,uncontrolled,bd378e3906d81fa0,Late Blight 
Z:\Projects\Smart-Farming\Datasets\final_combined_datasets\PLUE\Phy\PLUE_Phy_225.JPG,Potato,Phy,uncontrolled,dc7c2766c7346d02,Late Blight 
Z:\Projects\Smart-Farming\Datasets\final_combined_datasets\PLUE\Phy\PLUE_Phy_226.JPG,Potato,Phy,uncontrolled,b43dd2720f3b4631,Late Blight 
Z:\Projects\Smart-Farming\Datasets\final_combined_datasets\PLUE\Phy\PLUE_Phy_227.JPG,Potato,Phy,uncontrolled,a4037e109a6e87ef,Late Blight 
Z:\Projects\Smart-Farming\Datasets\final_combined_datasets\PLUE\Phy\PLUE_Phy_228.JPG,Potato,Phy,uncontrolled,9489cea77cb838cc,Late Blight 
Z:\Projects\Smart-Farming\Datasets\final_combined_datasets\PLUE\Phy\PLUE_Phy_229.JPG,Potato,Phy,uncontrolled,84c39e6a31974d3e,Late Blight 
Z:\Projects\Smart-Farming\Datasets\final_combined_datasets\PLUE\Phy\PLUE_Phy_230.JPG,Potato,Phy,uncontrolled,f78447edd388e301,Late Blight 
Z:\Projects\Smart-Farming\Datasets\final_combined_datasets\PLUE\Phy\PLUE_Phy_231.JPG,Potato,Phy,uncontrolled,fbb60133a7c26685,Late Blight 
Z:\Projects\Smart-Farming\Datasets\final_combined_datasets\PLUE\Phy\PLUE_Phy_232.JPG,Potato,Phy,uncontrolled,fb339b27428168bc,Late Blight 
Z:\Projects\Smart-Farming\Datasets\final_combined_datasets\PLUE\Phy\PLUE_Phy_233.JPG,Potato,Phy,uncontrolled,be0b96f2db28094e,Late Blight 
Z:\Projects\Smart-Farming\Datasets\final_combined_datasets\PLUE\Phy\PLUE_Phy_234.JPG,Potato,Phy,uncontrolled,f1199f672c30c3c9,Late Blight 
Z:\Projects\Smart-Farming\Datasets\final_combined_datasets\PLUE\Phy\PLUE_Phy_235.JPG,Potato,Phy,uncontrolled,ff82f0dd8b300c39,Late Blight 
Z:\Projects\Smart-Farming\Datasets\final_combined_datasets\PLUE\Phy\PLUE_Phy_236.JPG,Potato,Phy,uncontrolled,e6fda4a1b0a42e6c,Late Blight 
Z:\Projects\Smart-Farming\Datasets\final_combined_datasets\PLUE\Phy\PLUE_Phy_237.JPG,Potato,Phy,uncontrolled,af96f5844ad8e194,Late Blight 
Z:\Projects\Smart-Farming\Datasets\final_combined_datasets\PLUE\Phy\PLUE_Phy_238.JPG,Potato,Phy,uncontrolled,f24c83789ec3c297,Late Blight 
Z:\Projects\Smart-Farming\Datasets\final_combined_datasets\PLUE\Phy\PLUE_Phy_239.JPG,Potato,Phy,uncontrolled,a3583e7e5309f12a,Late Blight 
Z:\Projects\Smart-Farming\Datasets\final_combined_datasets\PLUE\Phy\PLUE_Phy_240.JPG,Potato,Phy,uncontrolled,e06da1248ef23e97,Late Blight 
Z:\Projects\Smart-Farming\Datasets\final_combined_datasets\PLUE\Phy\PLUE_Phy_241.JPG,Potato,Phy,uncontrolled,d316e3fb8c90949a,Late Blight 
Z:\Projects\Smart-Farming\Datasets\final_combined_datasets\PLUE\Phy\PLUE_Phy_242.JPG,Potato,Phy,uncontrolled,d11762e38fcda492,Late Blight 
Z:\Projects\Smart-Farming\Datasets\final_combined_datasets\PLUE\Phy\PLUE_Phy_243.JPG,Potato,Phy,uncontrolled,ca8f6130b986d3d9,Late Blight 
Z:\Projects\Smart-Farming\Datasets\final_combined_datasets\PLUE\Phy\PLUE_Phy_244.JPG,Potato,Phy,uncontrolled,f439a6c5989da951,Late Blight 
Z:\Projects\Smart-Farming\Datasets\final_combined_datasets\PLUE\Phy\PLUE_Phy_245.JPG,Potato,Phy,uncontrolled,fddc634dd4960170,Late Blight 
Z:\Projects\Smart-Farming\Datasets\final_combined_datasets\PLUE\Phy\PLUE_Phy_246.JPG,Potato,Phy,uncontrolled,b437c7c978ccc660,Late Blight 
Z:\Projects\Smart-Farming\Datasets\final_combined_datasets\PLUE\Phy\PLUE_Phy_247.JPG,Potato,Phy,uncontrolled,a87cd40ff018fd70,Late Blight 
Z:\Projects\Smart-Farming\Datasets\final_combined_datasets\PLUE\Phy\PLUE_Phy_248.JPG,Potato,Phy,uncontrolled,a36f352de730838c,Late Blight 
Z:\Projects\Smart-Farming\Datasets\final_combined_datasets\PLUE\Phy\PLUE_Phy_249.JPG,Potato,Phy,uncontrolled,f5da94148dcbcbc0,Late Blight 
Z:\Projects\Smart-Farming\Datasets\final_combined_datasets\PLUE\Phy\PLUE_Phy_250.JPG,Potato,Phy,uncontrolled,e1582361d925cf67,Late Blight 
Z:\Projects\Smart-Farming\Datasets\final_combined_datasets\PLUE\Phy\PLUE_Phy_251.JPG,Potato,Phy,uncontrolled,b3bb92c29f691886,Late Blight 
Z:\Projects\Smart-Farming\Datasets\final_combined_datasets\PLUE\Phy\PLUE_Phy_252.JPG,Potato,Phy,uncontrolled,afcdc9903c5992c6,Late Blight 
Z:\Projects\Smart-Farming\Datasets\final_combined_datasets\PLUE\Phy\PLUE_Phy_253.JPG,Potato,Phy,uncontrolled,fd4056ad5e156392,Late Blight 
Z:\Projects\Smart-Farming\Datasets\final_combined_datasets\PLUE\Phy\PLUE_Phy_254.JPG,Potato,Phy,uncontrolled,a87bd071ce876c98,Late Blight 
Z:\Projects\Smart-Farming\Datasets\final_combined_datasets\PLUE\Phy\PLUE_Phy_255.JPG,Potato,Phy,uncontrolled,934ee62dc4a875c5,Late Blight 
Z:\Projects\Smart-Farming\Datasets\final_combined_datasets\PLUE\Phy\PLUE_Phy_256.JPG,Potato,Phy,uncontrolled,aba4c20fd807efc1,Late Blight 
Z:\Projects\Smart-Farming\Datasets\final_combined_datasets\PLUE\Phy\PLUE_Phy_257.JPG,Potato,Phy,uncontrolled,ab8fcfffdca00002,Late Blight 
Z:\Projects\Smart-Farming\Datasets\final_combined_datasets\PLUE\Phy\PLUE_Phy_258.JPG,Potato,Phy,uncontrolled,fa9e8639a7b10516,Late Blight 
Z:\Projects\Smart-Farming\Datasets\final_combined_datasets\PLUE\Phy\PLUE_Phy_259.JPG,Potato,Phy,uncontrolled,b848470b6749b76b,Late Blight 
Z:\Projects\Smart-Farming\Datasets\final_combined_datasets\PLUE\Phy\PLUE_Phy_260.JPG,Potato,Phy,uncontrolled,983de4d53702d26d,Late Blight 
Z:\Projects\Smart-Farming\Datasets\final_combined_datasets\PLUE\Phy\PLUE_Phy_262.JPG,Potato,Phy,uncontrolled,aecda7311c8e310f,Late Blight 
Z:\Projects\Smart-Farming\Datasets\final_combined_datasets\PLUE\Phy\PLUE_Phy_263.JPG,Potato,Phy,uncontrolled,bd0cf07d00f13fc2,Late Blight 
Z:\Projects\Smart-Farming\Datasets\final_combined_datasets\PLUE\Phy\PLUE_Phy_264.JPG,Potato,Phy,uncontrolled,aef7922d229e250b,Late Blight 
Z:\Projects\Smart-Farming\Datasets\final_combined_datasets\PLUE\Phy\PLUE_Phy_265.JPG,Potato,Phy,uncontrolled,afb4d6d98a07406e,Late Blight 
Z:\Projects\Smart-Farming\Datasets\final_combined_datasets\PLUE\Phy\PLUE_Phy_266.JPG,Potato,Phy,uncontrolled,f1c0479eb0b336b1,Late Blight 
Z:\Projects\Smart-Farming\Datasets\final_combined_datasets\PLUE\Phy\PLUE_Phy_267.JPG,Potato,Phy,uncontrolled,e751dca0c9edb484,Late Blight 
Z:\Projects\Smart-Farming\Datasets\final_combined_datasets\PLUE\Phy\PLUE_Phy_268.JPG,Potato,Phy,uncontrolled,dcb3ec3c3194b161,Late Blight 
Z:\Projects\Smart-Farming\Datasets\final_combined_datasets\PLUE\Phy\PLUE_Phy_269.JPG,Potato,Phy,uncontrolled,b29fcfb8c0318734,Late Blight 
Z:\Projects\Smart-Farming\Datasets\final_combined_datasets\PLUE\Phy\PLUE_Phy_270.JPG,Potato,Phy,uncontrolled,edc18cead16644ad,Late Blight 
Z:\Projects\Smart-Farming\Datasets\final_combined_datasets\PLUE\Phy\PLUE_Phy_271.JPG,Potato,Phy,uncontrolled,d35e699525636a94,Late Blight 
Z:\Projects\Smart-Farming\Datasets\final_combined_datasets\PLUE\Phy\PLUE_Phy_272.JPG,Potato,Phy,uncontrolled,8290f0b8df3568ee,Late Blight 
Z:\Projects\Smart-Farming\Datasets\final_combined_datasets\PLUE\Phy\PLUE_Phy_273.JPG,Potato,Phy,uncontrolled,a93a42d66b2dd64a,Late Blight 
Z:\Projects\Smart-Farming\Datasets\final_combined_datasets\PLUE\Phy\PLUE_Phy_274.JPG,Potato,Phy,uncontrolled,8c7f6c3cd0e62951,Late Blight 
Z:\Projects\Smart-Farming\Datasets\final_combined_datasets\PLUE\Phy\PLUE_Phy_275.JPG,Potato,Phy,uncontrolled,838d7c52de68626b,Late Blight 
Z:\Projects\Smart-Farming\Datasets\final_combined_datasets\PLUE\Phy\PLUE_Phy_287.JPG,Potato,Phy,uncontrolled,b8a69795fc2623a2,Late Blight 
Z:\Projects\Smart-Farming\Datasets\final_combined_datasets\PLUE\Phy\PLUE_Phy_288.JPG,Potato,Phy,uncontrolled,ab326ea2e5e43265,Late Blight 
Z:\Projects\Smart-Farming\Datasets\final_combined_datasets\PLUE\Phy\PLUE_Phy_289.JPG,Potato,Phy,uncontrolled,cbbd8276d5a093a8,Late Blight 
Z:\Projects\Smart-Farming\Datasets\final_combined_datasets\PLUE\Phy\PLUE_Phy_290.JPG,Potato,Phy,uncontrolled,cfbe847e81b19628,Late Blight 
Z:\Projects\Smart-Farming\Datasets\final_combined_datasets\PLUE\Phy\PLUE_Phy_291.JPG,Potato,Phy,uncontrolled,96389ccfd4c9e09c,Late Blight 
Z:\Projects\Smart-Farming\Datasets\final_combined_datasets\PLUE\Phy\PLUE_Phy_292.JPG,Potato,Phy,uncontrolled,b32589bedd20917a,Late Blight 
Z:\Projects\Smart-Farming\Datasets\final_combined_datasets\PLUE\Phy\PLUE_Phy_293.JPG,Potato,Phy,uncontrolled,da6071d5a7928f0b,Late Blight 
Z:\Projects\Smart-Farming\Datasets\final_combined_datasets\PLUE\Phy\PLUE_Phy_294.JPG,Potato,Phy,uncontrolled,db6820d56de3920f,Late Blight 
Z:\Projects\Smart-Farming\Datasets\final_combined_datasets\PLUE\Phy\PLUE_Phy_295.JPG,Potato,Phy,uncontrolled,a4c6c0877a3897eb,Late Blight 
Z:\Projects\Smart-Farming\Datasets\final_combined_datasets\PLUE\Phy\PLUE_Phy_296.JPG,Potato,Phy,uncontrolled,e63190e7b18c7335,Late Blight 
Z:\Projects\Smart-Farming\Datasets\final_combined_datasets\PLUE\Phy\PLUE_Phy_297.JPG,Potato,Phy,uncontrolled,aa7ea473946e19d0,Late Blight 
Z:\Projects\Smart-Farming\Datasets\final_combined_datasets\PLUE\Phy\PLUE_Phy_299.JPG,Potato,Phy,uncontrolled,f18f8f8e0c43b319,Late Blight 
Z:\Projects\Smart-Farming\Datasets\final_combined_datasets\PLUE\Phy\PLUE_Phy_300.JPG,Potato,Phy,uncontrolled,d9d2e5a61c82669d,Late Blight 
Z:\Projects\Smart-Farming\Datasets\final_combined_datasets\PLUE\Phy\PLUE_Phy_301.JPG,Potato,Phy,uncontrolled,f0966f813fc108fc,Late Blight 
Z:\Projects\Smart-Farming\Datasets\final_combined_datasets\PLUE\Phy\PLUE_Phy_302.JPG,Potato,Phy,uncontrolled,f608f4f71a84c794,Late Blight 
Z:\Projects\Smart-Farming\Datasets\final_combined_datasets\PLUE\Phy\PLUE_Phy_303.JPG,Potato,Phy,uncontrolled,cebc0466d603be9c,Late Blight 
Z:\Projects\Smart-Farming\Datasets\final_combined_datasets\PLUE\Phy\PLUE_Phy_304.JPG,Potato,Phy,uncontrolled,fe8bd3576074c850,Late Blight 
Z:\Projects\Smart-Farming\Datasets\final_combined_datasets\PLUE\Phy\PLUE_Phy_305.JPG,Potato,Phy,uncontrolled,df816caf784d884a,Late Blight 
Z:\Projects\Smart-Farming\Datasets\final_combined_datasets\PLUE\Phy\PLUE_Phy_306.JPG,Potato,Phy,uncontrolled,ea6ef595b0b19482,Late Blight 
Z:\Projects\Smart-Farming\Datasets\final_combined_datasets\PLUE\Phy\PLUE_Phy_307.JPG,Potato,Phy,uncontrolled,b91cd27b842b1dc3,Late Blight 
Z:\Projects\Smart-Farming\Datasets\final_combined_datasets\PLUE\Phy\PLUE_Phy_308.JPG,Potato,Phy,uncontrolled,914126bafd14dab9,Late Blight 
Z:\Projects\Smart-Farming\Datasets\final_combined_datasets\PLUE\Phy\PLUE_Phy_309.JPG,Potato,Phy,uncontrolled,8c8117ea6f2dc2b3,Late Blight 
Z:\Projects\Smart-Farming\Datasets\final_combined_datasets\PLUE\Phy\PLUE_Phy_310.JPG,Potato,Phy,uncontrolled,8f9c3861c39c7b26,Late Blight 
Z:\Projects\Smart-Farming\Datasets\final_combined_datasets\PLUE\Phy\PLUE_Phy_311.JPG,Potato,Phy,uncontrolled,83811e3f63e9fc82,Late Blight 
Z:\Projects\Smart-Farming\Datasets\final_combined_datasets\PLUE\Phy\PLUE_Phy_312.JPG,Potato,Phy,uncontrolled,95ad6a1a1d107afa,Late Blight 
Z:\Projects\Smart-Farming\Datasets\final_combined_datasets\PLUE\Phy\PLUE_Phy_313.JPG,Potato,Phy,uncontrolled,a3575daa54284bb3,Late Blight 
Z:\Projects\Smart-Farming\Datasets\final_combined_datasets\PLUE\Phy\PLUE_Phy_333.JPG,Potato,Phy,uncontrolled,90707377e5e85057,Late Blight 
Z:\Projects\Smart-Farming\Datasets\final_combined_datasets\PLUE\V\PLUE_V_451.JPG,Potato,V,uncontrolled,bc45de1e8f44e710,Virus
Z:\Projects\Smart-Farming\Datasets\final_combined_datasets\PLUE\V\PLUE_V_452.JPG,Potato,V,uncontrolled,f5e45cca83dc12a3,Virus
Z:\Projects\Smart-Farming\Datasets\final_combined_datasets\PLUE\V\PLUE_V_453.JPG,Potato,V,uncontrolled,96cfc1c8da9c7470,Virus
Z:\Projects\Smart-Farming\Datasets\final_combined_datasets\PLUE\V\PLUE_V_454.JPG,Potato,V,uncontrolled,cd44c968a5b399cd,Virus
Z:\Projects\Smart-Farming\Datasets\final_combined_datasets\PLUE\V\PLUE_V_455.JPG,Potato,V,uncontrolled,f8d3ebc085a44739,Virus
Z:\Projects\Smart-Farming\Datasets\final_combined_datasets\PLUE\V\PLUE_V_456.JPG,Potato,V,uncontrolled,f9e9ac3c4dc09097,Virus
Z:\Projects\Smart-Farming\Datasets\final_combined_datasets\PLUE\V\PLUE_V_457.JPG,Potato,V,uncontrolled,dbe667d8e900562c,Virus
Z:\Projects\Smart-Farming\Datasets\final_combined_datasets\PLUE\V\PLUE_V_458.JPG,Potato,V,uncontrolled,fd58a4a2ddf8007c,Virus
Z:\Projects\Smart-Farming\Datasets\final_combined_datasets\PLUE\V\PLUE_V_459.JPG,Potato,V,uncontrolled,ea8194768eaa9753,Virus
Z:\Projects\Smart-Farming\Datasets\final_combined_datasets\PLUE\V\PLUE_V_460.JPG,Potato,V,uncontrolled,c42f86a2cdd2a771,Virus
Z:\Projects\Smart-Farming\Datasets\final_combined_datasets\PLUE\V\PLUE_V_461.JPG,Potato,V,uncontrolled,ea48574f8a93b178,Virus
Z:\Projects\Smart-Farming\Datasets\final_combined_datasets\PLUE\V\PLUE_V_462.JPG,Potato,V,uncontrolled,cbda9999362b22d4,Virus
Z:\Projects\Smart-Farming\Datasets\final_combined_datasets\PLUE\V\PLUE_V_463.JPG,Potato,V,uncontrolled,bf1f9d206cc8a459,Virus
Z:\Projects\Smart-Farming\Datasets\final_combined_datasets\PLUE\V\PLUE_V_464.JPG,Potato,V,uncontrolled,e7719c4da24ea742,Virus
Z:\Projects\Smart-Farming\Datasets\final_combined_datasets\PLUE\V\PLUE_V_465.JPG,Potato,V,uncontrolled,bbc0c269eac0acdd,Virus
Z:\Projects\Smart-Farming\Datasets\final_combined_datasets\PLUE\V\PLUE_V_466.JPG,Potato,V,uncontrolled,da0f46ca6170b3ab,Virus
Z:\Projects\Smart-Farming\Datasets\final_combined_datasets\PLUE\V\PLUE_V_467.JPG,Potato,V,uncontrolled,f4331b0ec0619ed7,Virus
Z:\Projects\Smart-Farming\Datasets\final_combined_datasets\PLUE\V\PLUE_V_468.JPG,Potato,V,uncontrolled,fbc08d97c07017f1,Virus
Z:\Projects\Smart-Farming\Datasets\final_combined_datasets\PLUE\V\PLUE_V_469.JPG,Potato,V,uncontrolled,ff5cc02985a25c97,Virus
Z:\Projects\Smart-Farming\Datasets\final_combined_datasets\PLUE\V\PLUE_V_470.JPG,Potato,V,uncontrolled,c27c9bccac1ba951,Virus
Z:\Projects\Smart-Farming\Datasets\final_combined_datasets\PLUE\V\PLUE_V_471.JPG,Potato,V,uncontrolled,eb8987aad0f45447,Virus
Z:\Projects\Smart-Farming\Datasets\final_combined_datasets\PLUE\V\PLUE_V_472.JPG,Potato,V,uncontrolled,eb8987a8f4e45147,Virus
Z:\Projects\Smart-Farming\Datasets\final_combined_datasets\PLUE\V\PLUE_V_473.JPG,Potato,V,uncontrolled,e488815bfa3452fd,Virus
Z:\Projects\Smart-Farming\Datasets\final_combined_datasets\PLUE\V\PLUE_V_474.JPG,Potato,V,uncontrolled,e87a8e3c07177685,Virus
Z:\Projects\Smart-Farming\Datasets\final_combined_datasets\PLUE\V\PLUE_V_475.JPG,Potato,V,uncontrolled,fb8316f4d41924b3,Virus
Z:\Projects\Smart-Farming\Datasets\final_combined_datasets\PLUE\V\PLUE_V_476.JPG,Potato,V,uncontrolled,c2a3bbb417c911cd,Virus
Z:\Projects\Smart-Farming\Datasets\final_combined_datasets\PLUE\V\PLUE_V_477.JPG,Potato,V,uncontrolled,caa393a417e911ed,Virus
Z:\Projects\Smart-Farming\Datasets\final_combined_datasets\PLUE\V\PLUE_V_478.JPG,Potato,V,uncontrolled,f896c70d0c562bae,Virus
Z:\Projects\Smart-Farming\Datasets\final_combined_datasets\PLUE\V\PLUE_V_479.JPG,Potato,V,uncontrolled,ec18f5dac17221d9,Virus
Z:\Projects\Smart-Farming\Datasets\final_combined_datasets\PLUE\V\PLUE_V_480.JPG,Potato,V,uncontrolled,b393715939e91a4a,Virus
Z:\Projects\Smart-Farming\Datasets\final_combined_datasets\PLUE\V\PLUE_V_481.JPG,Potato,V,uncontrolled,fb9ad2802885bcfa,Virus
Z:\Projects\Smart-Farming\Datasets\final_combined_datasets\PLUE\V\PLUE_V_482.JPG,Potato,V,uncontrolled,8822dae9bcb25d56,Virus
Z:\Projects\Smart-Farming\Datasets\final_combined_datasets\PLUE\V\PLUE_V_483.JPG,Potato,V,uncontrolled,fe00ea7550555af1,Virus
Z:\Projects\Smart-Farming\Datasets\final_combined_datasets\PLUE\V\PLUE_V_484.JPG,Potato,V,uncontrolled,ef00506a758ea4fd,Virus
Z:\Projects\Smart-Farming\Datasets\final_combined_datasets\PLUE\V\PLUE_V_485.JPG,Potato,V,uncontrolled,fc55d21ca415746e,Virus
Z:\Projects\Smart-Farming\Datasets\final_combined_datasets\PLUE\V\PLUE_V_486.JPG,Potato,V,uncontrolled,e3e305c9d0eaa9d8,Virus
Z:\Projects\Smart-Farming\Datasets\final_combined_datasets\PLUE\V\PLUE_V_487.JPG,Potato,V,uncontrolled,b8f95a60d6e9442d,Virus
Z:\Projects\Smart-Farming\Datasets\final_combined_datasets\PLUE\V\PLUE_V_488.jpg,Potato,V,uncontrolled,9bd96e31248786da,Virus
Z:\Projects\Smart-Farming\Datasets\final_combined_datasets\PLUE\V\PLUE_V_489.jpg,Potato,V,uncontrolled,a5b8d2b17af10a55,Virus
Z:\Projects\Smart-Farming\Datasets\final_combined_datasets\PLUE\V\PLUE_V_490.jpg,Potato,V,uncontrolled,f1a5cec3accb904c,Virus
Z:\Projects\Smart-Farming\Datasets\final_combined_datasets\PLUE\V\PLUE_V_491.jpg,Potato,V,uncontrolled,a87ad06c2b486f57,Virus
Z:\Projects\Smart-Farming\Datasets\final_combined_datasets\PLUE\V\PLUE_V_492.jpg,Potato,V,uncontrolled,e69e82bb07f30878,Virus
Z:\Projects\Smart-Farming\Datasets\final_combined_datasets\PLUE\V\PLUE_V_493.jpg,Potato,V,uncontrolled,eda98ed1105aeb1c,Virus
Z:\Projects\Smart-Farming\Datasets\final_combined_datasets\PLUE\V\PLUE_V_494.jpg,Potato,V,uncontrolled,a5f0d287975ad868,Virus
Z:\Projects\Smart-Farming\Datasets\final_combined_datasets\PLUE\V\PLUE_V_495.jpg,Potato,V,uncontrolled,e88885d31e6339bd,Virus
Z:\Projects\Smart-Farming\Datasets\final_combined_datasets\PLUE\V\PLUE_V_496.jpg,Potato,V,uncontrolled,82467fe386cb0d8e,Virus
Z:\Projects\Smart-Farming\Datasets\final_combined_datasets\PLUE\V\PLUE_V_497.jpg,Potato,V,uncontrolled,805bc27cd8237977,Virus
Z:\Projects\Smart-Farming\Datasets\final_combined_datasets\PLUE\V\PLUE_V_498.jpg,Potato,V,uncontrolled,aabad29b139a3592,Virus
Z:\Projects\Smart-Farming\Datasets\final_combined_datasets\PLUE\V\PLUE_V_499.jpg,Potato,V,uncontrolled,c4df85e1803f16b3,Virus
Z:\Projects\Smart-Farming\Datasets\final_combined_datasets\PLUE\V\PLUE_V_500.jpg,Potato,V,uncontrolled,cd84b18bb599918f,Virus
Z:\Projects\Smart-Farming\Datasets\final_combined_datasets\PLUE\V\PLUE_V_501.jpg,Potato,V,uncontrolled,b1b6ade4269a826b,Virus
Z:\Projects\Smart-Farming\Datasets\final_combined_datasets\PLUE\V\PLUE_V_502.jpg,Potato,V,uncontrolled,dabc05cd34a48b6b,Virus
Z:\Projects\Smart-Farming\Datasets\final_combined_datasets\PLUE\V\PLUE_V_503.jpg,Potato,V,uncontrolled,ac3b1b51e514617b,Virus
Z:\Projects\Smart-Farming\Datasets\final_combined_datasets\PLUE\V\PLUE_V_504.jpg,Potato,V,uncontrolled,c3e3e4ae532c159c,Virus
Z:\Projects\Smart-Farming\Datasets\final_combined_datasets\PLUE\V\PLUE_V_505.jpg,Potato,V,uncontrolled,9d35784ce5e8809f,Virus
Z:\Projects\Smart-Farming\Datasets\final_combined_datasets\PLUE\V\PLUE_V_506.jpg,Potato,V,uncontrolled,dadad3827623c570,Virus
Z:\Projects\Smart-Farming\Datasets\final_combined_datasets\PLUE\V\PLUE_V_507.JPG,Potato,V,uncontrolled,db2f6d50521a5d51,Virus
Z:\Projects\Smart-Farming\Datasets\final_combined_datasets\PLUE\V\PLUE_V_508.JPG,Potato,V,uncontrolled,f2452e6854a98bd7,Virus
Z:\Projects\Smart-Farming\Datasets\final_combined_datasets\PLUE\V\PLUE_V_509.JPG,Potato,V,uncontrolled,835e68ad3857e20f,Virus
Z:\Projects\Smart-Farming\Datasets\final_combined_datasets\PLUE\V\PLUE_V_510.JPG,Potato,V,uncontrolled,f369747b2c87c830,Virus
Z:\Projects\Smart-Farming\Datasets\final_combined_datasets\PLUE\V\PLUE_V_511.JPG,Potato,V,uncontrolled,fa3c03b09b8abd85,Virus
Z:\Projects\Smart-Farming\Datasets\final_combined_datasets\PLUE\V\PLUE_V_512.JPG,Potato,V,uncontrolled,fd1b168a8552aab5,Virus
Z:\Projects\Smart-Farming\Datasets\final_combined_datasets\PLUE\V\PLUE_V_513.JPG,Potato,V,uncontrolled,97cc46efc51545b0,Virus
Z:\Projects\Smart-Farming\Datasets\final_combined_datasets\PLUE\V\PLUE_V_514.JPG,Potato,V,uncontrolled,e8835e767605370d,Virus
Z:\Projects\Smart-Farming\Datasets\final_combined_datasets\PLUE\V\PLUE_V_515.JPG,Potato,V,uncontrolled,af0b0c5752d51e1b,Virus
Z:\Projects\Smart-Farming\Datasets\final_combined_datasets\PLUE\V\PLUE_V_516.JPG,Potato,V,uncontrolled,8fc51ae7027b4ac5,Virus
Z:\Projects\Smart-Farming\Datasets\final_combined_datasets\PLUE\V\PLUE_V_517.JPG,Potato,V,uncontrolled,f3e0ba4787708f28,Virus
Z:\Projects\Smart-Farming\Datasets\final_combined_datasets\PLUE\V\PLUE_V_518.JPG,Potato,V,uncontrolled,f6f2f998c4a850a5,Virus
Z:\Projects\Smart-Farming\Datasets\final_combined_datasets\PLUE\V\PLUE_V_519.JPG,Potato,V,uncontrolled,fa2bc4a7e840f554,Virus
Z:\Projects\Smart-Farming\Datasets\final_combined_datasets\PLUE\V\PLUE_V_520.JPG,Potato,V,uncontrolled,ece3c44c4f7c18b8,Virus
Z:\Projects\Smart-Farming\Datasets\final_combined_datasets\PLUE\V\PLUE_V_521.JPG,Potato,V,uncontrolled,e6d8b0bb92ab13c4,Virus
Z:\Projects\Smart-Farming\Datasets\final_combined_datasets\PLUE\V\PLUE_V_522.JPG,Potato,V,uncontrolled,c56af0fc7e299241,Virus
Z:\Projects\Smart-Farming\Datasets\final_combined_datasets\PLUE\V\PLUE_V_523.JPG,Potato,V,uncontrolled,d28e0d97fc2f2582,Virus
Z:\Projects\Smart-Farming\Datasets\final_combined_datasets\PLUE\V\PLUE_V_524.JPG,Potato,V,uncontrolled,9b346d9694497366,Virus
Z:\Projects\Smart-Farming\Datasets\final_combined_datasets\PLUE\V\PLUE_V_525.JPG,Potato,V,uncontrolled,f867c2c44de35c54,Virus
Z:\Projects\Smart-Farming\Datasets\final_combined_datasets\PLUE\V\PLUE_V_526.JPG,Potato,V,uncontrolled,99770be8b68b443a,Virus
Z:\Projects\Smart-Farming\Datasets\final_combined_datasets\PLUE\V\PLUE_V_527.JPG,Potato,V,uncontrolled,9957516e6ea425d2,Virus
Z:\Projects\Smart-Farming\Datasets\final_combined_datasets\PLUE\V\PLUE_V_528.JPG,Potato,V,uncontrolled,8d7243adb2365a69,Virus
Z:\Projects\Smart-Farming\Datasets\final_combined_datasets\PLUE\V\PLUE_V_529.JPG,Potato,V,uncontrolled,9973d469ada49692,Virus
Z:\Projects\Smart-Farming\Datasets\final_combined_datasets\PLUE\V\PLUE_V_530.JPG,Potato,V,uncontrolled,d33ee1469cd1238e,Virus
Z:\Projects\Smart-Farming\Datasets\final_combined_datasets\PLUE\V\PLUE_V_531.JPG,Potato,V,uncontrolled,cc1b33356466cce6,Virus
Z:\Projects\Smart-Farming\Datasets\final_combined_datasets\PLUE\V\PLUE_V_532.JPG,Potato,V,uncontrolled,ba57644aa5b1f452,Virus
Z:\Projects\Smart-Farming\Datasets\final_combined_datasets\PLUE\V\PLUE_V_001.JPG,Potato,V,uncontrolled,b2f1ba05907b987a,Virus
Z:\Projects\Smart-Farming\Datasets\final_combined_datasets\PLUE\V\PLUE_V_002.JPG,Potato,V,uncontrolled,c9c418dbb7cc522b,Virus
Z:\Projects\Smart-Farming\Datasets\final_combined_datasets\PLUE\V\PLUE_V_012.jpg,Potato,V,uncontrolled,d8d26879bc35492b,Virus
Z:\Projects\Smart-Farming\Datasets\final_combined_datasets\PLUE\V\PLUE_V_013.jpg,Potato,V,uncontrolled,9a9a4ad66d6889bc,Virus
Z:\Projects\Smart-Farming\Datasets\final_combined_datasets\PLUE\V\PLUE_V_014.jpg,Potato,V,uncontrolled,e45130e8dea7198f,Virus
Z:\Projects\Smart-Farming\Datasets\final_combined_datasets\PLUE\V\PLUE_V_015.jpg,Potato,V,uncontrolled,b79ba70b8d824c1e,Virus
Z:\Projects\Smart-Farming\Datasets\final_combined_datasets\PLUE\V\PLUE_V_016.jpg,Potato,V,uncontrolled,a952352ac7d46ea5,Virus
Z:\Projects\Smart-Farming\Datasets\final_combined_datasets\PLUE\V\PLUE_V_017.jpg,Potato,V,uncontrolled,cd70eac2218bbc3d,Virus
Z:\Projects\Smart-Farming\Datasets\final_combined_datasets\PLUE\V\PLUE_V_018.jpg,Potato,V,uncontrolled,c0afe8a7f8a506cc,Virus
Z:\Projects\Smart-Farming\Datasets\final_combined_datasets\PLUE\V\PLUE_V_019.jpg,Potato,V,uncontrolled,c1e00fb26a72f467,Virus
Z:\Projects\Smart-Farming\Datasets\final_combined_datasets\PLUE\V\PLUE_V_020.jpg,Potato,V,uncontrolled,e5a74393d2c9a319,Virus
Z:\Projects\Smart-Farming\Datasets\final_combined_datasets\PLUE\V\PLUE_V_021.jpg,Potato,V,uncontrolled,965d7aa9ed502a86,Virus
Z:\Projects\Smart-Farming\Datasets\final_combined_datasets\PLUE\V\PLUE_V_022.jpg,Potato,V,uncontrolled,9ba3b09e468fc03d,Virus
Z:\Projects\Smart-Farming\Datasets\final_combined_datasets\PLUE\V\PLUE_V_023.jpg,Potato,V,uncontrolled,d44952dc6bdcd238,Virus
Z:\Projects\Smart-Farming\Datasets\final_combined_datasets\PLUE\V\PLUE_V_024.jpg,Potato,V,uncontrolled,c13b4e954cd689da,Virus
Z:\Projects\Smart-Farming\Datasets\final_combined_datasets\PLUE\V\PLUE_V_025.jpg,Potato,V,uncontrolled,d52e42c3f862eab4,Virus
Z:\Projects\Smart-Farming\Datasets\final_combined_datasets\PLUE\V\PLUE_V_026.jpg,Potato,V,uncontrolled,d7ca22b628e46cb5,Virus
Z:\Projects\Smart-Farming\Datasets\final_combined_datasets\PLUE\V\PLUE_V_027.jpg,Potato,V,uncontrolled,d10e4ba5a2f2bd68,Virus
Z:\Projects\Smart-Farming\Datasets\final_combined_datasets\PLUE\V\PLUE_V_028.jpg,Potato,V,uncontrolled,d7a1f4b07c46a4c3,Virus
Z:\Projects\Smart-Farming\Datasets\final_combined_datasets\PLUE\V\PLUE_V_029.jpg,Potato,V,uncontrolled,da05de9e6342b1a5,Virus
Z:\Projects\Smart-Farming\Datasets\final_combined_datasets\PLUE\V\PLUE_V_030.jpg,Potato,V,uncontrolled,d60ff1bb2030be49,Virus
Z:\Projects\Smart-Farming\Datasets\final_combined_datasets\PLUE\V\PLUE_V_031.jpg,Potato,V,uncontrolled,d40bd4bf7761a848,Virus
Z:\Projects\Smart-Farming\Datasets\final_combined_datasets\PLUE\V\PLUE_V_032.jpg,Potato,V,uncontrolled,daafd09ba050533b,Virus
Z:\Projects\Smart-Farming\Datasets\final_combined_datasets\PLUE\V\PLUE_V_033.jpg,Potato,V,uncontrolled,93e06c542c8f5b9d,Virus
Z:\Projects\Smart-Farming\Datasets\final_combined_datasets\PLUE\V\PLUE_V_034.jpg,Potato,V,uncontrolled,daaf873897694126,Virus
Z:\Projects\Smart-Farming\Datasets\final_combined_datasets\PLUE\V\PLUE_V_035.jpg,Potato,V,uncontrolled,8bb56e9dac219b05,Virus
Z:\Projects\Smart-Farming\Datasets\final_combined_datasets\PLUE\V\PLUE_V_036.jpg,Potato,V,uncontrolled,d08c24b6eb699b39,Virus
Z:\Projects\Smart-Farming\Datasets\final_combined_datasets\PLUE\V\PLUE_V_037.jpg,Potato,V,uncontrolled,ff53a0d01bb093f0,Virus
Z:\Projects\Smart-Farming\Datasets\final_combined_datasets\PLUE\V\PLUE_V_038.jpg,Potato,V,uncontrolled,deb0bfb66046203e,Virus
Z:\Projects\Smart-Farming\Datasets\final_combined_datasets\PLUE\V\PLUE_V_039.jpg,Potato,V,uncontrolled,d1622300f743d7bb,Virus
Z:\Projects\Smart-Farming\Datasets\final_combined_datasets\PLUE\V\PLUE_V_040.jpg,Potato,V,uncontrolled,ffc3e84e81fe0700,Virus
Z:\Projects\Smart-Farming\Datasets\final_combined_datasets\PLUE\V\PLUE_V_041.jpg,Potato,V,uncontrolled,dc400586b0ffeaae,Virus
Z:\Projects\Smart-Farming\Datasets\final_combined_datasets\PLUE\V\PLUE_V_042.jpg,Potato,V,uncontrolled,f84889890ff343f6,Virus
Z:\Projects\Smart-Farming\Datasets\final_combined_datasets\PLUE\V\PLUE_V_043.jpg,Potato,V,uncontrolled,9ef407d0d70be981,Virus
Z:\Projects\Smart-Farming\Datasets\final_combined_datasets\PLUE\V\PLUE_V_044.jpg,Potato,V,uncontrolled,d37412949e7a886f,Virus
Z:\Projects\Smart-Farming\Datasets\final_combined_datasets\PLUE\V\PLUE_V_045.jpg,Potato,V,uncontrolled,e37a66a29656990d,Virus
Z:\Projects\Smart-Farming\Datasets\final_combined_datasets\PLUE\V\PLUE_V_046.jpg,Potato,V,uncontrolled,ed182310da759f65,Virus
Z:\Projects\Smart-Farming\Datasets\final_combined_datasets\PLUE\V\PLUE_V_047.jpg,Potato,V,uncontrolled,cd0ff0819b5d91e8,Virus
Z:\Projects\Smart-Farming\Datasets\final_combined_datasets\PLUE\V\PLUE_V_048.jpg,Potato,V,uncontrolled,9d6c60e7caba0af0,Virus
Z:\Projects\Smart-Farming\Datasets\final_combined_datasets\PLUE\V\PLUE_V_049.jpg,Potato,V,uncontrolled,f070357bdab88f20,Virus
Z:\Projects\Smart-Farming\Datasets\final_combined_datasets\PLUE\V\PLUE_V_050.jpg,Potato,V,uncontrolled,e2e9a44a9c52d9dc,Virus
Z:\Projects\Smart-Farming\Datasets\final_combined_datasets\PLUE\V\PLUE_V_051.jpg,Potato,V,uncontrolled,d9c05a93962717e5,Virus
Z:\Projects\Smart-Farming\Datasets\final_combined_datasets\PLUE\V\PLUE_V_052.jpg,Potato,V,uncontrolled,f27d2e85e3ea4430,Virus
Z:\Projects\Smart-Farming\Datasets\final_combined_datasets\PLUE\V\PLUE_V_053.jpg,Potato,V,uncontrolled,b38662f81a0fe7c1,Virus
Z:\Projects\Smart-Farming\Datasets\final_combined_datasets\PLUE\V\PLUE_V_054.jpg,Potato,V,uncontrolled,9bb1215f61ef210e,Virus
Z:\Projects\Smart-Farming\Datasets\final_combined_datasets\PLUE\V\PLUE_V_055.jpg,Potato,V,uncontrolled,c9cf70c89c39a927,Virus
Z:\Projects\Smart-Farming\Datasets\final_combined_datasets\PLUE\V\PLUE_V_056.jpg,Potato,V,uncontrolled,e00862d8df55ff0c,Virus
Z:\Projects\Smart-Farming\Datasets\final_combined_datasets\PLUE\V\PLUE_V_057.jpg,Potato,V,uncontrolled,ca28da14bb82abde,Virus
Z:\Projects\Smart-Farming\Datasets\final_combined_datasets\PLUE\V\PLUE_V_058.jpg,Potato,V,uncontrolled,fa69b61db426c582,Virus
Z:\Projects\Smart-Farming\Datasets\final_combined_datasets\PLUE\V\PLUE_V_059.jpg,Potato,V,uncontrolled,8f35c4f6f04b2139,Virus
Z:\Projects\Smart-Farming\Datasets\final_combined_datasets\PLUE\V\PLUE_V_060.jpg,Potato,V,uncontrolled,c33f2cf28a03ca7c,Virus
Z:\Projects\Smart-Farming\Datasets\final_combined_datasets\PLUE\V\PLUE_V_061.jpg,Potato,V,uncontrolled,c1351ff51251e6d8,Virus
Z:\Projects\Smart-Farming\Datasets\final_combined_datasets\PLUE\V\PLUE_V_062.jpg,Potato,V,uncontrolled,c0bd0929f47d6c93,Virus
Z:\Projects\Smart-Farming\Datasets\final_combined_datasets\PLUE\V\PLUE_V_063.jpg,Potato,V,uncontrolled,9c4555869f183977,Virus
Z:\Projects\Smart-Farming\Datasets\final_combined_datasets\PLUE\V\PLUE_V_064.jpg,Potato,V,uncontrolled,9fd5f44bdc242832,Virus
Z:\Projects\Smart-Farming\Datasets\final_combined_datasets\PLUE\V\PLUE_V_065.jpg,Potato,V,uncontrolled,c5b795d24533998c,Virus
Z:\Projects\Smart-Farming\Datasets\final_combined_datasets\PLUE\V\PLUE_V_066.jpg,Potato,V,uncontrolled,c1d8020bf00ffee7,Virus
Z:\Projects\Smart-Farming\Datasets\final_combined_datasets\PLUE\V\PLUE_V_067.jpg,Potato,V,uncontrolled,a8d807898d715de7,Virus
Z:\Projects\Smart-Farming\Datasets\final_combined_datasets\PLUE\V\PLUE_V_068.jpg,Potato,V,uncontrolled,c585b19d47e08aaf,Virus
Z:\Projects\Smart-Farming\Datasets\final_combined_datasets\PLUE\V\PLUE_V_069.jpg,Potato,V,uncontrolled,cce1b5858a8a67ae,Virus
Z:\Projects\Smart-Farming\Datasets\final_combined_datasets\PLUE\V\PLUE_V_070.jpg,Potato,V,uncontrolled,c3c74cd2b94d4ec1,Virus
Z:\Projects\Smart-Farming\Datasets\final_combined_datasets\PLUE\V\PLUE_V_071.jpg,Potato,V,uncontrolled,fb7abc32964ba090,Virus
Z:\Projects\Smart-Farming\Datasets\final_combined_datasets\PLUE\V\PLUE_V_072.jpg,Potato,V,uncontrolled,f8e83c1d90e13d1b,Virus
Z:\Projects\Smart-Farming\Datasets\final_combined_datasets\PLUE\V\PLUE_V_073.jpg,Potato,V,uncontrolled,fa771f91300c649b,Virus
Z:\Projects\Smart-Farming\Datasets\final_combined_datasets\PLUE\V\PLUE_V_074.jpg,Potato,V,uncontrolled,e062a333b6db4f81,Virus
Z:\Projects\Smart-Farming\Datasets\final_combined_datasets\PLUE\V\PLUE_V_075.jpg,Potato,V,uncontrolled,d77032669c9c4d69,Virus
Z:\Projects\Smart-Farming\Datasets\final_combined_datasets\PLUE\V\PLUE_V_076.jpg,Potato,V,uncontrolled,c06de459b2b46d59,Virus
Z:\Projects\Smart-Farming\Datasets\final_combined_datasets\PLUE\V\PLUE_V_077.jpg,Potato,V,uncontrolled,f3517072847dac59,Virus
Z:\Projects\Smart-Farming\Datasets\final_combined_datasets\PLUE\V\PLUE_V_078.jpg,Potato,V,uncontrolled,e3c6e188d1c9d27a,Virus
Z:\Projects\Smart-Farming\Datasets\final_combined_datasets\PLUE\V\PLUE_V_079.jpg,Potato,V,uncontrolled,f712b0971dd2710b,Virus
Z:\Projects\Smart-Farming\Datasets\final_combined_datasets\PLUE\V\PLUE_V_080.jpg,Potato,V,uncontrolled,f868eb5f71c1013c,Virus
Z:\Projects\Smart-Farming\Datasets\final_combined_datasets\PLUE\V\PLUE_V_081.jpg,Potato,V,uncontrolled,e837a1f08cd87e19,Virus
Z:\Projects\Smart-Farming\Datasets\final_combined_datasets\PLUE\V\PLUE_V_082.jpg,Potato,V,uncontrolled,f420e90ffce6123a,Virus
Z:\Projects\Smart-Farming\Datasets\final_combined_datasets\PLUE\V\PLUE_V_083.jpg,Potato,V,uncontrolled,ea11fef8ea071e01,Virus
Z:\Projects\Smart-Farming\Datasets\final_combined_datasets\PLUE\V\PLUE_V_084.jpg,Potato,V,uncontrolled,b6fea656c8158da0,Virus
Z:\Projects\Smart-Farming\Datasets\final_combined_datasets\PLUE\V\PLUE_V_085.jpg,Potato,V,uncontrolled,d04be902a757764d,Virus
Z:\Projects\Smart-Farming\Datasets\final_combined_datasets\PLUE\V\PLUE_V_086.jpg,Potato,V,uncontrolled,afb9a690ae6510d6,Virus
Z:\Projects\Smart-Farming\Datasets\final_combined_datasets\PLUE\V\PLUE_V_087.jpg,Potato,V,uncontrolled,cfc73392e0e43d05,Virus
Z:\Projects\Smart-Farming\Datasets\final_combined_datasets\PLUE\V\PLUE_V_088.jpg,Potato,V,uncontrolled,e97923219c8736d5,Virus
Z:\Projects\Smart-Farming\Datasets\final_combined_datasets\PLUE\V\PLUE_V_089.jpg,Potato,V,uncontrolled,eacb028fc3390ce7,Virus
Z:\Projects\Smart-Farming\Datasets\final_combined_datasets\PLUE\V\PLUE_V_090.jpg,Potato,V,uncontrolled,c6690c05b11bf1fd,Virus
Z:\Projects\Smart-Farming\Datasets\final_combined_datasets\PLUE\V\PLUE_V_091.jpg,Potato,V,uncontrolled,d6a98ad5af4a9582,Virus
Z:\Projects\Smart-Farming\Datasets\final_combined_datasets\PLUE\V\PLUE_V_092.jpg,Potato,V,uncontrolled,d270b8188bb978bd,Virus
Z:\Projects\Smart-Farming\Datasets\final_combined_datasets\PLUE\V\PLUE_V_093.jpg,Potato,V,uncontrolled,f7632108ccf95a53,Virus
Z:\Projects\Smart-Farming\Datasets\final_combined_datasets\PLUE\V\PLUE_V_094.jpg,Potato,V,uncontrolled,f16ea17897a16a07,Virus
Z:\Projects\Smart-Farming\Datasets\final_combined_datasets\PLUE\V\PLUE_V_095.jpg,Potato,V,uncontrolled,d216979cfed0e828,Virus
Z:\Projects\Smart-Farming\Datasets\final_combined_datasets\PLUE\V\PLUE_V_096.jpg,Potato,V,uncontrolled,c743b6542e644b5d,Virus
Z:\Projects\Smart-Farming\Datasets\final_combined_datasets\PLUE\V\PLUE_V_097.jpg,Potato,V,uncontrolled,8f8872c22f9a5e55,Virus
Z:\Projects\Smart-Farming\Datasets\final_combined_datasets\PLUE\V\PLUE_V_098.jpg,Potato,V,uncontrolled,864beab0bfc078a9,Virus
Z:\Projects\Smart-Farming\Datasets\final_combined_datasets\PLUE\V\PLUE_V_099.jpg,Potato,V,uncontrolled,dc8131f13d79c992,Virus
Z:\Projects\Smart-Farming\Datasets\final_combined_datasets\PLUE\V\PLUE_V_100.jpg,Potato,V,uncontrolled,d9592f53d052c3d2,Virus
Z:\Projects\Smart-Farming\Datasets\final_combined_datasets\PLUE\V\PLUE_V_101.jpg,Potato,V,uncontrolled,dc93738996f9a106,Virus
Z:\Projects\Smart-Farming\Datasets\final_combined_datasets\PLUE\V\PLUE_V_102.jpg,Potato,V,uncontrolled,de5419e30cc6e61d,Virus
Z:\Projects\Smart-Farming\Datasets\final_combined_datasets\PLUE\V\PLUE_V_103.jpg,Potato,V,uncontrolled,8f73cf3c902cecc0,Virus
Z:\Projects\Smart-Farming\Datasets\final_combined_datasets\PLUE\V\PLUE_V_104.jpg,Potato,V,uncontrolled,d29a31b9a685293f,Virus
Z:\Projects\Smart-Farming\Datasets\final_combined_datasets\PLUE\V\PLUE_V_105.jpg,Potato,V,uncontrolled,8cb415679ff07158,Virus
Z:\Projects\Smart-Farming\Datasets\final_combined_datasets\PLUE\V\PLUE_V_106.jpg,Potato,V,uncontrolled,b7e067bc5aa4c164,Virus
Z:\Projects\Smart-Farming\Datasets\final_combined_datasets\PLUE\V\PLUE_V_107.jpg,Potato,V,uncontrolled,cf0b7bc39434d096,Virus
Z:\Projects\Smart-Farming\Datasets\final_combined_datasets\PLUE\V\PLUE_V_108.jpg,Potato,V,uncontrolled,da5e2a2b550a6a3e,Virus
Z:\Projects\Smart-Farming\Datasets\final_combined_datasets\PLUE\V\PLUE_V_109.jpg,Potato,V,uncontrolled,d64c46a99472ed63,Virus
Z:\Projects\Smart-Farming\Datasets\final_combined_datasets\PLUE\V\PLUE_V_110.jpg,Potato,V,uncontrolled,d5dd2eb8b2aa2e40,Virus
Z:\Projects\Smart-Farming\Datasets\final_combined_datasets\PLUE\V\PLUE_V_111.jpg,Potato,V,uncontrolled,dfe46d68a53cb014,Virus
Z:\Projects\Smart-Farming\Datasets\final_combined_datasets\PLUE\V\PLUE_V_112.jpg,Potato,V,uncontrolled,adf4b9a0d1d9c14a,Virus
Z:\Projects\Smart-Farming\Datasets\final_combined_datasets\PLUE\V\PLUE_V_113.jpg,Potato,V,uncontrolled,ad80f38674b95374,Virus
Z:\Projects\Smart-Farming\Datasets\final_combined_datasets\PLUE\V\PLUE_V_114.jpg,Potato,V,uncontrolled,95607d95ea6e854a,Virus
Z:\Projects\Smart-Farming\Datasets\final_combined_datasets\PLUE\V\PLUE_V_115.jpg,Potato,V,uncontrolled,c07355a68cdcb91b,Virus
Z:\Projects\Smart-Farming\Datasets\final_combined_datasets\PLUE\V\PLUE_V_116.jpg,Potato,V,uncontrolled,f6b4b898607b416b,Virus
Z:\Projects\Smart-Farming\Datasets\final_combined_datasets\PLUE\V\PLUE_V_117.jpg,Potato,V,uncontrolled,bc6161d398299e1f,Virus
Z:\Projects\Smart-Farming\Datasets\final_combined_datasets\PLUE\V\PLUE_V_118.jpg,Potato,V,uncontrolled,c07e85c29b25f3c6,Virus
Z:\Projects\Smart-Farming\Datasets\final_combined_datasets\PLUE\V\PLUE_V_119.jpg,Potato,V,uncontrolled,cb2c3d6394f9861a,Virus
Z:\Projects\Smart-Farming\Datasets\final_combined_datasets\PLUE\V\PLUE_V_120.jpg,Potato,V,uncontrolled,c38e0e18787ae4ee,Virus
Z:\Projects\Smart-Farming\Datasets\final_combined_datasets\PLUE\V\PLUE_V_121.jpg,Potato,V,uncontrolled,ca8ba917266b9cac,Virus
Z:\Projects\Smart-Farming\Datasets\final_combined_datasets\PLUE\V\PLUE_V_122.jpg,Potato,V,uncontrolled,d5b497fa422db580,Virus
Z:\Projects\Smart-Farming\Datasets\final_combined_datasets\PLUE\V\PLUE_V_123.jpg,Potato,V,uncontrolled,d8d8f09db170792c,Virus
Z:\Projects\Smart-Farming\Datasets\final_combined_datasets\PLUE\V\PLUE_V_124.jpg,Potato,V,uncontrolled,c687ac59db96185a,Virus
Z:\Projects\Smart-Farming\Datasets\final_combined_datasets\PLUE\V\PLUE_V_125.jpg,Potato,V,uncontrolled,d87e3f432c0d5989,Virus
Z:\Projects\Smart-Farming\Datasets\final_combined_datasets\PLUE\V\PLUE_V_126.jpg,Potato,V,uncontrolled,d8f87a07af62f440,Virus
Z:\Projects\Smart-Farming\Datasets\final_combined_datasets\PLUE\V\PLUE_V_127.jpg,Potato,V,uncontrolled,c31ab35ca4d70ae5,Virus
Z:\Projects\Smart-Farming\Datasets\final_combined_datasets\PLUE\V\PLUE_V_128.jpg,Potato,V,uncontrolled,eae8618f8e8a78cc,Virus
Z:\Projects\Smart-Farming\Datasets\final_combined_datasets\PLUE\V\PLUE_V_129.jpg,Potato,V,uncontrolled,8a2954a9ab7077ab,Virus
Z:\Projects\Smart-Farming\Datasets\final_combined_datasets\PLUE\V\PLUE_V_130.jpg,Potato,V,uncontrolled,80f03ca0bde3bcad,Virus
Z:\Projects\Smart-Farming\Datasets\final_combined_datasets\PLUE\V\PLUE_V_131.jpg,Potato,V,uncontrolled,b0e86597bcc9b04d,Virus
Z:\Projects\Smart-Farming\Datasets\final_combined_datasets\PLUE\V\PLUE_V_132.jpg,Potato,V,uncontrolled,e5dc27ec15c8d542,Virus
Z:\Projects\Smart-Farming\Datasets\final_combined_datasets\PLUE\V\PLUE_V_133.jpg,Potato,V,uncontrolled,c7c6c110dece6a9a,Virus
Z:\Projects\Smart-Farming\Datasets\final_combined_datasets\PLUE\V\PLUE_V_134.jpg,Potato,V,uncontrolled,dd771f2d80c84c1e,Virus
Z:\Projects\Smart-Farming\Datasets\final_combined_datasets\PLUE\V\PLUE_V_135.jpg,Potato,V,uncontrolled,ba6554d7ce28a951,Virus
Z:\Projects\Smart-Farming\Datasets\final_combined_datasets\PLUE\V\PLUE_V_136.jpg,Potato,V,uncontrolled,c7c72cceca298dc8,Virus
Z:\Projects\Smart-Farming\Datasets\final_combined_datasets\PLUE\V\PLUE_V_137.jpg,Potato,V,uncontrolled,f9017182b29f907f,Virus
Z:\Projects\Smart-Farming\Datasets\final_combined_datasets\PLUE\V\PLUE_V_138.jpg,Potato,V,uncontrolled,e858f59994ba1c2b,Virus
Z:\Projects\Smart-Farming\Datasets\final_combined_datasets\PLUE\V\PLUE_V_139.jpg,Potato,V,uncontrolled,c5f9ec6eb6488341,Virus
Z:\Projects\Smart-Farming\Datasets\final_combined_datasets\PLUE\V\PLUE_V_140.jpg,Potato,V,uncontrolled,de5f3e58f0303903,Virus
Z:\Projects\Smart-Farming\Datasets\final_combined_datasets\PLUE\V\PLUE_V_141.jpg,Potato,V,uncontrolled,bb2c7a08b927d85c,Virus
Z:\Projects\Smart-Farming\Datasets\final_combined_datasets\PLUE\V\PLUE_V_142.jpg,Potato,V,uncontrolled,ffa30274f1aa4ad0,Virus
Z:\Projects\Smart-Farming\Datasets\final_combined_datasets\PLUE\V\PLUE_V_143.jpg,Potato,V,uncontrolled,fcd18ff0674c0364,Virus
Z:\Projects\Smart-Farming\Datasets\final_combined_datasets\PLUE\V\PLUE_V_144.jpg,Potato,V,uncontrolled,aca61535b63c584f,Virus
Z:\Projects\Smart-Farming\Datasets\final_combined_datasets\PLUE\V\PLUE_V_145.jpg,Potato,V,uncontrolled,b99eae4a8649e0d6,Virus
Z:\Projects\Smart-Farming\Datasets\final_combined_datasets\PLUE\V\PLUE_V_146.jpg,Potato,V,uncontrolled,9aac9376616b5296,Virus
Z:\Projects\Smart-Farming\Datasets\final_combined_datasets\PLUE\V\PLUE_V_147.jpg,Potato,V,uncontrolled,f3670e63b11cd542,Virus
Z:\Projects\Smart-Farming\Datasets\final_combined_datasets\PLUE\V\PLUE_V_148.jpg,Potato,V,uncontrolled,ff5e2a22ce809c5a,Virus
Z:\Projects\Smart-Farming\Datasets\final_combined_datasets\PLUE\V\PLUE_V_149.jpg,Potato,V,uncontrolled,d56261a72650eaed,Virus
Z:\Projects\Smart-Farming\Datasets\final_combined_datasets\PLUE\V\PLUE_V_150.jpg,Potato,V,uncontrolled,e0518f4595b5f386,Virus
Z:\Projects\Smart-Farming\Datasets\final_combined_datasets\PLUE\V\PLUE_V_151.jpg,Potato,V,uncontrolled,ded6e0d21b4d50a9,Virus
Z:\Projects\Smart-Farming\Datasets\final_combined_datasets\PLUE\V\PLUE_V_152.jpg,Potato,V,uncontrolled,fa22e50aea0ad8fc,Virus
Z:\Projects\Smart-Farming\Datasets\final_combined_datasets\PLUE\V\PLUE_V_153.jpg,Potato,V,uncontrolled,cf0693de33205973,Virus
Z:\Projects\Smart-Farming\Datasets\final_combined_datasets\PLUE\V\PLUE_V_154.jpg,Potato,V,uncontrolled,e623b2cc85adbc58,Virus
Z:\Projects\Smart-Farming\Datasets\final_combined_datasets\PLUE\V\PLUE_V_155.jpg,Potato,V,uncontrolled,fc7d2f9bc3644050,Virus
Z:\Projects\Smart-Farming\Datasets\final_combined_datasets\PLUE\V\PLUE_V_156.jpg,Potato,V,uncontrolled,e171799ec36a3702,Virus
Z:\Projects\Smart-Farming\Datasets\final_combined_datasets\PLUE\V\PLUE_V_157.jpg,Potato,V,uncontrolled,c747caf4b9183866,Virus
Z:\Projects\Smart-Farming\Datasets\final_combined_datasets\PLUE\V\PLUE_V_158.jpg,Potato,V,uncontrolled,a646142dabaa997d,Virus
Z:\Projects\Smart-Farming\Datasets\final_combined_datasets\PLUE\V\PLUE_V_159.jpg,Potato,V,uncontrolled,fd2b1b539168f212,Virus
Z:\Projects\Smart-Farming\Datasets\final_combined_datasets\PLUE\V\PLUE_V_160.jpg,Potato,V,uncontrolled,f2f1a2b92a0b2765,Virus
Z:\Projects\Smart-Farming\Datasets\final_combined_datasets\PLUE\V\PLUE_V_161.jpg,Potato,V,uncontrolled,de5670b2b938634a,Virus
Z:\Projects\Smart-Farming\Datasets\final_combined_datasets\PLUE\V\PLUE_V_162.jpg,Potato,V,uncontrolled,ca478ed8dc841fb8,Virus
Z:\Projects\Smart-Farming\Datasets\final_combined_datasets\PLUE\V\PLUE_V_163.jpg,Potato,V,uncontrolled,f647e1e5e0e105e1,Virus
Z:\Projects\Smart-Farming\Datasets\final_combined_datasets\PLUE\V\PLUE_V_164.jpg,Potato,V,uncontrolled,c646ded898191f93,Virus
Z:\Projects\Smart-Farming\Datasets\final_combined_datasets\PLUE\V\PLUE_V_165.jpg,Potato,V,uncontrolled,c66d67c7236c9618,Virus
Z:\Projects\Smart-Farming\Datasets\final_combined_datasets\PLUE\V\PLUE_V_166.jpg,Potato,V,uncontrolled,d14961c793a327d3,Virus
Z:\Projects\Smart-Farming\Datasets\final_combined_datasets\PLUE\V\PLUE_V_167.jpg,Potato,V,uncontrolled,d7524342d9b1b2ad,Virus
Z:\Projects\Smart-Farming\Datasets\final_combined_datasets\PLUE\V\PLUE_V_168.jpg,Potato,V,uncontrolled,84ec6f1775a2d0b2,Virus
Z:\Projects\Smart-Farming\Datasets\final_combined_datasets\PLUE\V\PLUE_V_169.jpg,Potato,V,uncontrolled,f045afe0d2dc0fe0,Virus
Z:\Projects\Smart-Farming\Datasets\final_combined_datasets\PLUE\V\PLUE_V_170.jpg,Potato,V,uncontrolled,d5786a77a478103b,Virus
Z:\Projects\Smart-Farming\Datasets\final_combined_datasets\PLUE\V\PLUE_V_171.jpg,Potato,V,uncontrolled,96a6d2561da564f1,Virus
Z:\Projects\Smart-Farming\Datasets\final_combined_datasets\PLUE\V\PLUE_V_172.jpg,Potato,V,uncontrolled,cd82d3fb8c28c574,Virus
Z:\Projects\Smart-Farming\Datasets\final_combined_datasets\PLUE\V\PLUE_V_173.jpg,Potato,V,uncontrolled,d6d22a6a6a4bf0a5,Virus
Z:\Projects\Smart-Farming\Datasets\final_combined_datasets\PLUE\V\PLUE_V_174.jpg,Potato,V,uncontrolled,95dc584aaa55336e,Virus
Z:\Projects\Smart-Farming\Datasets\final_combined_datasets\PLUE\V\PLUE_V_175.jpg,Potato,V,uncontrolled,f8ca461c8b099f8f,Virus
Z:\Projects\Smart-Farming\Datasets\final_combined_datasets\PLUE\V\PLUE_V_176.jpg,Potato,V,uncontrolled,cfcc649199275f42,Virus
Z:\Projects\Smart-Farming\Datasets\final_combined_datasets\PLUE\V\PLUE_V_177.jpg,Potato,V,uncontrolled,dad24355064fcf58,Virus
Z:\Projects\Smart-Farming\Datasets\final_combined_datasets\PLUE\V\PLUE_V_178.jpg,Potato,V,uncontrolled,ec8710eef676088d,Virus
Z:\Projects\Smart-Farming\Datasets\final_combined_datasets\PLUE\V\PLUE_V_179.jpg,Potato,V,uncontrolled,c9d4d63b1f9be800,Virus
Z:\Projects\Smart-Farming\Datasets\final_combined_datasets\PLUE\V\PLUE_V_180.jpg,Potato,V,uncontrolled,d4596d99894b29d9,Virus
Z:\Projects\Smart-Farming\Datasets\final_combined_datasets\PLUE\V\PLUE_V_181.jpg,Potato,V,uncontrolled,e82338eea0c7bc4b,Virus
Z:\Projects\Smart-Farming\Datasets\final_combined_datasets\PLUE\V\PLUE_V_182.jpg,Potato,V,uncontrolled,d5aa4a952d5dd624,Virus
Z:\Projects\Smart-Farming\Datasets\final_combined_datasets\PLUE\V\PLUE_V_183.jpg,Potato,V,uncontrolled,d65295b5ada98156,Virus
Z:\Projects\Smart-Farming\Datasets\final_combined_datasets\PLUE\V\PLUE_V_184.jpg,Potato,V,uncontrolled,fc3eca6c9b742481,Virus
Z:\Projects\Smart-Farming\Datasets\final_combined_datasets\PLUE\V\PLUE_V_185.jpg,Potato,V,uncontrolled,d3e665d29a887570,Virus
Z:\Projects\Smart-Farming\Datasets\final_combined_datasets\PLUE\V\PLUE_V_186.jpg,Potato,V,uncontrolled,d6c765ae54b56260,Virus
Z:\Projects\Smart-Farming\Datasets\final_combined_datasets\PLUE\V\PLUE_V_187.jpg,Potato,V,uncontrolled,cbae63965548961d,Virus
Z:\Projects\Smart-Farming\Datasets\final_combined_datasets\PLUE\V\PLUE_V_188.jpg,Potato,V,uncontrolled,e2d67b82145eaea4,Virus
Z:\Projects\Smart-Farming\Datasets\final_combined_datasets\PLUE\V\PLUE_V_189.jpg,Potato,V,uncontrolled,fb4deac0843fe520,Virus
Z:\Projects\Smart-Farming\Datasets\final_combined_datasets\PLUE\V\PLUE_V_190.jpg,Potato,V,uncontrolled,d5b56cb6a1c89174,Virus
Z:\Projects\Smart-Farming\Datasets\final_combined_datasets\PLUE\V\PLUE_V_191.jpg,Potato,V,uncontrolled,dd8e61d0c4746a3d,Virus
Z:\Projects\Smart-Farming\Datasets\final_combined_datasets\PLUE\V\PLUE_V_192.jpg,Potato,V,uncontrolled,bebd67e98885085c,Virus
Z:\Projects\Smart-Farming\Datasets\final_combined_datasets\PLUE\V\PLUE_V_193.jpg,Potato,V,uncontrolled,c7606b95955a9c35,Virus
Z:\Projects\Smart-Farming\Datasets\final_combined_datasets\PLUE\V\PLUE_V_194.jpg,Potato,V,uncontrolled,c9903c1e07bf33d4,Virus
Z:\Projects\Smart-Farming\Datasets\final_combined_datasets\PLUE\V\PLUE_V_195.jpg,Potato,V,uncontrolled,f9c50da0b654e9aa,Virus
Z:\Projects\Smart-Farming\Datasets\final_combined_datasets\PLUE\V\PLUE_V_196.jpg,Potato,V,uncontrolled,f0d5a4b47037e938,Virus
Z:\Projects\Smart-Farming\Datasets\final_combined_datasets\PLUE\V\PLUE_V_197.jpg,Potato,V,uncontrolled,f835e6e3e7040987,Virus
Z:\Projects\Smart-Farming\Datasets\final_combined_datasets\PLUE\V\PLUE_V_198.jpg,Potato,V,uncontrolled,fcc77a70bf110903,Virus
Z:\Projects\Smart-Farming\Datasets\final_combined_datasets\PLUE\V\PLUE_V_199.jpg,Potato,V,uncontrolled,cf81e7e7900f0c74,Virus
Z:\Projects\Smart-Farming\Datasets\final_combined_datasets\PLUE\V\PLUE_V_200.jpg,Potato,V,uncontrolled,f8cce3219c179a78,Virus
Z:\Projects\Smart-Farming\Datasets\final_combined_datasets\PLUE\V\PLUE_V_201.jpg,Potato,V,uncontrolled,a353a1738fcaa5c2,Virus
Z:\Projects\Smart-Farming\Datasets\final_combined_datasets\PLUE\V\PLUE_V_202.jpg,Potato,V,uncontrolled,e93dbd7000e9b961,Virus
Z:\Projects\Smart-Farming\Datasets\final_combined_datasets\PLUE\V\PLUE_V_203.jpg,Potato,V,uncontrolled,eaa21551c1b4717f,Virus
Z:\Projects\Smart-Farming\Datasets\final_combined_datasets\PLUE\V\PLUE_V_204.jpg,Potato,V,uncontrolled,d88899b1f3e69686,Virus
Z:\Projects\Smart-Farming\Datasets\final_combined_datasets\PLUE\V\PLUE_V_205.jpg,Potato,V,uncontrolled,837cf5474f0c7826,Virus
Z:\Projects\Smart-Farming\Datasets\final_combined_datasets\PLUE\V\PLUE_V_206.jpg,Potato,V,uncontrolled,df027f123ce1ea09,Virus
Z:\Projects\Smart-Farming\Datasets\final_combined_datasets\PLUE\V\PLUE_V_207.jpg,Potato,V,uncontrolled,a7908e3633576663,Virus
Z:\Projects\Smart-Farming\Datasets\final_combined_datasets\PLUE\V\PLUE_V_208.jpg,Potato,V,uncontrolled,d291acbe066d48cf,Virus
Z:\Projects\Smart-Farming\Datasets\final_combined_datasets\PLUE\V\PLUE_V_209.jpg,Potato,V,uncontrolled,dacbf1d898341c33,Virus
Z:\Projects\Smart-Farming\Datasets\final_combined_datasets\PLUE\V\PLUE_V_210.jpg,Potato,V,uncontrolled,c5e12d8b1683a5be,Virus
Z:\Projects\Smart-Farming\Datasets\final_combined_datasets\PLUE\V\PLUE_V_211.jpg,Potato,V,uncontrolled,ffd0599ab1251728,Virus
Z:\Projects\Smart-Farming\Datasets\final_combined_datasets\PLUE\V\PLUE_V_212.jpg,Potato,V,uncontrolled,d916295c962fb32c,Virus
Z:\Projects\Smart-Farming\Datasets\final_combined_datasets\PLUE\V\PLUE_V_213.jpg,Potato,V,uncontrolled,edb6258b5721c833,Virus
Z:\Projects\Smart-Farming\Datasets\final_combined_datasets\PLUE\V\PLUE_V_214.jpg,Potato,V,uncontrolled,d98b4a5a5e35554a,Virus
Z:\Projects\Smart-Farming\Datasets\final_combined_datasets\PLUE\V\PLUE_V_215.jpg,Potato,V,uncontrolled,e8a56c320c5ea76d,Virus
Z:\Projects\Smart-Farming\Datasets\final_combined_datasets\PLUE\V\PLUE_V_216.jpg,Potato,V,uncontrolled,e525d5d5ddaa2224,Virus
Z:\Projects\Smart-Farming\Datasets\final_combined_datasets\PLUE\V\PLUE_V_217.jpg,Potato,V,uncontrolled,a5af475281361fb4,Virus
Z:\Projects\Smart-Farming\Datasets\final_combined_datasets\PLUE\V\PLUE_V_218.jpg,Potato,V,uncontrolled,c243b7a6964c8bad,Virus
Z:\Projects\Smart-Farming\Datasets\final_combined_datasets\PLUE\V\PLUE_V_219.jpg,Potato,V,uncontrolled,db93d27656148c8d,Virus
Z:\Projects\Smart-Farming\Datasets\final_combined_datasets\PLUE\V\PLUE_V_220.jpg,Potato,V,uncontrolled,ce98b993d324a94b,Virus
Z:\Projects\Smart-Farming\Datasets\final_combined_datasets\PLUE\V\PLUE_V_221.jpg,Potato,V,uncontrolled,de0866fb12336627,Virus
Z:\Projects\Smart-Farming\Datasets\final_combined_datasets\PLUE\V\PLUE_V_222.jpg,Potato,V,uncontrolled,c1aa9ac0d6d56763,Virus
Z:\Projects\Smart-Farming\Datasets\final_combined_datasets\PLUE\V\PLUE_V_223.jpg,Potato,V,uncontrolled,c4d695aa95d04e2f,Virus
Z:\Projects\Smart-Farming\Datasets\final_combined_datasets\PLUE\V\PLUE_V_224.jpg,Potato,V,uncontrolled,e2559780ac52e0ff,Virus
Z:\Projects\Smart-Farming\Datasets\final_combined_datasets\PLUE\V\PLUE_V_225.jpg,Potato,V,uncontrolled,fac02fb4942acae9,Virus
Z:\Projects\Smart-Farming\Datasets\final_combined_datasets\PLUE\V\PLUE_V_226.jpg,Potato,V,uncontrolled,f99d7d099320ba64,Virus
Z:\Projects\Smart-Farming\Datasets\final_combined_datasets\PLUE\V\PLUE_V_227.jpg,Potato,V,uncontrolled,df5b893390cc62d8,Virus
Z:\Projects\Smart-Farming\Datasets\final_combined_datasets\PLUE\V\PLUE_V_228.jpg,Potato,V,uncontrolled,ff2a70a9d2a1922b,Virus
Z:\Projects\Smart-Farming\Datasets\final_combined_datasets\PLUE\V\PLUE_V_229.jpg,Potato,V,uncontrolled,e471fe45c6cfc180,Virus
Z:\Projects\Smart-Farming\Datasets\final_combined_datasets\PLUE\V\PLUE_V_230.jpg,Potato,V,uncontrolled,f655a84acd1a6935,Virus
Z:\Projects\Smart-Farming\Datasets\final_combined_datasets\PLUE\V\PLUE_V_231.jpg,Potato,V,uncontrolled,fa3d81f4a603d398,Virus
Z:\Projects\Smart-Farming\Datasets\final_combined_datasets\PLUE\V\PLUE_V_232.jpg,Potato,V,uncontrolled,fd086798ac3315ba,Virus
Z:\Projects\Smart-Farming\Datasets\final_combined_datasets\PLUE\V\PLUE_V_233.jpg,Potato,V,uncontrolled,ed2bc894aae60765,Virus
Z:\Projects\Smart-Farming\Datasets\final_combined_datasets\PLUE\V\PLUE_V_234.jpg,Potato,V,uncontrolled,c070fc6c96dc34cb,Virus
Z:\Projects\Smart-Farming\Datasets\final_combined_datasets\PLUE\V\PLUE_V_235.jpg,Potato,V,uncontrolled,ba14a405ade9ba8f,Virus
Z:\Projects\Smart-Farming\Datasets\final_combined_datasets\PLUE\V\PLUE_V_236.jpg,Potato,V,uncontrolled,d56af4e9e13253a0,Virus
Z:\Projects\Smart-Farming\Datasets\final_combined_datasets\PLUE\V\PLUE_V_237.jpg,Potato,V,uncontrolled,caac7556954587aa,Virus
Z:\Projects\Smart-Farming\Datasets\final_combined_datasets\PLUE\V\PLUE_V_238.jpg,Potato,V,uncontrolled,c1facf709c42329e,Virus
Z:\Projects\Smart-Farming\Datasets\final_combined_datasets\PLUE\V\PLUE_V_239.jpg,Potato,V,uncontrolled,dcac85eb7251918e,Virus
Z:\Projects\Smart-Farming\Datasets\final_combined_datasets\PLUE\V\PLUE_V_240.jpg,Potato,V,uncontrolled,c9bf00fc3223c6ce,Virus
Z:\Projects\Smart-Farming\Datasets\final_combined_datasets\PLUE\V\PLUE_V_241.jpg,Potato,V,uncontrolled,c1909f9e75647686,Virus
Z:\Projects\Smart-Farming\Datasets\final_combined_datasets\PLUE\V\PLUE_V_242.jpg,Potato,V,uncontrolled,db5b6a8a96345a1a,Virus
Z:\Projects\Smart-Farming\Datasets\final_combined_datasets\PLUE\V\PLUE_V_243.jpg,Potato,V,uncontrolled,d0d62e2b92e69c55,Virus
Z:\Projects\Smart-Farming\Datasets\final_combined_datasets\PLUE\V\PLUE_V_244.jpg,Potato,V,uncontrolled,e3c3b0b63618738e,Virus
Z:\Projects\Smart-Farming\Datasets\final_combined_datasets\PLUE\V\PLUE_V_245.jpg,Potato,V,uncontrolled,dd7305b696b23581,Virus
Z:\Projects\Smart-Farming\Datasets\final_combined_datasets\PLUE\V\PLUE_V_246.jpg,Potato,V,uncontrolled,c00bfcdb976d6904,Virus
Z:\Projects\Smart-Farming\Datasets\final_combined_datasets\PLUE\V\PLUE_V_247.jpg,Potato,V,uncontrolled,e284d1d7252357d3,Virus
Z:\Projects\Smart-Farming\Datasets\final_combined_datasets\PLUE\V\PLUE_V_248.jpg,Potato,V,uncontrolled,dce496465971ad32,Virus
Z:\Projects\Smart-Farming\Datasets\final_combined_datasets\PLUE\V\PLUE_V_249.jpg,Potato,V,uncontrolled,ad8f25aa3a52cd0e,Virus
Z:\Projects\Smart-Farming\Datasets\final_combined_datasets\PLUE\V\PLUE_V_250.jpg,Potato,V,uncontrolled,f9a9a24abe165b06,Virus
Z:\Projects\Smart-Farming\Datasets\final_combined_datasets\PLUE\V\PLUE_V_251.jpg,Potato,V,uncontrolled,ee2f0672807a23bb,Virus
Z:\Projects\Smart-Farming\Datasets\final_combined_datasets\PLUE\V\PLUE_V_252.jpg,Potato,V,uncontrolled,fe04aaed4d6250f2,Virus
Z:\Projects\Smart-Farming\Datasets\final_combined_datasets\PLUE\V\PLUE_V_253.jpg,Potato,V,uncontrolled,eeb72803e0a97ca5,Virus
Z:\Projects\Smart-Farming\Datasets\final_combined_datasets\PLUE\V\PLUE_V_254.jpg,Potato,V,uncontrolled,ff1a95a968ca5914,Virus
Z:\Projects\Smart-Farming\Datasets\final_combined_datasets\PLUE\V\PLUE_V_255.jpg,Potato,V,uncontrolled,e56dc476a614fc84,Virus
Z:\Projects\Smart-Farming\Datasets\final_combined_datasets\PLUE\V\PLUE_V_256.jpg,Potato,V,uncontrolled,f6742d1d7110aba5,Virus
Z:\Projects\Smart-Farming\Datasets\final_combined_datasets\PLUE\V\PLUE_V_257.jpg,Potato,V,uncontrolled,fb3927302a96a5e2,Virus
Z:\Projects\Smart-Farming\Datasets\final_combined_datasets\PLUE\V\PLUE_V_258.jpg,Potato,V,uncontrolled,ddb3f53cc848b418,Virus
Z:\Projects\Smart-Farming\Datasets\final_combined_datasets\PLUE\V\PLUE_V_259.jpg,Potato,V,uncontrolled,f06586479056bf36,Virus
Z:\Projects\Smart-Farming\Datasets\final_combined_datasets\PLUE\V\PLUE_V_260.jpg,Potato,V,uncontrolled,fac29b8c728294b7,Virus
Z:\Projects\Smart-Farming\Datasets\final_combined_datasets\PLUE\V\PLUE_V_261.jpg,Potato,V,uncontrolled,e49b75cab1295827,Virus
Z:\Projects\Smart-Farming\Datasets\final_combined_datasets\PLUE\V\PLUE_V_262.jpg,Potato,V,uncontrolled,db9b91904d25969b,Virus
Z:\Projects\Smart-Farming\Datasets\final_combined_datasets\PLUE\V\PLUE_V_263.jpg,Potato,V,uncontrolled,b4a56d6bc21c876a,Virus
Z:\Projects\Smart-Farming\Datasets\final_combined_datasets\PLUE\V\PLUE_V_264.jpg,Potato,V,uncontrolled,f639a69c9781a970,Virus
Z:\Projects\Smart-Farming\Datasets\final_combined_datasets\PLUE\V\PLUE_V_265.jpg,Potato,V,uncontrolled,a93ca3c2d64a5657,Virus
Z:\Projects\Smart-Farming\Datasets\final_combined_datasets\PLUE\V\PLUE_V_266.jpg,Potato,V,uncontrolled,fc7c6198a68a8ccd,Virus
Z:\Projects\Smart-Farming\Datasets\final_combined_datasets\PLUE\V\PLUE_V_267.jpg,Potato,V,uncontrolled,fd33c63610f76910,Virus
Z:\Projects\Smart-Farming\Datasets\final_combined_datasets\PLUE\V\PLUE_V_268.jpg,Potato,V,uncontrolled,a566dea991526b94,Virus
Z:\Projects\Smart-Farming\Datasets\final_combined_datasets\PLUE\V\PLUE_V_269.jpg,Potato,V,uncontrolled,86237adf2384734d,Virus
Z:\Projects\Smart-Farming\Datasets\final_combined_datasets\PLUE\V\PLUE_V_270.jpg,Potato,V,uncontrolled,83b25e475e4592cd,Virus
Z:\Projects\Smart-Farming\Datasets\final_combined_datasets\PLUE\V\PLUE_V_271.jpg,Potato,V,uncontrolled,8fb038bd3c4788d9,Virus
Z:\Projects\Smart-Farming\Datasets\final_combined_datasets\PLUE\V\PLUE_V_272.jpg,Potato,V,uncontrolled,85e53497d61cba31,Virus
Z:\Projects\Smart-Farming\Datasets\final_combined_datasets\PLUE\V\PLUE_V_273.jpg,Potato,V,uncontrolled,d0fe1ac5708d6e94,Virus
Z:\Projects\Smart-Farming\Datasets\final_combined_datasets\PLUE\V\PLUE_V_274.jpg,Potato,V,uncontrolled,cd4810e96d72b739,Virus
Z:\Projects\Smart-Farming\Datasets\final_combined_datasets\PLUE\V\PLUE_V_275.jpg,Potato,V,uncontrolled,c8a554a5bc5f686a,Virus
Z:\Projects\Smart-Farming\Datasets\final_combined_datasets\PLUE\V\PLUE_V_276.jpg,Potato,V,uncontrolled,d8a53c8664ae1f65,Virus
Z:\Projects\Smart-Farming\Datasets\final_combined_datasets\PLUE\V\PLUE_V_277.jpg,Potato,V,uncontrolled,f0f3e34387478e0c,Virus
Z:\Projects\Smart-Farming\Datasets\final_combined_datasets\PLUE\V\PLUE_V_278.jpg,Potato,V,uncontrolled,d4d8eb394a06ed85,Virus
Z:\Projects\Smart-Farming\Datasets\final_combined_datasets\PLUE\V\PLUE_V_279.jpg,Potato,V,uncontrolled,cc7e84cedd162b22,Virus
Z:\Projects\Smart-Farming\Datasets\final_combined_datasets\PLUE\V\PLUE_V_280.jpg,Potato,V,uncontrolled,8d7802c41bfad177,Virus
Z:\Projects\Smart-Farming\Datasets\final_combined_datasets\PLUE\V\PLUE_V_281.jpg,Potato,V,uncontrolled,fa5e5c15c6e1a815,Virus
Z:\Projects\Smart-Farming\Datasets\final_combined_datasets\PLUE\V\PLUE_V_282.jpg,Potato,V,uncontrolled,a909857562aa3ecf,Virus
Z:\Projects\Smart-Farming\Datasets\final_combined_datasets\PLUE\V\PLUE_V_283.jpg,Potato,V,uncontrolled,eaeb80bc2a89a1f5,Virus
Z:\Projects\Smart-Farming\Datasets\final_combined_datasets\PLUE\V\PLUE_V_284.jpg,Potato,V,uncontrolled,aaf626c290ac7997,Virus
Z:\Projects\Smart-Farming\Datasets\final_combined_datasets\PLUE\V\PLUE_V_285.jpg,Potato,V,uncontrolled,bdf0d16572690517,Virus
Z:\Projects\Smart-Farming\Datasets\final_combined_datasets\PLUE\V\PLUE_V_286.jpg,Potato,V,uncontrolled,9fe68009f6f823c3,Virus
Z:\Projects\Smart-Farming\Datasets\final_combined_datasets\PLUE\V\PLUE_V_287.jpg,Potato,V,uncontrolled,9ec09afe8301ed0f,Virus
Z:\Projects\Smart-Farming\Datasets\final_combined_datasets\PLUE\V\PLUE_V_288.jpg,Potato,V,uncontrolled,ef8ed80b681ea8c6,Virus
Z:\Projects\Smart-Farming\Datasets\final_combined_datasets\PLUE\V\PLUE_V_289.jpg,Potato,V,uncontrolled,a081b5fc463ed34b,Virus
Z:\Projects\Smart-Farming\Datasets\final_combined_datasets\PLUE\V\PLUE_V_290.jpg,Potato,V,uncontrolled,f8182869cbdf9c98,Virus
Z:\Projects\Smart-Farming\Datasets\final_combined_datasets\PLUE\V\PLUE_V_291.jpg,Potato,V,uncontrolled,932471ed902f7dc2,Virus
Z:\Projects\Smart-Farming\Datasets\final_combined_datasets\PLUE\V\PLUE_V_292.jpg,Potato,V,uncontrolled,df65aa47a40a612f,Virus
Z:\Projects\Smart-Farming\Datasets\final_combined_datasets\PLUE\V\PLUE_V_293.jpg,Potato,V,uncontrolled,d328a7f6b8da4d80,Virus
Z:\Projects\Smart-Farming\Datasets\final_combined_datasets\PLUE\V\PLUE_V_294.JPG,Potato,V,uncontrolled,f96607148c6327fa,Virus
Z:\Projects\Smart-Farming\Datasets\final_combined_datasets\PLUE\V\PLUE_V_295.JPG,Potato,V,uncontrolled,ab3589263ce4559d,Virus
Z:\Projects\Smart-Farming\Datasets\final_combined_datasets\PLUE\V\PLUE_V_296.JPG,Potato,V,uncontrolled,c71c9ee0995963c3,Virus
Z:\Projects\Smart-Farming\Datasets\final_combined_datasets\PLUE\V\PLUE_V_297.JPG,Potato,V,uncontrolled,b3a1caadc71a3698,Virus
Z:\Projects\Smart-Farming\Datasets\final_combined_datasets\PLUE\V\PLUE_V_298.JPG,Potato,V,uncontrolled,9fa4647f684107da,Virus
Z:\Projects\Smart-Farming\Datasets\final_combined_datasets\PLUE\V\PLUE_V_299.JPG,Potato,V,uncontrolled,c1fe0d67f0661968,Virus
Z:\Projects\Smart-Farming\Datasets\final_combined_datasets\PLUE\V\PLUE_V_300.JPG,Potato,V,uncontrolled,d71964baad56c5a0,Virus
Z:\Projects\Smart-Farming\Datasets\final_combined_datasets\PLUE\V\PLUE_V_301.JPG,Potato,V,uncontrolled,f41362ab5d568b07,Virus
Z:\Projects\Smart-Farming\Datasets\final_combined_datasets\PLUE\V\PLUE_V_302.JPG,Potato,V,uncontrolled,d34c0be09dea15dc,Virus
Z:\Projects\Smart-Farming\Datasets\final_combined_datasets\PLUE\V\PLUE_V_303.JPG,Potato,V,uncontrolled,f4312e7a30cd13e5,Virus
Z:\Projects\Smart-Farming\Datasets\final_combined_datasets\PLUE\V\PLUE_V_304.JPG,Potato,V,uncontrolled,b544bcb5d46a2457,Virus
Z:\Projects\Smart-Farming\Datasets\final_combined_datasets\PLUE\V\PLUE_V_305.JPG,Potato,V,uncontrolled,9ec9998e4aa1d5c3,Virus
Z:\Projects\Smart-Farming\Datasets\final_combined_datasets\PLUE\V\PLUE_V_306.JPG,Potato,V,uncontrolled,b14ba75906b7ae90,Virus
Z:\Projects\Smart-Farming\Datasets\final_combined_datasets\PLUE\V\PLUE_V_307.JPG,Potato,V,uncontrolled,b2bd4bc4b244bb45,Virus
Z:\Projects\Smart-Farming\Datasets\final_combined_datasets\PLUE\V\PLUE_V_308.JPG,Potato,V,uncontrolled,b26d1841f2ab8e9d,Virus
Z:\Projects\Smart-Farming\Datasets\final_combined_datasets\PLUE\V\PLUE_V_309.JPG,Potato,V,uncontrolled,814a29d099ef63b7,Virus
Z:\Projects\Smart-Farming\Datasets\final_combined_datasets\PLUE\V\PLUE_V_310.JPG,Potato,V,uncontrolled,d136c0a67eeaf054,Virus
Z:\Projects\Smart-Farming\Datasets\final_combined_datasets\PLUE\V\PLUE_V_311.JPG,Potato,V,uncontrolled,9827e8ce52e4df09,Virus
Z:\Projects\Smart-Farming\Datasets\final_combined_datasets\PLUE\V\PLUE_V_312.JPG,Potato,V,uncontrolled,9d60b15aad948bd9,Virus
Z:\Projects\Smart-Farming\Datasets\final_combined_datasets\PLUE\V\PLUE_V_313.JPG,Potato,V,uncontrolled,c4781df0cc5e631e,Virus
Z:\Projects\Smart-Farming\Datasets\final_combined_datasets\PLUE\V\PLUE_V_314.JPG,Potato,V,uncontrolled,f0a76c7441039ff8,Virus
Z:\Projects\Smart-Farming\Datasets\final_combined_datasets\PLUE\V\PLUE_V_315.JPG,Potato,V,uncontrolled,932e118f436d71b3,Virus
Z:\Projects\Smart-Farming\Datasets\final_combined_datasets\PLUE\V\PLUE_V_316.JPG,Potato,V,uncontrolled,9d3ec08d90e6f127,Virus
Z:\Projects\Smart-Farming\Datasets\final_combined_datasets\PLUE\V\PLUE_V_317.JPG,Potato,V,uncontrolled,914e9ec2c96578dc,Virus
Z:\Projects\Smart-Farming\Datasets\final_combined_datasets\PLUE\V\PLUE_V_318.JPG,Potato,V,uncontrolled,8376e18eb4cb64e1,Virus
Z:\Projects\Smart-Farming\Datasets\final_combined_datasets\PLUE\V\PLUE_V_319.JPG,Potato,V,uncontrolled,bf24ca96b5053bd0,Virus
Z:\Projects\Smart-Farming\Datasets\final_combined_datasets\PLUE\V\PLUE_V_320.JPG,Potato,V,uncontrolled,984f33b6ec9d0782,Virus
Z:\Projects\Smart-Farming\Datasets\final_combined_datasets\PLUE\V\PLUE_V_321.JPG,Potato,V,uncontrolled,8e4ed2377ab82469,Virus
Z:\Projects\Smart-Farming\Datasets\final_combined_datasets\PLUE\V\PLUE_V_322.JPG,Potato,V,uncontrolled,879c3c3873a67e60,Virus
Z:\Projects\Smart-Farming\Datasets\final_combined_datasets\PLUE\V\PLUE_V_323.JPG,Potato,V,uncontrolled,879f1cb6bc61cc09,Virus
Z:\Projects\Smart-Farming\Datasets\final_combined_datasets\PLUE\V\PLUE_V_324.JPG,Potato,V,uncontrolled,c53af1c7ecc9a700,Virus
Z:\Projects\Smart-Farming\Datasets\final_combined_datasets\PLUE\V\PLUE_V_325.JPG,Potato,V,uncontrolled,ad80136f3eb97911,Virus
Z:\Projects\Smart-Farming\Datasets\final_combined_datasets\PLUE\V\PLUE_V_326.JPG,Potato,V,uncontrolled,a1ad9e7047230f5e,Virus
Z:\Projects\Smart-Farming\Datasets\final_combined_datasets\PLUE\V\PLUE_V_327.JPG,Potato,V,uncontrolled,8b1c360b78f347c6,Virus
Z:\Projects\Smart-Farming\Datasets\final_combined_datasets\PLUE\V\PLUE_V_328.JPG,Potato,V,uncontrolled,8cb9160a5a397b7a,Virus
Z:\Projects\Smart-Farming\Datasets\final_combined_datasets\PLUE\V\PLUE_V_329.JPG,Potato,V,uncontrolled,bfdd986c50559582,Virus
Z:\Projects\Smart-Farming\Datasets\final_combined_datasets\PLUE\V\PLUE_V_330.JPG,Potato,V,uncontrolled,a5761aeca2e51749,Virus
Z:\Projects\Smart-Farming\Datasets\final_combined_datasets\PLUE\V\PLUE_V_331.JPG,Potato,V,uncontrolled,bbcb0f6e2ca4dc20,Virus
Z:\Projects\Smart-Farming\Datasets\final_combined_datasets\PLUE\V\PLUE_V_332.JPG,Potato,V,uncontrolled,bddad4172e234b11,Virus
Z:\Projects\Smart-Farming\Datasets\final_combined_datasets\PLUE\V\PLUE_V_333.JPG,Potato,V,uncontrolled,f3f19b0c95e1b902,Virus
Z:\Projects\Smart-Farming\Datasets\final_combined_datasets\PLUE\V\PLUE_V_334.JPG,Potato,V,uncontrolled,f5628ac2c439ef0e,Virus
Z:\Projects\Smart-Farming\Datasets\final_combined_datasets\PLUE\V\PLUE_V_335.JPG,Potato,V,uncontrolled,fec31a756c34af00,Virus
Z:\Projects\Smart-Farming\Datasets\final_combined_datasets\PLUE\V\PLUE_V_336.JPG,Potato,V,uncontrolled,bd4984ba6a526ea9,Virus
Z:\Projects\Smart-Farming\Datasets\final_combined_datasets\PLUE\V\PLUE_V_337.JPG,Potato,V,uncontrolled,ff218693ce06738c,Virus
Z:\Projects\Smart-Farming\Datasets\final_combined_datasets\PLUE\V\PLUE_V_338.JPG,Potato,V,uncontrolled,ff3ac80e237282e9,Virus
Z:\Projects\Smart-Farming\Datasets\final_combined_datasets\PLUE\V\PLUE_V_339.JPG,Potato,V,uncontrolled,cf3bad3702783d20,Virus
Z:\Projects\Smart-Farming\Datasets\final_combined_datasets\PLUE\V\PLUE_V_340.JPG,Potato,V,uncontrolled,c22fdec98cc9aa34,Virus
Z:\Projects\Smart-Farming\Datasets\final_combined_datasets\PLUE\V\PLUE_V_341.JPG,Potato,V,uncontrolled,cc2672caa6ec31d9,Virus
Z:\Projects\Smart-Farming\Datasets\final_combined_datasets\PLUE\V\PLUE_V_342.JPG,Potato,V,uncontrolled,d18bfbdd88055463,Virus
Z:\Projects\Smart-Farming\Datasets\final_combined_datasets\PLUE\V\PLUE_V_343.JPG,Potato,V,uncontrolled,e26b748a7814f87a,Virus
Z:\Projects\Smart-Farming\Datasets\final_combined_datasets\PLUE\V\PLUE_V_344.JPG,Potato,V,uncontrolled,9cc70775b6307171,Virus
Z:\Projects\Smart-Farming\Datasets\final_combined_datasets\PLUE\V\PLUE_V_345.JPG,Potato,V,uncontrolled,bd1186fca54ed126,Virus
Z:\Projects\Smart-Farming\Datasets\final_combined_datasets\PLUE\V\PLUE_V_346.JPG,Potato,V,uncontrolled,914da7dc88adec68,Virus
Z:\Projects\Smart-Farming\Datasets\final_combined_datasets\PLUE\V\PLUE_V_347.JPG,Potato,V,uncontrolled,990db3ccac7398c3,Virus
Z:\Projects\Smart-Farming\Datasets\final_combined_datasets\PLUE\V\PLUE_V_348.JPG,Potato,V,uncontrolled,db663d253a4c2d89,Virus
Z:\Projects\Smart-Farming\Datasets\final_combined_datasets\PLUE\V\PLUE_V_349.JPG,Potato,V,uncontrolled,86a3e62367d60bac,Virus
Z:\Projects\Smart-Farming\Datasets\final_combined_datasets\PLUE\V\PLUE_V_350.JPG,Potato,V,uncontrolled,be667711c1a9c4ac,Virus
Z:\Projects\Smart-Farming\Datasets\final_combined_datasets\PLUE\V\PLUE_V_351.JPG,Potato,V,uncontrolled,fe075506aa3dc06e,Virus
Z:\Projects\Smart-Farming\Datasets\final_combined_datasets\PLUE\V\PLUE_V_352.JPG,Potato,V,uncontrolled,8b4bc1d9e5b524b1,Virus
Z:\Projects\Smart-Farming\Datasets\final_combined_datasets\PLUE\V\PLUE_V_353.JPG,Potato,V,uncontrolled,9672e498ee573503,Virus
Z:\Projects\Smart-Farming\Datasets\final_combined_datasets\PLUE\V\PLUE_V_354.JPG,Potato,V,uncontrolled,afa523b9c2f192d0,Virus
Z:\Projects\Smart-Farming\Datasets\final_combined_datasets\PLUE\V\PLUE_V_355.JPG,Potato,V,uncontrolled,ef092596212bcbdc,Virus
Z:\Projects\Smart-Farming\Datasets\final_combined_datasets\PLUE\V\PLUE_V_356.JPG,Potato,V,uncontrolled,80e0da550da66fbd,Virus
Z:\Projects\Smart-Farming\Datasets\final_combined_datasets\PLUE\V\PLUE_V_357.JPG,Potato,V,uncontrolled,a82ec92f484e64fe,Virus
Z:\Projects\Smart-Farming\Datasets\final_combined_datasets\PLUE\V\PLUE_V_359.JPG,Potato,V,uncontrolled,9baf8cb29f68c304,Virus
Z:\Projects\Smart-Farming\Datasets\final_combined_datasets\PLUE\V\PLUE_V_360.JPG,Potato,V,uncontrolled,99778d30879f064d,Virus
Z:\Projects\Smart-Farming\Datasets\final_combined_datasets\PLUE\V\PLUE_V_361.JPG,Potato,V,uncontrolled,979a9a2f2ca1b89c,Virus
Z:\Projects\Smart-Farming\Datasets\final_combined_datasets\PLUE\V\PLUE_V_362.JPG,Potato,V,uncontrolled,8947d5aa2357ce23,Virus
Z:\Projects\Smart-Farming\Datasets\final_combined_datasets\PLUE\V\PLUE_V_363.JPG,Potato,V,uncontrolled,80dd7fd6eb308710,Virus
Z:\Projects\Smart-Farming\Datasets\final_combined_datasets\PLUE\V\PLUE_V_364.JPG,Potato,V,uncontrolled,a82bf156c25ca5ad,Virus
Z:\Projects\Smart-Farming\Datasets\final_combined_datasets\PLUE\V\PLUE_V_365.JPG,Potato,V,uncontrolled,ab6ce75a8f098643,Virus
Z:\Projects\Smart-Farming\Datasets\final_combined_datasets\PLUE\V\PLUE_V_366.JPG,Potato,V,uncontrolled,aa7d545ac5a943a5,Virus
Z:\Projects\Smart-Farming\Datasets\final_combined_datasets\PLUE\V\PLUE_V_367.JPG,Potato,V,uncontrolled,be2c372d0761bc43,Virus
Z:\Projects\Smart-Farming\Datasets\final_combined_datasets\PLUE\V\PLUE_V_368.JPG,Potato,V,uncontrolled,a908bc6eeb98c8cb,Virus
Z:\Projects\Smart-Farming\Datasets\final_combined_datasets\PLUE\V\PLUE_V_369.JPG,Potato,V,uncontrolled,a9930c3f55f71e80,Virus
Z:\Projects\Smart-Farming\Datasets\final_combined_datasets\PLUE\V\PLUE_V_370.JPG,Potato,V,uncontrolled,ae3147ca2987f896,Virus
Z:\Projects\Smart-Farming\Datasets\final_combined_datasets\PLUE\V\PLUE_V_371.JPG,Potato,V,uncontrolled,c6cf0d317171bd18,Virus
Z:\Projects\Smart-Farming\Datasets\final_combined_datasets\PLUE\V\PLUE_V_372.JPG,Potato,V,uncontrolled,e91d08c679fe4760,Virus
Z:\Projects\Smart-Farming\Datasets\final_combined_datasets\PLUE\V\PLUE_V_373.JPG,Potato,V,uncontrolled,ce30360fece18957,Virus
Z:\Projects\Smart-Farming\Datasets\final_combined_datasets\PLUE\V\PLUE_V_374.JPG,Potato,V,uncontrolled,b46ce166e9c9cae0,Virus
Z:\Projects\Smart-Farming\Datasets\final_combined_datasets\PLUE\V\PLUE_V_375.JPG,Potato,V,uncontrolled,cc94dc19388f839f,Virus
Z:\Projects\Smart-Farming\Datasets\final_combined_datasets\PLUE\V\PLUE_V_376.JPG,Potato,V,uncontrolled,abe1d194dc28a5ab,Virus
Z:\Projects\Smart-Farming\Datasets\final_combined_datasets\PLUE\V\PLUE_V_377.JPG,Potato,V,uncontrolled,a07509b4a7bbb94c,Virus
Z:\Projects\Smart-Farming\Datasets\final_combined_datasets\PLUE\V\PLUE_V_378.JPG,Potato,V,uncontrolled,ad52d4a2a59e4a79,Virus
Z:\Projects\Smart-Farming\Datasets\final_combined_datasets\PLUE\V\PLUE_V_379.JPG,Potato,V,uncontrolled,bd5a74ad067210be,Virus
Z:\Projects\Smart-Farming\Datasets\final_combined_datasets\PLUE\V\PLUE_V_380.JPG,Potato,V,uncontrolled,f4441fe81b1c9337,Virus
Z:\Projects\Smart-Farming\Datasets\final_combined_datasets\PLUE\V\PLUE_V_381.JPG,Potato,V,uncontrolled,feea3a8964254a4d,Virus
Z:\Projects\Smart-Farming\Datasets\final_combined_datasets\PLUE\V\PLUE_V_382.JPG,Potato,V,uncontrolled,fdb26e8da1c6580c,Virus
Z:\Projects\Smart-Farming\Datasets\final_combined_datasets\PLUE\V\PLUE_V_383.JPG,Potato,V,uncontrolled,e63712b76a8c8473,Virus
Z:\Projects\Smart-Farming\Datasets\final_combined_datasets\PLUE\V\PLUE_V_384.JPG,Potato,V,uncontrolled,d75d6701414abf1a,Virus
Z:\Projects\Smart-Farming\Datasets\final_combined_datasets\PLUE\V\PLUE_V_385.JPG,Potato,V,uncontrolled,d7ef489374006f51,Virus
Z:\Projects\Smart-Farming\Datasets\final_combined_datasets\PLUE\V\PLUE_V_386.JPG,Potato,V,uncontrolled,f2565d2160f9702f,Virus
Z:\Projects\Smart-Farming\Datasets\final_combined_datasets\PLUE\V\PLUE_V_387.JPG,Potato,V,uncontrolled,b56dada41a2e1cc3,Virus
Z:\Projects\Smart-Farming\Datasets\final_combined_datasets\PLUE\V\PLUE_V_388.JPG,Potato,V,uncontrolled,9b25adb7ac8a6628,Virus
Z:\Projects\Smart-Farming\Datasets\final_combined_datasets\PLUE\V\PLUE_V_389.JPG,Potato,V,uncontrolled,c6419c4dd7e74b81,Virus
Z:\Projects\Smart-Farming\Datasets\final_combined_datasets\PLUE\V\PLUE_V_390.JPG,Potato,V,uncontrolled,c03c74c9678cb9b9,Virus
Z:\Projects\Smart-Farming\Datasets\final_combined_datasets\PLUE\V\PLUE_V_391.JPG,Potato,V,uncontrolled,88070c7b9649abef,Virus
Z:\Projects\Smart-Farming\Datasets\final_combined_datasets\PLUE\V\PLUE_V_392.JPG,Potato,V,uncontrolled,911ca795268bd4eb,Virus
Z:\Projects\Smart-Farming\Datasets\final_combined_datasets\PLUE\V\PLUE_V_393.JPG,Potato,V,uncontrolled,d7e09d50a3155a2f,Virus
Z:\Projects\Smart-Farming\Datasets\final_combined_datasets\PLUE\V\PLUE_V_394.JPG,Potato,V,uncontrolled,ef9980c717869c2d,Virus
Z:\Projects\Smart-Farming\Datasets\final_combined_datasets\PLUE\V\PLUE_V_395.JPG,Potato,V,uncontrolled,b3c86fafd09320c9,Virus
Z:\Projects\Smart-Farming\Datasets\final_combined_datasets\PLUE\V\PLUE_V_396.JPG,Potato,V,uncontrolled,ed62ac355268d5b1,Virus
Z:\Projects\Smart-Farming\Datasets\final_combined_datasets\PLUE\V\PLUE_V_397.JPG,Potato,V,uncontrolled,d3aee82ad592d464,Virus
Z:\Projects\Smart-Farming\Datasets\final_combined_datasets\PLUE\V\PLUE_V_398.JPG,Potato,V,uncontrolled,dca76c9b66889368,Virus
Z:\Projects\Smart-Farming\Datasets\final_combined_datasets\PLUE\V\PLUE_V_399.JPG,Potato,V,uncontrolled,ff7cda01cca33380,Virus
Z:\Projects\Smart-Farming\Datasets\final_combined_datasets\PLUE\V\PLUE_V_400.JPG,Potato,V,uncontrolled,d6ed22885a6a9eb2,Virus
Z:\Projects\Smart-Farming\Datasets\final_combined_datasets\PLUE\V\PLUE_V_401.JPG,Potato,V,uncontrolled,b16ce98a85c77247,Virus
Z:\Projects\Smart-Farming\Datasets\final_combined_datasets\PLUE\V\PLUE_V_402.JPG,Potato,V,uncontrolled,d5f6a1a94a629dc4,Virus
Z:\Projects\Smart-Farming\Datasets\final_combined_datasets\PLUE\V\PLUE_V_403.JPG,Potato,V,uncontrolled,f7628c2b248ef919,Virus
Z:\Projects\Smart-Farming\Datasets\final_combined_datasets\PLUE\V\PLUE_V_404.JPG,Potato,V,uncontrolled,e573a6439146b8f4,Virus
Z:\Projects\Smart-Farming\Datasets\final_combined_datasets\PLUE\V\PLUE_V_405.JPG,Potato,V,uncontrolled,e3c59a270e8bd1b2,Virus
Z:\Projects\Smart-Farming\Datasets\final_combined_datasets\PLUE\V\PLUE_V_406.JPG,Potato,V,uncontrolled,b7624ebe88b0c399,Virus
Z:\Projects\Smart-Farming\Datasets\final_combined_datasets\PLUE\V\PLUE_V_407.JPG,Potato,V,uncontrolled,e14262bc8fc9acab,Virus
Z:\Projects\Smart-Farming\Datasets\final_combined_datasets\PLUE\V\PLUE_V_408.JPG,Potato,V,uncontrolled,edc865e5d0265b91,Virus
Z:\Projects\Smart-Farming\Datasets\final_combined_datasets\PLUE\V\PLUE_V_409.JPG,Potato,V,uncontrolled,eb4059d2aad5761a,Virus
Z:\Projects\Smart-Farming\Datasets\final_combined_datasets\PLUE\V\PLUE_V_410.JPG,Potato,V,uncontrolled,d36a29446fc43a8f,Virus
Z:\Projects\Smart-Farming\Datasets\final_combined_datasets\PLUE\V\PLUE_V_411.JPG,Potato,V,uncontrolled,f05fb489527a2d94,Virus
Z:\Projects\Smart-Farming\Datasets\final_combined_datasets\PLUE\V\PLUE_V_412.JPG,Potato,V,uncontrolled,ee5a0c4ee6a2a1b5,Virus
Z:\Projects\Smart-Farming\Datasets\final_combined_datasets\PLUE\V\PLUE_V_413.JPG,Potato,V,uncontrolled,b32cc909d5c57ad8,Virus
Z:\Projects\Smart-Farming\Datasets\final_combined_datasets\PLUE\V\PLUE_V_414.JPG,Potato,V,uncontrolled,e5da31d3a879a446,Virus
Z:\Projects\Smart-Farming\Datasets\final_combined_datasets\PLUE\V\PLUE_V_415.JPG,Potato,V,uncontrolled,f99aa28774579258,Virus
Z:\Projects\Smart-Farming\Datasets\final_combined_datasets\PLUE\V\PLUE_V_416.JPG,Potato,V,uncontrolled,bebdd4ca58c612c4,Virus
Z:\Projects\Smart-Farming\Datasets\final_combined_datasets\PLUE\V\PLUE_V_417.JPG,Potato,V,uncontrolled,9353d5a2aa66a9ac,Virus
Z:\Projects\Smart-Farming\Datasets\final_combined_datasets\PLUE\V\PLUE_V_418.JPG,Potato,V,uncontrolled,ea979d35ac29446c,Virus
Z:\Projects\Smart-Farming\Datasets\final_combined_datasets\PLUE\V\PLUE_V_419.JPG,Potato,V,uncontrolled,cdcd2da32da88574,Virus
Z:\Projects\Smart-Farming\Datasets\final_combined_datasets\PLUE\V\PLUE_V_420.JPG,Potato,V,uncontrolled,b11452d9eb92b43b,Virus
Z:\Projects\Smart-Farming\Datasets\final_combined_datasets\PLUE\V\PLUE_V_421.JPG,Potato,V,uncontrolled,bab7d34b13b15016,Virus
Z:\Projects\Smart-Farming\Datasets\final_combined_datasets\PLUE\V\PLUE_V_422.JPG,Potato,V,uncontrolled,e089d0756f87513e,Virus
Z:\Projects\Smart-Farming\Datasets\final_combined_datasets\PLUE\V\PLUE_V_423.JPG,Potato,V,uncontrolled,a6546273ccd251db,Virus
Z:\Projects\Smart-Farming\Datasets\final_combined_datasets\PLUE\V\PLUE_V_424.JPG,Potato,V,uncontrolled,8758c48a9fab2b35,Virus
Z:\Projects\Smart-Farming\Datasets\final_combined_datasets\PLUE\V\PLUE_V_425.JPG,Potato,V,uncontrolled,bc69450d6b8c33d5,Virus
Z:\Projects\Smart-Farming\Datasets\final_combined_datasets\PLUE\V\PLUE_V_426.JPG,Potato,V,uncontrolled,e85c50a112abfd7c,Virus
Z:\Projects\Smart-Farming\Datasets\final_combined_datasets\PLUE\V\PLUE_V_427.JPG,Potato,V,uncontrolled,ad8eadd45a5342a9,Virus
Z:\Projects\Smart-Farming\Datasets\final_combined_datasets\PLUE\V\PLUE_V_428.JPG,Potato,V,uncontrolled,feeab602152f05b1,Virus
Z:\Projects\Smart-Farming\Datasets\final_combined_datasets\PLUE\V\PLUE_V_429.JPG,Potato,V,uncontrolled,f91c22fd1328937c,Virus
Z:\Projects\Smart-Farming\Datasets\final_combined_datasets\PLUE\V\PLUE_V_430.JPG,Potato,V,uncontrolled,cbabec8515c1a671,Virus
Z:\Projects\Smart-Farming\Datasets\final_combined_datasets\PLUE\V\PLUE_V_431.JPG,Potato,V,uncontrolled,f4d0b5b072fd44e0,Virus
Z:\Projects\Smart-Farming\Datasets\final_combined_datasets\PLUE\V\PLUE_V_432.JPG,Potato,V,uncontrolled,c48b3fa14bfb4c50,Virus
Z:\Projects\Smart-Farming\Datasets\final_combined_datasets\PLUE\V\PLUE_V_433.JPG,Potato,V,uncontrolled,ab2d709a4b55427b,Virus
Z:\Projects\Smart-Farming\Datasets\final_combined_datasets\PLUE\V\PLUE_V_434.JPG,Potato,V,uncontrolled,991853e997f28e54,Virus
Z:\Projects\Smart-Farming\Datasets\final_combined_datasets\PLUE\V\PLUE_V_435.JPG,Potato,V,uncontrolled,914b2f3259cf8b86,Virus
Z:\Projects\Smart-Farming\Datasets\final_combined_datasets\PLUE\V\PLUE_V_436.JPG,Potato,V,uncontrolled,d334b5ad84eaaf40,Virus
Z:\Projects\Smart-Farming\Datasets\final_combined_datasets\PLUE\V\PLUE_V_437.JPG,Potato,V,uncontrolled,972c72d1c6c14f6c,Virus
Z:\Projects\Smart-Farming\Datasets\final_combined_datasets\PLUE\V\PLUE_V_438.JPG,Potato,V,uncontrolled,c4584eecc3d562d6,Virus
Z:\Projects\Smart-Farming\Datasets\final_combined_datasets\PLUE\V\PLUE_V_439.JPG,Potato,V,uncontrolled,93549dee6263a985,Virus
Z:\Projects\Smart-Farming\Datasets\final_combined_datasets\PLUE\V\PLUE_V_440.JPG,Potato,V,uncontrolled,dc799464d1c13f26,Virus
Z:\Projects\Smart-Farming\Datasets\final_combined_datasets\PLUE\V\PLUE_V_441.JPG,Potato,V,uncontrolled,a735921ed149a95d,Virus
Z:\Projects\Smart-Farming\Datasets\final_combined_datasets\PLUE\V\PLUE_V_443.JPG,Potato,V,uncontrolled,c90ebd592e87a187,Virus
Z:\Projects\Smart-Farming\Datasets\final_combined_datasets\PLUE\V\PLUE_V_444.JPG,Potato,V,uncontrolled,8b16fa852f7490ab,Virus
Z:\Projects\Smart-Farming\Datasets\final_combined_datasets\PLUE\V\PLUE_V_445.JPG,Potato,V,uncontrolled,fd16a33f572d8048,Virus
Z:\Projects\Smart-Farming\Datasets\final_combined_datasets\PLUE\V\PLUE_V_446.JPG,Potato,V,uncontrolled,c6ced8ec0f90722b,Virus
Z:\Projects\Smart-Farming\Datasets\final_combined_datasets\PLUE\V\PLUE_V_447.JPG,Potato,V,uncontrolled,ff4e14eac5462907,Virus
Z:\Projects\Smart-Farming\Datasets\final_combined_datasets\PLUE\V\PLUE_V_448.JPG,Potato,V,uncontrolled,e51b76cd99064c35,Virus
Z:\Projects\Smart-Farming\Datasets\final_combined_datasets\PLUE\V\PLUE_V_449.JPG,Potato,V,uncontrolled,f92327cc745a626c,Virus
Z:\Projects\Smart-Farming\Datasets\final_combined_datasets\PLUE\V\PLUE_V_450.JPG,Potato,V,uncontrolled,bec1764a355a691a,Virus
Z:\Projects\Smart-Farming\Datasets\final_combined_datasets\PLCE\LB\PLCE_LB_0172.JPG,Potato,LB,closed,fb80a493e54b9e8c,Late Blight 
Z:\Projects\Smart-Farming\Datasets\final_combined_datasets\PLCE\LB\PLCE_LB_0173.JPG,Potato,LB,closed,ab68b525c23fcc98,Late Blight 
Z:\Projects\Smart-Farming\Datasets\final_combined_datasets\PLCE\LB\PLCE_LB_0174.JPG,Potato,LB,closed,fee0c50fd814c89b,Late Blight 
Z:\Projects\Smart-Farming\Datasets\final_combined_datasets\PLCE\LB\PLCE_LB_0175.JPG,Potato,LB,closed,eec6b162c68e8f18,Late Blight 
Z:\Projects\Smart-Farming\Datasets\final_combined_datasets\PLCE\LB\PLCE_LB_0176.JPG,Potato,LB,closed,bec0f196c538cc0f,Late Blight 
Z:\Projects\Smart-Farming\Datasets\final_combined_datasets\PLCE\LB\PLCE_LB_0177.JPG,Potato,LB,closed,afd2b5a1de07c00b,Late Blight 
Z:\Projects\Smart-Farming\Datasets\final_combined_datasets\PLCE\LB\PLCE_LB_0178.JPG,Potato,LB,closed,af15c47acd66d062,Late Blight 
Z:\Projects\Smart-Farming\Datasets\final_combined_datasets\PLCE\LB\PLCE_LB_0179.JPG,Potato,LB,closed,aaca9435a59bb0cd,Late Blight 
Z:\Projects\Smart-Farming\Datasets\final_combined_datasets\PLCE\LB\PLCE_LB_0180.JPG,Potato,LB,closed,bf70c407de1cd813,Late Blight 
Z:\Projects\Smart-Farming\Datasets\final_combined_datasets\PLCE\LB\PLCE_LB_0181.JPG,Potato,LB,closed,bb2da558d631d0b2,Late Blight 
Z:\Projects\Smart-Farming\Datasets\final_combined_datasets\PLCE\LB\PLCE_LB_0182.JPG,Potato,LB,closed,eaca939698399137,Late Blight 
Z:\Projects\Smart-Farming\Datasets\final_combined_datasets\PLCE\LB\PLCE_LB_0183.JPG,Potato,LB,closed,af17855a8761146f,Late Blight 
Z:\Projects\Smart-Farming\Datasets\final_combined_datasets\PLCE\LB\PLCE_LB_0184.JPG,Potato,LB,closed,ba91d56e02209fcf,Late Blight 
Z:\Projects\Smart-Farming\Datasets\final_combined_datasets\PLCE\LB\PLCE_LB_0185.JPG,Potato,LB,closed,ab4ae469d227c95a,Late Blight 
Z:\Projects\Smart-Farming\Datasets\final_combined_datasets\PLCE\LB\PLCE_LB_0186.JPG,Potato,LB,closed,bf68c087c893b69c,Late Blight 
Z:\Projects\Smart-Farming\Datasets\final_combined_datasets\PLCE\LB\PLCE_LB_0187.JPG,Potato,LB,closed,aa4ad0a7cf938599,Late Blight 
Z:\Projects\Smart-Farming\Datasets\final_combined_datasets\PLCE\LB\PLCE_LB_0188.JPG,Potato,LB,closed,ff86a071c75096ca,Late Blight 
Z:\Projects\Smart-Farming\Datasets\final_combined_datasets\PLCE\LB\PLCE_LB_0189.JPG,Potato,LB,closed,ee1590588e3b9d66,Late Blight 
Z:\Projects\Smart-Farming\Datasets\final_combined_datasets\PLCE\LB\PLCE_LB_0190.JPG,Potato,LB,closed,aa94ff4a8171c74a,Late Blight 
Z:\Projects\Smart-Farming\Datasets\final_combined_datasets\PLCE\LB\PLCE_LB_0191.JPG,Potato,LB,closed,fa54a1ea871e9ca8,Late Blight 
Z:\Projects\Smart-Farming\Datasets\final_combined_datasets\PLCE\LB\PLCE_LB_0192.JPG,Potato,LB,closed,bfb6c07289c591c9,Late Blight 
Z:\Projects\Smart-Farming\Datasets\final_combined_datasets\PLCE\LB\PLCE_LB_0193.JPG,Potato,LB,closed,aee8918dd836959a,Late Blight 
Z:\Projects\Smart-Farming\Datasets\final_combined_datasets\PLCE\LB\PLCE_LB_0194.JPG,Potato,LB,closed,ef4296ac8933a696,Late Blight 
Z:\Projects\Smart-Farming\Datasets\final_combined_datasets\PLCE\LB\PLCE_LB_0195.JPG,Potato,LB,closed,ff60a28f851c95f0,Late Blight 
Z:\Projects\Smart-Farming\Datasets\final_combined_datasets\PLCE\LB\PLCE_LB_0196.JPG,Potato,LB,closed,ee59c10f3ce630b2,Late Blight 
Z:\Projects\Smart-Farming\Datasets\final_combined_datasets\PLCE\LB\PLCE_LB_0197.JPG,Potato,LB,closed,a87ad7c1cf16b484,Late Blight 
Z:\Projects\Smart-Farming\Datasets\final_combined_datasets\PLCE\LB\PLCE_LB_0198.JPG,Potato,LB,closed,fee2c28f99988931,Late Blight 
Z:\Projects\Smart-Farming\Datasets\final_combined_datasets\PLCE\LB\PLCE_LB_0199.JPG,Potato,LB,closed,bbc285adca1c9d98,Late Blight 
Z:\Projects\Smart-Farming\Datasets\final_combined_datasets\PLCE\LB\PLCE_LB_0200.JPG,Potato,LB,closed,abe09487929e59cd,Late Blight 
Z:\Projects\Smart-Farming\Datasets\final_combined_datasets\PLCE\LB\PLCE_LB_0201.JPG,Potato,LB,closed,af68f0a58b36cc98,Late Blight 
Z:\Projects\Smart-Farming\Datasets\final_combined_datasets\PLCE\LB\PLCE_LB_0202.JPG,Potato,LB,closed,aacab58f9294d986,Late Blight 
Z:\Projects\Smart-Farming\Datasets\final_combined_datasets\PLCE\LB\PLCE_LB_0203.JPG,Potato,LB,closed,ee7291cdcb3c8548,Late Blight 
Z:\Projects\Smart-Farming\Datasets\final_combined_datasets\PLCE\LB\PLCE_LB_0204.JPG,Potato,LB,closed,ba95b45ac948c576,Late Blight 
Z:\Projects\Smart-Farming\Datasets\final_combined_datasets\PLCE\LB\PLCE_LB_0205.JPG,Potato,LB,closed,befa90a4cdd064c3,Late Blight 
Z:\Projects\Smart-Farming\Datasets\final_combined_datasets\PLCE\LB\PLCE_LB_0206.JPG,Potato,LB,closed,abf4d10bca2dcc34,Late Blight 
Z:\Projects\Smart-Farming\Datasets\final_combined_datasets\PLCE\LB\PLCE_LB_0207.JPG,Potato,LB,closed,ef609499da3ec838,Late Blight 
Z:\Projects\Smart-Farming\Datasets\final_combined_datasets\PLCE\LB\PLCE_LB_0208.JPG,Potato,LB,closed,fee0a10f9e3c7070,Late Blight 
Z:\Projects\Smart-Farming\Datasets\final_combined_datasets\PLCE\LB\PLCE_LB_0209.JPG,Potato,LB,closed,a6fadb01d8959d12,Late Blight 
Z:\Projects\Smart-Farming\Datasets\final_combined_datasets\PLCE\LB\PLCE_LB_0210.JPG,Potato,LB,closed,aa4ad6a58d1e98b5,Late Blight 
Z:\Projects\Smart-Farming\Datasets\final_combined_datasets\PLCE\LB\PLCE_LB_0211.JPG,Potato,LB,closed,fdc0aa1f9039d532,Late Blight 
Z:\Projects\Smart-Farming\Datasets\final_combined_datasets\PLCE\LB\PLCE_LB_0212.JPG,Potato,LB,closed,f8e1919fcb184ee0,Late Blight 
Z:\Projects\Smart-Farming\Datasets\final_combined_datasets\PLCE\LB\PLCE_LB_0213.JPG,Potato,LB,closed,fabd85c2c8c8c5cc,Late Blight 
Z:\Projects\Smart-Farming\Datasets\final_combined_datasets\PLCE\LB\PLCE_LB_0214.JPG,Potato,LB,closed,eb6ac0318f8eb88d,Late Blight 
Z:\Projects\Smart-Farming\Datasets\final_combined_datasets\PLCE\LB\PLCE_LB_0215.JPG,Potato,LB,closed,eec2c08b969cb1b3,Late Blight 
Z:\Projects\Smart-Farming\Datasets\final_combined_datasets\PLCE\LB\PLCE_LB_0216.JPG,Potato,LB,closed,eac2b18f902cdb66,Late Blight 
Z:\Projects\Smart-Farming\Datasets\final_combined_datasets\PLCE\LB\PLCE_LB_0217.JPG,Potato,LB,closed,fb40c50f983c9b35,Late Blight 
Z:\Projects\Smart-Farming\Datasets\final_combined_datasets\PLCE\LB\PLCE_LB_0218.JPG,Potato,LB,closed,ebb160c63cd83b61,Late Blight 
Z:\Projects\Smart-Farming\Datasets\final_combined_datasets\PLCE\LB\PLCE_LB_0219.JPG,Potato,LB,closed,fa42850fd67c9b30,Late Blight 
Z:\Projects\Smart-Farming\Datasets\final_combined_datasets\PLCE\LB\PLCE_LB_0220.JPG,Potato,LB,closed,aa85f0dec3709c33,Late Blight 
Z:\Projects\Smart-Farming\Datasets\final_combined_datasets\PLCE\LB\PLCE_LB_0221.JPG,Potato,LB,closed,fa95c23a9dc3609c,Late Blight 
Z:\Projects\Smart-Farming\Datasets\final_combined_datasets\PLCE\LB\PLCE_LB_0222.JPG,Potato,LB,closed,efd0b50fd2149a32,Late Blight 
Z:\Projects\Smart-Farming\Datasets\final_combined_datasets\PLCE\LB\PLCE_LB_0223.JPG,Potato,LB,closed,bf66c099634ec91a,Late Blight 
Z:\Projects\Smart-Farming\Datasets\final_combined_datasets\PLCE\LB\PLCE_LB_0224.JPG,Potato,LB,closed,e896b0c2a729cf3c,Late Blight 
Z:\Projects\Smart-Farming\Datasets\final_combined_datasets\PLCE\LB\PLCE_LB_0225.JPG,Potato,LB,closed,bf9bc46e91c17241,Late Blight 
Z:\Projects\Smart-Farming\Datasets\final_combined_datasets\PLCE\LB\PLCE_LB_0226.JPG,Potato,LB,closed,ae4ac33dd9389133,Late Blight 
Z:\Projects\Smart-Farming\Datasets\final_combined_datasets\PLCE\LB\PLCE_LB_0227.JPG,Potato,LB,closed,df5ae8ad8522b485,Late Blight 
Z:\Projects\Smart-Farming\Datasets\final_combined_datasets\PLCE\LB\PLCE_LB_0228.JPG,Potato,LB,closed,ffe8e009c3079c96,Late Blight 
Z:\Projects\Smart-Farming\Datasets\final_combined_datasets\PLCE\LB\PLCE_LB_0229.JPG,Potato,LB,closed,eac2879d98b023b7,Late Blight 
Z:\Projects\Smart-Farming\Datasets\final_combined_datasets\PLCE\LB\PLCE_LB_0230.JPG,Potato,LB,closed,deb4e0c2170dd656,Late Blight 
Z:\Projects\Smart-Farming\Datasets\final_combined_datasets\PLCE\LB\PLCE_LB_0231.JPG,Potato,LB,closed,ff9ee0308562ccc3,Late Blight 
Z:\Projects\Smart-Farming\Datasets\final_combined_datasets\PLCE\LB\PLCE_LB_0232.JPG,Potato,LB,closed,fb69a16dc52c9e20,Late Blight 
Z:\Projects\Smart-Farming\Datasets\final_combined_datasets\PLCE\LB\PLCE_LB_0233.JPG,Potato,LB,closed,aaca852d9b348db3,Late Blight 
Z:\Projects\Smart-Farming\Datasets\final_combined_datasets\PLCE\LB\PLCE_LB_0234.JPG,Potato,LB,closed,ab31a5429631cb6f,Late Blight 
Z:\Projects\Smart-Farming\Datasets\final_combined_datasets\PLCE\LB\PLCE_LB_0235.JPG,Potato,LB,closed,eacae18f9c9cb085,Late Blight 
Z:\Projects\Smart-Farming\Datasets\final_combined_datasets\PLCE\LB\PLCE_LB_0236.JPG,Potato,LB,closed,ffc0800f963dca36,Late Blight 
Z:\Projects\Smart-Farming\Datasets\final_combined_datasets\PLCE\LB\PLCE_LB_0237.JPG,Potato,LB,closed,a9adc4d2c399276c,Late Blight 
Z:\Projects\Smart-Farming\Datasets\final_combined_datasets\PLCE\LB\PLCE_LB_0238.JPG,Potato,LB,closed,efc0b2c2959f9035,Late Blight 
Z:\Projects\Smart-Farming\Datasets\final_combined_datasets\PLCE\LB\PLCE_LB_0239.JPG,Potato,LB,closed,fec5e4ce94689831,Late Blight 
Z:\Projects\Smart-Farming\Datasets\final_combined_datasets\PLCE\LB\PLCE_LB_0240.JPG,Potato,LB,closed,ea87a49ec45a9539,Late Blight 
Z:\Projects\Smart-Farming\Datasets\final_combined_datasets\PLCE\LB\PLCE_LB_0241.JPG,Potato,LB,closed,abf1b483c29bcb18,Late Blight 
Z:\Projects\Smart-Farming\Datasets\final_combined_datasets\PLCE\LB\PLCE_LB_0242.JPG,Potato,LB,closed,f80da75c9c329a33,Late Blight 
Z:\Projects\Smart-Farming\Datasets\final_combined_datasets\PLCE\LB\PLCE_LB_0243.JPG,Potato,LB,closed,bac89527ce3c7813,Late Blight 
Z:\Projects\Smart-Farming\Datasets\final_combined_datasets\PLCE\LB\PLCE_LB_0244.JPG,Potato,LB,closed,eac8b4cd9998633a,Late Blight 
Z:\Projects\Smart-Farming\Datasets\final_combined_datasets\PLCE\LB\PLCE_LB_0245.JPG,Potato,LB,closed,eb9f95d2d0c8c461,Late Blight 
Z:\Projects\Smart-Farming\Datasets\final_combined_datasets\PLCE\LB\PLCE_LB_0246.JPG,Potato,LB,closed,eac0a54f923cdb32,Late Blight 
Z:\Projects\Smart-Farming\Datasets\final_combined_datasets\PLCE\LB\PLCE_LB_0247.JPG,Potato,LB,closed,a8f2b19bca1cc4cd,Late Blight 
Z:\Projects\Smart-Farming\Datasets\final_combined_datasets\PLCE\LB\PLCE_LB_0248.JPG,Potato,LB,closed,aebf82d8896b886c,Late Blight 
Z:\Projects\Smart-Farming\Datasets\final_combined_datasets\PLCE\LB\PLCE_LB_0249.JPG,Potato,LB,closed,8bfaf001c897df28,Late Blight 
Z:\Projects\Smart-Farming\Datasets\final_combined_datasets\PLCE\LB\PLCE_LB_0250.JPG,Potato,LB,closed,e87081cf974edaa1,Late Blight 
Z:\Projects\Smart-Farming\Datasets\final_combined_datasets\PLCE\LB\PLCE_LB_0251.JPG,Potato,LB,closed,ff55e04a91ad8ab0,Late Blight 
Z:\Projects\Smart-Farming\Datasets\final_combined_datasets\PLCE\LB\PLCE_LB_0252.JPG,Potato,LB,closed,bf35d058cc70d863,Late Blight 
Z:\Projects\Smart-Farming\Datasets\final_combined_datasets\PLCE\LB\PLCE_LB_0253.JPG,Potato,LB,closed,e4ce9c59d1a3464d,Late Blight 
Z:\Projects\Smart-Farming\Datasets\final_combined_datasets\PLCE\LB\PLCE_LB_0254.JPG,Potato,LB,closed,ff1be0509f68c04d,Late Blight 
Z:\Projects\Smart-Farming\Datasets\final_combined_datasets\PLCE\LB\PLCE_LB_0255.JPG,Potato,LB,closed,e2c6a998b593358d,Late Blight 
Z:\Projects\Smart-Farming\Datasets\final_combined_datasets\PLCE\LB\PLCE_LB_0256.JPG,Potato,LB,closed,bab295c1c09ecb9c,Late Blight 
Z:\Projects\Smart-Farming\Datasets\final_combined_datasets\PLCE\LB\PLCE_LB_0257.JPG,Potato,LB,closed,af16d0d9c2744f61,Late Blight 
Z:\Projects\Smart-Farming\Datasets\final_combined_datasets\PLCE\LB\PLCE_LB_0258.JPG,Potato,LB,closed,fbb7809dc4e28961,Late Blight 
Z:\Projects\Smart-Farming\Datasets\final_combined_datasets\PLCE\LB\PLCE_LB_0259.JPG,Potato,LB,closed,fa3d87709867904e,Late Blight 
Z:\Projects\Smart-Farming\Datasets\final_combined_datasets\PLCE\LB\PLCE_LB_0260.JPG,Potato,LB,closed,cfdaf48d3324a126,Late Blight 
Z:\Projects\Smart-Farming\Datasets\final_combined_datasets\PLCE\LB\PLCE_LB_0261.JPG,Potato,LB,closed,febf81d4ca428562,Late Blight 
Z:\Projects\Smart-Farming\Datasets\final_combined_datasets\PLCE\LB\PLCE_LB_0262.JPG,Potato,LB,closed,ff42d40d9b388933,Late Blight 
Z:\Projects\Smart-Farming\Datasets\final_combined_datasets\PLCE\LB\PLCE_LB_0263.JPG,Potato,LB,closed,fa1dc5319c679446,Late Blight 
Z:\Projects\Smart-Farming\Datasets\final_combined_datasets\PLCE\LB\PLCE_LB_0264.JPG,Potato,LB,closed,febda87095c2c0c3,Late Blight 
Z:\Projects\Smart-Farming\Datasets\final_combined_datasets\PLCE\LB\PLCE_LB_0265.JPG,Potato,LB,closed,e5d99269cb848cce,Late Blight 
Z:\Projects\Smart-Farming\Datasets\final_combined_datasets\PLCE\LB\PLCE_LB_0266.JPG,Potato,LB,closed,a26ac595c9b7a48d,Late Blight 
Z:\Projects\Smart-Farming\Datasets\final_combined_datasets\PLCE\LB\PLCE_LB_0267.JPG,Potato,LB,closed,bef0e080d337dac8,Late Blight 
Z:\Projects\Smart-Farming\Datasets\final_combined_datasets\PLCE\LB\PLCE_LB_0268.JPG,Potato,LB,closed,fd21aad5c5509f0a,Late Blight 
Z:\Projects\Smart-Farming\Datasets\final_combined_datasets\PLCE\LB\PLCE_LB_0269.JPG,Potato,LB,closed,fad0852d9a369933,Late Blight 
Z:\Projects\Smart-Farming\Datasets\final_combined_datasets\PLCE\LB\PLCE_LB_0270.JPG,Potato,LB,closed,eacac58d989c91b3,Late Blight 
Z:\Projects\Smart-Farming\Datasets\final_combined_datasets\PLCE\LB\PLCE_LB_0271.JPG,Potato,LB,closed,b83687c1d08b6f72,Late Blight 
Z:\Projects\Smart-Farming\Datasets\final_combined_datasets\PLCE\LB\PLCE_LB_0272.JPG,Potato,LB,closed,eacb958d90ac93a6,Late Blight 
Z:\Projects\Smart-Farming\Datasets\final_combined_datasets\PLCE\LB\PLCE_LB_0273.JPG,Potato,LB,closed,eac8a59f983487e2,Late Blight 
Z:\Projects\Smart-Farming\Datasets\final_combined_datasets\PLCE\LB\PLCE_LB_0274.JPG,Potato,LB,closed,eaca850f9c3193b6,Late Blight 
Z:\Projects\Smart-Farming\Datasets\final_combined_datasets\PLCE\LB\PLCE_LB_0275.JPG,Potato,LB,closed,eac2e50dcc399bb0,Late Blight 
Z:\Projects\Smart-Farming\Datasets\final_combined_datasets\PLCE\LB\PLCE_LB_0276.JPG,Potato,LB,closed,ba19f546ce68c994,Late Blight 
Z:\Projects\Smart-Farming\Datasets\final_combined_datasets\PLCE\LB\PLCE_LB_0277.JPG,Potato,LB,closed,ba4ad0a589ba96b5,Late Blight 
Z:\Projects\Smart-Farming\Datasets\final_combined_datasets\PLCE\LB\PLCE_LB_0278.JPG,Potato,LB,closed,ef48d405da37d03a,Late Blight 
Z:\Projects\Smart-Farming\Datasets\final_combined_datasets\PLCE\LB\PLCE_LB_0279.JPG,Potato,LB,closed,aa15d25acd619c67,Late Blight 
Z:\Projects\Smart-Farming\Datasets\final_combined_datasets\PLCE\LB\PLCE_LB_0280.JPG,Potato,LB,closed,e0ca95bd9ab48936,Late Blight 
Z:\Projects\Smart-Farming\Datasets\final_combined_datasets\PLCE\LB\PLCE_LB_0281.JPG,Potato,LB,closed,ee25b49a99496d64,Late Blight 
Z:\Projects\Smart-Farming\Datasets\final_combined_datasets\PLCE\LB\PLCE_LB_0282.JPG,Potato,LB,closed,ad29d226c11f6e3c,Late Blight 
Z:\Projects\Smart-Farming\Datasets\final_combined_datasets\PLCE\LB\PLCE_LB_0283.JPG,Potato,LB,closed,ffbe80d1d8c281cc,Late Blight 
Z:\Projects\Smart-Farming\Datasets\final_combined_datasets\PLCE\LB\PLCE_LB_0284.JPG,Potato,LB,closed,efe1a485963cc2b8,Late Blight 
Z:\Projects\Smart-Farming\Datasets\final_combined_datasets\PLCE\LB\PLCE_LB_0285.JPG,Potato,LB,closed,aadad520ca17ac9e,Late Blight 
Z:\Projects\Smart-Farming\Datasets\final_combined_datasets\PLCE\LB\PLCE_LB_0286.JPG,Potato,LB,closed,af17923a99788ccc,Late Blight 
Z:\Projects\Smart-Farming\Datasets\final_combined_datasets\PLCE\LB\PLCE_LB_0287.JPG,Potato,LB,closed,f84a930cc933cf33,Late Blight 
Z:\Projects\Smart-Farming\Datasets\final_combined_datasets\PLCE\LB\PLCE_LB_0288.JPG,Potato,LB,closed,fe68810f9c3dd035,Late Blight 
Z:\Projects\Smart-Farming\Datasets\final_combined_datasets\PLCE\LB\PLCE_LB_0289.JPG,Potato,LB,closed,ba60c127ce1edc9c,Late Blight 
Z:\Projects\Smart-Farming\Datasets\final_combined_datasets\PLCE\LB\PLCE_LB_0290.JPG,Potato,LB,closed,afdbd0e0b2314c36,Late Blight 
Z:\Projects\Smart-Farming\Datasets\final_combined_datasets\PLCE\LB\PLCE_LB_0291.JPG,Potato,LB,closed,eef0858b9e999231,Late Blight 
Z:\Projects\Smart-Farming\Datasets\final_combined_datasets\PLCE\LB\PLCE_LB_0292.JPG,Potato,LB,closed,bf2f941a829cca63,Late Blight 
Z:\Projects\Smart-Farming\Datasets\final_combined_datasets\PLCE\LB\PLCE_LB_0293.JPG,Potato,LB,closed,aa6bbfa0d0b4c887,Late Blight 
Z:\Projects\Smart-Farming\Datasets\final_combined_datasets\PLCE\LB\PLCE_LB_0294.JPG,Potato,LB,closed,adc59617da049b93,Late Blight 
Z:\Projects\Smart-Farming\Datasets\final_combined_datasets\PLCE\LB\PLCE_LB_0295.JPG,Potato,LB,closed,fb9584c0cce7c0ec,Late Blight 
Z:\Projects\Smart-Farming\Datasets\final_combined_datasets\PLCE\LB\PLCE_LB_0296.JPG,Potato,LB,closed,af9f90d8c8e08ce6,Late Blight 
Z:\Projects\Smart-Farming\Datasets\final_combined_datasets\PLCE\LB\PLCE_LB_0297.JPG,Potato,LB,closed,be1fc1f09cc79144,Late Blight 
Z:\Projects\Smart-Farming\Datasets\final_combined_datasets\PLCE\LB\PLCE_LB_0298.JPG,Potato,LB,closed,be4ad2a58d8b929c,Late Blight 
Z:\Projects\Smart-Farming\Datasets\final_combined_datasets\PLCE\LB\PLCE_LB_0299.JPG,Potato,LB,closed,ff41c21e95aeb0a1,Late Blight 
Z:\Projects\Smart-Farming\Datasets\final_combined_datasets\PLCE\LB\PLCE_LB_0300.JPG,Potato,LB,closed,df8fe13cce609442,Late Blight 
Z:\Projects\Smart-Farming\Datasets\final_combined_datasets\PLCE\LB\PLCE_LB_0301.JPG,Potato,LB,closed,ae40800b9bb6fdb6,Late Blight 
Z:\Projects\Smart-Farming\Datasets\final_combined_datasets\PLCE\LB\PLCE_LB_0302.JPG,Potato,LB,closed,ebf0c51f107e30c3,Late Blight 
Z:\Projects\Smart-Farming\Datasets\final_combined_datasets\PLCE\LB\PLCE_LB_0303.JPG,Potato,LB,closed,bae0c58dcb366459,Late Blight 
Z:\Projects\Smart-Farming\Datasets\final_combined_datasets\PLCE\LB\PLCE_LB_0304.JPG,Potato,LB,closed,aa15905acfc1cd67,Late Blight 
Z:\Projects\Smart-Farming\Datasets\final_combined_datasets\PLCE\LB\PLCE_LB_0305.JPG,Potato,LB,closed,eec49093c34bcdb8,Late Blight 
Z:\Projects\Smart-Farming\Datasets\final_combined_datasets\PLCE\LB\PLCE_LB_0306.JPG,Potato,LB,closed,a815d0ebcf65b066,Late Blight 
Z:\Projects\Smart-Farming\Datasets\final_combined_datasets\PLCE\LB\PLCE_LB_0307.JPG,Potato,LB,closed,eedad1079e3c8134,Late Blight 
Z:\Projects\Smart-Farming\Datasets\final_combined_datasets\PLCE\LB\PLCE_LB_0308.JPG,Potato,LB,closed,ab49f4b4c01dcb5a,Late Blight 
Z:\Projects\Smart-Farming\Datasets\final_combined_datasets\PLCE\LB\PLCE_LB_0309.JPG,Potato,LB,closed,eebf9940c8c5a46a,Late Blight 
Z:\Projects\Smart-Farming\Datasets\final_combined_datasets\PLCE\LB\PLCE_LB_0310.JPG,Potato,LB,closed,aaca909fbbb4a524,Late Blight 
Z:\Projects\Smart-Farming\Datasets\final_combined_datasets\PLCE\LB\PLCE_LB_0311.JPG,Potato,LB,closed,afe0d285d99f80b2,Late Blight 
Z:\Projects\Smart-Farming\Datasets\final_combined_datasets\PLCE\LB\PLCE_LB_0312.JPG,Potato,LB,closed,b07167ce9266cd38,Late Blight 
Z:\Projects\Smart-Farming\Datasets\final_combined_datasets\PLCE\LB\PLCE_LB_0313.JPG,Potato,LB,closed,fe51c127ca1a9c3c,Late Blight 
Z:\Projects\Smart-Farming\Datasets\final_combined_datasets\PLCE\LB\PLCE_LB_0314.JPG,Potato,LB,closed,da48a1979ebc9193,Late Blight 
Z:\Projects\Smart-Farming\Datasets\final_combined_datasets\PLCE\LB\PLCE_LB_0315.JPG,Potato,LB,closed,f8b8959e86c9c865,Late Blight 
Z:\Projects\Smart-Farming\Datasets\final_combined_datasets\PLCE\LB\PLCE_LB_0316.JPG,Potato,LB,closed,bf40f025c033c79f,Late Blight 
Z:\Projects\Smart-Farming\Datasets\final_combined_datasets\PLCE\LB\PLCE_LB_0317.JPG,Potato,LB,closed,ad9392cb934dc92c,Late Blight 
Z:\Projects\Smart-Farming\Datasets\final_combined_datasets\PLCE\LB\PLCE_LB_0318.JPG,Potato,LB,closed,ef60c60f98f11732,Late Blight 
Z:\Projects\Smart-Farming\Datasets\final_combined_datasets\PLCE\LB\PLCE_LB_0319.JPG,Potato,LB,closed,fc3a837590c6d2c9,Late Blight 
Z:\Projects\Smart-Farming\Datasets\final_combined_datasets\PLCE\LB\PLCE_LB_0320.JPG,Potato,LB,closed,eecac0cf939c3892,Late Blight 
Z:\Projects\Smart-Farming\Datasets\final_combined_datasets\PLCE\LB\PLCE_LB_0321.JPG,Potato,LB,closed,bac2c49d9d19d227,Late Blight 
Z:\Projects\Smart-Farming\Datasets\final_combined_datasets\PLCE\LB\PLCE_LB_0322.JPG,Potato,LB,closed,eab5959ac9c1ccc4,Late Blight 
Z:\Projects\Smart-Farming\Datasets\final_combined_datasets\PLCE\LB\PLCE_LB_0323.JPG,Potato,LB,closed,faa1c7de8e488d18,Late Blight 
Z:\Projects\Smart-Farming\Datasets\final_combined_datasets\PLCE\LB\PLCE_LB_0324.JPG,Potato,LB,closed,ee9dc1d2cb698464,Late Blight 
Z:\Projects\Smart-Farming\Datasets\final_combined_datasets\PLCE\LB\PLCE_LB_0325.JPG,Potato,LB,closed,aaca929d99b69526,Late Blight 
Z:\Projects\Smart-Farming\Datasets\final_combined_datasets\PLCE\LB\PLCE_LB_0326.JPG,Potato,LB,closed,fde1808e9e38b037,Late Blight 
Z:\Projects\Smart-Farming\Datasets\final_combined_datasets\PLCE\LB\PLCE_LB_0327.JPG,Potato,LB,closed,af49d327cc3cd130,Late Blight 
Z:\Projects\Smart-Farming\Datasets\final_combined_datasets\PLCE\LB\PLCE_LB_0328.JPG,Potato,LB,closed,edc990372fcc3982,Late Blight 
Z:\Projects\Smart-Farming\Datasets\final_combined_datasets\PLCE\LB\PLCE_LB_0329.JPG,Potato,LB,closed,fe41a90e933dd134,Late Blight 
Z:\Projects\Smart-Farming\Datasets\final_combined_datasets\PLCE\LB\PLCE_LB_0330.JPG,Potato,LB,closed,bf1fc15ac6488d68,Late Blight 
Z:\Projects\Smart-Farming\Datasets\final_combined_datasets\PLCE\LB\PLCE_LB_0331.JPG,Potato,LB,closed,ac69da20c19f66dc,Late Blight 
Z:\Projects\Smart-Farming\Datasets\final_combined_datasets\PLCE\LB\PLCE_LB_0332.JPG,Potato,LB,closed,bf29d2e4c50bc61a,Late Blight 
Z:\Projects\Smart-Farming\Datasets\final_combined_datasets\PLCE\LB\PLCE_LB_0333.JPG,Potato,LB,closed,e8cb9532644f9a99,Late Blight 
Z:\Projects\Smart-Farming\Datasets\final_combined_datasets\PLCE\LB\PLCE_LB_0334.JPG,Potato,LB,closed,ad14d05bcf61cc65,Late Blight 
Z:\Projects\Smart-Farming\Datasets\final_combined_datasets\PLCE\LB\PLCE_LB_0335.JPG,Potato,LB,closed,eab4e5a49746cc98,Late Blight 
Z:\Projects\Smart-Farming\Datasets\final_combined_datasets\PLCE\LB\PLCE_LB_0336.JPG,Potato,LB,closed,ead2a5cb969c9194,Late Blight 
Z:\Projects\Smart-Farming\Datasets\final_combined_datasets\PLCE\LB\PLCE_LB_0337.JPG,Potato,LB,closed,febf81d08ac98964,Late Blight 
Z:\Projects\Smart-Farming\Datasets\final_combined_datasets\PLCE\LB\PLCE_LB_0338.JPG,Potato,LB,closed,a369c5b59694cb92,Late Blight 
Z:\Projects\Smart-Farming\Datasets\final_combined_datasets\PLCE\LB\PLCE_LB_0339.JPG,Potato,LB,closed,fa9591dac746862c,Late Blight 
Z:\Projects\Smart-Farming\Datasets\final_combined_datasets\PLCE\LB\PLCE_LB_0340.JPG,Potato,LB,closed,ef52b06dc3468d16,Late Blight 
Z:\Projects\Smart-Farming\Datasets\final_combined_datasets\PLCE\LB\PLCE_LB_0341.JPG,Potato,LB,closed,8ae0b41ecf67c463,Late Blight 
Z:\Projects\Smart-Farming\Datasets\final_combined_datasets\PLCE\LB\PLCE_LB_0342.JPG,Potato,LB,closed,f8248573d63358b9,Late Blight 
Z:\Projects\Smart-Farming\Datasets\final_combined_datasets\PLCE\LB\PLCE_LB_0343.JPG,Potato,LB,closed,fa2d8116935b8d4d,Late Blight 
Z:\Projects\Smart-Farming\Datasets\final_combined_datasets\PLCE\LB\PLCE_LB_0344.JPG,Potato,LB,closed,f63b91c5c273c944,Late Blight 
Z:\Projects\Smart-Farming\Datasets\final_combined_datasets\PLCE\LB\PLCE_LB_0345.JPG,Potato,LB,closed,ff60e017c33e8670,Late Blight 
Z:\Projects\Smart-Farming\Datasets\final_combined_datasets\PLCE\LB\PLCE_LB_0346.JPG,Potato,LB,closed,eb41a50f9e2ce23c,Late Blight 
Z:\Projects\Smart-Farming\Datasets\final_combined_datasets\PLCE\LB\PLCE_LB_0347.JPG,Potato,LB,closed,ae33905ac1cdc56d,Late Blight 
Z:\Projects\Smart-Farming\Datasets\final_combined_datasets\PLCE\LB\PLCE_LB_0348.JPG,Potato,LB,closed,a07aff808b869f92,Late Blight 
Z:\Projects\Smart-Farming\Datasets\final_combined_datasets\PLCE\LB\PLCE_LB_0349.JPG,Potato,LB,closed,aec1b18f9278ca36,Late Blight 
Z:\Projects\Smart-Farming\Datasets\final_combined_datasets\PLCE\LB\PLCE_LB_0350.JPG,Potato,LB,closed,e94992a796b19936,Late Blight 
Z:\Projects\Smart-Farming\Datasets\final_combined_datasets\PLCE\LB\PLCE_LB_0351.JPG,Potato,LB,closed,fa4aa1a997959c92,Late Blight 
Z:\Projects\Smart-Farming\Datasets\final_combined_datasets\PLCE\LB\PLCE_LB_0352.JPG,Potato,LB,closed,efc09566ca1fc918,Late Blight 
Z:\Projects\Smart-Farming\Datasets\final_combined_datasets\PLCE\LB\PLCE_LB_0353.JPG,Potato,LB,closed,8a00f5ffd068dbb0,Late Blight 
Z:\Projects\Smart-Farming\Datasets\final_combined_datasets\PLCE\LB\PLCE_LB_0354.JPG,Potato,LB,closed,f52e80f49cc783c3,Late Blight 
Z:\Projects\Smart-Farming\Datasets\final_combined_datasets\PLCE\LB\PLCE_LB_0355.JPG,Potato,LB,closed,af00d034ca7fe599,Late Blight 
Z:\Projects\Smart-Farming\Datasets\final_combined_datasets\PLCE\LB\PLCE_LB_0356.JPG,Potato,LB,closed,ab1785c2d86d916d,Late Blight 
Z:\Projects\Smart-Farming\Datasets\final_combined_datasets\PLCE\LB\PLCE_LB_0357.JPG,Potato,LB,closed,aa6ac6959f999191,Late Blight 
Z:\Projects\Smart-Farming\Datasets\final_combined_datasets\PLCE\LB\PLCE_LB_0358.JPG,Potato,LB,closed,ba91c54e8f68dc62,Late Blight 
Z:\Projects\Smart-Farming\Datasets\final_combined_datasets\PLCE\LB\PLCE_LB_0359.JPG,Potato,LB,closed,ffb7d0788cc1c046,Late Blight 
Z:\Projects\Smart-Farming\Datasets\final_combined_datasets\PLCE\LB\PLCE_LB_0360.JPG,Potato,LB,closed,fe34a0d0874acecd,Late Blight 
Z:\Projects\Smart-Farming\Datasets\final_combined_datasets\PLCE\LB\PLCE_LB_0361.JPG,Potato,LB,closed,ab4ad225c91fcc9a,Late Blight 
Z:\Projects\Smart-Farming\Datasets\final_combined_datasets\PLCE\LB\PLCE_LB_0362.JPG,Potato,LB,closed,aee4a4c69a8ed89a,Late Blight 
Z:\Projects\Smart-Farming\Datasets\final_combined_datasets\PLCE\LB\PLCE_LB_0363.JPG,Potato,LB,closed,bb44b106c33acf39,Late Blight 
Z:\Projects\Smart-Farming\Datasets\final_combined_datasets\PLCE\LB\PLCE_LB_0364.JPG,Potato,LB,closed,ba1fc350cc66b466,Late Blight 
Z:\Projects\Smart-Farming\Datasets\final_combined_datasets\PLCE\LB\PLCE_LB_0365.JPG,Potato,LB,closed,f967c60cd43c8674,Late Blight 
Z:\Projects\Smart-Farming\Datasets\final_combined_datasets\PLCE\LB\PLCE_LB_0366.JPG,Potato,LB,closed,f720a25787ce9c89,Late Blight 
Z:\Projects\Smart-Farming\Datasets\final_combined_datasets\PLCE\LB\PLCE_LB_0367.JPG,Potato,LB,closed,a090dbcf946cdf60,Late Blight 
Z:\Projects\Smart-Farming\Datasets\final_combined_datasets\PLCE\LB\PLCE_LB_0368.JPG,Potato,LB,closed,e89f874a99c89665,Late Blight 
Z:\Projects\Smart-Farming\Datasets\final_combined_datasets\PLCE\LB\PLCE_LB_0369.JPG,Potato,LB,closed,eb839475825a9acb,Late Blight 
Z:\Projects\Smart-Farming\Datasets\final_combined_datasets\PLCE\LB\PLCE_LB_0370.JPG,Potato,LB,closed,b3eccc07d61ec09a,Late Blight 
Z:\Projects\Smart-Farming\Datasets\final_combined_datasets\PLCE\LB\PLCE_LB_0371.JPG,Potato,LB,closed,ff92e06c91a0cf83,Late Blight 
Z:\Projects\Smart-Farming\Datasets\final_combined_datasets\PLCE\LB\PLCE_LB_0372.JPG,Potato,LB,closed,fa1dc11a87699e61,Late Blight 
Z:\Projects\Smart-Farming\Datasets\final_combined_datasets\PLCE\LB\PLCE_LB_0373.JPG,Potato,LB,closed,ea4b951af027e634,Late Blight 
Z:\Projects\Smart-Farming\Datasets\final_combined_datasets\PLCE\LB\PLCE_LB_0374.JPG,Potato,LB,closed,eae9e48797989838,Late Blight 
Z:\Projects\Smart-Farming\Datasets\final_combined_datasets\PLCE\LB\PLCE_LB_0375.JPG,Potato,LB,closed,aaeac0858d9eb4bc,Late Blight 
Z:\Projects\Smart-Farming\Datasets\final_combined_datasets\PLCE\LB\PLCE_LB_0376.JPG,Potato,LB,closed,faca90879d9595b0,Late Blight 
Z:\Projects\Smart-Farming\Datasets\final_combined_datasets\PLCE\LB\PLCE_LB_0377.JPG,Potato,LB,closed,ff35d05885c299cc,Late Blight 
Z:\Projects\Smart-Farming\Datasets\final_combined_datasets\PLCE\LB\PLCE_LB_0378.JPG,Potato,LB,closed,ea7ac9478d38c5a1,Late Blight 
Z:\Projects\Smart-Farming\Datasets\final_combined_datasets\PLCE\LB\PLCE_LB_0379.JPG,Potato,LB,closed,ef3f969248299cc4,Late Blight 
Z:\Projects\Smart-Farming\Datasets\final_combined_datasets\PLCE\LB\PLCE_LB_0380.JPG,Potato,LB,closed,e9f730e28693924d,Late Blight 
Z:\Projects\Smart-Farming\Datasets\final_combined_datasets\PLCE\LB\PLCE_LB_0381.JPG,Potato,LB,closed,ead391956e983cc1,Late Blight 
Z:\Projects\Smart-Farming\Datasets\final_combined_datasets\PLCE\LB\PLCE_LB_0382.JPG,Potato,LB,closed,fc41e14fc63cca32,Late Blight 
Z:\Projects\Smart-Farming\Datasets\final_combined_datasets\PLCE\LB\PLCE_LB_0383.JPG,Potato,LB,closed,a86ad921d326cd76,Late Blight 
Z:\Projects\Smart-Farming\Datasets\final_combined_datasets\PLCE\LB\PLCE_LB_0384.JPG,Potato,LB,closed,aacb958d98b59326,Late Blight 
Z:\Projects\Smart-Farming\Datasets\final_combined_datasets\PLCE\LB\PLCE_LB_0385.JPG,Potato,LB,closed,fa91e11a87c89e2d,Late Blight 
Z:\Projects\Smart-Farming\Datasets\final_combined_datasets\PLCE\LB\PLCE_LB_0386.JPG,Potato,LB,closed,aa3595d2db498566,Late Blight 
Z:\Projects\Smart-Farming\Datasets\final_combined_datasets\PLCE\LB\PLCE_LB_0387.JPG,Potato,LB,closed,fbf6c29831993388,Late Blight 
Z:\Projects\Smart-Farming\Datasets\final_combined_datasets\PLCE\LB\PLCE_LB_0388.JPG,Potato,LB,closed,a7b1f063838dcf88,Late Blight 
Z:\Projects\Smart-Farming\Datasets\final_combined_datasets\PLCE\LB\PLCE_LB_0389.JPG,Potato,LB,closed,fabc91d0cac38d45,Late Blight 
Z:\Projects\Smart-Farming\Datasets\final_combined_datasets\PLCE\LB\PLCE_LB_0390.JPG,Potato,LB,closed,eb95a45a4e83866d,Late Blight 
Z:\Projects\Smart-Farming\Datasets\final_combined_datasets\PLCE\LB\PLCE_LB_0391.JPG,Potato,LB,closed,ea3f85d29969c0e4,Late Blight 
Z:\Projects\Smart-Farming\Datasets\final_combined_datasets\PLCE\LB\PLCE_LB_0392.JPG,Potato,LB,closed,ef70e50b962cc43c,Late Blight 
Z:\Projects\Smart-Farming\Datasets\final_combined_datasets\PLCE\LB\PLCE_LB_0393.JPG,Potato,LB,closed,ba1df45ac0618767,Late Blight 
Z:\Projects\Smart-Farming\Datasets\final_combined_datasets\PLCE\LB\PLCE_LB_0394.JPG,Potato,LB,closed,fe1f80d0cb69cc64,Late Blight 
Z:\Projects\Smart-Farming\Datasets\final_combined_datasets\PLCE\LB\PLCE_LB_0395.JPG,Potato,LB,closed,ff51c10fd87019d2,Late Blight 
Z:\Projects\Smart-Farming\Datasets\final_combined_datasets\PLCE\LB\PLCE_LB_0396.JPG,Potato,LB,closed,a848f7059bfec832,Late Blight 
Z:\Projects\Smart-Farming\Datasets\final_combined_datasets\PLCE\LB\PLCE_LB_0397.JPG,Potato,LB,closed,98fc34d2c88f2d9c,Late Blight 
Z:\Projects\Smart-Farming\Datasets\final_combined_datasets\PLCE\LB\PLCE_LB_0398.JPG,Potato,LB,closed,a37ccc81df968c1c,Late Blight 
Z:\Projects\Smart-Farming\Datasets\final_combined_datasets\PLCE\LB\PLCE_LB_0399.JPG,Potato,LB,closed,aa37f5c2c10fc5c4,Late Blight 
Z:\Projects\Smart-Farming\Datasets\final_combined_datasets\PLCE\LB\PLCE_LB_0400.JPG,Potato,LB,closed,a9c2b59b924f88dc,Late Blight 
Z:\Projects\Smart-Farming\Datasets\final_combined_datasets\PLCE\LB\PLCE_LB_0401.JPG,Potato,LB,closed,ba1d945a8d49cc67,Late Blight 
Z:\Projects\Smart-Farming\Datasets\final_combined_datasets\PLCE\LB\PLCE_LB_0402.JPG,Potato,LB,closed,fdc0c28e9c399ab1,Late Blight 
Z:\Projects\Smart-Farming\Datasets\final_combined_datasets\PLCE\LB\PLCE_LB_0403.JPG,Potato,LB,closed,eaca908f8f3cd8b0,Late Blight 
Z:\Projects\Smart-Farming\Datasets\final_combined_datasets\PLCE\LB\PLCE_LB_0404.JPG,Potato,LB,closed,afe4f492c20f1939,Late Blight 
Z:\Projects\Smart-Farming\Datasets\final_combined_datasets\PLCE\LB\PLCE_LB_0405.JPG,Potato,LB,closed,ef42d00fda1e99b0,Late Blight 
Z:\Projects\Smart-Farming\Datasets\final_combined_datasets\PLCE\LB\PLCE_LB_0406.JPG,Potato,LB,closed,eb87941d924ecf60,Late Blight 
Z:\Projects\Smart-Farming\Datasets\final_combined_datasets\PLCE\LB\PLCE_LB_0407.JPG,Potato,LB,closed,ecad96d38acb8542,Late Blight 
Z:\Projects\Smart-Farming\Datasets\final_combined_datasets\PLCE\LB\PLCE_LB_0408.JPG,Potato,LB,closed,ba97d4dac7608721,Late Blight 
Z:\Projects\Smart-Farming\Datasets\final_combined_datasets\PLCE\LB\PLCE_LB_0409.JPG,Potato,LB,closed,af4ad0057b1fc83a,Late Blight 
Z:\Projects\Smart-Farming\Datasets\final_combined_datasets\PLCE\LB\PLCE_LB_0410.JPG,Potato,LB,closed,aa94e64ee17c8e61,Late Blight 
Z:\Projects\Smart-Farming\Datasets\final_combined_datasets\PLCE\LB\PLCE_LB_0411.JPG,Potato,LB,closed,fb36f118c6618f21,Late Blight 
Z:\Projects\Smart-Farming\Datasets\final_combined_datasets\PLCE\LB\PLCE_LB_0412.JPG,Potato,LB,closed,aff19283c34fc90c,Late Blight 
Z:\Projects\Smart-Farming\Datasets\final_combined_datasets\PLCE\LB\PLCE_LB_0413.JPG,Potato,LB,closed,fec0908f99bd9035,Late Blight 
Z:\Projects\Smart-Farming\Datasets\final_combined_datasets\PLCE\LB\PLCE_LB_0414.JPG,Potato,LB,closed,bbe090cbdb0c996c,Late Blight 
Z:\Projects\Smart-Farming\Datasets\final_combined_datasets\PLCE\LB\PLCE_LB_0415.JPG,Potato,LB,closed,aa15915acd65b66a,Late Blight 
Z:\Projects\Smart-Farming\Datasets\final_combined_datasets\PLCE\LB\PLCE_LB_0416.JPG,Potato,LB,closed,feb6e092e5698309,Late Blight 
Z:\Projects\Smart-Farming\Datasets\final_combined_datasets\PLCE\LB\PLCE_LB_0417.JPG,Potato,LB,closed,ff64e024930ccebc,Late Blight 
Z:\Projects\Smart-Farming\Datasets\final_combined_datasets\PLCE\LB\PLCE_LB_0418.JPG,Potato,LB,closed,ebc8918fb22e9893,Late Blight 
Z:\Projects\Smart-Farming\Datasets\final_combined_datasets\PLCE\LB\PLCE_LB_0419.JPG,Potato,LB,closed,aac3978c94a599b3,Late Blight 
Z:\Projects\Smart-Farming\Datasets\final_combined_datasets\PLCE\LB\PLCE_LB_0420.JPG,Potato,LB,closed,be1fc0d0cb61dcc2,Late Blight 
Z:\Projects\Smart-Farming\Datasets\final_combined_datasets\PLCE\LB\PLCE_LB_0421.JPG,Potato,LB,closed,fb6ae1ad850c94d8,Late Blight 
Z:\Projects\Smart-Farming\Datasets\final_combined_datasets\PLCE\LB\PLCE_LB_0422.JPG,Potato,LB,closed,fa418547d43ada93,Late Blight 
Z:\Projects\Smart-Farming\Datasets\final_combined_datasets\PLCE\LB\PLCE_LB_0423.JPG,Potato,LB,closed,ff946096c59a8dc8,Late Blight 
Z:\Projects\Smart-Farming\Datasets\final_combined_datasets\PLCE\LB\PLCE_LB_0424.JPG,Potato,LB,closed,efe03163ca36c91a,Late Blight 
Z:\Projects\Smart-Farming\Datasets\final_combined_datasets\PLCE\LB\PLCE_LB_0425.JPG,Potato,LB,closed,efc4901b939ae21d,Late Blight 
Z:\Projects\Smart-Farming\Datasets\final_combined_datasets\PLCE\LB\PLCE_LB_0426.JPG,Potato,LB,closed,ff60a12fd63cc230,Late Blight 
Z:\Projects\Smart-Farming\Datasets\final_combined_datasets\PLCE\LB\PLCE_LB_0427.JPG,Potato,LB,closed,aaf4b5c0964bda89,Late Blight 
Z:\Projects\Smart-Farming\Datasets\final_combined_datasets\PLCE\LB\PLCE_LB_0428.JPG,Potato,LB,closed,fa4285ad98b595b2,Late Blight 
Z:\Projects\Smart-Farming\Datasets\final_combined_datasets\PLCE\LB\PLCE_LB_0429.JPG,Potato,LB,closed,a86fd08c8f80fd3c,Late Blight 
Z:\Projects\Smart-Farming\Datasets\final_combined_datasets\PLCE\LB\PLCE_LB_0430.JPG,Potato,LB,closed,ffe6e0cacb091324,Late Blight 
Z:\Projects\Smart-Farming\Datasets\final_combined_datasets\PLCE\LB\PLCE_LB_0431.JPG,Potato,LB,closed,ea85e1c18f1af4b8,Late Blight 
Z:\Projects\Smart-Farming\Datasets\final_combined_datasets\PLCE\LB\PLCE_LB_0432.JPG,Potato,LB,closed,ea94e54f966c9a28,Late Blight 
Z:\Projects\Smart-Farming\Datasets\final_combined_datasets\PLCE\LB\PLCE_LB_0433.JPG,Potato,LB,closed,bae2948fca97813a,Late Blight 
Z:\Projects\Smart-Farming\Datasets\final_combined_datasets\PLCE\LB\PLCE_LB_0434.JPG,Potato,LB,closed,aa93d0dacf6c3c24,Late Blight 
Z:\Projects\Smart-Farming\Datasets\final_combined_datasets\PLCE\LB\PLCE_LB_0435.JPG,Potato,LB,closed,fbca94b54c78c419,Late Blight 
Z:\Projects\Smart-Farming\Datasets\final_combined_datasets\PLCE\LB\PLCE_LB_0436.JPG,Potato,LB,closed,bf70f083c76ec80c,Late Blight 
Z:\Projects\Smart-Farming\Datasets\final_combined_datasets\PLCE\LB\PLCE_LB_0437.JPG,Potato,LB,closed,eaa5a497a55a9698,Late Blight 
Z:\Projects\Smart-Farming\Datasets\final_combined_datasets\PLCE\LB\PLCE_LB_0438.JPG,Potato,LB,closed,b890c7dbce89cc8c,Late Blight 
Z:\Projects\Smart-Farming\Datasets\final_combined_datasets\PLCE\LB\PLCE_LB_0439.JPG,Potato,LB,closed,aa39b4c6c1788fc3,Late Blight 
Z:\Projects\Smart-Farming\Datasets\final_combined_datasets\PLCE\LB\PLCE_LB_0440.JPG,Potato,LB,closed,e983978eda4869cc,Late Blight 
Z:\Projects\Smart-Farming\Datasets\final_combined_datasets\PLCE\LB\PLCE_LB_0441.JPG,Potato,LB,closed,fdd4810fda30913b,Late Blight 
Z:\Projects\Smart-Farming\Datasets\final_combined_datasets\PLCE\LB\PLCE_LB_0442.JPG,Potato,LB,closed,eac1859b327d62cc,Late Blight 
Z:\Projects\Smart-Farming\Datasets\final_combined_datasets\PLCE\LB\PLCE_LB_0443.JPG,Potato,LB,closed,bb3db056c2c8cce1,Late Blight 
Z:\Projects\Smart-Farming\Datasets\final_combined_datasets\PLCE\LB\PLCE_LB_0444.JPG,Potato,LB,closed,fbc7899b943c9224,Late Blight 
Z:\Projects\Smart-Farming\Datasets\final_combined_datasets\PLCE\LB\PLCE_LB_0445.JPG,Potato,LB,closed,faf2e5caca8f080c,Late Blight 
Z:\Projects\Smart-Farming\Datasets\final_combined_datasets\PLCE\LB\PLCE_LB_0446.JPG,Potato,LB,closed,bc6ac217899f968c,Late Blight 
Z:\Projects\Smart-Farming\Datasets\final_combined_datasets\PLCE\LB\PLCE_LB_0447.JPG,Potato,LB,closed,cf879078cbe1b0ca,Late Blight 
Z:\Projects\Smart-Farming\Datasets\final_combined_datasets\PLCE\LB\PLCE_LB_0448.JPG,Potato,LB,closed,ffa0f8855093d09b,Late Blight 
Z:\Projects\Smart-Farming\Datasets\final_combined_datasets\PLCE\LB\PLCE_LB_0449.JPG,Potato,LB,closed,ea1d8762994c95cd,Late Blight 
Z:\Projects\Smart-Farming\Datasets\final_combined_datasets\PLCE\LB\PLCE_LB_0450.JPG,Potato,LB,closed,aab5b542d22f4aac,Late Blight 
Z:\Projects\Smart-Farming\Datasets\final_combined_datasets\PLCE\LB\PLCE_LB_0451.JPG,Potato,LB,closed,ec9dc4c6923b9a68,Late Blight 
Z:\Projects\Smart-Farming\Datasets\final_combined_datasets\PLCE\LB\PLCE_LB_0452.JPG,Potato,LB,closed,efb4e092c39b0d49,Late Blight 
Z:\Projects\Smart-Farming\Datasets\final_combined_datasets\PLCE\LB\PLCE_LB_0453.JPG,Potato,LB,closed,ebcab425e3a6c906,Late Blight 
Z:\Projects\Smart-Farming\Datasets\final_combined_datasets\PLCE\LB\PLCE_LB_0454.JPG,Potato,LB,closed,eec0b01f9664cb1e,Late Blight 
Z:\Projects\Smart-Farming\Datasets\final_combined_datasets\PLCE\LB\PLCE_LB_0455.JPG,Potato,LB,closed,efb7d2c2e4cc9084,Late Blight 
Z:\Projects\Smart-Farming\Datasets\final_combined_datasets\PLCE\LB\PLCE_LB_0456.JPG,Potato,LB,closed,a86e9681df169cb4,Late Blight 
Z:\Projects\Smart-Farming\Datasets\final_combined_datasets\PLCE\LB\PLCE_LB_0457.JPG,Potato,LB,closed,ab6ac481db829e3e,Late Blight 
Z:\Projects\Smart-Farming\Datasets\final_combined_datasets\PLCE\LB\PLCE_LB_0458.JPG,Potato,LB,closed,b63b91c4ce13719c,Late Blight 
Z:\Projects\Smart-Farming\Datasets\final_combined_datasets\PLCE\LB\PLCE_LB_0459.JPG,Potato,LB,closed,ff37e0708760b443,Late Blight 
Z:\Projects\Smart-Farming\Datasets\final_combined_datasets\PLCE\LB\PLCE_LB_0460.JPG,Potato,LB,closed,aba1d4c6865b9e1c,Late Blight 
Z:\Projects\Smart-Farming\Datasets\final_combined_datasets\PLCE\LB\PLCE_LB_0461.JPG,Potato,LB,closed,aaca95859a9699e3,Late Blight 
Z:\Projects\Smart-Farming\Datasets\final_combined_datasets\PLCE\LB\PLCE_LB_0462.JPG,Potato,LB,closed,be95c158c3698e65,Late Blight 
Z:\Projects\Smart-Farming\Datasets\final_combined_datasets\PLCE\LB\PLCE_LB_0463.JPG,Potato,LB,closed,ea35b41a8dc1ce4d,Late Blight 
Z:\Projects\Smart-Farming\Datasets\final_combined_datasets\PLCE\LB\PLCE_LB_0464.JPG,Potato,LB,closed,eee4e596ca5a8819,Late Blight 
Z:\Projects\Smart-Farming\Datasets\final_combined_datasets\PLCE\LB\PLCE_LB_0465.JPG,Potato,LB,closed,be1dc0f0ce5388e6,Late Blight 
Z:\Projects\Smart-Farming\Datasets\final_combined_datasets\PLCE\LB\PLCE_LB_0466.JPG,Potato,LB,closed,f843c71c98339772,Late Blight 
Z:\Projects\Smart-Farming\Datasets\final_combined_datasets\PLCE\LB\PLCE_LB_0467.JPG,Potato,LB,closed,aef5b0c2c80fc566,Late Blight 
Z:\Projects\Smart-Farming\Datasets\final_combined_datasets\PLCE\LB\PLCE_LB_0468.JPG,Potato,LB,closed,fe3f81d59062c1cc,Late Blight 
Z:\Projects\Smart-Farming\Datasets\final_combined_datasets\PLCE\LB\PLCE_LB_0469.JPG,Potato,LB,closed,abb6a5c992c3c88e,Late Blight 
Z:\Projects\Smart-Farming\Datasets\final_combined_datasets\PLCE\LB\PLCE_LB_0470.JPG,Potato,LB,closed,bf6cd060c31f4c1e,Late Blight 
Z:\Projects\Smart-Farming\Datasets\final_combined_datasets\PLCE\LB\PLCE_LB_0471.JPG,Potato,LB,closed,eae0a58b9b8d98b4,Late Blight 
Z:\Projects\Smart-Farming\Datasets\final_combined_datasets\PLCE\LB\PLCE_LB_0472.JPG,Potato,LB,closed,ebc2948d9a369933,Late Blight 
Z:\Projects\Smart-Farming\Datasets\final_combined_datasets\PLCE\LB\PLCE_LB_0473.JPG,Potato,LB,closed,abe0f50d9007db1e,Late Blight 
Z:\Projects\Smart-Farming\Datasets\final_combined_datasets\PLCE\LB\PLCE_LB_0474.JPG,Potato,LB,closed,fec4b4e1c2845b1e,Late Blight 
Z:\Projects\Smart-Farming\Datasets\final_combined_datasets\PLCE\LB\PLCE_LB_0475.JPG,Potato,LB,closed,abc5943e82584f79,Late Blight 
Z:\Projects\Smart-Farming\Datasets\final_combined_datasets\PLCE\LB\PLCE_LB_0476.JPG,Potato,LB,closed,aef2e08d8b8e980f,Late Blight 
Z:\Projects\Smart-Farming\Datasets\final_combined_datasets\PLCE\LB\PLCE_LB_0477.JPG,Potato,LB,closed,ba15c4609ce7936d,Late Blight 
Z:\Projects\Smart-Farming\Datasets\final_combined_datasets\PLCE\LB\PLCE_LB_0478.JPG,Potato,LB,closed,fe62c09fc818e939,Late Blight 
Z:\Projects\Smart-Farming\Datasets\final_combined_datasets\PLCE\LB\PLCE_LB_0479.JPG,Potato,LB,closed,fcc8b1879a96c932,Late Blight 
Z:\Projects\Smart-Farming\Datasets\final_combined_datasets\PLCE\LB\PLCE_LB_0480.JPG,Potato,LB,closed,afe1919b922ccb64,Late Blight 
Z:\Projects\Smart-Farming\Datasets\final_combined_datasets\PLCE\LB\PLCE_LB_0481.JPG,Potato,LB,closed,af68d027cd3ecc18,Late Blight 
Z:\Projects\Smart-Farming\Datasets\final_combined_datasets\PLCE\LB\PLCE_LB_0482.JPG,Potato,LB,closed,bac0e58f969cb125,Late Blight 
Z:\Projects\Smart-Farming\Datasets\final_combined_datasets\PLCE\LB\PLCE_LB_0483.JPG,Potato,LB,closed,a8a7f57f80804f1d,Late Blight 
Z:\Projects\Smart-Farming\Datasets\final_combined_datasets\PLCE\LB\PLCE_LB_0484.JPG,Potato,LB,closed,f983c638d366644d,Late Blight 
Z:\Projects\Smart-Farming\Datasets\final_combined_datasets\PLCE\LB\PLCE_LB_0485.JPG,Potato,LB,closed,aa7ab461c337cd06,Late Blight 
Z:\Projects\Smart-Farming\Datasets\final_combined_datasets\PLCE\LB\PLCE_LB_0486.JPG,Potato,LB,closed,bfb4d0c22d1a94cd,Late Blight 
Z:\Projects\Smart-Farming\Datasets\final_combined_datasets\PLCE\LB\PLCE_LB_0487.JPG,Potato,LB,closed,a9efde908396b604,Late Blight 
Z:\Projects\Smart-Farming\Datasets\final_combined_datasets\PLCE\LB\PLCE_LB_0488.JPG,Potato,LB,closed,fe2da93494d292ca,Late Blight 
Z:\Projects\Smart-Farming\Datasets\final_combined_datasets\PLCE\LB\PLCE_LB_0489.JPG,Potato,LB,closed,aee8c185f61691b6,Late Blight 
Z:\Projects\Smart-Farming\Datasets\final_combined_datasets\PLCE\LB\PLCE_LB_0490.JPG,Potato,LB,closed,abea94859e34c933,Late Blight 
Z:\Projects\Smart-Farming\Datasets\final_combined_datasets\PLCE\LB\PLCE_LB_0491.JPG,Potato,LB,closed,ea50a5af8b889e95,Late Blight 
Z:\Projects\Smart-Farming\Datasets\final_combined_datasets\PLCE\LB\PLCE_LB_0492.JPG,Potato,LB,closed,a93995d3d3c09ccc,Late Blight 
Z:\Projects\Smart-Farming\Datasets\final_combined_datasets\PLCE\LB\PLCE_LB_0493.JPG,Potato,LB,closed,f6d4952bca9e9818,Late Blight 
Z:\Projects\Smart-Farming\Datasets\final_combined_datasets\PLCE\LB\PLCE_LB_0494.JPG,Potato,LB,closed,eaca879eb0913396,Late Blight 
Z:\Projects\Smart-Farming\Datasets\final_combined_datasets\PLCE\LB\PLCE_LB_0495.JPG,Potato,LB,closed,efe18c9b12e71832,Late Blight 
Z:\Projects\Smart-Farming\Datasets\final_combined_datasets\PLCE\LB\PLCE_LB_0496.JPG,Potato,LB,closed,ff1fa1709e63c041,Late Blight 
Z:\Projects\Smart-Farming\Datasets\final_combined_datasets\PLCE\LB\PLCE_LB_0497.JPG,Potato,LB,closed,fe13a00d9762dc4b,Late Blight 
Z:\Projects\Smart-Farming\Datasets\final_combined_datasets\PLCE\LB\PLCE_LB_0498.JPG,Potato,LB,closed,a6f2d8c96537d206,Late Blight 
Z:\Projects\Smart-Farming\Datasets\final_combined_datasets\PLCE\LB\PLCE_LB_0499.JPG,Potato,LB,closed,fe58c10dcee58932,Late Blight 
Z:\Projects\Smart-Farming\Datasets\final_combined_datasets\PLCE\LB\PLCE_LB_0500.JPG,Potato,LB,closed,ee7aa08d1bcd1a86,Late Blight 
Z:\Projects\Smart-Farming\Datasets\final_combined_datasets\PLCE\LB\PLCE_LB_0501.JPG,Potato,LB,closed,ffe0808b9f3cb031,Late Blight 
Z:\Projects\Smart-Farming\Datasets\final_combined_datasets\PLCE\LB\PLCE_LB_0502.JPG,Potato,LB,closed,afe0f086803fcbf0,Late Blight 
Z:\Projects\Smart-Farming\Datasets\final_combined_datasets\PLCE\LB\PLCE_LB_0503.JPG,Potato,LB,closed,eb69b19c96929a34,Late Blight 
Z:\Projects\Smart-Farming\Datasets\final_combined_datasets\PLCE\LB\PLCE_LB_0504.JPG,Potato,LB,closed,ffbe80d08a43a4e6,Late Blight 
Z:\Projects\Smart-Farming\Datasets\final_combined_datasets\PLCE\LB\PLCE_LB_0505.JPG,Potato,LB,closed,ff4ba834955292c3,Late Blight 
Z:\Projects\Smart-Farming\Datasets\final_combined_datasets\PLCE\LB\PLCE_LB_0506.JPG,Potato,LB,closed,fac2851ed1319774,Late Blight 
Z:\Projects\Smart-Farming\Datasets\final_combined_datasets\PLCE\LB\PLCE_LB_0507.JPG,Potato,LB,closed,eaa6a192c3da1ec9,Late Blight 
Z:\Projects\Smart-Farming\Datasets\final_combined_datasets\PLCE\LB\PLCE_LB_0508.JPG,Potato,LB,closed,bc9cc3610cc63b9d,Late Blight 
Z:\Projects\Smart-Farming\Datasets\final_combined_datasets\PLCE\LB\PLCE_LB_0509.JPG,Potato,LB,closed,afb79048c86dc764,Late Blight 
Z:\Projects\Smart-Farming\Datasets\final_combined_datasets\PLCE\LB\PLCE_LB_0510.JPG,Potato,LB,closed,abe0a586d63eda18,Late Blight 
Z:\Projects\Smart-Farming\Datasets\final_combined_datasets\PLCE\LB\PLCE_LB_0511.JPG,Potato,LB,closed,aee4a4c49e1b9999,Late Blight 
Z:\Projects\Smart-Farming\Datasets\final_combined_datasets\PLCE\LB\PLCE_LB_0512.JPG,Potato,LB,closed,aaca9527d836cc33,Late Blight 
Z:\Projects\Smart-Farming\Datasets\final_combined_datasets\PLCE\LB\PLCE_LB_0513.JPG,Potato,LB,closed,ab17845acf619c66,Late Blight 
Z:\Projects\Smart-Farming\Datasets\final_combined_datasets\PLCE\LB\PLCE_LB_0514.JPG,Potato,LB,closed,af7ccc81d193841f,Late Blight 
Z:\Projects\Smart-Farming\Datasets\final_combined_datasets\PLCE\LB\PLCE_LB_0515.jpg,Potato,LB,closed,bbb4e00b8778de28,Late Blight 
Z:\Projects\Smart-Farming\Datasets\final_combined_datasets\PLCE\LB\PLCE_LB_0516.jpg,Potato,LB,closed,ae81bc5e8762d06d,Late Blight 
Z:\Projects\Smart-Farming\Datasets\final_combined_datasets\PLCE\LB\PLCE_LB_0517.jpg,Potato,LB,closed,ee16e4e885c9d60b,Late Blight 
Z:\Projects\Smart-Farming\Datasets\final_combined_datasets\PLCE\LB\PLCE_LB_0518.jpg,Potato,LB,closed,efcad481d2179836,Late Blight 
Z:\Projects\Smart-Farming\Datasets\final_combined_datasets\PLCE\LB\PLCE_LB_0519.jpg,Potato,LB,closed,bf1a80a9c6798f91,Late Blight 
Z:\Projects\Smart-Farming\Datasets\final_combined_datasets\PLCE\LB\PLCE_LB_0520.jpg,Potato,LB,closed,fe23e0fb81808757,Late Blight 
Z:\Projects\Smart-Farming\Datasets\final_combined_datasets\PLCE\LB\PLCE_LB_0521.jpg,Potato,LB,closed,fe87c0cac3019ebc,Late Blight 
Z:\Projects\Smart-Farming\Datasets\final_combined_datasets\PLCE\LB\PLCE_LB_0522.jpg,Potato,LB,closed,bf60b021d737c496,Late Blight 
Z:\Projects\Smart-Farming\Datasets\final_combined_datasets\PLCE\LB\PLCE_LB_0523.jpg,Potato,LB,closed,bfccb005d00ec3cf,Late Blight 
Z:\Projects\Smart-Farming\Datasets\final_combined_datasets\PLCE\LB\PLCE_LB_0524.jpg,Potato,LB,closed,ae8d945e824ad56b,Late Blight 
Z:\Projects\Smart-Farming\Datasets\final_combined_datasets\PLCE\LB\PLCE_LB_0525.jpg,Potato,LB,closed,bf97d07acd608c60,Late Blight 
Z:\Projects\Smart-Farming\Datasets\final_combined_datasets\PLCE\LB\PLCE_LB_0526.jpg,Potato,LB,closed,aea4b552d2ea9349,Late Blight 
Z:\Projects\Smart-Farming\Datasets\final_combined_datasets\PLCE\LB\PLCE_LB_0527.jpg,Potato,LB,closed,fedae03881b197c1,Late Blight 
Z:\Projects\Smart-Farming\Datasets\final_combined_datasets\PLCE\LB\PLCE_LB_0528.jpg,Potato,LB,closed,bed0b00bd64dca2d,Late Blight 
Z:\Projects\Smart-Farming\Datasets\final_combined_datasets\PLCE\LB\PLCE_LB_0529.jpg,Potato,LB,closed,eae8e105c7bc9694,Late Blight 
Z:\Projects\Smart-Farming\Datasets\final_combined_datasets\PLCE\LB\PLCE_LB_0530.jpg,Potato,LB,closed,faf2e29780928787,Late Blight 
Z:\Projects\Smart-Farming\Datasets\final_combined_datasets\PLCE\LB\PLCE_LB_0531.jpg,Potato,LB,closed,af4ab4a99235d516,Late Blight 
Z:\Projects\Smart-Farming\Datasets\final_combined_datasets\PLCE\LB\PLCE_LB_0532.jpg,Potato,LB,closed,fbb2a002c57e8e66,Late Blight 
Z:\Projects\Smart-Farming\Datasets\final_combined_datasets\PLCE\LB\PLCE_LB_0533.jpg,Potato,LB,closed,eea4e447cf4a881e,Late Blight 
Z:\Projects\Smart-Farming\Datasets\final_combined_datasets\PLCE\LB\PLCE_LB_0534.jpg,Potato,LB,closed,ea75f1eaa0e1c161,Late Blight 
Z:\Projects\Smart-Farming\Datasets\final_combined_datasets\PLCE\LB\PLCE_LB_0535.jpg,Potato,LB,closed,fbb8b0c1914fd388,Late Blight 
Z:\Projects\Smart-Farming\Datasets\final_combined_datasets\PLCE\LB\PLCE_LB_0536.jpg,Potato,LB,closed,eae087ab83a59cb4,Late Blight 
Z:\Projects\Smart-Farming\Datasets\final_combined_datasets\PLCE\LB\PLCE_LB_0537.jpg,Potato,LB,closed,ea54c5139d82bde4,Late Blight 
Z:\Projects\Smart-Farming\Datasets\final_combined_datasets\PLCE\LB\PLCE_LB_0538.jpg,Potato,LB,closed,ea3ae47984e1d487,Late Blight 
Z:\Projects\Smart-Farming\Datasets\final_combined_datasets\PLCE\LB\PLCE_LB_0539.jpg,Potato,LB,closed,eecae0ed81058f1e,Late Blight 
Z:\Projects\Smart-Farming\Datasets\final_combined_datasets\PLCE\LB\PLCE_LB_0540.jpg,Potato,LB,closed,bfc0b9699025d8b5,Late Blight 
Z:\Projects\Smart-Farming\Datasets\final_combined_datasets\PLCE\LB\PLCE_LB_0541.jpg,Potato,LB,closed,ba06b57ed26ac245,Late Blight 
Z:\Projects\Smart-Farming\Datasets\final_combined_datasets\PLCE\LB\PLCE_LB_0542.jpg,Potato,LB,closed,ff60a0a19507d796,Late Blight 
Z:\Projects\Smart-Farming\Datasets\final_combined_datasets\PLCE\LB\PLCE_LB_0543.jpg,Potato,LB,closed,bf60b4a0c253cf8b,Late Blight 
Z:\Projects\Smart-Farming\Datasets\final_combined_datasets\PLCE\LB\PLCE_LB_0544.jpg,Potato,LB,closed,becaf4efc0e48184,Late Blight 
Z:\Projects\Smart-Farming\Datasets\final_combined_datasets\PLCE\LB\PLCE_LB_0545.jpg,Potato,LB,closed,be94d859c1f8c661,Late Blight 
Z:\Projects\Smart-Farming\Datasets\final_combined_datasets\PLCE\LB\PLCE_LB_0546.jpg,Potato,LB,closed,eba5b41482da9f83,Late Blight 
Z:\Projects\Smart-Farming\Datasets\final_combined_datasets\PLCE\LB\PLCE_LB_0547.jpg,Potato,LB,closed,be9e91acda14893a,Late Blight 
Z:\Projects\Smart-Farming\Datasets\final_combined_datasets\PLCE\LB\PLCE_LB_0548.jpg,Potato,LB,closed,abceb8a0d59792b0,Late Blight 
Z:\Projects\Smart-Farming\Datasets\final_combined_datasets\PLCE\LB\PLCE_LB_0549.jpg,Potato,LB,closed,fecae0ad83859594,Late Blight 
Z:\Projects\Smart-Farming\Datasets\final_combined_datasets\PLCE\LB\PLCE_LB_0550.jpg,Potato,LB,closed,aaf1e113c71ac87a,Late Blight 
Z:\Projects\Smart-Farming\Datasets\final_combined_datasets\PLCE\LB\PLCE_LB_0551.jpg,Potato,LB,closed,ad19f0fa93c3c283,Late Blight 
Z:\Projects\Smart-Farming\Datasets\final_combined_datasets\PLCE\LB\PLCE_LB_0552.jpg,Potato,LB,closed,aa4bb1adc1b48f92,Late Blight 
Z:\Projects\Smart-Farming\Datasets\final_combined_datasets\PLCE\LB\PLCE_LB_0553.jpg,Potato,LB,closed,ab5af4ad80259735,Late Blight 
Z:\Projects\Smart-Farming\Datasets\final_combined_datasets\PLCE\LB\PLCE_LB_0554.jpg,Potato,LB,closed,eec0f50b903d9a33,Late Blight 
Z:\Projects\Smart-Farming\Datasets\final_combined_datasets\PLCE\LB\PLCE_LB_0555.jpg,Potato,LB,closed,bae1a047871e966e,Late Blight 
Z:\Projects\Smart-Farming\Datasets\final_combined_datasets\PLCE\LB\PLCE_LB_0556.jpg,Potato,LB,closed,afb1f452c22bc315,Late Blight 
Z:\Projects\Smart-Farming\Datasets\final_combined_datasets\PLCE\LB\PLCE_LB_0557.jpg,Potato,LB,closed,eadea5e885a886a5,Late Blight 
Z:\Projects\Smart-Farming\Datasets\final_combined_datasets\PLCE\LB\PLCE_LB_0558.jpg,Potato,LB,closed,ba2ea5a5d6548aaa,Late Blight 
Z:\Projects\Smart-Farming\Datasets\final_combined_datasets\PLCE\LB\PLCE_LB_0559.jpg,Potato,LB,closed,af9ee470c4b0c663,Late Blight 
Z:\Projects\Smart-Farming\Datasets\final_combined_datasets\PLCE\LB\PLCE_LB_0560.jpg,Potato,LB,closed,ea17e5f48580943f,Late Blight 
Z:\Projects\Smart-Farming\Datasets\final_combined_datasets\PLCE\LB\PLCE_LB_0561.jpg,Potato,LB,closed,aa6287a7ce1ce499,Late Blight 
Z:\Projects\Smart-Farming\Datasets\final_combined_datasets\PLCE\LB\PLCE_LB_0562.jpg,Potato,LB,closed,bf9fa0ba959092d0,Late Blight 
Z:\Projects\Smart-Farming\Datasets\final_combined_datasets\PLCE\LB\PLCE_LB_0563.jpg,Potato,LB,closed,eadae08a859d969c,Late Blight 
Z:\Projects\Smart-Farming\Datasets\final_combined_datasets\PLCE\LB\PLCE_LB_0564.jpg,Potato,LB,closed,ab91915e97286b65,Late Blight 
Z:\Projects\Smart-Farming\Datasets\final_combined_datasets\PLCE\LB\PLCE_LB_0565.jpg,Potato,LB,closed,eacaa0cad70f8a9c,Late Blight 
Z:\Projects\Smart-Farming\Datasets\final_combined_datasets\PLCE\LB\PLCE_LB_0566.jpg,Potato,LB,closed,ae96a5f2c550cac3,Late Blight 
Z:\Projects\Smart-Farming\Datasets\final_combined_datasets\PLCE\LB\PLCE_LB_0567.jpg,Potato,LB,closed,ffc6a0eed554820a,Late Blight 
Z:\Projects\Smart-Farming\Datasets\final_combined_datasets\PLCE\LB\PLCE_LB_0568.jpg,Potato,LB,closed,eabca8b495b095d2,Late Blight 
Z:\Projects\Smart-Farming\Datasets\final_combined_datasets\PLCE\LB\PLCE_LB_0569.jpg,Potato,LB,closed,eaca96a99a1393b2,Late Blight 
Z:\Projects\Smart-Farming\Datasets\final_combined_datasets\PLCE\LB\PLCE_LB_0570.jpg,Potato,LB,closed,ea95e1b885909f87,Late Blight 
Z:\Projects\Smart-Farming\Datasets\final_combined_datasets\PLCE\LB\PLCE_LB_0571.jpg,Potato,LB,closed,bb5ab0bd9094d174,Late Blight 
Z:\Projects\Smart-Farming\Datasets\final_combined_datasets\PLCE\LB\PLCE_LB_0572.jpg,Potato,LB,closed,ffa5a0d4c516c70a,Late Blight 
Z:\Projects\Smart-Farming\Datasets\final_combined_datasets\PLCE\LB\PLCE_LB_0573.jpg,Potato,LB,closed,bab2b073d061cbe1,Late Blight 
Z:\Projects\Smart-Farming\Datasets\final_combined_datasets\PLCE\LB\PLCE_LB_0574.jpg,Potato,LB,closed,bfc3f4a780959d10,Late Blight 
Z:\Projects\Smart-Farming\Datasets\final_combined_datasets\PLCE\LB\PLCE_LB_0575.jpg,Potato,LB,closed,af9ba4b1d4b08ad1,Late Blight 
Z:\Projects\Smart-Farming\Datasets\final_combined_datasets\PLCE\LB\PLCE_LB_0576.jpg,Potato,LB,closed,ead8a58a87c71ec1,Late Blight 
Z:\Projects\Smart-Farming\Datasets\final_combined_datasets\PLCE\LB\PLCE_LB_0577.jpg,Potato,LB,closed,ea99e07085119fbb,Late Blight 
Z:\Projects\Smart-Farming\Datasets\final_combined_datasets\PLCE\LB\PLCE_LB_0578.jpg,Potato,LB,closed,bbd3b033913182bb,Late Blight 
Z:\Projects\Smart-Farming\Datasets\final_combined_datasets\PLCE\LB\PLCE_LB_0579.jpg,Potato,LB,closed,ffc1a081859f9738,Late Blight 
Z:\Projects\Smart-Farming\Datasets\final_combined_datasets\PLCE\LB\PLCE_LB_0580.jpg,Potato,LB,closed,bf4ab4a5d095ca1a,Late Blight 
Z:\Projects\Smart-Farming\Datasets\final_combined_datasets\PLCE\LB\PLCE_LB_0581.jpg,Potato,LB,closed,beebd08485a78a96,Late Blight 
Z:\Projects\Smart-Farming\Datasets\final_combined_datasets\PLCE\LB\PLCE_LB_0582.jpg,Potato,LB,closed,e8ce850df43193f2,Late Blight 
Z:\Projects\Smart-Farming\Datasets\final_combined_datasets\PLCE\LB\PLCE_LB_0583.jpg,Potato,LB,closed,ebf0b11cd5c1c21b,Late Blight 
Z:\Projects\Smart-Farming\Datasets\final_combined_datasets\PLCE\LB\PLCE_LB_0584.jpg,Potato,LB,closed,bfe0e083c48587af,Late Blight 
Z:\Projects\Smart-Farming\Datasets\final_combined_datasets\PLCE\LB\PLCE_LB_0585.jpg,Potato,LB,closed,eec8a18b9d3d9033,Late Blight 
Z:\Projects\Smart-Farming\Datasets\final_combined_datasets\PLCE\LB\PLCE_LB_0586.jpg,Potato,LB,closed,af1bb518d0fdc218,Late Blight 
Z:\Projects\Smart-Farming\Datasets\final_combined_datasets\PLCE\LB\PLCE_LB_0587.jpg,Potato,LB,closed,fbf1a117941e9078,Late Blight 
Z:\Projects\Smart-Farming\Datasets\final_combined_datasets\PLCE\LB\PLCE_LB_0588.jpg,Potato,LB,closed,aec8e4a984c59dc7,Late Blight 
Z:\Projects\Smart-Farming\Datasets\final_combined_datasets\PLCE\LB\PLCE_LB_0589.jpg,Potato,LB,closed,baeaf06181a58f96,Late Blight 
Z:\Projects\Smart-Farming\Datasets\final_combined_datasets\PLCE\LB\PLCE_LB_0590.jpg,Potato,LB,closed,ffe0c023cf1584bc,Late Blight 
Z:\Projects\Smart-Farming\Datasets\final_combined_datasets\PLCE\LB\PLCE_LB_0591.jpg,Potato,LB,closed,bacab1a9c0958d9e,Late Blight 
Z:\Projects\Smart-Farming\Datasets\final_combined_datasets\PLCE\LB\PLCE_LB_0592.jpg,Potato,LB,closed,ebe6a087851e9678,Late Blight 
Z:\Projects\Smart-Farming\Datasets\final_combined_datasets\PLCE\LB\PLCE_LB_0593.jpg,Potato,LB,closed,aecab42bc0a78b36,Late Blight 
Z:\Projects\Smart-Farming\Datasets\final_combined_datasets\PLCE\LB\PLCE_LB_0594.jpg,Potato,LB,closed,facca1ec97005aba,Late Blight 
Z:\Projects\Smart-Farming\Datasets\final_combined_datasets\PLCE\LB\PLCE_LB_0595.jpg,Potato,LB,closed,eef4a586940ed60e,Late Blight 
Z:\Projects\Smart-Farming\Datasets\final_combined_datasets\PLCE\LB\PLCE_LB_0596.jpg,Potato,LB,closed,eab3e01483dacf58,Late Blight 
Z:\Projects\Smart-Farming\Datasets\final_combined_datasets\PLCE\LB\PLCE_LB_0597.jpg,Potato,LB,closed,bec3a4cbc41f8a2c,Late Blight 
Z:\Projects\Smart-Farming\Datasets\final_combined_datasets\PLCE\LB\PLCE_LB_0598.jpg,Potato,LB,closed,eff4a086855e945a,Late Blight 
Z:\Projects\Smart-Farming\Datasets\final_combined_datasets\PLCE\LB\PLCE_LB_0599.jpg,Potato,LB,closed,ff02b87f908892f1,Late Blight 
Z:\Projects\Smart-Farming\Datasets\final_combined_datasets\PLCE\LB\PLCE_LB_0600.jpg,Potato,LB,closed,ffe4b512d0cad00b,Late Blight 
Z:\Projects\Smart-Farming\Datasets\final_combined_datasets\PLCE\LB\PLCE_LB_0601.jpg,Potato,LB,closed,fa99e0f895f190c1,Late Blight 
Z:\Projects\Smart-Farming\Datasets\final_combined_datasets\PLCE\LB\PLCE_LB_0602.jpg,Potato,LB,closed,afb0b5d1d090d25b,Late Blight 
Z:\Projects\Smart-Farming\Datasets\final_combined_datasets\PLCE\LB\PLCE_LB_0603.jpg,Potato,LB,closed,ef38e02385c795c6,Late Blight 
Z:\Projects\Smart-Farming\Datasets\final_combined_datasets\PLCE\LB\PLCE_LB_0604.jpg,Potato,LB,closed,ff70a031d436c26e,Late Blight 
Z:\Projects\Smart-Farming\Datasets\final_combined_datasets\PLCE\LB\PLCE_LB_0605.jpg,Potato,LB,closed,aa17e1f487108f57,Late Blight 
Z:\Projects\Smart-Farming\Datasets\final_combined_datasets\PLCE\LB\PLCE_LB_0606.jpg,Potato,LB,closed,feacb1c19137c20e,Late Blight 
Z:\Projects\Smart-Farming\Datasets\final_combined_datasets\PLCE\LB\PLCE_LB_0607.jpg,Potato,LB,closed,fa52e02a877cdf08,Late Blight 
Z:\Projects\Smart-Farming\Datasets\final_combined_datasets\PLCE\LB\PLCE_LB_0608.jpg,Potato,LB,closed,ab6ee082c50fd61e,Late Blight 
Z:\Projects\Smart-Farming\Datasets\final_combined_datasets\PLCE\LB\PLCE_LB_0609.jpg,Potato,LB,closed,ee36a09d85b0c733,Late Blight 
Z:\Projects\Smart-Farming\Datasets\final_combined_datasets\PLCE\LB\PLCE_LB_0610.jpg,Potato,LB,closed,eac3a02f873cda34,Late Blight 
Z:\Projects\Smart-Farming\Datasets\final_combined_datasets\PLCE\LB\PLCE_LB_0611.jpg,Potato,LB,closed,fae0a003b70f94bd,Late Blight 
Z:\Projects\Smart-Farming\Datasets\final_combined_datasets\PLCE\LB\PLCE_LB_0612.jpg,Potato,LB,closed,aa2fe5d4858286cf,Late Blight 
Z:\Projects\Smart-Farming\Datasets\final_combined_datasets\PLCE\LB\PLCE_LB_0613.jpg,Potato,LB,closed,ea38e59185c79e86,Late Blight 
Z:\Projects\Smart-Farming\Datasets\final_combined_datasets\PLCE\LB\PLCE_LB_0614.jpg,Potato,LB,closed,bac6b0c6d30eca1e,Late Blight 
Z:\Projects\Smart-Farming\Datasets\final_combined_datasets\PLCE\LB\PLCE_LB_0615.jpg,Potato,LB,closed,feb8b053d02ac32d,Late Blight 
Z:\Projects\Smart-Farming\Datasets\final_combined_datasets\PLCE\LB\PLCE_LB_0616.jpg,Potato,LB,closed,ee86e0ffc5808655,Late Blight 
Z:\Projects\Smart-Farming\Datasets\final_combined_datasets\PLCE\LB\PLCE_LB_0617.jpg,Potato,LB,closed,bfb4a5d0d41ad01b,Late Blight 
Z:\Projects\Smart-Farming\Datasets\final_combined_datasets\PLCE\LB\PLCE_LB_0618.jpg,Potato,LB,closed,ab9db45484ead661,Late Blight 
Z:\Projects\Smart-Farming\Datasets\final_combined_datasets\PLCE\LB\PLCE_LB_0619.jpg,Potato,LB,closed,aa03a47fd530c27d,Late Blight 
Z:\Projects\Smart-Farming\Datasets\final_combined_datasets\PLCE\LB\PLCE_LB_0620.jpg,Potato,LB,closed,becfb0ccd4948a0e,Late Blight 
Z:\Projects\Smart-Farming\Datasets\final_combined_datasets\PLCE\LB\PLCE_LB_0621.jpg,Potato,LB,closed,bfd2b443d20b8b0d,Late Blight 
Z:\Projects\Smart-Farming\Datasets\final_combined_datasets\PLCE\LB\PLCE_LB_0622.jpg,Potato,LB,closed,abbda1d082d295cb,Late Blight 
Z:\Projects\Smart-Farming\Datasets\final_combined_datasets\PLCE\LB\PLCE_LB_0623.jpg,Potato,LB,closed,ba68b07fd5258236,Late Blight 
Z:\Projects\Smart-Farming\Datasets\final_combined_datasets\PLCE\LB\PLCE_LB_0624.jpg,Potato,LB,closed,aa0cf47c8680def5,Late Blight 
Z:\Projects\Smart-Farming\Datasets\final_combined_datasets\PLCE\LB\PLCE_LB_0625.jpg,Potato,LB,closed,ba0fa1ecd5e4d0a4,Late Blight 
Z:\Projects\Smart-Farming\Datasets\final_combined_datasets\PLCE\LB\PLCE_LB_0626.jpg,Potato,LB,closed,aec6f184c1dec349,Late Blight 
Z:\Projects\Smart-Farming\Datasets\final_combined_datasets\PLCE\LB\PLCE_LB_0627.jpg,Potato,LB,closed,ab27f4d68242c76a,Late Blight 
Z:\Projects\Smart-Farming\Datasets\final_combined_datasets\PLCE\LB\PLCE_LB_0628.jpg,Potato,LB,closed,ffb0f0d2c00ac38f,Late Blight 
Z:\Projects\Smart-Farming\Datasets\final_combined_datasets\PLCE\LB\PLCE_LB_0629.jpg,Potato,LB,closed,ffa0e0c5a05697ca,Late Blight 
Z:\Projects\Smart-Farming\Datasets\final_combined_datasets\PLCE\LB\PLCE_LB_0630.jpg,Potato,LB,closed,fbb0e0e1b590c197,Late Blight 
Z:\Projects\Smart-Farming\Datasets\final_combined_datasets\PLCE\LB\PLCE_LB_0631.jpg,Potato,LB,closed,fbd2b5a0d0dd5282,Late Blight 
Z:\Projects\Smart-Farming\Datasets\final_combined_datasets\PLCE\LB\PLCE_LB_0632.jpg,Potato,LB,closed,ae4eb1ecd0e4c386,Late Blight 
Z:\Projects\Smart-Farming\Datasets\final_combined_datasets\PLCE\LB\PLCE_LB_0633.jpg,Potato,LB,closed,dd95e168afc1900f,Late Blight 
Z:\Projects\Smart-Farming\Datasets\final_combined_datasets\PLCE\LB\PLCE_LB_0634.jpg,Potato,LB,closed,a910b649d2bbcb6c,Late Blight 
Z:\Projects\Smart-Farming\Datasets\final_combined_datasets\PLCE\LB\PLCE_LB_0635.jpg,Potato,LB,closed,ae0cb4acd0f4cfd0,Late Blight 
Z:\Projects\Smart-Farming\Datasets\final_combined_datasets\PLCE\LB\PLCE_LB_0636.jpg,Potato,LB,closed,bf27d27283c0cbc1,Late Blight 
Z:\Projects\Smart-Farming\Datasets\final_combined_datasets\PLCE\LB\PLCE_LB_0637.jpg,Potato,LB,closed,ae95a55e864a8b69,Late Blight 
Z:\Projects\Smart-Farming\Datasets\final_combined_datasets\PLCE\LB\PLCE_LB_0638.jpg,Potato,LB,closed,bfe4b403d0ebc285,Late Blight 
Z:\Projects\Smart-Farming\Datasets\final_combined_datasets\PLCE\LB\PLCE_LB_0639.jpg,Potato,LB,closed,fe09a0bd97909cd1,Late Blight 
Z:\Projects\Smart-Farming\Datasets\final_combined_datasets\PLCE\LB\PLCE_LB_0640.jpg,Potato,LB,closed,b985f09883019fdf,Late Blight 
Z:\Projects\Smart-Farming\Datasets\final_combined_datasets\PLCE\LB\PLCE_LB_0641.jpg,Potato,LB,closed,ebc29e0ed01599b3,Late Blight 
Z:\Projects\Smart-Farming\Datasets\final_combined_datasets\PLCE\LB\PLCE_LB_0642.jpg,Potato,LB,closed,afb4d042832fdd38,Late Blight 
Z:\Projects\Smart-Farming\Datasets\final_combined_datasets\PLCE\LB\PLCE_LB_0643.jpg,Potato,LB,closed,bbe3b0b1d2920a9b,Late Blight 
Z:\Projects\Smart-Farming\Datasets\final_combined_datasets\PLCE\LB\PLCE_LB_0644.jpg,Potato,LB,closed,ea7cb1aa85c192c7,Late Blight 
Z:\Projects\Smart-Farming\Datasets\final_combined_datasets\PLCE\LB\PLCE_LB_0645.jpg,Potato,LB,closed,ff03a5fc950ad00b,Late Blight 
Z:\Projects\Smart-Farming\Datasets\final_combined_datasets\PLCE\LB\PLCE_LB_0646.jpg,Potato,LB,closed,ee1781749fc690cc,Late Blight 
Z:\Projects\Smart-Farming\Datasets\final_combined_datasets\PLCE\LB\PLCE_LB_0647.jpg,Potato,LB,closed,fab0b117d3ca8949,Late Blight 
Z:\Projects\Smart-Farming\Datasets\final_combined_datasets\PLCE\LB\PLCE_LB_0648.jpg,Potato,LB,closed,bf1eb5af8008cb4c,Late Blight 
Z:\Projects\Smart-Farming\Datasets\final_combined_datasets\PLCE\LB\PLCE_LB_0649.jpg,Potato,LB,closed,ead9a5aba081c59d,Late Blight 
Z:\Projects\Smart-Farming\Datasets\final_combined_datasets\PLCE\LB\PLCE_LB_0650.jpg,Potato,LB,closed,bfdbf42980f0c311,Late Blight 
Z:\Projects\Smart-Farming\Datasets\final_combined_datasets\PLCE\LB\PLCE_LB_0651.jpg,Potato,LB,closed,efe0a1c5950dde14,Late Blight 
Z:\Projects\Smart-Farming\Datasets\final_combined_datasets\PLCE\LB\PLCE_LB_0652.jpg,Potato,LB,closed,eaabc07583c191cf,Late Blight 
Z:\Projects\Smart-Farming\Datasets\final_combined_datasets\PLCE\LB\PLCE_LB_0653.jpg,Potato,LB,closed,becbb0be93a48311,Late Blight 
Z:\Projects\Smart-Farming\Datasets\final_combined_datasets\PLCE\LB\PLCE_LB_0654.jpg,Potato,LB,closed,b8c3948fdaf00b6a,Late Blight 
Z:\Projects\Smart-Farming\Datasets\final_combined_datasets\PLCE\LB\PLCE_LB_0655.jpg,Potato,LB,closed,ae33a199951a92f3,Late Blight 
Z:\Projects\Smart-Farming\Datasets\final_combined_datasets\PLCE\LB\PLCE_LB_0656.jpg,Potato,LB,closed,bed4e4aa84958795,Late Blight 
Z:\Projects\Smart-Farming\Datasets\final_combined_datasets\PLCE\LB\PLCE_LB_0657.jpg,Potato,LB,closed,bfdab0e99015d2e0,Late Blight 
Z:\Projects\Smart-Farming\Datasets\final_combined_datasets\PLCE\LB\PLCE_LB_0658.jpg,Potato,LB,closed,bf95c45ec8e8c560,Late Blight 
Z:\Projects\Smart-Farming\Datasets\final_combined_datasets\PLCE\LB\PLCE_LB_0659.jpg,Potato,LB,closed,facee0ea80858f95,Late Blight 
Z:\Projects\Smart-Farming\Datasets\final_combined_datasets\PLCE\LB\PLCE_LB_0660.jpg,Potato,LB,closed,beb8b010d30bcbb9,Late Blight 
Z:\Projects\Smart-Farming\Datasets\final_combined_datasets\PLCE\LB\PLCE_LB_0661.jpg,Potato,LB,closed,bbb1b0d1c04bc96d,Late Blight 
Z:\Projects\Smart-Farming\Datasets\final_combined_datasets\PLCE\LB\PLCE_LB_0662.jpg,Potato,LB,closed,ab96e589c45f864a,Late Blight 
Z:\Projects\Smart-Farming\Datasets\final_combined_datasets\PLCE\LB\PLCE_LB_0663.jpg,Potato,LB,closed,becbd0a1818f9794,Late Blight 
Z:\Projects\Smart-Farming\Datasets\final_combined_datasets\PLCE\LB\PLCE_LB_0664.jpg,Potato,LB,closed,fae1b553d20ad20d,Late Blight 
Z:\Projects\Smart-Farming\Datasets\final_combined_datasets\PLCE\LB\PLCE_LB_0665.jpg,Potato,LB,closed,bacee1eb80859395,Late Blight 
Z:\Projects\Smart-Farming\Datasets\final_combined_datasets\PLCE\LB\PLCE_LB_0666.jpg,Potato,LB,closed,bfead0a5c9a3c481,Late Blight 
Z:\Projects\Smart-Farming\Datasets\final_combined_datasets\PLCE\LB\PLCE_LB_0667.jpg,Potato,LB,closed,aed2e4aa8415cf63,Late Blight 
Z:\Projects\Smart-Farming\Datasets\final_combined_datasets\PLCE\LB\PLCE_LB_0668.jpg,Potato,LB,closed,ea3be4d184c1d687,Late Blight 
Z:\Projects\Smart-Farming\Datasets\final_combined_datasets\PLCE\LB\PLCE_LB_0669.jpg,Potato,LB,closed,fac1b083953d9674,Late Blight 
Z:\Projects\Smart-Farming\Datasets\final_combined_datasets\PLCE\LB\PLCE_LB_0670.jpg,Potato,LB,closed,ea9fa5e8d6454a48,Late Blight 
Z:\Projects\Smart-Farming\Datasets\final_combined_datasets\PLCE\LB\PLCE_LB_0671.jpg,Potato,LB,closed,ebc28e29ca35d994,Late Blight 
Z:\Projects\Smart-Farming\Datasets\final_combined_datasets\PLCE\LB\PLCE_LB_0672.jpg,Potato,LB,closed,be63f0d890a1c39b,Late Blight 
Z:\Projects\Smart-Farming\Datasets\final_combined_datasets\PLCE\LB\PLCE_LB_0673.jpg,Potato,LB,closed,af1af5b9d0f0c848,Late Blight 
Z:\Projects\Smart-Farming\Datasets\final_combined_datasets\PLCE\LB\PLCE_LB_0674.jpg,Potato,LB,closed,fabc80508ac3dd67,Late Blight 
Z:\Projects\Smart-Farming\Datasets\final_combined_datasets\PLCE\LB\PLCE_LB_0675.jpg,Potato,LB,closed,bbcbf02dc1b0cb50,Late Blight 
Z:\Projects\Smart-Farming\Datasets\final_combined_datasets\PLCE\LB\PLCE_LB_0676.jpg,Potato,LB,closed,ebc09d3d9db0ca12,Late Blight 
Z:\Projects\Smart-Farming\Datasets\final_combined_datasets\PLCE\LB\PLCE_LB_0677.jpg,Potato,LB,closed,bbd3b16091a793a4,Late Blight 
Z:\Projects\Smart-Farming\Datasets\final_combined_datasets\PLCE\LB\PLCE_LB_0678.jpg,Potato,LB,closed,af3ce43da45494e2,Late Blight 
Z:\Projects\Smart-Farming\Datasets\final_combined_datasets\PLCE\LB\PLCE_LB_0679.jpg,Potato,LB,closed,ab37d5c09a5983c9,Late Blight 
Z:\Projects\Smart-Farming\Datasets\final_combined_datasets\PLCE\LB\PLCE_LB_0680.jpg,Potato,LB,closed,bb68c813969ce19d,Late Blight 
Z:\Projects\Smart-Farming\Datasets\final_combined_datasets\PLCE\LB\PLCE_LB_0681.jpg,Potato,LB,closed,ab08a17dd5e1d887,Late Blight 
Z:\Projects\Smart-Farming\Datasets\final_combined_datasets\PLCE\LB\PLCE_LB_0682.jpg,Potato,LB,closed,cac9b6e08579873c,Late Blight 
Z:\Projects\Smart-Farming\Datasets\final_combined_datasets\PLCE\LB\PLCE_LB_0683.jpg,Potato,LB,closed,efe2a0c7850d971c,Late Blight 
Z:\Projects\Smart-Farming\Datasets\final_combined_datasets\PLCE\LB\PLCE_LB_0684.jpg,Potato,LB,closed,ef8ba079c5e19681,Late Blight 
Z:\Projects\Smart-Farming\Datasets\final_combined_datasets\PLCE\LB\PLCE_LB_0685.jpg,Potato,LB,closed,bbe08b96fc318d11,Late Blight 
Z:\Projects\Smart-Farming\Datasets\final_combined_datasets\PLCE\LB\PLCE_LB_0686.jpg,Potato,LB,closed,bab5d49dc0538b43,Late Blight 
Z:\Projects\Smart-Farming\Datasets\final_combined_datasets\PLCE\LB\PLCE_LB_0687.jpg,Potato,LB,closed,afe0850e9ebc9895,Late Blight 
Z:\Projects\Smart-Farming\Datasets\final_combined_datasets\PLCE\LB\PLCE_LB_0688.jpg,Potato,LB,closed,fbb1b0c3970b9a48,Late Blight 
Z:\Projects\Smart-Farming\Datasets\final_combined_datasets\PLCE\LB\PLCE_LB_0689.jpg,Potato,LB,closed,bbccb08c913c5b3c,Late Blight 
Z:\Projects\Smart-Farming\Datasets\final_combined_datasets\PLCE\LB\PLCE_LB_0690.jpg,Potato,LB,closed,facee1f887a082a5,Late Blight 
Z:\Projects\Smart-Farming\Datasets\final_combined_datasets\PLCE\LB\PLCE_LB_0691.jpg,Potato,LB,closed,bee0b526c6b0c2da,Late Blight 
Z:\Projects\Smart-Farming\Datasets\final_combined_datasets\PLCE\LB\PLCE_LB_0692.jpg,Potato,LB,closed,bf6a8c2dc495c49a,Late Blight 
Z:\Projects\Smart-Farming\Datasets\final_combined_datasets\PLCE\LB\PLCE_LB_0693.jpg,Potato,LB,closed,ebd4eca08587861f,Late Blight 
Z:\Projects\Smart-Farming\Datasets\final_combined_datasets\PLCE\LB\PLCE_LB_0694.jpg,Potato,LB,closed,facee08c81859f5c,Late Blight 
Z:\Projects\Smart-Farming\Datasets\final_combined_datasets\PLCE\LB\PLCE_LB_0695.jpg,Potato,LB,closed,ea3dc1f49f619086,Late Blight 
Z:\Projects\Smart-Farming\Datasets\final_combined_datasets\PLCE\LB\PLCE_LB_0696.jpg,Potato,LB,closed,efb4b052d2aa9361,Late Blight 
Z:\Projects\Smart-Farming\Datasets\final_combined_datasets\PLCE\LB\PLCE_LB_0697.jpg,Potato,LB,closed,bfb09c4ac86cf446,Late Blight 
Z:\Projects\Smart-Farming\Datasets\final_combined_datasets\PLCE\LB\PLCE_LB_0698.jpg,Potato,LB,closed,eb91e55a864a0e6d,Late Blight 
Z:\Projects\Smart-Farming\Datasets\final_combined_datasets\PLCE\LB\PLCE_LB_0699.jpg,Potato,LB,closed,bfc2a1c7d0cfd208,Late Blight 
Z:\Projects\Smart-Farming\Datasets\final_combined_datasets\PLCE\LB\PLCE_LB_0700.jpg,Potato,LB,closed,ea3b9dc695c2d0c8,Late Blight 
Z:\Projects\Smart-Farming\Datasets\final_combined_datasets\PLCE\LB\PLCE_LB_0701.jpg,Potato,LB,closed,bbccb1ecc094cb94,Late Blight 
Z:\Projects\Smart-Farming\Datasets\final_combined_datasets\PLCE\LB\PLCE_LB_0702.jpg,Potato,LB,closed,bb4cb0ecc1b5cb84,Late Blight 
Z:\Projects\Smart-Farming\Datasets\final_combined_datasets\PLCE\LB\PLCE_LB_0703.jpg,Potato,LB,closed,febae8b4c0528752,Late Blight 
Z:\Projects\Smart-Farming\Datasets\final_combined_datasets\PLCE\LB\PLCE_LB_0704.jpg,Potato,LB,closed,aa17e5f8940386eb,Late Blight 
Z:\Projects\Smart-Farming\Datasets\final_combined_datasets\PLCE\LB\PLCE_LB_0705.jpg,Potato,LB,closed,aedce4c4914e9b2c,Late Blight 
Z:\Projects\Smart-Farming\Datasets\final_combined_datasets\PLCE\LB\PLCE_LB_0706.jpg,Potato,LB,closed,f8e0b1a79c35c893,Late Blight 
Z:\Projects\Smart-Farming\Datasets\final_combined_datasets\PLCE\LB\PLCE_LB_0707.jpg,Potato,LB,closed,aac8b0a5d7948fb2,Late Blight 
Z:\Projects\Smart-Farming\Datasets\final_combined_datasets\PLCE\LB\PLCE_LB_0708.jpg,Potato,LB,closed,aaeab125d3b5c216,Late Blight 
Z:\Projects\Smart-Farming\Datasets\final_combined_datasets\PLCE\LB\PLCE_LB_0709.jpg,Potato,LB,closed,aaadf4d08281de97,Late Blight 
Z:\Projects\Smart-Farming\Datasets\final_combined_datasets\PLCE\LB\PLCE_LB_0710.jpg,Potato,LB,closed,ef15a0f2d6f2c2c0,Late Blight 
Z:\Projects\Smart-Farming\Datasets\final_combined_datasets\PLCE\LB\PLCE_LB_0711.jpg,Potato,LB,closed,bb95d007aa3de834,Late Blight 
Z:\Projects\Smart-Farming\Datasets\final_combined_datasets\PLCE\LB\PLCE_LB_0712.jpg,Potato,LB,closed,aedab4add2d482c2,Late Blight 
Z:\Projects\Smart-Farming\Datasets\final_combined_datasets\PLCE\LB\PLCE_LB_0713.jpg,Potato,LB,closed,ba42cccada9d9c94,Late Blight 
Z:\Projects\Smart-Farming\Datasets\final_combined_datasets\PLCE\LB\PLCE_LB_0714.jpg,Potato,LB,closed,eab5e0d582c2d78a,Late Blight 
Z:\Projects\Smart-Farming\Datasets\final_combined_datasets\PLCE\LB\PLCE_LB_0715.jpg,Potato,LB,closed,aabdb53091f2d2c1,Late Blight 
Z:\Projects\Smart-Farming\Datasets\final_combined_datasets\PLCE\LB\PLCE_LB_0716.jpg,Potato,LB,closed,aacebdc691079127,Late Blight 
Z:\Projects\Smart-Farming\Datasets\final_combined_datasets\PLCE\LB\PLCE_LB_0717.jpg,Potato,LB,closed,aae4a59494d2dada,Late Blight 
Z:\Projects\Smart-Farming\Datasets\final_combined_datasets\PLCE\LB\PLCE_LB_0718.jpg,Potato,LB,closed,aaeae047c0afcc95,Late Blight 
Z:\Projects\Smart-Farming\Datasets\final_combined_datasets\PLCE\LB\PLCE_LB_0719.jpg,Potato,LB,closed,a6d9b6c9d284c95a,Late Blight 
Z:\Projects\Smart-Farming\Datasets\final_combined_datasets\PLCE\LB\PLCE_LB_0720.jpg,Potato,LB,closed,aed0bd42d2275a36,Late Blight 
Z:\Projects\Smart-Farming\Datasets\final_combined_datasets\PLCE\LB\PLCE_LB_0721.jpg,Potato,LB,closed,eae29527d017ca9a,Late Blight 
Z:\Projects\Smart-Farming\Datasets\final_combined_datasets\PLCE\LB\PLCE_LB_0722.jpg,Potato,LB,closed,bbccb1c691429ea3,Late Blight 
Z:\Projects\Smart-Farming\Datasets\final_combined_datasets\PLCE\LB\PLCE_LB_0723.jpg,Potato,LB,closed,ff8bb4b4d002cb49,Late Blight 
Z:\Projects\Smart-Farming\Datasets\final_combined_datasets\PLCE\LB\PLCE_LB_0724.jpg,Potato,LB,closed,bbccb1c4d194cb92,Late Blight 
Z:\Projects\Smart-Farming\Datasets\final_combined_datasets\PLCE\LB\PLCE_LB_0725.jpg,Potato,LB,closed,eeeca488d515933c,Late Blight 
Z:\Projects\Smart-Farming\Datasets\final_combined_datasets\PLCE\LB\PLCE_LB_0726.jpg,Potato,LB,closed,aab5e152834ad56b,Late Blight 
Z:\Projects\Smart-Farming\Datasets\final_combined_datasets\PLCE\LB\PLCE_LB_0727.jpg,Potato,LB,closed,af97f4d0d2ebc001,Late Blight 
Z:\Projects\Smart-Farming\Datasets\final_combined_datasets\PLCE\LB\PLCE_LB_0728.jpg,Potato,LB,closed,bbb9e1f581908693,Late Blight 
Z:\Projects\Smart-Farming\Datasets\final_combined_datasets\PLCE\LB\PLCE_LB_0729.jpg,Potato,LB,closed,ab96a1d685c2d6e2,Late Blight 
Z:\Projects\Smart-Farming\Datasets\final_combined_datasets\PLCE\LB\PLCE_LB_0730.jpg,Potato,LB,closed,aa1ee5f88621d2a7,Late Blight 
Z:\Projects\Smart-Farming\Datasets\final_combined_datasets\PLCE\LB\PLCE_LB_0731.jpg,Potato,LB,closed,aa35f4f694d0d2c2,Late Blight 
Z:\Projects\Smart-Farming\Datasets\final_combined_datasets\PLCE\LB\PLCE_LB_0732.jpg,Potato,LB,closed,ba96fdca946d9024,Late Blight 
Z:\Projects\Smart-Farming\Datasets\final_combined_datasets\PLCE\LB\PLCE_LB_0733.jpg,Potato,LB,closed,abc1a50bdd5bb029,Late Blight 
Z:\Projects\Smart-Farming\Datasets\final_combined_datasets\PLCE\LB\PLCE_LB_0734.jpg,Potato,LB,closed,ae94e452874a9f8b,Late Blight 
Z:\Projects\Smart-Farming\Datasets\final_combined_datasets\PLCE\LB\PLCE_LB_0735.jpg,Potato,LB,closed,af1ae5a896e4d0c6,Late Blight 
Z:\Projects\Smart-Farming\Datasets\final_combined_datasets\PLCE\LB\PLCE_LB_0736.jpg,Potato,LB,closed,bee0b08791879397,Late Blight 
Z:\Projects\Smart-Farming\Datasets\final_combined_datasets\PLCE\LB\PLCE_LB_0737.jpg,Potato,LB,closed,ea95b514c939c63a,Late Blight 
Z:\Projects\Smart-Farming\Datasets\final_combined_datasets\PLCE\LB\PLCE_LB_0738.jpg,Potato,LB,closed,aba6e1578702975a,Late Blight 
Z:\Projects\Smart-Farming\Datasets\final_combined_datasets\PLCE\LB\PLCE_LB_0739.jpg,Potato,LB,closed,ee9ca4b984c196c7,Late Blight 
Z:\Projects\Smart-Farming\Datasets\final_combined_datasets\PLCE\LB\PLCE_LB_0740.jpg,Potato,LB,closed,af78f08187df860c,Late Blight 
Z:\Projects\Smart-Farming\Datasets\final_combined_datasets\PLCE\LB\PLCE_LB_0741.jpg,Potato,LB,closed,abdaf0b182b29725,Late Blight 
Z:\Projects\Smart-Farming\Datasets\final_combined_datasets\PLCE\LB\PLCE_LB_0742.jpg,Potato,LB,closed,ab05f4fad01a833b,Late Blight 
Z:\Projects\Smart-Farming\Datasets\final_combined_datasets\PLCE\LB\PLCE_LB_0743.jpg,Potato,LB,closed,bec1b4c1960ed22f,Late Blight 
Z:\Projects\Smart-Farming\Datasets\final_combined_datasets\PLCE\LB\PLCE_LB_0744.jpg,Potato,LB,closed,ba47e00e817f9764,Late Blight 
Z:\Projects\Smart-Farming\Datasets\final_combined_datasets\PLCE\LB\PLCE_LB_0745.jpg,Potato,LB,closed,aff494c28f4bb460,Late Blight 
Z:\Projects\Smart-Farming\Datasets\final_combined_datasets\PLCE\LB\PLCE_LB_0746.jpg,Potato,LB,closed,ae99a4d8c6ca8e8b,Late Blight 
Z:\Projects\Smart-Farming\Datasets\final_combined_datasets\PLCE\LB\PLCE_LB_0747.jpg,Potato,LB,closed,eac0b5ead0a5d915,Late Blight 
Z:\Projects\Smart-Farming\Datasets\final_combined_datasets\PLCE\LB\PLCE_LB_0748.jpg,Potato,LB,closed,becdb0c19027ca37,Late Blight 
Z:\Projects\Smart-Farming\Datasets\final_combined_datasets\PLCE\LB\PLCE_LB_0749.jpg,Potato,LB,closed,ab5efc2a80cfc02d,Late Blight 
Z:\Projects\Smart-Farming\Datasets\final_combined_datasets\PLCE\LB\PLCE_LB_0750.jpg,Potato,LB,closed,ac42c52fc03dd67c,Late Blight 
Z:\Projects\Smart-Farming\Datasets\final_combined_datasets\PLCE\LB\PLCE_LB_0751.jpg,Potato,LB,closed,aa6fb128d3f48307,Late Blight 
Z:\Projects\Smart-Farming\Datasets\final_combined_datasets\PLCE\LB\PLCE_LB_0752.jpg,Potato,LB,closed,bbe6b081c597c398,Late Blight 
Z:\Projects\Smart-Farming\Datasets\final_combined_datasets\PLCE\LB\PLCE_LB_0753.jpg,Potato,LB,closed,ea96c5a285529f63,Late Blight 
Z:\Projects\Smart-Farming\Datasets\final_combined_datasets\PLCE\LB\PLCE_LB_0754.jpg,Potato,LB,closed,ea9ce1d487c89e0b,Late Blight 
Z:\Projects\Smart-Farming\Datasets\final_combined_datasets\PLCE\LB\PLCE_LB_0755.jpg,Potato,LB,closed,bf94e0cc076c1f31,Late Blight 
Z:\Projects\Smart-Farming\Datasets\final_combined_datasets\PLCE\LB\PLCE_LB_0756.jpg,Potato,LB,closed,eab5e17485e29e0a,Late Blight 
Z:\Projects\Smart-Farming\Datasets\final_combined_datasets\PLCE\LB\PLCE_LB_0757.jpg,Potato,LB,closed,ea34e1b085a597a7,Late Blight 
Z:\Projects\Smart-Farming\Datasets\final_combined_datasets\PLCE\LB\PLCE_LB_0758.jpg,Potato,LB,closed,eec3b1ccd180929f,Late Blight 
Z:\Projects\Smart-Farming\Datasets\final_combined_datasets\PLCE\LB\PLCE_LB_0759.jpg,Potato,LB,closed,ef4ae4a9c2e085a7,Late Blight 
Z:\Projects\Smart-Farming\Datasets\final_combined_datasets\PLCE\LB\PLCE_LB_0760.jpg,Potato,LB,closed,ea99a19995599e29,Late Blight 
Z:\Projects\Smart-Farming\Datasets\final_combined_datasets\PLCE\LB\PLCE_LB_0761.jpg,Potato,LB,closed,beceb09ed194c2e0,Late Blight 
Z:\Projects\Smart-Farming\Datasets\final_combined_datasets\PLCE\LB\PLCE_LB_0762.jpg,Potato,LB,closed,bfccb0a4c197c51a,Late Blight 
Z:\Projects\Smart-Farming\Datasets\final_combined_datasets\PLCE\LB\PLCE_LB_0763.jpg,Potato,LB,closed,eae0a107e50ed53e,Late Blight 
Z:\Projects\Smart-Farming\Datasets\final_combined_datasets\PLCE\LB\PLCE_LB_0764.jpg,Potato,LB,closed,ffc2b09fd0848276,Late Blight 
Z:\Projects\Smart-Farming\Datasets\final_combined_datasets\PLCE\LB\PLCE_LB_0765.jpg,Potato,LB,closed,ffe2b4a0d055c38a,Late Blight 
Z:\Projects\Smart-Farming\Datasets\final_combined_datasets\PLCE\LB\PLCE_LB_0766.jpg,Potato,LB,closed,eec2a58f871c9a38,Late Blight 
Z:\Projects\Smart-Farming\Datasets\final_combined_datasets\PLCE\LB\PLCE_LB_0767.jpg,Potato,LB,closed,aa7ae5ca87a59681,Late Blight 
Z:\Projects\Smart-Farming\Datasets\final_combined_datasets\PLCE\LB\PLCE_LB_0768.jpg,Potato,LB,closed,eaec812f87b5c194,Late Blight 
Z:\Projects\Smart-Farming\Datasets\final_combined_datasets\PLCE\LB\PLCE_LB_0769.jpg,Potato,LB,closed,aa15e1ea878097ed,Late Blight 
Z:\Projects\Smart-Farming\Datasets\final_combined_datasets\PLCE\LB\PLCE_LB_0770.jpg,Potato,LB,closed,bd40f0af8245d5d6,Late Blight 
Z:\Projects\Smart-Farming\Datasets\final_combined_datasets\PLCE\LB\PLCE_LB_0771.jpg,Potato,LB,closed,bbd0b1819097d91f,Late Blight 
Z:\Projects\Smart-Farming\Datasets\final_combined_datasets\PLCE\LB\PLCE_LB_0772.jpg,Potato,LB,closed,ee8da15897a8d625,Late Blight 
Z:\Projects\Smart-Farming\Datasets\final_combined_datasets\PLCE\LB\PLCE_LB_0773.jpg,Potato,LB,closed,ea95e5f483d094c3,Late Blight 
Z:\Projects\Smart-Farming\Datasets\final_combined_datasets\PLCE\LB\PLCE_LB_0774.jpg,Potato,LB,closed,eb89b0fc95a08795,Late Blight 
Z:\Projects\Smart-Farming\Datasets\final_combined_datasets\PLCE\LB\PLCE_LB_0775.jpg,Potato,LB,closed,bf48d0a7a88387b5,Late Blight 
Z:\Projects\Smart-Farming\Datasets\final_combined_datasets\PLCE\LB\PLCE_LB_0776.jpg,Potato,LB,closed,ab0ff03c9578c721,Late Blight 
Z:\Projects\Smart-Farming\Datasets\final_combined_datasets\PLCE\LB\PLCE_LB_0777.jpg,Potato,LB,closed,fa2fc5f0d64292c4,Late Blight 
Z:\Projects\Smart-Farming\Datasets\final_combined_datasets\PLCE\LB\PLCE_LB_0778.jpg,Potato,LB,closed,aa9b95a38289d55d,Late Blight 
Z:\Projects\Smart-Farming\Datasets\final_combined_datasets\PLCE\LB\PLCE_LB_0779.jpg,Potato,LB,closed,f848a5a987ddd684,Late Blight 
Z:\Projects\Smart-Farming\Datasets\final_combined_datasets\PLCE\LB\PLCE_LB_0780.jpg,Potato,LB,closed,aeb6e0f094c09acf,Late Blight 
Z:\Projects\Smart-Farming\Datasets\final_combined_datasets\PLCE\LB\PLCE_LB_0781.jpg,Potato,LB,closed,ab1be1fa870186b3,Late Blight 
Z:\Projects\Smart-Farming\Datasets\final_combined_datasets\PLCE\LB\PLCE_LB_0782.jpg,Potato,LB,closed,be68f1a4c913c49b,Late Blight 
Z:\Projects\Smart-Farming\Datasets\final_combined_datasets\PLCE\LB\PLCE_LB_0783.jpg,Potato,LB,closed,e937a1f087738e03,Late Blight 
Z:\Projects\Smart-Farming\Datasets\final_combined_datasets\PLCE\LB\PLCE_LB_0784.jpg,Potato,LB,closed,bf91a1dbc5688625,Late Blight 
Z:\Projects\Smart-Farming\Datasets\final_combined_datasets\PLCE\LB\PLCE_LB_0785.jpg,Potato,LB,closed,eae2e10787be8478,Late Blight 
Z:\Projects\Smart-Farming\Datasets\final_combined_datasets\PLCE\LB\PLCE_LB_0786.jpg,Potato,LB,closed,b51bd25dc9acc644,Late Blight 
Z:\Projects\Smart-Farming\Datasets\final_combined_datasets\PLCE\LB\PLCE_LB_0787.jpg,Potato,LB,closed,eea6e4d58552962a,Late Blight 
Z:\Projects\Smart-Farming\Datasets\final_combined_datasets\PLCE\LB\PLCE_LB_0788.jpg,Potato,LB,closed,aac4e50281fbd71e,Late Blight 
Z:\Projects\Smart-Farming\Datasets\final_combined_datasets\PLCE\LB\PLCE_LB_0789.jpg,Potato,LB,closed,ab95c150c8eacde5,Late Blight 
Z:\Projects\Smart-Farming\Datasets\final_combined_datasets\PLCE\LB\PLCE_LB_0790.jpg,Potato,LB,closed,beb6e042c36f851c,Late Blight 
Z:\Projects\Smart-Farming\Datasets\final_combined_datasets\PLCE\LB\PLCE_LB_0791.jpg,Potato,LB,closed,eae0e545852fd52c,Late Blight 
Z:\Projects\Smart-Farming\Datasets\final_combined_datasets\PLCE\LB\PLCE_LB_0792.jpg,Potato,LB,closed,bab1b051813b9779,Late Blight 
Z:\Projects\Smart-Farming\Datasets\final_combined_datasets\PLCE\LB\PLCE_LB_0793.jpg,Potato,LB,closed,be4fb0a893d4d350,Late Blight 
Z:\Projects\Smart-Farming\Datasets\final_combined_datasets\PLCE\LB\PLCE_LB_0794.jpg,Potato,LB,closed,ba46a1ae9755c60e,Late Blight 
Z:\Projects\Smart-Farming\Datasets\final_combined_datasets\PLCE\LB\PLCE_LB_0795.jpg,Potato,LB,closed,ba4fb0a0d3d4839e,Late Blight 
Z:\Projects\Smart-Farming\Datasets\final_combined_datasets\PLCE\LB\PLCE_LB_0796.jpg,Potato,LB,closed,be1aa4b9c2d18f0b,Late Blight 
Z:\Projects\Smart-Farming\Datasets\final_combined_datasets\PLCE\LB\PLCE_LB_0797.jpg,Potato,LB,closed,ba1ea13895a89ed5,Late Blight 
Z:\Projects\Smart-Farming\Datasets\final_combined_datasets\PLCE\LB\PLCE_LB_0798.jpg,Potato,LB,closed,ea52e52b96719c07,Late Blight 
Z:\Projects\Smart-Farming\Datasets\final_combined_datasets\PLCE\LB\PLCE_LB_0799.jpg,Potato,LB,closed,bf4eb4ad80b4c196,Late Blight 
Z:\Projects\Smart-Farming\Datasets\final_combined_datasets\PLCE\LB\PLCE_LB_0800.jpg,Potato,LB,closed,ae97e83e8568c6c1,Late Blight 
Z:\Projects\Smart-Farming\Datasets\final_combined_datasets\PLCE\LB\PLCE_LB_0801.jpg,Potato,LB,closed,af02e4abc0d5d731,Late Blight 
Z:\Projects\Smart-Farming\Datasets\final_combined_datasets\PLCE\LB\PLCE_LB_0802.jpg,Potato,LB,closed,bf9ce052c2bbc311,Late Blight 
Z:\Projects\Smart-Farming\Datasets\final_combined_datasets\PLCE\LB\PLCE_LB_0803.jpg,Potato,LB,closed,ba36a1d0d7338273,Late Blight 
Z:\Projects\Smart-Farming\Datasets\final_combined_datasets\PLCE\LB\PLCE_LB_0804.jpg,Potato,LB,closed,be15e1bad05083bb,Late Blight 
Z:\Projects\Smart-Farming\Datasets\final_combined_datasets\PLCE\LB\PLCE_LB_0805.jpg,Potato,LB,closed,b843a5a9970dd2ec,Late Blight 
Z:\Projects\Smart-Farming\Datasets\final_combined_datasets\PLCE\LB\PLCE_LB_0806.jpg,Potato,LB,closed,bf27b0ab8005d755,Late Blight 
Z:\Projects\Smart-Farming\Datasets\final_combined_datasets\PLCE\LB\PLCE_LB_0807.jpg,Potato,LB,closed,ba5ab0a982a5d3f4,Late Blight 
Z:\Projects\Smart-Farming\Datasets\final_combined_datasets\PLCE\LB\PLCE_LB_0808.jpg,Potato,LB,closed,aa17f5be85f086c0,Late Blight 
Z:\Projects\Smart-Farming\Datasets\final_combined_datasets\PLCE\LB\PLCE_LB_0809.jpg,Potato,LB,closed,ea2de1f0850394df,Late Blight 
Z:\Projects\Smart-Farming\Datasets\final_combined_datasets\PLCE\LB\PLCE_LB_0810.jpg,Potato,LB,closed,aad1955ede68a125,Late Blight 
Z:\Projects\Smart-Farming\Datasets\final_combined_datasets\PLCE\LB\PLCE_LB_0811.jpg,Potato,LB,closed,aa19e570c5c29ec7,Late Blight 
Z:\Projects\Smart-Farming\Datasets\final_combined_datasets\PLCE\LB\PLCE_LB_0812.jpg,Potato,LB,closed,bba4a146d70e86b9,Late Blight 
Z:\Projects\Smart-Farming\Datasets\final_combined_datasets\PLCE\LB\PLCE_LB_0813.jpg,Potato,LB,closed,aac5b55682aadf21,Late Blight 
Z:\Projects\Smart-Farming\Datasets\final_combined_datasets\PLCE\LB\PLCE_LB_0814.jpg,Potato,LB,closed,aaf6b5f8d8ccc880,Late Blight 
Z:\Projects\Smart-Farming\Datasets\final_combined_datasets\PLCE\LB\PLCE_LB_0815.jpg,Potato,LB,closed,bd20f057830f8b7c,Late Blight 
Z:\Projects\Smart-Farming\Datasets\final_combined_datasets\PLCE\LB\PLCE_LB_0816.jpg,Potato,LB,closed,eed2e03b85a29785,Late Blight 
Z:\Projects\Smart-Farming\Datasets\final_combined_datasets\PLCE\LB\PLCE_LB_0817.jpg,Potato,LB,closed,bf42b0a3c0b5cd95,Late Blight 
Z:\Projects\Smart-Farming\Datasets\final_combined_datasets\PLCE\LB\PLCE_LB_0818.jpg,Potato,LB,closed,bae2b117830adb59,Late Blight 
Z:\Projects\Smart-Farming\Datasets\final_combined_datasets\PLCE\LB\PLCE_LB_0819.jpg,Potato,LB,closed,ab5af4ec82a5c354,Late Blight 
Z:\Projects\Smart-Farming\Datasets\final_combined_datasets\PLCE\LB\PLCE_LB_0820.jpg,Potato,LB,closed,baff9440d8abca05,Late Blight 
Z:\Projects\Smart-Farming\Datasets\final_combined_datasets\PLCE\LB\PLCE_LB_0821.jpg,Potato,LB,closed,ba9fb1ecd584c2c0,Late Blight 
Z:\Projects\Smart-Farming\Datasets\final_combined_datasets\PLCE\LB\PLCE_LB_0822.jpg,Potato,LB,closed,fb0ea37897c19270,Late Blight 
Z:\Projects\Smart-Farming\Datasets\final_combined_datasets\PLCE\LB\PLCE_LB_0823.jpg,Potato,LB,closed,ea25e5208e55dcd6,Late Blight 
Z:\Projects\Smart-Farming\Datasets\final_combined_datasets\PLCE\LB\PLCE_LB_0824.jpg,Potato,LB,closed,bf62a0c9d5adc294,Late Blight 
Z:\Projects\Smart-Farming\Datasets\final_combined_datasets\PLCE\LB\PLCE_LB_0825.jpg,Potato,LB,closed,ef03e0efc5c48782,Late Blight 
Z:\Projects\Smart-Farming\Datasets\final_combined_datasets\PLCE\LB\PLCE_LB_0826.jpg,Potato,LB,closed,afc5a54ec06b813d,Late Blight 
Z:\Projects\Smart-Farming\Datasets\final_combined_datasets\PLCE\LB\PLCE_LB_0827.jpg,Potato,LB,closed,ae03e5bbc554c61a,Late Blight 
Z:\Projects\Smart-Farming\Datasets\final_combined_datasets\PLCE\LB\PLCE_LB_0828.jpg,Potato,LB,closed,bf4eb40cd06cc2f4,Late Blight 
Z:\Projects\Smart-Farming\Datasets\final_combined_datasets\PLCE\LB\PLCE_LB_0829.jpg,Potato,LB,closed,ffc0a0c7d40e8e9c,Late Blight 
Z:\Projects\Smart-Farming\Datasets\final_combined_datasets\PLCE\LB\PLCE_LB_0830.jpg,Potato,LB,closed,aa55e42aa0cdd58f,Late Blight 
Z:\Projects\Smart-Farming\Datasets\final_combined_datasets\PLCE\LB\PLCE_LB_0831.jpg,Potato,LB,closed,ea3ce1a385f79c02,Late Blight 
Z:\Projects\Smart-Farming\Datasets\final_combined_datasets\PLCE\LB\PLCE_LB_0832.jpg,Potato,LB,closed,fef0a190f503d643,Late Blight 
Z:\Projects\Smart-Farming\Datasets\final_combined_datasets\PLCE\LB\PLCE_LB_0833.jpg,Potato,LB,closed,ea3ec1318f53985a,Late Blight 
Z:\Projects\Smart-Farming\Datasets\final_combined_datasets\PLCE\LB\PLCE_LB_0834.jpg,Potato,LB,closed,ab33e53294d393a2,Late Blight 
Z:\Projects\Smart-Farming\Datasets\final_combined_datasets\PLCE\LB\PLCE_LB_0835.jpg,Potato,LB,closed,afe5b452862ad459,Late Blight 
Z:\Projects\Smart-Farming\Datasets\final_combined_datasets\PLCE\LB\PLCE_LB_0836.jpg,Potato,LB,closed,aff0a0c1970fda86,Late Blight 
Z:\Projects\Smart-Farming\Datasets\final_combined_datasets\PLCE\LB\PLCE_LB_0837.jpg,Potato,LB,closed,ba85b1fa9145d22e,Late Blight 
Z:\Projects\Smart-Farming\Datasets\final_combined_datasets\PLCE\LB\PLCE_LB_0838.jpg,Potato,LB,closed,eacce5ca85199d31,Late Blight 
Z:\Projects\Smart-Farming\Datasets\final_combined_datasets\PLCE\LB\PLCE_LB_0839.jpg,Potato,LB,closed,ea4aa52fd67c8621,Late Blight 
Z:\Projects\Smart-Farming\Datasets\final_combined_datasets\PLCE\LB\PLCE_LB_0840.jpg,Potato,LB,closed,aaeeb500d405d69f,Late Blight 
Z:\Projects\Smart-Farming\Datasets\final_combined_datasets\PLCE\LB\PLCE_LB_0841.jpg,Potato,LB,closed,aee4e487845e8f38,Late Blight 
Z:\Projects\Smart-Farming\Datasets\final_combined_datasets\PLCE\LB\PLCE_LB_0842.jpg,Potato,LB,closed,eac4a00f972e947d,Late Blight 
Z:\Projects\Smart-Farming\Datasets\final_combined_datasets\PLCE\LB\PLCE_LB_0843.jpg,Potato,LB,closed,aae5b4d0d6e2d2c1,Late Blight 
Z:\Projects\Smart-Farming\Datasets\final_combined_datasets\PLCE\LB\PLCE_LB_0844.jpg,Potato,LB,closed,bac3e10a852f873d,Late Blight 
Z:\Projects\Smart-Farming\Datasets\final_combined_datasets\PLCE\LB\PLCE_LB_0845.jpg,Potato,LB,closed,ba99b141d2ebc22d,Late Blight 
Z:\Projects\Smart-Farming\Datasets\final_combined_datasets\PLCE\LB\PLCE_LB_0846.jpg,Potato,LB,closed,ffd5e444855ea058,Late Blight 
Z:\Projects\Smart-Farming\Datasets\final_combined_datasets\PLCE\LB\PLCE_LB_0847.jpg,Potato,LB,closed,baece4b4c4a0ce96,Late Blight 
Z:\Projects\Smart-Farming\Datasets\final_combined_datasets\PLCE\LB\PLCE_LB_0848.jpg,Potato,LB,closed,eee2e487841e961e,Late Blight 
Z:\Projects\Smart-Farming\Datasets\final_combined_datasets\PLCE\LB\PLCE_LB_0849.jpg,Potato,LB,closed,af39e45290c393e9,Late Blight 
Z:\Projects\Smart-Farming\Datasets\final_combined_datasets\PLCE\LB\PLCE_LB_0850.jpg,Potato,LB,closed,bbc2e00ec61dd63c,Late Blight 
Z:\Projects\Smart-Farming\Datasets\final_combined_datasets\PLCE\LB\PLCE_LB_0851.jpg,Potato,LB,closed,ea3f85f094d2d0e2,Late Blight 
Z:\Projects\Smart-Farming\Datasets\final_combined_datasets\PLCE\LB\PLCE_LB_0852.jpg,Potato,LB,closed,afdab4adc09485e8,Late Blight 
Z:\Projects\Smart-Farming\Datasets\final_combined_datasets\PLCE\LB\PLCE_LB_0853.jpg,Potato,LB,closed,aea1f412c23be535,Late Blight 
Z:\Projects\Smart-Farming\Datasets\final_combined_datasets\PLCE\LB\PLCE_LB_0854.jpg,Potato,LB,closed,fee4a4079584dc1e,Late Blight 
Z:\Projects\Smart-Farming\Datasets\final_combined_datasets\PLCE\LB\PLCE_LB_0855.jpg,Potato,LB,closed,bbb3c1c3c38e1f08,Late Blight 
Z:\Projects\Smart-Farming\Datasets\final_combined_datasets\PLCE\LB\PLCE_LB_0856.jpg,Potato,LB,closed,eae1e5c6869e944a,Late Blight 
Z:\Projects\Smart-Farming\Datasets\final_combined_datasets\PLCE\LB\PLCE_LB_0857.jpg,Potato,LB,closed,b898a017d66e4e6b,Late Blight 
Z:\Projects\Smart-Farming\Datasets\final_combined_datasets\PLCE\LB\PLCE_LB_0858.jpg,Potato,LB,closed,fa45a0ab854c97ec,Late Blight 
Z:\Projects\Smart-Farming\Datasets\final_combined_datasets\PLCE\LB\PLCE_LB_0859.jpg,Potato,LB,closed,aa4eb5aed0f4c192,Late Blight 
Z:\Projects\Smart-Farming\Datasets\final_combined_datasets\PLCE\LB\PLCE_LB_0860.jpg,Potato,LB,closed,bf4b90ad83b4c3d0,Late Blight 
Z:\Projects\Smart-Farming\Datasets\final_combined_datasets\PLCE\LB\PLCE_LB_0861.jpg,Potato,LB,closed,ee49a02dc79dc694,Late Blight 
Z:\Projects\Smart-Farming\Datasets\final_combined_datasets\PLCE\LB\PLCE_LB_0862.jpg,Potato,LB,closed,bec3a08195dfd21c,Late Blight 
Z:\Projects\Smart-Farming\Datasets\final_combined_datasets\PLCE\LB\PLCE_LB_0863.jpg,Potato,LB,closed,be60a1879616da3e,Late Blight 
Z:\Projects\Smart-Farming\Datasets\final_combined_datasets\PLCE\LB\PLCE_LB_0864.jpg,Potato,LB,closed,abe0a506d71e9a3c,Late Blight 
Z:\Projects\Smart-Farming\Datasets\final_combined_datasets\PLCE\LB\PLCE_LB_0865.jpg,Potato,LB,closed,eae9958f9d08b825,Late Blight 
Z:\Projects\Smart-Farming\Datasets\final_combined_datasets\PLCE\LB\PLCE_LB_0866.jpg,Potato,LB,closed,bbcef1a881d49784,Late Blight 
Z:\Projects\Smart-Farming\Datasets\final_combined_datasets\PLCE\LB\PLCE_LB_0867.jpg,Potato,LB,closed,ae99b4b9d2c1ca83,Late Blight 
Z:\Projects\Smart-Farming\Datasets\final_combined_datasets\PLCE\LB\PLCE_LB_0868.jpg,Potato,LB,closed,bb0bb1a9d0d5d0b4,Late Blight 
Z:\Projects\Smart-Farming\Datasets\final_combined_datasets\PLCE\LB\PLCE_LB_0869.jpg,Potato,LB,closed,bf9bb458d2a0c361,Late Blight 
Z:\Projects\Smart-Farming\Datasets\final_combined_datasets\PLCE\LB\PLCE_LB_0870.jpg,Potato,LB,closed,eaede505845e985c,Late Blight 
Z:\Projects\Smart-Farming\Datasets\final_combined_datasets\PLCE\LB\PLCE_LB_0871.jpg,Potato,LB,closed,afe2b420c8b5c597,Late Blight 
Z:\Projects\Smart-Farming\Datasets\final_combined_datasets\PLCE\LB\PLCE_LB_0872.jpg,Potato,LB,closed,bf1f905a9a68cca4,Late Blight 
Z:\Projects\Smart-Farming\Datasets\final_combined_datasets\PLCE\LB\PLCE_LB_0873.jpg,Potato,LB,closed,aea4a5d2c0cacf4d,Late Blight 
Z:\Projects\Smart-Farming\Datasets\final_combined_datasets\PLCE\LB\PLCE_LB_0874.jpg,Potato,LB,closed,eacae1c2858f8aae,Late Blight 
Z:\Projects\Smart-Farming\Datasets\final_combined_datasets\PLCE\LB\PLCE_LB_0875.jpg,Potato,LB,closed,bf8db450d22ad03d,Late Blight 
Z:\Projects\Smart-Farming\Datasets\final_combined_datasets\PLCE\LB\PLCE_LB_0876.jpg,Potato,LB,closed,aa5db5a882b583f4,Late Blight 
Z:\Projects\Smart-Farming\Datasets\final_combined_datasets\PLCE\LB\PLCE_LB_0877.jpg,Potato,LB,closed,aef4a446c44bcb39,Late Blight 
Z:\Projects\Smart-Farming\Datasets\final_combined_datasets\PLCE\LB\PLCE_LB_0878.jpg,Potato,LB,closed,ab6af0add0f08da1,Late Blight 
Z:\Projects\Smart-Farming\Datasets\final_combined_datasets\PLCE\LB\PLCE_LB_0879.jpg,Potato,LB,closed,ae9da4f8c4414ea7,Late Blight 
Z:\Projects\Smart-Farming\Datasets\final_combined_datasets\PLCE\LB\PLCE_LB_0880.jpg,Potato,LB,closed,aae4e4a4d586c65e,Late Blight 
Z:\Projects\Smart-Farming\Datasets\final_combined_datasets\PLCE\LB\PLCE_LB_0881.jpg,Potato,LB,closed,becef0ae90858396,Late Blight 
Z:\Projects\Smart-Farming\Datasets\final_combined_datasets\PLCE\LB\PLCE_LB_0882.jpg,Potato,LB,closed,ea8ba1f8d7e09283,Late Blight 
Z:\Projects\Smart-Farming\Datasets\final_combined_datasets\PLCE\LB\PLCE_LB_0883.jpg,Potato,LB,closed,aae4e48d859d9e98,Late Blight 
Z:\Projects\Smart-Farming\Datasets\final_combined_datasets\PLCE\LB\PLCE_LB_0884.jpg,Potato,LB,closed,af4ee1ec876087a4,Late Blight 
Z:\Projects\Smart-Farming\Datasets\final_combined_datasets\PLCE\LB\PLCE_LB_0885.jpg,Potato,LB,closed,fac2b10f96b58b14,Late Blight 
Z:\Projects\Smart-Farming\Datasets\final_combined_datasets\PLCE\LB\PLCE_LB_0886.jpg,Potato,LB,closed,be4af0a581b685b5,Late Blight 
Z:\Projects\Smart-Farming\Datasets\final_combined_datasets\PLCE\LB\PLCE_LB_0887.jpg,Potato,LB,closed,eacaaa0f9d1c90ab,Late Blight 
Z:\Projects\Smart-Farming\Datasets\final_combined_datasets\PLCE\LB\PLCE_LB_0888.jpg,Potato,LB,closed,ee1fa5f0d4c38283,Late Blight 
Z:\Projects\Smart-Farming\Datasets\final_combined_datasets\PLCE\LB\PLCE_LB_0889.jpg,Potato,LB,closed,af68d0a5c19e8f98,Late Blight 
Z:\Projects\Smart-Farming\Datasets\final_combined_datasets\PLCE\LB\PLCE_LB_0890.jpg,Potato,LB,closed,afe0b5a0c256c75a,Late Blight 
Z:\Projects\Smart-Farming\Datasets\final_combined_datasets\PLCE\LB\PLCE_LB_0891.jpg,Potato,LB,closed,afe4e5c6d40a8a0f,Late Blight 
Z:\Projects\Smart-Farming\Datasets\final_combined_datasets\PLCE\LB\PLCE_LB_0892.jpg,Potato,LB,closed,eae8e1898d1f9598,Late Blight 
Z:\Projects\Smart-Farming\Datasets\final_combined_datasets\PLCE\LB\PLCE_LB_0893.jpg,Potato,LB,closed,eac0854f9d4dd42d,Late Blight 
Z:\Projects\Smart-Farming\Datasets\final_combined_datasets\PLCE\LB\PLCE_LB_0894.jpg,Potato,LB,closed,af6d85e4d494ca86,Late Blight 
Z:\Projects\Smart-Farming\Datasets\final_combined_datasets\PLCE\LB\PLCE_LB_0895.jpg,Potato,LB,closed,fa23e047850e977c,Late Blight 
Z:\Projects\Smart-Farming\Datasets\final_combined_datasets\PLCE\LB\PLCE_LB_0896.jpg,Potato,LB,closed,bec2b4aa90a5c397,Late Blight 
Z:\Projects\Smart-Farming\Datasets\final_combined_datasets\PLCE\LB\PLCE_LB_0897.jpg,Potato,LB,closed,bfb5f0da8048c54d,Late Blight 
Z:\Projects\Smart-Farming\Datasets\final_combined_datasets\PLCE\LB\PLCE_LB_0898.jpg,Potato,LB,closed,ffdaf0a88294d710,Late Blight 
Z:\Projects\Smart-Farming\Datasets\final_combined_datasets\PLCE\LB\PLCE_LB_0899.jpg,Potato,LB,closed,af9da5f0d4c08a87,Late Blight 
Z:\Projects\Smart-Farming\Datasets\final_combined_datasets\PLCE\LB\PLCE_LB_0900.jpg,Potato,LB,closed,ae5af4a9c2958599,Late Blight 
Z:\Projects\Smart-Farming\Datasets\final_combined_datasets\PLCE\LB\PLCE_LB_0901.jpg,Potato,LB,closed,aaca948d9a14f937,Late Blight 
Z:\Projects\Smart-Farming\Datasets\final_combined_datasets\PLCE\LB\PLCE_LB_0902.jpg,Potato,LB,closed,bf4291a9dab58592,Late Blight 
Z:\Projects\Smart-Farming\Datasets\final_combined_datasets\PLCE\LB\PLCE_LB_0903.jpg,Potato,LB,closed,ee1fa87a85e094e1,Late Blight 
Z:\Projects\Smart-Farming\Datasets\final_combined_datasets\PLCE\LB\PLCE_LB_0904.jpg,Potato,LB,closed,ba4ea1ae90b4d3b4,Late Blight 
Z:\Projects\Smart-Farming\Datasets\final_combined_datasets\PLCE\LB\PLCE_LB_0905.jpg,Potato,LB,closed,bec0b047d08fca3e,Late Blight 
Z:\Projects\Smart-Farming\Datasets\final_combined_datasets\PLCE\LB\PLCE_LB_0906.jpg,Potato,LB,closed,fa2da5d48252875b,Late Blight 
Z:\Projects\Smart-Farming\Datasets\final_combined_datasets\PLCE\LB\PLCE_LB_0907.jpg,Potato,LB,closed,af12a0a8d4f59ee2,Late Blight 
Z:\Projects\Smart-Farming\Datasets\final_combined_datasets\PLCE\LB\PLCE_LB_0908.jpg,Potato,LB,closed,eae1e105857e8d5c,Late Blight 
Z:\Projects\Smart-Farming\Datasets\final_combined_datasets\PLCE\LB\PLCE_LB_0909.jpg,Potato,LB,closed,ae9fd45eca688461,Late Blight 
Z:\Projects\Smart-Farming\Datasets\final_combined_datasets\PLCE\LB\PLCE_LB_0910.jpg,Potato,LB,closed,af89e0da85a19e53,Late Blight 
Z:\Projects\Smart-Farming\Datasets\final_combined_datasets\PLCE\LB\PLCE_LB_0911.jpg,Potato,LB,closed,bf97805acbe58446,Late Blight 
Z:\Projects\Smart-Farming\Datasets\final_combined_datasets\PLCE\LB\PLCE_LB_0912.jpg,Potato,LB,closed,ee5ae0f985a19887,Late Blight 
Z:\Projects\Smart-Farming\Datasets\final_combined_datasets\PLCE\LB\PLCE_LB_0913.jpg,Potato,LB,closed,bfe0a12383b5cd94,Late Blight 
Z:\Projects\Smart-Farming\Datasets\final_combined_datasets\PLCE\LB\PLCE_LB_0914.jpg,Potato,LB,closed,bee5d04b893d5838,Late Blight 
Z:\Projects\Smart-Farming\Datasets\final_combined_datasets\PLCE\LB\PLCE_LB_0915.jpg,Potato,LB,closed,bfe9b4d4d282c143,Late Blight 
Z:\Projects\Smart-Farming\Datasets\final_combined_datasets\PLCE\LB\PLCE_LB_0916.jpg,Potato,LB,closed,aee1a5a1c585ca9e,Late Blight 
Z:\Projects\Smart-Farming\Datasets\final_combined_datasets\PLCE\LB\PLCE_LB_0917.jpg,Potato,LB,closed,aacea1e897c19a87,Late Blight 
Z:\Projects\Smart-Farming\Datasets\final_combined_datasets\PLCE\LB\PLCE_LB_0918.jpg,Potato,LB,closed,bec2b4ab8297d216,Late Blight 
Z:\Projects\Smart-Farming\Datasets\final_combined_datasets\PLCE\LB\PLCE_LB_0919.jpg,Potato,LB,closed,aaafd5d58240cacb,Late Blight 
Z:\Projects\Smart-Farming\Datasets\final_combined_datasets\PLCE\LB\PLCE_LB_0920.jpg,Potato,LB,closed,bac8e0c8c1bf8b9c,Late Blight 
Z:\Projects\Smart-Farming\Datasets\final_combined_datasets\PLCE\LB\PLCE_LB_0921.jpg,Potato,LB,closed,afe2b4add20088ef,Late Blight 
Z:\Projects\Smart-Farming\Datasets\final_combined_datasets\PLCE\LB\PLCE_LB_0922.jpg,Potato,LB,closed,abd8c188c79d9a9c,Late Blight 
Z:\Projects\Smart-Farming\Datasets\final_combined_datasets\PLCE\LB\PLCE_LB_0923.jpg,Potato,LB,closed,bab1b1d1c9408de7,Late Blight 
Z:\Projects\Smart-Farming\Datasets\final_combined_datasets\PLCE\LB\PLCE_LB_0924.jpg,Potato,LB,closed,eaca810b9e1dd1b3,Late Blight 
Z:\Projects\Smart-Farming\Datasets\final_combined_datasets\PLCE\LB\PLCE_LB_0925.jpg,Potato,LB,closed,bfc6b02bd0a5c196,Late Blight 
Z:\Projects\Smart-Farming\Datasets\final_combined_datasets\PLCE\LB\PLCE_LB_0926.jpg,Potato,LB,closed,aaead0879db0b0b3,Late Blight 
Z:\Projects\Smart-Farming\Datasets\final_combined_datasets\PLCE\LB\PLCE_LB_0927.jpg,Potato,LB,closed,aacae00a8aaf9bbc,Late Blight 
Z:\Projects\Smart-Farming\Datasets\final_combined_datasets\PLCE\LB\PLCE_LB_0928.jpg,Potato,LB,closed,aacae18a828f9fac,Late Blight 
Z:\Projects\Smart-Farming\Datasets\final_combined_datasets\PLCE\LB\PLCE_LB_0929.jpg,Potato,LB,closed,eac3850a9c3dd137,Late Blight 
Z:\Projects\Smart-Farming\Datasets\final_combined_datasets\PLCE\LB\PLCE_LB_0930.jpg,Potato,LB,closed,faaaf574944292c3,Late Blight 
Z:\Projects\Smart-Farming\Datasets\final_combined_datasets\PLCE\LB\PLCE_LB_0931.jpg,Potato,LB,closed,aec7e4c6c418963e,Late Blight 
Z:\Projects\Smart-Farming\Datasets\final_combined_datasets\PLCE\LB\PLCE_LB_0932.jpg,Potato,LB,closed,ea359ed49acac249,Late Blight 
Z:\Projects\Smart-Farming\Datasets\final_combined_datasets\PLCE\LB\PLCE_LB_0933.jpg,Potato,LB,closed,ea608737cab6a48b,Late Blight 
Z:\Projects\Smart-Farming\Datasets\final_combined_datasets\PLCE\LB\PLCE_LB_0934.jpg,Potato,LB,closed,aaeaad21d52dca1c,Late Blight 
Z:\Projects\Smart-Farming\Datasets\final_combined_datasets\PLCE\LB\PLCE_LB_0935.jpg,Potato,LB,closed,ae5aa0e8c7e5c784,Late Blight 
Z:\Projects\Smart-Farming\Datasets\final_combined_datasets\PLCE\LB\PLCE_LB_0936.jpg,Potato,LB,closed,af62d0858d9fb498,Late Blight 
Z:\Projects\Smart-Farming\Datasets\final_combined_datasets\PLCE\LB\PLCE_LB_0937.jpg,Potato,LB,closed,fa63c0ab829caf98,Late Blight 
Z:\Projects\Smart-Farming\Datasets\final_combined_datasets\PLCE\LB\PLCE_LB_0938.jpg,Potato,LB,closed,bec0b5aa80a797a5,Late Blight 
Z:\Projects\Smart-Farming\Datasets\final_combined_datasets\PLCE\LB\PLCE_LB_0939.jpg,Potato,LB,closed,eb18e1e997819617,Late Blight 
Z:\Projects\Smart-Farming\Datasets\final_combined_datasets\PLCE\LB\PLCE_LB_0940.jpg,Potato,LB,closed,a6b4c448c3af96ce,Late Blight 
Z:\Projects\Smart-Farming\Datasets\final_combined_datasets\PLCE\LB\PLCE_LB_0941.jpg,Potato,LB,closed,ff63b0648166d626,Late Blight 
Z:\Projects\Smart-Farming\Datasets\final_combined_datasets\PLCE\LB\PLCE_LB_0942.jpg,Potato,LB,closed,aacaa1e8d50fd30d,Late Blight 
Z:\Projects\Smart-Farming\Datasets\final_combined_datasets\PLCE\LB\PLCE_LB_0943.jpg,Potato,LB,closed,ff4bf58d80acc184,Late Blight 
Z:\Projects\Smart-Farming\Datasets\final_combined_datasets\PLCE\LB\PLCE_LB_0944.jpg,Potato,LB,closed,eaeac10f959e98b0,Late Blight 
Z:\Projects\Smart-Farming\Datasets\final_combined_datasets\PLCE\LB\PLCE_LB_0945.jpg,Potato,LB,closed,efe0a447d70e823c,Late Blight 
Z:\Projects\Smart-Farming\Datasets\final_combined_datasets\PLCE\LB\PLCE_LB_0946.jpg,Potato,LB,closed,fe87a0ea95a5d0a4,Late Blight 
Z:\Projects\Smart-Farming\Datasets\final_combined_datasets\PLCE\LB\PLCE_LB_0947.jpg,Potato,LB,closed,aa1ea5f89541d0fa,Late Blight 
Z:\Projects\Smart-Farming\Datasets\final_combined_datasets\PLCE\LB\PLCE_LB_0948.jpg,Potato,LB,closed,fa37c0aa95e491c6,Late Blight 
Z:\Projects\Smart-Farming\Datasets\final_combined_datasets\PLCE\LB\PLCE_LB_0949.jpg,Potato,LB,closed,ee97a4fac5c092c1,Late Blight 
Z:\Projects\Smart-Farming\Datasets\final_combined_datasets\PLCE\LB\PLCE_LB_0950.jpg,Potato,LB,closed,ba65e046878ed74c,Late Blight 
Z:\Projects\Smart-Farming\Datasets\final_combined_datasets\PLCE\LB\PLCE_LB_0951.jpg,Potato,LB,closed,ae9ae4f285e096c3,Late Blight 
Z:\Projects\Smart-Farming\Datasets\final_combined_datasets\PLCE\LB\PLCE_LB_0952.jpg,Potato,LB,closed,eb93e152c56a1d64,Late Blight 
Z:\Projects\Smart-Farming\Datasets\final_combined_datasets\PLCE\LB\PLCE_LB_0953.jpg,Potato,LB,closed,fec6a48486dec21e,Late Blight 
Z:\Projects\Smart-Farming\Datasets\final_combined_datasets\PLCE\LB\PLCE_LB_0954.jpg,Potato,LB,closed,aa6af10197fd8274,Late Blight 
Z:\Projects\Smart-Farming\Datasets\final_combined_datasets\PLCE\LB\PLCE_LB_0955.jpg,Potato,LB,closed,ab99f0d0d2a81b3d,Late Blight 
Z:\Projects\Smart-Farming\Datasets\final_combined_datasets\PLCE\LB\PLCE_LB_0956.jpg,Potato,LB,closed,aacce10aa51f87bc,Late Blight 
Z:\Projects\Smart-Farming\Datasets\final_combined_datasets\PLCE\LB\PLCE_LB_0957.jpg,Potato,LB,closed,fe48a02fc5a583f4,Late Blight 
Z:\Projects\Smart-Farming\Datasets\final_combined_datasets\PLCE\LB\PLCE_LB_0958.jpg,Potato,LB,closed,ef1de5e8c4c08e83,Late Blight 
Z:\Projects\Smart-Farming\Datasets\final_combined_datasets\PLCE\LB\PLCE_LB_0959.jpg,Potato,LB,closed,fa8aa1558792ced2,Late Blight 
Z:\Projects\Smart-Farming\Datasets\final_combined_datasets\PLCE\LB\PLCE_LB_0960.jpg,Potato,LB,closed,abc3b0aed1b5d0d0,Late Blight 
Z:\Projects\Smart-Farming\Datasets\final_combined_datasets\PLCE\LB\PLCE_LB_0961.jpg,Potato,LB,closed,ebdee0aa80e18d87,Late Blight 
Z:\Projects\Smart-Farming\Datasets\final_combined_datasets\PLCE\LB\PLCE_LB_0962.jpg,Potato,LB,closed,bfc0b5f39101da0b,Late Blight 
Z:\Projects\Smart-Farming\Datasets\final_combined_datasets\PLCE\LB\PLCE_LB_0963.jpg,Potato,LB,closed,bad8f0a983958fd0,Late Blight 
Z:\Projects\Smart-Farming\Datasets\final_combined_datasets\PLCE\LB\PLCE_LB_0964.jpg,Potato,LB,closed,aba5d1d0cac3cdc1,Late Blight 
Z:\Projects\Smart-Farming\Datasets\final_combined_datasets\PLCE\LB\PLCE_LB_0965.jpg,Potato,LB,closed,afa0f0d7800ad65f,Late Blight 
Z:\Projects\Smart-Farming\Datasets\final_combined_datasets\PLCE\LB\PLCE_LB_0966.jpg,Potato,LB,closed,af68d0c5cb07cd0e,Late Blight 
Z:\Projects\Smart-Farming\Datasets\final_combined_datasets\PLCE\LB\PLCE_LB_0967.jpg,Potato,LB,closed,ea58a5eb8701d46d,Late Blight 
Z:\Projects\Smart-Farming\Datasets\final_combined_datasets\PLCE\LB\PLCE_LB_0968.jpg,Potato,LB,closed,eabde0f081c09dc7,Late Blight 
Z:\Projects\Smart-Farming\Datasets\final_combined_datasets\PLCE\LB\PLCE_LB_0969.jpg,Potato,LB,closed,eaeae105951e9a3c,Late Blight 
Z:\Projects\Smart-Farming\Datasets\final_combined_datasets\PLCE\LB\PLCE_LB_0970.jpg,Potato,LB,closed,af89e1d9d5b09261,Late Blight 
Z:\Projects\Smart-Farming\Datasets\final_combined_datasets\PLCE\LB\PLCE_LB_0971.jpg,Potato,LB,closed,abc8f0a9822fc774,Late Blight 
Z:\Projects\Smart-Farming\Datasets\final_combined_datasets\PLCE\LB\PLCE_LB_0972.jpg,Potato,LB,closed,ead8c00a85bd9fb4,Late Blight 
Z:\Projects\Smart-Farming\Datasets\final_combined_datasets\PLCE\LB\PLCE_LB_0973.jpg,Potato,LB,closed,afe0a501d54fd60e,Late Blight 
Z:\Projects\Smart-Farming\Datasets\final_combined_datasets\PLCE\LB\PLCE_LB_0974.jpg,Potato,LB,closed,ae9ae4d184a39a57,Late Blight 
Z:\Projects\Smart-Farming\Datasets\final_combined_datasets\PLCE\LB\PLCE_LB_0975.jpg,Potato,LB,closed,bbe28183d5179a1e,Late Blight 
Z:\Projects\Smart-Farming\Datasets\final_combined_datasets\PLCE\LB\PLCE_LB_0976.jpg,Potato,LB,closed,af1ff0f8c68083d1,Late Blight 
Z:\Projects\Smart-Farming\Datasets\final_combined_datasets\PLCE\LB\PLCE_LB_0977.jpg,Potato,LB,closed,ead1e0938717d760,Late Blight 
Z:\Projects\Smart-Farming\Datasets\final_combined_datasets\PLCE\LB\PLCE_LB_0978.jpg,Potato,LB,closed,eaa5e45486889f4f,Late Blight 
Z:\Projects\Smart-Farming\Datasets\final_combined_datasets\PLCE\LB\PLCE_LB_0979.jpg,Potato,LB,closed,eac2953bb067c62c,Late Blight 
Z:\Projects\Smart-Farming\Datasets\final_combined_datasets\PLCE\LB\PLCE_LB_0980.jpg,Potato,LB,closed,af1ff078c258d2b0,Late Blight 
Z:\Projects\Smart-Farming\Datasets\final_combined_datasets\PLCE\LB\PLCE_LB_0981.jpg,Potato,LB,closed,aacad4ab82a59f94,Late Blight 
Z:\Projects\Smart-Farming\Datasets\final_combined_datasets\PLCE\LB\PLCE_LB_0982.jpg,Potato,LB,closed,afc1b443d40a9a7d,Late Blight 
Z:\Projects\Smart-Farming\Datasets\final_combined_datasets\PLCE\LB\PLCE_LB_0983.jpg,Potato,LB,closed,ebc881a99bbd9912,Late Blight 
Z:\Projects\Smart-Farming\Datasets\final_combined_datasets\PLCE\LB\PLCE_LB_0984.jpg,Potato,LB,closed,ea40d5298e2f8eb5,Late Blight 
Z:\Projects\Smart-Farming\Datasets\final_combined_datasets\PLCE\LB\PLCE_LB_0985.jpg,Potato,LB,closed,bfe2b4a1c075c136,Late Blight 
Z:\Projects\Smart-Farming\Datasets\final_combined_datasets\PLCE\LB\PLCE_LB_0986.jpg,Potato,LB,closed,bec6b4a087345a3e,Late Blight 
Z:\Projects\Smart-Farming\Datasets\final_combined_datasets\PLCE\LB\PLCE_LB_0987.jpg,Potato,LB,closed,bfa1e0d5c04a83cf,Late Blight 
Z:\Projects\Smart-Farming\Datasets\final_combined_datasets\PLCE\LB\PLCE_LB_0988.jpg,Potato,LB,closed,aac2d48bd0959b3e,Late Blight 
Z:\Projects\Smart-Farming\Datasets\final_combined_datasets\PLCE\LB\PLCE_LB_0989.jpg,Potato,LB,closed,aeb4e45ac06b8765,Late Blight 
Z:\Projects\Smart-Farming\Datasets\final_combined_datasets\PLCE\LB\PLCE_LB_0990.jpg,Potato,LB,closed,bf95d09ac158c9c9,Late Blight 
Z:\Projects\Smart-Farming\Datasets\final_combined_datasets\PLCE\LB\PLCE_LB_0991.jpg,Potato,LB,closed,aac8d12b983dd9b2,Late Blight 
Z:\Projects\Smart-Farming\Datasets\final_combined_datasets\PLCE\LB\PLCE_LB_0992.jpg,Potato,LB,closed,fa66a0e287819e97,Late Blight 
Z:\Projects\Smart-Farming\Datasets\final_combined_datasets\PLCE\LB\PLCE_LB_0993.jpg,Potato,LB,closed,bfc2b4a99085d25e,Late Blight 
Z:\Projects\Smart-Farming\Datasets\final_combined_datasets\PLCE\LB\PLCE_LB_0994.jpg,Potato,LB,closed,eae0e50a852f9db4,Late Blight 
Z:\Projects\Smart-Farming\Datasets\final_combined_datasets\PLCE\LB\PLCE_LB_0995.jpg,Potato,LB,closed,bfcfb484d085c296,Late Blight 
Z:\Projects\Smart-Farming\Datasets\final_combined_datasets\PLCE\LB\PLCE_LB_0996.jpg,Potato,LB,closed,ae1d8550d6ebd461,Late Blight 
Z:\Projects\Smart-Farming\Datasets\final_combined_datasets\PLCE\LB\PLCE_LB_0997.jpg,Potato,LB,closed,ebe9c157963a9230,Late Blight 
Z:\Projects\Smart-Farming\Datasets\final_combined_datasets\PLCE\LB\PLCE_LB_0998.jpg,Potato,LB,closed,efc8850bda35b036,Late Blight 
Z:\Projects\Smart-Farming\Datasets\final_combined_datasets\PLCE\LB\PLCE_LB_0999.jpg,Potato,LB,closed,ea3d8df190f292c2,Late Blight 
Z:\Projects\Smart-Farming\Datasets\final_combined_datasets\PLCE\LB\PLCE_LB_1000.jpg,Potato,LB,closed,ab9de5ecc4d0ca81,Late Blight 
Z:\Projects\Smart-Farming\Datasets\final_combined_datasets\PLCE\LB\PLCE_LB_1001.jpg,Potato,LB,closed,ede4e406cc1ecd38,Late Blight 
Z:\Projects\Smart-Farming\Datasets\final_combined_datasets\PLCE\LB\PLCE_LB_1002.jpg,Potato,LB,closed,bfb8b0d5d01a827a,Late Blight 
Z:\Projects\Smart-Farming\Datasets\final_combined_datasets\PLCE\LB\PLCE_LB_1003.jpg,Potato,LB,closed,aa4ee4ecc4ad9711,Late Blight 
Z:\Projects\Smart-Farming\Datasets\final_combined_datasets\PLCE\LB\PLCE_LB_1004.jpg,Potato,LB,closed,aa06e1fe85c0976e,Late Blight 
Z:\Projects\Smart-Farming\Datasets\final_combined_datasets\PLCE\LB\PLCE_LB_1005.jpg,Potato,LB,closed,ae8db5f8d6d0c2a0,Late Blight 
Z:\Projects\Smart-Farming\Datasets\final_combined_datasets\PLCE\LB\PLCE_LB_1006.jpg,Potato,LB,closed,af68d025cd97c41d,Late Blight 
Z:\Projects\Smart-Farming\Datasets\final_combined_datasets\PLCE\LB\PLCE_LB_1007.jpg,Potato,LB,closed,badbf4eaa0a191a1,Late Blight 
Z:\Projects\Smart-Farming\Datasets\final_combined_datasets\PLCE\LB\PLCE_LB_1008.jpg,Potato,LB,closed,af0bb064d2a4d9d6,Late Blight 
Z:\Projects\Smart-Farming\Datasets\final_combined_datasets\PLCE\LB\PLCE_LB_1009.jpg,Potato,LB,closed,ae3fe47084c297c3,Late Blight 
Z:\Projects\Smart-Farming\Datasets\final_combined_datasets\PLCE\LB\PLCE_LB_1010.jpg,Potato,LB,closed,aa34e1768302cf7e,Late Blight 
Z:\Projects\Smart-Farming\Datasets\final_combined_datasets\PLCE\LB\PLCE_LB_1011.jpg,Potato,LB,closed,bbdef0a882b583c4,Late Blight 
Z:\Projects\Smart-Farming\Datasets\final_combined_datasets\PLCE\LB\PLCE_LB_1012.jpg,Potato,LB,closed,afc7b188d0d5da18,Late Blight 
Z:\Projects\Smart-Farming\Datasets\final_combined_datasets\PLCE\LB\PLCE_LB_1013.jpg,Potato,LB,closed,eab5e0f485809fc6,Late Blight 
Z:\Projects\Smart-Farming\Datasets\final_combined_datasets\PLCE\LB\PLCE_LB_1014.jpg,Potato,LB,closed,ab97e132d1719271,Late Blight 
Z:\Projects\Smart-Farming\Datasets\final_combined_datasets\PLCE\LB\PLCE_LB_1015.jpg,Potato,LB,closed,aa40f1a78785d6b6,Late Blight 
Z:\Projects\Smart-Farming\Datasets\final_combined_datasets\PLCE\LB\PLCE_LB_1016.jpg,Potato,LB,closed,ee97e0ba84e186c3,Late Blight 
Z:\Projects\Smart-Farming\Datasets\final_combined_datasets\PLCE\LB\PLCE_LB_1017.jpg,Potato,LB,closed,afc4a4af92148e9e,Late Blight 
Z:\Projects\Smart-Farming\Datasets\final_combined_datasets\PLCE\LB\PLCE_LB_1018.jpg,Potato,LB,closed,aa1ae5fd87a19603,Late Blight 
Z:\Projects\Smart-Farming\Datasets\final_combined_datasets\PLCE\LB\PLCE_LB_1019.jpg,Potato,LB,closed,ba39f195815ad70a,Late Blight 
Z:\Projects\Smart-Farming\Datasets\final_combined_datasets\PLCE\LB\PLCE_LB_1020.jpg,Potato,LB,closed,afb1b452d22bd04d,Late Blight 
Z:\Projects\Smart-Farming\Datasets\final_combined_datasets\PLCE\LB\PLCE_LB_1021.jpg,Potato,LB,closed,af60f483d097929e,Late Blight 
Z:\Projects\Smart-Farming\Datasets\final_combined_datasets\PLCE\LB\PLCE_LB_1022.jpg,Potato,LB,closed,ea95e0ba85f08f43,Late Blight 
Z:\Projects\Smart-Farming\Datasets\final_combined_datasets\PLCE\LB\PLCE_LB_1023.jpg,Potato,LB,closed,bfbdb04ac1a541a6,Late Blight 
Z:\Projects\Smart-Farming\Datasets\final_combined_datasets\PLCE\LB\PLCE_LB_1024.jpg,Potato,LB,closed,aa3de53084f297e2,Late Blight 
Z:\Projects\Smart-Farming\Datasets\final_combined_datasets\PLCE\LB\PLCE_LB_1025.jpg,Potato,LB,closed,aa12a5ab9655de49,Late Blight 
Z:\Projects\Smart-Farming\Datasets\final_combined_datasets\PLCE\LB\PLCE_LB_1026.jpg,Potato,LB,closed,bae5b1479176921a,Late Blight 
Z:\Projects\Smart-Farming\Datasets\final_combined_datasets\PLCE\LB\PLCE_LB_1027.jpg,Potato,LB,closed,ea3ca5f0d4d3960a,Late Blight 
Z:\Projects\Smart-Farming\Datasets\final_combined_datasets\PLCE\LB\PLCE_LB_1028.jpg,Potato,LB,closed,aeb5b114d1ca836b,Late Blight 
Z:\Projects\Smart-Farming\Datasets\final_combined_datasets\PLCE\LB\PLCE_LB_1029.jpg,Potato,LB,closed,abd1b1fbd191c282,Late Blight 
Z:\Projects\Smart-Farming\Datasets\final_combined_datasets\PLCE\LB\PLCE_LB_1030.jpg,Potato,LB,closed,ba1fa05c85f8d469,Late Blight 
Z:\Projects\Smart-Farming\Datasets\final_combined_datasets\PLCE\LB\PLCE_LB_1031.jpg,Potato,LB,closed,aa37e4f2807387e2,Late Blight 
Z:\Projects\Smart-Farming\Datasets\final_combined_datasets\PLCE\LB\PLCE_LB_1032.jpg,Potato,LB,closed,ee5ae4a986c59586,Late Blight 
Z:\Projects\Smart-Farming\Datasets\final_combined_datasets\PLCE\LB\PLCE_LB_1033.jpg,Potato,LB,closed,bf1ab49ed288ca49,Late Blight 
Z:\Projects\Smart-Farming\Datasets\final_combined_datasets\PLCE\LB\PLCE_LB_1034.jpg,Potato,LB,closed,bbb5f051900bc74b,Late Blight 
Z:\Projects\Smart-Farming\Datasets\final_combined_datasets\PLCE\LB\PLCE_LB_1035.jpg,Potato,LB,closed,af1db429d2d1c2b2,Late Blight 
Z:\Projects\Smart-Farming\Datasets\final_combined_datasets\PLCE\LB\PLCE_LB_1036.jpg,Potato,LB,closed,bf61f0858306c3be,Late Blight 
Z:\Projects\Smart-Farming\Datasets\final_combined_datasets\PLCE\LB\PLCE_LB_1037.jpg,Potato,LB,closed,bf17b0f8d0db8209,Late Blight 
Z:\Projects\Smart-Farming\Datasets\final_combined_datasets\PLCE\LB\PLCE_LB_1038.jpg,Potato,LB,closed,be08b41dd2e8cadc,Late Blight 
Z:\Projects\Smart-Farming\Datasets\final_combined_datasets\PLCE\LB\PLCE_LB_1039.jpg,Potato,LB,closed,aa95e47ed5b08352,Late Blight 
Z:\Projects\Smart-Farming\Datasets\final_combined_datasets\PLCE\LB\PLCE_LB_1040.jpg,Potato,LB,closed,ea16e4d285308f6f,Late Blight 
Z:\Projects\Smart-Farming\Datasets\final_combined_datasets\PLCE\LB\PLCE_LB_1041.jpg,Potato,LB,closed,bb43b4f095e0ca65,Late Blight 
Z:\Projects\Smart-Farming\Datasets\final_combined_datasets\PLCE\LB\PLCE_LB_1042.jpg,Potato,LB,closed,af07b4ded2288a55,Late Blight 
Z:\Projects\Smart-Farming\Datasets\final_combined_datasets\PLCE\LB\PLCE_LB_1043.jpg,Potato,LB,closed,aa34a5e2d6439aab,Late Blight 
Z:\Projects\Smart-Farming\Datasets\final_combined_datasets\PLCE\LB\PLCE_LB_1044.jpg,Potato,LB,closed,bf0db17cd2988391,Late Blight 
Z:\Projects\Smart-Farming\Datasets\final_combined_datasets\PLCE\LB\PLCE_LB_1045.jpg,Potato,LB,closed,bf91f45a8379c029,Late Blight 
Z:\Projects\Smart-Farming\Datasets\final_combined_datasets\PLCE\LB\PLCE_LB_1046.jpg,Potato,LB,closed,aa37e582c47b86a3,Late Blight 
Z:\Projects\Smart-Farming\Datasets\final_combined_datasets\PLCE\LB\PLCE_LB_1047.jpg,Potato,LB,closed,be48f0add255c386,Late Blight 
Z:\Projects\Smart-Farming\Datasets\final_combined_datasets\PLCE\LB\PLCE_LB_1048.jpg,Potato,LB,closed,bf3cb438d2c28ac3,Late Blight 
Z:\Projects\Smart-Farming\Datasets\final_combined_datasets\PLCE\LB\PLCE_LB_1049.jpg,Potato,LB,closed,ab99f1d8d2c8834d,Late Blight 
Z:\Projects\Smart-Farming\Datasets\final_combined_datasets\PLCE\LB\PLCE_LB_1050.jpg,Potato,LB,closed,aee4e442c22ecfb4,Late Blight 
Z:\Projects\Smart-Farming\Datasets\final_combined_datasets\PLCE\LB\PLCE_LB_1051.jpg,Potato,LB,closed,aaf9a07195a5ce85,Late Blight 
Z:\Projects\Smart-Farming\Datasets\final_combined_datasets\PLCE\LB\PLCE_LB_1052.jpg,Potato,LB,closed,eb4ca1e887859c97,Late Blight 
Z:\Projects\Smart-Farming\Datasets\final_combined_datasets\PLCE\LB\PLCE_LB_1053.jpg,Potato,LB,closed,bb4cb1b4c2c2ce8e,Late Blight 
Z:\Projects\Smart-Farming\Datasets\final_combined_datasets\PLCE\LB\PLCE_LB_1054.jpg,Potato,LB,closed,b798f0ffc124c158,Late Blight 
Z:\Projects\Smart-Farming\Datasets\final_combined_datasets\PLCE\LB\PLCE_LB_1055.jpg,Potato,LB,closed,bacea17d95e0d260,Late Blight 
Z:\Projects\Smart-Farming\Datasets\final_combined_datasets\PLCE\LB\PLCE_LB_1056.jpg,Potato,LB,closed,afe0a0a3978585d7,Late Blight 
Z:\Projects\Smart-Farming\Datasets\final_combined_datasets\PLCE\LB\PLCE_LB_1057.jpg,Potato,LB,closed,be6ab4adc094c5d2,Late Blight 
Z:\Projects\Smart-Farming\Datasets\final_combined_datasets\PLCE\LB\PLCE_LB_1058.jpg,Potato,LB,closed,fe6ab1adc1b58190,Late Blight 
Z:\Projects\Smart-Farming\Datasets\final_combined_datasets\PLCE\LB\PLCE_LB_1059.jpg,Potato,LB,closed,eae0a186974e9a6e,Late Blight 
Z:\Projects\Smart-Farming\Datasets\final_combined_datasets\PLCE\LB\PLCE_LB_1060.jpg,Potato,LB,closed,bfc8a0ad83848fda,Late Blight 
Z:\Projects\Smart-Farming\Datasets\final_combined_datasets\PLCE\LB\PLCE_LB_1061.jpg,Potato,LB,closed,bf9fb418d0e8d2c0,Late Blight 
Z:\Projects\Smart-Farming\Datasets\final_combined_datasets\PLCE\LB\PLCE_LB_1062.jpg,Potato,LB,closed,ea3ce11187e3861f,Late Blight 
Z:\Projects\Smart-Farming\Datasets\final_combined_datasets\PLCE\LB\PLCE_LB_1063.jpg,Potato,LB,closed,bf1ab0a9c348cba9,Late Blight 
Z:\Projects\Smart-Farming\Datasets\final_combined_datasets\PLCE\LB\PLCE_LB_1064.jpg,Potato,LB,closed,af38f435c2a08f47,Late Blight 
Z:\Projects\Smart-Farming\Datasets\final_combined_datasets\PLCE\LB\PLCE_LB_1065.jpg,Potato,LB,closed,af3be4b1c4e08ac3,Late Blight 
Z:\Projects\Smart-Farming\Datasets\final_combined_datasets\PLCE\LB\PLCE_LB_1066.jpg,Potato,LB,closed,abc6e5c5d40f901d,Late Blight 
Z:\Projects\Smart-Farming\Datasets\final_combined_datasets\PLCE\LB\PLCE_LB_1067.jpg,Potato,LB,closed,feb5e456c2708721,Late Blight 
Z:\Projects\Smart-Farming\Datasets\final_combined_datasets\PLCE\LB\PLCE_LB_1068.jpg,Potato,LB,closed,ea3ae1038de69d0e,Late Blight 
Z:\Projects\Smart-Farming\Datasets\final_combined_datasets\PLCE\LB\PLCE_LB_1069.jpg,Potato,LB,closed,be89b05995f8c334,Late Blight 
Z:\Projects\Smart-Farming\Datasets\final_combined_datasets\PLCE\LB\PLCE_LB_1070.jpg,Potato,LB,closed,afbde450c2e08f85,Late Blight 
Z:\Projects\Smart-Farming\Datasets\final_combined_datasets\PLCE\LB\PLCE_LB_1071.jpg,Potato,LB,closed,ae82e4dec2094f3d,Late Blight 
Z:\Projects\Smart-Farming\Datasets\final_combined_datasets\PLCE\LB\PLCE_LB_1072.jpg,Potato,LB,closed,faca850595be983c,Late Blight 
Z:\Projects\Smart-Farming\Datasets\final_combined_datasets\PLCE\LB\PLCE_LB_1073.jpg,Potato,LB,closed,ab9fb4e89258d258,Late Blight 
Z:\Projects\Smart-Farming\Datasets\final_combined_datasets\PLCE\LB\PLCE_LB_1074.jpg,Potato,LB,closed,fe3ba0f895a19095,Late Blight 
Z:\Projects\Smart-Farming\Datasets\final_combined_datasets\PLCE\LB\PLCE_LB_1075.jpg,Potato,LB,closed,ae99a4f8d560da43,Late Blight 
Z:\Projects\Smart-Farming\Datasets\final_combined_datasets\PLCE\LB\PLCE_LB_1076.jpg,Potato,LB,closed,fac2d00796bf5c30,Late Blight 
Z:\Projects\Smart-Farming\Datasets\final_combined_datasets\PLCE\LB\PLCE_LB_1077.jpg,Potato,LB,closed,fec8a0ab80afccb4,Late Blight 
Z:\Projects\Smart-Farming\Datasets\final_combined_datasets\PLCE\LB\PLCE_LB_1078.jpg,Potato,LB,closed,bec4b0c6940e9b6d,Late Blight 
Z:\Projects\Smart-Farming\Datasets\final_combined_datasets\PLCE\LB\PLCE_LB_1079.jpg,Potato,LB,closed,eaca860a9e35c1b7,Late Blight 
Z:\Projects\Smart-Farming\Datasets\final_combined_datasets\PLCE\LB\PLCE_LB_1080.jpg,Potato,LB,closed,af95d0dac3c0cdc1,Late Blight 
Z:\Projects\Smart-Farming\Datasets\final_combined_datasets\PLCE\LB\PLCE_LB_1081.jpg,Potato,LB,closed,bfe8b081d794cb82,Late Blight 
Z:\Projects\Smart-Farming\Datasets\final_combined_datasets\PLCE\LB\PLCE_LB_1082.jpg,Potato,LB,closed,bbb8b17891a09ac7,Late Blight 
Z:\Projects\Smart-Farming\Datasets\final_combined_datasets\PLCE\LB\PLCE_LB_1083.jpg,Potato,LB,closed,ea3acde1998e870c,Late Blight 
Z:\Projects\Smart-Farming\Datasets\final_combined_datasets\PLCE\LB\PLCE_LB_1084.jpg,Potato,LB,closed,be9de4dc80d8c6c8,Late Blight 
Z:\Projects\Smart-Farming\Datasets\final_combined_datasets\PLCE\LB\PLCE_LB_1085.jpg,Potato,LB,closed,ea39f1f082409f4f,Late Blight 
Z:\Projects\Smart-Farming\Datasets\final_combined_datasets\PLCE\LB\PLCE_LB_1086.jpg,Potato,LB,closed,aa5ee58885e59e85,Late Blight 
Z:\Projects\Smart-Farming\Datasets\final_combined_datasets\PLCE\LB\PLCE_LB_1087.jpg,Potato,LB,closed,becdb0b8c0d1cb92,Late Blight 
Z:\Projects\Smart-Farming\Datasets\final_combined_datasets\PLCE\LB\PLCE_LB_1088.jpg,Potato,LB,closed,fee0a107d4e4c23e,Late Blight 
Z:\Projects\Smart-Farming\Datasets\final_combined_datasets\PLCE\LB\PLCE_LB_1089.jpg,Potato,LB,closed,bfeef400d2d683a0,Late Blight 
Z:\Projects\Smart-Farming\Datasets\final_combined_datasets\PLCE\LB\PLCE_LB_1090.jpg,Potato,LB,closed,eae0a10797ee9236,Late Blight 
Z:\Projects\Smart-Farming\Datasets\final_combined_datasets\PLCE\LB\PLCE_LB_1091.jpg,Potato,LB,closed,af73e4b9c1b08d82,Late Blight 
Z:\Projects\Smart-Farming\Datasets\final_combined_datasets\PLCE\LB\PLCE_LB_1092.jpg,Potato,LB,closed,fac0818f953f9835,Late Blight 
Z:\Projects\Smart-Farming\Datasets\final_combined_datasets\PLCE\LB\PLCE_LB_1093.jpg,Potato,LB,closed,bee881a7cf14dc90,Late Blight 
Z:\Projects\Smart-Farming\Datasets\final_combined_datasets\PLCE\LB\PLCE_LB_1094.jpg,Potato,LB,closed,ee4ca4acc3858f87,Late Blight 
Z:\Projects\Smart-Farming\Datasets\final_combined_datasets\PLCE\LB\PLCE_LB_1095.jpg,Potato,LB,closed,fa4ae4a883a58f17,Late Blight 
Z:\Projects\Smart-Farming\Datasets\final_combined_datasets\PLCE\LB\PLCE_LB_1096.jpg,Potato,LB,closed,aab5f0f6825087e3,Late Blight 
Z:\Projects\Smart-Farming\Datasets\final_combined_datasets\PLCE\LB\PLCE_LB_1097.jpg,Potato,LB,closed,bfcca0acc5c49696,Late Blight 
Z:\Projects\Smart-Farming\Datasets\final_combined_datasets\PLCE\LB\PLCE_LB_1098.jpg,Potato,LB,closed,afe0d5a0c394879e,Late Blight 
Z:\Projects\Smart-Farming\Datasets\final_combined_datasets\PLCE\LB\PLCE_LB_1099.jpg,Potato,LB,closed,ba1cb1f89249c9ad,Late Blight 
Z:\Projects\Smart-Farming\Datasets\final_combined_datasets\PLCE\LB\PLCE_LB_1100.jpg,Potato,LB,closed,fae8a505d684dad4,Late Blight 
Z:\Projects\Smart-Farming\Datasets\final_combined_datasets\PLCE\LB\PLCE_LB_1101.jpg,Potato,LB,closed,ad68d2a485b7879a,Late Blight 
Z:\Projects\Smart-Farming\Datasets\final_combined_datasets\PLCE\LB\PLCE_LB_1102.jpg,Potato,LB,closed,aecaa00fd8b59936,Late Blight 
Z:\Projects\Smart-Farming\Datasets\final_combined_datasets\PLCE\LB\PLCE_LB_1103.jpg,Potato,LB,closed,bd95d25a854b834d,Late Blight 
Z:\Projects\Smart-Farming\Datasets\final_combined_datasets\PLCE\LB\PLCE_LB_1104.jpg,Potato,LB,closed,bf97d05a8d6c8468,Late Blight 
Z:\Projects\Smart-Farming\Datasets\final_combined_datasets\PLCE\LB\PLCE_LB_1105.jpg,Potato,LB,closed,ff37b05292f89a01,Late Blight 
Z:\Projects\Smart-Farming\Datasets\final_combined_datasets\PLCE\LB\PLCE_LB_1106.jpg,Potato,LB,closed,eac2d541d08fca3e,Late Blight 
Z:\Projects\Smart-Farming\Datasets\final_combined_datasets\PLCE\LB\PLCE_LB_1107.jpg,Potato,LB,closed,ebdeb0e882a58b07,Late Blight 
Z:\Projects\Smart-Farming\Datasets\final_combined_datasets\PLCE\LB\PLCE_LB_1108.jpg,Potato,LB,closed,be6ac2a0c19f879c,Late Blight 
Z:\Projects\Smart-Farming\Datasets\final_combined_datasets\PLCE\LB\PLCE_LB_1109.jpg,Potato,LB,closed,bac3b0fcd580d2c6,Late Blight 
Z:\Projects\Smart-Farming\Datasets\final_combined_datasets\PLCE\LB\PLCE_LB_1110.jpg,Potato,LB,closed,fa95c0d0ca628f6d,Late Blight 
Z:\Projects\Smart-Farming\Datasets\final_combined_datasets\PLCE\LB\PLCE_LB_1111.jpg,Potato,LB,closed,eac2c40b9f399a35,Late Blight 
Z:\Projects\Smart-Farming\Datasets\final_combined_datasets\PLCE\LB\PLCE_LB_1112.jpg,Potato,LB,closed,af39b43cd230cab8,Late Blight 
Z:\Projects\Smart-Farming\Datasets\final_combined_datasets\PLCE\LB\PLCE_LB_1113.jpg,Potato,LB,closed,af9dd4da8f508843,Late Blight 
Z:\Projects\Smart-Farming\Datasets\final_combined_datasets\PLCE\LB\PLCE_LB_1114.jpg,Potato,LB,closed,bf3fb1b0d0d08ac1,Late Blight 
Z:\Projects\Smart-Farming\Datasets\final_combined_datasets\PLCE\LB\PLCE_LB_1115.jpg,Potato,LB,closed,bbc8f0a9c2958f92,Late Blight 
Z:\Projects\Smart-Farming\Datasets\final_combined_datasets\PLCE\LB\PLCE_LB_1116.jpg,Potato,LB,closed,fae28087979c7a98,Late Blight 
Z:\Projects\Smart-Farming\Datasets\final_combined_datasets\PLCE\LB\PLCE_LB_1117.jpg,Potato,LB,closed,eaeac057802b8fbc,Late Blight 
Z:\Projects\Smart-Farming\Datasets\final_combined_datasets\PLCE\LB\PLCE_LB_1118.jpg,Potato,LB,closed,ff1fa078d268c261,Late Blight 
Z:\Projects\Smart-Farming\Datasets\final_combined_datasets\PLCE\LB\PLCE_LB_1119.jpg,Potato,LB,closed,faca880b9537b227,Late Blight 
Z:\Projects\Smart-Farming\Datasets\final_combined_datasets\PLCE\LB\PLCE_LB_1120.jpg,Potato,LB,closed,abe5b1ead2c48a86,Late Blight 
Z:\Projects\Smart-Farming\Datasets\final_combined_datasets\PLCE\LB\PLCE_LB_1121.jpg,Potato,LB,closed,efc4e4858556959c,Late Blight 
Z:\Projects\Smart-Farming\Datasets\final_combined_datasets\PLCE\LB\PLCE_LB_1122.jpg,Potato,LB,closed,bfcaa5e8d0a7c085,Late Blight 
Z:\Projects\Smart-Farming\Datasets\final_combined_datasets\PLCE\LB\PLCE_LB_1123.jpg,Potato,LB,closed,aeefa061d5e482b4,Late Blight 
Z:\Projects\Smart-Farming\Datasets\final_combined_datasets\PLCE\LB\PLCE_LB_1124.jpg,Potato,LB,closed,baa2f0f7d1a28217,Late Blight 
Z:\Projects\Smart-Farming\Datasets\final_combined_datasets\PLCE\LB\PLCE_LB_1125.jpg,Potato,LB,closed,eea7a5d68062c6a3,Late Blight 
Z:\Projects\Smart-Farming\Datasets\final_combined_datasets\PLCE\LB\PLCE_LB_1126.jpg,Potato,LB,closed,bbcdb1ac90959296,Late Blight 
Z:\Projects\Smart-Farming\Datasets\final_combined_datasets\PLCE\LB\PLCE_LB_1127.jpg,Potato,LB,closed,ead2c042819bdf9d,Late Blight 
Z:\Projects\Smart-Farming\Datasets\final_combined_datasets\PLCE\LB\PLCE_LB_1128.jpg,Potato,LB,closed,aae5a505d48fca9c,Late Blight 
Z:\Projects\Smart-Farming\Datasets\final_combined_datasets\PLCE\LB\PLCE_LB_1129.jpg,Potato,LB,closed,fa4bc2f1e8e28c83,Late Blight 
Z:\Projects\Smart-Farming\Datasets\final_combined_datasets\PLCE\LB\PLCE_LB_1130.jpg,Potato,LB,closed,afc8c4ad829f9d14,Late Blight 
Z:\Projects\Smart-Farming\Datasets\final_combined_datasets\PLCE\LB\PLCE_LB_1131.jpg,Potato,LB,closed,fac8a1a395b59394,Late Blight 
Z:\Projects\Smart-Farming\Datasets\final_combined_datasets\PLCE\LB\PLCE_LB_1132.jpg,Potato,LB,closed,bef881d7914ad229,Late Blight 
Z:\Projects\Smart-Farming\Datasets\final_combined_datasets\PLCE\LB\PLCE_LB_1133.jpg,Potato,LB,closed,fab0a11795dad30a,Late Blight 
Z:\Projects\Smart-Farming\Datasets\final_combined_datasets\PLCE\LB\PLCE_LB_1134.jpg,Potato,LB,closed,eaa3a1d5c582979a,Late Blight 
Z:\Projects\Smart-Farming\Datasets\final_combined_datasets\PLCE\LB\PLCE_LB_1135.jpg,Potato,LB,closed,fac085eb9e2d9815,Late Blight 
Z:\Projects\Smart-Farming\Datasets\final_combined_datasets\PLCE\LB\PLCE_LB_1136.jpg,Potato,LB,closed,ab60d4a9c2a68f9d,Late Blight 
Z:\Projects\Smart-Farming\Datasets\final_combined_datasets\PLCE\LB\PLCE_LB_1137.jpg,Potato,LB,closed,abcce1acc0b58f92,Late Blight 
Z:\Projects\Smart-Farming\Datasets\final_combined_datasets\PLCE\LB\PLCE_LB_1138.jpg,Potato,LB,closed,ae9be4b8c4f19a82,Late Blight 
Z:\Projects\Smart-Farming\Datasets\final_combined_datasets\PLCE\LB\PLCE_LB_1139.jpg,Potato,LB,closed,afe085a5db16cc1a,Late Blight 
Z:\Projects\Smart-Farming\Datasets\final_combined_datasets\PLCE\LB\PLCE_LB_1140.jpg,Potato,LB,closed,aec8a486d21fda3a,Late Blight 
Z:\Projects\Smart-Farming\Datasets\final_combined_datasets\PLCE\LB\PLCE_LB_1141.jpg,Potato,LB,closed,bf8fa00cd1b4cad2,Late Blight 
Z:\Projects\Smart-Farming\Datasets\final_combined_datasets\PLCE\LB\PLCE_LB_1142.jpg,Potato,LB,closed,eac3a1cc870cd6bc,Late Blight 
Z:\Projects\Smart-Farming\Datasets\final_combined_datasets\PLCE\LB\PLCE_LB_1143.jpg,Potato,LB,closed,bf9bb0bcd1a0c2d0,Late Blight 
Z:\Projects\Smart-Farming\Datasets\final_combined_datasets\PLCE\LB\PLCE_LB_1144.jpg,Potato,LB,closed,aee4b5a7c417cc12,Late Blight 
Z:\Projects\Smart-Farming\Datasets\final_combined_datasets\PLCE\LB\PLCE_LB_1145.jpg,Potato,LB,closed,bee690e6d2020adf,Late Blight 
Z:\Projects\Smart-Farming\Datasets\final_combined_datasets\PLCE\LB\PLCE_LB_1146.jpg,Potato,LB,closed,eaf4f4a1c4178556,Late Blight 
Z:\Projects\Smart-Farming\Datasets\final_combined_datasets\PLCE\LB\PLCE_LB_1147.jpg,Potato,LB,closed,e8e5b152938a969e,Late Blight 
Z:\Projects\Smart-Farming\Datasets\final_combined_datasets\PLCE\LB\PLCE_LB_1148.jpg,Potato,LB,closed,be37e452c24a8763,Late Blight 
Z:\Projects\Smart-Farming\Datasets\final_combined_datasets\PLCE\LB\PLCE_LB_1149.jpg,Potato,LB,closed,ebe1b119913b9a38,Late Blight 
Z:\Projects\Smart-Farming\Datasets\final_combined_datasets\PLCE\LB\PLCE_LB_1150.jpg,Potato,LB,closed,bacea1e8d5a5c096,Late Blight 
Z:\Projects\Smart-Farming\Datasets\final_combined_datasets\PLCE\LB\PLCE_LB_1151.jpg,Potato,LB,closed,bf8ce0fc85e09683,Late Blight 
Z:\Projects\Smart-Farming\Datasets\final_combined_datasets\PLCE\LB\PLCE_LB_1152.jpg,Potato,LB,closed,bf92d059c30987e6,Late Blight 
Z:\Projects\Smart-Farming\Datasets\final_combined_datasets\PLCE\LB\PLCE_LB_1153.jpg,Potato,LB,closed,eec1a587851e9678,Late Blight 
Z:\Projects\Smart-Farming\Datasets\final_combined_datasets\PLCE\LB\PLCE_LB_1154.jpg,Potato,LB,closed,fab0b053914bda69,Late Blight 
Z:\Projects\Smart-Farming\Datasets\final_combined_datasets\PLCE\LB\PLCE_LB_1155.jpg,Potato,LB,closed,fee885419ca1839f,Late Blight 
Z:\Projects\Smart-Farming\Datasets\final_combined_datasets\PLCE\LB\PLCE_LB_1156.jpg,Potato,LB,closed,ee1be4b996c19087,Late Blight 
Z:\Projects\Smart-Farming\Datasets\final_combined_datasets\PLCE\LB\PLCE_LB_1157.jpg,Potato,LB,closed,af96e4bec4e0cb40,Late Blight 
Z:\Projects\Smart-Farming\Datasets\final_combined_datasets\PLCE\LB\PLCE_LB_1158.jpg,Potato,LB,closed,badcb101d5d8dac8,Late Blight 
Z:\Projects\Smart-Farming\Datasets\final_combined_datasets\PLCE\LB\PLCE_LB_1159.jpg,Potato,LB,closed,bec2a42f90a5d734,Late Blight 
Z:\Projects\Smart-Farming\Datasets\final_combined_datasets\PLCE\LB\PLCE_LB_1160.jpg,Potato,LB,closed,aee2b447d462c2ae,Late Blight 
Z:\Projects\Smart-Farming\Datasets\final_combined_datasets\PLCE\LB\PLCE_LB_1161.jpg,Potato,LB,closed,eba4b1d482d2cf4a,Late Blight 
Z:\Projects\Smart-Farming\Datasets\final_combined_datasets\PLCE\LB\PLCE_LB_1162.jpg,Potato,LB,closed,afe4a504d43eda70,Late Blight 
Z:\Projects\Smart-Farming\Datasets\final_combined_datasets\PLCE\LB\PLCE_LB_1163.jpg,Potato,LB,closed,aad8b01987fadae0,Late Blight 
Z:\Projects\Smart-Farming\Datasets\final_combined_datasets\PLCE\LB\PLCE_LB_1164.jpg,Potato,LB,closed,aee5e4c58c1e9839,Late Blight 
Z:\Projects\Smart-Farming\Datasets\final_combined_datasets\PLCE\LB\PLCE_LB_1165.jpg,Potato,LB,closed,eee4e4d4841e963a,Late Blight 
Z:\Projects\Smart-Farming\Datasets\final_combined_datasets\PLCE\LB\PLCE_LB_1166.jpg,Potato,LB,closed,bf63e081909193f7,Late Blight 
Z:\Projects\Smart-Farming\Datasets\final_combined_datasets\PLCE\LB\PLCE_LB_1167.jpg,Potato,LB,closed,bb8fb1fcd0c0c292,Late Blight 
Z:\Projects\Smart-Farming\Datasets\final_combined_datasets\PLCE\LB\PLCE_LB_1168.jpg,Potato,LB,closed,fb9de0fc85d08740,Late Blight 
Z:\Projects\Smart-Farming\Datasets\final_combined_datasets\PLCE\LB\PLCE_LB_1169.jpg,Potato,LB,closed,bb49a0edc5a58687,Late Blight 
Z:\Projects\Smart-Farming\Datasets\final_combined_datasets\PLCE\LB\PLCE_LB_1170.jpg,Potato,LB,closed,bbe4a100f177c327,Late Blight 
Z:\Projects\Smart-Farming\Datasets\final_combined_datasets\PLCE\LB\PLCE_LB_1171.jpg,Potato,LB,closed,bad2b0ead03591b5,Late Blight 
Z:\Projects\Smart-Farming\Datasets\final_combined_datasets\PLCE\LB\PLCE_LB_1172.jpg,Potato,LB,closed,ba9aa0fe95e0d261,Late Blight 
Z:\Projects\Smart-Farming\Datasets\final_combined_datasets\PLCE\LB\PLCE_LB_1173.jpg,Potato,LB,closed,fbcbf06881e983a1,Late Blight 
Z:\Projects\Smart-Farming\Datasets\final_combined_datasets\PLCE\LB\PLCE_LB_1174.jpg,Potato,LB,closed,bf47b8be9084d294,Late Blight 
Z:\Projects\Smart-Farming\Datasets\final_combined_datasets\PLCE\LB\PLCE_LB_1175.jpg,Potato,LB,closed,aecce56dd42482b5,Late Blight 
Z:\Projects\Smart-Farming\Datasets\final_combined_datasets\PLCE\LB\PLCE_LB_1176.jpg,Potato,LB,closed,abb5f454c0de870a,Late Blight 
Z:\Projects\Smart-Farming\Datasets\final_combined_datasets\PLCE\LB\PLCE_LB_1177.jpg,Potato,LB,closed,fecea0ee81a582a5,Late Blight 
Z:\Projects\Smart-Farming\Datasets\final_combined_datasets\PLCE\LB\PLCE_LB_1178.jpg,Potato,LB,closed,bb56e18b84ad878c,Late Blight 
Z:\Projects\Smart-Farming\Datasets\final_combined_datasets\PLCE\LB\PLCE_LB_1179.jpg,Potato,LB,closed,aae0e11785ff9780,Late Blight 
Z:\Projects\Smart-Farming\Datasets\final_combined_datasets\PLCE\LB\PLCE_LB_1180.jpg,Potato,LB,closed,bfcfb828d0e5c0a4,Late Blight 
Z:\Projects\Smart-Farming\Datasets\final_combined_datasets\PLCE\LB\PLCE_LB_1181.jpg,Potato,LB,closed,bbc6f0aa9084c3b7,Late Blight 
Z:\Projects\Smart-Farming\Datasets\final_combined_datasets\PLCE\LB\PLCE_LB_1182.jpg,Potato,LB,closed,aa38f57dd4b88611,Late Blight 
Z:\Projects\Smart-Farming\Datasets\final_combined_datasets\PLCE\LB\PLCE_LB_1183.jpg,Potato,LB,closed,aac8f4a987078db6,Late Blight 
Z:\Projects\Smart-Farming\Datasets\final_combined_datasets\PLCE\LB\PLCE_LB_1184.jpg,Potato,LB,closed,aa27e17681729793,Late Blight 
Z:\Projects\Smart-Farming\Datasets\final_combined_datasets\PLCE\LB\PLCE_LB_1185.jpg,Potato,LB,closed,ea5ae03a85b19be1,Late Blight 
Z:\Projects\Smart-Farming\Datasets\final_combined_datasets\PLCE\LB\PLCE_LB_1186.jpg,Potato,LB,closed,bf89b59ed018ca68,Late Blight 
Z:\Projects\Smart-Farming\Datasets\final_combined_datasets\PLCE\LB\PLCE_LB_1187.jpg,Potato,LB,closed,fe07b0fed0a8d051,Late Blight 
Z:\Projects\Smart-Farming\Datasets\final_combined_datasets\PLCE\LB\PLCE_LB_1188.jpg,Potato,LB,closed,be5bf0bcc2b089e0,Late Blight 
Z:\Projects\Smart-Farming\Datasets\final_combined_datasets\PLCE\LB\PLCE_LB_1189.jpg,Potato,LB,closed,bec2f42f80a58b96,Late Blight 
Z:\Projects\Smart-Farming\Datasets\final_combined_datasets\PLCE\LB\PLCE_LB_1190.jpg,Potato,LB,closed,bad4b52ec06d9364,Late Blight 
Z:\Projects\Smart-Farming\Datasets\final_combined_datasets\PLCE\LB\PLCE_LB_1191.jpg,Potato,LB,closed,ba48b175d7868b92,Late Blight 
Z:\Projects\Smart-Farming\Datasets\final_combined_datasets\PLCE\LB\PLCE_LB_1192.jpg,Potato,LB,closed,eb1fec3880f085f1,Late Blight 
Z:\Projects\Smart-Farming\Datasets\final_combined_datasets\PLCE\LB\PLCE_LB_1193.jpg,Potato,LB,closed,ba4ef42dc0e48fc4,Late Blight 
Z:\Projects\Smart-Farming\Datasets\final_combined_datasets\PLCE\LB\PLCE_LB_1194.jpg,Potato,LB,closed,bacaf82cc06dd1e4,Late Blight 
Z:\Projects\Smart-Farming\Datasets\final_combined_datasets\PLCE\LB\PLCE_LB_1195.jpg,Potato,LB,closed,ab1bf0a980f19be2,Late Blight 
Z:\Projects\Smart-Farming\Datasets\final_combined_datasets\PLCE\LB\PLCE_LB_1196.jpg,Potato,LB,closed,bfe4e00185df964a,Late Blight 
Z:\Projects\Smart-Farming\Datasets\final_combined_datasets\PLCE\LB\PLCE_LB_1197.jpg,Potato,LB,closed,bbc0f18291958b7e,Late Blight 
Z:\Projects\Smart-Farming\Datasets\final_combined_datasets\PLCE\LB\PLCE_LB_1198.jpg,Potato,LB,closed,bee6b046d06eca0d,Late Blight 
Z:\Projects\Smart-Farming\Datasets\final_combined_datasets\PLCE\LB\PLCE_LB_1199.jpg,Potato,LB,closed,ab1fb57096eac241,Late Blight 
Z:\Projects\Smart-Farming\Datasets\final_combined_datasets\PLCE\LB\PLCE_LB_1200.jpg,Potato,LB,closed,bb97b458d2a9ca41,Late Blight 
Z:\Projects\Smart-Farming\Datasets\final_combined_datasets\PLCE\LB\PLCE_LB_1201.jpg,Potato,LB,closed,af1ea1bdc4b094b2,Late Blight 
Z:\Projects\Smart-Farming\Datasets\final_combined_datasets\PLCE\LB\PLCE_LB_1202.jpg,Potato,LB,closed,be1fa0dcd5b892c0,Late Blight 
Z:\Projects\Smart-Farming\Datasets\final_combined_datasets\PLCE\LB\PLCE_LB_1203.jpg,Potato,LB,closed,ea36c1f08d4695ce,Late Blight 
Z:\Projects\Smart-Farming\Datasets\final_combined_datasets\PLCE\LB\PLCE_LB_1204.jpg,Potato,LB,closed,fae3f1658086d706,Late Blight 
Z:\Projects\Smart-Farming\Datasets\final_combined_datasets\PLCE\LB\PLCE_LB_1205.jpg,Potato,LB,closed,ffe0a8818583959f,Late Blight 
Z:\Projects\Smart-Farming\Datasets\final_combined_datasets\PLCE\LB\PLCE_LB_1206.jpg,Potato,LB,closed,bfd8b1ac80b4c3d2,Late Blight 
Z:\Projects\Smart-Farming\Datasets\final_combined_datasets\PLCE\LB\PLCE_LB_1207.jpg,Potato,LB,closed,faceb0ec85a48387,Late Blight 
Z:\Projects\Smart-Farming\Datasets\final_combined_datasets\PLCE\LB\PLCE_LB_1208.jpg,Potato,LB,closed,feb6a0fa8580865b,Late Blight 
Z:\Projects\Smart-Farming\Datasets\final_combined_datasets\PLCE\LB\PLCE_LB_1209.jpg,Potato,LB,closed,fbaee01181fb8790,Late Blight 
Z:\Projects\Smart-Farming\Datasets\final_combined_datasets\PLCE\LB\PLCE_LB_1210.jpg,Potato,LB,closed,bb8da1fc95e094e0,Late Blight 
Z:\Projects\Smart-Farming\Datasets\final_combined_datasets\PLCE\LB\PLCE_LB_1211.jpg,Potato,LB,closed,aee3a483c697ca1a,Late Blight 
Z:\Projects\Smart-Farming\Datasets\final_combined_datasets\PLCE\LB\PLCE_LB_1212.jpg,Potato,LB,closed,ea9ff17881709721,Late Blight 
Z:\Projects\Smart-Farming\Datasets\final_combined_datasets\PLCE\LB\PLCE_LB_1213.jpg,Potato,LB,closed,bbb2b117d152c24b,Late Blight 
Z:\Projects\Smart-Farming\Datasets\final_combined_datasets\PLCE\LB\PLCE_LB_1214.jpg,Potato,LB,closed,aec3a48fc034cabe,Late Blight 
Z:\Projects\Smart-Farming\Datasets\final_combined_datasets\PLCE\LB\PLCE_LB_1215.jpg,Potato,LB,closed,fbcae06d80ab83a5,Late Blight 
Z:\Projects\Smart-Farming\Datasets\final_combined_datasets\PLCE\LB\PLCE_LB_1216.jpg,Potato,LB,closed,eef7a0a284359e58,Late Blight 
Z:\Projects\Smart-Farming\Datasets\final_combined_datasets\PLCE\LB\PLCE_LB_1217.jpg,Potato,LB,closed,bef4b490d04ad24f,Late Blight 
Z:\Projects\Smart-Farming\Datasets\final_combined_datasets\PLCE\LB\PLCE_LB_1218.jpg,Potato,LB,closed,aec1b482d60fca1f,Late Blight 
Z:\Projects\Smart-Farming\Datasets\final_combined_datasets\PLCE\LB\PLCE_LB_1219.jpg,Potato,LB,closed,af1ee5ba8dc19481,Late Blight 
Z:\Projects\Smart-Farming\Datasets\final_combined_datasets\PLCE\LB\PLCE_LB_1220.jpg,Potato,LB,closed,bfdab828d0a5c835,Late Blight 
Z:\Projects\Smart-Farming\Datasets\final_combined_datasets\PLCE\LB\PLCE_LB_1221.jpg,Potato,LB,closed,eef5a08685d6961a,Late Blight 
Z:\Projects\Smart-Farming\Datasets\final_combined_datasets\PLCE\LB\PLCE_LB_1222.jpg,Potato,LB,closed,bedab02990bd9394,Late Blight 
Z:\Projects\Smart-Farming\Datasets\final_combined_datasets\PLCE\LB\PLCE_LB_1223.jpg,Potato,LB,closed,fee8b441d2afc304,Late Blight 
Z:\Projects\Smart-Farming\Datasets\final_combined_datasets\PLCE\LB\PLCE_LB_1224.jpg,Potato,LB,closed,fa3de0b087d29e03,Late Blight 
Z:\Projects\Smart-Farming\Datasets\final_combined_datasets\PLCE\LB\PLCE_LB_1225.jpg,Potato,LB,closed,fca1e14787fe9600,Late Blight 
Z:\Projects\Smart-Farming\Datasets\final_combined_datasets\PLCE\LB\PLCE_LB_1226.jpg,Potato,LB,closed,ba97f4aad0a1c2d1,Late Blight 
Z:\Projects\Smart-Farming\Datasets\final_combined_datasets\PLCE\LB\PLCE_LB_1227.jpg,Potato,LB,closed,aee4e4c484df960e,Late Blight 
Z:\Projects\Smart-Farming\Datasets\final_combined_datasets\PLCE\LB\PLCE_LB_1228.jpg,Potato,LB,closed,efb7b554c06ac228,Late Blight 
Z:\Projects\Smart-Farming\Datasets\final_combined_datasets\PLCE\LB\PLCE_LB_1229.jpg,Potato,LB,closed,ffcca06a80a593b5,Late Blight 
Z:\Projects\Smart-Farming\Datasets\final_combined_datasets\PLCE\LB\PLCE_LB_1230.jpg,Potato,LB,closed,eae6e006859e965e,Late Blight 
Z:\Projects\Smart-Farming\Datasets\final_combined_datasets\PLCE\LB\PLCE_LB_1231.jpg,Potato,LB,closed,aab1f0d6cb1b8d18,Late Blight 
Z:\Projects\Smart-Farming\Datasets\final_combined_datasets\PLCE\LB\PLCE_LB_1232.jpg,Potato,LB,closed,bb9fb05c9168ca25,Late Blight 
Z:\Projects\Smart-Farming\Datasets\final_combined_datasets\PLCE\LB\PLCE_LB_1233.jpg,Potato,LB,closed,afe3a512943ad869,Late Blight 
Z:\Projects\Smart-Farming\Datasets\final_combined_datasets\PLCE\LB\PLCE_LB_1234.jpg,Potato,LB,closed,be1eb588d05dc86c,Late Blight 
Z:\Projects\Smart-Farming\Datasets\final_combined_datasets\PLCE\LB\PLCE_LB_1235.jpg,Potato,LB,closed,aaf6a08685ce9e78,Late Blight 
Z:\Projects\Smart-Farming\Datasets\final_combined_datasets\PLCE\LB\PLCE_LB_1236.jpg,Potato,LB,closed,fac1e007854f957c,Late Blight 
Z:\Projects\Smart-Farming\Datasets\final_combined_datasets\PLCE\LB\PLCE_LB_1237.jpg,Potato,LB,closed,efa4e0d4845a8f3a,Late Blight 
Z:\Projects\Smart-Farming\Datasets\final_combined_datasets\PLCE\LB\PLCE_LB_1238.jpg,Potato,LB,closed,abe2b5c7800e974e,Late Blight 
Z:\Projects\Smart-Farming\Datasets\final_combined_datasets\PLCE\LB\PLCE_LB_1239.jpg,Potato,LB,closed,fec2a087848fd61e,Late Blight 
Z:\Projects\Smart-Farming\Datasets\final_combined_datasets\PLCE\LB\PLCE_LB_1240.jpg,Potato,LB,closed,eb85a88c81dfd1d8,Late Blight 
Z:\Projects\Smart-Farming\Datasets\final_combined_datasets\PLCE\LB\PLCE_LB_1241.jpg,Potato,LB,closed,bef8b0a18097d5d2,Late Blight 
Z:\Projects\Smart-Farming\Datasets\final_combined_datasets\PLCE\LB\PLCE_LB_1242.jpg,Potato,LB,closed,ebb5f556808ac6d0,Late Blight 
Z:\Projects\Smart-Farming\Datasets\final_combined_datasets\PLCE\LB\PLCE_LB_1243.jpg,Potato,LB,closed,eee4e5c5850e9e0c,Late Blight 
Z:\Projects\Smart-Farming\Datasets\final_combined_datasets\PLCE\LB\PLCE_LB_1244.jpg,Potato,LB,closed,aba1f0f79042d36a,Late Blight 
Z:\Projects\Smart-Farming\Datasets\final_combined_datasets\PLCE\LB\PLCE_LB_1245.jpg,Potato,LB,closed,aba5f4d2821f874a,Late Blight 
Z:\Projects\Smart-Farming\Datasets\final_combined_datasets\PLCE\LB\PLCE_LB_1246.jpg,Potato,LB,closed,eed6e4eac44096a6,Late Blight 
Z:\Projects\Smart-Farming\Datasets\final_combined_datasets\PLCE\LB\PLCE_LB_1247.jpg,Potato,LB,closed,afe0e4c4c61e961e,Late Blight 
Z:\Projects\Smart-Farming\Datasets\final_combined_datasets\PLCE\LB\PLCE_LB_1248.jpg,Potato,LB,closed,eafae0b485a487a6,Late Blight 
Z:\Projects\Smart-Farming\Datasets\final_combined_datasets\PLCE\LB\PLCE_LB_1249.jpg,Potato,LB,closed,afe4a4c6d61e8c19,Late Blight 
Z:\Projects\Smart-Farming\Datasets\final_combined_datasets\PLCE\LB\PLCE_LB_1250.jpg,Potato,LB,closed,bff5b150d04bd109,Late Blight 
Z:\Projects\Smart-Farming\Datasets\final_combined_datasets\PLCE\LB\PLCE_LB_1251.jpg,Potato,LB,closed,ba6af0adc1f48782,Late Blight 
Z:\Projects\Smart-Farming\Datasets\final_combined_datasets\PLCE\LB\PLCE_LB_1252.jpg,Potato,LB,closed,bedea10f91f4c0b0,Late Blight 
Z:\Projects\Smart-Farming\Datasets\final_combined_datasets\PLCE\LB\PLCE_LB_1253.jpg,Potato,LB,closed,fa07872ee0e0c5f4,Late Blight 
Z:\Projects\Smart-Farming\Datasets\final_combined_datasets\PLCE\LB\PLCE_LB_1254.jpg,Potato,LB,closed,ee1fa5f8d4e184c0,Late Blight 
Z:\Projects\Smart-Farming\Datasets\final_combined_datasets\PLCE\LB\PLCE_LB_1255.jpg,Potato,LB,closed,eaf0a587971fd280,Late Blight 
Z:\Projects\Smart-Farming\Datasets\final_combined_datasets\PLCE\LB\PLCE_LB_1256.jpg,Potato,LB,closed,afe2f4c0c007d2b7,Late Blight 
Z:\Projects\Smart-Farming\Datasets\final_combined_datasets\PLCE\LB\PLCE_LB_1257.jpg,Potato,LB,closed,abb4e1d2830ad31f,Late Blight 
Z:\Projects\Smart-Farming\Datasets\final_combined_datasets\PLCE\LB\PLCE_LB_1258.jpg,Potato,LB,closed,bf4bb0afc1a4c145,Late Blight 
Z:\Projects\Smart-Farming\Datasets\final_combined_datasets\PLCE\LB\PLCE_LB_1259.jpg,Potato,LB,closed,afd1b581d495c21b,Late Blight 
Z:\Projects\Smart-Farming\Datasets\final_combined_datasets\PLCE\LB\PLCE_LB_1260.jpg,Potato,LB,closed,fa90f191819b87d9,Late Blight 
Z:\Projects\Smart-Farming\Datasets\final_combined_datasets\PLCE\LB\PLCE_LB_1261.jpg,Potato,LB,closed,bf04b45bd2b9c251,Late Blight 
Z:\Projects\Smart-Farming\Datasets\final_combined_datasets\PLCE\LB\PLCE_LB_1262.jpg,Potato,LB,closed,fac0f082955f965a,Late Blight 
Z:\Projects\Smart-Farming\Datasets\final_combined_datasets\PLCE\LB\PLCE_LB_1263.jpg,Potato,LB,closed,aba6f492814bcb4e,Late Blight 
Z:\Projects\Smart-Farming\Datasets\final_combined_datasets\PLCE\LB\PLCE_LB_1264.jpg,Potato,LB,closed,afa5bd52d08a86d4,Late Blight 
Z:\Projects\Smart-Farming\Datasets\final_combined_datasets\PLCE\LB\PLCE_LB_1265.jpg,Potato,LB,closed,abd8b512d095d2cb,Late Blight 
Z:\Projects\Smart-Farming\Datasets\final_combined_datasets\PLCE\LB\PLCE_LB_1266.jpg,Potato,LB,closed,ef07b53ed078c260,Late Blight 
Z:\Projects\Smart-Farming\Datasets\final_combined_datasets\PLCE\LB\PLCE_LB_1267.jpg,Potato,LB,closed,bf9cb091d47a9249,Late Blight 
Z:\Projects\Smart-Farming\Datasets\final_combined_datasets\PLCE\LB\PLCE_LB_1268.jpg,Potato,LB,closed,eec4a48f944f961c,Late Blight 
Z:\Projects\Smart-Farming\Datasets\final_combined_datasets\PLCE\LB\PLCE_LB_1269.jpg,Potato,LB,closed,aa3fa1f695529642,Late Blight 
Z:\Projects\Smart-Farming\Datasets\final_combined_datasets\PLCE\LB\PLCE_LB_1270.jpg,Potato,LB,closed,bee3b4b5d090c392,Late Blight 
Z:\Projects\Smart-Farming\Datasets\final_combined_datasets\PLCE\LB\PLCE_LB_1271.jpg,Potato,LB,closed,afcce1eac025c335,Late Blight 
Z:\Projects\Smart-Farming\Datasets\final_combined_datasets\PLCE\LB\PLCE_LB_1272.jpg,Potato,LB,closed,eac2e0ca818f9f5c,Late Blight 
Z:\Projects\Smart-Farming\Datasets\final_combined_datasets\PLCE\LB\PLCE_LB_1273.jpg,Potato,LB,closed,beb5a1b5c458949a,Late Blight 
Z:\Projects\Smart-Farming\Datasets\final_combined_datasets\PLCE\LB\PLCE_LB_1274.jpg,Potato,LB,closed,ee69a4a086c65e9e,Late Blight 
Z:\Projects\Smart-Farming\Datasets\final_combined_datasets\PLCE\LB\PLCE_LB_1275.jpg,Potato,LB,closed,eeb6a89684d6c592,Late Blight 
Z:\Projects\Smart-Farming\Datasets\final_combined_datasets\PLCE\LB\PLCE_LB_1276.jpg,Potato,LB,closed,fab1e0a881d58f27,Late Blight 
Z:\Projects\Smart-Farming\Datasets\final_combined_datasets\PLCE\LB\PLCE_LB_1277.jpg,Potato,LB,closed,ee37e0e884b197c1,Late Blight 
Z:\Projects\Smart-Farming\Datasets\final_combined_datasets\PLCE\LB\PLCE_LB_1278.jpg,Potato,LB,closed,eed1a06a85a1d735,Late Blight 
Z:\Projects\Smart-Farming\Datasets\final_combined_datasets\PLCE\LB\PLCE_LB_1279.jpg,Potato,LB,closed,fbe1a507961e921c,Late Blight 
Z:\Projects\Smart-Farming\Datasets\final_combined_datasets\PLCE\LB\PLCE_LB_1280.jpg,Potato,LB,closed,abf0b5bc901e1e38,Late Blight 
Z:\Projects\Smart-Farming\Datasets\final_combined_datasets\PLCE\LB\PLCE_LB_1281.jpg,Potato,LB,closed,bff0b040d183d29f,Late Blight 
Z:\Projects\Smart-Farming\Datasets\final_combined_datasets\PLCE\LB\PLCE_LB_1282.jpg,Potato,LB,closed,ab00b5dbd2698ae5,Late Blight 
Z:\Projects\Smart-Farming\Datasets\final_combined_datasets\PLCE\LB\PLCE_LB_1283.jpg,Potato,LB,closed,ab9af17e90e083a5,Late Blight 
Z:\Projects\Smart-Farming\Datasets\final_combined_datasets\PLCE\LB\PLCE_LB_1284.jpg,Potato,LB,closed,bae0b083d70fca9c,Late Blight 
Z:\Projects\Smart-Farming\Datasets\final_combined_datasets\PLCE\LB\PLCE_LB_1285.jpg,Potato,LB,closed,ff8bb51a900cc2dc,Late Blight 
Z:\Projects\Smart-Farming\Datasets\final_combined_datasets\PLCE\LB\PLCE_LB_1286.jpg,Potato,LB,closed,bee8a484c4d7c696,Late Blight 
Z:\Projects\Smart-Farming\Datasets\final_combined_datasets\PLCE\LB\PLCE_LB_1287.jpg,Potato,LB,closed,babde1f4d2d28142,Late Blight 
Z:\Projects\Smart-Farming\Datasets\final_combined_datasets\PLCE\LB\PLCE_LB_1288.jpg,Potato,LB,closed,aee0a487941fc69e,Late Blight 
Z:\Projects\Smart-Farming\Datasets\final_combined_datasets\PLCE\LB\PLCE_LB_1289.jpg,Potato,LB,closed,bef1b003c23fca68,Late Blight 
Z:\Projects\Smart-Farming\Datasets\final_combined_datasets\PLCE\LB\PLCE_LB_1290.jpg,Potato,LB,closed,eee2a006978fc6b4,Late Blight 
Z:\Projects\Smart-Farming\Datasets\final_combined_datasets\PLCE\LB\PLCE_LB_1291.jpg,Potato,LB,closed,baa5a1d6854a969e,Late Blight 
Z:\Projects\Smart-Farming\Datasets\final_combined_datasets\PLCE\LB\PLCE_LB_1292.jpg,Potato,LB,closed,fe39e06185e19587,Late Blight 
Z:\Projects\Smart-Farming\Datasets\final_combined_datasets\PLCE\LB\PLCE_LB_1293.jpg,Potato,LB,closed,aab5a19595529772,Late Blight 
Z:\Projects\Smart-Farming\Datasets\final_combined_datasets\PLCE\LB\PLCE_LB_1294.jpg,Potato,LB,closed,be7ea50ab0b190f4,Late Blight 
Z:\Projects\Smart-Farming\Datasets\final_combined_datasets\PLCE\LB\PLCE_LB_1295.jpg,Potato,LB,closed,ea5ab0a9c18dcb9c,Late Blight 
Z:\Projects\Smart-Farming\Datasets\final_combined_datasets\PLCE\LB\PLCE_LB_1296.jpg,Potato,LB,closed,f33ca0f09742964f,Late Blight 
Z:\Projects\Smart-Farming\Datasets\final_combined_datasets\PLCE\LB\PLCE_LB_1297.jpg,Potato,LB,closed,bfe0b7419072cb92,Late Blight 
Z:\Projects\Smart-Farming\Datasets\final_combined_datasets\PLCE\LB\PLCE_LB_1298.jpg,Potato,LB,closed,ea5be07b85299661,Late Blight 
Z:\Projects\Smart-Farming\Datasets\final_combined_datasets\PLCE\LB\PLCE_LB_1299.jpg,Potato,LB,closed,ff4ee0ee81a48135,Late Blight 
Z:\Projects\Smart-Farming\Datasets\final_combined_datasets\PLCE\LB\PLCE_LB_1300.jpg,Potato,LB,closed,ff88b0eed141c169,Late Blight 
Z:\Projects\Smart-Farming\Datasets\final_combined_datasets\PLCE\LB\PLCE_LB_1301.jpg,Potato,LB,closed,fa0b812cd03d9ff0,Late Blight 
Z:\Projects\Smart-Farming\Datasets\final_combined_datasets\PLCE\LB\PLCE_LB_1302.jpg,Potato,LB,closed,adb6b472c2e08ba3,Late Blight 
Z:\Projects\Smart-Farming\Datasets\final_combined_datasets\PLCE\LB\PLCE_LB_1303.jpg,Potato,LB,closed,eaa5e40686df86d8,Late Blight 
Z:\Projects\Smart-Farming\Datasets\final_combined_datasets\PLCE\LB\PLCE_LB_1304.jpg,Potato,LB,closed,bbb9e4f8d5c08283,Late Blight 
Z:\Projects\Smart-Farming\Datasets\final_combined_datasets\PLCE\LB\PLCE_LB_1305.jpg,Potato,LB,closed,eab0e11787f69c82,Late Blight 
Z:\Projects\Smart-Farming\Datasets\final_combined_datasets\PLCE\LB\PLCE_LB_1306.jpg,Potato,LB,closed,ffa1a0878557951a,Late Blight 
Z:\Projects\Smart-Farming\Datasets\final_combined_datasets\PLCE\LB\PLCE_LB_1307.jpg,Potato,LB,closed,beb4f050e28bc14f,Late Blight 
Z:\Projects\Smart-Farming\Datasets\final_combined_datasets\PLCE\LB\PLCE_LB_1308.jpg,Potato,LB,closed,bf8cb4bdd0d4c0d0,Late Blight 
Z:\Projects\Smart-Farming\Datasets\final_combined_datasets\PLCE\LB\PLCE_LB_1309.jpg,Potato,LB,closed,aafdb550d1a29352,Late Blight 
Z:\Projects\Smart-Farming\Datasets\final_combined_datasets\PLCE\LB\PLCE_LB_1310.jpg,Potato,LB,closed,aae0b587960d9abc,Late Blight 
Z:\Projects\Smart-Farming\Datasets\final_combined_datasets\PLCE\LB\PLCE_LB_1311.jpg,Potato,LB,closed,abb5f510d26a9271,Late Blight 
Z:\Projects\Smart-Farming\Datasets\final_combined_datasets\PLCE\LB\PLCE_LB_1312.jpg,Potato,LB,closed,fe54e06a83e9cf01,Late Blight 
Z:\Projects\Smart-Farming\Datasets\final_combined_datasets\PLCE\LB\PLCE_LB_1313.jpg,Potato,LB,closed,fbe1e007c54e80fc,Late Blight 
Z:\Projects\Smart-Farming\Datasets\final_combined_datasets\PLCE\LB\PLCE_LB_1314.jpg,Potato,LB,closed,fab1a1f785c29243,Late Blight 
Z:\Projects\Smart-Farming\Datasets\final_combined_datasets\PLCE\LB\PLCE_LB_1315.jpg,Potato,LB,closed,fac4e10e87f4de20,Late Blight 
Z:\Projects\Smart-Farming\Datasets\final_combined_datasets\PLCE\LB\PLCE_LB_1316.jpg,Potato,LB,closed,fe4bb063812197a7,Late Blight 
Z:\Projects\Smart-Farming\Datasets\final_combined_datasets\PLCE\LB\PLCE_LB_1317.jpg,Potato,LB,closed,fe33e0388561c763,Late Blight 
Z:\Projects\Smart-Farming\Datasets\final_combined_datasets\PLCE\LB\PLCE_LB_1318.jpg,Potato,LB,closed,fa57e02a855f8d30,Late Blight 
Z:\Projects\Smart-Farming\Datasets\final_combined_datasets\PLCE\LB\PLCE_LB_1319.jpg,Potato,LB,closed,fecee0cc811e8738,Late Blight 
Z:\Projects\Smart-Farming\Datasets\final_combined_datasets\PLCE\LB\PLCE_LB_1320.jpg,Potato,LB,closed,fa4ae00a87ddc789,Late Blight 
Z:\Projects\Smart-Farming\Datasets\final_combined_datasets\PLCE\LB\PLCE_LB_1321.jpg,Potato,LB,closed,ef62b0a980a5d796,Late Blight 
Z:\Projects\Smart-Farming\Datasets\final_combined_datasets\PLCE\LB\PLCE_LB_1322.jpg,Potato,LB,closed,fa63e00787fed600,Late Blight 
Z:\Projects\Smart-Farming\Datasets\final_combined_datasets\PLCE\LB\PLCE_LB_1323.jpg,Potato,LB,closed,afb5b552c8aa9192,Late Blight 
Z:\Projects\Smart-Farming\Datasets\final_combined_datasets\PLCE\LB\PLCE_LB_1324.jpg,Potato,LB,closed,fa1ae04887eb97c1,Late Blight 
Z:\Projects\Smart-Farming\Datasets\final_combined_datasets\PLCE\LB\PLCE_LB_1325.jpg,Potato,LB,closed,fe96b07a806ac761,Late Blight 
Z:\Projects\Smart-Farming\Datasets\final_combined_datasets\PLCE\LB\PLCE_LB_1326.jpg,Potato,LB,closed,fee0a086961fc23e,Late Blight 
Z:\Projects\Smart-Farming\Datasets\final_combined_datasets\PLCE\LB\PLCE_LB_1327.jpg,Potato,LB,closed,bbceb065d1a4c2d4,Late Blight 
Z:\Projects\Smart-Farming\Datasets\final_combined_datasets\PLCE\LB\PLCE_LB_1328.jpg,Potato,LB,closed,aec8e0a187f596a6,Late Blight 
Z:\Projects\Smart-Farming\Datasets\final_combined_datasets\PLCE\LB\PLCE_LB_1329.jpg,Potato,LB,closed,eac4e48f855e9a38,Late Blight 
Z:\Projects\Smart-Farming\Datasets\final_combined_datasets\PLCE\LB\PLCE_LB_1330.jpg,Potato,LB,closed,eecce106879d962c,Late Blight 
Z:\Projects\Smart-Farming\Datasets\final_combined_datasets\PLCE\LB\PLCE_LB_1331.jpg,Potato,LB,closed,aa1ab4f59280dbd3,Late Blight 
Z:\Projects\Smart-Farming\Datasets\final_combined_datasets\PLCE\LB\PLCE_LB_1332.jpg,Potato,LB,closed,efb8a4fad0038ac3,Late Blight 
Z:\Projects\Smart-Farming\Datasets\final_combined_datasets\PLCE\LB\PLCE_LB_1333.jpg,Potato,LB,closed,be26a4d4d4a2d44f,Late Blight 
Z:\Projects\Smart-Farming\Datasets\final_combined_datasets\PLCE\LB\PLCE_LB_1334.jpg,Potato,LB,closed,ba58f42681bdd730,Late Blight 
Z:\Projects\Smart-Farming\Datasets\final_combined_datasets\PLCE\LB\PLCE_LB_1335.jpg,Potato,LB,closed,bba1b552e07ac079,Late Blight 
Z:\Projects\Smart-Farming\Datasets\final_combined_datasets\PLCE\LB\PLCE_LB_1336.jpg,Potato,LB,closed,fae8e041a10fd72e,Late Blight 
Z:\Projects\Smart-Farming\Datasets\final_combined_datasets\PLCE\LB\PLCE_LB_1337.jpg,Potato,LB,closed,ff8ab09d8442d3e8,Late Blight 
Z:\Projects\Smart-Farming\Datasets\final_combined_datasets\PLCE\LB\PLCE_LB_1338.jpg,Potato,LB,closed,fa50f4ba8403c76b,Late Blight 
Z:\Projects\Smart-Farming\Datasets\final_combined_datasets\PLCE\LB\PLCE_LB_1339.jpg,Potato,LB,closed,f3b0f187801fda38,Late Blight 
Z:\Projects\Smart-Farming\Datasets\final_combined_datasets\PLCE\LB\PLCE_LB_1340.jpg,Potato,LB,closed,eac5e58e947c902b,Late Blight 
Z:\Projects\Smart-Farming\Datasets\final_combined_datasets\PLCE\LB\PLCE_LB_1341.jpg,Potato,LB,closed,fb83e0ae8590971e,Late Blight 
Z:\Projects\Smart-Farming\Datasets\final_combined_datasets\PLCE\LB\PLCE_LB_1342.jpg,Potato,LB,closed,bf99b489d0d5c06c,Late Blight 
Z:\Projects\Smart-Farming\Datasets\final_combined_datasets\PLCE\LB\PLCE_LB_1343.jpg,Potato,LB,closed,fa1de0788570c763,Late Blight 
Z:\Projects\Smart-Farming\Datasets\final_combined_datasets\PLCE\LB\PLCE_LB_1344.jpg,Potato,LB,closed,fabfe0f087229681,Late Blight 
Z:\Projects\Smart-Farming\Datasets\final_combined_datasets\PLCE\LB\PLCE_LB_1345.jpg,Potato,LB,closed,eae8e40587bf9614,Late Blight 
Z:\Projects\Smart-Farming\Datasets\final_combined_datasets\PLCE\LB\PLCE_LB_1346.jpg,Potato,LB,closed,aec2e5d7d486829a,Late Blight 
Z:\Projects\Smart-Farming\Datasets\final_combined_datasets\PLCE\LB\PLCE_LB_1347.jpg,Potato,LB,closed,ba37b074dbe048c5,Late Blight 
Z:\Projects\Smart-Farming\Datasets\final_combined_datasets\PLCE\LB\PLCE_LB_1348.jpg,Potato,LB,closed,fee9e409849d9d90,Late Blight 
Z:\Projects\Smart-Farming\Datasets\final_combined_datasets\PLCE\LB\PLCE_LB_1349.jpg,Potato,LB,closed,ab14f40ac27bce69,Late Blight 
Z:\Projects\Smart-Farming\Datasets\final_combined_datasets\PLCE\LB\PLCE_LB_1350.jpg,Potato,LB,closed,aa43b5f3d2d4920e,Late Blight 
Z:\Projects\Smart-Farming\Datasets\final_combined_datasets\PLCE\LB\PLCE_LB_1351.jpg,Potato,LB,closed,ff62e04d93299345,Late Blight 
Z:\Projects\Smart-Farming\Datasets\final_combined_datasets\PLCE\LB\PLCE_LB_1352.jpg,Potato,LB,closed,aa87e19685569e9a,Late Blight 
Z:\Projects\Smart-Farming\Datasets\final_combined_datasets\PLCE\LB\PLCE_LB_1353.jpg,Potato,LB,closed,ee4fc1da95689071,Late Blight 
Z:\Projects\Smart-Farming\Datasets\final_combined_datasets\PLCE\LB\PLCE_LB_1354.jpg,Potato,LB,closed,aa0fb1dc95d89748,Late Blight 
Z:\Projects\Smart-Farming\Datasets\final_combined_datasets\PLCE\LB\PLCE_LB_1355.jpg,Potato,LB,closed,aa61b543954792af,Late Blight 
Z:\Projects\Smart-Farming\Datasets\final_combined_datasets\PLCE\LB\PLCE_LB_1356.jpg,Potato,LB,closed,fe50e10b832fc768,Late Blight 
Z:\Projects\Smart-Farming\Datasets\final_combined_datasets\PLCE\LB\PLCE_LB_1357.jpg,Potato,LB,closed,bfb0b1c0904bd34f,Late Blight 
Z:\Projects\Smart-Farming\Datasets\final_combined_datasets\PLCE\LB\PLCE_LB_1358.jpg,Potato,LB,closed,aa0be15487d9d58b,Late Blight 
Z:\Projects\Smart-Farming\Datasets\final_combined_datasets\PLCE\LB\PLCE_LB_1359.jpg,Potato,LB,closed,fa4fe0e885a19d85,Late Blight 
Z:\Projects\Smart-Farming\Datasets\final_combined_datasets\PLCE\LB\PLCE_LB_1360.jpg,Potato,LB,closed,eee2e12797ad8604,Late Blight 
Z:\Projects\Smart-Farming\Datasets\final_combined_datasets\PLCE\LB\PLCE_LB_1361.jpg,Potato,LB,closed,bbafa110b434f076,Late Blight 
Z:\Projects\Smart-Farming\Datasets\final_combined_datasets\PLCE\LB\PLCE_LB_1362.jpg,Potato,LB,closed,fad2e00585ffc702,Late Blight 
Z:\Projects\Smart-Farming\Datasets\final_combined_datasets\PLCE\LB\PLCE_LB_1363.jpg,Potato,LB,closed,ff42a02f952f8724,Late Blight 
Z:\Projects\Smart-Farming\Datasets\final_combined_datasets\PLCE\LB\PLCE_LB_1364.jpg,Potato,LB,closed,fb68f44580acd3e4,Late Blight 
Z:\Projects\Smart-Farming\Datasets\final_combined_datasets\PLCE\LB\PLCE_LB_1365.jpg,Potato,LB,closed,fb5ae0eac02983e5,Late Blight 
Z:\Projects\Smart-Farming\Datasets\final_combined_datasets\PLCE\LB\PLCE_LB_1366.jpg,Potato,LB,closed,bf40b0a5d226d8f6,Late Blight 
Z:\Projects\Smart-Farming\Datasets\final_combined_datasets\PLCE\LB\PLCE_LB_1367.jpg,Potato,LB,closed,ebf0a116c714c6ea,Late Blight 
Z:\Projects\Smart-Farming\Datasets\final_combined_datasets\PLCE\LB\PLCE_LB_1368.jpg,Potato,LB,closed,eaf4a823d5378156,Late Blight 
Z:\Projects\Smart-Farming\Datasets\final_combined_datasets\PLCE\LB\PLCE_LB_1369.jpg,Potato,LB,closed,ea1ae17885e98f61,Late Blight 
Z:\Projects\Smart-Farming\Datasets\final_combined_datasets\PLCE\LB\PLCE_LB_1370.jpg,Potato,LB,closed,fa1df53c8058c749,Late Blight 
Z:\Projects\Smart-Farming\Datasets\final_combined_datasets\PLCE\LB\PLCE_LB_1371.jpg,Potato,LB,closed,ff49b0efd1058294,Late Blight 
Z:\Projects\Smart-Farming\Datasets\final_combined_datasets\PLCE\LB\PLCE_LB_1372.jpg,Potato,LB,closed,ee36e075c52085e7,Late Blight 
Z:\Projects\Smart-Farming\Datasets\final_combined_datasets\PLCE\LB\PLCE_LB_1373.jpg,Potato,LB,closed,ef6ae4a180bdc714,Late Blight 
Z:\Projects\Smart-Farming\Datasets\final_combined_datasets\PLCE\LB\PLCE_LB_1374.jpg,Potato,LB,closed,eed4e486851fd41a,Late Blight 
Z:\Projects\Smart-Farming\Datasets\final_combined_datasets\PLCE\LB\PLCE_LB_1375.jpg,Potato,LB,closed,eba9e45d85c085cb,Late Blight 
Z:\Projects\Smart-Farming\Datasets\final_combined_datasets\PLCE\LB\PLCE_LB_1376.jpg,Potato,LB,closed,ae52f4ad82d49f0a,Late Blight 
Z:\Projects\Smart-Farming\Datasets\final_combined_datasets\PLCE\LB\PLCE_LB_1377.jpg,Potato,LB,closed,bf42b1abd015d22e,Late Blight 
Z:\Projects\Smart-Farming\Datasets\final_combined_datasets\PLCE\LB\PLCE_LB_1378.jpg,Potato,LB,closed,fbe0a103953fd21c,Late Blight 
Z:\Projects\Smart-Farming\Datasets\final_combined_datasets\PLCE\LB\PLCE_LB_1379.jpg,Potato,LB,closed,aa17e1f8878096f3,Late Blight 
Z:\Projects\Smart-Farming\Datasets\final_combined_datasets\PLCE\LB\PLCE_LB_1380.jpg,Potato,LB,closed,ba1ba1f8d52192f1,Late Blight 
Z:\Projects\Smart-Farming\Datasets\final_combined_datasets\PLCE\LB\PLCE_LB_1381.jpg,Potato,LB,closed,efc9a04e900e9f3c,Late Blight 
Z:\Projects\Smart-Farming\Datasets\final_combined_datasets\PLCE\LB\PLCE_LB_1382.jpg,Potato,LB,closed,eae0a10fd72e90bc,Late Blight 
Z:\Projects\Smart-Farming\Datasets\final_combined_datasets\PLCE\LB\PLCE_LB_1383.jpg,Potato,LB,closed,afc5a44bd20f8a9c,Late Blight 
Z:\Projects\Smart-Farming\Datasets\final_combined_datasets\PLCE\LB\PLCE_LB_1384.jpg,Potato,LB,closed,bff4b190d052d24b,Late Blight 
Z:\Projects\Smart-Farming\Datasets\final_combined_datasets\PLCE\LB\PLCE_LB_1385.jpg,Potato,LB,closed,fee0a007d53f8a1c,Late Blight 
Z:\Projects\Smart-Farming\Datasets\final_combined_datasets\PLCE\LB\PLCE_LB_1386.jpg,Potato,LB,closed,fa40e08b85bf971c,Late Blight 
Z:\Projects\Smart-Farming\Datasets\final_combined_datasets\PLCE\LB\PLCE_LB_1387.jpg,Potato,LB,closed,ab01e0ffc54487ae,Late Blight 
Z:\Projects\Smart-Farming\Datasets\final_combined_datasets\PLCE\LB\PLCE_LB_1388.jpg,Potato,LB,closed,ae46e4ee85c585b8,Late Blight 
Z:\Projects\Smart-Farming\Datasets\final_combined_datasets\PLCE\LB\PLCE_LB_1389.jpg,Potato,LB,closed,ea36a5f08707965a,Late Blight 
Z:\Projects\Smart-Farming\Datasets\final_combined_datasets\PLCE\LB\PLCE_LB_1390.jpg,Potato,LB,closed,aaf4b502d0cbd24f,Late Blight 
Z:\Projects\Smart-Farming\Datasets\final_combined_datasets\PLCE\LB\PLCE_LB_1391.jpg,Potato,LB,closed,aa1de1b487d296c3,Late Blight 
Z:\Projects\Smart-Farming\Datasets\final_combined_datasets\PLCE\LB\PLCE_LB_1392.jpg,Potato,LB,closed,abc1b14fd28a925d,Late Blight 
Z:\Projects\Smart-Farming\Datasets\final_combined_datasets\PLCE\LB\PLCE_LB_1393.jpg,Potato,LB,closed,ae0db5fed050d2a2,Late Blight 
Z:\Projects\Smart-Farming\Datasets\final_combined_datasets\PLCE\LB\PLCE_LB_1394.jpg,Potato,LB,closed,eba1e05687069e7a,Late Blight 
Z:\Projects\Smart-Farming\Datasets\final_combined_datasets\PLCE\LB\PLCE_LB_1395.jpg,Potato,LB,closed,be94f05ac3498579,Late Blight 
Z:\Projects\Smart-Farming\Datasets\final_combined_datasets\PLCE\LB\PLCE_LB_1396.jpg,Potato,LB,closed,eac6e0aa851d9e3c,Late Blight 
Z:\Projects\Smart-Farming\Datasets\final_combined_datasets\PLCE\LB\PLCE_LB_1397.jpg,Potato,LB,closed,ebe8a18fd50dd890,Late Blight 
Z:\Projects\Smart-Farming\Datasets\final_combined_datasets\PLCE\LB\PLCE_LB_1398.jpg,Potato,LB,closed,fec2e0cf800d973c,Late Blight 
Z:\Projects\Smart-Farming\Datasets\final_combined_datasets\PLCE\LB\PLCE_LB_1399.jpg,Potato,LB,closed,afa5f442c24b971c,Late Blight 
Z:\Projects\Smart-Farming\Datasets\final_combined_datasets\PLCE\LB\PLCE_LB_1400.jpg,Potato,LB,closed,aaf4b582d40f921f,Late Blight 
Z:\Projects\Smart-Farming\Datasets\final_combined_datasets\PLCE\LB\PLCE_LB_1401.jpg,Potato,LB,closed,ba9db456d08ac2d9,Late Blight 
Z:\Projects\Smart-Farming\Datasets\final_combined_datasets\PLCE\LB\PLCE_LB_1402.jpg,Potato,LB,closed,eec4e41c953e86f0,Late Blight 
Z:\Projects\Smart-Farming\Datasets\final_combined_datasets\PLCE\LB\PLCE_LB_1403.jpg,Potato,LB,closed,aa1ea1b287d3d683,Late Blight 
Z:\Projects\Smart-Farming\Datasets\final_combined_datasets\PLCE\LB\PLCE_LB_1404.jpg,Potato,LB,closed,ef3fa0f094c3d203,Late Blight 
Z:\Projects\Smart-Farming\Datasets\final_combined_datasets\PLCE\LB\PLCE_LB_1405.jpg,Potato,LB,closed,efe0e107851ed638,Late Blight 
Z:\Projects\Smart-Farming\Datasets\final_combined_datasets\PLCE\LB\PLCE_LB_1406.jpg,Potato,LB,closed,af7db500d201c2ef,Late Blight 
Z:\Projects\Smart-Farming\Datasets\final_combined_datasets\PLCE\LB\PLCE_LB_1407.jpg,Potato,LB,closed,eaa5e495c61e861e,Late Blight 
Z:\Projects\Smart-Farming\Datasets\final_combined_datasets\PLCE\LB\PLCE_LB_1408.jpg,Potato,LB,closed,efe4a080d58f961e,Late Blight 
Z:\Projects\Smart-Farming\Datasets\final_combined_datasets\PLCE\LB\PLCE_LB_1409.jpg,Potato,LB,closed,ab4af4a9c085c5d7,Late Blight 
Z:\Projects\Smart-Farming\Datasets\final_combined_datasets\PLCE\LB\PLCE_LB_1410.jpg,Potato,LB,closed,eabde1d481c2994b,Late Blight 
Z:\Projects\Smart-Farming\Datasets\final_combined_datasets\PLCE\LB\PLCE_LB_1411.jpg,Potato,LB,closed,ea66e10785af9634,Late Blight 
Z:\Projects\Smart-Farming\Datasets\final_combined_datasets\PLCE\LB\PLCE_LB_1412.jpg,Potato,LB,closed,ff68a0ec85841f96,Late Blight 
Z:\Projects\Smart-Farming\Datasets\final_combined_datasets\PLCE\LB\PLCE_LB_1413.jpg,Potato,LB,closed,ffe0b4a58285d316,Late Blight 
Z:\Projects\Smart-Farming\Datasets\final_combined_datasets\PLCE\LB\PLCE_LB_1414.jpg,Potato,LB,closed,ffbcf056c04887c1,Late Blight 
Z:\Projects\Smart-Farming\Datasets\final_combined_datasets\PLCE\LB\PLCE_LB_1415.jpg,Potato,LB,closed,fe1ce0b885e097e1,Late Blight 
Z:\Projects\Smart-Farming\Datasets\final_combined_datasets\PLCE\LB\PLCE_LB_1416.jpg,Potato,LB,closed,bfb1f153825b850c,Late Blight 
Z:\Projects\Smart-Farming\Datasets\final_combined_datasets\PLCE\LB\PLCE_LB_1417.jpg,Potato,LB,closed,ae70b521d257d2aa,Late Blight 
Z:\Projects\Smart-Farming\Datasets\final_combined_datasets\PLCE\LB\PLCE_LB_1418.jpg,Potato,LB,closed,af4eb5a0d0c5d296,Late Blight 
Z:\Projects\Smart-Farming\Datasets\final_combined_datasets\PLCE\LB\PLCE_LB_1419.jpg,Potato,LB,closed,aae6f5c6a003d22f,Late Blight 
Z:\Projects\Smart-Farming\Datasets\final_combined_datasets\PLCE\LB\PLCE_LB_1420.jpg,Potato,LB,closed,be83b493d05fc22a,Late Blight 
Z:\Projects\Smart-Farming\Datasets\final_combined_datasets\PLCE\LB\PLCE_LB_1421.jpg,Potato,LB,closed,ab85f5ded0ae8214,Late Blight 
Z:\Projects\Smart-Farming\Datasets\final_combined_datasets\PLCE\LB\PLCE_LB_1422.jpg,Potato,LB,closed,aa42a58f960d96fc,Late Blight 
Z:\Projects\Smart-Farming\Datasets\final_combined_datasets\PLCE\LB\PLCE_LB_1423.jpg,Potato,LB,closed,ea1be4e8a5c19587,Late Blight 
Z:\Projects\Smart-Farming\Datasets\final_combined_datasets\PLCE\LB\PLCE_LB_1424.jpg,Potato,LB,closed,fa93b0998169cb69,Late Blight 
Z:\Projects\Smart-Farming\Datasets\final_combined_datasets\PLCE\LB\PLCE_LB_1425.jpg,Potato,LB,closed,bfc4a581c08fd24f,Late Blight 
Z:\Projects\Smart-Farming\Datasets\final_combined_datasets\PLCE\LB\PLCE_LB_1426.jpg,Potato,LB,closed,efb2e05485ba9e18,Late Blight 
Z:\Projects\Smart-Farming\Datasets\final_combined_datasets\PLCE\LB\PLCE_LB_1427.jpg,Potato,LB,closed,fa3ea470858296db,Late Blight 
Z:\Projects\Smart-Farming\Datasets\final_combined_datasets\PLCE\LB\PLCE_LB_1428.jpg,Potato,LB,closed,aa48e10b87fd8675,Late Blight 
Z:\Projects\Smart-Farming\Datasets\final_combined_datasets\PLCE\LB\PLCE_LB_1429.jpg,Potato,LB,closed,bfeca074c7a04e52,Late Blight 
Z:\Projects\Smart-Farming\Datasets\final_combined_datasets\PLCE\LB\PLCE_LB_1430.jpg,Potato,LB,closed,fa9ce0f4871087da,Late Blight 
Z:\Projects\Smart-Farming\Datasets\final_combined_datasets\PLCE\LB\PLCE_LB_1431.jpg,Potato,LB,closed,fa96b07a8348876d,Late Blight 
Z:\Projects\Smart-Farming\Datasets\final_combined_datasets\PLCE\LB\PLCE_LB_1432.jpg,Potato,LB,closed,fe1fa0dc95d0d290,Late Blight 
Z:\Projects\Smart-Farming\Datasets\final_combined_datasets\PLCE\LB\PLCE_LB_1433.jpg,Potato,LB,closed,bbe1b4c5800bd74e,Late Blight 
Z:\Projects\Smart-Farming\Datasets\final_combined_datasets\PLCE\LB\PLCE_LB_1434.jpg,Potato,LB,closed,bac0b08e850fdcbe,Late Blight 
Z:\Projects\Smart-Farming\Datasets\final_combined_datasets\PLCE\LB\PLCE_LB_1435.jpg,Potato,LB,closed,eee2e10b852dd83c,Late Blight 
Z:\Projects\Smart-Farming\Datasets\final_combined_datasets\PLCE\LB\PLCE_LB_1436.jpg,Potato,LB,closed,fbc4a184854fd70e,Late Blight 
Z:\Projects\Smart-Farming\Datasets\final_combined_datasets\PLCE\LB\PLCE_LB_1437.jpg,Potato,LB,closed,faf0a103d5be8296,Late Blight 
Z:\Projects\Smart-Farming\Datasets\final_combined_datasets\PLCE\LB\PLCE_LB_1438.jpg,Potato,LB,closed,aef4a4aac4258677,Late Blight 
Z:\Projects\Smart-Farming\Datasets\final_combined_datasets\PLCE\LB\PLCE_LB_1439.jpg,Potato,LB,closed,fadae02187bd9701,Late Blight 
Z:\Projects\Smart-Farming\Datasets\final_combined_datasets\PLCE\LB\PLCE_LB_1440.jpg,Potato,LB,closed,fea5e442c15ac729,Late Blight 
Z:\Projects\Smart-Farming\Datasets\final_combined_datasets\PLCE\LB\PLCE_LB_1441.jpg,Potato,LB,closed,fac5e08f85fc8518,Late Blight 
Z:\Projects\Smart-Farming\Datasets\final_combined_datasets\PLCE\LB\PLCE_LB_1442.jpg,Potato,LB,closed,ff81b43fd4b89018,Late Blight 
Z:\Projects\Smart-Farming\Datasets\final_combined_datasets\PLCE\LB\PLCE_LB_1443.jpg,Potato,LB,closed,fa8fa0dc95c097c4,Late Blight 
Z:\Projects\Smart-Farming\Datasets\final_combined_datasets\PLCE\LB\PLCE_LB_1444.jpg,Potato,LB,closed,faa4b106c77acb81,Late Blight 
Z:\Projects\Smart-Farming\Datasets\final_combined_datasets\PLCE\LB\PLCE_LB_1445.jpg,Potato,LB,closed,bbd9b0a8c1b58794,Late Blight 
Z:\Projects\Smart-Farming\Datasets\final_combined_datasets\PLCE\LB\PLCE_LB_1446.jpg,Potato,LB,closed,ead8c50b963d9235,Late Blight 
Z:\Projects\Smart-Farming\Datasets\final_combined_datasets\PLCE\LB\PLCE_LB_1447.jpg,Potato,LB,closed,bee8b501d507c29e,Late Blight 
Z:\Projects\Smart-Farming\Datasets\final_combined_datasets\PLCE\LB\PLCE_LB_1448.jpg,Potato,LB,closed,bf35a012d15ad74a,Late Blight 
Z:\Projects\Smart-Farming\Datasets\final_combined_datasets\PLCE\LB\PLCE_LB_1449.jpg,Potato,LB,closed,ae31b521d0738a3f,Late Blight 
Z:\Projects\Smart-Farming\Datasets\final_combined_datasets\PLCE\LB\PLCE_LB_1450.jpg,Potato,LB,closed,fae0e00f873c94f8,Late Blight 
Z:\Projects\Smart-Farming\Datasets\final_combined_datasets\PLCE\LB\PLCE_LB_1451.jpg,Potato,LB,closed,be9ea1ded4d88248,Late Blight 
Z:\Projects\Smart-Farming\Datasets\final_combined_datasets\PLCE\LB\PLCE_LB_1452.jpg,Potato,LB,closed,eeb0a031853f96e3,Late Blight 
Z:\Projects\Smart-Farming\Datasets\final_combined_datasets\PLCE\LB\PLCE_LB_1453.jpg,Potato,LB,closed,fab6e09685d19703,Late Blight 
Z:\Projects\Smart-Farming\Datasets\final_combined_datasets\PLCE\LB\PLCE_LB_1454.jpg,Potato,LB,closed,ae39e47094e29ac7,Late Blight 
Z:\Projects\Smart-Farming\Datasets\final_combined_datasets\PLCE\LB\PLCE_LB_1455.jpg,Potato,LB,closed,ff40b0fcd000c37f,Late Blight 
Z:\Projects\Smart-Farming\Datasets\final_combined_datasets\PLCE\LB\PLCE_LB_1456.jpg,Potato,LB,closed,bf84e48b8254dfa8,Late Blight 
Z:\Projects\Smart-Farming\Datasets\final_combined_datasets\PLCE\LB\PLCE_LB_1457.jpg,Potato,LB,closed,fae0b12f9374d302,Late Blight 
Z:\Projects\Smart-Farming\Datasets\final_combined_datasets\PLCE\LB\PLCE_LB_1458.jpg,Potato,LB,closed,fec9a059818b979c,Late Blight 
Z:\Projects\Smart-Farming\Datasets\final_combined_datasets\PLCE\LB\PLCE_LB_1459.jpg,Potato,LB,closed,aec0e50fd6fc8a18,Late Blight 
Z:\Projects\Smart-Farming\Datasets\final_combined_datasets\PLCE\LB\PLCE_LB_1460.jpg,Potato,LB,closed,bec4b4aa9017d25e,Late Blight 
Z:\Projects\Smart-Farming\Datasets\final_combined_datasets\PLCE\LB\PLCE_LB_1461.jpg,Potato,LB,closed,bbbaa011d54b82eb,Late Blight 
Z:\Projects\Smart-Farming\Datasets\final_combined_datasets\PLCE\LB\PLCE_LB_1462.jpg,Potato,LB,closed,fbb0a113d75bc029,Late Blight 
Z:\Projects\Smart-Farming\Datasets\final_combined_datasets\PLCE\LB\PLCE_LB_1463.jpg,Potato,LB,closed,afe4e4c6c28a1b95,Late Blight 
Z:\Projects\Smart-Farming\Datasets\final_combined_datasets\PLCE\LB\PLCE_LB_1464.jpg,Potato,LB,closed,afc2b4afd0c581c6,Late Blight 
Z:\Projects\Smart-Farming\Datasets\final_combined_datasets\PLCE\LB\PLCE_LB_1465.jpg,Potato,LB,closed,bfe2b0a4c2878597,Late Blight 
Z:\Projects\Smart-Farming\Datasets\final_combined_datasets\PLCE\LB\PLCE_LB_1466.jpg,Potato,LB,closed,bf0cb0acd4f4d2b0,Late Blight 
Z:\Projects\Smart-Farming\Datasets\final_combined_datasets\PLCE\LB\PLCE_LB_1467.jpg,Potato,LB,closed,aa5ef5ba8050c7b1,Late Blight 
Z:\Projects\Smart-Farming\Datasets\final_combined_datasets\PLCE\LB\PLCE_LB_1468.jpg,Potato,LB,closed,bb6eb0a091b19f92,Late Blight 
Z:\Projects\Smart-Farming\Datasets\final_combined_datasets\PLCE\LB\PLCE_LB_1469.jpg,Potato,LB,closed,bfbcf048d2b48760,Late Blight 
Z:\Projects\Smart-Farming\Datasets\final_combined_datasets\PLCE\LB\PLCE_LB_1470.jpg,Potato,LB,closed,efd8b0bfd5158280,Late Blight 
Z:\Projects\Smart-Farming\Datasets\final_combined_datasets\PLCE\LB\PLCE_LB_1471.jpg,Potato,LB,closed,aeb5e0d2831a875b,Late Blight 
Z:\Projects\Smart-Farming\Datasets\final_combined_datasets\PLCE\LB\PLCE_LB_1472.jpg,Potato,LB,closed,aae0e507968fd25c,Late Blight 
Z:\Projects\Smart-Farming\Datasets\final_combined_datasets\PLCE\LB\PLCE_LB_1473.jpg,Potato,LB,closed,bfb4b116d05ac32a,Late Blight 
Z:\Projects\Smart-Farming\Datasets\final_combined_datasets\PLCE\LB\PLCE_LB_1474.jpg,Potato,LB,closed,bbadb554905a815b,Late Blight 
Z:\Projects\Smart-Farming\Datasets\final_combined_datasets\PLCE\LB\PLCE_LB_1475.jpg,Potato,LB,closed,ba54bdaab075d016,Late Blight 
Z:\Projects\Smart-Farming\Datasets\final_combined_datasets\PLCE\LB\PLCE_LB_1476.jpg,Potato,LB,closed,ab0eb0ad8bd4d594,Late Blight 
Z:\Projects\Smart-Farming\Datasets\final_combined_datasets\PLCE\LB\PLCE_LB_1477.jpg,Potato,LB,closed,afcbf02b81359714,Late Blight 
Z:\Projects\Smart-Farming\Datasets\final_combined_datasets\PLCE\LB\PLCE_LB_1478.jpg,Potato,LB,closed,fbade1c88551c38a,Late Blight 
Z:\Projects\Smart-Farming\Datasets\final_combined_datasets\PLCE\LB\PLCE_LB_1479.jpg,Potato,LB,closed,be4bb0aed0e4d2c4,Late Blight 
Z:\Projects\Smart-Farming\Datasets\final_combined_datasets\PLCE\LB\PLCE_LB_1480.jpg,Potato,LB,closed,ba46f0aec0b78d92,Late Blight 
Z:\Projects\Smart-Farming\Datasets\final_combined_datasets\PLCE\LB\PLCE_LB_1481.jpg,Potato,LB,closed,ea3da5f1d4c28253,Late Blight 
Z:\Projects\Smart-Farming\Datasets\final_combined_datasets\PLCE\LB\PLCE_LB_1482.jpg,Potato,LB,closed,ba6eb8649035cbb4,Late Blight 
Z:\Projects\Smart-Farming\Datasets\final_combined_datasets\PLCE\LB\PLCE_LB_1483.jpg,Potato,LB,closed,bf0db47fd4e88201,Late Blight 
Z:\Projects\Smart-Farming\Datasets\final_combined_datasets\PLCE\LB\PLCE_LB_1484.jpg,Potato,LB,closed,bf8ea51d9408d0fc,Late Blight 
Z:\Projects\Smart-Farming\Datasets\final_combined_datasets\PLCE\LB\PLCE_LB_1485.jpg,Potato,LB,closed,bb99b1d991489399,Late Blight 
Z:\Projects\Smart-Farming\Datasets\final_combined_datasets\PLCE\LB\PLCE_LB_1486.jpg,Potato,LB,closed,be19e479d2e0cac1,Late Blight 
Z:\Projects\Smart-Farming\Datasets\final_combined_datasets\PLCE\LB\PLCE_LB_1487.jpg,Potato,LB,closed,afc895e8c2a5c1d5,Late Blight 
Z:\Projects\Smart-Farming\Datasets\final_combined_datasets\PLCE\LB\PLCE_LB_1488.jpg,Potato,LB,closed,eacae42b84958ebc,Late Blight 
Z:\Projects\Smart-Farming\Datasets\final_combined_datasets\PLCE\LB\PLCE_LB_1489.jpg,Potato,LB,closed,bfdab0a0caa78986,Late Blight 
Z:\Projects\Smart-Farming\Datasets\final_combined_datasets\PLCE\LB\PLCE_LB_1490.jpg,Potato,LB,closed,ead8e00d85fd9e24,Late Blight 
Z:\Projects\Smart-Farming\Datasets\final_combined_datasets\PLCE\LB\PLCE_LB_1491.jpg,Potato,LB,closed,ea5ee0e885418f9d,Late Blight 
Z:\Projects\Smart-Farming\Datasets\final_combined_datasets\PLCE\LB\PLCE_LB_1492.jpg,Potato,LB,closed,eae8a105c7ae94b5,Late Blight 
Z:\Projects\Smart-Farming\Datasets\final_combined_datasets\PLCE\LB\PLCE_LB_1493.jpg,Potato,LB,closed,bf60f1a880a5cd97,Late Blight 
Z:\Projects\Smart-Farming\Datasets\final_combined_datasets\PLCE\LB\PLCE_LB_1494.jpg,Potato,LB,closed,aef0bfe09460962b,Late Blight 
Z:\Projects\Smart-Farming\Datasets\final_combined_datasets\PLCE\LB\PLCE_LB_1495.jpg,Potato,LB,closed,bb64b165853784ba,Late Blight 
Z:\Projects\Smart-Farming\Datasets\final_combined_datasets\PLCE\LB\PLCE_LB_1496.jpg,Potato,LB,closed,eb1fa5f085c190a7,Late Blight 
Z:\Projects\Smart-Farming\Datasets\final_combined_datasets\PLCE\LB\PLCE_LB_1497.jpg,Potato,LB,closed,bae3b50f9cb5c012,Late Blight 
Z:\Projects\Smart-Farming\Datasets\final_combined_datasets\PLCE\LB\PLCE_LB_1498.jpg,Potato,LB,closed,eacae0c982af9734,Late Blight 
Z:\Projects\Smart-Farming\Datasets\final_combined_datasets\PLCE\LB\PLCE_LB_1499.jpg,Potato,LB,closed,eb9ca5a695c2964a,Late Blight 
Z:\Projects\Smart-Farming\Datasets\final_combined_datasets\PLCE\LB\PLCE_LB_1500.jpg,Potato,LB,closed,eaa5e5d285529e8a,Late Blight 
Z:\Projects\Smart-Farming\Datasets\final_combined_datasets\PLCE\LB\PLCE_LB_1501.jpg,Potato,LB,closed,fa3fe0f09a528853,Late Blight 
Z:\Projects\Smart-Farming\Datasets\final_combined_datasets\PLCE\LB\PLCE_LB_1502.jpg,Potato,LB,closed,fa35e03581548f57,Late Blight 
Z:\Projects\Smart-Farming\Datasets\final_combined_datasets\PLCE\LB\PLCE_LB_1503.jpg,Potato,LB,closed,ab14b1ab95d9d350,Late Blight 
Z:\Projects\Smart-Farming\Datasets\final_combined_datasets\PLCE\LB\PLCE_LB_1504.jpg,Potato,LB,closed,ead8e08385cf96a5,Late Blight 
Z:\Projects\Smart-Farming\Datasets\final_combined_datasets\PLCE\LB\PLCE_LB_1505.jpg,Potato,LB,closed,af60d017c29e6dd8,Late Blight 
Z:\Projects\Smart-Farming\Datasets\final_combined_datasets\PLCE\LB\PLCE_LB_1506.jpg,Potato,LB,closed,af5bb50890fcd238,Late Blight 
Z:\Projects\Smart-Farming\Datasets\final_combined_datasets\PLCE\LB\PLCE_LB_1507.jpg,Potato,LB,closed,ba48e10bd7ad82bc,Late Blight 
Z:\Projects\Smart-Farming\Datasets\final_combined_datasets\PLCE\LB\PLCE_LB_1508.jpg,Potato,LB,closed,bf0fb0f8c6c0d261,Late Blight 
Z:\Projects\Smart-Farming\Datasets\final_combined_datasets\PLCE\LB\PLCE_LB_1509.jpg,Potato,LB,closed,bb92e4c1815b97b8,Late Blight 
Z:\Projects\Smart-Farming\Datasets\final_combined_datasets\PLCE\LB\PLCE_LB_1510.jpg,Potato,LB,closed,eab4e516854e9e4a,Late Blight 
Z:\Projects\Smart-Farming\Datasets\final_combined_datasets\PLCE\LB\PLCE_LB_1511.jpg,Potato,LB,closed,bf93b07ac131c2e1,Late Blight 
Z:\Projects\Smart-Farming\Datasets\final_combined_datasets\PLCE\LB\PLCE_LB_1512.jpg,Potato,LB,closed,fad0e02ac50b9f99,Late Blight 
Z:\Projects\Smart-Farming\Datasets\final_combined_datasets\PLCE\LB\PLCE_LB_1513.jpg,Potato,LB,closed,bf12f0ebc2d0838b,Late Blight 
Z:\Projects\Smart-Farming\Datasets\final_combined_datasets\PLCE\LB\PLCE_LB_1514.jpg,Potato,LB,closed,ee95e1d681d2871a,Late Blight 
Z:\Projects\Smart-Farming\Datasets\final_combined_datasets\PLCE\LB\PLCE_LB_1515.jpg,Potato,LB,closed,fee0a587968c929c,Late Blight 
Z:\Projects\Smart-Farming\Datasets\final_combined_datasets\PLCE\LB\PLCE_LB_1516.jpg,Potato,LB,closed,ef85f45e820a873c,Late Blight 
Z:\Projects\Smart-Farming\Datasets\final_combined_datasets\PLCE\LB\PLCE_LB_1517.jpg,Potato,LB,closed,eee4e005c517d43e,Late Blight 
Z:\Projects\Smart-Farming\Datasets\final_combined_datasets\PLCE\LB\PLCE_LB_1518.jpg,Potato,LB,closed,bef9b080d02dc39d,Late Blight 
Z:\Projects\Smart-Farming\Datasets\final_combined_datasets\PLCE\LB\PLCE_LB_1519.jpg,Potato,LB,closed,be4ae03d85858f95,Late Blight 
Z:\Projects\Smart-Farming\Datasets\final_combined_datasets\PLCE\LB\PLCE_LB_1520.jpg,Potato,LB,closed,eec8b087d65e82ca,Late Blight 
Z:\Projects\Smart-Farming\Datasets\final_combined_datasets\PLCE\LB\PLCE_LB_1521.jpg,Potato,LB,closed,fff2b4a09085c396,Late Blight 
Z:\Projects\Smart-Farming\Datasets\final_combined_datasets\PLCE\LB\PLCE_LB_1522.jpg,Potato,LB,closed,ffa4e096c412c37a,Late Blight 
Z:\Projects\Smart-Farming\Datasets\final_combined_datasets\PLCE\LB\PLCE_LB_1523.jpg,Potato,LB,closed,fe5ec1e8c7818c83,Late Blight 
Z:\Projects\Smart-Farming\Datasets\final_combined_datasets\PLCE\LB\PLCE_LB_1524.jpg,Potato,LB,closed,ff17b51ed0f88210,Late Blight 
Z:\Projects\Smart-Farming\Datasets\final_combined_datasets\PLCE\LB\PLCE_LB_1525.jpg,Potato,LB,closed,ee4ea1ecd5e00a96,Late Blight 
Z:\Projects\Smart-Farming\Datasets\final_combined_datasets\PLCE\LB\PLCE_LB_1526.jpg,Potato,LB,closed,eb2de055c1a38772,Late Blight 
Z:\Projects\Smart-Farming\Datasets\final_combined_datasets\PLCE\LB\PLCE_LB_1527.jpg,Potato,LB,closed,ef8bb535b0e4c0e0,Late Blight 
Z:\Projects\Smart-Farming\Datasets\final_combined_datasets\PLCE\LB\PLCE_LB_1528.jpg,Potato,LB,closed,ff80f4e4c082cf8b,Late Blight 
Z:\Projects\Smart-Farming\Datasets\final_combined_datasets\PLCE\LB\PLCE_LB_1529.jpg,Potato,LB,closed,feb0b8f2410386d7,Late Blight 
Z:\Projects\Smart-Farming\Datasets\final_combined_datasets\PLCE\LB\PLCE_LB_1530.jpg,Potato,LB,closed,bf3df0d282588743,Late Blight 
Z:\Projects\Smart-Farming\Datasets\final_combined_datasets\PLCE\LB\PLCE_LB_1531.jpg,Potato,LB,closed,ffb1f4d4708282d1,Late Blight 
Z:\Projects\Smart-Farming\Datasets\final_combined_datasets\PLCE\LB\PLCE_LB_1532.jpg,Potato,LB,closed,be37e0d2d349c381,Late Blight 
Z:\Projects\Smart-Farming\Datasets\final_combined_datasets\PLCE\LB\PLCE_LB_1533.jpg,Potato,LB,closed,ebb5b4c3d04983c9,Late Blight 
Z:\Projects\Smart-Farming\Datasets\final_combined_datasets\PLCE\LB\PLCE_LB_1534.jpg,Potato,LB,closed,fbadb194d053815a,Late Blight 
Z:\Projects\Smart-Farming\Datasets\final_combined_datasets\PLCE\LB\PLCE_LB_1535.jpg,Potato,LB,closed,aa7be0a8855d87a5,Late Blight 
Z:\Projects\Smart-Farming\Datasets\final_combined_datasets\PLCE\LB\PLCE_LB_1536.jpg,Potato,LB,closed,fbade09181c9974a,Late Blight 
Z:\Projects\Smart-Farming\Datasets\final_combined_datasets\PLCE\LB\PLCE_LB_1537.jpg,Potato,LB,closed,aa0fe974853b8578,Late Blight 
Z:\Projects\Smart-Farming\Datasets\final_combined_datasets\PLCE\LB\PLCE_LB_1538.jpg,Potato,LB,closed,af12a0ab97459736,Late Blight 
Z:\Projects\Smart-Farming\Datasets\final_combined_datasets\PLCE\LB\PLCE_LB_1539.jpg,Potato,LB,closed,eb3ce0f584528557,Late Blight 
Z:\Projects\Smart-Farming\Datasets\final_combined_datasets\PLCE\LB\PLCE_LB_1540.jpg,Potato,LB,closed,af4afca9f0c59083,Late Blight 
Z:\Projects\Smart-Farming\Datasets\final_combined_datasets\PLCE\LB\PLCE_LB_1541.jpg,Potato,LB,closed,fab3b5c490c9830f,Late Blight 
Z:\Projects\Smart-Farming\Datasets\final_combined_datasets\PLCE\LB\PLCE_LB_1542.jpg,Potato,LB,closed,bfacde96d88c804a,Late Blight 
Z:\Projects\Smart-Farming\Datasets\final_combined_datasets\PLCE\LB\PLCE_LB_1543.jpg,Potato,LB,closed,ff94d04ac32d5634,Late Blight 
Z:\Projects\Smart-Farming\Datasets\final_combined_datasets\PLCE\LB\PLCE_LB_1544.jpg,Potato,LB,closed,bb90f09b940de96a,Late Blight 
Z:\Projects\Smart-Farming\Datasets\final_combined_datasets\PLCE\LB\PLCE_LB_1545.jpg,Potato,LB,closed,ef86a48fd4c4d2c4,Late Blight 
Z:\Projects\Smart-Farming\Datasets\final_combined_datasets\PLCE\LB\PLCE_LB_1546.jpg,Potato,LB,closed,aa8eb5f9c530d0e4,Late Blight 
Z:\Projects\Smart-Farming\Datasets\final_combined_datasets\PLCE\LB\PLCE_LB_1547.jpg,Potato,LB,closed,ebcba14091ef93a4,Late Blight 
Z:\Projects\Smart-Farming\Datasets\final_combined_datasets\PLCE\LB\PLCE_LB_1548.jpg,Potato,LB,closed,aab5d4da87488d4b,Late Blight 
Z:\Projects\Smart-Farming\Datasets\final_combined_datasets\PLCE\LB\PLCE_LB_1549.jpg,Potato,LB,closed,aee6b5e0b4c1d486,Late Blight 
Z:\Projects\Smart-Farming\Datasets\final_combined_datasets\PLCE\LB\PLCE_LB_1550.jpg,Potato,LB,closed,fae2e083878f8e94,Late Blight 
Z:\Projects\Smart-Farming\Datasets\final_combined_datasets\PLCE\LB\PLCE_LB_1551.jpg,Potato,LB,closed,efbcb4c09013c379,Late Blight 
Z:\Projects\Smart-Farming\Datasets\final_combined_datasets\PLCE\LB\PLCE_LB_1552.jpg,Potato,LB,closed,afcce03c87489e27,Late Blight 
Z:\Projects\Smart-Farming\Datasets\final_combined_datasets\PLCE\LB\PLCE_LB_1553.jpg,Potato,LB,closed,ffb59490d03ad04b,Late Blight 
Z:\Projects\Smart-Farming\Datasets\final_combined_datasets\PLCE\LB\PLCE_LB_1554.jpg,Potato,LB,closed,ef23e157851a9638,Late Blight 
Z:\Projects\Smart-Farming\Datasets\final_combined_datasets\PLCE\LB\PLCE_LB_1555.jpg,Potato,LB,closed,bf668483d484da5e,Late Blight 
Z:\Projects\Smart-Farming\Datasets\final_combined_datasets\PLCE\LB\PLCE_LB_1556.jpg,Potato,LB,closed,fab5a1d0c78287c3,Late Blight 
Z:\Projects\Smart-Farming\Datasets\final_combined_datasets\PLCE\LB\PLCE_LB_1557.jpg,Potato,LB,closed,eea5b05a834ac3e9,Late Blight 
Z:\Projects\Smart-Farming\Datasets\final_combined_datasets\PLCE\LB\PLCE_LB_1558.jpg,Potato,LB,closed,beceb46cd0e4ca82,Late Blight 
Z:\Projects\Smart-Farming\Datasets\final_combined_datasets\PLCE\LB\PLCE_LB_1559.jpg,Potato,LB,closed,efb9f4f08002c3cb,Late Blight 
Z:\Projects\Smart-Farming\Datasets\final_combined_datasets\PLCE\LB\PLCE_LB_1560.jpg,Potato,LB,closed,efe8e286258f9489,Late Blight 
Z:\Projects\Smart-Farming\Datasets\final_combined_datasets\PLCE\LB\PLCE_LB_1561.jpg,Potato,LB,closed,ef94b54bd00382f6,Late Blight 
Z:\Projects\Smart-Farming\Datasets\final_combined_datasets\PLCE\LB\PLCE_LB_1562.jpg,Potato,LB,closed,ae9be1d487c3844e,Late Blight 
Z:\Projects\Smart-Farming\Datasets\final_combined_datasets\PLCE\LB\PLCE_LB_1563.jpg,Potato,LB,closed,ebb0e4e69146c798,Late Blight 
Z:\Projects\Smart-Farming\Datasets\final_combined_datasets\PLCE\LB\PLCE_LB_1564.jpg,Potato,LB,closed,fc9a95c263b4da28,Late Blight 
Z:\Projects\Smart-Farming\Datasets\final_combined_datasets\PLCE\LB\PLCE_LB_1565.jpg,Potato,LB,closed,fac8b48cb4b59383,Late Blight 
Z:\Projects\Smart-Farming\Datasets\final_combined_datasets\PLCE\LB\PLCE_LB_1566.jpg,Potato,LB,closed,e994b54b414de6e4,Late Blight 
Z:\Projects\Smart-Farming\Datasets\final_combined_datasets\PLCE\LB\PLCE_LB_1567.jpg,Potato,LB,closed,fba4c59383cc9691,Late Blight 
Z:\Projects\Smart-Farming\Datasets\final_combined_datasets\PLCE\LB\PLCE_LB_1568.jpg,Potato,LB,closed,ebacb8c1c0e1879e,Late Blight 
Z:\Projects\Smart-Farming\Datasets\final_combined_datasets\PLCE\LB\PLCE_LB_1569.jpg,Potato,LB,closed,fac4a58b933e9c90,Late Blight 
Z:\Projects\Smart-Farming\Datasets\final_combined_datasets\PLCE\LB\PLCE_LB_1570.jpg,Potato,LB,closed,efa7c5d99f280a01,Late Blight 
Z:\Projects\Smart-Farming\Datasets\final_combined_datasets\PLCE\LB\PLCE_LB_1571.jpg,Potato,LB,closed,eeb2a4e5958598ca,Late Blight 
Z:\Projects\Smart-Farming\Datasets\final_combined_datasets\PLCE\LB\PLCE_LB_1572.jpg,Potato,LB,closed,e2e2a58e94bdd870,Late Blight 
Z:\Projects\Smart-Farming\Datasets\final_combined_datasets\PLCE\LB\PLCE_LB_1573.jpg,Potato,LB,closed,aeeaa770949192cb,Late Blight 
Z:\Projects\Smart-Farming\Datasets\final_combined_datasets\PLCE\LB\PLCE_LB_1574.jpg,Potato,LB,closed,af9dd0428117c2fe,Late Blight 
Z:\Projects\Smart-Farming\Datasets\final_combined_datasets\PLCE\LB\PLCE_LB_1575.jpg,Potato,LB,closed,e8c0a6dd875e9c94,Late Blight 
Z:\Projects\Smart-Farming\Datasets\final_combined_datasets\PLCE\LB\PLCE_LB_1576.jpg,Potato,LB,closed,fe96a14326769698,Late Blight 
Z:\Projects\Smart-Farming\Datasets\final_combined_datasets\PLCE\LB\PLCE_LB_1577.jpg,Potato,LB,closed,ff8de0d481ca9691,Late Blight 
Z:\Projects\Smart-Farming\Datasets\final_combined_datasets\PLCE\LB\PLCE_LB_1578.jpg,Potato,LB,closed,fde9e2c6ce944091,Late Blight 
Z:\Projects\Smart-Farming\Datasets\final_combined_datasets\PLCE\LB\PLCE_LB_1579.jpg,Potato,LB,closed,efccb130918d9336,Late Blight 
Z:\Projects\Smart-Farming\Datasets\final_combined_datasets\PLCE\LB\PLCE_LB_1580.jpg,Potato,LB,closed,ffe08e94e58b1254,Late Blight 
Z:\Projects\Smart-Farming\Datasets\final_combined_datasets\PLCE\LB\PLCE_LB_1581.jpg,Potato,LB,closed,f22ce9c685169e9c,Late Blight 
Z:\Projects\Smart-Farming\Datasets\final_combined_datasets\PLCE\LB\PLCE_LB_1582.jpg,Potato,LB,closed,ebc3b4cc9085878f,Late Blight 
Z:\Projects\Smart-Farming\Datasets\final_combined_datasets\PLCE\LB\PLCE_LB_1583.jpg,Potato,LB,closed,fab1b49122c5938f,Late Blight 
Z:\Projects\Smart-Farming\Datasets\final_combined_datasets\PLCE\LB\PLCE_LB_1584.jpg,Potato,LB,closed,fe86a4e8a5e96035,Late Blight 
Z:\Projects\Smart-Farming\Datasets\final_combined_datasets\PLCE\LB\PLCE_LB_1585.jpg,Potato,LB,closed,ffb0e44b9685829c,Late Blight 
Z:\Projects\Smart-Farming\Datasets\final_combined_datasets\PLCE\LB\PLCE_LB_1586.jpg,Potato,LB,closed,fda0e0cd5e94985a,Late Blight 
Z:\Projects\Smart-Farming\Datasets\final_combined_datasets\PLCE\LB\PLCE_LB_1587.jpg,Potato,LB,closed,ea83993ab732c668,Late Blight 
Z:\Projects\Smart-Farming\Datasets\final_combined_datasets\PLCE\LB\PLCE_LB_1588.jpg,Potato,LB,closed,fea7c6d0c3894cc4,Late Blight 
Z:\Projects\Smart-Farming\Datasets\final_combined_datasets\PLCE\LB\PLCE_LB_1589.jpg,Potato,LB,closed,ffa3e891244b9664,Late Blight 
Z:\Projects\Smart-Farming\Datasets\final_combined_datasets\PLCE\LB\PLCE_LB_1590.jpg,Potato,LB,closed,ebc8b017f5e89425,Late Blight 
Z:\Projects\Smart-Farming\Datasets\final_combined_datasets\PLCE\LB\PLCE_LB_1591.jpg,Potato,LB,closed,ea91a54b966b909d,Late Blight 
Z:\Projects\Smart-Farming\Datasets\final_combined_datasets\PLCE\LB\PLCE_LB_1592.jpg,Potato,LB,closed,b8e7f01685ce929c,Late Blight 
Z:\Projects\Smart-Farming\Datasets\final_combined_datasets\PLCE\LB\PLCE_LB_1593.jpg,Potato,LB,closed,eac1b53ef1cc9221,Late Blight 
Z:\Projects\Smart-Farming\Datasets\final_combined_datasets\PLCE\LB\PLCE_LB_1594.jpg,Potato,LB,closed,ac63c52d961c538f,Late Blight 
Z:\Projects\Smart-Farming\Datasets\final_combined_datasets\PLCE\LB\PLCE_LB_1595.jpg,Potato,LB,closed,abb7b1d4d44a8b48,Late Blight 
Z:\Projects\Smart-Farming\Datasets\final_combined_datasets\PLCE\LB\PLCE_LB_1596.jpg,Potato,LB,closed,ba59e02885a5d7d5,Late Blight 
Z:\Projects\Smart-Farming\Datasets\final_combined_datasets\PLCE\LB\PLCE_LB_1597.jpg,Potato,LB,closed,eae4e586851e9e1a,Late Blight 
Z:\Projects\Smart-Farming\Datasets\final_combined_datasets\PLCE\LB\PLCE_LB_1598.jpg,Potato,LB,closed,eae4e5c4840ed65e,Late Blight 
Z:\Projects\Smart-Farming\Datasets\final_combined_datasets\PLCE\LB\PLCE_LB_1599.jpg,Potato,LB,closed,bbb7b452906ac349,Late Blight 
Z:\Projects\Smart-Farming\Datasets\final_combined_datasets\PLCE\LB\PLCE_LB_1600.jpg,Potato,LB,closed,ff1af0b4c2808fc3,Late Blight 
Z:\Projects\Smart-Farming\Datasets\final_combined_datasets\PLCE\LB\PLCE_LB_1601.jpg,Potato,LB,closed,eac6e08e871c9f58,Late Blight 
Z:\Projects\Smart-Farming\Datasets\final_combined_datasets\PLCE\LB\PLCE_LB_1602.jpg,Potato,LB,closed,bfe8b0a1d287d116,Late Blight 
Z:\Projects\Smart-Farming\Datasets\final_combined_datasets\PLCE\LB\PLCE_LB_1603.jpg,Potato,LB,closed,af6ab521d255c22e,Late Blight 
Z:\Projects\Smart-Farming\Datasets\final_combined_datasets\PLCE\LB\PLCE_LB_1604.jpg,Potato,LB,closed,be1dc05ace61cc65,Late Blight 
Z:\Projects\Smart-Farming\Datasets\final_combined_datasets\PLCE\LB\PLCE_LB_1605.jpg,Potato,LB,closed,bac5996a9d32462d,Late Blight 
Z:\Projects\Smart-Farming\Datasets\final_combined_datasets\PLCE\LB\PLCE_LB_1606.jpg,Potato,LB,closed,aaf2b5a0b2c1d317,Late Blight 
Z:\Projects\Smart-Farming\Datasets\final_combined_datasets\PLCE\LB\PLCE_LB_1607.jpg,Potato,LB,closed,bae2a525c3b7a816,Late Blight 
Z:\Projects\Smart-Farming\Datasets\final_combined_datasets\PLCE\LB\PLCE_LB_1608.jpg,Potato,LB,closed,eae1e06bc1c6871e,Late Blight 
Z:\Projects\Smart-Farming\Datasets\final_combined_datasets\PLCE\LB\PLCE_LB_1609.jpg,Potato,LB,closed,aa87a5f5d5f092c0,Late Blight 
Z:\Projects\Smart-Farming\Datasets\final_combined_datasets\PLCE\LB\PLCE_LB_1610.jpg,Potato,LB,closed,ba94e058cf699dc4,Late Blight 
Z:\Projects\Smart-Farming\Datasets\final_combined_datasets\PLCE\LB\PLCE_LB_1611.jpg,Potato,LB,closed,ab1fe4f09720ca4b,Late Blight 
Z:\Projects\Smart-Farming\Datasets\final_combined_datasets\PLCE\LB\PLCE_LB_1612.jpg,Potato,LB,closed,ae97c1d2cbe0cc61,Late Blight 
Z:\Projects\Smart-Farming\Datasets\final_combined_datasets\PLCE\LB\PLCE_LB_1613.jpg,Potato,LB,closed,fa1da0fa95b895a0,Late Blight 
Z:\Projects\Smart-Farming\Datasets\final_combined_datasets\PLCE\LB\PLCE_LB_1614.jpg,Potato,LB,closed,facea53497b05826,Late Blight 
Z:\Projects\Smart-Farming\Datasets\final_combined_datasets\PLCE\LB\PLCE_LB_1615.jpg,Potato,LB,closed,abe1b540d08fd0af,Late Blight 
Z:\Projects\Smart-Farming\Datasets\final_combined_datasets\PLCE\LB\PLCE_LB_1616.jpg,Potato,LB,closed,bb66fc98f1c24889,Late Blight 
Z:\Projects\Smart-Farming\Datasets\final_combined_datasets\PLCE\LB\PLCE_LB_1617.jpg,Potato,LB,closed,ebc8e40a90afb374,Late Blight 
Z:\Projects\Smart-Farming\Datasets\final_combined_datasets\PLCE\LB\PLCE_LB_1618.jpg,Potato,LB,closed,fa2d81f09cc7b05c,Late Blight 
Z:\Projects\Smart-Farming\Datasets\final_combined_datasets\PLCE\LB\PLCE_LB_1619.jpg,Potato,LB,closed,bef799c0cc21cc0d,Late Blight 
Z:\Projects\Smart-Farming\Datasets\final_combined_datasets\PLCE\LB\PLCE_LB_1620.jpg,Potato,LB,closed,ea9f81908573c47b,Late Blight 
Z:\Projects\Smart-Farming\Datasets\final_combined_datasets\PLCE\LB\PLCE_LB_1621.jpg,Potato,LB,closed,ea63a50f9cb58654,Late Blight 
Z:\Projects\Smart-Farming\Datasets\final_combined_datasets\PLCE\LB\PLCE_LB_1622.jpg,Potato,LB,closed,af68e124d2b38787,Late Blight 
Z:\Projects\Smart-Farming\Datasets\final_combined_datasets\PLCE\LB\PLCE_LB_1623.jpg,Potato,LB,closed,ae1f976a7a8d2190,Late Blight 
Z:\Projects\Smart-Farming\Datasets\final_combined_datasets\PLCE\LB\PLCE_LB_1624.jpg,Potato,LB,closed,ebdce1ac844195d5,Late Blight 
Z:\Projects\Smart-Farming\Datasets\final_combined_datasets\PLCE\LB\PLCE_LB_1625.jpg,Potato,LB,closed,bb6ed4bdc0b0c5c0,Late Blight 
Z:\Projects\Smart-Farming\Datasets\final_combined_datasets\PLCE\LB\PLCE_LB_1626.jpg,Potato,LB,closed,ee39a5fcd68092c1,Late Blight 
Z:\Projects\Smart-Farming\Datasets\final_combined_datasets\PLCE\LB\PLCE_LB_1627.jpg,Potato,LB,closed,afc3e4e7c00cc61e,Late Blight 
Z:\Projects\Smart-Farming\Datasets\final_combined_datasets\PLCE\LB\PLCE_LB_1628.jpg,Potato,LB,closed,bba5f076d08a815d,Late Blight 
Z:\Projects\Smart-Farming\Datasets\final_combined_datasets\PLCE\LB\PLCE_LB_1629.jpg,Potato,LB,closed,aa8ee1d485c2d78e,Late Blight 
Z:\Projects\Smart-Farming\Datasets\final_combined_datasets\PLCE\LB\PLCE_LB_1630.jpg,Potato,LB,closed,ab96d2b581a19ae3,Late Blight 
Z:\Projects\Smart-Farming\Datasets\final_combined_datasets\PLCE\LB\PLCE_LB_1631.jpg,Potato,LB,closed,eac2e1ab872596b4,Late Blight 
Z:\Projects\Smart-Farming\Datasets\final_combined_datasets\PLCE\LB\PLCE_LB_1632.jpg,Potato,LB,closed,aa4ae4af82b4d794,Late Blight 
Z:\Projects\Smart-Farming\Datasets\final_combined_datasets\PLCE\LB\PLCE_LB_1633.jpg,Potato,LB,closed,eaa6a14597479656,Late Blight 
Z:\Projects\Smart-Farming\Datasets\final_combined_datasets\PLCE\LB\PLCE_LB_1634.jpg,Potato,LB,closed,af4af0a4e30ec0ed,Late Blight 
Z:\Projects\Smart-Farming\Datasets\final_combined_datasets\PLCE\LB\PLCE_LB_1635.jpg,Potato,LB,closed,faf0a18381ff82a3,Late Blight 
Z:\Projects\Smart-Farming\Datasets\final_combined_datasets\PLCE\LB\PLCE_LB_1636.jpg,Potato,LB,closed,fb91e0f4e7c0870a,Late Blight 
Z:\Projects\Smart-Farming\Datasets\final_combined_datasets\PLCE\LB\PLCE_LB_1637.jpg,Potato,LB,closed,ff5ae0c883c98f81,Late Blight 
Z:\Projects\Smart-Farming\Datasets\final_combined_datasets\PLCE\LB\PLCE_LB_1638.jpg,Potato,LB,closed,baca90a893359f36,Late Blight 
Z:\Projects\Smart-Farming\Datasets\final_combined_datasets\PLCE\LB\PLCE_LB_1639.jpg,Potato,LB,closed,bfe4b190d382cb0b,Late Blight 
Z:\Projects\Smart-Farming\Datasets\final_combined_datasets\PLCE\LB\PLCE_LB_1640.jpg,Potato,LB,closed,ea8ee1dc85a89571,Late Blight 
Z:\Projects\Smart-Farming\Datasets\final_combined_datasets\PLCE\LB\PLCE_LB_1641.jpg,Potato,LB,closed,fac0e98b9d1d9431,Late Blight 
Z:\Projects\Smart-Farming\Datasets\final_combined_datasets\PLCE\LB\PLCE_LB_1642.jpg,Potato,LB,closed,bf609511d29bc959,Late Blight 
Z:\Projects\Smart-Farming\Datasets\final_combined_datasets\PLCE\LB\PLCE_LB_0016.JPG,Potato,LB,closed,a9cf943d83e08f70,Late Blight 
Z:\Projects\Smart-Farming\Datasets\final_combined_datasets\PLCE\LB\PLCE_LB_0017.JPG,Potato,LB,closed,f721e219cd3cd530,Late Blight 
Z:\Projects\Smart-Farming\Datasets\final_combined_datasets\PLCE\LB\PLCE_LB_0018.JPG,Potato,LB,closed,adc6961bcb39c530,Late Blight 
Z:\Projects\Smart-Farming\Datasets\final_combined_datasets\PLCE\LB\PLCE_LB_0019.JPG,Potato,LB,closed,eec2c21d993227b3,Late Blight 
Z:\Projects\Smart-Farming\Datasets\final_combined_datasets\PLCE\LB\PLCE_LB_0020.JPG,Potato,LB,closed,ef6890a79bb48499,Late Blight 
Z:\Projects\Smart-Farming\Datasets\final_combined_datasets\PLCE\LB\PLCE_LB_0021.JPG,Potato,LB,closed,ba95e55ac161d661,Late Blight 
Z:\Projects\Smart-Farming\Datasets\final_combined_datasets\PLCE\LB\PLCE_LB_0022.JPG,Potato,LB,closed,aec2902fc7b68c3a,Late Blight 
Z:\Projects\Smart-Farming\Datasets\final_combined_datasets\PLCE\LB\PLCE_LB_0023.JPG,Potato,LB,closed,af62d04dca96813f,Late Blight 
Z:\Projects\Smart-Farming\Datasets\final_combined_datasets\PLCE\LB\PLCE_LB_0024.JPG,Potato,LB,closed,aa91915e8b68dce6,Late Blight 
Z:\Projects\Smart-Farming\Datasets\final_combined_datasets\PLCE\LB\PLCE_LB_0025.JPG,Potato,LB,closed,ab52e54d9a3cd930,Late Blight 
Z:\Projects\Smart-Farming\Datasets\final_combined_datasets\PLCE\LB\PLCE_LB_0026.JPG,Potato,LB,closed,a8a49e5bc96dc266,Late Blight 
Z:\Projects\Smart-Farming\Datasets\final_combined_datasets\PLCE\LB\PLCE_LB_0027.JPG,Potato,LB,closed,fac2a18f9534de30,Late Blight 
Z:\Projects\Smart-Farming\Datasets\final_combined_datasets\PLCE\LB\PLCE_LB_0028.JPG,Potato,LB,closed,abca9d8197343c33,Late Blight 
Z:\Projects\Smart-Farming\Datasets\final_combined_datasets\PLCE\LB\PLCE_LB_0029.JPG,Potato,LB,closed,aac6b4cb128f69ac,Late Blight 
Z:\Projects\Smart-Farming\Datasets\final_combined_datasets\PLCE\LB\PLCE_LB_0030.JPG,Potato,LB,closed,bee2c04e9c8d689e,Late Blight 
Z:\Projects\Smart-Farming\Datasets\final_combined_datasets\PLCE\LB\PLCE_LB_0031.JPG,Potato,LB,closed,ffaba015c2788d49,Late Blight 
Z:\Projects\Smart-Farming\Datasets\final_combined_datasets\PLCE\LB\PLCE_LB_0032.JPG,Potato,LB,closed,bac28d9db237a524,Late Blight 
Z:\Projects\Smart-Farming\Datasets\final_combined_datasets\PLCE\LB\PLCE_LB_0033.JPG,Potato,LB,closed,abfac405de30b117,Late Blight 
Z:\Projects\Smart-Farming\Datasets\final_combined_datasets\PLCE\LB\PLCE_LB_0034.JPG,Potato,LB,closed,f93686d1d1584c67,Late Blight 
Z:\Projects\Smart-Farming\Datasets\final_combined_datasets\PLCE\LB\PLCE_LB_0035.JPG,Potato,LB,closed,a8d8f761c2b68536,Late Blight 
Z:\Projects\Smart-Farming\Datasets\final_combined_datasets\PLCE\LB\PLCE_LB_0036.JPG,Potato,LB,closed,a3c99bb49513de30,Late Blight 
Z:\Projects\Smart-Farming\Datasets\final_combined_datasets\PLCE\LB\PLCE_LB_0037.JPG,Potato,LB,closed,f3c4e44acc2d98e5,Late Blight 
Z:\Projects\Smart-Farming\Datasets\final_combined_datasets\PLCE\LB\PLCE_LB_0038.JPG,Potato,LB,closed,ffd0e20f8d3c1930,Late Blight 
Z:\Projects\Smart-Farming\Datasets\final_combined_datasets\PLCE\LB\PLCE_LB_0039.JPG,Potato,LB,closed,abfea5e09714da40,Late Blight 
Z:\Projects\Smart-Farming\Datasets\final_combined_datasets\PLCE\LB\PLCE_LB_0040.JPG,Potato,LB,closed,ba9dcde4d2c892c1,Late Blight 
Z:\Projects\Smart-Farming\Datasets\final_combined_datasets\PLCE\LB\PLCE_LB_0041.JPG,Potato,LB,closed,aac4951ed24a9b3d,Late Blight 
Z:\Projects\Smart-Farming\Datasets\final_combined_datasets\PLCE\LB\PLCE_LB_0042.JPG,Potato,LB,closed,ab17905acd4d94e6,Late Blight 
Z:\Projects\Smart-Farming\Datasets\final_combined_datasets\PLCE\LB\PLCE_LB_0043.JPG,Potato,LB,closed,fe30f01cc66a8f61,Late Blight 
Z:\Projects\Smart-Farming\Datasets\final_combined_datasets\PLCE\LB\PLCE_LB_0044.JPG,Potato,LB,closed,ebca9734c0b287a5,Late Blight 
Z:\Projects\Smart-Farming\Datasets\final_combined_datasets\PLCE\LB\PLCE_LB_0045.JPG,Potato,LB,closed,ef65a00e87ec9538,Late Blight 
Z:\Projects\Smart-Farming\Datasets\final_combined_datasets\PLCE\LB\PLCE_LB_0046.JPG,Potato,LB,closed,f8c5c11a4bb8cda5,Late Blight 
Z:\Projects\Smart-Farming\Datasets\final_combined_datasets\PLCE\LB\PLCE_LB_0047.JPG,Potato,LB,closed,ae94e5cac21b2f38,Late Blight 
Z:\Projects\Smart-Farming\Datasets\final_combined_datasets\PLCE\LB\PLCE_LB_0048.JPG,Potato,LB,closed,eec3851c96383a67,Late Blight 
Z:\Projects\Smart-Farming\Datasets\final_combined_datasets\PLCE\LB\PLCE_LB_0049.JPG,Potato,LB,closed,aac8a1ed8ee79894,Late Blight 
Z:\Projects\Smart-Farming\Datasets\final_combined_datasets\PLCE\LB\PLCE_LB_0050.JPG,Potato,LB,closed,af48d02d9b36dc32,Late Blight 
Z:\Projects\Smart-Farming\Datasets\final_combined_datasets\PLCE\LB\PLCE_LB_0051.JPG,Potato,LB,closed,aba5e41a87385769,Late Blight 
Z:\Projects\Smart-Farming\Datasets\final_combined_datasets\PLCE\LB\PLCE_LB_0052.JPG,Potato,LB,closed,efc0b48665da16c9,Late Blight 
Z:\Projects\Smart-Farming\Datasets\final_combined_datasets\PLCE\LB\PLCE_LB_0053.JPG,Potato,LB,closed,af1fb45aca31c861,Late Blight 
Z:\Projects\Smart-Farming\Datasets\final_combined_datasets\PLCE\LB\PLCE_LB_0054.JPG,Potato,LB,closed,abb994d0c2619ec7,Late Blight 
Z:\Projects\Smart-Farming\Datasets\final_combined_datasets\PLCE\LB\PLCE_LB_0055.JPG,Potato,LB,closed,aa8df417c9689cc6,Late Blight 
Z:\Projects\Smart-Farming\Datasets\final_combined_datasets\PLCE\LB\PLCE_LB_0056.JPG,Potato,LB,closed,b9e9c206de2b7234,Late Blight 
Z:\Projects\Smart-Farming\Datasets\final_combined_datasets\PLCE\LB\PLCE_LB_0057.JPG,Potato,LB,closed,fac0a18f8f1cb8b1,Late Blight 
Z:\Projects\Smart-Farming\Datasets\final_combined_datasets\PLCE\LB\PLCE_LB_0058.JPG,Potato,LB,closed,aa95d0dacde8c4e2,Late Blight 
Z:\Projects\Smart-Farming\Datasets\final_combined_datasets\PLCE\LB\PLCE_LB_0059.JPG,Potato,LB,closed,ed37925a8569d88c,Late Blight 
Z:\Projects\Smart-Farming\Datasets\final_combined_datasets\PLCE\LB\PLCE_LB_0060.JPG,Potato,LB,closed,b862e64d9b8c9497,Late Blight 
Z:\Projects\Smart-Farming\Datasets\final_combined_datasets\PLCE\LB\PLCE_LB_0061.JPG,Potato,LB,closed,ea91e9968492b637,Late Blight 
Z:\Projects\Smart-Farming\Datasets\final_combined_datasets\PLCE\LB\PLCE_LB_0062.JPG,Potato,LB,closed,f12ca4d1cac88fa7,Late Blight 
Z:\Projects\Smart-Farming\Datasets\final_combined_datasets\PLCE\LB\PLCE_LB_0063.JPG,Potato,LB,closed,aad2f403d23fcb44,Late Blight 
Z:\Projects\Smart-Farming\Datasets\final_combined_datasets\PLCE\LB\PLCE_LB_0064.JPG,Potato,LB,closed,aaeafd80949798b8,Late Blight 
Z:\Projects\Smart-Farming\Datasets\final_combined_datasets\PLCE\LB\PLCE_LB_0065.JPG,Potato,LB,closed,b3b3e483c19ec958,Late Blight 
Z:\Projects\Smart-Farming\Datasets\final_combined_datasets\PLCE\LB\PLCE_LB_0066.JPG,Potato,LB,closed,ac3490cafccd65b4,Late Blight 
Z:\Projects\Smart-Farming\Datasets\final_combined_datasets\PLCE\LB\PLCE_LB_0067.JPG,Potato,LB,closed,febf91d08a4984c6,Late Blight 
Z:\Projects\Smart-Farming\Datasets\final_combined_datasets\PLCE\LB\PLCE_LB_0068.JPG,Potato,LB,closed,aa17955acee3e064,Late Blight 
Z:\Projects\Smart-Farming\Datasets\final_combined_datasets\PLCE\LB\PLCE_LB_0069.JPG,Potato,LB,closed,eac4a10b966cdab6,Late Blight 
Z:\Projects\Smart-Farming\Datasets\final_combined_datasets\PLCE\LB\PLCE_LB_0070.JPG,Potato,LB,closed,af6ad0258bbe1c38,Late Blight 
Z:\Projects\Smart-Farming\Datasets\final_combined_datasets\PLCE\LB\PLCE_LB_0071.JPG,Potato,LB,closed,837cbc83cf1a7036,Late Blight 
Z:\Projects\Smart-Farming\Datasets\final_combined_datasets\PLCE\LB\PLCE_LB_0072.JPG,Potato,LB,closed,bac3a59e921ac369,Late Blight 
Z:\Projects\Smart-Farming\Datasets\final_combined_datasets\PLCE\LB\PLCE_LB_0073.JPG,Potato,LB,closed,e2c99d33c65ce126,Late Blight 
Z:\Projects\Smart-Farming\Datasets\final_combined_datasets\PLCE\LB\PLCE_LB_0074.JPG,Potato,LB,closed,bab16dc4cc9ab093,Late Blight 
Z:\Projects\Smart-Farming\Datasets\final_combined_datasets\PLCE\LB\PLCE_LB_0075.JPG,Potato,LB,closed,ebc2942df2859c36,Late Blight 
Z:\Projects\Smart-Farming\Datasets\final_combined_datasets\PLCE\LB\PLCE_LB_0076.JPG,Potato,LB,closed,a897c168dbe5b44a,Late Blight 
Z:\Projects\Smart-Farming\Datasets\final_combined_datasets\PLCE\LB\PLCE_LB_0077.JPG,Potato,LB,closed,ef4ac00d9b9e9992,Late Blight 
Z:\Projects\Smart-Farming\Datasets\final_combined_datasets\PLCE\LB\PLCE_LB_0078.JPG,Potato,LB,closed,fec1828b9c98b1e3,Late Blight 
Z:\Projects\Smart-Farming\Datasets\final_combined_datasets\PLCE\LB\PLCE_LB_0079.JPG,Potato,LB,closed,fab58dd290ccc2c9,Late Blight 
Z:\Projects\Smart-Farming\Datasets\final_combined_datasets\PLCE\LB\PLCE_LB_0080.JPG,Potato,LB,closed,ab13c56a9ecde0c8,Late Blight 
Z:\Projects\Smart-Farming\Datasets\final_combined_datasets\PLCE\LB\PLCE_LB_0081.JPG,Potato,LB,closed,be8fc0d4ca60a567,Late Blight 
Z:\Projects\Smart-Farming\Datasets\final_combined_datasets\PLCE\LB\PLCE_LB_0082.JPG,Potato,LB,closed,eacd81d2879c962d,Late Blight 
Z:\Projects\Smart-Farming\Datasets\final_combined_datasets\PLCE\LB\PLCE_LB_0083.JPG,Potato,LB,closed,ee62c48d933cc96a,Late Blight 
Z:\Projects\Smart-Farming\Datasets\final_combined_datasets\PLCE\LB\PLCE_LB_0084.JPG,Potato,LB,closed,f85394e0cb9e6748,Late Blight 
Z:\Projects\Smart-Farming\Datasets\final_combined_datasets\PLCE\LB\PLCE_LB_0085.JPG,Potato,LB,closed,aac2f52dc3f48591,Late Blight 
Z:\Projects\Smart-Farming\Datasets\final_combined_datasets\PLCE\LB\PLCE_LB_0086.JPG,Potato,LB,closed,fe66e007973a8e50,Late Blight 
Z:\Projects\Smart-Farming\Datasets\final_combined_datasets\PLCE\LB\PLCE_LB_0087.JPG,Potato,LB,closed,abf1b091cb88cdcc,Late Blight 
Z:\Projects\Smart-Farming\Datasets\final_combined_datasets\PLCE\LB\PLCE_LB_0088.JPG,Potato,LB,closed,eeb0e293934a9a2d,Late Blight 
Z:\Projects\Smart-Farming\Datasets\final_combined_datasets\PLCE\LB\PLCE_LB_0089.JPG,Potato,LB,closed,bb1fc670dcc9c0a4,Late Blight 
Z:\Projects\Smart-Farming\Datasets\final_combined_datasets\PLCE\LB\PLCE_LB_0090.JPG,Potato,LB,closed,af17955acc64b063,Late Blight 
Z:\Projects\Smart-Farming\Datasets\final_combined_datasets\PLCE\LB\PLCE_LB_0091.JPG,Potato,LB,closed,aa3de462c3cfcac0,Late Blight 
Z:\Projects\Smart-Farming\Datasets\final_combined_datasets\PLCE\LB\PLCE_LB_0092.JPG,Potato,LB,closed,ef5cf0678f989210,Late Blight 
Z:\Projects\Smart-Farming\Datasets\final_combined_datasets\PLCE\LB\PLCE_LB_0093.JPG,Potato,LB,closed,aa358542dacf75c8,Late Blight 
Z:\Projects\Smart-Farming\Datasets\final_combined_datasets\PLCE\LB\PLCE_LB_0094.JPG,Potato,LB,closed,ab17c468b466f0ec,Late Blight 
Z:\Projects\Smart-Farming\Datasets\final_combined_datasets\PLCE\LB\PLCE_LB_0095.JPG,Potato,LB,closed,eac895879e399136,Late Blight 
Z:\Projects\Smart-Farming\Datasets\final_combined_datasets\PLCE\LB\PLCE_LB_0096.JPG,Potato,LB,closed,ff9fc1c0c863b026,Late Blight 
Z:\Projects\Smart-Farming\Datasets\final_combined_datasets\PLCE\LB\PLCE_LB_0097.JPG,Potato,LB,closed,fa05a15f87789668,Late Blight 
Z:\Projects\Smart-Farming\Datasets\final_combined_datasets\PLCE\LB\PLCE_LB_0098.JPG,Potato,LB,closed,de41a20a95abdabc,Late Blight 
Z:\Projects\Smart-Farming\Datasets\final_combined_datasets\PLCE\LB\PLCE_LB_0099.JPG,Potato,LB,closed,ab0df4f8c8718327,Late Blight 
Z:\Projects\Smart-Farming\Datasets\final_combined_datasets\PLCE\LB\PLCE_LB_0100.JPG,Potato,LB,closed,be1e957ed86008e5,Late Blight 
Z:\Projects\Smart-Farming\Datasets\final_combined_datasets\PLCE\LB\PLCE_LB_0101.JPG,Potato,LB,closed,ff2fa0509ac995c4,Late Blight 
Z:\Projects\Smart-Farming\Datasets\final_combined_datasets\PLCE\LB\PLCE_LB_0102.JPG,Potato,LB,closed,af6bf080c3e78516,Late Blight 
Z:\Projects\Smart-Farming\Datasets\final_combined_datasets\PLCE\LB\PLCE_LB_0103.JPG,Potato,LB,closed,ea6cb4d2c3169e83,Late Blight 
Z:\Projects\Smart-Farming\Datasets\final_combined_datasets\PLCE\LB\PLCE_LB_0104.JPG,Potato,LB,closed,fae087adcc189693,Late Blight 
Z:\Projects\Smart-Farming\Datasets\final_combined_datasets\PLCE\LB\PLCE_LB_0105.JPG,Potato,LB,closed,ad8df33d44b08c63,Late Blight 
Z:\Projects\Smart-Farming\Datasets\final_combined_datasets\PLCE\LB\PLCE_LB_0106.JPG,Potato,LB,closed,b99c84d2c36dcd64,Late Blight 
Z:\Projects\Smart-Farming\Datasets\final_combined_datasets\PLCE\LB\PLCE_LB_0107.JPG,Potato,LB,closed,fe65f010d25a5b19,Late Blight 
Z:\Projects\Smart-Farming\Datasets\final_combined_datasets\PLCE\LB\PLCE_LB_0108.JPG,Potato,LB,closed,febf88d0c1c08667,Late Blight 
Z:\Projects\Smart-Farming\Datasets\final_combined_datasets\PLCE\LB\PLCE_LB_0109.JPG,Potato,LB,closed,aa1dc55a8f61f462,Late Blight 
Z:\Projects\Smart-Farming\Datasets\final_combined_datasets\PLCE\LB\PLCE_LB_0110.JPG,Potato,LB,closed,a6a4f2b6c0d28dcb,Late Blight 
Z:\Projects\Smart-Farming\Datasets\final_combined_datasets\PLCE\LB\PLCE_LB_0111.JPG,Potato,LB,closed,f7c2aaad9c159252,Late Blight 
Z:\Projects\Smart-Farming\Datasets\final_combined_datasets\PLCE\LB\PLCE_LB_0112.JPG,Potato,LB,closed,fa60890fc52c9abd,Late Blight 
Z:\Projects\Smart-Farming\Datasets\final_combined_datasets\PLCE\LB\PLCE_LB_0113.JPG,Potato,LB,closed,bac2859dd993a433,Late Blight 
Z:\Projects\Smart-Farming\Datasets\final_combined_datasets\PLCE\LB\PLCE_LB_0114.JPG,Potato,LB,closed,ea01f55ee1328772,Late Blight 
Z:\Projects\Smart-Farming\Datasets\final_combined_datasets\PLCE\LB\PLCE_LB_0115.JPG,Potato,LB,closed,be07c358cc72ec62,Late Blight 
Z:\Projects\Smart-Farming\Datasets\final_combined_datasets\PLCE\LB\PLCE_LB_0116.JPG,Potato,LB,closed,afc0940bd23ecb3c,Late Blight 
Z:\Projects\Smart-Farming\Datasets\final_combined_datasets\PLCE\LB\PLCE_LB_0117.JPG,Potato,LB,closed,ab05877e9f60146e,Late Blight 
Z:\Projects\Smart-Farming\Datasets\final_combined_datasets\PLCE\LB\PLCE_LB_0118.JPG,Potato,LB,closed,afd0e58bb409d299,Late Blight 
Z:\Projects\Smart-Farming\Datasets\final_combined_datasets\PLCE\LB\PLCE_LB_0119.JPG,Potato,LB,closed,a863850f9eb49b33,Late Blight 
Z:\Projects\Smart-Farming\Datasets\final_combined_datasets\PLCE\LB\PLCE_LB_0120.JPG,Potato,LB,closed,fcc3a81e95389393,Late Blight 
Z:\Projects\Smart-Farming\Datasets\final_combined_datasets\PLCE\LB\PLCE_LB_0121.JPG,Potato,LB,closed,bb14d269c964cf32,Late Blight 
Z:\Projects\Smart-Farming\Datasets\final_combined_datasets\PLCE\LB\PLCE_LB_0122.JPG,Potato,LB,closed,eab495cbce0c98b1,Late Blight 
Z:\Projects\Smart-Farming\Datasets\final_combined_datasets\PLCE\LB\PLCE_LB_0123.JPG,Potato,LB,closed,ea94e5da97689861,Late Blight 
Z:\Projects\Smart-Farming\Datasets\final_combined_datasets\PLCE\LB\PLCE_LB_0124.JPG,Potato,LB,closed,afc8928798b3d133,Late Blight 
Z:\Projects\Smart-Farming\Datasets\final_combined_datasets\PLCE\LB\PLCE_LB_0125.JPG,Potato,LB,closed,f5ab85d29a49c9c4,Late Blight 
Z:\Projects\Smart-Farming\Datasets\final_combined_datasets\PLCE\LB\PLCE_LB_0126.JPG,Potato,LB,closed,fa50a0b587b2d671,Late Blight 
Z:\Projects\Smart-Farming\Datasets\final_combined_datasets\PLCE\LB\PLCE_LB_0127.JPG,Potato,LB,closed,ab4cf5099317923e,Late Blight 
Z:\Projects\Smart-Farming\Datasets\final_combined_datasets\PLCE\LB\PLCE_LB_0128.JPG,Potato,LB,closed,ace4928fca9c89b9,Late Blight 
Z:\Projects\Smart-Farming\Datasets\final_combined_datasets\PLCE\LB\PLCE_LB_0129.JPG,Potato,LB,closed,ff9be090cec0c2d1,Late Blight 
Z:\Projects\Smart-Farming\Datasets\final_combined_datasets\PLCE\LB\PLCE_LB_0130.JPG,Potato,LB,closed,aadab5a0c30fd83c,Late Blight 
Z:\Projects\Smart-Farming\Datasets\final_combined_datasets\PLCE\LB\PLCE_LB_0131.JPG,Potato,LB,closed,aaca918d9bb43437,Late Blight 
Z:\Projects\Smart-Farming\Datasets\final_combined_datasets\PLCE\LB\PLCE_LB_0132.JPG,Potato,LB,closed,fd1e86719a6198cc,Late Blight 
Z:\Projects\Smart-Farming\Datasets\final_combined_datasets\PLCE\LB\PLCE_LB_0133.JPG,Potato,LB,closed,ad68d226d927cd13,Late Blight 
Z:\Projects\Smart-Farming\Datasets\final_combined_datasets\PLCE\LB\PLCE_LB_0134.JPG,Potato,LB,closed,be3fc0d09ac1c966,Late Blight 
Z:\Projects\Smart-Farming\Datasets\final_combined_datasets\PLCE\LB\PLCE_LB_0135.JPG,Potato,LB,closed,ae6ad1058d1ed89b,Late Blight 
Z:\Projects\Smart-Farming\Datasets\final_combined_datasets\PLCE\LB\PLCE_LB_0136.JPG,Potato,LB,closed,be9fa1c8c2e0cb83,Late Blight 
Z:\Projects\Smart-Farming\Datasets\final_combined_datasets\PLCE\LB\PLCE_LB_0137.JPG,Potato,LB,closed,abcad2859d9690b3,Late Blight 
Z:\Projects\Smart-Farming\Datasets\final_combined_datasets\PLCE\LB\PLCE_LB_0138.JPG,Potato,LB,closed,b1e2e20dc33d8db4,Late Blight 
Z:\Projects\Smart-Farming\Datasets\final_combined_datasets\PLCE\LB\PLCE_LB_0139.JPG,Potato,LB,closed,ab9194d8dac5c761,Late Blight 
Z:\Projects\Smart-Farming\Datasets\final_combined_datasets\PLCE\LB\PLCE_LB_0140.JPG,Potato,LB,closed,b3e88606de32d83b,Late Blight 
Z:\Projects\Smart-Farming\Datasets\final_combined_datasets\PLCE\LB\PLCE_LB_0141.JPG,Potato,LB,closed,afe492c30bf88dc4,Late Blight 
Z:\Projects\Smart-Farming\Datasets\final_combined_datasets\PLCE\LB\PLCE_LB_0142.JPG,Potato,LB,closed,fa3da16087339663,Late Blight 
Z:\Projects\Smart-Farming\Datasets\final_combined_datasets\PLCE\LB\PLCE_LB_0143.JPG,Potato,LB,closed,ab15945a8d67b46c,Late Blight 
Z:\Projects\Smart-Farming\Datasets\final_combined_datasets\PLCE\LB\PLCE_LB_0144.JPG,Potato,LB,closed,aacac08f9d959d31,Late Blight 
Z:\Projects\Smart-Farming\Datasets\final_combined_datasets\PLCE\LB\PLCE_LB_0145.JPG,Potato,LB,closed,abc0b48f909dda9a,Late Blight 
Z:\Projects\Smart-Farming\Datasets\final_combined_datasets\PLCE\LB\PLCE_LB_0146.JPG,Potato,LB,closed,aa66a5368762da8d,Late Blight 
Z:\Projects\Smart-Farming\Datasets\final_combined_datasets\PLCE\LB\PLCE_LB_0147.JPG,Potato,LB,closed,fac2b48f4b9cb121,Late Blight 
Z:\Projects\Smart-Farming\Datasets\final_combined_datasets\PLCE\LB\PLCE_LB_0148.JPG,Potato,LB,closed,8a95dccb8164a773,Late Blight 
Z:\Projects\Smart-Farming\Datasets\final_combined_datasets\PLCE\LB\PLCE_LB_0149.JPG,Potato,LB,closed,edc692da9cc89931,Late Blight 
Z:\Projects\Smart-Farming\Datasets\final_combined_datasets\PLCE\LB\PLCE_LB_0150.JPG,Potato,LB,closed,af68d207d9169db0,Late Blight 
Z:\Projects\Smart-Farming\Datasets\final_combined_datasets\PLCE\LB\PLCE_LB_0151.JPG,Potato,LB,closed,ba48d025cf9f0ed8,Late Blight 
Z:\Projects\Smart-Farming\Datasets\final_combined_datasets\PLCE\LB\PLCE_LB_0152.JPG,Potato,LB,closed,a2a4f6da81f0cf0b,Late Blight 
Z:\Projects\Smart-Farming\Datasets\final_combined_datasets\PLCE\LB\PLCE_LB_0153.JPG,Potato,LB,closed,eae885879d3d90b4,Late Blight 
Z:\Projects\Smart-Farming\Datasets\final_combined_datasets\PLCE\LB\PLCE_LB_0154.JPG,Potato,LB,closed,a9cbd294859d96b4,Late Blight 
Z:\Projects\Smart-Farming\Datasets\final_combined_datasets\PLCE\LB\PLCE_LB_0155.JPG,Potato,LB,closed,aa91f45b8de4c46a,Late Blight 
Z:\Projects\Smart-Farming\Datasets\final_combined_datasets\PLCE\LB\PLCE_LB_0156.JPG,Potato,LB,closed,ea4a850f9eb039d3,Late Blight 
Z:\Projects\Smart-Farming\Datasets\final_combined_datasets\PLCE\LB\PLCE_LB_0157.JPG,Potato,LB,closed,af37b05ac2c8da61,Late Blight 
Z:\Projects\Smart-Farming\Datasets\final_combined_datasets\PLCE\LB\PLCE_LB_0158.JPG,Potato,LB,closed,f861a1b596d2db09,Late Blight 
Z:\Projects\Smart-Farming\Datasets\final_combined_datasets\PLCE\LB\PLCE_LB_0159.JPG,Potato,LB,closed,aabdddf3c1408a49,Late Blight 
Z:\Projects\Smart-Farming\Datasets\final_combined_datasets\PLCE\LB\PLCE_LB_0160.JPG,Potato,LB,closed,eac29596344bd24f,Late Blight 
Z:\Projects\Smart-Farming\Datasets\final_combined_datasets\PLCE\LB\PLCE_LB_0161.JPG,Potato,LB,closed,ea94e5d8953a9631,Late Blight 
Z:\Projects\Smart-Farming\Datasets\final_combined_datasets\PLCE\LB\PLCE_LB_0162.JPG,Potato,LB,closed,af9ef0c19b648836,Late Blight 
Z:\Projects\Smart-Farming\Datasets\final_combined_datasets\PLCE\LB\PLCE_LB_0163.JPG,Potato,LB,closed,ef699487c21e9338,Late Blight 
Z:\Projects\Smart-Farming\Datasets\final_combined_datasets\PLCE\LB\PLCE_LB_0164.JPG,Potato,LB,closed,afd8d0618337cc96,Late Blight 
Z:\Projects\Smart-Farming\Datasets\final_combined_datasets\PLCE\LB\PLCE_LB_0165.JPG,Potato,LB,closed,aaca809d9b34b5b3,Late Blight 
Z:\Projects\Smart-Farming\Datasets\final_combined_datasets\PLCE\LB\PLCE_LB_0166.JPG,Potato,LB,closed,ea62a56f8fb49610,Late Blight 
Z:\Projects\Smart-Farming\Datasets\final_combined_datasets\PLCE\LB\PLCE_LB_0167.JPG,Potato,LB,closed,afeef400c316cb98,Late Blight 
Z:\Projects\Smart-Farming\Datasets\final_combined_datasets\PLCE\LB\PLCE_LB_0168.JPG,Potato,LB,closed,ab95945aa95ce1a5,Late Blight 
Z:\Projects\Smart-Farming\Datasets\final_combined_datasets\PLCE\LB\PLCE_LB_0169.JPG,Potato,LB,closed,8acae9218717fc9c,Late Blight 
Z:\Projects\Smart-Farming\Datasets\final_combined_datasets\PLCE\LB\PLCE_LB_0170.JPG,Potato,LB,closed,abe4d48f83388f85,Late Blight 
Z:\Projects\Smart-Farming\Datasets\final_combined_datasets\PLCE\LB\PLCE_LB_0171.JPG,Potato,LB,closed,ffe0e0848d8f989c,Late Blight 
Z:\Projects\Smart-Farming\Datasets\final_combined_datasets\PLCE\EB\PLCE_EB_0531.jpg,Potato,EB,closed,aae4f54682ae9e98,Early Blight
Z:\Projects\Smart-Farming\Datasets\final_combined_datasets\PLCE\EB\PLCE_EB_0532.jpg,Potato,EB,closed,ab4cf5afd244822e,Early Blight
Z:\Projects\Smart-Farming\Datasets\final_combined_datasets\PLCE\EB\PLCE_EB_0533.jpg,Potato,EB,closed,aeadf5d58050876a,Early Blight
Z:\Projects\Smart-Farming\Datasets\final_combined_datasets\PLCE\EB\PLCE_EB_0534.jpg,Potato,EB,closed,eac2c50f9ebc90b4,Early Blight
Z:\Projects\Smart-Farming\Datasets\final_combined_datasets\PLCE\EB\PLCE_EB_0535.jpg,Potato,EB,closed,bbc0b183d315ca3e,Early Blight
Z:\Projects\Smart-Farming\Datasets\final_combined_datasets\PLCE\EB\PLCE_EB_0536.jpg,Potato,EB,closed,aff1f403823fc710,Early Blight
Z:\Projects\Smart-Farming\Datasets\final_combined_datasets\PLCE\EB\PLCE_EB_0537.jpg,Potato,EB,closed,aa1fe1a0c5f59607,Early Blight
Z:\Projects\Smart-Farming\Datasets\final_combined_datasets\PLCE\EB\PLCE_EB_0538.jpg,Potato,EB,closed,af4ab4add284c356,Early Blight
Z:\Projects\Smart-Farming\Datasets\final_combined_datasets\PLCE\EB\PLCE_EB_0539.jpg,Potato,EB,closed,afe0f007d69c82bc,Early Blight
Z:\Projects\Smart-Farming\Datasets\final_combined_datasets\PLCE\EB\PLCE_EB_0540.jpg,Potato,EB,closed,feb5f052825983c9,Early Blight
Z:\Projects\Smart-Farming\Datasets\final_combined_datasets\PLCE\EB\PLCE_EB_0541.jpg,Potato,EB,closed,ff63b4a1d035c912,Early Blight
Z:\Projects\Smart-Farming\Datasets\final_combined_datasets\PLCE\EB\PLCE_EB_0542.jpg,Potato,EB,closed,fa76a500d7d5868a,Early Blight
Z:\Projects\Smart-Farming\Datasets\final_combined_datasets\PLCE\EB\PLCE_EB_0543.jpg,Potato,EB,closed,ff1fb0588288d3c9,Early Blight
Z:\Projects\Smart-Farming\Datasets\final_combined_datasets\PLCE\EB\PLCE_EB_0544.jpg,Potato,EB,closed,afc3b444922edb15,Early Blight
Z:\Projects\Smart-Farming\Datasets\final_combined_datasets\PLCE\EB\PLCE_EB_0545.jpg,Potato,EB,closed,afe8e407de0cd81c,Early Blight
Z:\Projects\Smart-Farming\Datasets\final_combined_datasets\PLCE\EB\PLCE_EB_0546.jpg,Potato,EB,closed,bfe2b4a5d202cbc2,Early Blight
Z:\Projects\Smart-Farming\Datasets\final_combined_datasets\PLCE\EB\PLCE_EB_0547.jpg,Potato,EB,closed,bf31b052c06bcf25,Early Blight
Z:\Projects\Smart-Farming\Datasets\final_combined_datasets\PLCE\EB\PLCE_EB_0548.jpg,Potato,EB,closed,aaa5e5d28702979b,Early Blight
Z:\Projects\Smart-Farming\Datasets\final_combined_datasets\PLCE\EB\PLCE_EB_0549.jpg,Potato,EB,closed,fa9fa150870ad2cd,Early Blight
Z:\Projects\Smart-Farming\Datasets\final_combined_datasets\PLCE\EB\PLCE_EB_0550.jpg,Potato,EB,closed,ffbfd0f0885088c3,Early Blight
Z:\Projects\Smart-Farming\Datasets\final_combined_datasets\PLCE\EB\PLCE_EB_0551.jpg,Potato,EB,closed,fac4a446967e5a31,Early Blight
Z:\Projects\Smart-Farming\Datasets\final_combined_datasets\PLCE\EB\PLCE_EB_0552.jpg,Potato,EB,closed,ffcce0cc850c9e2c,Early Blight
Z:\Projects\Smart-Farming\Datasets\final_combined_datasets\PLCE\EB\PLCE_EB_0553.jpg,Potato,EB,closed,fec084ab9e95f190,Early Blight
Z:\Projects\Smart-Farming\Datasets\final_combined_datasets\PLCE\EB\PLCE_EB_0554.jpg,Potato,EB,closed,ebc8a12985bdde90,Early Blight
Z:\Projects\Smart-Farming\Datasets\final_combined_datasets\PLCE\EB\PLCE_EB_0555.jpg,Potato,EB,closed,aa78e101d51f86de,Early Blight
Z:\Projects\Smart-Farming\Datasets\final_combined_datasets\PLCE\EB\PLCE_EB_0556.jpg,Potato,EB,closed,eae9e40d851d9e98,Early Blight
Z:\Projects\Smart-Farming\Datasets\final_combined_datasets\PLCE\EB\PLCE_EB_0557.jpg,Potato,EB,closed,ea95e1f0858394de,Early Blight
Z:\Projects\Smart-Farming\Datasets\final_combined_datasets\PLCE\EB\PLCE_EB_0558.jpg,Potato,EB,closed,aae5e555c40e962e,Early Blight
Z:\Projects\Smart-Farming\Datasets\final_combined_datasets\PLCE\EB\PLCE_EB_0559.jpg,Potato,EB,closed,afb5e452866b9e01,Early Blight
Z:\Projects\Smart-Farming\Datasets\final_combined_datasets\PLCE\EB\PLCE_EB_0560.jpg,Potato,EB,closed,aecab5a9d495d290,Early Blight
Z:\Projects\Smart-Farming\Datasets\final_combined_datasets\PLCE\EB\PLCE_EB_0561.jpg,Potato,EB,closed,bfb4b440d08bc35d,Early Blight
Z:\Projects\Smart-Farming\Datasets\final_combined_datasets\PLCE\EB\PLCE_EB_0562.jpg,Potato,EB,closed,be43b5afd055d022,Early Blight
Z:\Projects\Smart-Farming\Datasets\final_combined_datasets\PLCE\EB\PLCE_EB_0563.jpg,Potato,EB,closed,ab58b5e9d0c4d296,Early Blight
Z:\Projects\Smart-Farming\Datasets\final_combined_datasets\PLCE\EB\PLCE_EB_0564.jpg,Potato,EB,closed,bfc8a1bd90f0cac2,Early Blight
Z:\Projects\Smart-Farming\Datasets\final_combined_datasets\PLCE\EB\PLCE_EB_0565.jpg,Potato,EB,closed,ab4cb1b887e59784,Early Blight
Z:\Projects\Smart-Farming\Datasets\final_combined_datasets\PLCE\EB\PLCE_EB_0566.jpg,Potato,EB,closed,bf34b502d26bc349,Early Blight
Z:\Projects\Smart-Farming\Datasets\final_combined_datasets\PLCE\EB\PLCE_EB_0567.jpg,Potato,EB,closed,bf25b41ad2e88b45,Early Blight
Z:\Projects\Smart-Farming\Datasets\final_combined_datasets\PLCE\EB\PLCE_EB_0568.jpg,Potato,EB,closed,bebcb090905bd35a,Early Blight
Z:\Projects\Smart-Farming\Datasets\final_combined_datasets\PLCE\EB\PLCE_EB_0569.jpg,Potato,EB,closed,eab0e51687be9e10,Early Blight
Z:\Projects\Smart-Farming\Datasets\final_combined_datasets\PLCE\EB\PLCE_EB_0570.jpg,Potato,EB,closed,af13b45ad2e9c905,Early Blight
Z:\Projects\Smart-Farming\Datasets\final_combined_datasets\PLCE\EB\PLCE_EB_0571.jpg,Potato,EB,closed,bfb4f452814bc12b,Early Blight
Z:\Projects\Smart-Farming\Datasets\final_combined_datasets\PLCE\EB\PLCE_EB_0572.jpg,Potato,EB,closed,af4ab4a5d2048bbe,Early Blight
Z:\Projects\Smart-Farming\Datasets\final_combined_datasets\PLCE\EB\PLCE_EB_0573.jpg,Potato,EB,closed,afa5b556825ac329,Early Blight
Z:\Projects\Smart-Farming\Datasets\final_combined_datasets\PLCE\EB\PLCE_EB_0574.jpg,Potato,EB,closed,bbcfb51c909cc2d0,Early Blight
Z:\Projects\Smart-Farming\Datasets\final_combined_datasets\PLCE\EB\PLCE_EB_0575.jpg,Potato,EB,closed,fa90e07c8510d7af,Early Blight
Z:\Projects\Smart-Farming\Datasets\final_combined_datasets\PLCE\EB\PLCE_EB_0576.jpg,Potato,EB,closed,bbb4b512d24a816f,Early Blight
Z:\Projects\Smart-Farming\Datasets\final_combined_datasets\PLCE\EB\PLCE_EB_0577.jpg,Potato,EB,closed,becab0eb908dc394,Early Blight
Z:\Projects\Smart-Farming\Datasets\final_combined_datasets\PLCE\EB\PLCE_EB_0578.jpg,Potato,EB,closed,ba17a1f8d741c269,Early Blight
Z:\Projects\Smart-Farming\Datasets\final_combined_datasets\PLCE\EB\PLCE_EB_0579.jpg,Potato,EB,closed,ae9ab4b8c4e1cac3,Early Blight
Z:\Projects\Smart-Farming\Datasets\final_combined_datasets\PLCE\EB\PLCE_EB_0580.jpg,Potato,EB,closed,fee0e48fc25e8a88,Early Blight
Z:\Projects\Smart-Farming\Datasets\final_combined_datasets\PLCE\EB\PLCE_EB_0581.jpg,Potato,EB,closed,aadae4a985818f97,Early Blight
Z:\Projects\Smart-Farming\Datasets\final_combined_datasets\PLCE\EB\PLCE_EB_0582.jpg,Potato,EB,closed,af4ab42dd254c3aa,Early Blight
Z:\Projects\Smart-Farming\Datasets\final_combined_datasets\PLCE\EB\PLCE_EB_0583.jpg,Potato,EB,closed,bfa0f452820bcf3c,Early Blight
Z:\Projects\Smart-Farming\Datasets\final_combined_datasets\PLCE\EB\PLCE_EB_0584.jpg,Potato,EB,closed,aa9c95da92cac2cd,Early Blight
Z:\Projects\Smart-Farming\Datasets\final_combined_datasets\PLCE\EB\PLCE_EB_0585.jpg,Potato,EB,closed,eadae00a87ef8e05,Early Blight
Z:\Projects\Smart-Farming\Datasets\final_combined_datasets\PLCE\EB\PLCE_EB_0586.jpg,Potato,EB,closed,ffb4d0da81418f43,Early Blight
Z:\Projects\Smart-Farming\Datasets\final_combined_datasets\PLCE\EB\PLCE_EB_0587.jpg,Potato,EB,closed,aa60a507967eda3a,Early Blight
Z:\Projects\Smart-Farming\Datasets\final_combined_datasets\PLCE\EB\PLCE_EB_0588.jpg,Potato,EB,closed,ae17b57ac269c321,Early Blight
Z:\Projects\Smart-Farming\Datasets\final_combined_datasets\PLCE\EB\PLCE_EB_0589.jpg,Potato,EB,closed,baf1f140d34b8a8d,Early Blight
Z:\Projects\Smart-Farming\Datasets\final_combined_datasets\PLCE\EB\PLCE_EB_0590.jpg,Potato,EB,closed,ffa5e0d6c2a68314,Early Blight
Z:\Projects\Smart-Farming\Datasets\final_combined_datasets\PLCE\EB\PLCE_EB_0591.jpg,Potato,EB,closed,ebc8a10d953d9a3c,Early Blight
Z:\Projects\Smart-Farming\Datasets\final_combined_datasets\PLCE\EB\PLCE_EB_0592.jpg,Potato,EB,closed,ab918dd2d36a096d,Early Blight
Z:\Projects\Smart-Farming\Datasets\final_combined_datasets\PLCE\EB\PLCE_EB_0593.jpg,Potato,EB,closed,ab1eb498d2618b2f,Early Blight
Z:\Projects\Smart-Farming\Datasets\final_combined_datasets\PLCE\EB\PLCE_EB_0594.jpg,Potato,EB,closed,eaeca18a853dc5e4,Early Blight
Z:\Projects\Smart-Farming\Datasets\final_combined_datasets\PLCE\EB\PLCE_EB_0595.jpg,Potato,EB,closed,ff9fb0b8d2d08288,Early Blight
Z:\Projects\Smart-Farming\Datasets\final_combined_datasets\PLCE\EB\PLCE_EB_0596.jpg,Potato,EB,closed,ffa6b156d0aac211,Early Blight
Z:\Projects\Smart-Farming\Datasets\final_combined_datasets\PLCE\EB\PLCE_EB_0597.jpg,Potato,EB,closed,fa84e19587929e9a,Early Blight
Z:\Projects\Smart-Farming\Datasets\final_combined_datasets\PLCE\EB\PLCE_EB_0598.jpg,Potato,EB,closed,fbcd81ccd72c4a30,Early Blight
Z:\Projects\Smart-Farming\Datasets\final_combined_datasets\PLCE\EB\PLCE_EB_0599.jpg,Potato,EB,closed,aa1ca5f097019eeb,Early Blight
Z:\Projects\Smart-Farming\Datasets\final_combined_datasets\PLCE\EB\PLCE_EB_0600.jpg,Potato,EB,closed,bfe3d0a58092d656,Early Blight
Z:\Projects\Smart-Farming\Datasets\final_combined_datasets\PLCE\EB\PLCE_EB_0601.jpg,Potato,EB,closed,baa6a5d2974a9a0d,Early Blight
Z:\Projects\Smart-Farming\Datasets\final_combined_datasets\PLCE\EB\PLCE_EB_0602.jpg,Potato,EB,closed,aacce5ac84e587d4,Early Blight
Z:\Projects\Smart-Farming\Datasets\final_combined_datasets\PLCE\EB\PLCE_EB_0603.jpg,Potato,EB,closed,ae91b543961b1c6d,Early Blight
Z:\Projects\Smart-Farming\Datasets\final_combined_datasets\PLCE\EB\PLCE_EB_0604.jpg,Potato,EB,closed,eb95c4d28f3a3c60,Early Blight
Z:\Projects\Smart-Farming\Datasets\final_combined_datasets\PLCE\EB\PLCE_EB_0605.jpg,Potato,EB,closed,ffe0b4a5d016d382,Early Blight
Z:\Projects\Smart-Farming\Datasets\final_combined_datasets\PLCE\EB\PLCE_EB_0606.jpg,Potato,EB,closed,a9d3b103d23f1a78,Early Blight
Z:\Projects\Smart-Farming\Datasets\final_combined_datasets\PLCE\EB\PLCE_EB_0607.jpg,Potato,EB,closed,bbe3b052c20bcb2d,Early Blight
Z:\Projects\Smart-Farming\Datasets\final_combined_datasets\PLCE\EB\PLCE_EB_0608.jpg,Potato,EB,closed,ffe8b4a58096c516,Early Blight
Z:\Projects\Smart-Farming\Datasets\final_combined_datasets\PLCE\EB\PLCE_EB_0609.jpg,Potato,EB,closed,ab9ba53a95f094c2,Early Blight
Z:\Projects\Smart-Farming\Datasets\final_combined_datasets\PLCE\EB\PLCE_EB_0610.jpg,Potato,EB,closed,aaceb0ac83b58f92,Early Blight
Z:\Projects\Smart-Farming\Datasets\final_combined_datasets\PLCE\EB\PLCE_EB_0611.jpg,Potato,EB,closed,af97b45ad2a9c304,Early Blight
Z:\Projects\Smart-Farming\Datasets\final_combined_datasets\PLCE\EB\PLCE_EB_0612.jpg,Potato,EB,closed,ffa5f554d0aa9240,Early Blight
Z:\Projects\Smart-Farming\Datasets\final_combined_datasets\PLCE\EB\PLCE_EB_0613.jpg,Potato,EB,closed,eb60b5a792878336,Early Blight
Z:\Projects\Smart-Farming\Datasets\final_combined_datasets\PLCE\EB\PLCE_EB_0614.jpg,Potato,EB,closed,eaede14585ee9604,Early Blight
Z:\Projects\Smart-Farming\Datasets\final_combined_datasets\PLCE\EB\PLCE_EB_0615.jpg,Potato,EB,closed,eb69e44885bd9625,Early Blight
Z:\Projects\Smart-Farming\Datasets\final_combined_datasets\PLCE\EB\PLCE_EB_0616.jpg,Potato,EB,closed,be19b4f9d2418ae1,Early Blight
Z:\Projects\Smart-Farming\Datasets\final_combined_datasets\PLCE\EB\PLCE_EB_0617.jpg,Potato,EB,closed,bba49442d32b1bb5,Early Blight
Z:\Projects\Smart-Farming\Datasets\final_combined_datasets\PLCE\EB\PLCE_EB_0618.jpg,Potato,EB,closed,afa5b452c2aa8f15,Early Blight
Z:\Projects\Smart-Farming\Datasets\final_combined_datasets\PLCE\EB\PLCE_EB_0619.jpg,Potato,EB,closed,fa38e05385a997d1,Early Blight
Z:\Projects\Smart-Farming\Datasets\final_combined_datasets\PLCE\EB\PLCE_EB_0620.jpg,Potato,EB,closed,fe99f091c44a8e4d,Early Blight
Z:\Projects\Smart-Farming\Datasets\final_combined_datasets\PLCE\EB\PLCE_EB_0621.jpg,Potato,EB,closed,bb1cb1fcd0e0ca61,Early Blight
Z:\Projects\Smart-Farming\Datasets\final_combined_datasets\PLCE\EB\PLCE_EB_0622.jpg,Potato,EB,closed,aae0a587959e969a,Early Blight
Z:\Projects\Smart-Farming\Datasets\final_combined_datasets\PLCE\EB\PLCE_EB_0623.jpg,Potato,EB,closed,ff39a0748022d779,Early Blight
Z:\Projects\Smart-Farming\Datasets\final_combined_datasets\PLCE\EB\PLCE_EB_0624.jpg,Potato,EB,closed,aaf9a4a38095df92,Early Blight
Z:\Projects\Smart-Farming\Datasets\final_combined_datasets\PLCE\EB\PLCE_EB_0625.jpg,Potato,EB,closed,aae5a506d6aa8a7c,Early Blight
Z:\Projects\Smart-Farming\Datasets\final_combined_datasets\PLCE\EB\PLCE_EB_0626.jpg,Potato,EB,closed,aa99a4d495c0d6cf,Early Blight
Z:\Projects\Smart-Farming\Datasets\final_combined_datasets\PLCE\EB\PLCE_EB_0627.jpg,Potato,EB,closed,aae1e587855fc618,Early Blight
Z:\Projects\Smart-Farming\Datasets\final_combined_datasets\PLCE\EB\PLCE_EB_0628.jpg,Potato,EB,closed,ff9bb440d2918a87,Early Blight
Z:\Projects\Smart-Farming\Datasets\final_combined_datasets\PLCE\EB\PLCE_EB_0629.jpg,Potato,EB,closed,eb89b1cdd290cb62,Early Blight
Z:\Projects\Smart-Farming\Datasets\final_combined_datasets\PLCE\EB\PLCE_EB_0630.jpg,Potato,EB,closed,abceb1acd1f48982,Early Blight
Z:\Projects\Smart-Farming\Datasets\final_combined_datasets\PLCE\EB\PLCE_EB_0631.jpg,Potato,EB,closed,eacaf5edc0858784,Early Blight
Z:\Projects\Smart-Farming\Datasets\final_combined_datasets\PLCE\EB\PLCE_EB_0632.jpg,Potato,EB,closed,ab8eb1acd0d4d2d2,Early Blight
Z:\Projects\Smart-Farming\Datasets\final_combined_datasets\PLCE\EB\PLCE_EB_0633.jpg,Potato,EB,closed,abdae5fa95818485,Early Blight
Z:\Projects\Smart-Farming\Datasets\final_combined_datasets\PLCE\EB\PLCE_EB_0634.jpg,Potato,EB,closed,fec9b02dd2cd8330,Early Blight
Z:\Projects\Smart-Farming\Datasets\final_combined_datasets\PLCE\EB\PLCE_EB_0635.jpg,Potato,EB,closed,eacea068d5a5c6a5,Early Blight
Z:\Projects\Smart-Farming\Datasets\final_combined_datasets\PLCE\EB\PLCE_EB_0636.jpg,Potato,EB,closed,eedba46894e18aa5,Early Blight
Z:\Projects\Smart-Farming\Datasets\final_combined_datasets\PLCE\EB\PLCE_EB_0637.jpg,Potato,EB,closed,bb9ae1bd93c0c2c1,Early Blight
Z:\Projects\Smart-Farming\Datasets\final_combined_datasets\PLCE\EB\PLCE_EB_0638.jpg,Potato,EB,closed,ff24e0fdc7008713,Early Blight
Z:\Projects\Smart-Farming\Datasets\final_combined_datasets\PLCE\EB\PLCE_EB_0639.jpg,Potato,EB,closed,bf98b598d219c2c9,Early Blight
Z:\Projects\Smart-Farming\Datasets\final_combined_datasets\PLCE\EB\PLCE_EB_0640.jpg,Potato,EB,closed,aeb6b546960ada38,Early Blight
Z:\Projects\Smart-Farming\Datasets\final_combined_datasets\PLCE\EB\PLCE_EB_0641.jpg,Potato,EB,closed,aee0a582d41fda9a,Early Blight
Z:\Projects\Smart-Farming\Datasets\final_combined_datasets\PLCE\EB\PLCE_EB_0642.jpg,Potato,EB,closed,fe42a0ebd4e580e5,Early Blight
Z:\Projects\Smart-Farming\Datasets\final_combined_datasets\PLCE\EB\PLCE_EB_0643.jpg,Potato,EB,closed,af1da470d6f086c3,Early Blight
Z:\Projects\Smart-Farming\Datasets\final_combined_datasets\PLCE\EB\PLCE_EB_0644.jpg,Potato,EB,closed,aa4ae0c887adce5d,Early Blight
Z:\Projects\Smart-Farming\Datasets\final_combined_datasets\PLCE\EB\PLCE_EB_0645.jpg,Potato,EB,closed,ba9de0f8a51185e3,Early Blight
Z:\Projects\Smart-Farming\Datasets\final_combined_datasets\PLCE\EB\PLCE_EB_0646.jpg,Potato,EB,closed,aa9be1f097819a17,Early Blight
Z:\Projects\Smart-Farming\Datasets\final_combined_datasets\PLCE\EB\PLCE_EB_0647.jpg,Potato,EB,closed,ee9ba4a9c0f18f82,Early Blight
Z:\Projects\Smart-Farming\Datasets\final_combined_datasets\PLCE\EB\PLCE_EB_0648.jpg,Potato,EB,closed,ff99a0d083eb4e05,Early Blight
Z:\Projects\Smart-Farming\Datasets\final_combined_datasets\PLCE\EB\PLCE_EB_0649.jpg,Potato,EB,closed,af99b4bdc2d0cac0,Early Blight
Z:\Projects\Smart-Farming\Datasets\final_combined_datasets\PLCE\EB\PLCE_EB_0650.jpg,Potato,EB,closed,af84f45682a9c34f,Early Blight
Z:\Projects\Smart-Farming\Datasets\final_combined_datasets\PLCE\EB\PLCE_EB_0651.jpg,Potato,EB,closed,bfeab0a1d095c392,Early Blight
Z:\Projects\Smart-Farming\Datasets\final_combined_datasets\PLCE\EB\PLCE_EB_0652.jpg,Potato,EB,closed,bfcec0a5c0b48796,Early Blight
Z:\Projects\Smart-Farming\Datasets\final_combined_datasets\PLCE\EB\PLCE_EB_0653.jpg,Potato,EB,closed,ae9ee4eac4c19a83,Early Blight
Z:\Projects\Smart-Farming\Datasets\final_combined_datasets\PLCE\EB\PLCE_EB_0654.jpg,Potato,EB,closed,afbbe4f084d09e82,Early Blight
Z:\Projects\Smart-Farming\Datasets\final_combined_datasets\PLCE\EB\PLCE_EB_0655.jpg,Potato,EB,closed,bedbe0e884a18ec5,Early Blight
Z:\Projects\Smart-Farming\Datasets\final_combined_datasets\PLCE\EB\PLCE_EB_0656.jpg,Potato,EB,closed,bb81f1c3834e8f2c,Early Blight
Z:\Projects\Smart-Farming\Datasets\final_combined_datasets\PLCE\EB\PLCE_EB_0657.jpg,Potato,EB,closed,bb99a1f897211a2d,Early Blight
Z:\Projects\Smart-Farming\Datasets\final_combined_datasets\PLCE\EB\PLCE_EB_0658.jpg,Potato,EB,closed,ab1cb55ed2f882d0,Early Blight
Z:\Projects\Smart-Farming\Datasets\final_combined_datasets\PLCE\EB\PLCE_EB_0659.jpg,Potato,EB,closed,bab4e11387f6dc02,Early Blight
Z:\Projects\Smart-Farming\Datasets\final_combined_datasets\PLCE\EB\PLCE_EB_0660.jpg,Potato,EB,closed,ea39e0f487039c5e,Early Blight
Z:\Projects\Smart-Farming\Datasets\final_combined_datasets\PLCE\EB\PLCE_EB_0661.jpg,Potato,EB,closed,ab5af0298375d724,Early Blight
Z:\Projects\Smart-Farming\Datasets\final_combined_datasets\PLCE\EB\PLCE_EB_0662.jpg,Potato,EB,closed,bac1f467c0a5ca96,Early Blight
Z:\Projects\Smart-Farming\Datasets\final_combined_datasets\PLCE\EB\PLCE_EB_0663.jpg,Potato,EB,closed,ea1ae57a85e0d4e1,Early Blight
Z:\Projects\Smart-Farming\Datasets\final_combined_datasets\PLCE\EB\PLCE_EB_0664.jpg,Potato,EB,closed,afcaf5a1d045d186,Early Blight
Z:\Projects\Smart-Farming\Datasets\final_combined_datasets\PLCE\EB\PLCE_EB_0665.jpg,Potato,EB,closed,abc9f57dd4609260,Early Blight
Z:\Projects\Smart-Farming\Datasets\final_combined_datasets\PLCE\EB\PLCE_EB_0666.jpg,Potato,EB,closed,aae9b5fcd2c0c286,Early Blight
Z:\Projects\Smart-Farming\Datasets\final_combined_datasets\PLCE\EB\PLCE_EB_0667.jpg,Potato,EB,closed,be8ca45ef4aa8495,Early Blight
Z:\Projects\Smart-Farming\Datasets\final_combined_datasets\PLCE\EB\PLCE_EB_0668.jpg,Potato,EB,closed,aa8bb5bdd4e08ac2,Early Blight
Z:\Projects\Smart-Farming\Datasets\final_combined_datasets\PLCE\EB\PLCE_EB_0669.jpg,Potato,EB,closed,aee4b1c5d216cb1a,Early Blight
Z:\Projects\Smart-Farming\Datasets\final_combined_datasets\PLCE\EB\PLCE_EB_0670.jpg,Potato,EB,closed,ea3ae5f095859287,Early Blight
Z:\Projects\Smart-Farming\Datasets\final_combined_datasets\PLCE\EB\PLCE_EB_0671.jpg,Potato,EB,closed,eafce52085479726,Early Blight
Z:\Projects\Smart-Farming\Datasets\final_combined_datasets\PLCE\EB\PLCE_EB_0672.jpg,Potato,EB,closed,bf28a4add2348bb2,Early Blight
Z:\Projects\Smart-Farming\Datasets\final_combined_datasets\PLCE\EB\PLCE_EB_0673.jpg,Potato,EB,closed,ba6af1a8c0b5c3b4,Early Blight
Z:\Projects\Smart-Farming\Datasets\final_combined_datasets\PLCE\EB\PLCE_EB_0674.jpg,Potato,EB,closed,ab92e59ac551ce62,Early Blight
Z:\Projects\Smart-Farming\Datasets\final_combined_datasets\PLCE\EB\PLCE_EB_0675.jpg,Potato,EB,closed,bf1ab4d8d248c2ad,Early Blight
Z:\Projects\Smart-Farming\Datasets\final_combined_datasets\PLCE\EB\PLCE_EB_0676.jpg,Potato,EB,closed,fa918597977a1a21,Early Blight
Z:\Projects\Smart-Farming\Datasets\final_combined_datasets\PLCE\EB\PLCE_EB_0677.jpg,Potato,EB,closed,adf0f401d21f82be,Early Blight
Z:\Projects\Smart-Farming\Datasets\final_combined_datasets\PLCE\EB\PLCE_EB_0678.jpg,Potato,EB,closed,ee9ba0f894c19ac3,Early Blight
Z:\Projects\Smart-Farming\Datasets\final_combined_datasets\PLCE\EB\PLCE_EB_0679.jpg,Potato,EB,closed,aeb1cc57c1ca934a,Early Blight
Z:\Projects\Smart-Farming\Datasets\final_combined_datasets\PLCE\EB\PLCE_EB_0680.jpg,Potato,EB,closed,aab1b152916a9b6b,Early Blight
Z:\Projects\Smart-Farming\Datasets\final_combined_datasets\PLCE\EB\PLCE_EB_0681.jpg,Potato,EB,closed,bb93e1338133cb92,Early Blight
Z:\Projects\Smart-Farming\Datasets\final_combined_datasets\PLCE\EB\PLCE_EB_0682.jpg,Potato,EB,closed,bbb0b15cd0e84bc5,Early Blight
Z:\Projects\Smart-Farming\Datasets\final_combined_datasets\PLCE\EB\PLCE_EB_0683.jpg,Potato,EB,closed,bef3e02382df1a88,Early Blight
Z:\Projects\Smart-Farming\Datasets\final_combined_datasets\PLCE\EB\PLCE_EB_0684.jpg,Potato,EB,closed,eaaec1348ff79c00,Early Blight
Z:\Projects\Smart-Farming\Datasets\final_combined_datasets\PLCE\EB\PLCE_EB_0685.jpg,Potato,EB,closed,bf50b0abd0d5c2ca,Early Blight
Z:\Projects\Smart-Farming\Datasets\final_combined_datasets\PLCE\EB\PLCE_EB_0686.jpg,Potato,EB,closed,bec0a407d62f8a3d,Early Blight
Z:\Projects\Smart-Farming\Datasets\final_combined_datasets\PLCE\EB\PLCE_EB_0687.jpg,Potato,EB,closed,be42b0a78216df1e,Early Blight
Z:\Projects\Smart-Farming\Datasets\final_combined_datasets\PLCE\EB\PLCE_EB_0688.jpg,Potato,EB,closed,aee4e484c58e9e5c,Early Blight
Z:\Projects\Smart-Farming\Datasets\final_combined_datasets\PLCE\EB\PLCE_EB_0689.jpg,Potato,EB,closed,aee2a105d6af8a56,Early Blight
Z:\Projects\Smart-Farming\Datasets\final_combined_datasets\PLCE\EB\PLCE_EB_0690.jpg,Potato,EB,closed,bee6e02287879e92,Early Blight
Z:\Projects\Smart-Farming\Datasets\final_combined_datasets\PLCE\EB\PLCE_EB_0691.jpg,Potato,EB,closed,beb4b058d048cbed,Early Blight
Z:\Projects\Smart-Farming\Datasets\final_combined_datasets\PLCE\EB\PLCE_EB_0692.jpg,Potato,EB,closed,ea3ce5f4860296cb,Early Blight
Z:\Projects\Smart-Farming\Datasets\final_combined_datasets\PLCE\EB\PLCE_EB_0693.jpg,Potato,EB,closed,ee15f0f087008fdb,Early Blight
Z:\Projects\Smart-Farming\Datasets\final_combined_datasets\PLCE\EB\PLCE_EB_0694.jpg,Potato,EB,closed,efc4e0ac86449ece,Early Blight
Z:\Projects\Smart-Farming\Datasets\final_combined_datasets\PLCE\EB\PLCE_EB_0695.jpg,Potato,EB,closed,eee6802797b60ed0,Early Blight
Z:\Projects\Smart-Farming\Datasets\final_combined_datasets\PLCE\EB\PLCE_EB_0696.jpg,Potato,EB,closed,eabaa0f895819697,Early Blight
Z:\Projects\Smart-Farming\Datasets\final_combined_datasets\PLCE\EB\PLCE_EB_0697.jpg,Potato,EB,closed,aedba4a9d4f5c0c0,Early Blight
Z:\Projects\Smart-Farming\Datasets\final_combined_datasets\PLCE\EB\PLCE_EB_0698.jpg,Potato,EB,closed,bbccb13cd1f48a30,Early Blight
Z:\Projects\Smart-Farming\Datasets\final_combined_datasets\PLCE\EB\PLCE_EB_0699.jpg,Potato,EB,closed,aacda5b894f4d2d0,Early Blight
Z:\Projects\Smart-Farming\Datasets\final_combined_datasets\PLCE\EB\PLCE_EB_0700.jpg,Potato,EB,closed,aedbb4a89491d2d1,Early Blight
Z:\Projects\Smart-Farming\Datasets\final_combined_datasets\PLCE\EB\PLCE_EB_0701.jpg,Potato,EB,closed,fee0e183869f9702,Early Blight
Z:\Projects\Smart-Farming\Datasets\final_combined_datasets\PLCE\EB\PLCE_EB_0702.jpg,Potato,EB,closed,baeef4ac80b4c592,Early Blight
Z:\Projects\Smart-Farming\Datasets\final_combined_datasets\PLCE\EB\PLCE_EB_0703.jpg,Potato,EB,closed,bf9da0d8d548c265,Early Blight
Z:\Projects\Smart-Farming\Datasets\final_combined_datasets\PLCE\EB\PLCE_EB_0704.jpg,Potato,EB,closed,ee99a4e986e09e86,Early Blight
Z:\Projects\Smart-Farming\Datasets\final_combined_datasets\PLCE\EB\PLCE_EB_0705.jpg,Potato,EB,closed,bbb0b0c1d06bcb65,Early Blight
Z:\Projects\Smart-Farming\Datasets\final_combined_datasets\PLCE\EB\PLCE_EB_0706.jpg,Potato,EB,closed,fb8cb17cd460d261,Early Blight
Z:\Projects\Smart-Farming\Datasets\final_combined_datasets\PLCE\EB\PLCE_EB_0707.jpg,Potato,EB,closed,aa8ee4adc6e4c6c2,Early Blight
Z:\Projects\Smart-Farming\Datasets\final_combined_datasets\PLCE\EB\PLCE_EB_0708.jpg,Potato,EB,closed,ee8ba5a8c6e0d2b2,Early Blight
Z:\Projects\Smart-Farming\Datasets\final_combined_datasets\PLCE\EB\PLCE_EB_0709.jpg,Potato,EB,closed,aa42e58f85fd8694,Early Blight
Z:\Projects\Smart-Farming\Datasets\final_combined_datasets\PLCE\EB\PLCE_EB_0710.jpg,Potato,EB,closed,eb31f112c14bcd2d,Early Blight
Z:\Projects\Smart-Farming\Datasets\final_combined_datasets\PLCE\EB\PLCE_EB_0711.jpg,Potato,EB,closed,ef97b452d2a8c341,Early Blight
Z:\Projects\Smart-Farming\Datasets\final_combined_datasets\PLCE\EB\PLCE_EB_0712.jpg,Potato,EB,closed,efffb500d012c81b,Early Blight
Z:\Projects\Smart-Farming\Datasets\final_combined_datasets\PLCE\EB\PLCE_EB_0713.jpg,Potato,EB,closed,efa5f45ac028c3a9,Early Blight
Z:\Projects\Smart-Farming\Datasets\final_combined_datasets\PLCE\EB\PLCE_EB_0714.jpg,Potato,EB,closed,fea0b057d08ac35d,Early Blight
Z:\Projects\Smart-Farming\Datasets\final_combined_datasets\PLCE\EB\PLCE_EB_0715.jpg,Potato,EB,closed,eadbe0e9c4e18585,Early Blight
Z:\Projects\Smart-Farming\Datasets\final_combined_datasets\PLCE\EB\PLCE_EB_0716.jpg,Potato,EB,closed,ee9be4a984819e47,Early Blight
Z:\Projects\Smart-Farming\Datasets\final_combined_datasets\PLCE\EB\PLCE_EB_0717.jpg,Potato,EB,closed,aa9ce5f8848196cf,Early Blight
Z:\Projects\Smart-Farming\Datasets\final_combined_datasets\PLCE\EB\PLCE_EB_0718.jpg,Potato,EB,closed,aa52a5ab85959697,Early Blight
Z:\Projects\Smart-Farming\Datasets\final_combined_datasets\PLCE\EB\PLCE_EB_0719.jpg,Potato,EB,closed,eecda0e88485c6d7,Early Blight
Z:\Projects\Smart-Farming\Datasets\final_combined_datasets\PLCE\EB\PLCE_EB_0720.jpg,Potato,EB,closed,fb8eb1ac9194cac2,Early Blight
Z:\Projects\Smart-Farming\Datasets\final_combined_datasets\PLCE\EB\PLCE_EB_0721.jpg,Potato,EB,closed,e9c887a59b969a92,Early Blight
Z:\Projects\Smart-Farming\Datasets\final_combined_datasets\PLCE\EB\PLCE_EB_0722.jpg,Potato,EB,closed,fa8be4f88481d687,Early Blight
Z:\Projects\Smart-Farming\Datasets\final_combined_datasets\PLCE\EB\PLCE_EB_0723.jpg,Potato,EB,closed,ffa4b452d0eac245,Early Blight
Z:\Projects\Smart-Farming\Datasets\final_combined_datasets\PLCE\EB\PLCE_EB_0724.jpg,Potato,EB,closed,fab1a574d48ac255,Early Blight
Z:\Projects\Smart-Farming\Datasets\final_combined_datasets\PLCE\EB\PLCE_EB_0725.jpg,Potato,EB,closed,ffb1b053c04bc329,Early Blight
Z:\Projects\Smart-Farming\Datasets\final_combined_datasets\PLCE\EB\PLCE_EB_0726.jpg,Potato,EB,closed,bab6b4f094c0ca4f,Early Blight
Z:\Projects\Smart-Farming\Datasets\final_combined_datasets\PLCE\EB\PLCE_EB_0727.jpg,Potato,EB,closed,ffe0b027c216c2ba,Early Blight
Z:\Projects\Smart-Farming\Datasets\final_combined_datasets\PLCE\EB\PLCE_EB_0728.jpg,Potato,EB,closed,ee61a407961ede38,Early Blight
Z:\Projects\Smart-Farming\Datasets\final_combined_datasets\PLCE\EB\PLCE_EB_0729.jpg,Potato,EB,closed,ffb4b4dad009c145,Early Blight
Z:\Projects\Smart-Farming\Datasets\final_combined_datasets\PLCE\EB\PLCE_EB_0730.jpg,Potato,EB,closed,eecef0ad83808bd2,Early Blight
Z:\Projects\Smart-Farming\Datasets\final_combined_datasets\PLCE\EB\PLCE_EB_0731.jpg,Potato,EB,closed,bee3b0a5d0d4c592,Early Blight
Z:\Projects\Smart-Farming\Datasets\final_combined_datasets\PLCE\EB\PLCE_EB_0732.jpg,Potato,EB,closed,aa69e505877e9668,Early Blight
Z:\Projects\Smart-Farming\Datasets\final_combined_datasets\PLCE\EB\PLCE_EB_0733.jpg,Potato,EB,closed,fe8ee0a885d19783,Early Blight
Z:\Projects\Smart-Farming\Datasets\final_combined_datasets\PLCE\EB\PLCE_EB_0734.jpg,Potato,EB,closed,ff47b02fd0688274,Early Blight
Z:\Projects\Smart-Farming\Datasets\final_combined_datasets\PLCE\EB\PLCE_EB_0735.jpg,Potato,EB,closed,ff84b45fd028c079,Early Blight
Z:\Projects\Smart-Farming\Datasets\final_combined_datasets\PLCE\EB\PLCE_EB_0736.jpg,Potato,EB,closed,aac0b187971eda3c,Early Blight
Z:\Projects\Smart-Farming\Datasets\final_combined_datasets\PLCE\EB\PLCE_EB_0737.jpg,Potato,EB,closed,eac8e189859d9f38,Early Blight
Z:\Projects\Smart-Farming\Datasets\final_combined_datasets\PLCE\EB\PLCE_EB_0738.jpg,Potato,EB,closed,fadaf0a882858797,Early Blight
Z:\Projects\Smart-Farming\Datasets\final_combined_datasets\PLCE\EB\PLCE_EB_0739.jpg,Potato,EB,closed,ff1eb41ed2e88340,Early Blight
Z:\Projects\Smart-Farming\Datasets\final_combined_datasets\PLCE\EB\PLCE_EB_0740.jpg,Potato,EB,closed,febcb050c03ad371,Early Blight
Z:\Projects\Smart-Farming\Datasets\final_combined_datasets\PLCE\EB\PLCE_EB_0741.jpg,Potato,EB,closed,ff2db05cd0b8c2d0,Early Blight
Z:\Projects\Smart-Farming\Datasets\final_combined_datasets\PLCE\EB\PLCE_EB_0742.jpg,Potato,EB,closed,ff85e082c0cfcb8a,Early Blight
Z:\Projects\Smart-Farming\Datasets\final_combined_datasets\PLCE\EB\PLCE_EB_0743.jpg,Potato,EB,closed,fae0a547d2a6ca54,Early Blight
Z:\Projects\Smart-Farming\Datasets\final_combined_datasets\PLCE\EB\PLCE_EB_0744.jpg,Potato,EB,closed,fe95b058d2e9c309,Early Blight
Z:\Projects\Smart-Farming\Datasets\final_combined_datasets\PLCE\EB\PLCE_EB_0745.jpg,Potato,EB,closed,fb9ea1b893c0c2c3,Early Blight
Z:\Projects\Smart-Farming\Datasets\final_combined_datasets\PLCE\EB\PLCE_EB_0746.jpg,Potato,EB,closed,bfe6b020d007c93f,Early Blight
Z:\Projects\Smart-Farming\Datasets\final_combined_datasets\PLCE\EB\PLCE_EB_0747.jpg,Potato,EB,closed,ffe0b481d2578b0a,Early Blight
Z:\Projects\Smart-Farming\Datasets\final_combined_datasets\PLCE\EB\PLCE_EB_0748.jpg,Potato,EB,closed,ffc2b49bd24cc128,Early Blight
Z:\Projects\Smart-Farming\Datasets\final_combined_datasets\PLCE\EB\PLCE_EB_0749.jpg,Potato,EB,closed,efcaa0e881e597a1,Early Blight
Z:\Projects\Smart-Farming\Datasets\final_combined_datasets\PLCE\EB\PLCE_EB_0750.jpg,Potato,EB,closed,ff87e0c0c3afc304,Early Blight
Z:\Projects\Smart-Farming\Datasets\final_combined_datasets\PLCE\EB\PLCE_EB_0751.jpg,Potato,EB,closed,ff4bb0add0d4c228,Early Blight
Z:\Projects\Smart-Farming\Datasets\final_combined_datasets\PLCE\EB\PLCE_EB_0752.jpg,Potato,EB,closed,eecea08ac1c5c7b4,Early Blight
Z:\Projects\Smart-Farming\Datasets\final_combined_datasets\PLCE\EB\PLCE_EB_0753.jpg,Potato,EB,closed,fb8db1f8938092c3,Early Blight
Z:\Projects\Smart-Farming\Datasets\final_combined_datasets\PLCE\EB\PLCE_EB_0754.jpg,Potato,EB,closed,fe9be0f884e1ca84,Early Blight
Z:\Projects\Smart-Farming\Datasets\final_combined_datasets\PLCE\EB\PLCE_EB_0755.jpg,Potato,EB,closed,fe9be0f885a18685,Early Blight
Z:\Projects\Smart-Farming\Datasets\final_combined_datasets\PLCE\EB\PLCE_EB_0756.jpg,Potato,EB,closed,ff9cb0b89160ca63,Early Blight
Z:\Projects\Smart-Farming\Datasets\final_combined_datasets\PLCE\EB\PLCE_EB_0757.jpg,Potato,EB,closed,eb60b4afd2778222,Early Blight
Z:\Projects\Smart-Farming\Datasets\final_combined_datasets\PLCE\EB\PLCE_EB_0758.jpg,Potato,EB,closed,ebbea5f095c0d0c2,Early Blight
Z:\Projects\Smart-Farming\Datasets\final_combined_datasets\PLCE\EB\PLCE_EB_0759.jpg,Potato,EB,closed,eff0b450d2ab8255,Early Blight
Z:\Projects\Smart-Farming\Datasets\final_combined_datasets\PLCE\EB\PLCE_EB_0760.jpg,Potato,EB,closed,ffbcb412d02b821d,Early Blight
Z:\Projects\Smart-Farming\Datasets\final_combined_datasets\PLCE\EB\PLCE_EB_0761.jpg,Potato,EB,closed,ff60b087d2078b2e,Early Blight
Z:\Projects\Smart-Farming\Datasets\final_combined_datasets\PLCE\EB\PLCE_EB_0762.jpg,Potato,EB,closed,facee0e881859787,Early Blight
Z:\Projects\Smart-Farming\Datasets\final_combined_datasets\PLCE\EB\PLCE_EB_0763.jpg,Potato,EB,closed,ba8fb1fcd590d880,Early Blight
Z:\Projects\Smart-Farming\Datasets\final_combined_datasets\PLCE\EB\PLCE_EB_0764.jpg,Potato,EB,closed,ef9ee0e891a58385,Early Blight
Z:\Projects\Smart-Farming\Datasets\final_combined_datasets\PLCE\EB\PLCE_EB_0765.jpg,Potato,EB,closed,ae43e18f857d8e18,Early Blight
Z:\Projects\Smart-Farming\Datasets\final_combined_datasets\PLCE\EB\PLCE_EB_0766.jpg,Potato,EB,closed,ff58b02cd074c93a,Early Blight
Z:\Projects\Smart-Farming\Datasets\final_combined_datasets\PLCE\EB\PLCE_EB_0767.jpg,Potato,EB,closed,ffc1b02bd051c32b,Early Blight
Z:\Projects\Smart-Farming\Datasets\final_combined_datasets\PLCE\EB\PLCE_EB_0768.jpg,Potato,EB,closed,ff60a003c33fc29e,Early Blight
Z:\Projects\Smart-Farming\Datasets\final_combined_datasets\PLCE\EB\PLCE_EB_0769.jpg,Potato,EB,closed,ef9be0b084c19e47,Early Blight
Z:\Projects\Smart-Farming\Datasets\final_combined_datasets\PLCE\EB\PLCE_EB_0770.jpg,Potato,EB,closed,bbceb0acd194c992,Early Blight
Z:\Projects\Smart-Farming\Datasets\final_combined_datasets\PLCE\EB\PLCE_EB_0771.jpg,Potato,EB,closed,eacea1e887e0c785,Early Blight
Z:\Projects\Smart-Farming\Datasets\final_combined_datasets\PLCE\EB\PLCE_EB_0772.jpg,Potato,EB,closed,bf9ef0a880f4c3c4,Early Blight
Z:\Projects\Smart-Farming\Datasets\final_combined_datasets\PLCE\EB\PLCE_EB_0773.jpg,Potato,EB,closed,ff92e4dd84488669,Early Blight
Z:\Projects\Smart-Farming\Datasets\final_combined_datasets\PLCE\EB\PLCE_EB_0774.jpg,Potato,EB,closed,ff4cb05ed3a88215,Early Blight
Z:\Projects\Smart-Farming\Datasets\final_combined_datasets\PLCE\EB\PLCE_EB_0775.jpg,Potato,EB,closed,ef34b552c2a8c751,Early Blight
Z:\Projects\Smart-Farming\Datasets\final_combined_datasets\PLCE\EB\PLCE_EB_0776.jpg,Potato,EB,closed,ff88b08d839cde50,Early Blight
Z:\Projects\Smart-Farming\Datasets\final_combined_datasets\PLCE\EB\PLCE_EB_0777.jpg,Potato,EB,closed,ea9ae0fa85a087c7,Early Blight
Z:\Projects\Smart-Farming\Datasets\final_combined_datasets\PLCE\EB\PLCE_EB_0778.jpg,Potato,EB,closed,ea3fe0f487e28443,Early Blight
Z:\Projects\Smart-Farming\Datasets\final_combined_datasets\PLCE\EB\PLCE_EB_0779.jpg,Potato,EB,closed,fab5e03485c2d752,Early Blight
Z:\Projects\Smart-Farming\Datasets\final_combined_datasets\PLCE\EB\PLCE_EB_0780.jpg,Potato,EB,closed,ea39a578874196a7,Early Blight
Z:\Projects\Smart-Farming\Datasets\final_combined_datasets\PLCE\EB\PLCE_EB_0781.jpg,Potato,EB,closed,eebbe0f487008cc7,Early Blight
Z:\Projects\Smart-Farming\Datasets\final_combined_datasets\PLCE\EB\PLCE_EB_0782.jpg,Potato,EB,closed,eb2fe0f085809757,Early Blight
Z:\Projects\Smart-Farming\Datasets\final_combined_datasets\PLCE\EB\PLCE_EB_0783.jpg,Potato,EB,closed,ea5be4b884a196a7,Early Blight
Z:\Projects\Smart-Farming\Datasets\final_combined_datasets\PLCE\EB\PLCE_EB_0784.jpg,Potato,EB,closed,be4fb0adc0f08d92,Early Blight
Z:\Projects\Smart-Farming\Datasets\final_combined_datasets\PLCE\EB\PLCE_EB_0785.jpg,Potato,EB,closed,bb4ef0ac81a4cde2,Early Blight
Z:\Projects\Smart-Farming\Datasets\final_combined_datasets\PLCE\EB\PLCE_EB_0786.jpg,Potato,EB,closed,ab4ef4acc2c4c3c6,Early Blight
Z:\Projects\Smart-Farming\Datasets\final_combined_datasets\PLCE\EB\PLCE_EB_0787.jpg,Potato,EB,closed,bb19e078d5f096a1,Early Blight
Z:\Projects\Smart-Farming\Datasets\final_combined_datasets\PLCE\EB\PLCE_EB_0788.jpg,Potato,EB,closed,badcf0e8c0ad83a5,Early Blight
Z:\Projects\Smart-Farming\Datasets\final_combined_datasets\PLCE\EB\PLCE_EB_0789.jpg,Potato,EB,closed,eff8a5a0c455d283,Early Blight
Z:\Projects\Smart-Farming\Datasets\final_combined_datasets\PLCE\EB\PLCE_EB_0790.jpg,Potato,EB,closed,ea0ee07887c9970f,Early Blight
Z:\Projects\Smart-Farming\Datasets\final_combined_datasets\PLCE\EB\PLCE_EB_0791.jpg,Potato,EB,closed,aa05e0ff850487bf,Early Blight
Z:\Projects\Smart-Farming\Datasets\final_combined_datasets\PLCE\EB\PLCE_EB_0792.jpg,Potato,EB,closed,aa14e1fa85319773,Early Blight
Z:\Projects\Smart-Farming\Datasets\final_combined_datasets\PLCE\EB\PLCE_EB_0793.jpg,Potato,EB,closed,ffb6b402d0e28bc1,Early Blight
Z:\Projects\Smart-Farming\Datasets\final_combined_datasets\PLCE\EB\PLCE_EB_0794.jpg,Potato,EB,closed,ff84b4dfd008c2c5,Early Blight
Z:\Projects\Smart-Farming\Datasets\final_combined_datasets\PLCE\EB\PLCE_EB_0795.jpg,Potato,EB,closed,bef0b442970bda0d,Early Blight
Z:\Projects\Smart-Farming\Datasets\final_combined_datasets\PLCE\EB\PLCE_EB_0796.jpg,Potato,EB,closed,aa68a005d54f96fe,Early Blight
Z:\Projects\Smart-Farming\Datasets\final_combined_datasets\PLCE\EB\PLCE_EB_0797.jpg,Potato,EB,closed,ea1fe078858097eb,Early Blight
Z:\Projects\Smart-Farming\Datasets\final_combined_datasets\PLCE\EB\PLCE_EB_0798.jpg,Potato,EB,closed,ab1ba4f885e196c5,Early Blight
Z:\Projects\Smart-Farming\Datasets\final_combined_datasets\PLCE\EB\PLCE_EB_0799.jpg,Potato,EB,closed,ba1be0e897a1c2b5,Early Blight
Z:\Projects\Smart-Farming\Datasets\final_combined_datasets\PLCE\EB\PLCE_EB_0800.jpg,Potato,EB,closed,aec4e406965e9e3a,Early Blight
Z:\Projects\Smart-Farming\Datasets\final_combined_datasets\PLCE\EB\PLCE_EB_0801.jpg,Potato,EB,closed,aee4b506d21eda2c,Early Blight
Z:\Projects\Smart-Farming\Datasets\final_combined_datasets\PLCE\EB\PLCE_EB_0802.jpg,Potato,EB,closed,aea5e554c48a86cf,Early Blight
Z:\Projects\Smart-Farming\Datasets\final_combined_datasets\PLCE\EB\PLCE_EB_0803.jpg,Potato,EB,closed,aea4a056976e9ec8,Early Blight
Z:\Projects\Smart-Farming\Datasets\final_combined_datasets\PLCE\EB\PLCE_EB_0804.jpg,Potato,EB,closed,ebe8c58d879d18d0,Early Blight
Z:\Projects\Smart-Farming\Datasets\final_combined_datasets\PLCE\EB\PLCE_EB_0805.jpg,Potato,EB,closed,abe6b5c4d0c64a96,Early Blight
Z:\Projects\Smart-Farming\Datasets\final_combined_datasets\PLCE\EB\PLCE_EB_0806.jpg,Potato,EB,closed,aef2d422c20fcb3c,Early Blight
Z:\Projects\Smart-Farming\Datasets\final_combined_datasets\PLCE\EB\PLCE_EB_0807.jpg,Potato,EB,closed,bab0b111919bdbe8,Early Blight
Z:\Projects\Smart-Farming\Datasets\final_combined_datasets\PLCE\EB\PLCE_EB_0808.jpg,Potato,EB,closed,bf64e43c84e056d3,Early Blight
Z:\Projects\Smart-Farming\Datasets\final_combined_datasets\PLCE\EB\PLCE_EB_0809.jpg,Potato,EB,closed,baa7b176d1c28a83,Early Blight
Z:\Projects\Smart-Farming\Datasets\final_combined_datasets\PLCE\EB\PLCE_EB_0810.jpg,Potato,EB,closed,bbe1f125c11bca98,Early Blight
Z:\Projects\Smart-Farming\Datasets\final_combined_datasets\PLCE\EB\PLCE_EB_0811.jpg,Potato,EB,closed,bb27e0d087838e73,Early Blight
Z:\Projects\Smart-Farming\Datasets\final_combined_datasets\PLCE\EB\PLCE_EB_0812.jpg,Potato,EB,closed,ab5cb581d257c2aa,Early Blight
Z:\Projects\Smart-Farming\Datasets\final_combined_datasets\PLCE\EB\PLCE_EB_0813.jpg,Potato,EB,closed,ba95e57281629f0b,Early Blight
Z:\Projects\Smart-Farming\Datasets\final_combined_datasets\PLCE\EB\PLCE_EB_0814.jpg,Potato,EB,closed,eae4a406953e9af4,Early Blight
Z:\Projects\Smart-Farming\Datasets\final_combined_datasets\PLCE\EB\PLCE_EB_0815.jpg,Potato,EB,closed,fabf81309a5298cb,Early Blight
Z:\Projects\Smart-Farming\Datasets\final_combined_datasets\PLCE\EB\PLCE_EB_0816.jpg,Potato,EB,closed,ad36f0d082a99f47,Early Blight
Z:\Projects\Smart-Farming\Datasets\final_combined_datasets\PLCE\EB\PLCE_EB_0817.jpg,Potato,EB,closed,be89e0c985c99e39,Early Blight
Z:\Projects\Smart-Farming\Datasets\final_combined_datasets\PLCE\EB\PLCE_EB_0818.jpg,Potato,EB,closed,ba8fa1e8924cdb98,Early Blight
Z:\Projects\Smart-Farming\Datasets\final_combined_datasets\PLCE\EB\PLCE_EB_0819.jpg,Potato,EB,closed,ebe0e00787fe8e14,Early Blight
Z:\Projects\Smart-Farming\Datasets\final_combined_datasets\PLCE\EB\PLCE_EB_0820.jpg,Potato,EB,closed,ea56a5af86859654,Early Blight
Z:\Projects\Smart-Farming\Datasets\final_combined_datasets\PLCE\EB\PLCE_EB_0821.jpg,Potato,EB,closed,a8cde10b86fd865c,Early Blight
Z:\Projects\Smart-Farming\Datasets\final_combined_datasets\PLCE\EB\PLCE_EB_0822.jpg,Potato,EB,closed,ff4af0a5c2b48714,Early Blight
Z:\Projects\Smart-Farming\Datasets\final_combined_datasets\PLCE\EB\PLCE_EB_0823.jpg,Potato,EB,closed,eac0e50785ff8638,Early Blight
Z:\Projects\Smart-Farming\Datasets\final_combined_datasets\PLCE\EB\PLCE_EB_0824.jpg,Potato,EB,closed,af1ee4f085a09ec3,Early Blight
Z:\Projects\Smart-Farming\Datasets\final_combined_datasets\PLCE\EB\PLCE_EB_0825.jpg,Potato,EB,closed,fbbcf0d8c0488f61,Early Blight
Z:\Projects\Smart-Farming\Datasets\final_combined_datasets\PLCE\EB\PLCE_EB_0826.jpg,Potato,EB,closed,bf9db45e805883e8,Early Blight
Z:\Projects\Smart-Farming\Datasets\final_combined_datasets\PLCE\EB\PLCE_EB_0827.jpg,Potato,EB,closed,ee99e4d984e19a23,Early Blight
Z:\Projects\Smart-Farming\Datasets\final_combined_datasets\PLCE\EB\PLCE_EB_0828.jpg,Potato,EB,closed,aac1e10e87ff960c,Early Blight
Z:\Projects\Smart-Farming\Datasets\final_combined_datasets\PLCE\EB\PLCE_EB_0829.jpg,Potato,EB,closed,be60b4a1d287c3d6,Early Blight
Z:\Projects\Smart-Farming\Datasets\final_combined_datasets\PLCE\EB\PLCE_EB_0830.jpg,Potato,EB,closed,bad1a182d65f82ab,Early Blight
Z:\Projects\Smart-Farming\Datasets\final_combined_datasets\PLCE\EB\PLCE_EB_0831.jpg,Potato,EB,closed,eec6a586d25eca0a,Early Blight
Z:\Projects\Smart-Farming\Datasets\final_combined_datasets\PLCE\EB\PLCE_EB_0832.jpg,Potato,EB,closed,edf2f00382ff8708,Early Blight
Z:\Projects\Smart-Farming\Datasets\final_combined_datasets\PLCE\EB\PLCE_EB_0833.jpg,Potato,EB,closed,ff4ad02589a68da6,Early Blight
Z:\Projects\Smart-Farming\Datasets\final_combined_datasets\PLCE\EB\PLCE_EB_0834.jpg,Potato,EB,closed,aac0e10f87bc86fc,Early Blight
Z:\Projects\Smart-Farming\Datasets\final_combined_datasets\PLCE\EB\PLCE_EB_0835.jpg,Potato,EB,closed,bf68b0a5d356838a,Early Blight
Z:\Projects\Smart-Farming\Datasets\final_combined_datasets\PLCE\EB\PLCE_EB_0836.jpg,Potato,EB,closed,ebb7c07085429d4f,Early Blight
Z:\Projects\Smart-Farming\Datasets\final_combined_datasets\PLCE\EB\PLCE_EB_0837.jpg,Potato,EB,closed,fe4081af8aa6c9b6,Early Blight
Z:\Projects\Smart-Farming\Datasets\final_combined_datasets\PLCE\EB\PLCE_EB_0838.jpg,Potato,EB,closed,afe0d0879707dc16,Early Blight
Z:\Projects\Smart-Farming\Datasets\final_combined_datasets\PLCE\EB\PLCE_EB_0839.jpg,Potato,EB,closed,ae5ae4a9c2a587c6,Early Blight
Z:\Projects\Smart-Farming\Datasets\final_combined_datasets\PLCE\EB\PLCE_EB_0840.jpg,Potato,EB,closed,bf60d485cf9a9618,Early Blight
Z:\Projects\Smart-Farming\Datasets\final_combined_datasets\PLCE\EB\PLCE_EB_0841.jpg,Potato,EB,closed,ea46e1aa87059e9d,Early Blight
Z:\Projects\Smart-Farming\Datasets\final_combined_datasets\PLCE\EB\PLCE_EB_0842.jpg,Potato,EB,closed,afc8f40182ffc714,Early Blight
Z:\Projects\Smart-Farming\Datasets\final_combined_datasets\PLCE\EB\PLCE_EB_0843.jpg,Potato,EB,closed,bf68b4a5d056c9a2,Early Blight
Z:\Projects\Smart-Farming\Datasets\final_combined_datasets\PLCE\EB\PLCE_EB_0844.jpg,Potato,EB,closed,fa51e00a87ff8f80,Early Blight
Z:\Projects\Smart-Farming\Datasets\final_combined_datasets\PLCE\EB\PLCE_EB_0845.jpg,Potato,EB,closed,bf1eb45ec068c9a1,Early Blight
Z:\Projects\Smart-Farming\Datasets\final_combined_datasets\PLCE\EB\PLCE_EB_0846.jpg,Potato,EB,closed,aa95f552825ac769,Early Blight
Z:\Projects\Smart-Farming\Datasets\final_combined_datasets\PLCE\EB\PLCE_EB_0847.jpg,Potato,EB,closed,fabde07185328743,Early Blight
Z:\Projects\Smart-Farming\Datasets\final_combined_datasets\PLCE\EB\PLCE_EB_0848.jpg,Potato,EB,closed,ff4af4a1c0a78926,Early Blight
Z:\Projects\Smart-Farming\Datasets\final_combined_datasets\PLCE\EB\PLCE_EB_0849.jpg,Potato,EB,closed,ae5be4a984858f95,Early Blight
Z:\Projects\Smart-Farming\Datasets\final_combined_datasets\PLCE\EB\PLCE_EB_0850.jpg,Potato,EB,closed,af95c05ec3e8c5e0,Early Blight
Z:\Projects\Smart-Farming\Datasets\final_combined_datasets\PLCE\EB\PLCE_EB_0851.jpg,Potato,EB,closed,ae4895ad8bb4dd14,Early Blight
Z:\Projects\Smart-Farming\Datasets\final_combined_datasets\PLCE\EB\PLCE_EB_0852.jpg,Potato,EB,closed,ea70e107c53e8ef0,Early Blight
Z:\Projects\Smart-Farming\Datasets\final_combined_datasets\PLCE\EB\PLCE_EB_0853.jpg,Potato,EB,closed,bfe0b5e2d057822a,Early Blight
Z:\Projects\Smart-Farming\Datasets\final_combined_datasets\PLCE\EB\PLCE_EB_0854.jpg,Potato,EB,closed,bf6095a0c295cd9e,Early Blight
Z:\Projects\Smart-Farming\Datasets\final_combined_datasets\PLCE\EB\PLCE_EB_0855.jpg,Potato,EB,closed,fe1f8114877096f2,Early Blight
Z:\Projects\Smart-Farming\Datasets\final_combined_datasets\PLCE\EB\PLCE_EB_0856.jpg,Potato,EB,closed,aacae10bc7ad84bc,Early Blight
Z:\Projects\Smart-Farming\Datasets\final_combined_datasets\PLCE\EB\PLCE_EB_0857.jpg,Potato,EB,closed,fa40b0af9325c3bc,Early Blight
Z:\Projects\Smart-Farming\Datasets\final_combined_datasets\PLCE\EB\PLCE_EB_0858.jpg,Potato,EB,closed,ea79b4b990f41a86,Early Blight
Z:\Projects\Smart-Farming\Datasets\final_combined_datasets\PLCE\EB\PLCE_EB_0859.jpg,Potato,EB,closed,aa0bb1afd0f4d292,Early Blight
Z:\Projects\Smart-Farming\Datasets\final_combined_datasets\PLCE\EB\PLCE_EB_0860.jpg,Potato,EB,closed,aae1b54194c396cf,Early Blight
Z:\Projects\Smart-Farming\Datasets\final_combined_datasets\PLCE\EB\PLCE_EB_0861.jpg,Potato,EB,closed,eaf8e58185d79682,Early Blight
Z:\Projects\Smart-Farming\Datasets\final_combined_datasets\PLCE\EB\PLCE_EB_0862.jpg,Potato,EB,closed,faa5e0f68354874a,Early Blight
Z:\Projects\Smart-Farming\Datasets\final_combined_datasets\PLCE\EB\PLCE_EB_0863.jpg,Potato,EB,closed,ead2a10385bf9794,Early Blight
Z:\Projects\Smart-Farming\Datasets\final_combined_datasets\PLCE\EB\PLCE_EB_0864.jpg,Potato,EB,closed,aa96a1ea87cd9626,Early Blight
Z:\Projects\Smart-Farming\Datasets\final_combined_datasets\PLCE\EB\PLCE_EB_0865.jpg,Potato,EB,closed,efc0a00f87bd961c,Early Blight
Z:\Projects\Smart-Farming\Datasets\final_combined_datasets\PLCE\EB\PLCE_EB_0866.jpg,Potato,EB,closed,fae0850fdc1598b5,Early Blight
Z:\Projects\Smart-Farming\Datasets\final_combined_datasets\PLCE\EB\PLCE_EB_0867.jpg,Potato,EB,closed,aae1e147852fde14,Early Blight
Z:\Projects\Smart-Farming\Datasets\final_combined_datasets\PLCE\EB\PLCE_EB_0868.jpg,Potato,EB,closed,ef1ee0f895e09681,Early Blight
Z:\Projects\Smart-Farming\Datasets\final_combined_datasets\PLCE\EB\PLCE_EB_0869.jpg,Potato,EB,closed,eac2e12b877d96a0,Early Blight
Z:\Projects\Smart-Farming\Datasets\final_combined_datasets\PLCE\EB\PLCE_EB_0870.jpg,Potato,EB,closed,efc9e094858cde4c,Early Blight
Z:\Projects\Smart-Farming\Datasets\final_combined_datasets\PLCE\EB\PLCE_EB_0871.jpg,Potato,EB,closed,fa1de1e8870385e5,Early Blight
Z:\Projects\Smart-Farming\Datasets\final_combined_datasets\PLCE\EB\PLCE_EB_0872.jpg,Potato,EB,closed,ead4e1aa878d9654,Early Blight
Z:\Projects\Smart-Farming\Datasets\final_combined_datasets\PLCE\EB\PLCE_EB_0873.jpg,Potato,EB,closed,fac2a50f95fc9034,Early Blight
Z:\Projects\Smart-Farming\Datasets\final_combined_datasets\PLCE\EB\PLCE_EB_0874.jpg,Potato,EB,closed,faeca11397769608,Early Blight
Z:\Projects\Smart-Farming\Datasets\final_combined_datasets\PLCE\EB\PLCE_EB_0875.jpg,Potato,EB,closed,eeaba41396e2ce82,Early Blight
Z:\Projects\Smart-Farming\Datasets\final_combined_datasets\PLCE\EB\PLCE_EB_0876.jpg,Potato,EB,closed,eae1a30e9d9e9099,Early Blight
Z:\Projects\Smart-Farming\Datasets\final_combined_datasets\PLCE\EB\PLCE_EB_0877.jpg,Potato,EB,closed,eac1e18f87fc9608,Early Blight
Z:\Projects\Smart-Farming\Datasets\final_combined_datasets\PLCE\EB\PLCE_EB_0878.jpg,Potato,EB,closed,ba48e0ec83a58bd7,Early Blight
Z:\Projects\Smart-Farming\Datasets\final_combined_datasets\PLCE\EB\PLCE_EB_0879.jpg,Potato,EB,closed,bec0a10b978dd89d,Early Blight
Z:\Projects\Smart-Farming\Datasets\final_combined_datasets\PLCE\EB\PLCE_EB_0880.jpg,Potato,EB,closed,bac3e00285bf979c,Early Blight
Z:\Projects\Smart-Farming\Datasets\final_combined_datasets\PLCE\EB\PLCE_EB_0881.jpg,Potato,EB,closed,ab4ae40f808fd75c,Early Blight
Z:\Projects\Smart-Farming\Datasets\final_combined_datasets\PLCE\EB\PLCE_EB_0882.jpg,Potato,EB,closed,fac2a00f85fd968c,Early Blight
Z:\Projects\Smart-Farming\Datasets\final_combined_datasets\PLCE\EB\PLCE_EB_0883.jpg,Potato,EB,closed,ae9cf0da90aad25c,Early Blight
Z:\Projects\Smart-Farming\Datasets\final_combined_datasets\PLCE\EB\PLCE_EB_0884.jpg,Potato,EB,closed,fac1e10fa5a884bd,Early Blight
Z:\Projects\Smart-Farming\Datasets\final_combined_datasets\PLCE\EB\PLCE_EB_0885.jpg,Potato,EB,closed,bac2e10b87bf9618,Early Blight
Z:\Projects\Smart-Farming\Datasets\final_combined_datasets\PLCE\EB\PLCE_EB_0886.jpg,Potato,EB,closed,aed2e08b87281ef5,Early Blight
Z:\Projects\Smart-Farming\Datasets\final_combined_datasets\PLCE\EB\PLCE_EB_0887.jpg,Potato,EB,closed,aa4ae04b85ad9f2d,Early Blight
Z:\Projects\Smart-Farming\Datasets\final_combined_datasets\PLCE\EB\PLCE_EB_0888.jpg,Potato,EB,closed,ea17e1fa85009767,Early Blight
Z:\Projects\Smart-Farming\Datasets\final_combined_datasets\PLCE\EB\PLCE_EB_0889.jpg,Potato,EB,closed,aea7a4fbc470d620,Early Blight
Z:\Projects\Smart-Farming\Datasets\final_combined_datasets\PLCE\EB\PLCE_EB_0890.jpg,Potato,EB,closed,eac1e10f85bf8478,Early Blight
Z:\Projects\Smart-Farming\Datasets\final_combined_datasets\PLCE\EB\PLCE_EB_0891.jpg,Potato,EB,closed,afb1e04785be8658,Early Blight
Z:\Projects\Smart-Farming\Datasets\final_combined_datasets\PLCE\EB\PLCE_EB_0892.jpg,Potato,EB,closed,ba6eb12c91b4cb92,Early Blight
Z:\Projects\Smart-Farming\Datasets\final_combined_datasets\PLCE\EB\PLCE_EB_0893.jpg,Potato,EB,closed,ffd0b183c10fc34a,Early Blight
Z:\Projects\Smart-Farming\Datasets\final_combined_datasets\PLCE\EB\PLCE_EB_0894.jpg,Potato,EB,closed,bec2e00785af9754,Early Blight
Z:\Projects\Smart-Farming\Datasets\final_combined_datasets\PLCE\EB\PLCE_EB_0895.jpg,Potato,EB,closed,fa42e18a85ad9e35,Early Blight
Z:\Projects\Smart-Farming\Datasets\final_combined_datasets\PLCE\EB\PLCE_EB_0896.jpg,Potato,EB,closed,fbb0f195815a8768,Early Blight
Z:\Projects\Smart-Farming\Datasets\final_combined_datasets\PLCE\EB\PLCE_EB_0897.jpg,Potato,EB,closed,abc0b5ef94459287,Early Blight
Z:\Projects\Smart-Farming\Datasets\final_combined_datasets\PLCE\EB\PLCE_EB_0898.jpg,Potato,EB,closed,fec1e08a857f9708,Early Blight
Z:\Projects\Smart-Farming\Datasets\final_combined_datasets\PLCE\EB\PLCE_EB_0899.jpg,Potato,EB,closed,ea4de14a87f99e01,Early Blight
Z:\Projects\Smart-Farming\Datasets\final_combined_datasets\PLCE\EB\PLCE_EB_0900.jpg,Potato,EB,closed,fa95a1aa8708d65d,Early Blight
Z:\Projects\Smart-Farming\Datasets\final_combined_datasets\PLCE\EB\PLCE_EB_0901.jpg,Potato,EB,closed,bef1b580d405da87,Early Blight
Z:\Projects\Smart-Farming\Datasets\final_combined_datasets\PLCE\EB\PLCE_EB_0902.jpg,Potato,EB,closed,fec1e00b85bf851c,Early Blight
Z:\Projects\Smart-Farming\Datasets\final_combined_datasets\PLCE\EB\PLCE_EB_0903.jpg,Potato,EB,closed,afe8b4839085d2be,Early Blight
Z:\Projects\Smart-Farming\Datasets\final_combined_datasets\PLCE\EB\PLCE_EB_0904.jpg,Potato,EB,closed,fae5e10f87fc9400,Early Blight
Z:\Projects\Smart-Farming\Datasets\final_combined_datasets\PLCE\EB\PLCE_EB_0905.jpg,Potato,EB,closed,bfc8e0ad828587b6,Early Blight
Z:\Projects\Smart-Farming\Datasets\final_combined_datasets\PLCE\EB\PLCE_EB_0906.jpg,Potato,EB,closed,bac8f0a780b7cd94,Early Blight
Z:\Projects\Smart-Farming\Datasets\final_combined_datasets\PLCE\EB\PLCE_EB_0907.jpg,Potato,EB,closed,af96e592c462ca63,Early Blight
Z:\Projects\Smart-Farming\Datasets\final_combined_datasets\PLCE\EB\PLCE_EB_0908.jpg,Potato,EB,closed,aa9ec4f086c09e6f,Early Blight
Z:\Projects\Smart-Farming\Datasets\final_combined_datasets\PLCE\EB\PLCE_EB_0909.jpg,Potato,EB,closed,bf86804f856a1b3d,Early Blight
Z:\Projects\Smart-Farming\Datasets\final_combined_datasets\PLCE\EB\PLCE_EB_0910.jpg,Potato,EB,closed,afdff480d2d08ae0,Early Blight
Z:\Projects\Smart-Farming\Datasets\final_combined_datasets\PLCE\EB\PLCE_EB_0911.jpg,Potato,EB,closed,ea8fa5fcd58580e0,Early Blight
Z:\Projects\Smart-Farming\Datasets\final_combined_datasets\PLCE\EB\PLCE_EB_0912.jpg,Potato,EB,closed,abdbe1b185818795,Early Blight
Z:\Projects\Smart-Farming\Datasets\final_combined_datasets\PLCE\EB\PLCE_EB_0913.jpg,Potato,EB,closed,ffa4b078d03bc215,Early Blight
Z:\Projects\Smart-Farming\Datasets\final_combined_datasets\PLCE\EB\PLCE_EB_0914.jpg,Potato,EB,closed,ebc6a506953e9278,Early Blight
Z:\Projects\Smart-Farming\Datasets\final_combined_datasets\PLCE\EB\PLCE_EB_0915.jpg,Potato,EB,closed,afc1e59b841bc2b8,Early Blight
Z:\Projects\Smart-Farming\Datasets\final_combined_datasets\PLCE\EB\PLCE_EB_0916.jpg,Potato,EB,closed,afc8c0ad82d59f34,Early Blight
Z:\Projects\Smart-Farming\Datasets\final_combined_datasets\PLCE\EB\PLCE_EB_0917.jpg,Potato,EB,closed,aa43e51e9538d671,Early Blight
Z:\Projects\Smart-Farming\Datasets\final_combined_datasets\PLCE\EB\PLCE_EB_0918.jpg,Potato,EB,closed,bfceb0acc19483d2,Early Blight
Z:\Projects\Smart-Farming\Datasets\final_combined_datasets\PLCE\EB\PLCE_EB_0919.jpg,Potato,EB,closed,efc0941dda3cc06b,Early Blight
Z:\Projects\Smart-Farming\Datasets\final_combined_datasets\PLCE\EB\PLCE_EB_0920.jpg,Potato,EB,closed,ee9ba0a9c6b18e83,Early Blight
Z:\Projects\Smart-Farming\Datasets\final_combined_datasets\PLCE\EB\PLCE_EB_0921.jpg,Potato,EB,closed,fe9ba0f895d0c2c1,Early Blight
Z:\Projects\Smart-Farming\Datasets\final_combined_datasets\PLCE\EB\PLCE_EB_0922.jpg,Potato,EB,closed,ff9ba0f894a19883,Early Blight
Z:\Projects\Smart-Farming\Datasets\final_combined_datasets\PLCE\EB\PLCE_EB_0923.jpg,Potato,EB,closed,ae17a15ec748ce61,Early Blight
Z:\Projects\Smart-Farming\Datasets\final_combined_datasets\PLCE\EB\PLCE_EB_0924.jpg,Potato,EB,closed,bbe2b0838197db92,Early Blight
Z:\Projects\Smart-Farming\Datasets\final_combined_datasets\PLCE\EB\PLCE_EB_0925.jpg,Potato,EB,closed,bfcab4edd094c092,Early Blight
Z:\Projects\Smart-Farming\Datasets\final_combined_datasets\PLCE\EB\PLCE_EB_0926.jpg,Potato,EB,closed,bec2b0839517d29e,Early Blight
Z:\Projects\Smart-Farming\Datasets\final_combined_datasets\PLCE\EB\PLCE_EB_0927.jpg,Potato,EB,closed,abc0b52d92959f1a,Early Blight
Z:\Projects\Smart-Farming\Datasets\final_combined_datasets\PLCE\EB\PLCE_EB_0928.jpg,Potato,EB,closed,fe91a15ac70b8a2d,Early Blight
Z:\Projects\Smart-Farming\Datasets\final_combined_datasets\PLCE\EB\PLCE_EB_0929.jpg,Potato,EB,closed,eac0a58f85bed438,Early Blight
Z:\Projects\Smart-Farming\Datasets\final_combined_datasets\PLCE\EB\PLCE_EB_0930.jpg,Potato,EB,closed,abc8f0ad82149f9e,Early Blight
Z:\Projects\Smart-Farming\Datasets\final_combined_datasets\PLCE\EB\PLCE_EB_0931.jpg,Potato,EB,closed,af1bd2bdc068cae0,Early Blight
Z:\Projects\Smart-Farming\Datasets\final_combined_datasets\PLCE\EB\PLCE_EB_0932.jpg,Potato,EB,closed,aae2e50795be9438,Early Blight
Z:\Projects\Smart-Farming\Datasets\final_combined_datasets\PLCE\EB\PLCE_EB_0933.jpg,Potato,EB,closed,eb92e11a95389eb8,Early Blight
Z:\Projects\Smart-Farming\Datasets\final_combined_datasets\PLCE\EB\PLCE_EB_0934.jpg,Potato,EB,closed,ffe0b581d207c22e,Early Blight
Z:\Projects\Smart-Farming\Datasets\final_combined_datasets\PLCE\EB\PLCE_EB_0935.jpg,Potato,EB,closed,fd1ea07ad2a08637,Early Blight
Z:\Projects\Smart-Farming\Datasets\final_combined_datasets\PLCE\EB\PLCE_EB_0936.jpg,Potato,EB,closed,ee8be0f087819e17,Early Blight
Z:\Projects\Smart-Farming\Datasets\final_combined_datasets\PLCE\EB\PLCE_EB_0937.jpg,Potato,EB,closed,ab13a05ac58b96dd,Early Blight
Z:\Projects\Smart-Farming\Datasets\final_combined_datasets\PLCE\EB\PLCE_EB_0938.jpg,Potato,EB,closed,eac5e5cd85089e39,Early Blight
Z:\Projects\Smart-Farming\Datasets\final_combined_datasets\PLCE\EB\PLCE_EB_0939.jpg,Potato,EB,closed,be9fb4f884c0c6c1,Early Blight
Z:\Projects\Smart-Farming\Datasets\final_combined_datasets\PLCE\EB\PLCE_EB_0940.jpg,Potato,EB,closed,eabfe4f084c0d287,Early Blight
Z:\Projects\Smart-Farming\Datasets\final_combined_datasets\PLCE\EB\PLCE_EB_0941.jpg,Potato,EB,closed,eb93c153876a1e25,Early Blight
Z:\Projects\Smart-Farming\Datasets\final_combined_datasets\PLCE\EB\PLCE_EB_0942.jpg,Potato,EB,closed,af8dc4cc932a1f31,Early Blight
Z:\Projects\Smart-Farming\Datasets\final_combined_datasets\PLCE\EB\PLCE_EB_0943.jpg,Potato,EB,closed,ffe0b0a5d016c31e,Early Blight
Z:\Projects\Smart-Farming\Datasets\final_combined_datasets\PLCE\EB\PLCE_EB_0944.jpg,Potato,EB,closed,aa1da53a87f9d601,Early Blight
Z:\Projects\Smart-Farming\Datasets\final_combined_datasets\PLCE\EB\PLCE_EB_0945.jpg,Potato,EB,closed,eabea1f085c096c7,Early Blight
Z:\Projects\Smart-Farming\Datasets\final_combined_datasets\PLCE\EB\PLCE_EB_0946.jpg,Potato,EB,closed,aa9ea1f8c581c679,Early Blight
Z:\Projects\Smart-Farming\Datasets\final_combined_datasets\PLCE\EB\PLCE_EB_0947.jpg,Potato,EB,closed,afcaf1adc2b48192,Early Blight
Z:\Projects\Smart-Farming\Datasets\final_combined_datasets\PLCE\EB\PLCE_EB_0948.jpg,Potato,EB,closed,ae8cb5bd80d0d3d2,Early Blight
Z:\Projects\Smart-Farming\Datasets\final_combined_datasets\PLCE\EB\PLCE_EB_0949.jpg,Potato,EB,closed,ba9fa1f895e092c1,Early Blight
Z:\Projects\Smart-Farming\Datasets\final_combined_datasets\PLCE\EB\PLCE_EB_0950.jpg,Potato,EB,closed,aebde4f0d6c08a83,Early Blight
Z:\Projects\Smart-Farming\Datasets\final_combined_datasets\PLCE\EB\PLCE_EB_0951.jpg,Potato,EB,closed,aa9fb0f8d7c082c3,Early Blight
Z:\Projects\Smart-Farming\Datasets\final_combined_datasets\PLCE\EB\PLCE_EB_0952.jpg,Potato,EB,closed,ee9ba4b9d4f09282,Early Blight
Z:\Projects\Smart-Farming\Datasets\final_combined_datasets\PLCE\EB\PLCE_EB_0953.jpg,Potato,EB,closed,bf8eb1acd0f4c290,Early Blight
Z:\Projects\Smart-Farming\Datasets\final_combined_datasets\PLCE\EB\PLCE_EB_0954.jpg,Potato,EB,closed,ea96e5fc84c094c7,Early Blight
Z:\Projects\Smart-Farming\Datasets\final_combined_datasets\PLCE\EB\PLCE_EB_0955.jpg,Potato,EB,closed,feece085854ece24,Early Blight
Z:\Projects\Smart-Farming\Datasets\final_combined_datasets\PLCE\EB\PLCE_EB_0956.jpg,Potato,EB,closed,bfbfb0f8d2c08281,Early Blight
Z:\Projects\Smart-Farming\Datasets\final_combined_datasets\PLCE\EB\PLCE_EB_0957.jpg,Potato,EB,closed,ffc1a08195879795,Early Blight
Z:\Projects\Smart-Farming\Datasets\final_combined_datasets\PLCE\EB\PLCE_EB_0958.jpg,Potato,EB,closed,bf94d4d2c04bc52b,Early Blight
Z:\Projects\Smart-Farming\Datasets\final_combined_datasets\PLCE\EB\PLCE_EB_0959.jpg,Potato,EB,closed,ffce80f893801b1e,Early Blight
Z:\Projects\Smart-Farming\Datasets\final_combined_datasets\PLCE\EB\PLCE_EB_0960.jpg,Potato,EB,closed,eb92a5ba95f09ac0,Early Blight
Z:\Projects\Smart-Farming\Datasets\final_combined_datasets\PLCE\EB\PLCE_EB_0961.jpg,Potato,EB,closed,fbc2918793169b38,Early Blight
Z:\Projects\Smart-Farming\Datasets\final_combined_datasets\PLCE\EB\PLCE_EB_0962.jpg,Potato,EB,closed,ff9ba0f896a0c283,Early Blight
Z:\Projects\Smart-Farming\Datasets\final_combined_datasets\PLCE\EB\PLCE_EB_0963.jpg,Potato,EB,closed,efb5d07282c09f83,Early Blight
Z:\Projects\Smart-Farming\Datasets\final_combined_datasets\PLCE\EB\PLCE_EB_0964.jpg,Potato,EB,closed,efb2c4f085839a4e,Early Blight
Z:\Projects\Smart-Farming\Datasets\final_combined_datasets\PLCE\EB\PLCE_EB_0965.jpg,Potato,EB,closed,eacce0e885e18f87,Early Blight
Z:\Projects\Smart-Farming\Datasets\final_combined_datasets\PLCE\EB\PLCE_EB_0966.jpg,Potato,EB,closed,eeb8a09197998ec9,Early Blight
Z:\Projects\Smart-Farming\Datasets\final_combined_datasets\PLCE\EB\PLCE_EB_0967.jpg,Potato,EB,closed,eeba84e092879b9a,Early Blight
Z:\Projects\Smart-Farming\Datasets\final_combined_datasets\PLCE\EB\PLCE_EB_0968.jpg,Potato,EB,closed,aa1ba5f897e190c5,Early Blight
Z:\Projects\Smart-Farming\Datasets\final_combined_datasets\PLCE\EB\PLCE_EB_0969.jpg,Potato,EB,closed,aa96b590d5d09acb,Early Blight
Z:\Projects\Smart-Farming\Datasets\final_combined_datasets\PLCE\EB\PLCE_EB_0970.jpg,Potato,EB,closed,afdeb0a892d193c2,Early Blight
Z:\Projects\Smart-Farming\Datasets\final_combined_datasets\PLCE\EB\PLCE_EB_0971.jpg,Potato,EB,closed,bf9eb098d1d8ca48,Early Blight
Z:\Projects\Smart-Farming\Datasets\final_combined_datasets\PLCE\EB\PLCE_EB_0972.jpg,Potato,EB,closed,aedbe4a984a1cec4,Early Blight
Z:\Projects\Smart-Farming\Datasets\final_combined_datasets\PLCE\EB\PLCE_EB_0973.jpg,Potato,EB,closed,af07f0fad2e8c241,Early Blight
Z:\Projects\Smart-Farming\Datasets\final_combined_datasets\PLCE\EB\PLCE_EB_0974.jpg,Potato,EB,closed,fbdac041c6cf826c,Early Blight
Z:\Projects\Smart-Farming\Datasets\final_combined_datasets\PLCE\EB\PLCE_EB_0975.jpg,Potato,EB,closed,bfc4d043883fcc3c,Early Blight
Z:\Projects\Smart-Farming\Datasets\final_combined_datasets\PLCE\EB\PLCE_EB_0976.jpg,Potato,EB,closed,ab8cf4d682a0cf63,Early Blight
Z:\Projects\Smart-Farming\Datasets\final_combined_datasets\PLCE\EB\PLCE_EB_0977.jpg,Potato,EB,closed,aad1818bd77bca28,Early Blight
Z:\Projects\Smart-Farming\Datasets\final_combined_datasets\PLCE\EB\PLCE_EB_0978.jpg,Potato,EB,closed,bf9ae4e0c6c0ce0b,Early Blight
Z:\Projects\Smart-Farming\Datasets\final_combined_datasets\PLCE\EB\PLCE_EB_0979.jpg,Potato,EB,closed,bbcad1e4d3908b92,Early Blight
Z:\Projects\Smart-Farming\Datasets\final_combined_datasets\PLCE\EB\PLCE_EB_0980.jpg,Potato,EB,closed,ee9f84f894c1988b,Early Blight
Z:\Projects\Smart-Farming\Datasets\final_combined_datasets\PLCE\EB\PLCE_EB_0981.jpg,Potato,EB,closed,efd0a003d73bc839,Early Blight
Z:\Projects\Smart-Farming\Datasets\final_combined_datasets\PLCE\EB\PLCE_EB_0982.jpg,Potato,EB,closed,bf2da47dd420c235,Early Blight
Z:\Projects\Smart-Farming\Datasets\final_combined_datasets\PLCE\EB\PLCE_EB_0983.jpg,Potato,EB,closed,eb87e09f811a971a,Early Blight
Z:\Projects\Smart-Farming\Datasets\final_combined_datasets\PLCE\EB\PLCE_EB_0984.jpg,Potato,EB,closed,eaa5a1b28756d712,Early Blight
Z:\Projects\Smart-Farming\Datasets\final_combined_datasets\PLCE\EB\PLCE_EB_0985.jpg,Potato,EB,closed,eee1e487941eb05a,Early Blight
Z:\Projects\Smart-Farming\Datasets\final_combined_datasets\PLCE\EB\PLCE_EB_0986.jpg,Potato,EB,closed,bac8e003c57f86bc,Early Blight
Z:\Projects\Smart-Farming\Datasets\final_combined_datasets\PLCE\EB\PLCE_EB_0987.jpg,Potato,EB,closed,aae0a107d73e82fc,Early Blight
Z:\Projects\Smart-Farming\Datasets\final_combined_datasets\PLCE\EB\PLCE_EB_0988.jpg,Potato,EB,closed,aae0e507d6b486f2,Early Blight
Z:\Projects\Smart-Farming\Datasets\final_combined_datasets\PLCE\EB\PLCE_EB_0989.jpg,Potato,EB,closed,aec9e04f855c9e38,Early Blight
Z:\Projects\Smart-Farming\Datasets\final_combined_datasets\PLCE\EB\PLCE_EB_0990.jpg,Potato,EB,closed,ba79e103877d9f00,Early Blight
Z:\Projects\Smart-Farming\Datasets\final_combined_datasets\PLCE\EB\PLCE_EB_0991.jpg,Potato,EB,closed,abf0f417850286df,Early Blight
Z:\Projects\Smart-Farming\Datasets\final_combined_datasets\PLCE\EB\PLCE_EB_0992.jpg,Potato,EB,closed,bf74b460d207ca87,Early Blight
Z:\Projects\Smart-Farming\Datasets\final_combined_datasets\PLCE\EB\PLCE_EB_0993.jpg,Potato,EB,closed,bff0b012c2bb8b51,Early Blight
Z:\Projects\Smart-Farming\Datasets\final_combined_datasets\PLCE\EB\PLCE_EB_0994.jpg,Potato,EB,closed,aaa4bd55d43ad039,Early Blight
Z:\Projects\Smart-Farming\Datasets\final_combined_datasets\PLCE\EB\PLCE_EB_0995.jpg,Potato,EB,closed,bb07b47fd0e2c2c0,Early Blight
Z:\Projects\Smart-Farming\Datasets\final_combined_datasets\PLCE\EB\PLCE_EB_0996.jpg,Potato,EB,closed,ea80e0ffa53a9728,Early Blight
Z:\Projects\Smart-Farming\Datasets\final_combined_datasets\PLCE\EB\PLCE_EB_0997.jpg,Potato,EB,closed,eae48e8fac199d11,Early Blight
Z:\Projects\Smart-Farming\Datasets\final_combined_datasets\PLCE\EB\PLCE_EB_0998.jpg,Potato,EB,closed,ab15e1fcd5d084a3,Early Blight
Z:\Projects\Smart-Farming\Datasets\final_combined_datasets\PLCE\EB\PLCE_EB_0999.jpg,Potato,EB,closed,ea42e1ae851496fd,Early Blight
Z:\Projects\Smart-Farming\Datasets\final_combined_datasets\PLCE\EB\PLCE_EB_1000.jpg,Potato,EB,closed,ea43e10b877f84b8,Early Blight
Z:\Projects\Smart-Farming\Datasets\final_combined_datasets\PLCE\EB\PLCE_EB_1001.jpg,Potato,EB,closed,ea54e00b87ff8598,Early Blight
Z:\Projects\Smart-Farming\Datasets\final_combined_datasets\PLCE\EB\PLCE_EB_1002.jpg,Potato,EB,closed,fff2a040d2af821d,Early Blight
Z:\Projects\Smart-Farming\Datasets\final_combined_datasets\PLCE\EB\PLCE_EB_1003.jpg,Potato,EB,closed,aa1ee1f0850196ff,Early Blight
Z:\Projects\Smart-Farming\Datasets\final_combined_datasets\PLCE\EB\PLCE_EB_1004.jpg,Potato,EB,closed,aa1ce16a8501d7fd,Early Blight
Z:\Projects\Smart-Farming\Datasets\final_combined_datasets\PLCE\EB\PLCE_EB_1005.jpg,Potato,EB,closed,aa59f5a9d0f5c2a0,Early Blight
Z:\Projects\Smart-Farming\Datasets\final_combined_datasets\PLCE\EB\PLCE_EB_1006.jpg,Potato,EB,closed,aa1fa5f894e190e6,Early Blight
Z:\Projects\Smart-Farming\Datasets\final_combined_datasets\PLCE\EB\PLCE_EB_1007.jpg,Potato,EB,closed,aa1ea5fa95e190a5,Early Blight
Z:\Projects\Smart-Farming\Datasets\final_combined_datasets\PLCE\EB\PLCE_EB_1008.jpg,Potato,EB,closed,ba65e0a8870d9e7c,Early Blight
Z:\Projects\Smart-Farming\Datasets\final_combined_datasets\PLCE\EB\PLCE_EB_1009.jpg,Potato,EB,closed,aab5e17485e0d647,Early Blight
Z:\Projects\Smart-Farming\Datasets\final_combined_datasets\PLCE\EB\PLCE_EB_1010.jpg,Potato,EB,closed,ba9cb17895f092c3,Early Blight
Z:\Projects\Smart-Farming\Datasets\final_combined_datasets\PLCE\EB\PLCE_EB_1011.jpg,Potato,EB,closed,aa1be47b85e09cc5,Early Blight
Z:\Projects\Smart-Farming\Datasets\final_combined_datasets\PLCE\EB\PLCE_EB_1012.jpg,Potato,EB,closed,ae1ea4b996f09ac2,Early Blight
Z:\Projects\Smart-Farming\Datasets\final_combined_datasets\PLCE\EB\PLCE_EB_1013.jpg,Potato,EB,closed,aa9be57895a092a7,Early Blight
Z:\Projects\Smart-Farming\Datasets\final_combined_datasets\PLCE\EB\PLCE_EB_1014.jpg,Potato,EB,closed,ba0eb1fc93b49892,Early Blight
Z:\Projects\Smart-Farming\Datasets\final_combined_datasets\PLCE\EB\PLCE_EB_1015.jpg,Potato,EB,closed,beeeb4a5d016c512,Early Blight
Z:\Projects\Smart-Farming\Datasets\final_combined_datasets\PLCE\EB\PLCE_EB_1016.jpg,Potato,EB,closed,afffb481d200c38b,Early Blight
Z:\Projects\Smart-Farming\Datasets\final_combined_datasets\PLCE\EB\PLCE_EB_1017.jpg,Potato,EB,closed,eb4af5a9e0a58315,Early Blight
Z:\Projects\Smart-Farming\Datasets\final_combined_datasets\PLCE\EB\PLCE_EB_1018.jpg,Potato,EB,closed,baceb5acd0a583a4,Early Blight
Z:\Projects\Smart-Farming\Datasets\final_combined_datasets\PLCE\EB\PLCE_EB_1019.jpg,Potato,EB,closed,bfb5a564d42a822d,Early Blight
Z:\Projects\Smart-Farming\Datasets\final_combined_datasets\PLCE\EB\PLCE_EB_1020.jpg,Potato,EB,closed,aac8b5add4f48a92,Early Blight
Z:\Projects\Smart-Farming\Datasets\final_combined_datasets\PLCE\EB\PLCE_EB_1021.jpg,Potato,EB,closed,ae19e47984e19ac7,Early Blight
Z:\Projects\Smart-Farming\Datasets\final_combined_datasets\PLCE\EB\PLCE_EB_1022.jpg,Potato,EB,closed,bb5ab1a993d49382,Early Blight
Z:\Projects\Smart-Farming\Datasets\final_combined_datasets\PLCE\EB\PLCE_EB_1023.jpg,Potato,EB,closed,ab9bf5b984d18283,Early Blight
Z:\Projects\Smart-Farming\Datasets\final_combined_datasets\PLCE\EB\PLCE_EB_1024.jpg,Potato,EB,closed,aa0ae1ff851895b9,Early Blight
Z:\Projects\Smart-Farming\Datasets\final_combined_datasets\PLCE\EB\PLCE_EB_1025.jpg,Potato,EB,closed,aa0ab5bdd2f0d292,Early Blight
Z:\Projects\Smart-Farming\Datasets\final_combined_datasets\PLCE\EB\PLCE_EB_1026.jpg,Potato,EB,closed,ab4ef1ac82e4d7a0,Early Blight
Z:\Projects\Smart-Farming\Datasets\final_combined_datasets\PLCE\EB\PLCE_EB_1027.jpg,Potato,EB,closed,bfb4b456904ad06d,Early Blight
Z:\Projects\Smart-Farming\Datasets\final_combined_datasets\PLCE\EB\PLCE_EB_1028.jpg,Potato,EB,closed,aa6ae08b85edd724,Early Blight
Z:\Projects\Smart-Farming\Datasets\final_combined_datasets\PLCE\EB\PLCE_EB_1029.jpg,Potato,EB,closed,bb5ee1688160d6e5,Early Blight
Z:\Projects\Smart-Farming\Datasets\final_combined_datasets\PLCE\EB\PLCE_EB_1030.jpg,Potato,EB,closed,efb4f010c03ac7d3,Early Blight
Z:\Projects\Smart-Farming\Datasets\final_combined_datasets\PLCE\EB\PLCE_EB_1031.jpg,Potato,EB,closed,aa3bb5f0946192a7,Early Blight
Z:\Projects\Smart-Farming\Datasets\final_combined_datasets\PLCE\EB\PLCE_EB_1032.jpg,Potato,EB,closed,bbcce121d13593b4,Early Blight
Z:\Projects\Smart-Farming\Datasets\final_combined_datasets\PLCE\EB\PLCE_EB_1033.jpg,Potato,EB,closed,aa93e5f285c2d447,Early Blight
Z:\Projects\Smart-Farming\Datasets\final_combined_datasets\PLCE\EB\PLCE_EB_1034.jpg,Potato,EB,closed,aa41e10b85bddf38,Early Blight
Z:\Projects\Smart-Farming\Datasets\final_combined_datasets\PLCE\EB\PLCE_EB_1035.jpg,Potato,EB,closed,abebb5a1d0958296,Early Blight
Z:\Projects\Smart-Farming\Datasets\final_combined_datasets\PLCE\EB\PLCE_EB_1036.jpg,Potato,EB,closed,aadbe4b9c4f18681,Early Blight
Z:\Projects\Smart-Farming\Datasets\final_combined_datasets\PLCE\EB\PLCE_EB_1037.jpg,Potato,EB,closed,aa60e107d53c96fc,Early Blight
Z:\Projects\Smart-Farming\Datasets\final_combined_datasets\PLCE\EB\PLCE_EB_1038.jpg,Potato,EB,closed,af1bb4b9d2b182d0,Early Blight
Z:\Projects\Smart-Farming\Datasets\final_combined_datasets\PLCE\EB\PLCE_EB_1039.jpg,Potato,EB,closed,eabba43897f19a01,Early Blight
Z:\Projects\Smart-Farming\Datasets\final_combined_datasets\PLCE\EB\PLCE_EB_1040.jpg,Potato,EB,closed,fee0e00f96bc8634,Early Blight
Z:\Projects\Smart-Farming\Datasets\final_combined_datasets\PLCE\EB\PLCE_EB_1041.jpg,Potato,EB,closed,bf4af4edd004c386,Early Blight
Z:\Projects\Smart-Farming\Datasets\final_combined_datasets\PLCE\EB\PLCE_EB_1042.jpg,Potato,EB,closed,bacef0a6c0b58792,Early Blight
Z:\Projects\Smart-Farming\Datasets\final_combined_datasets\PLCE\EB\PLCE_EB_1043.jpg,Potato,EB,closed,aad3a1d1d7cb0a29,Early Blight
Z:\Projects\Smart-Farming\Datasets\final_combined_datasets\PLCE\EB\PLCE_EB_1044.jpg,Potato,EB,closed,aee08525d735da32,Early Blight
Z:\Projects\Smart-Farming\Datasets\final_combined_datasets\PLCE\EB\PLCE_EB_1045.jpg,Potato,EB,closed,afceb1ecd0a48394,Early Blight
Z:\Projects\Smart-Farming\Datasets\final_combined_datasets\PLCE\EB\PLCE_EB_1046.jpg,Potato,EB,closed,aa4eb1ecc1a0cbe5,Early Blight
Z:\Projects\Smart-Farming\Datasets\final_combined_datasets\PLCE\EB\PLCE_EB_1047.jpg,Potato,EB,closed,ef9af0b9807185e1,Early Blight
Z:\Projects\Smart-Farming\Datasets\final_combined_datasets\PLCE\EB\PLCE_EB_1048.jpg,Potato,EB,closed,bf0790b5d0f6d0d0,Early Blight
Z:\Projects\Smart-Farming\Datasets\final_combined_datasets\PLCE\EB\PLCE_EB_1049.jpg,Potato,EB,closed,afb7e452826298e3,Early Blight
Z:\Projects\Smart-Farming\Datasets\final_combined_datasets\PLCE\EB\PLCE_EB_1050.jpg,Potato,EB,closed,aac6b08780b78fb6,Early Blight
Z:\Projects\Smart-Farming\Datasets\final_combined_datasets\PLCE\EB\PLCE_EB_1051.jpg,Potato,EB,closed,aa91b552c62f253d,Early Blight
Z:\Projects\Smart-Farming\Datasets\final_combined_datasets\PLCE\EB\PLCE_EB_1052.jpg,Potato,EB,closed,aeca94add096c1da,Early Blight
Z:\Projects\Smart-Farming\Datasets\final_combined_datasets\PLCE\EB\PLCE_EB_1053.jpg,Potato,EB,closed,bac7b501916f932c,Early Blight
Z:\Projects\Smart-Farming\Datasets\final_combined_datasets\PLCE\EB\PLCE_EB_1054.jpg,Potato,EB,closed,ba95f052c02bc57d,Early Blight
Z:\Projects\Smart-Farming\Datasets\final_combined_datasets\PLCE\EB\PLCE_EB_1055.jpg,Potato,EB,closed,aab1e552820b9f6d,Early Blight
Z:\Projects\Smart-Farming\Datasets\final_combined_datasets\PLCE\EB\PLCE_EB_1056.jpg,Potato,EB,closed,bf2eb0a4c2d6cb22,Early Blight
Z:\Projects\Smart-Farming\Datasets\final_combined_datasets\PLCE\EB\PLCE_EB_1057.jpg,Potato,EB,closed,ba4ab0a59375d316,Early Blight
Z:\Projects\Smart-Farming\Datasets\final_combined_datasets\PLCE\EB\PLCE_EB_1058.jpg,Potato,EB,closed,babcb052c04fc56d,Early Blight
Z:\Projects\Smart-Farming\Datasets\final_combined_datasets\PLCE\EB\PLCE_EB_1059.jpg,Potato,EB,closed,baa4e456c24a8f79,Early Blight
Z:\Projects\Smart-Farming\Datasets\final_combined_datasets\PLCE\EB\PLCE_EB_1060.jpg,Potato,EB,closed,eae4e5078d1e9878,Early Blight
Z:\Projects\Smart-Farming\Datasets\final_combined_datasets\PLCE\EB\PLCE_EB_1061.jpg,Potato,EB,closed,abd6f18ac0958796,Early Blight
Z:\Projects\Smart-Farming\Datasets\final_combined_datasets\PLCE\EB\PLCE_EB_1062.jpg,Potato,EB,closed,af5ab4a5d015d196,Early Blight
Z:\Projects\Smart-Farming\Datasets\final_combined_datasets\PLCE\EB\PLCE_EB_1063.jpg,Potato,EB,closed,aac4e4c6944e9e3e,Early Blight
Z:\Projects\Smart-Farming\Datasets\final_combined_datasets\PLCE\EB\PLCE_EB_1064.jpg,Potato,EB,closed,aadcb180935ddb68,Early Blight
Z:\Projects\Smart-Farming\Datasets\final_combined_datasets\PLCE\EB\PLCE_EB_1065.jpg,Potato,EB,closed,aee4e506d60e9ad4,Early Blight
Z:\Projects\Smart-Farming\Datasets\final_combined_datasets\PLCE\EB\PLCE_EB_1066.jpg,Potato,EB,closed,ab90b5d2d18acf19,Early Blight
Z:\Projects\Smart-Farming\Datasets\final_combined_datasets\PLCE\EB\PLCE_EB_1067.jpg,Potato,EB,closed,aae4e586959e925c,Early Blight
Z:\Projects\Smart-Farming\Datasets\final_combined_datasets\PLCE\EB\PLCE_EB_1068.jpg,Potato,EB,closed,bf14b4cad25983a9,Early Blight
Z:\Projects\Smart-Farming\Datasets\final_combined_datasets\PLCE\EB\PLCE_EB_1069.jpg,Potato,EB,closed,baf1b151d00bd32d,Early Blight
Z:\Projects\Smart-Farming\Datasets\final_combined_datasets\PLCE\EB\PLCE_EB_1070.jpg,Potato,EB,closed,be1da428d675d231,Early Blight
Z:\Projects\Smart-Farming\Datasets\final_combined_datasets\PLCE\EB\PLCE_EB_1071.jpg,Potato,EB,closed,ba4ab025d38787f4,Early Blight
Z:\Projects\Smart-Farming\Datasets\final_combined_datasets\PLCE\EB\PLCE_EB_1072.jpg,Potato,EB,closed,abe4b406851fde38,Early Blight
Z:\Projects\Smart-Farming\Datasets\final_combined_datasets\PLCE\EB\PLCE_EB_1073.jpg,Potato,EB,closed,bb99f510c2cb8369,Early Blight
Z:\Projects\Smart-Farming\Datasets\final_combined_datasets\PLCE\EB\PLCE_EB_1074.jpg,Potato,EB,closed,bf9af219c02dc16c,Early Blight
Z:\Projects\Smart-Farming\Datasets\final_combined_datasets\PLCE\EB\PLCE_EB_1075.jpg,Potato,EB,closed,ba95f058c04acf6d,Early Blight
Z:\Projects\Smart-Farming\Datasets\final_combined_datasets\PLCE\EB\PLCE_EB_1076.jpg,Potato,EB,closed,bacae1f895819a87,Early Blight
Z:\Projects\Smart-Farming\Datasets\final_combined_datasets\PLCE\EB\PLCE_EB_1077.jpg,Potato,EB,closed,bf49a02dc415c6f6,Early Blight
Z:\Projects\Smart-Farming\Datasets\final_combined_datasets\PLCE\EB\PLCE_EB_1078.jpg,Potato,EB,closed,bf6ad024e927c417,Early Blight
Z:\Projects\Smart-Farming\Datasets\final_combined_datasets\PLCE\EB\PLCE_EB_1079.jpg,Potato,EB,closed,bf4aa4add095d314,Early Blight
Z:\Projects\Smart-Farming\Datasets\final_combined_datasets\PLCE\EB\PLCE_EB_1080.jpg,Potato,EB,closed,aae6e407871e8e78,Early Blight
Z:\Projects\Smart-Farming\Datasets\final_combined_datasets\PLCE\EB\PLCE_EB_1081.jpg,Potato,EB,closed,bea4f456c24b870d,Early Blight
Z:\Projects\Smart-Farming\Datasets\final_combined_datasets\PLCE\EB\PLCE_EB_1082.jpg,Potato,EB,closed,af62e585873ece10,Early Blight
Z:\Projects\Smart-Farming\Datasets\final_combined_datasets\PLCE\EB\PLCE_EB_1083.jpg,Potato,EB,closed,bbb5e152814a8f69,Early Blight
Z:\Projects\Smart-Farming\Datasets\final_combined_datasets\PLCE\EB\PLCE_EB_1084.jpg,Potato,EB,closed,aee4e506941f9a3c,Early Blight
Z:\Projects\Smart-Farming\Datasets\final_combined_datasets\PLCE\EB\PLCE_EB_1085.jpg,Potato,EB,closed,bb86b156d06acb25,Early Blight
Z:\Projects\Smart-Farming\Datasets\final_combined_datasets\PLCE\EB\PLCE_EB_1086.jpg,Potato,EB,closed,be65e0ce870c963c,Early Blight
Z:\Projects\Smart-Farming\Datasets\final_combined_datasets\PLCE\EB\PLCE_EB_1087.jpg,Potato,EB,closed,aeb6e016c74acd68,Early Blight
Z:\Projects\Smart-Farming\Datasets\final_combined_datasets\PLCE\EB\PLCE_EB_1088.jpg,Potato,EB,closed,bee1b003951fd21e,Early Blight
Z:\Projects\Smart-Farming\Datasets\final_combined_datasets\PLCE\EB\PLCE_EB_1089.jpg,Potato,EB,closed,aee4e4069e5e9878,Early Blight
Z:\Projects\Smart-Farming\Datasets\final_combined_datasets\PLCE\EB\PLCE_EB_1090.jpg,Potato,EB,closed,aa69f1e18301dfa5,Early Blight
Z:\Projects\Smart-Farming\Datasets\final_combined_datasets\PLCE\EB\PLCE_EB_1091.jpg,Potato,EB,closed,ebe5e507855e9038,Early Blight
Z:\Projects\Smart-Farming\Datasets\final_combined_datasets\PLCE\EB\PLCE_EB_1092.jpg,Potato,EB,closed,ae9be4f084c1ce4b,Early Blight
Z:\Projects\Smart-Farming\Datasets\final_combined_datasets\PLCE\EB\PLCE_EB_1093.jpg,Potato,EB,closed,bae5e552964a9c29,Early Blight
Z:\Projects\Smart-Farming\Datasets\final_combined_datasets\PLCE\EB\PLCE_EB_1094.jpg,Potato,EB,closed,bf6af0a5c086c517,Early Blight
Z:\Projects\Smart-Farming\Datasets\final_combined_datasets\PLCE\EB\PLCE_EB_1095.jpg,Potato,EB,closed,ea0e85e8968d9e1d,Early Blight
Z:\Projects\Smart-Farming\Datasets\final_combined_datasets\PLCE\EB\PLCE_EB_1096.jpg,Potato,EB,closed,bfc1d45b9239d124,Early Blight
Z:\Projects\Smart-Farming\Datasets\final_combined_datasets\PLCE\EB\PLCE_EB_1097.jpg,Potato,EB,closed,ea87e15587889f49,Early Blight
Z:\Projects\Smart-Farming\Datasets\final_combined_datasets\PLCE\EB\PLCE_EB_1098.jpg,Potato,EB,closed,ee97e452866a1f21,Early Blight
Z:\Projects\Smart-Farming\Datasets\final_combined_datasets\PLCE\EB\PLCE_EB_1099.jpg,Potato,EB,closed,fa9cb49ad0488be9,Early Blight
Z:\Projects\Smart-Farming\Datasets\final_combined_datasets\PLCE\EB\PLCE_EB_1100.jpg,Potato,EB,closed,af92e55ac46a0e2d,Early Blight
Z:\Projects\Smart-Farming\Datasets\final_combined_datasets\PLCE\EB\PLCE_EB_1101.jpg,Potato,EB,closed,be86b4d6d04a922f,Early Blight
Z:\Projects\Smart-Farming\Datasets\final_combined_datasets\PLCE\EB\PLCE_EB_1102.jpg,Potato,EB,closed,eaa5c4f487421e6b,Early Blight
Z:\Projects\Smart-Farming\Datasets\final_combined_datasets\PLCE\EB\PLCE_EB_1103.jpg,Potato,EB,closed,aa9be5f89681ca07,Early Blight
Z:\Projects\Smart-Farming\Datasets\final_combined_datasets\PLCE\EB\PLCE_EB_1104.jpg,Potato,EB,closed,bee095a1d617da12,Early Blight
Z:\Projects\Smart-Farming\Datasets\final_combined_datasets\PLCE\EB\PLCE_EB_1105.jpg,Potato,EB,closed,ee1ba4f995c09a83,Early Blight
Z:\Projects\Smart-Farming\Datasets\final_combined_datasets\PLCE\EB\PLCE_EB_1106.jpg,Potato,EB,closed,fe27b4d0d29f8288,Early Blight
Z:\Projects\Smart-Farming\Datasets\final_combined_datasets\PLCE\EB\PLCE_EB_1107.jpg,Potato,EB,closed,ef83e156858a9e19,Early Blight
Z:\Projects\Smart-Farming\Datasets\final_combined_datasets\PLCE\EB\PLCE_EB_1108.jpg,Potato,EB,closed,ef67b023d0368ab2,Early Blight
Z:\Projects\Smart-Farming\Datasets\final_combined_datasets\PLCE\EB\PLCE_EB_1109.jpg,Potato,EB,closed,ea12e07885219fef,Early Blight
Z:\Projects\Smart-Farming\Datasets\final_combined_datasets\PLCE\EB\PLCE_EB_1110.jpg,Potato,EB,closed,becab0a5d256cb0a,Early Blight
Z:\Projects\Smart-Farming\Datasets\final_combined_datasets\PLCE\EB\PLCE_EB_1111.jpg,Potato,EB,closed,be9df05ac048c56d,Early Blight
Z:\Projects\Smart-Farming\Datasets\final_combined_datasets\PLCE\EB\PLCE_EB_1112.jpg,Potato,EB,closed,bb4eb0ecd084cbd2,Early Blight
Z:\Projects\Smart-Farming\Datasets\final_combined_datasets\PLCE\EB\PLCE_EB_1113.jpg,Potato,EB,closed,f8c0850fda3c99bc,Early Blight
Z:\Projects\Smart-Farming\Datasets\final_combined_datasets\PLCE\EB\PLCE_EB_1114.jpg,Potato,EB,closed,ea9ae4b884e19e87,Early Blight
Z:\Projects\Smart-Farming\Datasets\final_combined_datasets\PLCE\EB\PLCE_EB_1115.jpg,Potato,EB,closed,ba1fe1f88740866b,Early Blight
Z:\Projects\Smart-Farming\Datasets\final_combined_datasets\PLCE\EB\PLCE_EB_1116.jpg,Potato,EB,closed,aac1e18f858ed65c,Early Blight
Z:\Projects\Smart-Farming\Datasets\final_combined_datasets\PLCE\EB\PLCE_EB_1117.jpg,Potato,EB,closed,aec2e00f87bd9634,Early Blight
Z:\Projects\Smart-Farming\Datasets\final_combined_datasets\PLCE\EB\PLCE_EB_1118.jpg,Potato,EB,closed,eb96e1d285629e23,Early Blight
Z:\Projects\Smart-Farming\Datasets\final_combined_datasets\PLCE\EB\PLCE_EB_1119.jpg,Potato,EB,closed,ee39a479852196e5,Early Blight
Z:\Projects\Smart-Farming\Datasets\final_combined_datasets\PLCE\EB\PLCE_EB_1120.jpg,Potato,EB,closed,af16e1fc95f09842,Early Blight
Z:\Projects\Smart-Farming\Datasets\final_combined_datasets\PLCE\EB\PLCE_EB_1121.jpg,Potato,EB,closed,eb178552d5cac8c5,Early Blight
Z:\Projects\Smart-Farming\Datasets\final_combined_datasets\PLCE\EB\PLCE_EB_1122.jpg,Potato,EB,closed,bf9eb05e8068cd61,Early Blight
Z:\Projects\Smart-Farming\Datasets\final_combined_datasets\PLCE\EB\PLCE_EB_1123.jpg,Potato,EB,closed,beb0a41fd54a864b,Early Blight
Z:\Projects\Smart-Farming\Datasets\final_combined_datasets\PLCE\EB\PLCE_EB_1124.jpg,Potato,EB,closed,ff48f02581b685ba,Early Blight
Z:\Projects\Smart-Farming\Datasets\final_combined_datasets\PLCE\EB\PLCE_EB_1125.jpg,Potato,EB,closed,afb5f052835b8709,Early Blight
Z:\Projects\Smart-Farming\Datasets\final_combined_datasets\PLCE\EB\PLCE_EB_1126.jpg,Potato,EB,closed,bf6af0a5c0a281b7,Early Blight
Z:\Projects\Smart-Farming\Datasets\final_combined_datasets\PLCE\EB\PLCE_EB_1127.jpg,Potato,EB,closed,aff2b4a5d256d00a,Early Blight
Z:\Projects\Smart-Farming\Datasets\final_combined_datasets\PLCE\EB\PLCE_EB_1128.jpg,Potato,EB,closed,fb95c058ce658c66,Early Blight
Z:\Projects\Smart-Farming\Datasets\final_combined_datasets\PLCE\EB\PLCE_EB_1129.jpg,Potato,EB,closed,efd8e4c3c40a8a3d,Early Blight
Z:\Projects\Smart-Farming\Datasets\final_combined_datasets\PLCE\EB\PLCE_EB_1130.jpg,Potato,EB,closed,bb46b1aed3740b22,Early Blight
Z:\Projects\Smart-Farming\Datasets\final_combined_datasets\PLCE\EB\PLCE_EB_1131.jpg,Potato,EB,closed,afd1a4ced40a827d,Early Blight
Z:\Projects\Smart-Farming\Datasets\final_combined_datasets\PLCE\EB\PLCE_EB_1132.jpg,Potato,EB,closed,fac3b083d097ca36,Early Blight
Z:\Projects\Smart-Farming\Datasets\final_combined_datasets\PLCE\EB\PLCE_EB_1133.jpg,Potato,EB,closed,efb4f002c35b81b9,Early Blight
Z:\Projects\Smart-Farming\Datasets\final_combined_datasets\PLCE\EB\PLCE_EB_1134.jpg,Potato,EB,closed,fac3b0af9017ca1a,Early Blight
Z:\Projects\Smart-Farming\Datasets\final_combined_datasets\PLCE\EB\PLCE_EB_1135.jpg,Potato,EB,closed,ef9cf09082d2d783,Early Blight
Z:\Projects\Smart-Farming\Datasets\final_combined_datasets\PLCE\EB\PLCE_EB_1136.jpg,Potato,EB,closed,fac0b08b961dda72,Early Blight
Z:\Projects\Smart-Farming\Datasets\final_combined_datasets\PLCE\EB\PLCE_EB_1137.jpg,Potato,EB,closed,ee96a0d2876b1f21,Early Blight
Z:\Projects\Smart-Farming\Datasets\final_combined_datasets\PLCE\EB\PLCE_EB_1138.jpg,Potato,EB,closed,bfcaf0a881b59394,Early Blight
Z:\Projects\Smart-Farming\Datasets\final_combined_datasets\PLCE\EB\PLCE_EB_1139.jpg,Potato,EB,closed,ea97e1f085428c6f,Early Blight
Z:\Projects\Smart-Farming\Datasets\final_combined_datasets\PLCE\EB\PLCE_EB_1140.jpg,Potato,EB,closed,bbc1b107d56e606c,Early Blight
Z:\Projects\Smart-Farming\Datasets\final_combined_datasets\PLCE\EB\PLCE_EB_1141.jpg,Potato,EB,closed,eab9a0d1c5929e4b,Early Blight
Z:\Projects\Smart-Farming\Datasets\final_combined_datasets\PLCE\EB\PLCE_EB_1142.jpg,Potato,EB,closed,af9ea4dad2e08a61,Early Blight
Z:\Projects\Smart-Farming\Datasets\final_combined_datasets\PLCE\EB\PLCE_EB_1143.jpg,Potato,EB,closed,ae95e0d285c29e6b,Early Blight
Z:\Projects\Smart-Farming\Datasets\final_combined_datasets\PLCE\EB\PLCE_EB_1144.jpg,Potato,EB,closed,ebf6e0a285c41e96,Early Blight
Z:\Projects\Smart-Farming\Datasets\final_combined_datasets\PLCE\EB\PLCE_EB_1145.jpg,Potato,EB,closed,ba6fd0a5a9d0c585,Early Blight
Z:\Projects\Smart-Farming\Datasets\final_combined_datasets\PLCE\EB\PLCE_EB_1146.jpg,Potato,EB,closed,af97e0ba85e19641,Early Blight
Z:\Projects\Smart-Farming\Datasets\final_combined_datasets\PLCE\EB\PLCE_EB_1147.jpg,Potato,EB,closed,abb5f490827a9751,Early Blight
Z:\Projects\Smart-Farming\Datasets\final_combined_datasets\PLCE\EB\PLCE_EB_1148.jpg,Potato,EB,closed,eae4e027962e9ed0,Early Blight
Z:\Projects\Smart-Farming\Datasets\final_combined_datasets\PLCE\EB\PLCE_EB_1149.jpg,Potato,EB,closed,bb39b1f0d0904adb,Early Blight
Z:\Projects\Smart-Farming\Datasets\final_combined_datasets\PLCE\EB\PLCE_EB_1150.jpg,Potato,EB,closed,ee9ae09985a19e53,Early Blight
Z:\Projects\Smart-Farming\Datasets\final_combined_datasets\PLCE\EB\PLCE_EB_1151.jpg,Potato,EB,closed,fab4a152830ad7ab,Early Blight
Z:\Projects\Smart-Farming\Datasets\final_combined_datasets\PLCE\EB\PLCE_EB_1152.jpg,Potato,EB,closed,ffc0a183970e5a6c,Early Blight
Z:\Projects\Smart-Farming\Datasets\final_combined_datasets\PLCE\EB\PLCE_EB_1153.jpg,Potato,EB,closed,ffd8b081d2d5c312,Early Blight
Z:\Projects\Smart-Farming\Datasets\final_combined_datasets\PLCE\EB\PLCE_EB_1154.jpg,Potato,EB,closed,fec4a0ce872c5a74,Early Blight
Z:\Projects\Smart-Farming\Datasets\final_combined_datasets\PLCE\EB\PLCE_EB_1155.jpg,Potato,EB,closed,fcbdb010d2198be9,Early Blight
Z:\Projects\Smart-Farming\Datasets\final_combined_datasets\PLCE\EB\PLCE_EB_1156.jpg,Potato,EB,closed,ff97b4dac009c341,Early Blight
Z:\Projects\Smart-Farming\Datasets\final_combined_datasets\PLCE\EB\PLCE_EB_1157.jpg,Potato,EB,closed,fda0f0958388d3da,Early Blight
Z:\Projects\Smart-Farming\Datasets\final_combined_datasets\PLCE\EB\PLCE_EB_1158.jpg,Potato,EB,closed,eaca8f9a91379624,Early Blight
Z:\Projects\Smart-Farming\Datasets\final_combined_datasets\PLCE\EB\PLCE_EB_1159.jpg,Potato,EB,closed,eb91e0d685529e6a,Early Blight
Z:\Projects\Smart-Farming\Datasets\final_combined_datasets\PLCE\EB\PLCE_EB_1160.jpg,Potato,EB,closed,bbf0b121d3978b82,Early Blight
Z:\Projects\Smart-Farming\Datasets\final_combined_datasets\PLCE\EB\PLCE_EB_1161.jpg,Potato,EB,closed,be95a4d0c4cace8b,Early Blight
Z:\Projects\Smart-Farming\Datasets\final_combined_datasets\PLCE\EB\PLCE_EB_1162.jpg,Potato,EB,closed,bb6ff1e880850d87,Early Blight
Z:\Projects\Smart-Farming\Datasets\final_combined_datasets\PLCE\EB\PLCE_EB_1163.jpg,Potato,EB,closed,ffb5a05083419f63,Early Blight
Z:\Projects\Smart-Farming\Datasets\final_combined_datasets\PLCE\EB\PLCE_EB_1164.jpg,Potato,EB,closed,f613b0b9c300cbf3,Early Blight
Z:\Projects\Smart-Farming\Datasets\final_combined_datasets\PLCE\EB\PLCE_EB_1165.jpg,Potato,EB,closed,aec7b44e563c0b34,Early Blight
Z:\Projects\Smart-Farming\Datasets\final_combined_datasets\PLCE\EB\PLCE_EB_1166.jpg,Potato,EB,closed,fee090a7d256c38a,Early Blight
Z:\Projects\Smart-Farming\Datasets\final_combined_datasets\PLCE\EB\PLCE_EB_1167.jpg,Potato,EB,closed,f8e8b101d37782f2,Early Blight
Z:\Projects\Smart-Farming\Datasets\final_combined_datasets\PLCE\EB\PLCE_EB_1168.jpg,Potato,EB,closed,ff1ff45880e0d641,Early Blight
Z:\Projects\Smart-Farming\Datasets\final_combined_datasets\PLCE\EB\PLCE_EB_1169.jpg,Potato,EB,closed,ebcee48c865c9e28,Early Blight
Z:\Projects\Smart-Farming\Datasets\final_combined_datasets\PLCE\EB\PLCE_EB_1170.jpg,Potato,EB,closed,aad0a48dd71dc27c,Early Blight
Z:\Projects\Smart-Farming\Datasets\final_combined_datasets\PLCE\EB\PLCE_EB_1171.jpg,Potato,EB,closed,ebcdc10e137eb0e0,Early Blight
Z:\Projects\Smart-Farming\Datasets\final_combined_datasets\PLCE\EB\PLCE_EB_1172.jpg,Potato,EB,closed,abb9a0f196834a9e,Early Blight
Z:\Projects\Smart-Farming\Datasets\final_combined_datasets\PLCE\EB\PLCE_EB_1173.jpg,Potato,EB,closed,efcca10c953e5a38,Early Blight
Z:\Projects\Smart-Farming\Datasets\final_combined_datasets\PLCE\EB\PLCE_EB_1174.jpg,Potato,EB,closed,eee6a4a685861e8e,Early Blight
Z:\Projects\Smart-Farming\Datasets\final_combined_datasets\PLCE\EB\PLCE_EB_1175.jpg,Potato,EB,closed,eed9a0a884859fe5,Early Blight
Z:\Projects\Smart-Farming\Datasets\final_combined_datasets\PLCE\EB\PLCE_EB_1176.jpg,Potato,EB,closed,ff97f0f8c3418241,Early Blight
Z:\Projects\Smart-Farming\Datasets\final_combined_datasets\PLCE\EB\PLCE_EB_1177.jpg,Potato,EB,closed,fec4e44e827e7520,Early Blight
Z:\Projects\Smart-Farming\Datasets\final_combined_datasets\PLCE\EB\PLCE_EB_1178.jpg,Potato,EB,closed,ffb4c05281798de1,Early Blight
Z:\Projects\Smart-Farming\Datasets\final_combined_datasets\PLCE\EB\PLCE_EB_1179.jpg,Potato,EB,closed,bd93d0d8c578cc68,Early Blight
Z:\Projects\Smart-Farming\Datasets\final_combined_datasets\PLCE\EB\PLCE_EB_1180.jpg,Potato,EB,closed,fe9ca5ced040cb64,Early Blight
Z:\Projects\Smart-Farming\Datasets\final_combined_datasets\PLCE\EB\PLCE_EB_1181.jpg,Potato,EB,closed,ff0fe4f8d63080e0,Early Blight
Z:\Projects\Smart-Farming\Datasets\final_combined_datasets\PLCE\EB\PLCE_EB_1182.jpg,Potato,EB,closed,ff8cb0fcc0e0ca85,Early Blight
Z:\Projects\Smart-Farming\Datasets\final_combined_datasets\PLCE\EB\PLCE_EB_1183.jpg,Potato,EB,closed,ea3de1f0870386c7,Early Blight
Z:\Projects\Smart-Farming\Datasets\final_combined_datasets\PLCE\EB\PLCE_EB_1184.jpg,Potato,EB,closed,ead4e0aa85d78798,Early Blight
Z:\Projects\Smart-Farming\Datasets\final_combined_datasets\PLCE\EB\PLCE_EB_1185.jpg,Potato,EB,closed,eed8a0cc85cc9e65,Early Blight
Z:\Projects\Smart-Farming\Datasets\final_combined_datasets\PLCE\EB\PLCE_EB_1186.jpg,Potato,EB,closed,eab5e052870a9eab,Early Blight
Z:\Projects\Smart-Farming\Datasets\final_combined_datasets\PLCE\EB\PLCE_EB_1187.jpg,Potato,EB,closed,bfccb00cc33e4b70,Early Blight
Z:\Projects\Smart-Farming\Datasets\final_combined_datasets\PLCE\EB\PLCE_EB_1188.jpg,Potato,EB,closed,ab83e4f7c5c08627,Early Blight
Z:\Projects\Smart-Farming\Datasets\final_combined_datasets\PLCE\EB\PLCE_EB_1189.jpg,Potato,EB,closed,bef09021c3a5cf96,Early Blight
Z:\Projects\Smart-Farming\Datasets\final_combined_datasets\PLCE\EB\PLCE_EB_1190.jpg,Potato,EB,closed,ffbcf0d083a8cb40,Early Blight
Z:\Projects\Smart-Farming\Datasets\final_combined_datasets\PLCE\EB\PLCE_EB_1191.jpg,Potato,EB,closed,fe9fa0f887d0c203,Early Blight
Z:\Projects\Smart-Farming\Datasets\final_combined_datasets\PLCE\EB\PLCE_EB_1192.jpg,Potato,EB,closed,fabaa17095a19687,Early Blight
Z:\Projects\Smart-Farming\Datasets\final_combined_datasets\PLCE\EB\PLCE_EB_1193.jpg,Potato,EB,closed,bec2b0af90859b36,Early Blight
Z:\Projects\Smart-Farming\Datasets\final_combined_datasets\PLCE\EB\PLCE_EB_1194.jpg,Potato,EB,closed,afe980a987951f98,Early Blight
Z:\Projects\Smart-Farming\Datasets\final_combined_datasets\PLCE\EB\PLCE_EB_1195.jpg,Potato,EB,closed,ab6ad0a5c19b07cd,Early Blight
Z:\Projects\Smart-Farming\Datasets\final_combined_datasets\PLCE\EB\PLCE_EB_1196.jpg,Potato,EB,closed,af66e0a486d41f9a,Early Blight
Z:\Projects\Smart-Farming\Datasets\final_combined_datasets\PLCE\EB\PLCE_EB_1197.jpg,Potato,EB,closed,aa97a1f8d941886f,Early Blight
Z:\Projects\Smart-Farming\Datasets\final_combined_datasets\PLCE\EB\PLCE_EB_1198.jpg,Potato,EB,closed,bf80b0dfd06a0b2d,Early Blight
Z:\Projects\Smart-Farming\Datasets\final_combined_datasets\PLCE\EB\PLCE_EB_1199.jpg,Potato,EB,closed,eadba4a887858e87,Early Blight
Z:\Projects\Smart-Farming\Datasets\final_combined_datasets\PLCE\EB\PLCE_EB_1200.jpg,Potato,EB,closed,efc0b485960ed879,Early Blight
Z:\Projects\Smart-Farming\Datasets\final_combined_datasets\PLCE\EB\PLCE_EB_1201.jpg,Potato,EB,closed,ff0f80f8d2f0d2c0,Early Blight
Z:\Projects\Smart-Farming\Datasets\final_combined_datasets\PLCE\EB\PLCE_EB_1202.jpg,Potato,EB,closed,f8e3a55792bcd208,Early Blight
Z:\Projects\Smart-Farming\Datasets\final_combined_datasets\PLCE\EB\PLCE_EB_1203.jpg,Potato,EB,closed,fbc4a187913e9a38,Early Blight
Z:\Projects\Smart-Farming\Datasets\final_combined_datasets\PLCE\EB\PLCE_EB_1204.jpg,Potato,EB,closed,ebe8c12985bd9d90,Early Blight
Z:\Projects\Smart-Farming\Datasets\final_combined_datasets\PLCE\EB\PLCE_EB_1205.jpg,Potato,EB,closed,eae5e554848a9e9c,Early Blight
Z:\Projects\Smart-Farming\Datasets\final_combined_datasets\PLCE\EB\PLCE_EB_1206.jpg,Potato,EB,closed,bfc2b46994a5d2a4,Early Blight
Z:\Projects\Smart-Farming\Datasets\final_combined_datasets\PLCE\EB\PLCE_EB_1207.jpg,Potato,EB,closed,bbb5b0d4d0f2d301,Early Blight
Z:\Projects\Smart-Farming\Datasets\final_combined_datasets\PLCE\EB\PLCE_EB_1208.jpg,Potato,EB,closed,e8b4a552d76a8e43,Early Blight
Z:\Projects\Smart-Farming\Datasets\final_combined_datasets\PLCE\EB\PLCE_EB_1209.jpg,Potato,EB,closed,aa38a5709683decb,Early Blight
Z:\Projects\Smart-Farming\Datasets\final_combined_datasets\PLCE\EB\PLCE_EB_1210.jpg,Potato,EB,closed,bfceb0acd1a4c384,Early Blight
Z:\Projects\Smart-Farming\Datasets\final_combined_datasets\PLCE\EB\PLCE_EB_1211.jpg,Potato,EB,closed,eacfe0aa81a58f94,Early Blight
Z:\Projects\Smart-Farming\Datasets\final_combined_datasets\PLCE\EB\PLCE_EB_1212.jpg,Potato,EB,closed,bfe6b421c097c29a,Early Blight
Z:\Projects\Smart-Farming\Datasets\final_combined_datasets\PLCE\EB\PLCE_EB_1213.jpg,Potato,EB,closed,ee96a4fa8420d667,Early Blight
Z:\Projects\Smart-Farming\Datasets\final_combined_datasets\PLCE\EB\PLCE_EB_1214.jpg,Potato,EB,closed,eaeca00597ce1ed8,Early Blight
Z:\Projects\Smart-Farming\Datasets\final_combined_datasets\PLCE\EB\PLCE_EB_1215.jpg,Potato,EB,closed,eac9e0f985e19685,Early Blight
Z:\Projects\Smart-Farming\Datasets\final_combined_datasets\PLCE\EB\PLCE_EB_1216.jpg,Potato,EB,closed,be9cb080d17acb69,Early Blight
Z:\Projects\Smart-Farming\Datasets\final_combined_datasets\PLCE\EB\PLCE_EB_1217.jpg,Potato,EB,closed,bee2b005d69eca1a,Early Blight
Z:\Projects\Smart-Farming\Datasets\final_combined_datasets\PLCE\EB\PLCE_EB_1218.jpg,Potato,EB,closed,abc2b0a991959b9e,Early Blight
Z:\Projects\Smart-Farming\Datasets\final_combined_datasets\PLCE\EB\PLCE_EB_1219.jpg,Potato,EB,closed,ab81e4388791d6bb,Early Blight
Z:\Projects\Smart-Farming\Datasets\final_combined_datasets\PLCE\EB\PLCE_EB_1220.jpg,Potato,EB,closed,ab80f596860a96df,Early Blight
Z:\Projects\Smart-Farming\Datasets\final_combined_datasets\PLCE\EB\PLCE_EB_1221.jpg,Potato,EB,closed,bfe39083d217493a,Early Blight
Z:\Projects\Smart-Farming\Datasets\final_combined_datasets\PLCE\EB\PLCE_EB_1222.jpg,Potato,EB,closed,ffc9b4a6d0d48382,Early Blight
Z:\Projects\Smart-Farming\Datasets\final_combined_datasets\PLCE\EB\PLCE_EB_1223.jpg,Potato,EB,closed,bae4e592c016d72e,Early Blight
Z:\Projects\Smart-Farming\Datasets\final_combined_datasets\PLCE\EB\PLCE_EB_1224.jpg,Potato,EB,closed,ff66b400d2878357,Early Blight
Z:\Projects\Smart-Farming\Datasets\final_combined_datasets\PLCE\EB\PLCE_EB_1225.jpg,Potato,EB,closed,aff2b403d20bca2d,Early Blight
Z:\Projects\Smart-Farming\Datasets\final_combined_datasets\PLCE\EB\PLCE_EB_1226.jpg,Potato,EB,closed,ff41e0ea800f83af,Early Blight
Z:\Projects\Smart-Farming\Datasets\final_combined_datasets\PLCE\EB\PLCE_EB_1227.jpg,Potato,EB,closed,aaeda56cd5649294,Early Blight
Z:\Projects\Smart-Farming\Datasets\final_combined_datasets\PLCE\EB\PLCE_EB_1228.jpg,Potato,EB,closed,bbe4f152900bd34b,Early Blight
Z:\Projects\Smart-Farming\Datasets\final_combined_datasets\PLCE\EB\PLCE_EB_1229.jpg,Potato,EB,closed,afc7b1c2d02f0b2c,Early Blight
Z:\Projects\Smart-Farming\Datasets\final_combined_datasets\PLCE\EB\PLCE_EB_1230.jpg,Potato,EB,closed,bbccb1fcd0c4da02,Early Blight
Z:\Projects\Smart-Farming\Datasets\final_combined_datasets\PLCE\EB\PLCE_EB_1231.jpg,Potato,EB,closed,bb8ab1fcd1808ad6,Early Blight
Z:\Projects\Smart-Farming\Datasets\final_combined_datasets\PLCE\EB\PLCE_EB_1232.jpg,Potato,EB,closed,eac0a50fd71c86bc,Early Blight
Z:\Projects\Smart-Farming\Datasets\final_combined_datasets\PLCE\EB\PLCE_EB_1233.jpg,Potato,EB,closed,af91b1d2c20ac76d,Early Blight
Z:\Projects\Smart-Farming\Datasets\final_combined_datasets\PLCE\EB\PLCE_EB_1234.jpg,Potato,EB,closed,eab5a5e096c69a8a,Early Blight
Z:\Projects\Smart-Farming\Datasets\final_combined_datasets\PLCE\EB\PLCE_EB_1235.jpg,Potato,EB,closed,fb8ca5fc9140caa3,Early Blight
Z:\Projects\Smart-Farming\Datasets\final_combined_datasets\PLCE\EB\PLCE_EB_1236.jpg,Potato,EB,closed,eb8af07587029657,Early Blight
Z:\Projects\Smart-Farming\Datasets\final_combined_datasets\PLCE\EB\PLCE_EB_1237.jpg,Potato,EB,closed,ffe0b4e0d007c257,Early Blight
Z:\Projects\Smart-Farming\Datasets\final_combined_datasets\PLCE\EB\PLCE_EB_1238.jpg,Potato,EB,closed,beb1b550d06aca2d,Early Blight
Z:\Projects\Smart-Farming\Datasets\final_combined_datasets\PLCE\EB\PLCE_EB_1239.jpg,Potato,EB,closed,fe4ab0ad8384d336,Early Blight
Z:\Projects\Smart-Farming\Datasets\final_combined_datasets\PLCE\EB\PLCE_EB_1240.jpg,Potato,EB,closed,fec0a1af82e4d714,Early Blight
Z:\Projects\Smart-Farming\Datasets\final_combined_datasets\PLCE\EB\PLCE_EB_1241.jpg,Potato,EB,closed,bb83b1d3c12a436d,Early Blight
Z:\Projects\Smart-Farming\Datasets\final_combined_datasets\PLCE\EB\PLCE_EB_1242.jpg,Potato,EB,closed,ffeab125d0258326,Early Blight
Z:\Projects\Smart-Farming\Datasets\final_combined_datasets\PLCE\EB\PLCE_EB_1243.jpg,Potato,EB,closed,be9eb4f894e0ca41,Early Blight
Z:\Projects\Smart-Farming\Datasets\final_combined_datasets\PLCE\EB\PLCE_EB_1244.jpg,Potato,EB,closed,ead4a58a8499975d,Early Blight
Z:\Projects\Smart-Farming\Datasets\final_combined_datasets\PLCE\EB\PLCE_EB_1245.jpg,Potato,EB,closed,abe2b447d20eca3c,Early Blight
Z:\Projects\Smart-Farming\Datasets\final_combined_datasets\PLCE\EB\PLCE_EB_1246.jpg,Potato,EB,closed,fac1a19f85bc9c18,Early Blight
Z:\Projects\Smart-Farming\Datasets\final_combined_datasets\PLCE\EB\PLCE_EB_1247.jpg,Potato,EB,closed,af99e0f885c097c3,Early Blight
Z:\Projects\Smart-Farming\Datasets\final_combined_datasets\PLCE\EB\PLCE_EB_1248.jpg,Potato,EB,closed,bab1b193c31acf09,Early Blight
Z:\Projects\Smart-Farming\Datasets\final_combined_datasets\PLCE\EB\PLCE_EB_1249.jpg,Potato,EB,closed,afe0a191f51ad61a,Early Blight
Z:\Projects\Smart-Farming\Datasets\final_combined_datasets\PLCE\EB\PLCE_EB_1250.jpg,Potato,EB,closed,bf98b4add05dc288,Early Blight
Z:\Projects\Smart-Farming\Datasets\final_combined_datasets\PLCE\EB\PLCE_EB_1251.jpg,Potato,EB,closed,be86b0d4d146ca4f,Early Blight
Z:\Projects\Smart-Farming\Datasets\final_combined_datasets\PLCE\EB\PLCE_EB_1252.jpg,Potato,EB,closed,ea9fa1f0850396e3,Early Blight
Z:\Projects\Smart-Farming\Datasets\final_combined_datasets\PLCE\EB\PLCE_EB_1253.jpg,Potato,EB,closed,ea9aa1b8870586f7,Early Blight
Z:\Projects\Smart-Farming\Datasets\final_combined_datasets\PLCE\EB\PLCE_EB_1254.jpg,Potato,EB,closed,ffa8e0c481df870a,Early Blight
Z:\Projects\Smart-Farming\Datasets\final_combined_datasets\PLCE\EB\PLCE_EB_1255.jpg,Potato,EB,closed,bf0cb0bfd2048baa,Early Blight
Z:\Projects\Smart-Farming\Datasets\final_combined_datasets\PLCE\EB\PLCE_EB_1256.jpg,Potato,EB,closed,baf6a1ea9125c383,Early Blight
Z:\Projects\Smart-Farming\Datasets\final_combined_datasets\PLCE\EB\PLCE_EB_1257.jpg,Potato,EB,closed,be99b0b99591da81,Early Blight
Z:\Projects\Smart-Farming\Datasets\final_combined_datasets\PLCE\EB\PLCE_EB_1258.jpg,Potato,EB,closed,bbb1f053824bc54d,Early Blight
Z:\Projects\Smart-Farming\Datasets\final_combined_datasets\PLCE\EB\PLCE_EB_1259.jpg,Potato,EB,closed,afadb4fcd040cac2,Early Blight
Z:\Projects\Smart-Farming\Datasets\final_combined_datasets\PLCE\EB\PLCE_EB_1260.jpg,Potato,EB,closed,abb8f0d181539b4b,Early Blight
Z:\Projects\Smart-Farming\Datasets\final_combined_datasets\PLCE\EB\PLCE_EB_1261.jpg,Potato,EB,closed,eeccb146860e9f98,Early Blight
Z:\Projects\Smart-Farming\Datasets\final_combined_datasets\PLCE\EB\PLCE_EB_1262.jpg,Potato,EB,closed,eb89e0dd8588979c,Early Blight
Z:\Projects\Smart-Farming\Datasets\final_combined_datasets\PLCE\EB\PLCE_EB_1263.jpg,Potato,EB,closed,fec8a4e9d405c28f,Early Blight
Z:\Projects\Smart-Farming\Datasets\final_combined_datasets\PLCE\EB\PLCE_EB_1264.jpg,Potato,EB,closed,afe4e0c6c44e9a2e,Early Blight
Z:\Projects\Smart-Farming\Datasets\final_combined_datasets\PLCE\EB\PLCE_EB_1265.jpg,Potato,EB,closed,aebca4e7d4c4c2c2,Early Blight
Z:\Projects\Smart-Farming\Datasets\final_combined_datasets\PLCE\EB\PLCE_EB_1266.jpg,Potato,EB,closed,aaeab5edd0a58294,Early Blight
Z:\Projects\Smart-Farming\Datasets\final_combined_datasets\PLCE\EB\PLCE_EB_1267.jpg,Potato,EB,closed,ffa4f0578052c36a,Early Blight
Z:\Projects\Smart-Farming\Datasets\final_combined_datasets\PLCE\EB\PLCE_EB_1268.jpg,Potato,EB,closed,aae4a552d64bca2d,Early Blight
Z:\Projects\Smart-Farming\Datasets\final_combined_datasets\PLCE\EB\PLCE_EB_1269.jpg,Potato,EB,closed,efe0b420c2b5c796,Early Blight
Z:\Projects\Smart-Farming\Datasets\final_combined_datasets\PLCE\EB\PLCE_EB_1270.jpg,Potato,EB,closed,aa91e1358592d7d3,Early Blight
Z:\Projects\Smart-Farming\Datasets\final_combined_datasets\PLCE\EB\PLCE_EB_1271.jpg,Potato,EB,closed,eaa5e5d4854a9e58,Early Blight
Z:\Projects\Smart-Farming\Datasets\final_combined_datasets\PLCE\EB\PLCE_EB_1272.jpg,Potato,EB,closed,eee4e406851e9e78,Early Blight
Z:\Projects\Smart-Farming\Datasets\final_combined_datasets\PLCE\EB\PLCE_EB_1273.jpg,Potato,EB,closed,ff65e0aac009c78d,Early Blight
Z:\Projects\Smart-Farming\Datasets\final_combined_datasets\PLCE\EB\PLCE_EB_1274.jpg,Potato,EB,closed,bee1a481959f921e,Early Blight
Z:\Projects\Smart-Farming\Datasets\final_combined_datasets\PLCE\EB\PLCE_EB_1275.jpg,Potato,EB,closed,fae1a587945ed888,Early Blight
Z:\Projects\Smart-Farming\Datasets\final_combined_datasets\PLCE\EB\PLCE_EB_1276.jpg,Potato,EB,closed,bf8db5a8d2d0cb20,Early Blight
Z:\Projects\Smart-Farming\Datasets\final_combined_datasets\PLCE\EB\PLCE_EB_1277.jpg,Potato,EB,closed,aec8b4add0e583b2,Early Blight
Z:\Projects\Smart-Farming\Datasets\final_combined_datasets\PLCE\EB\PLCE_EB_1278.jpg,Potato,EB,closed,febfa090903ac369,Early Blight
Z:\Projects\Smart-Farming\Datasets\final_combined_datasets\PLCE\EB\PLCE_EB_1279.jpg,Potato,EB,closed,febcf0d4c2d08ac1,Early Blight
Z:\Projects\Smart-Farming\Datasets\final_combined_datasets\PLCE\EB\PLCE_EB_1280.jpg,Potato,EB,closed,ba42f1abc0a58ba7,Early Blight
Z:\Projects\Smart-Farming\Datasets\final_combined_datasets\PLCE\EB\PLCE_EB_1281.jpg,Potato,EB,closed,af8ba0b895f0d6c1,Early Blight
Z:\Projects\Smart-Farming\Datasets\final_combined_datasets\PLCE\EB\PLCE_EB_1282.jpg,Potato,EB,closed,fb95b45ad0cad109,Early Blight
Z:\Projects\Smart-Farming\Datasets\final_combined_datasets\PLCE\EB\PLCE_EB_1283.jpg,Potato,EB,closed,aa17e1f88582975b,Early Blight
Z:\Projects\Smart-Farming\Datasets\final_combined_datasets\PLCE\EB\PLCE_EB_1284.jpg,Potato,EB,closed,bac2b1a9d195939c,Early Blight
Z:\Projects\Smart-Farming\Datasets\final_combined_datasets\PLCE\EB\PLCE_EB_1285.jpg,Potato,EB,closed,fb95e1dac0d0c2c9,Early Blight
Z:\Projects\Smart-Farming\Datasets\final_combined_datasets\PLCE\EB\PLCE_EB_1286.jpg,Potato,EB,closed,aecab4afd0b4c0b2,Early Blight
Z:\Projects\Smart-Farming\Datasets\final_combined_datasets\PLCE\EB\PLCE_EB_1287.jpg,Potato,EB,closed,aeceb8ca90afc125,Early Blight
Z:\Projects\Smart-Farming\Datasets\final_combined_datasets\PLCE\EB\PLCE_EB_1288.jpg,Potato,EB,closed,aae6b5a7c095c592,Early Blight
Z:\Projects\Smart-Farming\Datasets\final_combined_datasets\PLCE\EB\PLCE_EB_1289.jpg,Potato,EB,closed,ae18f4ad86e18ec5,Early Blight
Z:\Projects\Smart-Farming\Datasets\final_combined_datasets\PLCE\EB\PLCE_EB_1290.jpg,Potato,EB,closed,aacab1ab91a593b4,Early Blight
Z:\Projects\Smart-Farming\Datasets\final_combined_datasets\PLCE\EB\PLCE_EB_1291.jpg,Potato,EB,closed,af83b473d2a9c854,Early Blight
Z:\Projects\Smart-Farming\Datasets\final_combined_datasets\PLCE\EB\PLCE_EB_1292.jpg,Potato,EB,closed,eb9be4ea85a18685,Early Blight
Z:\Projects\Smart-Farming\Datasets\final_combined_datasets\PLCE\EB\PLCE_EB_1293.jpg,Potato,EB,closed,aa15a1f8d572d6c2,Early Blight
Z:\Projects\Smart-Farming\Datasets\final_combined_datasets\PLCE\EB\PLCE_EB_1294.jpg,Potato,EB,closed,ab68e18b859dc65c,Early Blight
Z:\Projects\Smart-Farming\Datasets\final_combined_datasets\PLCE\EB\PLCE_EB_1295.jpg,Potato,EB,closed,aa38f511b498d2fa,Early Blight
Z:\Projects\Smart-Farming\Datasets\final_combined_datasets\PLCE\EB\PLCE_EB_1296.jpg,Potato,EB,closed,ba60a18f973d88bc,Early Blight
Z:\Projects\Smart-Farming\Datasets\final_combined_datasets\PLCE\EB\PLCE_EB_1297.jpg,Potato,EB,closed,eb32e8d38103c7d3,Early Blight
Z:\Projects\Smart-Farming\Datasets\final_combined_datasets\PLCE\EB\PLCE_EB_1298.jpg,Potato,EB,closed,bb1ee0f485d09653,Early Blight
Z:\Projects\Smart-Farming\Datasets\final_combined_datasets\PLCE\EB\PLCE_EB_1299.jpg,Potato,EB,closed,afc0b48bf685913c,Early Blight
Z:\Projects\Smart-Farming\Datasets\final_combined_datasets\PLCE\EB\PLCE_EB_1300.jpg,Potato,EB,closed,bd6ff0a490f2c0d2,Early Blight
Z:\Projects\Smart-Farming\Datasets\final_combined_datasets\PLCE\EB\PLCE_EB_1301.jpg,Potato,EB,closed,aa1fa02a85799f71,Early Blight
Z:\Projects\Smart-Farming\Datasets\final_combined_datasets\PLCE\EB\PLCE_EB_1302.jpg,Potato,EB,closed,aa9de1f295429a0f,Early Blight
Z:\Projects\Smart-Farming\Datasets\final_combined_datasets\PLCE\EB\PLCE_EB_1303.jpg,Potato,EB,closed,bec3b0ef91958a12,Early Blight
Z:\Projects\Smart-Farming\Datasets\final_combined_datasets\PLCE\EB\PLCE_EB_1304.jpg,Potato,EB,closed,facfa168c5cd8605,Early Blight
Z:\Projects\Smart-Farming\Datasets\final_combined_datasets\PLCE\EB\PLCE_EB_1305.jpg,Potato,EB,closed,ae3fb5bccd889011,Early Blight
Z:\Projects\Smart-Farming\Datasets\final_combined_datasets\PLCE\EB\PLCE_EB_1306.jpg,Potato,EB,closed,afe4a407961ed878,Early Blight
Z:\Projects\Smart-Farming\Datasets\final_combined_datasets\PLCE\EB\PLCE_EB_1307.jpg,Potato,EB,closed,aa15e17a87dad701,Early Blight
Z:\Projects\Smart-Farming\Datasets\final_combined_datasets\PLCE\EB\PLCE_EB_1308.jpg,Potato,EB,closed,ab4af4e98084c7e7,Early Blight
Z:\Projects\Smart-Farming\Datasets\final_combined_datasets\PLCE\EB\PLCE_EB_1309.jpg,Potato,EB,closed,aa62e107857f97b0,Early Blight
Z:\Projects\Smart-Farming\Datasets\final_combined_datasets\PLCE\EB\PLCE_EB_1310.jpg,Potato,EB,closed,abd0b403d60fd60f,Early Blight
Z:\Projects\Smart-Farming\Datasets\final_combined_datasets\PLCE\EB\PLCE_EB_1311.jpg,Potato,EB,closed,ea50c5af874a853d,Early Blight
Z:\Projects\Smart-Farming\Datasets\final_combined_datasets\PLCE\EB\PLCE_EB_1312.jpg,Potato,EB,closed,aec3a45ed60c9a5c,Early Blight
Z:\Projects\Smart-Farming\Datasets\final_combined_datasets\PLCE\EB\PLCE_EB_1313.jpg,Potato,EB,closed,ba78e00b81af87ec,Early Blight
Z:\Projects\Smart-Farming\Datasets\final_combined_datasets\PLCE\EB\PLCE_EB_1314.jpg,Potato,EB,closed,ea62e18585bf9f10,Early Blight
Z:\Projects\Smart-Farming\Datasets\final_combined_datasets\PLCE\EB\PLCE_EB_1315.jpg,Potato,EB,closed,eb4fa1e897059a38,Early Blight
Z:\Projects\Smart-Farming\Datasets\final_combined_datasets\PLCE\EB\PLCE_EB_1316.jpg,Potato,EB,closed,ea27e1f485728752,Early Blight
Z:\Projects\Smart-Farming\Datasets\final_combined_datasets\PLCE\EB\PLCE_EB_1317.jpg,Potato,EB,closed,aa23e5f58740963d,Early Blight
Z:\Projects\Smart-Farming\Datasets\final_combined_datasets\PLCE\EB\PLCE_EB_1318.jpg,Potato,EB,closed,bef4e452866ac629,Early Blight
Z:\Projects\Smart-Farming\Datasets\final_combined_datasets\PLCE\EB\PLCE_EB_1319.jpg,Potato,EB,closed,beb1b052c04bcb6d,Early Blight
Z:\Projects\Smart-Farming\Datasets\final_combined_datasets\PLCE\EB\PLCE_EB_1320.jpg,Potato,EB,closed,bf9eb0fcd080cad0,Early Blight
Z:\Projects\Smart-Farming\Datasets\final_combined_datasets\PLCE\EB\PLCE_EB_1321.jpg,Potato,EB,closed,bbd0e113d10b8b6d,Early Blight
Z:\Projects\Smart-Farming\Datasets\final_combined_datasets\PLCE\EB\PLCE_EB_1322.jpg,Potato,EB,closed,abc4b197d51ad22a,Early Blight
Z:\Projects\Smart-Farming\Datasets\final_combined_datasets\PLCE\EB\PLCE_EB_1323.jpg,Potato,EB,closed,bab5b150834acf69,Early Blight
Z:\Projects\Smart-Farming\Datasets\final_combined_datasets\PLCE\EB\PLCE_EB_1324.jpg,Potato,EB,closed,bbf19117d60ac12d,Early Blight
Z:\Projects\Smart-Farming\Datasets\final_combined_datasets\PLCE\EB\PLCE_EB_1325.jpg,Potato,EB,closed,bbb9b450d4fa9241,Early Blight
Z:\Projects\Smart-Farming\Datasets\final_combined_datasets\PLCE\EB\PLCE_EB_1326.jpg,Potato,EB,closed,eae0a407d61edab8,Early Blight
Z:\Projects\Smart-Farming\Datasets\final_combined_datasets\PLCE\EB\PLCE_EB_1327.jpg,Potato,EB,closed,abe0e505950ecebc,Early Blight
Z:\Projects\Smart-Farming\Datasets\final_combined_datasets\PLCE\EB\PLCE_EB_1328.jpg,Potato,EB,closed,abb1b152d14bc34d,Early Blight
Z:\Projects\Smart-Farming\Datasets\final_combined_datasets\PLCE\EB\PLCE_EB_1329.jpg,Potato,EB,closed,bb95e150815a97cb,Early Blight
Z:\Projects\Smart-Farming\Datasets\final_combined_datasets\PLCE\EB\PLCE_EB_1330.jpg,Potato,EB,closed,aee0a456948eda6d,Early Blight
Z:\Projects\Smart-Farming\Datasets\final_combined_datasets\PLCE\EB\PLCE_EB_1331.jpg,Potato,EB,closed,ea4fe0e886a1cc97,Early Blight
Z:\Projects\Smart-Farming\Datasets\final_combined_datasets\PLCE\EB\PLCE_EB_1332.jpg,Potato,EB,closed,fe3de08087d6c68a,Early Blight
Z:\Projects\Smart-Farming\Datasets\final_combined_datasets\PLCE\EB\PLCE_EB_1333.jpg,Potato,EB,closed,fec8a0ebd7258294,Early Blight
Z:\Projects\Smart-Farming\Datasets\final_combined_datasets\PLCE\EB\PLCE_EB_1334.jpg,Potato,EB,closed,faa0a157878ade94,Early Blight
Z:\Projects\Smart-Farming\Datasets\final_combined_datasets\PLCE\EB\PLCE_EB_1335.jpg,Potato,EB,closed,fac0e1c7870e963c,Early Blight
Z:\Projects\Smart-Farming\Datasets\final_combined_datasets\PLCE\EB\PLCE_EB_1336.jpg,Potato,EB,closed,af91b4dad0a9c84d,Early Blight
Z:\Projects\Smart-Farming\Datasets\final_combined_datasets\PLCE\EB\PLCE_EB_1337.jpg,Potato,EB,closed,aa53e500c53f877a,Early Blight
Z:\Projects\Smart-Farming\Datasets\final_combined_datasets\PLCE\EB\PLCE_EB_1338.jpg,Potato,EB,closed,bb1ab4a9d0d4c3aa,Early Blight
Z:\Projects\Smart-Farming\Datasets\final_combined_datasets\PLCE\EB\PLCE_EB_1339.jpg,Potato,EB,closed,aa42a1a7d71c9a7a,Early Blight
Z:\Projects\Smart-Farming\Datasets\final_combined_datasets\PLCE\EB\PLCE_EB_1340.jpg,Potato,EB,closed,bf68b0a5d0d6c13a,Early Blight
Z:\Projects\Smart-Farming\Datasets\final_combined_datasets\PLCE\EB\PLCE_EB_1341.jpg,Potato,EB,closed,aa21e1ce851e96fa,Early Blight
Z:\Projects\Smart-Farming\Datasets\final_combined_datasets\PLCE\EB\PLCE_EB_1342.jpg,Potato,EB,closed,bfdeb480d04dc92c,Early Blight
Z:\Projects\Smart-Farming\Datasets\final_combined_datasets\PLCE\EB\PLCE_EB_1343.jpg,Potato,EB,closed,af94f45ac04bc3a9,Early Blight
Z:\Projects\Smart-Farming\Datasets\final_combined_datasets\PLCE\EB\PLCE_EB_1344.jpg,Potato,EB,closed,be4ab0a9d254c3ba,Early Blight
Z:\Projects\Smart-Farming\Datasets\final_combined_datasets\PLCE\EB\PLCE_EB_1345.jpg,Potato,EB,closed,bf64b520d256c99a,Early Blight
Z:\Projects\Smart-Farming\Datasets\final_combined_datasets\PLCE\EB\PLCE_EB_1346.jpg,Potato,EB,closed,aa1ea5f8d6a08ad5,Early Blight
Z:\Projects\Smart-Farming\Datasets\final_combined_datasets\PLCE\EB\PLCE_EB_1347.jpg,Potato,EB,closed,eadaa02387ff9610,Early Blight
Z:\Projects\Smart-Farming\Datasets\final_combined_datasets\PLCE\EB\PLCE_EB_1348.jpg,Potato,EB,closed,ffe8b401d0c5c2b6,Early Blight
Z:\Projects\Smart-Farming\Datasets\final_combined_datasets\PLCE\EB\PLCE_EB_1349.jpg,Potato,EB,closed,ba25e1d6858896db,Early Blight
Z:\Projects\Smart-Farming\Datasets\final_combined_datasets\PLCE\EB\PLCE_EB_1350.jpg,Potato,EB,closed,bef8b010d14bcd4d,Early Blight
Z:\Projects\Smart-Farming\Datasets\final_combined_datasets\PLCE\EB\PLCE_EB_1351.jpg,Potato,EB,closed,eaf4a582851f965a,Early Blight
Z:\Projects\Smart-Farming\Datasets\final_combined_datasets\PLCE\EB\PLCE_EB_1352.jpg,Potato,EB,closed,bf95b49ad04dca88,Early Blight
Z:\Projects\Smart-Farming\Datasets\final_combined_datasets\PLCE\EB\PLCE_EB_1353.jpg,Potato,EB,closed,af72b4a1d255c2aa,Early Blight
Z:\Projects\Smart-Farming\Datasets\final_combined_datasets\PLCE\EB\PLCE_EB_1354.jpg,Potato,EB,closed,af15b4bad2d8c249,Early Blight
Z:\Projects\Smart-Farming\Datasets\final_combined_datasets\PLCE\EB\PLCE_EB_1355.jpg,Potato,EB,closed,bf50f029d015cabe,Early Blight
Z:\Projects\Smart-Farming\Datasets\final_combined_datasets\PLCE\EB\PLCE_EB_1356.jpg,Potato,EB,closed,bf01b556d0aad22d,Early Blight
Z:\Projects\Smart-Farming\Datasets\final_combined_datasets\PLCE\EB\PLCE_EB_1357.jpg,Potato,EB,closed,ba1df1da90e8c349,Early Blight
Z:\Projects\Smart-Farming\Datasets\final_combined_datasets\PLCE\EB\PLCE_EB_1358.jpg,Potato,EB,closed,be30f452822bdde1,Early Blight
Z:\Projects\Smart-Farming\Datasets\final_combined_datasets\PLCE\EB\PLCE_EB_1359.jpg,Potato,EB,closed,eea5e4c6949e9238,Early Blight
Z:\Projects\Smart-Farming\Datasets\final_combined_datasets\PLCE\EB\PLCE_EB_1360.jpg,Potato,EB,closed,eac6c586951eb538,Early Blight
Z:\Projects\Smart-Farming\Datasets\final_combined_datasets\PLCE\EB\PLCE_EB_1361.jpg,Potato,EB,closed,ea9fe0f885c19683,Early Blight
Z:\Projects\Smart-Farming\Datasets\final_combined_datasets\PLCE\EB\PLCE_EB_1362.jpg,Potato,EB,closed,aa9fb5e8d540c269,Early Blight
Z:\Projects\Smart-Farming\Datasets\final_combined_datasets\PLCE\EB\PLCE_EB_1363.jpg,Potato,EB,closed,ab99e056866a9e69,Early Blight
Z:\Projects\Smart-Farming\Datasets\final_combined_datasets\PLCE\EB\PLCE_EB_1364.jpg,Potato,EB,closed,eee0e007853fc738,Early Blight
Z:\Projects\Smart-Farming\Datasets\final_combined_datasets\PLCE\EB\PLCE_EB_1365.jpg,Potato,EB,closed,be1cb098d05992fb,Early Blight
Z:\Projects\Smart-Farming\Datasets\final_combined_datasets\PLCE\EB\PLCE_EB_1366.jpg,Potato,EB,closed,ab0ab5afd054d2b4,Early Blight
Z:\Projects\Smart-Farming\Datasets\final_combined_datasets\PLCE\EB\PLCE_EB_1367.jpg,Potato,EB,closed,be1cb5ded2688944,Early Blight
Z:\Projects\Smart-Farming\Datasets\final_combined_datasets\PLCE\EB\PLCE_EB_1368.jpg,Potato,EB,closed,fadbe06ac0a98785,Early Blight
Z:\Projects\Smart-Farming\Datasets\final_combined_datasets\PLCE\EB\PLCE_EB_1369.jpg,Potato,EB,closed,aa0fe5f885e097c1,Early Blight
Z:\Projects\Smart-Farming\Datasets\final_combined_datasets\PLCE\EB\PLCE_EB_1370.jpg,Potato,EB,closed,aaf4e006977e8e68,Early Blight
Z:\Projects\Smart-Farming\Datasets\final_combined_datasets\PLCE\EB\PLCE_EB_1371.jpg,Potato,EB,closed,aa5ae0ad870587b7,Early Blight
Z:\Projects\Smart-Farming\Datasets\final_combined_datasets\PLCE\EB\PLCE_EB_1372.jpg,Potato,EB,closed,aab5f052c30bc17d,Early Blight
Z:\Projects\Smart-Farming\Datasets\final_combined_datasets\PLCE\EB\PLCE_EB_1373.jpg,Potato,EB,closed,ab20f58690cfd24f,Early Blight
Z:\Projects\Smart-Farming\Datasets\final_combined_datasets\PLCE\EB\PLCE_EB_1374.jpg,Potato,EB,closed,ba9eb0dcd06cca64,Early Blight
Z:\Projects\Smart-Farming\Datasets\final_combined_datasets\PLCE\EB\PLCE_EB_1375.jpg,Potato,EB,closed,aa4ae00f85fd86bc,Early Blight
Z:\Projects\Smart-Farming\Datasets\final_combined_datasets\PLCE\EB\PLCE_EB_1376.jpg,Potato,EB,closed,ffa0b5d4d082d247,Early Blight
Z:\Projects\Smart-Farming\Datasets\final_combined_datasets\PLCE\EB\PLCE_EB_1377.jpg,Potato,EB,closed,bf15b45ad229c345,Early Blight
Z:\Projects\Smart-Farming\Datasets\final_combined_datasets\PLCE\EB\PLCE_EB_1378.jpg,Potato,EB,closed,bb0cb55ed2a8c954,Early Blight
Z:\Projects\Smart-Farming\Datasets\final_combined_datasets\PLCE\EB\PLCE_EB_1379.jpg,Potato,EB,closed,bf16b45ed02aca45,Early Blight
Z:\Projects\Smart-Farming\Datasets\final_combined_datasets\PLCE\EB\PLCE_EB_1380.jpg,Potato,EB,closed,aa25e57ac458972b,Early Blight
Z:\Projects\Smart-Farming\Datasets\final_combined_datasets\PLCE\EB\PLCE_EB_1381.jpg,Potato,EB,closed,ae6ab129d53d82b4,Early Blight
Z:\Projects\Smart-Farming\Datasets\final_combined_datasets\PLCE\EB\PLCE_EB_1382.jpg,Potato,EB,closed,fbc0f087841fda1c,Early Blight
Z:\Projects\Smart-Farming\Datasets\final_combined_datasets\PLCE\EB\PLCE_EB_1383.jpg,Potato,EB,closed,bfcab0ae90b5c194,Early Blight
Z:\Projects\Smart-Farming\Datasets\final_combined_datasets\PLCE\EB\PLCE_EB_1384.jpg,Potato,EB,closed,efe0e4a7841f861a,Early Blight
Z:\Projects\Smart-Farming\Datasets\final_combined_datasets\PLCE\EB\PLCE_EB_1385.jpg,Potato,EB,closed,eee5a4c6840e9e3c,Early Blight
Z:\Projects\Smart-Farming\Datasets\final_combined_datasets\PLCE\EB\PLCE_EB_1386.jpg,Potato,EB,closed,ea35a1f0870395d7,Early Blight
Z:\Projects\Smart-Farming\Datasets\final_combined_datasets\PLCE\EB\PLCE_EB_1387.jpg,Potato,EB,closed,eaa9e54585ce970c,Early Blight
Z:\Projects\Smart-Farming\Datasets\final_combined_datasets\PLCE\EB\PLCE_EB_1388.jpg,Potato,EB,closed,fa3ea0f0878285d7,Early Blight
Z:\Projects\Smart-Farming\Datasets\final_combined_datasets\PLCE\EB\PLCE_EB_1389.jpg,Potato,EB,closed,abb1f092c15b836b,Early Blight
Z:\Projects\Smart-Farming\Datasets\final_combined_datasets\PLCE\EB\PLCE_EB_1390.jpg,Potato,EB,closed,fee4d406970e88bc,Early Blight
Z:\Projects\Smart-Farming\Datasets\final_combined_datasets\PLCE\EB\PLCE_EB_1391.jpg,Potato,EB,closed,bab1b150d14bcb69,Early Blight
Z:\Projects\Smart-Farming\Datasets\final_combined_datasets\PLCE\EB\PLCE_EB_1392.jpg,Potato,EB,closed,aa95e4bac4f0c752,Early Blight
Z:\Projects\Smart-Farming\Datasets\final_combined_datasets\PLCE\EB\PLCE_EB_1393.jpg,Potato,EB,closed,fa97b5fa9020c22b,Early Blight
Z:\Projects\Smart-Farming\Datasets\final_combined_datasets\PLCE\EB\PLCE_EB_1394.jpg,Potato,EB,closed,fa9ae07885a08777,Early Blight
Z:\Projects\Smart-Farming\Datasets\final_combined_datasets\PLCE\EB\PLCE_EB_1395.jpg,Potato,EB,closed,ea72e183873e94b8,Early Blight
Z:\Projects\Smart-Farming\Datasets\final_combined_datasets\PLCE\EB\PLCE_EB_1396.jpg,Potato,EB,closed,ea58e5a986259ed4,Early Blight
Z:\Projects\Smart-Farming\Datasets\final_combined_datasets\PLCE\EB\PLCE_EB_1397.jpg,Potato,EB,closed,ebe0e18785becc14,Early Blight
Z:\Projects\Smart-Farming\Datasets\final_combined_datasets\PLCE\EB\PLCE_EB_1398.jpg,Potato,EB,closed,fa9ae10387bb9780,Early Blight
Z:\Projects\Smart-Farming\Datasets\final_combined_datasets\PLCE\EB\PLCE_EB_1399.jpg,Potato,EB,closed,fae0e187875696c8,Early Blight
Z:\Projects\Smart-Farming\Datasets\final_combined_datasets\PLCE\EB\PLCE_EB_1400.jpg,Potato,EB,closed,aadbe1ba82a196a5,Early Blight
Z:\Projects\Smart-Farming\Datasets\final_combined_datasets\PLCE\EB\PLCE_EB_1401.jpg,Potato,EB,closed,bedca03995e0d6a1,Early Blight
Z:\Projects\Smart-Farming\Datasets\final_combined_datasets\PLCE\EB\PLCE_EB_1402.jpg,Potato,EB,closed,bfc8f0adc084c796,Early Blight
Z:\Projects\Smart-Farming\Datasets\final_combined_datasets\PLCE\EB\PLCE_EB_1403.jpg,Potato,EB,closed,c0950f567f5a7468,Early Blight
Z:\Projects\Smart-Farming\Datasets\final_combined_datasets\PLCE\EB\PLCE_EB_1404.jpg,Potato,EB,closed,beb0a4d9d50bc269,Early Blight
Z:\Projects\Smart-Farming\Datasets\final_combined_datasets\PLCE\EB\PLCE_EB_1405.jpg,Potato,EB,closed,aed2b143910f9a6d,Early Blight
Z:\Projects\Smart-Farming\Datasets\final_combined_datasets\PLCE\EB\PLCE_EB_1406.jpg,Potato,EB,closed,eab1a1a08707ded6,Early Blight
Z:\Projects\Smart-Farming\Datasets\final_combined_datasets\PLCE\EB\PLCE_EB_1407.jpg,Potato,EB,closed,abeca1bc95a19a86,Early Blight
Z:\Projects\Smart-Farming\Datasets\final_combined_datasets\PLCE\EB\PLCE_EB_1408.jpg,Potato,EB,closed,fa1ab5bb90a19295,Early Blight
Z:\Projects\Smart-Farming\Datasets\final_combined_datasets\PLCE\EB\PLCE_EB_1409.jpg,Potato,EB,closed,beadf07593508352,Early Blight
Z:\Projects\Smart-Farming\Datasets\final_combined_datasets\PLCE\EB\PLCE_EB_1410.jpg,Potato,EB,closed,aacaf0eb80ad83b5,Early Blight
Z:\Projects\Smart-Farming\Datasets\final_combined_datasets\PLCE\EB\PLCE_EB_1411.jpg,Potato,EB,closed,fbcae08b82ad9790,Early Blight
Z:\Projects\Smart-Farming\Datasets\final_combined_datasets\PLCE\EB\PLCE_EB_1412.jpg,Potato,EB,closed,fb59e02a81a197e5,Early Blight
Z:\Projects\Smart-Farming\Datasets\final_combined_datasets\PLCE\EB\PLCE_EB_1413.jpg,Potato,EB,closed,eacee0cdc12d8b34,Early Blight
Z:\Projects\Smart-Farming\Datasets\final_combined_datasets\PLCE\EB\PLCE_EB_1414.jpg,Potato,EB,closed,fac4a006973ede70,Early Blight
Z:\Projects\Smart-Farming\Datasets\final_combined_datasets\PLCE\EB\PLCE_EB_1415.jpg,Potato,EB,closed,aef8b500d48fc23e,Early Blight
Z:\Projects\Smart-Farming\Datasets\final_combined_datasets\PLCE\EB\PLCE_EB_1416.jpg,Potato,EB,closed,fae4e08a87d5878c,Early Blight
Z:\Projects\Smart-Farming\Datasets\final_combined_datasets\PLCE\EB\PLCE_EB_1417.jpg,Potato,EB,closed,fae0a187c5fe841c,Early Blight
Z:\Projects\Smart-Farming\Datasets\final_combined_datasets\PLCE\EB\PLCE_EB_1418.jpg,Potato,EB,closed,bff0f100d20bc31f,Early Blight
Z:\Projects\Smart-Farming\Datasets\final_combined_datasets\PLCE\EB\PLCE_EB_1419.jpg,Potato,EB,closed,fa25b157955a9a48,Early Blight
Z:\Projects\Smart-Farming\Datasets\final_combined_datasets\PLCE\EB\PLCE_EB_1420.jpg,Potato,EB,closed,aee6b05ed26a8925,Early Blight
Z:\Projects\Smart-Farming\Datasets\final_combined_datasets\PLCE\EB\PLCE_EB_1421.jpg,Potato,EB,closed,aac5b5aab1479526,Early Blight
Z:\Projects\Smart-Farming\Datasets\final_combined_datasets\PLCE\EB\PLCE_EB_1422.jpg,Potato,EB,closed,bf3db5f0d080c2c3,Early Blight
Z:\Projects\Smart-Farming\Datasets\final_combined_datasets\PLCE\EB\PLCE_EB_1423.jpg,Potato,EB,closed,ffeab480d0d7c282,Early Blight
Z:\Projects\Smart-Farming\Datasets\final_combined_datasets\PLCE\EB\PLCE_EB_1424.jpg,Potato,EB,closed,aed9e1bb84e096c1,Early Blight
Z:\Projects\Smart-Farming\Datasets\final_combined_datasets\PLCE\EB\PLCE_EB_1425.jpg,Potato,EB,closed,eac6e1a0878f959c,Early Blight
Z:\Projects\Smart-Farming\Datasets\final_combined_datasets\PLCE\EB\PLCE_EB_1426.jpg,Potato,EB,closed,bbc6f13ed0b482b0,Early Blight
Z:\Projects\Smart-Farming\Datasets\final_combined_datasets\PLCE\EB\PLCE_EB_1427.jpg,Potato,EB,closed,bbb1b1f0d3618b41,Early Blight
Z:\Projects\Smart-Farming\Datasets\final_combined_datasets\PLCE\EB\PLCE_EB_1428.jpg,Potato,EB,closed,abcaf0af81959334,Early Blight
Z:\Projects\Smart-Farming\Datasets\final_combined_datasets\PLCE\EB\PLCE_EB_1429.jpg,Potato,EB,closed,be4cf4ae82b487b0,Early Blight
Z:\Projects\Smart-Farming\Datasets\final_combined_datasets\PLCE\EB\PLCE_EB_1430.jpg,Potato,EB,closed,fae0b505d2e7c216,Early Blight
Z:\Projects\Smart-Farming\Datasets\final_combined_datasets\PLCE\EB\PLCE_EB_1431.jpg,Potato,EB,closed,abe2b0a5d0958f9a,Early Blight
Z:\Projects\Smart-Farming\Datasets\final_combined_datasets\PLCE\EB\PLCE_EB_1432.jpg,Potato,EB,closed,bed4b0d0d04b8b6d,Early Blight
Z:\Projects\Smart-Farming\Datasets\final_combined_datasets\PLCE\EB\PLCE_EB_1433.jpg,Potato,EB,closed,ae9fa4b894c0dac3,Early Blight
Z:\Projects\Smart-Farming\Datasets\final_combined_datasets\PLCE\EB\PLCE_EB_1434.jpg,Potato,EB,closed,bae3b142d30b8b2d,Early Blight
Z:\Projects\Smart-Farming\Datasets\final_combined_datasets\PLCE\EB\PLCE_EB_1435.jpg,Potato,EB,closed,abc29587d03fc874,Early Blight
Z:\Projects\Smart-Farming\Datasets\final_combined_datasets\PLCE\EB\PLCE_EB_1436.jpg,Potato,EB,closed,ffb0b082d2d3c28b,Early Blight
Z:\Projects\Smart-Farming\Datasets\final_combined_datasets\PLCE\EB\PLCE_EB_1437.jpg,Potato,EB,closed,aaecb128d1b583b6,Early Blight
Z:\Projects\Smart-Farming\Datasets\final_combined_datasets\PLCE\EB\PLCE_EB_1438.jpg,Potato,EB,closed,eac2e00a87ad9f99,Early Blight
Z:\Projects\Smart-Farming\Datasets\final_combined_datasets\PLCE\EB\PLCE_EB_1439.jpg,Potato,EB,closed,aaecb5acd0b4c392,Early Blight
Z:\Projects\Smart-Farming\Datasets\final_combined_datasets\PLCE\EB\PLCE_EB_1440.jpg,Potato,EB,closed,bbc4e4ac86159f32,Early Blight
Z:\Projects\Smart-Farming\Datasets\final_combined_datasets\PLCE\EB\PLCE_EB_1441.jpg,Potato,EB,closed,aa1da1f097839673,Early Blight
Z:\Projects\Smart-Farming\Datasets\final_combined_datasets\PLCE\EB\PLCE_EB_1442.jpg,Potato,EB,closed,afbcb452d04ac16d,Early Blight
Z:\Projects\Smart-Farming\Datasets\final_combined_datasets\PLCE\EB\PLCE_EB_1443.jpg,Potato,EB,closed,bbc1b183d12f4a3c,Early Blight
Z:\Projects\Smart-Farming\Datasets\final_combined_datasets\PLCE\EB\PLCE_EB_1444.jpg,Potato,EB,closed,eab5e5f0c6038647,Early Blight
Z:\Projects\Smart-Farming\Datasets\final_combined_datasets\PLCE\EB\PLCE_EB_1445.jpg,Potato,EB,closed,eab7e1f087838616,Early Blight
Z:\Projects\Smart-Farming\Datasets\final_combined_datasets\PLCE\EB\PLCE_EB_1446.jpg,Potato,EB,closed,ea89e4e887159eb8,Early Blight
Z:\Projects\Smart-Farming\Datasets\final_combined_datasets\PLCE\EB\PLCE_EB_1447.jpg,Potato,EB,closed,ffe4f401d087c296,Early Blight
Z:\Projects\Smart-Farming\Datasets\final_combined_datasets\PLCE\EB\PLCE_EB_1448.jpg,Potato,EB,closed,aee8b461d4e583a5,Early Blight
Z:\Projects\Smart-Farming\Datasets\final_combined_datasets\PLCE\EB\PLCE_EB_1449.jpg,Potato,EB,closed,aaccb5a6d2b68a92,Early Blight
Z:\Projects\Smart-Farming\Datasets\final_combined_datasets\PLCE\EB\PLCE_EB_1450.jpg,Potato,EB,closed,baf9b081d3824bdc,Early Blight
Z:\Projects\Smart-Farming\Datasets\final_combined_datasets\PLCE\EB\PLCE_EB_1451.jpg,Potato,EB,closed,aa03b47f90a1db17,Early Blight
Z:\Projects\Smart-Farming\Datasets\final_combined_datasets\PLCE\EB\PLCE_EB_1452.jpg,Potato,EB,closed,bb06a1f69702d26b,Early Blight
Z:\Projects\Smart-Farming\Datasets\final_combined_datasets\PLCE\EB\PLCE_EB_1453.jpg,Potato,EB,closed,afc6e40d853e9638,Early Blight
Z:\Projects\Smart-Farming\Datasets\final_combined_datasets\PLCE\EB\PLCE_EB_1454.jpg,Potato,EB,closed,aee4a5c4d44ed22e,Early Blight
Z:\Projects\Smart-Farming\Datasets\final_combined_datasets\PLCE\EB\PLCE_EB_1455.jpg,Potato,EB,closed,ea56e02a875f94a9,Early Blight
Z:\Projects\Smart-Farming\Datasets\final_combined_datasets\PLCE\EB\PLCE_EB_1456.jpg,Potato,EB,closed,afa4e456822a9f3c,Early Blight
Z:\Projects\Smart-Farming\Datasets\final_combined_datasets\PLCE\EB\PLCE_EB_1457.jpg,Potato,EB,closed,aea7a474d7e0d2c0,Early Blight
Z:\Projects\Smart-Farming\Datasets\final_combined_datasets\PLCE\EB\PLCE_EB_1458.jpg,Potato,EB,closed,b896a192d7daca19,Early Blight
Z:\Projects\Smart-Farming\Datasets\final_combined_datasets\PLCE\EB\PLCE_EB_1459.jpg,Potato,EB,closed,eae9e0c9850d9db8,Early Blight
Z:\Projects\Smart-Farming\Datasets\final_combined_datasets\PLCE\EB\PLCE_EB_1460.jpg,Potato,EB,closed,aab1b1d2c3ca8d4d,Early Blight
Z:\Projects\Smart-Farming\Datasets\final_combined_datasets\PLCE\EB\PLCE_EB_1461.jpg,Potato,EB,closed,fac2a12f83f59614,Early Blight
Z:\Projects\Smart-Farming\Datasets\final_combined_datasets\PLCE\EB\PLCE_EB_1462.jpg,Potato,EB,closed,aa91b153c34acf69,Early Blight
Z:\Projects\Smart-Farming\Datasets\final_combined_datasets\PLCE\EB\PLCE_EB_1463.jpg,Potato,EB,closed,afd2b4b6c194cb42,Early Blight
Z:\Projects\Smart-Farming\Datasets\final_combined_datasets\PLCE\EB\PLCE_EB_1464.jpg,Potato,EB,closed,aa53a5aac255d7a8,Early Blight
Z:\Projects\Smart-Farming\Datasets\final_combined_datasets\PLCE\EB\PLCE_EB_1465.jpg,Potato,EB,closed,eae1e5c58502973e,Early Blight
Z:\Projects\Smart-Farming\Datasets\final_combined_datasets\PLCE\EB\PLCE_EB_1466.jpg,Potato,EB,closed,fa1fa0f095f194a2,Early Blight
Z:\Projects\Smart-Farming\Datasets\final_combined_datasets\PLCE\EB\PLCE_EB_1467.jpg,Potato,EB,closed,aa0ea5f497f2d043,Early Blight
Z:\Projects\Smart-Farming\Datasets\final_combined_datasets\PLCE\EB\PLCE_EB_1468.jpg,Potato,EB,closed,aa2995fcd69292a3,Early Blight
Z:\Projects\Smart-Farming\Datasets\final_combined_datasets\PLCE\EB\PLCE_EB_1469.jpg,Potato,EB,closed,fab5a08287f78703,Early Blight
Z:\Projects\Smart-Farming\Datasets\final_combined_datasets\PLCE\EB\PLCE_EB_1470.jpg,Potato,EB,closed,be9da1c8d66c4a25,Early Blight
Z:\Projects\Smart-Farming\Datasets\final_combined_datasets\PLCE\EB\PLCE_EB_1471.jpg,Potato,EB,closed,aa9db1b8c5b194d1,Early Blight
Z:\Projects\Smart-Farming\Datasets\final_combined_datasets\PLCE\EB\PLCE_EB_1472.jpg,Potato,EB,closed,eacca1ec97b41a32,Early Blight
Z:\Projects\Smart-Farming\Datasets\final_combined_datasets\PLCE\EB\PLCE_EB_1473.jpg,Potato,EB,closed,aa52b503958f9e3c,Early Blight
Z:\Projects\Smart-Farming\Datasets\final_combined_datasets\PLCE\EB\PLCE_EB_1474.jpg,Potato,EB,closed,bf49f02dc036c732,Early Blight
Z:\Projects\Smart-Farming\Datasets\final_combined_datasets\PLCE\EB\PLCE_EB_1475.jpg,Potato,EB,closed,fac6e08a854d9e9c,Early Blight
Z:\Projects\Smart-Farming\Datasets\final_combined_datasets\PLCE\EB\PLCE_EB_1476.jpg,Potato,EB,closed,ff07b0ded040c3e4,Early Blight
Z:\Projects\Smart-Farming\Datasets\final_combined_datasets\PLCE\EB\PLCE_EB_1477.jpg,Potato,EB,closed,abc0e589951fd23c,Early Blight
Z:\Projects\Smart-Farming\Datasets\final_combined_datasets\PLCE\EB\PLCE_EB_1478.jpg,Potato,EB,closed,ea8be1aa85019ebd,Early Blight
Z:\Projects\Smart-Farming\Datasets\final_combined_datasets\PLCE\EB\PLCE_EB_1479.jpg,Potato,EB,closed,bee0b5f2d042d247,Early Blight
Z:\Projects\Smart-Farming\Datasets\final_combined_datasets\PLCE\EB\PLCE_EB_1480.jpg,Potato,EB,closed,eec8b4adc294c36a,Early Blight
Z:\Projects\Smart-Farming\Datasets\final_combined_datasets\PLCE\EB\PLCE_EB_1481.jpg,Potato,EB,closed,afbda4f885c0d2c1,Early Blight
Z:\Projects\Smart-Farming\Datasets\final_combined_datasets\PLCE\EB\PLCE_EB_1482.jpg,Potato,EB,closed,abb1e193910acb7c,Early Blight
Z:\Projects\Smart-Farming\Datasets\final_combined_datasets\PLCE\EB\PLCE_EB_1483.jpg,Potato,EB,closed,eadae5a9868194c7,Early Blight
Z:\Projects\Smart-Farming\Datasets\final_combined_datasets\PLCE\EB\PLCE_EB_1484.jpg,Potato,EB,closed,af0fb43dd2548b22,Early Blight
Z:\Projects\Smart-Farming\Datasets\final_combined_datasets\PLCE\EB\PLCE_EB_1485.jpg,Potato,EB,closed,aa15e53a87b29752,Early Blight
Z:\Projects\Smart-Farming\Datasets\final_combined_datasets\PLCE\EB\PLCE_EB_1486.jpg,Potato,EB,closed,aa5fa4689735d270,Early Blight
Z:\Projects\Smart-Farming\Datasets\final_combined_datasets\PLCE\EB\PLCE_EB_1487.jpg,Potato,EB,closed,baf0a014977edae0,Early Blight
Z:\Projects\Smart-Farming\Datasets\final_combined_datasets\PLCE\EB\PLCE_EB_1488.jpg,Potato,EB,closed,afc4e509c417ce9c,Early Blight
Z:\Projects\Smart-Farming\Datasets\final_combined_datasets\PLCE\EB\PLCE_EB_1489.jpg,Potato,EB,closed,af15f47ed228d241,Early Blight
Z:\Projects\Smart-Farming\Datasets\final_combined_datasets\PLCE\EB\PLCE_EB_1490.jpg,Potato,EB,closed,bf29b450d22ad32d,Early Blight
Z:\Projects\Smart-Farming\Datasets\final_combined_datasets\PLCE\EB\PLCE_EB_1491.jpg,Potato,EB,closed,bf1bd068cb658d06,Early Blight
Z:\Projects\Smart-Farming\Datasets\final_combined_datasets\PLCE\EB\PLCE_EB_1492.jpg,Potato,EB,closed,baf8b1a8d0b48b96,Early Blight
Z:\Projects\Smart-Farming\Datasets\final_combined_datasets\PLCE\EB\PLCE_EB_1493.jpg,Potato,EB,closed,eacba90b951b9239,Early Blight
Z:\Projects\Smart-Farming\Datasets\final_combined_datasets\PLCE\EB\PLCE_EB_1494.jpg,Potato,EB,closed,abe6f496d20b8a58,Early Blight
Z:\Projects\Smart-Farming\Datasets\final_combined_datasets\PLCE\EB\PLCE_EB_1495.jpg,Potato,EB,closed,aecaf1adc0b583b0,Early Blight
Z:\Projects\Smart-Farming\Datasets\final_combined_datasets\PLCE\EB\PLCE_EB_1496.jpg,Potato,EB,closed,aad2e13385c79e38,Early Blight
Z:\Projects\Smart-Farming\Datasets\final_combined_datasets\PLCE\EB\PLCE_EB_1497.jpg,Potato,EB,closed,faa8e0b085839cdf,Early Blight
Z:\Projects\Smart-Farming\Datasets\final_combined_datasets\PLCE\EB\PLCE_EB_1498.jpg,Potato,EB,closed,abb5f152c16a8f41,Early Blight
Z:\Projects\Smart-Farming\Datasets\final_combined_datasets\PLCE\EB\PLCE_EB_1499.jpg,Potato,EB,closed,aba9e5dcd5a0c285,Early Blight
Z:\Projects\Smart-Farming\Datasets\final_combined_datasets\PLCE\EB\PLCE_EB_1500.jpg,Potato,EB,closed,afbbe4f2c48086c3,Early Blight
Z:\Projects\Smart-Farming\Datasets\final_combined_datasets\PLCE\EB\PLCE_EB_1501.jpg,Potato,EB,closed,ff95b4dad008cac8,Early Blight
Z:\Projects\Smart-Farming\Datasets\final_combined_datasets\PLCE\EB\PLCE_EB_1502.jpg,Potato,EB,closed,af0db55e9228d1ac,Early Blight
Z:\Projects\Smart-Farming\Datasets\final_combined_datasets\PLCE\EB\PLCE_EB_1503.jpg,Potato,EB,closed,bfe3b021d035c3b2,Early Blight
Z:\Projects\Smart-Farming\Datasets\final_combined_datasets\PLCE\EB\PLCE_EB_1504.jpg,Potato,EB,closed,bfe3e00e83188ef8,Early Blight
Z:\Projects\Smart-Farming\Datasets\final_combined_datasets\PLCE\EB\PLCE_EB_1505.jpg,Potato,EB,closed,ba0fb4fcd25482aa,Early Blight
Z:\Projects\Smart-Farming\Datasets\final_combined_datasets\PLCE\EB\PLCE_EB_1506.jpg,Potato,EB,closed,ea9ea1b895d0c6d2,Early Blight
Z:\Projects\Smart-Farming\Datasets\final_combined_datasets\PLCE\EB\PLCE_EB_1507.jpg,Potato,EB,closed,aa1ff07ea150978a,Early Blight
Z:\Projects\Smart-Farming\Datasets\final_combined_datasets\PLCE\EB\PLCE_EB_1508.jpg,Potato,EB,closed,eac8e1dc87289f31,Early Blight
Z:\Projects\Smart-Farming\Datasets\final_combined_datasets\PLCE\EB\PLCE_EB_1509.jpg,Potato,EB,closed,aadae5ba84e195c1,Early Blight
Z:\Projects\Smart-Farming\Datasets\final_combined_datasets\PLCE\EB\PLCE_EB_1510.jpg,Potato,EB,closed,efc6e0a286549e3a,Early Blight
Z:\Projects\Smart-Farming\Datasets\final_combined_datasets\PLCE\EB\PLCE_EB_1511.jpg,Potato,EB,closed,ae9fe0f885d0c6c1,Early Blight
Z:\Projects\Smart-Farming\Datasets\final_combined_datasets\PLCE\EB\PLCE_EB_1512.jpg,Potato,EB,closed,ffa8b550d0aad215,Early Blight
Z:\Projects\Smart-Farming\Datasets\final_combined_datasets\PLCE\EB\PLCE_EB_1513.jpg,Potato,EB,closed,af9db0fed1d082c0,Early Blight
Z:\Projects\Smart-Farming\Datasets\final_combined_datasets\PLCE\EB\PLCE_EB_1514.jpg,Potato,EB,closed,ffb8b4d89088d389,Early Blight
Z:\Projects\Smart-Farming\Datasets\final_combined_datasets\PLCE\EB\PLCE_EB_1515.jpg,Potato,EB,closed,ff97b4d090a9c149,Early Blight
Z:\Projects\Smart-Farming\Datasets\final_combined_datasets\PLCE\EB\PLCE_EB_1516.jpg,Potato,EB,closed,bfceb4a4d054d0aa,Early Blight
Z:\Projects\Smart-Farming\Datasets\final_combined_datasets\PLCE\EB\PLCE_EB_1517.jpg,Potato,EB,closed,bbf0a112d50bda1d,Early Blight
Z:\Projects\Smart-Farming\Datasets\final_combined_datasets\PLCE\EB\PLCE_EB_1518.jpg,Potato,EB,closed,eae1e11785fe9418,Early Blight
Z:\Projects\Smart-Farming\Datasets\final_combined_datasets\PLCE\EB\PLCE_EB_1519.jpg,Potato,EB,closed,ab97a59ad4d0d2d0,Early Blight
Z:\Projects\Smart-Farming\Datasets\final_combined_datasets\PLCE\EB\PLCE_EB_1520.jpg,Potato,EB,closed,ff97b0dad2e88201,Early Blight
Z:\Projects\Smart-Farming\Datasets\final_combined_datasets\PLCE\EB\PLCE_EB_1521.jpg,Potato,EB,closed,ae9ee4d0c6c88ec9,Early Blight
Z:\Projects\Smart-Farming\Datasets\final_combined_datasets\PLCE\EB\PLCE_EB_1522.jpg,Potato,EB,closed,ab48e50bd77c8e50,Early Blight
Z:\Projects\Smart-Farming\Datasets\final_combined_datasets\PLCE\EB\PLCE_EB_1523.jpg,Potato,EB,closed,aa25e50b834ecf3c,Early Blight
Z:\Projects\Smart-Farming\Datasets\final_combined_datasets\PLCE\EB\PLCE_EB_1524.jpg,Potato,EB,closed,aa4ae02f83b587dc,Early Blight
Z:\Projects\Smart-Farming\Datasets\final_combined_datasets\PLCE\EB\PLCE_EB_1525.jpg,Potato,EB,closed,be50b52b926dd314,Early Blight
Z:\Projects\Smart-Farming\Datasets\final_combined_datasets\PLCE\EB\PLCE_EB_1526.jpg,Potato,EB,closed,aacaf1ad82a48797,Early Blight
Z:\Projects\Smart-Farming\Datasets\final_combined_datasets\PLCE\EB\PLCE_EB_1527.jpg,Potato,EB,closed,bae4a486951eda39,Early Blight
Z:\Projects\Smart-Farming\Datasets\final_combined_datasets\PLCE\EB\PLCE_EB_1528.jpg,Potato,EB,closed,aa3fe0f085419ec7,Early Blight
Z:\Projects\Smart-Farming\Datasets\final_combined_datasets\PLCE\EB\PLCE_EB_1529.jpg,Potato,EB,closed,be9ba0d3c460ce65,Early Blight
Z:\Projects\Smart-Farming\Datasets\final_combined_datasets\PLCE\EB\PLCE_EB_1530.jpg,Potato,EB,closed,baece544c2be1e90,Early Blight
Z:\Projects\Smart-Farming\Datasets\final_combined_datasets\PLCE\EB\PLCE_EB_1531.jpg,Potato,EB,closed,eac5a5ec8704da3c,Early Blight
Z:\Projects\Smart-Farming\Datasets\final_combined_datasets\PLCE\EB\PLCE_EB_1532.jpg,Potato,EB,closed,bae2a403d61bcaf8,Early Blight
Z:\Projects\Smart-Farming\Datasets\final_combined_datasets\PLCE\EB\PLCE_EB_1533.jpg,Potato,EB,closed,aaf4e504855e9e78,Early Blight
Z:\Projects\Smart-Farming\Datasets\final_combined_datasets\PLCE\EB\PLCE_EB_1534.jpg,Potato,EB,closed,aef2e007855e9e4a,Early Blight
Z:\Projects\Smart-Farming\Datasets\final_combined_datasets\PLCE\EB\PLCE_EB_1535.jpg,Potato,EB,closed,ff4bb0add2d4c102,Early Blight
Z:\Projects\Smart-Farming\Datasets\final_combined_datasets\PLCE\EB\PLCE_EB_1536.jpg,Potato,EB,closed,ffb4e0d2c28a838d,Early Blight
Z:\Projects\Smart-Farming\Datasets\final_combined_datasets\PLCE\EB\PLCE_EB_1537.jpg,Potato,EB,closed,aa60e10f85ff943c,Early Blight
Z:\Projects\Smart-Farming\Datasets\final_combined_datasets\PLCE\EB\PLCE_EB_1538.jpg,Potato,EB,closed,ebc0a0afd7fc9600,Early Blight
Z:\Projects\Smart-Farming\Datasets\final_combined_datasets\PLCE\EB\PLCE_EB_1539.jpg,Potato,EB,closed,ea96e4f085c29ec3,Early Blight
Z:\Projects\Smart-Farming\Datasets\final_combined_datasets\PLCE\EB\PLCE_EB_1540.jpg,Potato,EB,closed,bb5ab1b89394d582,Early Blight
Z:\Projects\Smart-Farming\Datasets\final_combined_datasets\PLCE\EB\PLCE_EB_1541.jpg,Potato,EB,closed,aabbadf4d0c2904d,Early Blight
Z:\Projects\Smart-Farming\Datasets\final_combined_datasets\PLCE\EB\PLCE_EB_1542.jpg,Potato,EB,closed,ff95b01ed0f8c288,Early Blight
Z:\Projects\Smart-Farming\Datasets\final_combined_datasets\PLCE\EB\PLCE_EB_1543.jpg,Potato,EB,closed,ffbcb41ad049c2a8,Early Blight
Z:\Projects\Smart-Farming\Datasets\final_combined_datasets\PLCE\EB\PLCE_EB_1544.jpg,Potato,EB,closed,f8b0e0958752d66b,Early Blight
Z:\Projects\Smart-Farming\Datasets\final_combined_datasets\PLCE\EB\PLCE_EB_1545.jpg,Potato,EB,closed,bfe2f0a1c093859b,Early Blight
Z:\Projects\Smart-Farming\Datasets\final_combined_datasets\PLCE\EB\PLCE_EB_1546.jpg,Potato,EB,closed,aa99e4ba85d097c3,Early Blight
Z:\Projects\Smart-Farming\Datasets\final_combined_datasets\PLCE\EB\PLCE_EB_1547.jpg,Potato,EB,closed,fef0e102c7ed0698,Early Blight
Z:\Projects\Smart-Farming\Datasets\final_combined_datasets\PLCE\EB\PLCE_EB_1548.jpg,Potato,EB,closed,ae0bb57dd2a0c352,Early Blight
Z:\Projects\Smart-Farming\Datasets\final_combined_datasets\PLCE\EB\PLCE_EB_1549.jpg,Potato,EB,closed,bbcaf0ad81a5c594,Early Blight
Z:\Projects\Smart-Farming\Datasets\final_combined_datasets\PLCE\EB\PLCE_EB_1550.jpg,Potato,EB,closed,eae2e50f94bc84d4,Early Blight
Z:\Projects\Smart-Farming\Datasets\final_combined_datasets\PLCE\EB\PLCE_EB_1551.jpg,Potato,EB,closed,fec2e0af83949e88,Early Blight
Z:\Projects\Smart-Farming\Datasets\final_combined_datasets\PLCE\EB\PLCE_EB_1552.jpg,Potato,EB,closed,fa86e0f8850186ff,Early Blight
Z:\Projects\Smart-Farming\Datasets\final_combined_datasets\PLCE\EB\PLCE_EB_1553.jpg,Potato,EB,closed,ffbff05081d08d41,Early Blight
Z:\Projects\Smart-Farming\Datasets\final_combined_datasets\PLCE\EB\PLCE_EB_1554.jpg,Potato,EB,closed,ffb0e053c14ac3a9,Early Blight
Z:\Projects\Smart-Farming\Datasets\final_combined_datasets\PLCE\EB\PLCE_EB_1555.jpg,Potato,EB,closed,eaeae50586fd9c80,Early Blight
Z:\Projects\Smart-Farming\Datasets\final_combined_datasets\PLCE\EB\PLCE_EB_1556.jpg,Potato,EB,closed,fe07e056c34a836b,Early Blight
Z:\Projects\Smart-Farming\Datasets\final_combined_datasets\PLCE\EB\PLCE_EB_1557.jpg,Potato,EB,closed,eacab08795bd9a30,Early Blight
Z:\Projects\Smart-Farming\Datasets\final_combined_datasets\PLCE\EB\PLCE_EB_1558.jpg,Potato,EB,closed,bab1b1d2c14acd6c,Early Blight
Z:\Projects\Smart-Farming\Datasets\final_combined_datasets\PLCE\EB\PLCE_EB_1559.jpg,Potato,EB,closed,efb5e052c3ca8b81,Early Blight
Z:\Projects\Smart-Farming\Datasets\final_combined_datasets\PLCE\EB\PLCE_EB_1560.jpg,Potato,EB,closed,aacaf1edd4e48a84,Early Blight
Z:\Projects\Smart-Farming\Datasets\final_combined_datasets\PLCE\EB\PLCE_EB_1561.jpg,Potato,EB,closed,eae2e50787be9610,Early Blight
Z:\Projects\Smart-Farming\Datasets\final_combined_datasets\PLCE\EB\PLCE_EB_1562.jpg,Potato,EB,closed,affba4b0c45286d2,Early Blight
Z:\Projects\Smart-Farming\Datasets\final_combined_datasets\PLCE\EB\PLCE_EB_1563.jpg,Potato,EB,closed,bb9eb1bc91d0d2c0,Early Blight
Z:\Projects\Smart-Farming\Datasets\final_combined_datasets\PLCE\EB\PLCE_EB_1564.jpg,Potato,EB,closed,eaf3a083961e9a78,Early Blight
Z:\Projects\Smart-Farming\Datasets\final_combined_datasets\PLCE\EB\PLCE_EB_1565.jpg,Potato,EB,closed,eac8e0c985a99fa5,Early Blight
Z:\Projects\Smart-Farming\Datasets\final_combined_datasets\PLCE\EB\PLCE_EB_1566.jpg,Potato,EB,closed,bacfb4a39085c396,Early Blight
Z:\Projects\Smart-Farming\Datasets\final_combined_datasets\PLCE\EB\PLCE_EB_1567.jpg,Potato,EB,closed,aee8bda095c59287,Early Blight
Z:\Projects\Smart-Farming\Datasets\final_combined_datasets\PLCE\EB\PLCE_EB_1568.jpg,Potato,EB,closed,bf95d896804acdac,Early Blight
Z:\Projects\Smart-Farming\Datasets\final_combined_datasets\PLCE\EB\PLCE_EB_1569.jpg,Potato,EB,closed,abe8b1a991959716,Early Blight
Z:\Projects\Smart-Farming\Datasets\final_combined_datasets\PLCE\EB\PLCE_EB_1570.jpg,Potato,EB,closed,ab2ea1f4870296e7,Early Blight
Z:\Projects\Smart-Farming\Datasets\final_combined_datasets\PLCE\EB\PLCE_EB_1571.jpg,Potato,EB,closed,ab94a57285c296eb,Early Blight
Z:\Projects\Smart-Farming\Datasets\final_combined_datasets\PLCE\EB\PLCE_EB_1572.jpg,Potato,EB,closed,aac2a0cfd00f9f2d,Early Blight
Z:\Projects\Smart-Farming\Datasets\final_combined_datasets\PLCE\EB\PLCE_EB_1573.jpg,Potato,EB,closed,aab5a5d095f2d243,Early Blight
Z:\Projects\Smart-Farming\Datasets\final_combined_datasets\PLCE\EB\PLCE_EB_1574.jpg,Potato,EB,closed,ea96e1d88701967b,Early Blight
Z:\Projects\Smart-Farming\Datasets\final_combined_datasets\PLCE\EB\PLCE_EB_1575.jpg,Potato,EB,closed,aaa6e4c2855e975a,Early Blight
Z:\Projects\Smart-Farming\Datasets\final_combined_datasets\PLCE\EB\PLCE_EB_1576.jpg,Potato,EB,closed,fa8ce1ec850486df,Early Blight
Z:\Projects\Smart-Farming\Datasets\final_combined_datasets\PLCE\EB\PLCE_EB_1577.jpg,Potato,EB,closed,eae2e10f85fc9628,Early Blight
Z:\Projects\Smart-Farming\Datasets\final_combined_datasets\PLCE\EB\PLCE_EB_1578.jpg,Potato,EB,closed,eac2e0aa83a59f96,Early Blight
Z:\Projects\Smart-Farming\Datasets\final_combined_datasets\PLCE\EB\PLCE_EB_1579.jpg,Potato,EB,closed,aa4bb1e7d5a582a4,Early Blight
Z:\Projects\Smart-Farming\Datasets\final_combined_datasets\PLCE\EB\PLCE_EB_1580.jpg,Potato,EB,closed,fae0a187950e947e,Early Blight
Z:\Projects\Smart-Farming\Datasets\final_combined_datasets\PLCE\EB\PLCE_EB_1581.jpg,Potato,EB,closed,aa9ba5f0958286d7,Early Blight
Z:\Projects\Smart-Farming\Datasets\final_combined_datasets\PLCE\EB\PLCE_EB_1582.jpg,Potato,EB,closed,fae0a18f95bc90d4,Early Blight
Z:\Projects\Smart-Farming\Datasets\final_combined_datasets\PLCE\EB\PLCE_EB_1583.jpg,Potato,EB,closed,ebeda08d850d963c,Early Blight
Z:\Projects\Smart-Farming\Datasets\final_combined_datasets\PLCE\EB\PLCE_EB_1584.jpg,Potato,EB,closed,ffbdf050c0a8c781,Early Blight
Z:\Projects\Smart-Farming\Datasets\final_combined_datasets\PLCE\EB\PLCE_EB_1585.jpg,Potato,EB,closed,beeab081d094daf2,Early Blight
Z:\Projects\Smart-Farming\Datasets\final_combined_datasets\PLCE\EB\PLCE_EB_1586.jpg,Potato,EB,closed,feaaa0f48186dac6,Early Blight
Z:\Projects\Smart-Farming\Datasets\final_combined_datasets\PLCE\EB\PLCE_EB_1587.jpg,Potato,EB,closed,eacae08a879d9f90,Early Blight
Z:\Projects\Smart-Farming\Datasets\final_combined_datasets\PLCE\EB\PLCE_EB_1588.jpg,Potato,EB,closed,fa8ee0d8878886fc,Early Blight
Z:\Projects\Smart-Farming\Datasets\final_combined_datasets\PLCE\EB\PLCE_EB_1589.jpg,Potato,EB,closed,aa34e0e9857bd741,Early Blight
Z:\Projects\Smart-Farming\Datasets\final_combined_datasets\PLCE\EB\PLCE_EB_1590.jpg,Potato,EB,closed,ae9dd45ac96894e4,Early Blight
Z:\Projects\Smart-Farming\Datasets\final_combined_datasets\PLCE\EB\PLCE_EB_1591.jpg,Potato,EB,closed,aa99b1d1c2db8b29,Early Blight
Z:\Projects\Smart-Farming\Datasets\final_combined_datasets\PLCE\EB\PLCE_EB_1592.jpg,Potato,EB,closed,aab1b552c26a9b69,Early Blight
Z:\Projects\Smart-Farming\Datasets\final_combined_datasets\PLCE\EB\PLCE_EB_1593.jpg,Potato,EB,closed,faa8b055904ad3eb,Early Blight
Z:\Projects\Smart-Farming\Datasets\final_combined_datasets\PLCE\EB\PLCE_EB_1594.jpg,Potato,EB,closed,ebca810f99bc9992,Early Blight
Z:\Projects\Smart-Farming\Datasets\final_combined_datasets\PLCE\EB\PLCE_EB_1595.jpg,Potato,EB,closed,ffa5a0ded0ca8219,Early Blight
Z:\Projects\Smart-Farming\Datasets\final_combined_datasets\PLCE\EB\PLCE_EB_1596.jpg,Potato,EB,closed,aa96c5f096039aeb,Early Blight
Z:\Projects\Smart-Farming\Datasets\final_combined_datasets\PLCE\EB\PLCE_EB_1597.jpg,Potato,EB,closed,fd83f010c0abcb5e,Early Blight
Z:\Projects\Smart-Farming\Datasets\final_combined_datasets\PLCE\EB\PLCE_EB_1598.jpg,Potato,EB,closed,ab95f05a8169876d,Early Blight
Z:\Projects\Smart-Farming\Datasets\final_combined_datasets\PLCE\EB\PLCE_EB_1599.jpg,Potato,EB,closed,faa5a1fcd302826b,Early Blight
Z:\Projects\Smart-Farming\Datasets\final_combined_datasets\PLCE\EB\PLCE_EB_1600.jpg,Potato,EB,closed,ed9ee0b0c2c28f1b,Early Blight
Z:\Projects\Smart-Farming\Datasets\final_combined_datasets\PLCE\EB\PLCE_EB_1601.jpg,Potato,EB,closed,ad1af23dd250cf60,Early Blight
Z:\Projects\Smart-Farming\Datasets\final_combined_datasets\PLCE\EB\PLCE_EB_1602.jpg,Potato,EB,closed,bb8fb1be9160d2c0,Early Blight
Z:\Projects\Smart-Farming\Datasets\final_combined_datasets\PLCE\EB\PLCE_EB_1603.jpg,Potato,EB,closed,ba9eb0bc9290dbc2,Early Blight
Z:\Projects\Smart-Farming\Datasets\final_combined_datasets\PLCE\EB\PLCE_EB_1604.jpg,Potato,EB,closed,afbda4d8c068cba1,Early Blight
Z:\Projects\Smart-Farming\Datasets\final_combined_datasets\PLCE\EB\PLCE_EB_1605.jpg,Potato,EB,closed,fbc0b19f921ccb60,Early Blight
Z:\Projects\Smart-Farming\Datasets\final_combined_datasets\PLCE\EB\PLCE_EB_1606.jpg,Potato,EB,closed,bbe0b187921fca38,Early Blight
Z:\Projects\Smart-Farming\Datasets\final_combined_datasets\PLCE\EB\PLCE_EB_1607.jpg,Potato,EB,closed,bacbb0eb95e192a0,Early Blight
Z:\Projects\Smart-Farming\Datasets\final_combined_datasets\PLCE\EB\PLCE_EB_1608.jpg,Potato,EB,closed,aec6d5cc82681b3d,Early Blight
Z:\Projects\Smart-Farming\Datasets\final_combined_datasets\PLCE\EB\PLCE_EB_1609.jpg,Potato,EB,closed,efa1d09682be8f18,Early Blight
Z:\Projects\Smart-Farming\Datasets\final_combined_datasets\PLCE\EB\PLCE_EB_1610.jpg,Potato,EB,closed,ea84c5d097039efa,Early Blight
Z:\Projects\Smart-Farming\Datasets\final_combined_datasets\PLCE\EB\PLCE_EB_1611.jpg,Potato,EB,closed,afe2c4a6c2960fd8,Early Blight
Z:\Projects\Smart-Farming\Datasets\final_combined_datasets\PLCE\EB\PLCE_EB_1612.jpg,Potato,EB,closed,febaa06485d78782,Early Blight
Z:\Projects\Smart-Farming\Datasets\final_combined_datasets\PLCE\EB\PLCE_EB_1613.jpg,Potato,EB,closed,fac8a18d9794ce92,Early Blight
Z:\Projects\Smart-Farming\Datasets\final_combined_datasets\PLCE\EB\PLCE_EB_1614.jpg,Potato,EB,closed,bee3900fda3c8931,Early Blight
Z:\Projects\Smart-Farming\Datasets\final_combined_datasets\PLCE\EB\PLCE_EB_1615.jpg,Potato,EB,closed,bee2b4a1c097c71a,Early Blight
Z:\Projects\Smart-Farming\Datasets\final_combined_datasets\PLCE\EB\PLCE_EB_1616.jpg,Potato,EB,closed,be9cd05a8d6e9622,Early Blight
Z:\Projects\Smart-Farming\Datasets\final_combined_datasets\PLCE\EB\PLCE_EB_1617.jpg,Potato,EB,closed,ed18d0f882019fef,Early Blight
Z:\Projects\Smart-Farming\Datasets\final_combined_datasets\PLCE\EB\PLCE_EB_1618.jpg,Potato,EB,closed,ae42a1ab86959f3c,Early Blight
Z:\Projects\Smart-Farming\Datasets\final_combined_datasets\PLCE\EB\PLCE_EB_1619.jpg,Potato,EB,closed,bbc9911a9338cb74,Early Blight
Z:\Projects\Smart-Farming\Datasets\final_combined_datasets\PLCE\EB\PLCE_EB_1620.jpg,Potato,EB,closed,aacba1dd851a9e31,Early Blight
Z:\Projects\Smart-Farming\Datasets\final_combined_datasets\PLCE\EB\PLCE_EB_1621.jpg,Potato,EB,closed,ff97b45ad229c0c0,Early Blight
Z:\Projects\Smart-Farming\Datasets\final_combined_datasets\PLCE\EB\PLCE_EB_1622.jpg,Potato,EB,closed,aa48e10f857d9ea5,Early Blight
Z:\Projects\Smart-Farming\Datasets\final_combined_datasets\PLCE\EB\PLCE_EB_1623.jpg,Potato,EB,closed,bba1b1c293ba9b18,Early Blight
Z:\Projects\Smart-Farming\Datasets\final_combined_datasets\PLCE\EB\PLCE_EB_1624.jpg,Potato,EB,closed,bee290a5c297c59a,Early Blight
Z:\Projects\Smart-Farming\Datasets\final_combined_datasets\PLCE\EB\PLCE_EB_1625.jpg,Potato,EB,closed,afeac0a5c196859d,Early Blight
Z:\Projects\Smart-Farming\Datasets\final_combined_datasets\PLCE\EB\PLCE_EB_1626.jpg,Potato,EB,closed,bab8b098d20dcbec,Early Blight
Z:\Projects\Smart-Farming\Datasets\final_combined_datasets\PLCE\EB\PLCE_EB_1627.jpg,Potato,EB,closed,abb2b1b093c19acb,Early Blight
Z:\Projects\Smart-Farming\Datasets\final_combined_datasets\PLCE\EB\PLCE_EB_1628.jpg,Potato,EB,closed,bb8cb69bd079c068,Early Blight
Z:\Projects\Smart-Farming\Datasets\final_combined_datasets\PLCE\EB\PLCE_EB_1629.jpg,Potato,EB,closed,bf0bb0b5d2b2c950,Early Blight
Z:\Projects\Smart-Farming\Datasets\final_combined_datasets\PLCE\EB\PLCE_EB_1630.jpg,Potato,EB,closed,aacae48c87b59eb0,Early Blight
Z:\Projects\Smart-Farming\Datasets\final_combined_datasets\PLCE\EB\PLCE_EB_1631.jpg,Potato,EB,closed,afade048c2c8cfc5,Early Blight
Z:\Projects\Smart-Farming\Datasets\final_combined_datasets\PLCE\EB\PLCE_EB_1632.jpg,Potato,EB,closed,aae49546d2daca8d,Early Blight
Z:\Projects\Smart-Farming\Datasets\final_combined_datasets\PLCE\EB\PLCE_EB_1633.jpg,Potato,EB,closed,babc90c89ac16bcd,Early Blight
Z:\Projects\Smart-Farming\Datasets\final_combined_datasets\PLCE\EB\PLCE_EB_1634.jpg,Potato,EB,closed,beb3d042c7c2cb83,Early Blight
Z:\Projects\Smart-Farming\Datasets\final_combined_datasets\PLCE\EB\PLCE_EB_1635.jpg,Potato,EB,closed,aab1b5d2d21b9349,Early Blight
Z:\Projects\Smart-Farming\Datasets\final_combined_datasets\PLCE\EB\PLCE_EB_1636.jpg,Potato,EB,closed,afeeb4e0d0e4ca42,Early Blight
Z:\Projects\Smart-Farming\Datasets\final_combined_datasets\PLCE\EB\PLCE_EB_1637.jpg,Potato,EB,closed,abe6e5acc2069ab2,Early Blight
Z:\Projects\Smart-Farming\Datasets\final_combined_datasets\PLCE\EB\PLCE_EB_1638.jpg,Potato,EB,closed,abd2e492528f7a2c,Early Blight
Z:\Projects\Smart-Farming\Datasets\final_combined_datasets\PLCE\EB\PLCE_EB_1639.jpg,Potato,EB,closed,aee2842796e6cad2,Early Blight
Z:\Projects\Smart-Farming\Datasets\final_combined_datasets\PLCE\EB\PLCE_EB_1640.jpg,Potato,EB,closed,be62f0ad9216c378,Early Blight
Z:\Projects\Smart-Farming\Datasets\final_combined_datasets\PLCE\EB\PLCE_EB_1641.jpg,Potato,EB,closed,bbc2b1af90159f12,Early Blight
Z:\Projects\Smart-Farming\Datasets\final_combined_datasets\PLCE\EB\PLCE_EB_1642.jpg,Potato,EB,closed,e85285ac9615def2,Early Blight
Z:\Projects\Smart-Farming\Datasets\final_combined_datasets\PLCE\EB\PLCE_EB_1643.jpg,Potato,EB,closed,bac3e50a922f0a7d,Early Blight
Z:\Projects\Smart-Farming\Datasets\final_combined_datasets\PLCE\EB\PLCE_EB_1644.jpg,Potato,EB,closed,ffb1b450d0cbd109,Early Blight
Z:\Projects\Smart-Farming\Datasets\final_combined_datasets\PLCE\EB\PLCE_EB_1645.jpg,Potato,EB,closed,aaee81adc3c48f86,Early Blight
Z:\Projects\Smart-Farming\Datasets\final_combined_datasets\PLCE\EB\PLCE_EB_1646.jpg,Potato,EB,closed,b86d9145d3aacb54,Early Blight
Z:\Projects\Smart-Farming\Datasets\final_combined_datasets\PLCE\EB\PLCE_EB_1647.jpg,Potato,EB,closed,aac8f599927c8378,Early Blight
Z:\Projects\Smart-Farming\Datasets\final_combined_datasets\PLCE\EB\PLCE_EB_1648.jpg,Potato,EB,closed,bfa4f456d2aac054,Early Blight
Z:\Projects\Smart-Farming\Datasets\final_combined_datasets\PLCE\EB\PLCE_EB_1649.jpg,Potato,EB,closed,ff8db4f8d020d2c1,Early Blight
Z:\Projects\Smart-Farming\Datasets\final_combined_datasets\PLCE\EB\PLCE_EB_1650.jpg,Potato,EB,closed,aa95c15acf6a2d62,Early Blight
Z:\Projects\Smart-Farming\Datasets\final_combined_datasets\PLCE\EB\PLCE_EB_1651.jpg,Potato,EB,closed,af3394f2d2c20b87,Early Blight
Z:\Projects\Smart-Farming\Datasets\final_combined_datasets\PLCE\EB\PLCE_EB_1652.jpg,Potato,EB,closed,af84d05bca1ef528,Early Blight
Z:\Projects\Smart-Farming\Datasets\final_combined_datasets\PLCE\EB\PLCE_EB_1653.jpg,Potato,EB,closed,bae591d2ca898b1d,Early Blight
Z:\Projects\Smart-Farming\Datasets\final_combined_datasets\PLCE\EB\PLCE_EB_1654.jpg,Potato,EB,closed,aa95f1c3821f097e,Early Blight
Z:\Projects\Smart-Farming\Datasets\final_combined_datasets\PLCE\EB\PLCE_EB_1655.jpg,Potato,EB,closed,ffb0b49ad019c2a9,Early Blight
Z:\Projects\Smart-Farming\Datasets\final_combined_datasets\PLCE\EB\PLCE_EB_1656.jpg,Potato,EB,closed,ffe6b0a4d016c1b2,Early Blight
Z:\Projects\Smart-Farming\Datasets\final_combined_datasets\PLCE\EB\PLCE_EB_1657.jpg,Potato,EB,closed,ff8ab0add0f5c280,Early Blight
Z:\Projects\Smart-Farming\Datasets\final_combined_datasets\PLCE\EB\PLCE_EB_1658.jpg,Potato,EB,closed,feb5b4d290cad109,Early Blight
Z:\Projects\Smart-Farming\Datasets\final_combined_datasets\PLCE\EB\PLCE_EB_1659.jpg,Potato,EB,closed,ffeab4a4d055c00e,Early Blight
Z:\Projects\Smart-Farming\Datasets\final_combined_datasets\PLCE\EB\PLCE_EB_1660.jpg,Potato,EB,closed,fa97a1f8c57a9600,Early Blight
Z:\Projects\Smart-Farming\Datasets\final_combined_datasets\PLCE\EB\PLCE_EB_1661.jpg,Potato,EB,closed,ffbce45086f38a01,Early Blight
Z:\Projects\Smart-Farming\Datasets\final_combined_datasets\PLCE\EB\PLCE_EB_1662.jpg,Potato,EB,closed,aa95f552822b8f69,Early Blight
Z:\Projects\Smart-Farming\Datasets\final_combined_datasets\PLCE\EB\PLCE_EB_1663.jpg,Potato,EB,closed,bbd0e582d60f9a0d,Early Blight
Z:\Projects\Smart-Farming\Datasets\final_combined_datasets\PLCE\EB\PLCE_EB_1664.jpg,Potato,EB,closed,ffb5b0b2d0d0d282,Early Blight
Z:\Projects\Smart-Farming\Datasets\final_combined_datasets\PLCE\EB\PLCE_EB_1665.jpg,Potato,EB,closed,fec0a50fd4bd821c,Early Blight
Z:\Projects\Smart-Farming\Datasets\final_combined_datasets\PLCE\EB\PLCE_EB_1666.jpg,Potato,EB,closed,af36b590c2d3c2c9,Early Blight
Z:\Projects\Smart-Farming\Datasets\final_combined_datasets\PLCE\EB\PLCE_EB_1667.jpg,Potato,EB,closed,bec1d1036b1f6c34,Early Blight
Z:\Projects\Smart-Farming\Datasets\final_combined_datasets\PLCE\EB\PLCE_EB_1668.jpg,Potato,EB,closed,feb5e09085439f4a,Early Blight
Z:\Projects\Smart-Farming\Datasets\final_combined_datasets\PLCE\EB\PLCE_EB_1669.jpg,Potato,EB,closed,fec6a0a691b59b14,Early Blight
Z:\Projects\Smart-Farming\Datasets\final_combined_datasets\PLCE\EB\PLCE_EB_1670.jpg,Potato,EB,closed,ff1f85da8ac0c0a9,Early Blight
Z:\Projects\Smart-Farming\Datasets\final_combined_datasets\PLCE\EB\PLCE_EB_1671.jpg,Potato,EB,closed,aafdb5d0900ade0b,Early Blight
Z:\Projects\Smart-Farming\Datasets\final_combined_datasets\PLCE\EB\PLCE_EB_1672.jpg,Potato,EB,closed,ff0be07c872cc6a0,Early Blight
Z:\Projects\Smart-Farming\Datasets\final_combined_datasets\PLCE\EB\PLCE_EB_1673.jpg,Potato,EB,closed,aa95f4d2c08bc96d,Early Blight
Z:\Projects\Smart-Farming\Datasets\final_combined_datasets\PLCE\EB\PLCE_EB_1674.jpg,Potato,EB,closed,aac2b483909f9a9f,Early Blight
Z:\Projects\Smart-Farming\Datasets\final_combined_datasets\PLCE\EB\PLCE_EB_1675.jpg,Potato,EB,closed,af709581c21fcb8e,Early Blight
Z:\Projects\Smart-Farming\Datasets\final_combined_datasets\PLCE\EB\PLCE_EB_1676.jpg,Potato,EB,closed,bbc0e1039d1e6c6d,Early Blight
Z:\Projects\Smart-Farming\Datasets\final_combined_datasets\PLCE\EB\PLCE_EB_1677.jpg,Potato,EB,closed,b8d1b183923f9a78,Early Blight
Z:\Projects\Smart-Farming\Datasets\final_combined_datasets\PLCE\EB\PLCE_EB_1678.jpg,Potato,EB,closed,aab5bd92d88aca0d,Early Blight
Z:\Projects\Smart-Farming\Datasets\final_combined_datasets\PLCE\EB\PLCE_EB_1679.jpg,Potato,EB,closed,efc1b4c784ce9e08,Early Blight
Z:\Projects\Smart-Farming\Datasets\final_combined_datasets\PLCE\EB\PLCE_EB_1680.jpg,Potato,EB,closed,feafa090839587d4,Early Blight
Z:\Projects\Smart-Farming\Datasets\final_combined_datasets\PLCE\EB\PLCE_EB_1681.jpg,Potato,EB,closed,aa83f5bed442968a,Early Blight
Z:\Projects\Smart-Farming\Datasets\final_combined_datasets\PLCE\EB\PLCE_EB_1682.jpg,Potato,EB,closed,bf90f1c1c30a0f1f,Early Blight
Z:\Projects\Smart-Farming\Datasets\final_combined_datasets\PLCE\EB\PLCE_EB_1683.jpg,Potato,EB,closed,bec0b5c2975a2c39,Early Blight
Z:\Projects\Smart-Farming\Datasets\final_combined_datasets\PLCE\EB\PLCE_EB_1684.jpg,Potato,EB,closed,af19e5fa92c19a41,Early Blight
Z:\Projects\Smart-Farming\Datasets\final_combined_datasets\PLCE\EB\PLCE_EB_1685.jpg,Potato,EB,closed,bd28f0d5d28a8b1e,Early Blight
Z:\Projects\Smart-Farming\Datasets\final_combined_datasets\PLCE\EB\PLCE_EB_1686.jpg,Potato,EB,closed,bf80b0ffd0f0cac0,Early Blight
Z:\Projects\Smart-Farming\Datasets\final_combined_datasets\PLCE\EB\PLCE_EB_1687.jpg,Potato,EB,closed,fe91a0d697da8609,Early Blight
Z:\Projects\Smart-Farming\Datasets\final_combined_datasets\PLCE\EB\PLCE_EB_1688.jpg,Potato,EB,closed,f88d81dcd78a8a69,Early Blight
Z:\Projects\Smart-Farming\Datasets\final_combined_datasets\PLCE\EB\PLCE_EB_1689.jpg,Potato,EB,closed,ae7ac4a18e86d89e,Early Blight
Z:\Projects\Smart-Farming\Datasets\final_combined_datasets\PLCE\EB\PLCE_EB_1690.jpg,Potato,EB,closed,afca908dd2144b7e,Early Blight
Z:\Projects\Smart-Farming\Datasets\final_combined_datasets\PLCE\EB\PLCE_EB_1691.jpg,Potato,EB,closed,eee9c4ad86941cd2,Early Blight
Z:\Projects\Smart-Farming\Datasets\final_combined_datasets\PLCE\EB\PLCE_EB_1692.jpg,Potato,EB,closed,aec4948dc21cdfb8,Early Blight
Z:\Projects\Smart-Farming\Datasets\final_combined_datasets\PLCE\EB\PLCE_EB_1693.jpg,Potato,EB,closed,bbb89178d2c18bc5,Early Blight
Z:\Projects\Smart-Farming\Datasets\final_combined_datasets\PLCE\EB\PLCE_EB_1694.jpg,Potato,EB,closed,bebc90d8dac149c5,Early Blight
Z:\Projects\Smart-Farming\Datasets\final_combined_datasets\PLCE\EB\PLCE_EB_1695.jpg,Potato,EB,closed,bacc908dd394cb3a,Early Blight
Z:\Projects\Smart-Farming\Datasets\final_combined_datasets\PLCE\EB\PLCE_EB_1696.jpg,Potato,EB,closed,aa3f95f096c3c286,Early Blight
Z:\Projects\Smart-Farming\Datasets\final_combined_datasets\PLCE\EB\PLCE_EB_1697.jpg,Potato,EB,closed,eb94e152874a9e69,Early Blight
Z:\Projects\Smart-Farming\Datasets\final_combined_datasets\PLCE\EB\PLCE_EB_1698.jpg,Potato,EB,closed,fe7ea0a0839587d2,Early Blight
Z:\Projects\Smart-Farming\Datasets\final_combined_datasets\PLCE\EB\PLCE_EB_1699.jpg,Potato,EB,closed,ffe8f08582828fd2,Early Blight
Z:\Projects\Smart-Farming\Datasets\final_combined_datasets\PLCE\EB\PLCE_EB_1700.jpg,Potato,EB,closed,aeced4bdd37081a0,Early Blight
Z:\Projects\Smart-Farming\Datasets\final_combined_datasets\PLCE\EB\PLCE_EB_1701.jpg,Potato,EB,closed,fec3a10f872c94b4,Early Blight
Z:\Projects\Smart-Farming\Datasets\final_combined_datasets\PLCE\EB\PLCE_EB_1702.jpg,Potato,EB,closed,fa91e0908799dec9,Early Blight
Z:\Projects\Smart-Farming\Datasets\final_combined_datasets\PLCE\EB\PLCE_EB_1703.jpg,Potato,EB,closed,f846812ecfb48d96,Early Blight
Z:\Projects\Smart-Farming\Datasets\final_combined_datasets\PLCE\EB\PLCE_EB_1704.jpg,Potato,EB,closed,fac3a1a8d2bc9714,Early Blight
Z:\Projects\Smart-Farming\Datasets\final_combined_datasets\PLCE\EB\PLCE_EB_1705.jpg,Potato,EB,closed,ff89f0d08380df83,Early Blight
Z:\Projects\Smart-Farming\Datasets\final_combined_datasets\PLCE\EB\PLCE_EB_1706.jpg,Potato,EB,closed,feb4805282abdf29,Early Blight
Z:\Projects\Smart-Farming\Datasets\final_combined_datasets\PLCE\EB\PLCE_EB_1707.jpg,Potato,EB,closed,ab13f4c0c09f839f,Early Blight
Z:\Projects\Smart-Farming\Datasets\final_combined_datasets\PLCE\EB\PLCE_EB_1708.jpg,Potato,EB,closed,aa95c197da9a2978,Early Blight
Z:\Projects\Smart-Farming\Datasets\final_combined_datasets\PLCE\EB\PLCE_EB_1709.jpg,Potato,EB,closed,ab95e196819e971a,Early Blight
Z:\Projects\Smart-Farming\Datasets\final_combined_datasets\PLCE\EB\PLCE_EB_1710.jpg,Potato,EB,closed,bac4b592c08b8fcb,Early Blight
Z:\Projects\Smart-Farming\Datasets\final_combined_datasets\PLCE\EB\PLCE_EB_1711.jpg,Potato,EB,closed,bf85d0cac31f2538,Early Blight
Z:\Projects\Smart-Farming\Datasets\final_combined_datasets\PLCE\EB\PLCE_EB_1712.jpg,Potato,EB,closed,ffe0a0c0d407d25f,Early Blight
Z:\Projects\Smart-Farming\Datasets\final_combined_datasets\PLCE\EB\PLCE_EB_1713.jpg,Potato,EB,closed,ffa4f4d0d06ac305,Early Blight
Z:\Projects\Smart-Farming\Datasets\final_combined_datasets\PLCE\EB\PLCE_EB_1714.jpg,Potato,EB,closed,ffe6b524d0278226,Early Blight
Z:\Projects\Smart-Farming\Datasets\final_combined_datasets\PLCE\EB\PLCE_EB_1715.jpg,Potato,EB,closed,ffa0b0d0d00fc31f,Early Blight
Z:\Projects\Smart-Farming\Datasets\final_combined_datasets\PLCE\EB\PLCE_EB_1716.jpg,Potato,EB,closed,f454f0d780168f7a,Early Blight
Z:\Projects\Smart-Farming\Datasets\final_combined_datasets\PLCE\EB\PLCE_EB_1717.jpg,Potato,EB,closed,be19a0f895b19687,Early Blight
Z:\Projects\Smart-Farming\Datasets\final_combined_datasets\PLCE\EB\PLCE_EB_1718.jpg,Potato,EB,closed,aacbe0ebc43987a1,Early Blight
Z:\Projects\Smart-Farming\Datasets\final_combined_datasets\PLCE\EB\PLCE_EB_1719.jpg,Potato,EB,closed,aa93a5ba94b09e8b,Early Blight
Z:\Projects\Smart-Farming\Datasets\final_combined_datasets\PLCE\EB\PLCE_EB_1720.jpg,Potato,EB,closed,aa68f1a982949f97,Early Blight
Z:\Projects\Smart-Farming\Datasets\final_combined_datasets\PLCE\EB\PLCE_EB_1721.jpg,Potato,EB,closed,bf87b0fed1c8c220,Early Blight
Z:\Projects\Smart-Farming\Datasets\final_combined_datasets\PLCE\EB\PLCE_EB_1722.jpg,Potato,EB,closed,ba99a0b994a19ad7,Early Blight
Z:\Projects\Smart-Farming\Datasets\final_combined_datasets\PLCE\EB\PLCE_EB_1723.jpg,Potato,EB,closed,bf87b456d04ac169,Early Blight
Z:\Projects\Smart-Farming\Datasets\final_combined_datasets\PLCE\EB\PLCE_EB_1724.jpg,Potato,EB,closed,afdae0bac4f184c1,Early Blight
Z:\Projects\Smart-Farming\Datasets\final_combined_datasets\PLCE\EB\PLCE_EB_1725.jpg,Potato,EB,closed,bf91f0d1905ac35a,Early Blight
Z:\Projects\Smart-Farming\Datasets\final_combined_datasets\PLCE\EB\PLCE_EB_1726.jpg,Potato,EB,closed,baceb46a90a5c1b5,Early Blight
Z:\Projects\Smart-Farming\Datasets\final_combined_datasets\PLCE\EB\PLCE_EB_1727.jpg,Potato,EB,closed,af98a4b9c6d19643,Early Blight
Z:\Projects\Smart-Farming\Datasets\final_combined_datasets\PLCE\EB\PLCE_EB_1728.jpg,Potato,EB,closed,ab9ba5fa95b090c1,Early Blight
Z:\Projects\Smart-Farming\Datasets\final_combined_datasets\PLCE\EB\PLCE_EB_1729.jpg,Potato,EB,closed,ff81b546d0aec245,Early Blight
Z:\Projects\Smart-Farming\Datasets\final_combined_datasets\PLCE\EB\PLCE_EB_1730.jpg,Potato,EB,closed,beeeb120d0a7c296,Early Blight
Z:\Projects\Smart-Farming\Datasets\final_combined_datasets\PLCE\EB\PLCE_EB_1731.jpg,Potato,EB,closed,bfcea16cd5a482a4,Early Blight
Z:\Projects\Smart-Farming\Datasets\final_combined_datasets\PLCE\EB\PLCE_EB_1732.jpg,Potato,EB,closed,bed0b52b9017d21b,Early Blight
Z:\Projects\Smart-Farming\Datasets\final_combined_datasets\PLCE\EB\PLCE_EB_1733.jpg,Potato,EB,closed,aa2ea1f497019ea7,Early Blight
Z:\Projects\Smart-Farming\Datasets\final_combined_datasets\PLCE\EB\PLCE_EB_1734.jpg,Potato,EB,closed,bb86b152c36b8b25,Early Blight
Z:\Projects\Smart-Farming\Datasets\final_combined_datasets\PLCE\EB\PLCE_EB_1735.jpg,Potato,EB,closed,bbe2b10f873cca60,Early Blight
Z:\Projects\Smart-Farming\Datasets\final_combined_datasets\PLCE\EB\PLCE_EB_1736.jpg,Potato,EB,closed,ff90b48bd053c22b,Early Blight
Z:\Projects\Smart-Farming\Datasets\final_combined_datasets\PLCE\EB\PLCE_EB_1737.jpg,Potato,EB,closed,bfc3f40ad04dc2aa,Early Blight
Z:\Projects\Smart-Farming\Datasets\final_combined_datasets\PLCE\EB\PLCE_EB_1738.jpg,Potato,EB,closed,ffb0b542d00bc25d,Early Blight
Z:\Projects\Smart-Farming\Datasets\final_combined_datasets\PLCE\EB\PLCE_EB_1739.jpg,Potato,EB,closed,ffa4f0e7d00083cb,Early Blight
Z:\Projects\Smart-Farming\Datasets\final_combined_datasets\PLCE\EB\PLCE_EB_1740.jpg,Potato,EB,closed,bac2b5add0a5d194,Early Blight
Z:\Projects\Smart-Farming\Datasets\final_combined_datasets\PLCE\EB\PLCE_EB_1741.jpg,Potato,EB,closed,e825a7f2850897dd,Early Blight
Z:\Projects\Smart-Farming\Datasets\final_combined_datasets\PLCE\EB\PLCE_EB_1742.jpg,Potato,EB,closed,bfa0b4d0d0abcb45,Early Blight
Z:\Projects\Smart-Farming\Datasets\final_combined_datasets\PLCE\EB\PLCE_EB_1743.jpg,Potato,EB,closed,ff9bb434d0c88345,Early Blight
Z:\Projects\Smart-Farming\Datasets\final_combined_datasets\PLCE\EB\PLCE_EB_1744.jpg,Potato,EB,closed,fe4ae0ac87259e54,Early Blight
Z:\Projects\Smart-Farming\Datasets\final_combined_datasets\PLCE\EB\PLCE_EB_1745.jpg,Potato,EB,closed,aa74e187857f87c0,Early Blight
Z:\Projects\Smart-Farming\Datasets\final_combined_datasets\PLCE\EB\PLCE_EB_1746.jpg,Potato,EB,closed,ea3de1f4850087e7,Early Blight
Z:\Projects\Smart-Farming\Datasets\final_combined_datasets\PLCE\EB\PLCE_EB_1747.jpg,Potato,EB,closed,aa1ae57784b09793,Early Blight
Z:\Projects\Smart-Farming\Datasets\final_combined_datasets\PLCE\EB\PLCE_EB_1748.jpg,Potato,EB,closed,feb5a0d2954ac2c9,Early Blight
Z:\Projects\Smart-Farming\Datasets\final_combined_datasets\PLCE\EB\PLCE_EB_1749.jpg,Potato,EB,closed,fba2e117861acad8,Early Blight
Z:\Projects\Smart-Farming\Datasets\final_combined_datasets\PLCE\EB\PLCE_EB_1750.jpg,Potato,EB,closed,bed8b46190a7da86,Early Blight
Z:\Projects\Smart-Farming\Datasets\final_combined_datasets\PLCE\EB\PLCE_EB_1751.jpg,Potato,EB,closed,eb60a08b87ef872c,Early Blight
Z:\Projects\Smart-Farming\Datasets\final_combined_datasets\PLCE\EB\PLCE_EB_1752.jpg,Potato,EB,closed,beb5d0facbd08841,Early Blight
Z:\Projects\Smart-Farming\Datasets\final_combined_datasets\PLCE\EB\PLCE_EB_1753.jpg,Potato,EB,closed,eb2be5f08603962b,Early Blight
Z:\Projects\Smart-Farming\Datasets\final_combined_datasets\PLCE\EB\PLCE_EB_1754.jpg,Potato,EB,closed,bf9fc07ac1608761,Early Blight
Z:\Projects\Smart-Farming\Datasets\final_combined_datasets\PLCE\EB\PLCE_EB_1755.jpg,Potato,EB,closed,bfb0e112d53b8253,Early Blight
Z:\Projects\Smart-Farming\Datasets\final_combined_datasets\PLCE\EB\PLCE_EB_1756.jpg,Potato,EB,closed,ab1eb579c0f2c681,Early Blight
Z:\Projects\Smart-Farming\Datasets\final_combined_datasets\PLCE\EB\PLCE_EB_1757.jpg,Potato,EB,closed,fac2e1d5870296ea,Early Blight
Z:\Projects\Smart-Farming\Datasets\final_combined_datasets\PLCE\EB\PLCE_EB_1758.jpg,Potato,EB,closed,ba62a5a5d616d236,Early Blight
Z:\Projects\Smart-Farming\Datasets\final_combined_datasets\PLCE\EB\PLCE_EB_1759.jpg,Potato,EB,closed,ef1aa07ad5a992c1,Early Blight
Z:\Projects\Smart-Farming\Datasets\final_combined_datasets\PLCE\EB\PLCE_EB_1760.jpg,Potato,EB,closed,e98ec6f08c179ce1,Early Blight
Z:\Projects\Smart-Farming\Datasets\final_combined_datasets\PLCE\EB\PLCE_EB_1761.jpg,Potato,EB,closed,ba1bb17a91d0538b,Early Blight
Z:\Projects\Smart-Farming\Datasets\final_combined_datasets\PLCE\EB\PLCE_EB_1762.jpg,Potato,EB,closed,aef28082979d9abc,Early Blight
Z:\Projects\Smart-Farming\Datasets\final_combined_datasets\PLCE\EB\PLCE_EB_1763.jpg,Potato,EB,closed,bac6b58fd0d4cb20,Early Blight
Z:\Projects\Smart-Farming\Datasets\final_combined_datasets\PLCE\EB\PLCE_EB_1764.jpg,Potato,EB,closed,be11b02ad251cbbb,Early Blight
Z:\Projects\Smart-Farming\Datasets\final_combined_datasets\PLCE\EB\PLCE_EB_1765.jpg,Potato,EB,closed,af6df500c2c7d314,Early Blight
Z:\Projects\Smart-Farming\Datasets\final_combined_datasets\PLCE\EB\PLCE_EB_1766.jpg,Potato,EB,closed,af15e07acb58ccc1,Early Blight
Z:\Projects\Smart-Farming\Datasets\final_combined_datasets\PLCE\EB\PLCE_EB_1767.jpg,Potato,EB,closed,af878150de6ad8c5,Early Blight
Z:\Projects\Smart-Farming\Datasets\final_combined_datasets\PLCE\EB\PLCE_EB_1768.jpg,Potato,EB,closed,efb5d092c2418f2d,Early Blight
Z:\Projects\Smart-Farming\Datasets\final_combined_datasets\PLCE\EB\PLCE_EB_1769.jpg,Potato,EB,closed,bbc2b0859137ca3e,Early Blight
Z:\Projects\Smart-Farming\Datasets\final_combined_datasets\PLCE\EB\PLCE_EB_1770.jpg,Potato,EB,closed,ebcee11885c0969f,Early Blight
Z:\Projects\Smart-Farming\Datasets\final_combined_datasets\PLCE\EB\PLCE_EB_1771.jpg,Potato,EB,closed,bf99b413c0dac338,Early Blight
Z:\Projects\Smart-Farming\Datasets\final_combined_datasets\PLCE\EB\PLCE_EB_1772.jpg,Potato,EB,closed,eba9859483b2d792,Early Blight
Z:\Projects\Smart-Farming\Datasets\final_combined_datasets\PLCE\EB\PLCE_EB_1773.jpg,Potato,EB,closed,ead6a142952e9e9a,Early Blight
Z:\Projects\Smart-Farming\Datasets\final_combined_datasets\PLCE\EB\PLCE_EB_1774.jpg,Potato,EB,closed,eae295849617da1e,Early Blight
Z:\Projects\Smart-Farming\Datasets\final_combined_datasets\PLCE\EB\PLCE_EB_1775.jpg,Potato,EB,closed,ea93f4c2d449ca2d,Early Blight
Z:\Projects\Smart-Farming\Datasets\final_combined_datasets\PLCE\EB\PLCE_EB_1776.jpg,Potato,EB,closed,bbf3f140802a8f6d,Early Blight
Z:\Projects\Smart-Farming\Datasets\final_combined_datasets\PLCE\EB\PLCE_EB_1777.jpg,Potato,EB,closed,baf8b48ed04c8b2e,Early Blight
Z:\Projects\Smart-Farming\Datasets\final_combined_datasets\PLCE\EB\PLCE_EB_1778.jpg,Potato,EB,closed,efc8b52fd09482a6,Early Blight
Z:\Projects\Smart-Farming\Datasets\final_combined_datasets\PLCE\EB\PLCE_EB_1779.jpg,Potato,EB,closed,ab4ada25a926c8bb,Early Blight
Z:\Projects\Smart-Farming\Datasets\final_combined_datasets\PLCE\EB\PLCE_EB_1780.jpg,Potato,EB,closed,bf0da15cc0f8d2e8,Early Blight
Z:\Projects\Smart-Farming\Datasets\final_combined_datasets\PLCE\EB\PLCE_EB_1781.jpg,Potato,EB,closed,eac3e047859f9718,Early Blight
Z:\Projects\Smart-Farming\Datasets\final_combined_datasets\PLCE\EB\PLCE_EB_1782.jpg,Potato,EB,closed,ea61e50f867c8639,Early Blight
Z:\Projects\Smart-Farming\Datasets\final_combined_datasets\PLCE\EB\PLCE_EB_1783.jpg,Potato,EB,closed,aa2de05581bfc752,Early Blight
Z:\Projects\Smart-Farming\Datasets\final_combined_datasets\PLCE\EB\PLCE_EB_1784.jpg,Potato,EB,closed,ba69e195877a9e80,Early Blight
Z:\Projects\Smart-Farming\Datasets\final_combined_datasets\PLCE\EB\PLCE_EB_1785.jpg,Potato,EB,closed,bfb1b510d06ad21d,Early Blight
Z:\Projects\Smart-Farming\Datasets\final_combined_datasets\PLCE\EB\PLCE_EB_1786.jpg,Potato,EB,closed,bfe4a0c6940eda2d,Early Blight
Z:\Projects\Smart-Farming\Datasets\final_combined_datasets\PLCE\EB\PLCE_EB_1787.jpg,Potato,EB,closed,eaeca588858f969c,Early Blight
Z:\Projects\Smart-Farming\Datasets\final_combined_datasets\PLCE\EB\PLCE_EB_1788.jpg,Potato,EB,closed,bf16c070cfe0d8e1,Early Blight
Z:\Projects\Smart-Farming\Datasets\final_combined_datasets\PLCE\EB\PLCE_EB_1789.jpg,Potato,EB,closed,bebcb050d07acb29,Early Blight
Z:\Projects\Smart-Farming\Datasets\final_combined_datasets\PLCE\EB\PLCE_EB_1790.jpg,Potato,EB,closed,aae4b58e941e9a3a,Early Blight
Z:\Projects\Smart-Farming\Datasets\final_combined_datasets\PLCE\EB\PLCE_EB_1791.jpg,Potato,EB,closed,fa31e09583539753,Early Blight
Z:\Projects\Smart-Farming\Datasets\final_combined_datasets\PLCE\EB\PLCE_EB_1792.jpg,Potato,EB,closed,bf95f05a89598568,Early Blight
Z:\Projects\Smart-Farming\Datasets\final_combined_datasets\PLCE\EB\PLCE_EB_1793.jpg,Potato,EB,closed,afd9a4cb85819297,Early Blight
Z:\Projects\Smart-Farming\Datasets\final_combined_datasets\PLCE\EB\PLCE_EB_1794.jpg,Potato,EB,closed,efeca084d4c78aca,Early Blight
Z:\Projects\Smart-Farming\Datasets\final_combined_datasets\PLCE\EB\PLCE_EB_1795.jpg,Potato,EB,closed,ebeac0298b9d8d98,Early Blight
Z:\Projects\Smart-Farming\Datasets\final_combined_datasets\PLCE\EB\PLCE_EB_1796.jpg,Potato,EB,closed,abb2b142d10bcb6d,Early Blight
Z:\Projects\Smart-Farming\Datasets\final_combined_datasets\PLCE\EB\PLCE_EB_1797.jpg,Potato,EB,closed,ebe8a585951fd038,Early Blight
Z:\Projects\Smart-Farming\Datasets\final_combined_datasets\PLCE\EB\PLCE_EB_1798.jpg,Potato,EB,closed,af12a0bad5f19683,Early Blight
Z:\Projects\Smart-Farming\Datasets\final_combined_datasets\PLCE\EB\PLCE_EB_1799.jpg,Potato,EB,closed,aa95b0dcd5e8da41,Early Blight
Z:\Projects\Smart-Farming\Datasets\final_combined_datasets\PLCE\EB\PLCE_EB_1800.jpg,Potato,EB,closed,eac9e089859d9e35,Early Blight
Z:\Projects\Smart-Farming\Datasets\final_combined_datasets\PLCE\EB\PLCE_EB_0031.JPG,Potato,EB,closed,8aa5ff52e03c87c8,Early Blight
Z:\Projects\Smart-Farming\Datasets\final_combined_datasets\PLCE\EB\PLCE_EB_0032.JPG,Potato,EB,closed,de0e29b4a691935b,Early Blight
Z:\Projects\Smart-Farming\Datasets\final_combined_datasets\PLCE\EB\PLCE_EB_0033.JPG,Potato,EB,closed,f89449856d4b95ce,Early Blight
Z:\Projects\Smart-Farming\Datasets\final_combined_datasets\PLCE\EB\PLCE_EB_0034.JPG,Potato,EB,closed,bfb9f19ce29281c0,Early Blight
Z:\Projects\Smart-Farming\Datasets\final_combined_datasets\PLCE\EB\PLCE_EB_0035.JPG,Potato,EB,closed,dfc0aa0fa838b527,Early Blight
Z:\Projects\Smart-Farming\Datasets\final_combined_datasets\PLCE\EB\PLCE_EB_0036.JPG,Potato,EB,closed,aae3fd8fc015c20e,Early Blight
Z:\Projects\Smart-Farming\Datasets\final_combined_datasets\PLCE\EB\PLCE_EB_0037.JPG,Potato,EB,closed,aa72f461c2264f6e,Early Blight
Z:\Projects\Smart-Farming\Datasets\final_combined_datasets\PLCE\EB\PLCE_EB_0038.JPG,Potato,EB,closed,e721781cd0da8fc3,Early Blight
Z:\Projects\Smart-Farming\Datasets\final_combined_datasets\PLCE\EB\PLCE_EB_0039.JPG,Potato,EB,closed,b873c7e802979fa0,Early Blight
Z:\Projects\Smart-Farming\Datasets\final_combined_datasets\PLCE\EB\PLCE_EB_0040.JPG,Potato,EB,closed,a284f4fbd96cc550,Early Blight
Z:\Projects\Smart-Farming\Datasets\final_combined_datasets\PLCE\EB\PLCE_EB_0041.JPG,Potato,EB,closed,899c64ca3a87b33e,Early Blight
Z:\Projects\Smart-Farming\Datasets\final_combined_datasets\PLCE\EB\PLCE_EB_0042.JPG,Potato,EB,closed,ffd0916a3225d8b2,Early Blight
Z:\Projects\Smart-Farming\Datasets\final_combined_datasets\PLCE\EB\PLCE_EB_0043.JPG,Potato,EB,closed,ded4e10abaa96ab0,Early Blight
Z:\Projects\Smart-Farming\Datasets\final_combined_datasets\PLCE\EB\PLCE_EB_0044.JPG,Potato,EB,closed,df2f28bca9d094d0,Early Blight
Z:\Projects\Smart-Farming\Datasets\final_combined_datasets\PLCE\EB\PLCE_EB_0045.JPG,Potato,EB,closed,807f7d60c347cf0c,Early Blight
Z:\Projects\Smart-Farming\Datasets\final_combined_datasets\PLCE\EB\PLCE_EB_0046.JPG,Potato,EB,closed,eac8a5879d8d3899,Early Blight
Z:\Projects\Smart-Farming\Datasets\final_combined_datasets\PLCE\EB\PLCE_EB_0047.JPG,Potato,EB,closed,f524aa55b152536b,Early Blight
Z:\Projects\Smart-Farming\Datasets\final_combined_datasets\PLCE\EB\PLCE_EB_0048.JPG,Potato,EB,closed,d5d5a842b72eb229,Early Blight
Z:\Projects\Smart-Farming\Datasets\final_combined_datasets\PLCE\EB\PLCE_EB_0049.JPG,Potato,EB,closed,dfe0e809a11595f6,Early Blight
Z:\Projects\Smart-Farming\Datasets\final_combined_datasets\PLCE\EB\PLCE_EB_0050.JPG,Potato,EB,closed,8af1bf80f00fda07,Early Blight
Z:\Projects\Smart-Farming\Datasets\final_combined_datasets\PLCE\EB\PLCE_EB_0051.JPG,Potato,EB,closed,d740aa0bbf8a591d,Early Blight
Z:\Projects\Smart-Farming\Datasets\final_combined_datasets\PLCE\EB\PLCE_EB_0052.JPG,Potato,EB,closed,aa63edc4849e95b8,Early Blight
Z:\Projects\Smart-Farming\Datasets\final_combined_datasets\PLCE\EB\PLCE_EB_0053.JPG,Potato,EB,closed,fac0858f1c21b3e7,Early Blight
Z:\Projects\Smart-Farming\Datasets\final_combined_datasets\PLCE\EB\PLCE_EB_0054.JPG,Potato,EB,closed,beb4f4da0908e5c6,Early Blight
Z:\Projects\Smart-Farming\Datasets\final_combined_datasets\PLCE\EB\PLCE_EB_0055.JPG,Potato,EB,closed,ff5aa00e93a49c39,Early Blight
Z:\Projects\Smart-Farming\Datasets\final_combined_datasets\PLCE\EB\PLCE_EB_0056.JPG,Potato,EB,closed,a06bfff4d880c187,Early Blight
Z:\Projects\Smart-Farming\Datasets\final_combined_datasets\PLCE\EB\PLCE_EB_0057.JPG,Potato,EB,closed,e5268abc9d5191da,Early Blight
Z:\Projects\Smart-Farming\Datasets\final_combined_datasets\PLCE\EB\PLCE_EB_0058.JPG,Potato,EB,closed,f91fe330163298cb,Early Blight
Z:\Projects\Smart-Farming\Datasets\final_combined_datasets\PLCE\EB\PLCE_EB_0059.JPG,Potato,EB,closed,ef1669361d373032,Early Blight
Z:\Projects\Smart-Farming\Datasets\final_combined_datasets\PLCE\EB\PLCE_EB_0060.JPG,Potato,EB,closed,fa35aad49542526b,Early Blight
Z:\Projects\Smart-Farming\Datasets\final_combined_datasets\PLCE\EB\PLCE_EB_0061.JPG,Potato,EB,closed,abb1d59ac24b8761,Early Blight
Z:\Projects\Smart-Farming\Datasets\final_combined_datasets\PLCE\EB\PLCE_EB_0062.JPG,Potato,EB,closed,bb85b19ee709c449,Early Blight
Z:\Projects\Smart-Farming\Datasets\final_combined_datasets\PLCE\EB\PLCE_EB_0063.JPG,Potato,EB,closed,abe8a4e597959c30,Early Blight
Z:\Projects\Smart-Farming\Datasets\final_combined_datasets\PLCE\EB\PLCE_EB_0064.JPG,Potato,EB,closed,a3ce35cd9aa49932,Early Blight
Z:\Projects\Smart-Farming\Datasets\final_combined_datasets\PLCE\EB\PLCE_EB_0065.JPG,Potato,EB,closed,eadae0c2832f9e34,Early Blight
Z:\Projects\Smart-Farming\Datasets\final_combined_datasets\PLCE\EB\PLCE_EB_0066.JPG,Potato,EB,closed,ab71b917f08a406f,Early Blight
Z:\Projects\Smart-Farming\Datasets\final_combined_datasets\PLCE\EB\PLCE_EB_0067.JPG,Potato,EB,closed,ead2b0c38dcf8c89,Early Blight
Z:\Projects\Smart-Farming\Datasets\final_combined_datasets\PLCE\EB\PLCE_EB_0068.JPG,Potato,EB,closed,a001b1fecf798c47,Early Blight
Z:\Projects\Smart-Farming\Datasets\final_combined_datasets\PLCE\EB\PLCE_EB_0069.JPG,Potato,EB,closed,fc3ce224a5979652,Early Blight
Z:\Projects\Smart-Farming\Datasets\final_combined_datasets\PLCE\EB\PLCE_EB_0070.JPG,Potato,EB,closed,df69680fb1f41622,Early Blight
Z:\Projects\Smart-Farming\Datasets\final_combined_datasets\PLCE\EB\PLCE_EB_0071.JPG,Potato,EB,closed,fe86a0b597528a4b,Early Blight
Z:\Projects\Smart-Farming\Datasets\final_combined_datasets\PLCE\EB\PLCE_EB_0072.JPG,Potato,EB,closed,ab05d55ecb488d63,Early Blight
Z:\Projects\Smart-Farming\Datasets\final_combined_datasets\PLCE\EB\PLCE_EB_0073.JPG,Potato,EB,closed,8080fd9fc37cc770,Early Blight
Z:\Projects\Smart-Farming\Datasets\final_combined_datasets\PLCE\EB\PLCE_EB_0074.JPG,Potato,EB,closed,aaa1bd5ef0f88701,Early Blight
Z:\Projects\Smart-Farming\Datasets\final_combined_datasets\PLCE\EB\PLCE_EB_0075.JPG,Potato,EB,closed,aa42f461ca17ddd8,Early Blight
Z:\Projects\Smart-Farming\Datasets\final_combined_datasets\PLCE\EB\PLCE_EB_0076.JPG,Potato,EB,closed,aa21b5d7d4be8270,Early Blight
Z:\Projects\Smart-Farming\Datasets\final_combined_datasets\PLCE\EB\PLCE_EB_0077.JPG,Potato,EB,closed,8b85ff1ee07c0370,Early Blight
Z:\Projects\Smart-Farming\Datasets\final_combined_datasets\PLCE\EB\PLCE_EB_0078.JPG,Potato,EB,closed,af633087f0357332,Early Blight
Z:\Projects\Smart-Farming\Datasets\final_combined_datasets\PLCE\EB\PLCE_EB_0079.JPG,Potato,EB,closed,ff4ad529c01eca92,Early Blight
Z:\Projects\Smart-Farming\Datasets\final_combined_datasets\PLCE\EB\PLCE_EB_0080.JPG,Potato,EB,closed,df1a29e5351292cb,Early Blight
Z:\Projects\Smart-Farming\Datasets\final_combined_datasets\PLCE\EB\PLCE_EB_0081.JPG,Potato,EB,closed,8ff0fd01d01fc30b,Early Blight
Z:\Projects\Smart-Farming\Datasets\final_combined_datasets\PLCE\EB\PLCE_EB_0082.JPG,Potato,EB,closed,8aeee5a06107569f,Early Blight
Z:\Projects\Smart-Farming\Datasets\final_combined_datasets\PLCE\EB\PLCE_EB_0083.JPG,Potato,EB,closed,d5aaaad585468eca,Early Blight
Z:\Projects\Smart-Farming\Datasets\final_combined_datasets\PLCE\EB\PLCE_EB_0084.JPG,Potato,EB,closed,ead0a1ca9e9d90b5,Early Blight
Z:\Projects\Smart-Farming\Datasets\final_combined_datasets\PLCE\EB\PLCE_EB_0085.JPG,Potato,EB,closed,82af3ff09e805a47,Early Blight
Z:\Projects\Smart-Farming\Datasets\final_combined_datasets\PLCE\EB\PLCE_EB_0086.JPG,Potato,EB,closed,9adb4cc89bb48db0,Early Blight
Z:\Projects\Smart-Farming\Datasets\final_combined_datasets\PLCE\EB\PLCE_EB_0087.JPG,Potato,EB,closed,a6a6a4c6349e98db,Early Blight
Z:\Projects\Smart-Farming\Datasets\final_combined_datasets\PLCE\EB\PLCE_EB_0088.JPG,Potato,EB,closed,80da3fe0b500779f,Early Blight
Z:\Projects\Smart-Farming\Datasets\final_combined_datasets\PLCE\EB\PLCE_EB_0089.JPG,Potato,EB,closed,d5f0ea83ab5e8d08,Early Blight
Z:\Projects\Smart-Farming\Datasets\final_combined_datasets\PLCE\EB\PLCE_EB_0090.JPG,Potato,EB,closed,d3ae60c547ce8c78,Early Blight
Z:\Projects\Smart-Farming\Datasets\final_combined_datasets\PLCE\EB\PLCE_EB_0091.JPG,Potato,EB,closed,ffb8a8f4851087ca,Early Blight
Z:\Projects\Smart-Farming\Datasets\final_combined_datasets\PLCE\EB\PLCE_EB_0092.JPG,Potato,EB,closed,fb04e07885631ee7,Early Blight
Z:\Projects\Smart-Farming\Datasets\final_combined_datasets\PLCE\EB\PLCE_EB_0093.JPG,Potato,EB,closed,8207bfd2f8a9c0e9,Early Blight
Z:\Projects\Smart-Farming\Datasets\final_combined_datasets\PLCE\EB\PLCE_EB_0094.JPG,Potato,EB,closed,ff2ba514c3d088cb,Early Blight
Z:\Projects\Smart-Farming\Datasets\final_combined_datasets\PLCE\EB\PLCE_EB_0095.JPG,Potato,EB,closed,dfb0a83cc1d09f83,Early Blight
Z:\Projects\Smart-Farming\Datasets\final_combined_datasets\PLCE\EB\PLCE_EB_0096.JPG,Potato,EB,closed,becae0c1368ff00d,Early Blight
Z:\Projects\Smart-Farming\Datasets\final_combined_datasets\PLCE\EB\PLCE_EB_0097.JPG,Potato,EB,closed,ffb7e0d09a4a884a,Early Blight
Z:\Projects\Smart-Farming\Datasets\final_combined_datasets\PLCE\EB\PLCE_EB_0098.JPG,Potato,EB,closed,fc94c1f08e479c6c,Early Blight
Z:\Projects\Smart-Farming\Datasets\final_combined_datasets\PLCE\EB\PLCE_EB_0099.JPG,Potato,EB,closed,bb85f098c398cdd1,Early Blight
Z:\Projects\Smart-Farming\Datasets\final_combined_datasets\PLCE\EB\PLCE_EB_0100.JPG,Potato,EB,closed,9efae125ca04cd93,Early Blight
Z:\Projects\Smart-Farming\Datasets\final_combined_datasets\PLCE\EB\PLCE_EB_0101.JPG,Potato,EB,closed,ee8560de35c8b28d,Early Blight
Z:\Projects\Smart-Farming\Datasets\final_combined_datasets\PLCE\EB\PLCE_EB_0102.JPG,Potato,EB,closed,abe9f8011f8c90bd,Early Blight
Z:\Projects\Smart-Farming\Datasets\final_combined_datasets\PLCE\EB\PLCE_EB_0103.JPG,Potato,EB,closed,af97c41ac96c8761,Early Blight
Z:\Projects\Smart-Farming\Datasets\final_combined_datasets\PLCE\EB\PLCE_EB_0104.JPG,Potato,EB,closed,bab4a181c75fc668,Early Blight
Z:\Projects\Smart-Farming\Datasets\final_combined_datasets\PLCE\EB\PLCE_EB_0105.JPG,Potato,EB,closed,a200fd5fc378cf60,Early Blight
Z:\Projects\Smart-Farming\Datasets\final_combined_datasets\PLCE\EB\PLCE_EB_0106.JPG,Potato,EB,closed,cb1b3f0cf0f11247,Early Blight
Z:\Projects\Smart-Farming\Datasets\final_combined_datasets\PLCE\EB\PLCE_EB_0107.JPG,Potato,EB,closed,afa5f09acb4c8472,Early Blight
Z:\Projects\Smart-Farming\Datasets\final_combined_datasets\PLCE\EB\PLCE_EB_0108.JPG,Potato,EB,closed,fe54d543ce3c9830,Early Blight
Z:\Projects\Smart-Farming\Datasets\final_combined_datasets\PLCE\EB\PLCE_EB_0109.JPG,Potato,EB,closed,81b5ff0eec4b806c,Early Blight
Z:\Projects\Smart-Farming\Datasets\final_combined_datasets\PLCE\EB\PLCE_EB_0110.JPG,Potato,EB,closed,a2ffe840874fbe04,Early Blight
Z:\Projects\Smart-Farming\Datasets\final_combined_datasets\PLCE\EB\PLCE_EB_0111.JPG,Potato,EB,closed,eea390994b8c4e97,Early Blight
Z:\Projects\Smart-Farming\Datasets\final_combined_datasets\PLCE\EB\PLCE_EB_0112.JPG,Potato,EB,closed,bf40f065cf47cc18,Early Blight
Z:\Projects\Smart-Farming\Datasets\final_combined_datasets\PLCE\EB\PLCE_EB_0113.JPG,Potato,EB,closed,ff23f01d85f09603,Early Blight
Z:\Projects\Smart-Farming\Datasets\final_combined_datasets\PLCE\EB\PLCE_EB_0114.JPG,Potato,EB,closed,f5678351388fc3a4,Early Blight
Z:\Projects\Smart-Farming\Datasets\final_combined_datasets\PLCE\EB\PLCE_EB_0115.JPG,Potato,EB,closed,a781f07c8f639946,Early Blight
Z:\Projects\Smart-Farming\Datasets\final_combined_datasets\PLCE\EB\PLCE_EB_0116.JPG,Potato,EB,closed,8938fde1c086c79e,Early Blight
Z:\Projects\Smart-Farming\Datasets\final_combined_datasets\PLCE\EB\PLCE_EB_0117.JPG,Potato,EB,closed,fe0fa87c95129233,Early Blight
Z:\Projects\Smart-Farming\Datasets\final_combined_datasets\PLCE\EB\PLCE_EB_0118.JPG,Potato,EB,closed,ebb2a4c6878f9298,Early Blight
Z:\Projects\Smart-Farming\Datasets\final_combined_datasets\PLCE\EB\PLCE_EB_0119.JPG,Potato,EB,closed,feece94893858a34,Early Blight
Z:\Projects\Smart-Farming\Datasets\final_combined_datasets\PLCE\EB\PLCE_EB_0120.JPG,Potato,EB,closed,f5e2aa0dad54d072,Early Blight
Z:\Projects\Smart-Farming\Datasets\final_combined_datasets\PLCE\EB\PLCE_EB_0121.JPG,Potato,EB,closed,eae285cb9ab59035,Early Blight
Z:\Projects\Smart-Farming\Datasets\final_combined_datasets\PLCE\EB\PLCE_EB_0122.JPG,Potato,EB,closed,ab05c09cdee1cc57,Early Blight
Z:\Projects\Smart-Farming\Datasets\final_combined_datasets\PLCE\EB\PLCE_EB_0123.JPG,Potato,EB,closed,aa87379e9c5ac928,Early Blight
Z:\Projects\Smart-Farming\Datasets\final_combined_datasets\PLCE\EB\PLCE_EB_0124.JPG,Potato,EB,closed,8280f81fc778cf71,Early Blight
Z:\Projects\Smart-Farming\Datasets\final_combined_datasets\PLCE\EB\PLCE_EB_0125.JPG,Potato,EB,closed,a2a5bf40f4dac0da,Early Blight
Z:\Projects\Smart-Farming\Datasets\final_combined_datasets\PLCE\EB\PLCE_EB_0126.JPG,Potato,EB,closed,ebc0a5cb94b938b1,Early Blight
Z:\Projects\Smart-Farming\Datasets\final_combined_datasets\PLCE\EB\PLCE_EB_0127.JPG,Potato,EB,closed,eae9a584db86b039,Early Blight
Z:\Projects\Smart-Farming\Datasets\final_combined_datasets\PLCE\EB\PLCE_EB_0128.JPG,Potato,EB,closed,ddca6a1531d6964a,Early Blight
Z:\Projects\Smart-Farming\Datasets\final_combined_datasets\PLCE\EB\PLCE_EB_0129.JPG,Potato,EB,closed,ba8ae57780a09f93,Early Blight
Z:\Projects\Smart-Farming\Datasets\final_combined_datasets\PLCE\EB\PLCE_EB_0130.JPG,Potato,EB,closed,f72f8094dacbe904,Early Blight
Z:\Projects\Smart-Farming\Datasets\final_combined_datasets\PLCE\EB\PLCE_EB_0131.JPG,Potato,EB,closed,d2d2958a3eb8b3c4,Early Blight
Z:\Projects\Smart-Farming\Datasets\final_combined_datasets\PLCE\EB\PLCE_EB_0132.JPG,Potato,EB,closed,807676684adfdc98,Early Blight
Z:\Projects\Smart-Farming\Datasets\final_combined_datasets\PLCE\EB\PLCE_EB_0133.JPG,Potato,EB,closed,9888b5d74b29476e,Early Blight
Z:\Projects\Smart-Farming\Datasets\final_combined_datasets\PLCE\EB\PLCE_EB_0134.JPG,Potato,EB,closed,80fff5508703de0d,Early Blight
Z:\Projects\Smart-Farming\Datasets\final_combined_datasets\PLCE\EB\PLCE_EB_0135.JPG,Potato,EB,closed,827df5c0d70f98b0,Early Blight
Z:\Projects\Smart-Farming\Datasets\final_combined_datasets\PLCE\EB\PLCE_EB_0136.JPG,Potato,EB,closed,d748a841a50fd5be,Early Blight
Z:\Projects\Smart-Farming\Datasets\final_combined_datasets\PLCE\EB\PLCE_EB_0137.JPG,Potato,EB,closed,aec26dc22dc91ac7,Early Blight
Z:\Projects\Smart-Farming\Datasets\final_combined_datasets\PLCE\EB\PLCE_EB_0138.JPG,Potato,EB,closed,a2e8bf29d4a582b6,Early Blight
Z:\Projects\Smart-Farming\Datasets\final_combined_datasets\PLCE\EB\PLCE_EB_0139.JPG,Potato,EB,closed,d9d0ea8aa5b6b429,Early Blight
Z:\Projects\Smart-Farming\Datasets\final_combined_datasets\PLCE\EB\PLCE_EB_0140.JPG,Potato,EB,closed,8a4af5a09227cf3e,Early Blight
Z:\Projects\Smart-Farming\Datasets\final_combined_datasets\PLCE\EB\PLCE_EB_0141.JPG,Potato,EB,closed,aa4ef06b636f4864,Early Blight
Z:\Projects\Smart-Farming\Datasets\final_combined_datasets\PLCE\EB\PLCE_EB_0142.JPG,Potato,EB,closed,ffc0e00f91338ee4,Early Blight
Z:\Projects\Smart-Farming\Datasets\final_combined_datasets\PLCE\EB\PLCE_EB_0143.JPG,Potato,EB,closed,ac2dfd6092878b9a,Early Blight
Z:\Projects\Smart-Farming\Datasets\final_combined_datasets\PLCE\EB\PLCE_EB_0144.JPG,Potato,EB,closed,d28e79c6691aa55a,Early Blight
Z:\Projects\Smart-Farming\Datasets\final_combined_datasets\PLCE\EB\PLCE_EB_0145.JPG,Potato,EB,closed,ef70aaa2957f9014,Early Blight
Z:\Projects\Smart-Farming\Datasets\final_combined_datasets\PLCE\EB\PLCE_EB_0146.JPG,Potato,EB,closed,ae193e70b067c3a6,Early Blight
Z:\Projects\Smart-Farming\Datasets\final_combined_datasets\PLCE\EB\PLCE_EB_0147.JPG,Potato,EB,closed,bbb0a5904a9b8d1f,Early Blight
Z:\Projects\Smart-Farming\Datasets\final_combined_datasets\PLCE\EB\PLCE_EB_0148.JPG,Potato,EB,closed,df4e682f15b0d2d0,Early Blight
Z:\Projects\Smart-Farming\Datasets\final_combined_datasets\PLCE\EB\PLCE_EB_0149.JPG,Potato,EB,closed,ee62a1c9d41c9e39,Early Blight
Z:\Projects\Smart-Farming\Datasets\final_combined_datasets\PLCE\EB\PLCE_EB_0150.JPG,Potato,EB,closed,883dfdc086c3f20f,Early Blight
Z:\Projects\Smart-Farming\Datasets\final_combined_datasets\PLCE\EB\PLCE_EB_0151.JPG,Potato,EB,closed,89fa96e11f817e03,Early Blight
Z:\Projects\Smart-Farming\Datasets\final_combined_datasets\PLCE\EB\PLCE_EB_0152.JPG,Potato,EB,closed,f554d142de3aca32,Early Blight
Z:\Projects\Smart-Farming\Datasets\final_combined_datasets\PLCE\EB\PLCE_EB_0153.JPG,Potato,EB,closed,8095ff5af07dc0e0,Early Blight
Z:\Projects\Smart-Farming\Datasets\final_combined_datasets\PLCE\EB\PLCE_EB_0154.JPG,Potato,EB,closed,8bf0e54bd01fcb22,Early Blight
Z:\Projects\Smart-Farming\Datasets\final_combined_datasets\PLCE\EB\PLCE_EB_0155.JPG,Potato,EB,closed,c7bab8bd95548252,Early Blight
Z:\Projects\Smart-Farming\Datasets\final_combined_datasets\PLCE\EB\PLCE_EB_0156.JPG,Potato,EB,closed,a9c2328f4371cf35,Early Blight
Z:\Projects\Smart-Farming\Datasets\final_combined_datasets\PLCE\EB\PLCE_EB_0157.JPG,Potato,EB,closed,a27ebf00f160d837,Early Blight
Z:\Projects\Smart-Farming\Datasets\final_combined_datasets\PLCE\EB\PLCE_EB_0158.JPG,Potato,EB,closed,efd0d10bd04fc92c,Early Blight
Z:\Projects\Smart-Farming\Datasets\final_combined_datasets\PLCE\EB\PLCE_EB_0159.JPG,Potato,EB,closed,d5aa8a9cc7d4ca43,Early Blight
Z:\Projects\Smart-Farming\Datasets\final_combined_datasets\PLCE\EB\PLCE_EB_0160.JPG,Potato,EB,closed,9a4eeba1e1438d99,Early Blight
Z:\Projects\Smart-Farming\Datasets\final_combined_datasets\PLCE\EB\PLCE_EB_0161.JPG,Potato,EB,closed,f7d4e04a87ada8a4,Early Blight
Z:\Projects\Smart-Farming\Datasets\final_combined_datasets\PLCE\EB\PLCE_EB_0162.JPG,Potato,EB,closed,aa32b50d003ededb,Early Blight
Z:\Projects\Smart-Farming\Datasets\final_combined_datasets\PLCE\EB\PLCE_EB_0163.JPG,Potato,EB,closed,be9dc2b28be1e4a0,Early Blight
Z:\Projects\Smart-Farming\Datasets\final_combined_datasets\PLCE\EB\PLCE_EB_0164.JPG,Potato,EB,closed,abe8a4c7949d129d,Early Blight
Z:\Projects\Smart-Farming\Datasets\final_combined_datasets\PLCE\EB\PLCE_EB_0165.JPG,Potato,EB,closed,fe0fe0fca4749482,Early Blight
Z:\Projects\Smart-Farming\Datasets\final_combined_datasets\PLCE\EB\PLCE_EB_0166.JPG,Potato,EB,closed,d395ac4a16ed9a64,Early Blight
Z:\Projects\Smart-Farming\Datasets\final_combined_datasets\PLCE\EB\PLCE_EB_0167.JPG,Potato,EB,closed,aad285cb1e99b8a5,Early Blight
Z:\Projects\Smart-Farming\Datasets\final_combined_datasets\PLCE\EB\PLCE_EB_0168.JPG,Potato,EB,closed,abc2a58f3ac5b42c,Early Blight
Z:\Projects\Smart-Farming\Datasets\final_combined_datasets\PLCE\EB\PLCE_EB_0169.JPG,Potato,EB,closed,aee03cc7e41ee198,Early Blight
Z:\Projects\Smart-Farming\Datasets\final_combined_datasets\PLCE\EB\PLCE_EB_0170.JPG,Potato,EB,closed,eb60e42fc52cce68,Early Blight
Z:\Projects\Smart-Farming\Datasets\final_combined_datasets\PLCE\EB\PLCE_EB_0171.JPG,Potato,EB,closed,fe70e121874f1ee0,Early Blight
Z:\Projects\Smart-Farming\Datasets\final_combined_datasets\PLCE\EB\PLCE_EB_0172.JPG,Potato,EB,closed,ee97d11f4cc28d50,Early Blight
Z:\Projects\Smart-Farming\Datasets\final_combined_datasets\PLCE\EB\PLCE_EB_0173.JPG,Potato,EB,closed,ebf1b4873a42c10f,Early Blight
Z:\Projects\Smart-Farming\Datasets\final_combined_datasets\PLCE\EB\PLCE_EB_0174.JPG,Potato,EB,closed,a276f6089bb49966,Early Blight
Z:\Projects\Smart-Farming\Datasets\final_combined_datasets\PLCE\EB\PLCE_EB_0175.JPG,Potato,EB,closed,f70eaa35c95496a2,Early Blight
Z:\Projects\Smart-Farming\Datasets\final_combined_datasets\PLCE\EB\PLCE_EB_0176.JPG,Potato,EB,closed,bae1ac16c13e9b38,Early Blight
Z:\Projects\Smart-Farming\Datasets\final_combined_datasets\PLCE\EB\PLCE_EB_0177.JPG,Potato,EB,closed,bb4af061cb47cc4a,Early Blight
Z:\Projects\Smart-Farming\Datasets\final_combined_datasets\PLCE\EB\PLCE_EB_0178.JPG,Potato,EB,closed,f742ea8a8dad9035,Early Blight
Z:\Projects\Smart-Farming\Datasets\final_combined_datasets\PLCE\EB\PLCE_EB_0179.JPG,Potato,EB,closed,fa64a507e54ec61c,Early Blight
Z:\Projects\Smart-Farming\Datasets\final_combined_datasets\PLCE\EB\PLCE_EB_0180.JPG,Potato,EB,closed,bfe12ac17097e01b,Early Blight
Z:\Projects\Smart-Farming\Datasets\final_combined_datasets\PLCE\EB\PLCE_EB_0181.JPG,Potato,EB,closed,ab05b05ecb7a9561,Early Blight
Z:\Projects\Smart-Farming\Datasets\final_combined_datasets\PLCE\EB\PLCE_EB_0182.JPG,Potato,EB,closed,f969319cc6721b29,Early Blight
Z:\Projects\Smart-Farming\Datasets\final_combined_datasets\PLCE\EB\PLCE_EB_0183.JPG,Potato,EB,closed,dd68a49713d948e5,Early Blight
Z:\Projects\Smart-Farming\Datasets\final_combined_datasets\PLCE\EB\PLCE_EB_0184.JPG,Potato,EB,closed,fe0f253436329a33,Early Blight
Z:\Projects\Smart-Farming\Datasets\final_combined_datasets\PLCE\EB\PLCE_EB_0185.JPG,Potato,EB,closed,fe85c2d48f628966,Early Blight
Z:\Projects\Smart-Farming\Datasets\final_combined_datasets\PLCE\EB\PLCE_EB_0186.JPG,Potato,EB,closed,aae9edc5841d9a58,Early Blight
Z:\Projects\Smart-Farming\Datasets\final_combined_datasets\PLCE\EB\PLCE_EB_0187.JPG,Potato,EB,closed,dd3972d6c2cc85c2,Early Blight
Z:\Projects\Smart-Farming\Datasets\final_combined_datasets\PLCE\EB\PLCE_EB_0188.JPG,Potato,EB,closed,aee2a48f96b49a58,Early Blight
Z:\Projects\Smart-Farming\Datasets\final_combined_datasets\PLCE\EB\PLCE_EB_0189.JPG,Potato,EB,closed,eff1a092c30f826e,Early Blight
Z:\Projects\Smart-Farming\Datasets\final_combined_datasets\PLCE\EB\PLCE_EB_0190.JPG,Potato,EB,closed,e8ce25f02dc72d83,Early Blight
Z:\Projects\Smart-Farming\Datasets\final_combined_datasets\PLCE\EB\PLCE_EB_0191.JPG,Potato,EB,closed,ff58e04acf0f1838,Early Blight
Z:\Projects\Smart-Farming\Datasets\final_combined_datasets\PLCE\EB\PLCE_EB_0192.JPG,Potato,EB,closed,80fa37c0fc15a19f,Early Blight
Z:\Projects\Smart-Farming\Datasets\final_combined_datasets\PLCE\EB\PLCE_EB_0193.JPG,Potato,EB,closed,fda0f8152157af0a,Early Blight
Z:\Projects\Smart-Farming\Datasets\final_combined_datasets\PLCE\EB\PLCE_EB_0194.JPG,Potato,EB,closed,aa27b770307a9387,Early Blight
Z:\Projects\Smart-Farming\Datasets\final_combined_datasets\PLCE\EB\PLCE_EB_0195.JPG,Potato,EB,closed,af97fc00c0cbc1dc,Early Blight
Z:\Projects\Smart-Farming\Datasets\final_combined_datasets\PLCE\EB\PLCE_EB_0196.JPG,Potato,EB,closed,fde0e0158757961a,Early Blight
Z:\Projects\Smart-Farming\Datasets\final_combined_datasets\PLCE\EB\PLCE_EB_0197.JPG,Potato,EB,closed,be9d85b4da42c949,Early Blight
Z:\Projects\Smart-Farming\Datasets\final_combined_datasets\PLCE\EB\PLCE_EB_0198.JPG,Potato,EB,closed,efe0a447c50ed839,Early Blight
Z:\Projects\Smart-Farming\Datasets\final_combined_datasets\PLCE\EB\PLCE_EB_0199.JPG,Potato,EB,closed,aa85fd1fc8188d78,Early Blight
Z:\Projects\Smart-Farming\Datasets\final_combined_datasets\PLCE\EB\PLCE_EB_0200.JPG,Potato,EB,closed,8e82e5df4be14c26,Early Blight
Z:\Projects\Smart-Farming\Datasets\final_combined_datasets\PLCE\EB\PLCE_EB_0201.JPG,Potato,EB,closed,dd72e8abb5818694,Early Blight
Z:\Projects\Smart-Farming\Datasets\final_combined_datasets\PLCE\EB\PLCE_EB_0202.JPG,Potato,EB,closed,efc8806bd2b48db8,Early Blight
Z:\Projects\Smart-Farming\Datasets\final_combined_datasets\PLCE\EB\PLCE_EB_0203.JPG,Potato,EB,closed,ea5ba5b8d2818397,Early Blight
Z:\Projects\Smart-Farming\Datasets\final_combined_datasets\PLCE\EB\PLCE_EB_0204.JPG,Potato,EB,closed,aa4afda5c4854d9a,Early Blight
Z:\Projects\Smart-Farming\Datasets\final_combined_datasets\PLCE\EB\PLCE_EB_0205.JPG,Potato,EB,closed,eec2a58d24cd33e4,Early Blight
Z:\Projects\Smart-Farming\Datasets\final_combined_datasets\PLCE\EB\PLCE_EB_0206.JPG,Potato,EB,closed,ead2144f9ea56d90,Early Blight
Z:\Projects\Smart-Farming\Datasets\final_combined_datasets\PLCE\EB\PLCE_EB_0207.JPG,Potato,EB,closed,ba3d911d8e32b253,Early Blight
Z:\Projects\Smart-Farming\Datasets\final_combined_datasets\PLCE\EB\PLCE_EB_0208.JPG,Potato,EB,closed,80817f0fe63d8df0,Early Blight
Z:\Projects\Smart-Farming\Datasets\final_combined_datasets\PLCE\EB\PLCE_EB_0209.JPG,Potato,EB,closed,8be5bf02e80fa06e,Early Blight
Z:\Projects\Smart-Farming\Datasets\final_combined_datasets\PLCE\EB\PLCE_EB_0210.JPG,Potato,EB,closed,aafac186ce91d81b,Early Blight
Z:\Projects\Smart-Farming\Datasets\final_combined_datasets\PLCE\EB\PLCE_EB_0211.JPG,Potato,EB,closed,dce2a09497da99c9,Early Blight
Z:\Projects\Smart-Farming\Datasets\final_combined_datasets\PLCE\EB\PLCE_EB_0212.JPG,Potato,EB,closed,8f356d43078f98f0,Early Blight
Z:\Projects\Smart-Farming\Datasets\final_combined_datasets\PLCE\EB\PLCE_EB_0213.JPG,Potato,EB,closed,ff40e00fd417d23c,Early Blight
Z:\Projects\Smart-Farming\Datasets\final_combined_datasets\PLCE\EB\PLCE_EB_0214.JPG,Potato,EB,closed,825fbfa2bc25c903,Early Blight
Z:\Projects\Smart-Farming\Datasets\final_combined_datasets\PLCE\EB\PLCE_EB_0215.JPG,Potato,EB,closed,bb34b531707ab321,Early Blight
Z:\Projects\Smart-Farming\Datasets\final_combined_datasets\PLCE\EB\PLCE_EB_0216.JPG,Potato,EB,closed,ebb42dc134cb340f,Early Blight
Z:\Projects\Smart-Farming\Datasets\final_combined_datasets\PLCE\EB\PLCE_EB_0217.JPG,Potato,EB,closed,eab16dd835e096c4,Early Blight
Z:\Projects\Smart-Farming\Datasets\final_combined_datasets\PLCE\EB\PLCE_EB_0218.JPG,Potato,EB,closed,8996259e75cc16ad,Early Blight
Z:\Projects\Smart-Farming\Datasets\final_combined_datasets\PLCE\EB\PLCE_EB_0219.JPG,Potato,EB,closed,aaa4ad96b45ad0e9,Early Blight
Z:\Projects\Smart-Farming\Datasets\final_combined_datasets\PLCE\EB\PLCE_EB_0220.JPG,Potato,EB,closed,bee0858f9a9db085,Early Blight
Z:\Projects\Smart-Farming\Datasets\final_combined_datasets\PLCE\EB\PLCE_EB_0221.JPG,Potato,EB,closed,aa5ab5a1f305cb16,Early Blight
Z:\Projects\Smart-Farming\Datasets\final_combined_datasets\PLCE\EB\PLCE_EB_0222.JPG,Potato,EB,closed,be397070f0909f8b,Early Blight
Z:\Projects\Smart-Farming\Datasets\final_combined_datasets\PLCE\EB\PLCE_EB_0223.JPG,Potato,EB,closed,a258ff6cd06582b6,Early Blight
Z:\Projects\Smart-Farming\Datasets\final_combined_datasets\PLCE\EB\PLCE_EB_0224.JPG,Potato,EB,closed,8adaf4609ba7cd12,Early Blight
Z:\Projects\Smart-Farming\Datasets\final_combined_datasets\PLCE\EB\PLCE_EB_0225.JPG,Potato,EB,closed,eada818f9cb19236,Early Blight
Z:\Projects\Smart-Farming\Datasets\final_combined_datasets\PLCE\EB\PLCE_EB_0226.JPG,Potato,EB,closed,ab8fb79668c86590,Early Blight
Z:\Projects\Smart-Farming\Datasets\final_combined_datasets\PLCE\EB\PLCE_EB_0227.JPG,Potato,EB,closed,f78f81b6ca60c8c5,Early Blight
Z:\Projects\Smart-Farming\Datasets\final_combined_datasets\PLCE\EB\PLCE_EB_0228.JPG,Potato,EB,closed,fe9cf014c2d89b49,Early Blight
Z:\Projects\Smart-Farming\Datasets\final_combined_datasets\PLCE\EB\PLCE_EB_0229.JPG,Potato,EB,closed,d7b8a0b987159556,Early Blight
Z:\Projects\Smart-Farming\Datasets\final_combined_datasets\PLCE\EB\PLCE_EB_0230.JPG,Potato,EB,closed,fe0da6329b1b0d0d,Early Blight
Z:\Projects\Smart-Farming\Datasets\final_combined_datasets\PLCE\EB\PLCE_EB_0231.JPG,Potato,EB,closed,fe89a094865add63,Early Blight
Z:\Projects\Smart-Farming\Datasets\final_combined_datasets\PLCE\EB\PLCE_EB_0232.JPG,Potato,EB,closed,a84b9fa0b504cb5f,Early Blight
Z:\Projects\Smart-Farming\Datasets\final_combined_datasets\PLCE\EB\PLCE_EB_0233.JPG,Potato,EB,closed,f88d669cc3b14987,Early Blight
Z:\Projects\Smart-Farming\Datasets\final_combined_datasets\PLCE\EB\PLCE_EB_0234.JPG,Potato,EB,closed,eee625943696c31a,Early Blight
Z:\Projects\Smart-Farming\Datasets\final_combined_datasets\PLCE\EB\PLCE_EB_0235.JPG,Potato,EB,closed,ffc0e0c3850f9d98,Early Blight
Z:\Projects\Smart-Farming\Datasets\final_combined_datasets\PLCE\EB\PLCE_EB_0236.JPG,Potato,EB,closed,fdc129cb11651a67,Early Blight
Z:\Projects\Smart-Farming\Datasets\final_combined_datasets\PLCE\EB\PLCE_EB_0237.JPG,Potato,EB,closed,dfc8ea0ba15f9520,Early Blight
Z:\Projects\Smart-Farming\Datasets\final_combined_datasets\PLCE\EB\PLCE_EB_0238.JPG,Potato,EB,closed,d5d5ea42a51e94b8,Early Blight
Z:\Projects\Smart-Farming\Datasets\final_combined_datasets\PLCE\EB\PLCE_EB_0239.JPG,Potato,EB,closed,d5d4aa8a95a99aa5,Early Blight
Z:\Projects\Smart-Farming\Datasets\final_combined_datasets\PLCE\EB\PLCE_EB_0240.JPG,Potato,EB,closed,ef497025e266ce4c,Early Blight
Z:\Projects\Smart-Farming\Datasets\final_combined_datasets\PLCE\EB\PLCE_EB_0241.JPG,Potato,EB,closed,83577cc8a0afa12f,Early Blight
Z:\Projects\Smart-Farming\Datasets\final_combined_datasets\PLCE\EB\PLCE_EB_0242.JPG,Potato,EB,closed,d5e4aac295a994b5,Early Blight
Z:\Projects\Smart-Farming\Datasets\final_combined_datasets\PLCE\EB\PLCE_EB_0243.JPG,Potato,EB,closed,ff686266cc2e6849,Early Blight
Z:\Projects\Smart-Farming\Datasets\final_combined_datasets\PLCE\EB\PLCE_EB_0244.JPG,Potato,EB,closed,fb97a0dac530cc62,Early Blight
Z:\Projects\Smart-Farming\Datasets\final_combined_datasets\PLCE\EB\PLCE_EB_0245.JPG,Potato,EB,closed,abea32cd1994b994,Early Blight
Z:\Projects\Smart-Farming\Datasets\final_combined_datasets\PLCE\EB\PLCE_EB_0246.JPG,Potato,EB,closed,bfb73b94c0c0e590,Early Blight
Z:\Projects\Smart-Farming\Datasets\final_combined_datasets\PLCE\EB\PLCE_EB_0247.JPG,Potato,EB,closed,8a3dbd70f0c3c48e,Early Blight
Z:\Projects\Smart-Farming\Datasets\final_combined_datasets\PLCE\EB\PLCE_EB_0248.JPG,Potato,EB,closed,ffd0d00b9e3c91b0,Early Blight
Z:\Projects\Smart-Farming\Datasets\final_combined_datasets\PLCE\EB\PLCE_EB_0249.JPG,Potato,EB,closed,bbe2a48686d8cb39,Early Blight
Z:\Projects\Smart-Farming\Datasets\final_combined_datasets\PLCE\EB\PLCE_EB_0250.JPG,Potato,EB,closed,aae96565d1949c9a,Early Blight
Z:\Projects\Smart-Farming\Datasets\final_combined_datasets\PLCE\EB\PLCE_EB_0251.JPG,Potato,EB,closed,ed22a85d96f29383,Early Blight
Z:\Projects\Smart-Farming\Datasets\final_combined_datasets\PLCE\EB\PLCE_EB_0252.JPG,Potato,EB,closed,ef40664dda1ed912,Early Blight
Z:\Projects\Smart-Farming\Datasets\final_combined_datasets\PLCE\EB\PLCE_EB_0253.JPG,Potato,EB,closed,bae0a5c1258fd43d,Early Blight
Z:\Projects\Smart-Farming\Datasets\final_combined_datasets\PLCE\EB\PLCE_EB_0254.JPG,Potato,EB,closed,cf0f6c3f2434b432,Early Blight
Z:\Projects\Smart-Farming\Datasets\final_combined_datasets\PLCE\EB\PLCE_EB_0255.JPG,Potato,EB,closed,dd1a62a5b53292d3,Early Blight
Z:\Projects\Smart-Farming\Datasets\final_combined_datasets\PLCE\EB\PLCE_EB_0256.JPG,Potato,EB,closed,8b4a9e27f892a43d,Early Blight
Z:\Projects\Smart-Farming\Datasets\final_combined_datasets\PLCE\EB\PLCE_EB_0257.JPG,Potato,EB,closed,af97f49ac0d8c960,Early Blight
Z:\Projects\Smart-Farming\Datasets\final_combined_datasets\PLCE\EB\PLCE_EB_0258.JPG,Potato,EB,closed,ffaf84b01352984e,Early Blight
Z:\Projects\Smart-Farming\Datasets\final_combined_datasets\PLCE\EB\PLCE_EB_0259.JPG,Potato,EB,closed,aaa5f196c15ae1cc,Early Blight
Z:\Projects\Smart-Farming\Datasets\final_combined_datasets\PLCE\EB\PLCE_EB_0260.JPG,Potato,EB,closed,eac2b48e9d9998b1,Early Blight
Z:\Projects\Smart-Farming\Datasets\final_combined_datasets\PLCE\EB\PLCE_EB_0261.JPG,Potato,EB,closed,aae1b19f45749a92,Early Blight
Z:\Projects\Smart-Farming\Datasets\final_combined_datasets\PLCE\EB\PLCE_EB_0262.JPG,Potato,EB,closed,ff3db0d0cae19c02,Early Blight
Z:\Projects\Smart-Farming\Datasets\final_combined_datasets\PLCE\EB\PLCE_EB_0263.JPG,Potato,EB,closed,8186ff7900d3730f,Early Blight
Z:\Projects\Smart-Farming\Datasets\final_combined_datasets\PLCE\EB\PLCE_EB_0264.JPG,Potato,EB,closed,edade9c384838599,Early Blight
Z:\Projects\Smart-Farming\Datasets\final_combined_datasets\PLCE\EB\PLCE_EB_0265.JPG,Potato,EB,closed,bf46f03ec3704623,Early Blight
Z:\Projects\Smart-Farming\Datasets\final_combined_datasets\PLCE\EB\PLCE_EB_0266.JPG,Potato,EB,closed,8b4c356d5833de26,Early Blight
Z:\Projects\Smart-Farming\Datasets\final_combined_datasets\PLCE\EB\PLCE_EB_0267.JPG,Potato,EB,closed,8a7ee8c185a597b4,Early Blight
Z:\Projects\Smart-Farming\Datasets\final_combined_datasets\PLCE\EB\PLCE_EB_0268.JPG,Potato,EB,closed,b834be59907ac339,Early Blight
Z:\Projects\Smart-Farming\Datasets\final_combined_datasets\PLCE\EB\PLCE_EB_0269.JPG,Potato,EB,closed,80847fd7f07e0758,Early Blight
Z:\Projects\Smart-Farming\Datasets\final_combined_datasets\PLCE\EB\PLCE_EB_0270.JPG,Potato,EB,closed,aaadb592905bcb29,Early Blight
Z:\Projects\Smart-Farming\Datasets\final_combined_datasets\PLCE\EB\PLCE_EB_0271.JPG,Potato,EB,closed,ffaf80d19ac2c1c8,Early Blight
Z:\Projects\Smart-Farming\Datasets\final_combined_datasets\PLCE\EB\PLCE_EB_0272.JPG,Potato,EB,closed,d7faeaa185179450,Early Blight
Z:\Projects\Smart-Farming\Datasets\final_combined_datasets\PLCE\EB\PLCE_EB_0273.JPG,Potato,EB,closed,af52b42dca16c51d,Early Blight
Z:\Projects\Smart-Farming\Datasets\final_combined_datasets\PLCE\EB\PLCE_EB_0274.JPG,Potato,EB,closed,a906b73fd2f448c2,Early Blight
Z:\Projects\Smart-Farming\Datasets\final_combined_datasets\PLCE\EB\PLCE_EB_0275.JPG,Potato,EB,closed,ffe0a243d42f821e,Early Blight
Z:\Projects\Smart-Farming\Datasets\final_combined_datasets\PLCE\EB\PLCE_EB_0276.JPG,Potato,EB,closed,f5aa83d5cec2e0c1,Early Blight
Z:\Projects\Smart-Farming\Datasets\final_combined_datasets\PLCE\EB\PLCE_EB_0277.JPG,Potato,EB,closed,dfa5aa1695d8d448,Early Blight
Z:\Projects\Smart-Farming\Datasets\final_combined_datasets\PLCE\EB\PLCE_EB_0278.JPG,Potato,EB,closed,aaa5bd52f00b81fc,Early Blight
Z:\Projects\Smart-Farming\Datasets\final_combined_datasets\PLCE\EB\PLCE_EB_0279.JPG,Potato,EB,closed,aa6afdeda19081ca,Early Blight
Z:\Projects\Smart-Farming\Datasets\final_combined_datasets\PLCE\EB\PLCE_EB_0280.JPG,Potato,EB,closed,aa90fc5f83609567,Early Blight
Z:\Projects\Smart-Farming\Datasets\final_combined_datasets\PLCE\EB\PLCE_EB_0281.JPG,Potato,EB,closed,aef89980990794bf,Early Blight
Z:\Projects\Smart-Farming\Datasets\final_combined_datasets\PLCE\EB\PLCE_EB_0282.JPG,Potato,EB,closed,ba8fff1ac07a8940,Early Blight
Z:\Projects\Smart-Farming\Datasets\final_combined_datasets\PLCE\EB\PLCE_EB_0283.JPG,Potato,EB,closed,aaca35899995b50f,Early Blight
Z:\Projects\Smart-Farming\Datasets\final_combined_datasets\PLCE\EB\PLCE_EB_0284.JPG,Potato,EB,closed,aa7ffd409301ce07,Early Blight
Z:\Projects\Smart-Farming\Datasets\final_combined_datasets\PLCE\EB\PLCE_EB_0285.JPG,Potato,EB,closed,fa4ab564c2b4a19b,Early Blight
Z:\Projects\Smart-Farming\Datasets\final_combined_datasets\PLCE\EB\PLCE_EB_0286.JPG,Potato,EB,closed,dca8e2c58756d31a,Early Blight
Z:\Projects\Smart-Farming\Datasets\final_combined_datasets\PLCE\EB\PLCE_EB_0287.JPG,Potato,EB,closed,eeb0a593c59bc249,Early Blight
Z:\Projects\Smart-Farming\Datasets\final_combined_datasets\PLCE\EB\PLCE_EB_0288.JPG,Potato,EB,closed,bf0fe031b41a0f1b,Early Blight
Z:\Projects\Smart-Farming\Datasets\final_combined_datasets\PLCE\EB\PLCE_EB_0289.JPG,Potato,EB,closed,d9b764c2864c1bf1,Early Blight
Z:\Projects\Smart-Farming\Datasets\final_combined_datasets\PLCE\EB\PLCE_EB_0290.JPG,Potato,EB,closed,afe0f507c03f8a38,Early Blight
Z:\Projects\Smart-Farming\Datasets\final_combined_datasets\PLCE\EB\PLCE_EB_0291.JPG,Potato,EB,closed,aaca65a58f2c963c,Early Blight
Z:\Projects\Smart-Farming\Datasets\final_combined_datasets\PLCE\EB\PLCE_EB_0292.JPG,Potato,EB,closed,efc8a021db95cd98,Early Blight
Z:\Projects\Smart-Farming\Datasets\final_combined_datasets\PLCE\EB\PLCE_EB_0293.JPG,Potato,EB,closed,86faf8c035831a9f,Early Blight
Z:\Projects\Smart-Farming\Datasets\final_combined_datasets\PLCE\EB\PLCE_EB_0294.JPG,Potato,EB,closed,d53aaab5945692ca,Early Blight
Z:\Projects\Smart-Farming\Datasets\final_combined_datasets\PLCE\EB\PLCE_EB_0295.JPG,Potato,EB,closed,a24aeda981a597b5,Early Blight
Z:\Projects\Smart-Farming\Datasets\final_combined_datasets\PLCE\EB\PLCE_EB_0296.JPG,Potato,EB,closed,afc897619a27d832,Early Blight
Z:\Projects\Smart-Farming\Datasets\final_combined_datasets\PLCE\EB\PLCE_EB_0297.JPG,Potato,EB,closed,ff2fa11496c2c8c9,Early Blight
Z:\Projects\Smart-Farming\Datasets\final_combined_datasets\PLCE\EB\PLCE_EB_0298.JPG,Potato,EB,closed,ba85b09ee1d8c738,Early Blight
Z:\Projects\Smart-Farming\Datasets\final_combined_datasets\PLCE\EB\PLCE_EB_0299.JPG,Potato,EB,closed,affac0c197059a3c,Early Blight
Z:\Projects\Smart-Farming\Datasets\final_combined_datasets\PLCE\EB\PLCE_EB_0300.JPG,Potato,EB,closed,bba578c2c15aa15e,Early Blight
Z:\Projects\Smart-Farming\Datasets\final_combined_datasets\PLCE\EB\PLCE_EB_0301.JPG,Potato,EB,closed,aafba5c89005de0f,Early Blight
Z:\Projects\Smart-Farming\Datasets\final_combined_datasets\PLCE\EB\PLCE_EB_0302.JPG,Potato,EB,closed,ae91e5c2964f926c,Early Blight
Z:\Projects\Smart-Farming\Datasets\final_combined_datasets\PLCE\EB\PLCE_EB_0303.JPG,Potato,EB,closed,8a7af140c707de9c,Early Blight
Z:\Projects\Smart-Farming\Datasets\final_combined_datasets\PLCE\EB\PLCE_EB_0304.JPG,Potato,EB,closed,cad227cd98e093b6,Early Blight
Z:\Projects\Smart-Farming\Datasets\final_combined_datasets\PLCE\EB\PLCE_EB_0305.JPG,Potato,EB,closed,f754ea0aa16b8d29,Early Blight
Z:\Projects\Smart-Farming\Datasets\final_combined_datasets\PLCE\EB\PLCE_EB_0306.JPG,Potato,EB,closed,ef36389515560b6a,Early Blight
Z:\Projects\Smart-Farming\Datasets\final_combined_datasets\PLCE\EB\PLCE_EB_0307.JPG,Potato,EB,closed,bac8a5cd97cd18d0,Early Blight
Z:\Projects\Smart-Farming\Datasets\final_combined_datasets\PLCE\EB\PLCE_EB_0308.JPG,Potato,EB,closed,fb56d405cb1bcc12,Early Blight
Z:\Projects\Smart-Farming\Datasets\final_combined_datasets\PLCE\EB\PLCE_EB_0309.JPG,Potato,EB,closed,8a653d38509b8fda,Early Blight
Z:\Projects\Smart-Farming\Datasets\final_combined_datasets\PLCE\EB\PLCE_EB_0310.JPG,Potato,EB,closed,ff55f00a9a2e89b0,Early Blight
Z:\Projects\Smart-Farming\Datasets\final_combined_datasets\PLCE\EB\PLCE_EB_0311.JPG,Potato,EB,closed,86897fc6400b9b9f,Early Blight
Z:\Projects\Smart-Farming\Datasets\final_combined_datasets\PLCE\EB\PLCE_EB_0312.JPG,Potato,EB,closed,bf9c9438ccc28dc6,Early Blight
Z:\Projects\Smart-Farming\Datasets\final_combined_datasets\PLCE\EB\PLCE_EB_0313.JPG,Potato,EB,closed,ffaa269598c0c9c9,Early Blight
Z:\Projects\Smart-Farming\Datasets\final_combined_datasets\PLCE\EB\PLCE_EB_0314.JPG,Potato,EB,closed,ab90b54fb2cd9170,Early Blight
Z:\Projects\Smart-Farming\Datasets\final_combined_datasets\PLCE\EB\PLCE_EB_0315.JPG,Potato,EB,closed,8efe61e03f87c098,Early Blight
Z:\Projects\Smart-Farming\Datasets\final_combined_datasets\PLCE\EB\PLCE_EB_0316.JPG,Potato,EB,closed,e731ba1d81748772,Early Blight
Z:\Projects\Smart-Farming\Datasets\final_combined_datasets\PLCE\EB\PLCE_EB_0317.JPG,Potato,EB,closed,8beaf481899fbc90,Early Blight
Z:\Projects\Smart-Farming\Datasets\final_combined_datasets\PLCE\EB\PLCE_EB_0318.JPG,Potato,EB,closed,dfe8e8ad9552c282,Early Blight
Z:\Projects\Smart-Farming\Datasets\final_combined_datasets\PLCE\EB\PLCE_EB_0319.JPG,Potato,EB,closed,ab15c21e8f659a4d,Early Blight
Z:\Projects\Smart-Farming\Datasets\final_combined_datasets\PLCE\EB\PLCE_EB_0320.JPG,Potato,EB,closed,8afaf140cbc6ec89,Early Blight
Z:\Projects\Smart-Farming\Datasets\final_combined_datasets\PLCE\EB\PLCE_EB_0321.JPG,Potato,EB,closed,8800ff1fc17e9f60,Early Blight
Z:\Projects\Smart-Farming\Datasets\final_combined_datasets\PLCE\EB\PLCE_EB_0322.JPG,Potato,EB,closed,aa5af54b9025cb36,Early Blight
Z:\Projects\Smart-Farming\Datasets\final_combined_datasets\PLCE\EB\PLCE_EB_0323.JPG,Potato,EB,closed,d9ac6ac1a515957a,Early Blight
Z:\Projects\Smart-Farming\Datasets\final_combined_datasets\PLCE\EB\PLCE_EB_0324.JPG,Potato,EB,closed,ac343b5b9023c56f,Early Blight
Z:\Projects\Smart-Farming\Datasets\final_combined_datasets\PLCE\EB\PLCE_EB_0325.JPG,Potato,EB,closed,afe5e44c951c9a94,Early Blight
Z:\Projects\Smart-Farming\Datasets\final_combined_datasets\PLCE\EB\PLCE_EB_0326.JPG,Potato,EB,closed,80033f0ff8ffc0f0,Early Blight
Z:\Projects\Smart-Farming\Datasets\final_combined_datasets\PLCE\EB\PLCE_EB_0327.JPG,Potato,EB,closed,8fd4b00abe813eb5,Early Blight
Z:\Projects\Smart-Farming\Datasets\final_combined_datasets\PLCE\EB\PLCE_EB_0328.JPG,Potato,EB,closed,fa3ea4b494129acb,Early Blight
Z:\Projects\Smart-Farming\Datasets\final_combined_datasets\PLCE\EB\PLCE_EB_0329.JPG,Potato,EB,closed,a201271f9fd8cd69,Early Blight
Z:\Projects\Smart-Farming\Datasets\final_combined_datasets\PLCE\EB\PLCE_EB_0330.JPG,Potato,EB,closed,a846fd1fc3f00ec1,Early Blight
Z:\Projects\Smart-Farming\Datasets\final_combined_datasets\PLCE\EB\PLCE_EB_0331.JPG,Potato,EB,closed,aad823cb36d99097,Early Blight
Z:\Projects\Smart-Farming\Datasets\final_combined_datasets\PLCE\EB\PLCE_EB_0332.JPG,Potato,EB,closed,d555ea4ab16a9929,Early Blight
Z:\Projects\Smart-Farming\Datasets\final_combined_datasets\PLCE\EB\PLCE_EB_0333.JPG,Potato,EB,closed,df0ea894d74a4a69,Early Blight
Z:\Projects\Smart-Farming\Datasets\final_combined_datasets\PLCE\EB\PLCE_EB_0334.JPG,Potato,EB,closed,eacaa5cb959f9024,Early Blight
Z:\Projects\Smart-Farming\Datasets\final_combined_datasets\PLCE\EB\PLCE_EB_0335.JPG,Potato,EB,closed,d38ba7d0c8ecc4e4,Early Blight
Z:\Projects\Smart-Farming\Datasets\final_combined_datasets\PLCE\EB\PLCE_EB_0336.JPG,Potato,EB,closed,d5a56a56a598959c,Early Blight
Z:\Projects\Smart-Farming\Datasets\final_combined_datasets\PLCE\EB\PLCE_EB_0337.JPG,Potato,EB,closed,abe4b480d60fd83d,Early Blight
Z:\Projects\Smart-Farming\Datasets\final_combined_datasets\PLCE\EB\PLCE_EB_0338.JPG,Potato,EB,closed,a20f9d594aa1cde3,Early Blight
Z:\Projects\Smart-Farming\Datasets\final_combined_datasets\PLCE\EB\PLCE_EB_0339.JPG,Potato,EB,closed,aae1b483d0decb8c,Early Blight
Z:\Projects\Smart-Farming\Datasets\final_combined_datasets\PLCE\EB\PLCE_EB_0340.JPG,Potato,EB,closed,8a4b3ffcb4819187,Early Blight
Z:\Projects\Smart-Farming\Datasets\final_combined_datasets\PLCE\EB\PLCE_EB_0341.JPG,Potato,EB,closed,ddd5a18a1e2db22a,Early Blight
Z:\Projects\Smart-Farming\Datasets\final_combined_datasets\PLCE\EB\PLCE_EB_0342.JPG,Potato,EB,closed,e8d2a6cd35c14a9d,Early Blight
Z:\Projects\Smart-Farming\Datasets\final_combined_datasets\PLCE\EB\PLCE_EB_0343.JPG,Potato,EB,closed,aaeaed40d18f921e,Early Blight
Z:\Projects\Smart-Farming\Datasets\final_combined_datasets\PLCE\EB\PLCE_EB_0344.JPG,Potato,EB,closed,be9ae178ccc28d43,Early Blight
Z:\Projects\Smart-Farming\Datasets\final_combined_datasets\PLCE\EB\PLCE_EB_0345.JPG,Potato,EB,closed,efc5b036c5da0649,Early Blight
Z:\Projects\Smart-Farming\Datasets\final_combined_datasets\PLCE\EB\PLCE_EB_0346.JPG,Potato,EB,closed,d7a1e897a556245a,Early Blight
Z:\Projects\Smart-Farming\Datasets\final_combined_datasets\PLCE\EB\PLCE_EB_0347.JPG,Potato,EB,closed,8285bf52f94be03c,Early Blight
Z:\Projects\Smart-Farming\Datasets\final_combined_datasets\PLCE\EB\PLCE_EB_0348.JPG,Potato,EB,closed,8080ff1ff0fe05f0,Early Blight
Z:\Projects\Smart-Farming\Datasets\final_combined_datasets\PLCE\EB\PLCE_EB_0349.JPG,Potato,EB,closed,847ed100df199fb8,Early Blight
Z:\Projects\Smart-Farming\Datasets\final_combined_datasets\PLCE\EB\PLCE_EB_0350.JPG,Potato,EB,closed,bb6ae481e34c5879,Early Blight
Z:\Projects\Smart-Farming\Datasets\final_combined_datasets\PLCE\EB\PLCE_EB_0351.JPG,Potato,EB,closed,af685991b1b3c30e,Early Blight
Z:\Projects\Smart-Farming\Datasets\final_combined_datasets\PLCE\EB\PLCE_EB_0352.JPG,Potato,EB,closed,eadeb0cd9aa48932,Early Blight
Z:\Projects\Smart-Farming\Datasets\final_combined_datasets\PLCE\EB\PLCE_EB_0353.JPG,Potato,EB,closed,88c7fdf81041f387,Early Blight
Z:\Projects\Smart-Farming\Datasets\final_combined_datasets\PLCE\EB\PLCE_EB_0354.JPG,Potato,EB,closed,8aa5b51fc86ccd64,Early Blight
Z:\Projects\Smart-Farming\Datasets\final_combined_datasets\PLCE\EB\PLCE_EB_0355.JPG,Potato,EB,closed,ff51c10f9c21baa1,Early Blight
Z:\Projects\Smart-Farming\Datasets\final_combined_datasets\PLCE\EB\PLCE_EB_0356.JPG,Potato,EB,closed,d7e03217685eab68,Early Blight
Z:\Projects\Smart-Farming\Datasets\final_combined_datasets\PLCE\EB\PLCE_EB_0357.JPG,Potato,EB,closed,ef7864696265cd06,Early Blight
Z:\Projects\Smart-Farming\Datasets\final_combined_datasets\PLCE\EB\PLCE_EB_0358.JPG,Potato,EB,closed,daa9a9c5a1d48e9a,Early Blight
Z:\Projects\Smart-Farming\Datasets\final_combined_datasets\PLCE\EB\PLCE_EB_0359.JPG,Potato,EB,closed,e5221a9dd3cce8c5,Early Blight
Z:\Projects\Smart-Farming\Datasets\final_combined_datasets\PLCE\EB\PLCE_EB_0360.JPG,Potato,EB,closed,8a3cfd1f80f8c1e1,Early Blight
Z:\Projects\Smart-Farming\Datasets\final_combined_datasets\PLCE\EB\PLCE_EB_0361.JPG,Potato,EB,closed,8001ff02fd7bd0f8,Early Blight
Z:\Projects\Smart-Farming\Datasets\final_combined_datasets\PLCE\EB\PLCE_EB_0362.JPG,Potato,EB,closed,f7c8ea37a546940a,Early Blight
Z:\Projects\Smart-Farming\Datasets\final_combined_datasets\PLCE\EB\PLCE_EB_0363.JPG,Potato,EB,closed,de52a02993bd993a,Early Blight
Z:\Projects\Smart-Farming\Datasets\final_combined_datasets\PLCE\EB\PLCE_EB_0364.JPG,Potato,EB,closed,ebd8878c3fc830e1,Early Blight
Z:\Projects\Smart-Farming\Datasets\final_combined_datasets\PLCE\EB\PLCE_EB_0365.JPG,Potato,EB,closed,d5e0ca9b3a70a54e,Early Blight
Z:\Projects\Smart-Farming\Datasets\final_combined_datasets\PLCE\EB\PLCE_EB_0366.JPG,Potato,EB,closed,efc8a58f9494909e,Early Blight
Z:\Projects\Smart-Farming\Datasets\final_combined_datasets\PLCE\EB\PLCE_EB_0367.JPG,Potato,EB,closed,ffd0a00e958b9a35,Early Blight
Z:\Projects\Smart-Farming\Datasets\final_combined_datasets\PLCE\EB\PLCE_EB_0368.JPG,Potato,EB,closed,be9fa1908ad2ccc9,Early Blight
Z:\Projects\Smart-Farming\Datasets\final_combined_datasets\PLCE\EB\PLCE_EB_0369.JPG,Potato,EB,closed,82b3fd42d80bc1ee,Early Blight
Z:\Projects\Smart-Farming\Datasets\final_combined_datasets\PLCE\EB\PLCE_EB_0370.JPG,Potato,EB,closed,8a27ffdae8c8c4c0,Early Blight
Z:\Projects\Smart-Farming\Datasets\final_combined_datasets\PLCE\EB\PLCE_EB_0371.JPG,Potato,EB,closed,8372fec08227ed0f,Early Blight
Z:\Projects\Smart-Farming\Datasets\final_combined_datasets\PLCE\EB\PLCE_EB_0372.JPG,Potato,EB,closed,a89fbf12f829c03c,Early Blight
Z:\Projects\Smart-Farming\Datasets\final_combined_datasets\PLCE\EB\PLCE_EB_0373.JPG,Potato,EB,closed,c15079363c1b1f3d,Early Blight
Z:\Projects\Smart-Farming\Datasets\final_combined_datasets\PLCE\EB\PLCE_EB_0374.JPG,Potato,EB,closed,a880b597925acfe9,Early Blight
Z:\Projects\Smart-Farming\Datasets\final_combined_datasets\PLCE\EB\PLCE_EB_0375.JPG,Potato,EB,closed,fe3ea8f4c0428acb,Early Blight
Z:\Projects\Smart-Farming\Datasets\final_combined_datasets\PLCE\EB\PLCE_EB_0376.JPG,Potato,EB,closed,a9f8c08bcf84cf86,Early Blight
Z:\Projects\Smart-Farming\Datasets\final_combined_datasets\PLCE\EB\PLCE_EB_0377.JPG,Potato,EB,closed,8a7bad01f44bc28f,Early Blight
Z:\Projects\Smart-Farming\Datasets\final_combined_datasets\PLCE\EB\PLCE_EB_0378.JPG,Potato,EB,closed,df0f81b09ec2c8e3,Early Blight
Z:\Projects\Smart-Farming\Datasets\final_combined_datasets\PLCE\EB\PLCE_EB_0379.JPG,Potato,EB,closed,deb4e883adcca584,Early Blight
Z:\Projects\Smart-Farming\Datasets\final_combined_datasets\PLCE\EB\PLCE_EB_0380.JPG,Potato,EB,closed,dd0c6a6564373476,Early Blight
Z:\Projects\Smart-Farming\Datasets\final_combined_datasets\PLCE\EB\PLCE_EB_0381.JPG,Potato,EB,closed,efa3e44e87089639,Early Blight
Z:\Projects\Smart-Farming\Datasets\final_combined_datasets\PLCE\EB\PLCE_EB_0382.JPG,Potato,EB,closed,af85b01fc078cf70,Early Blight
Z:\Projects\Smart-Farming\Datasets\final_combined_datasets\PLCE\EB\PLCE_EB_0383.JPG,Potato,EB,closed,bb636ee6850b421d,Early Blight
Z:\Projects\Smart-Farming\Datasets\final_combined_datasets\PLCE\EB\PLCE_EB_0384.JPG,Potato,EB,closed,82fe3d807803f61f,Early Blight
Z:\Projects\Smart-Farming\Datasets\final_combined_datasets\PLCE\EB\PLCE_EB_0385.JPG,Potato,EB,closed,9f97a2f0dce0180f,Early Blight
Z:\Projects\Smart-Farming\Datasets\final_combined_datasets\PLCE\EB\PLCE_EB_0386.JPG,Potato,EB,closed,ff61e84ac50e8574,Early Blight
Z:\Projects\Smart-Farming\Datasets\final_combined_datasets\PLCE\EB\PLCE_EB_0387.JPG,Potato,EB,closed,9b89e492cbc96c96,Early Blight
Z:\Projects\Smart-Farming\Datasets\final_combined_datasets\PLCE\EB\PLCE_EB_0388.JPG,Potato,EB,closed,e545baa28d9d8a96,Early Blight
Z:\Projects\Smart-Farming\Datasets\final_combined_datasets\PLCE\EB\PLCE_EB_0389.JPG,Potato,EB,closed,fbb0b0ba91189e8b,Early Blight
Z:\Projects\Smart-Farming\Datasets\final_combined_datasets\PLCE\EB\PLCE_EB_0390.JPG,Potato,EB,closed,ffd0b08b36cd1264,Early Blight
Z:\Projects\Smart-Farming\Datasets\final_combined_datasets\PLCE\EB\PLCE_EB_0391.JPG,Potato,EB,closed,fbe3a01e91a88eb4,Early Blight
Z:\Projects\Smart-Farming\Datasets\final_combined_datasets\PLCE\EB\PLCE_EB_0392.JPG,Potato,EB,closed,8280a05fdf7a8f63,Early Blight
Z:\Projects\Smart-Farming\Datasets\final_combined_datasets\PLCE\EB\PLCE_EB_0393.JPG,Potato,EB,closed,a25b351d4c1bce87,Early Blight
Z:\Projects\Smart-Farming\Datasets\final_combined_datasets\PLCE\EB\PLCE_EB_0394.JPG,Potato,EB,closed,df8aeabd253484d0,Early Blight
Z:\Projects\Smart-Farming\Datasets\final_combined_datasets\PLCE\EB\PLCE_EB_0395.JPG,Potato,EB,closed,aab5bd4e90789b81,Early Blight
Z:\Projects\Smart-Farming\Datasets\final_combined_datasets\PLCE\EB\PLCE_EB_0396.JPG,Potato,EB,closed,b977c4409c0fda3c,Early Blight
Z:\Projects\Smart-Farming\Datasets\final_combined_datasets\PLCE\EB\PLCE_EB_0397.JPG,Potato,EB,closed,bb83f03cc7601e87,Early Blight
Z:\Projects\Smart-Farming\Datasets\final_combined_datasets\PLCE\EB\PLCE_EB_0398.JPG,Potato,EB,closed,efc9806b85678c2d,Early Blight
Z:\Projects\Smart-Farming\Datasets\final_combined_datasets\PLCE\EB\PLCE_EB_0399.JPG,Potato,EB,closed,fc41e33d956692b0,Early Blight
Z:\Projects\Smart-Farming\Datasets\final_combined_datasets\PLCE\EB\PLCE_EB_0400.JPG,Potato,EB,closed,a272de818d87cc9d,Early Blight
Z:\Projects\Smart-Farming\Datasets\final_combined_datasets\PLCE\EB\PLCE_EB_0401.JPG,Potato,EB,closed,aee4a48fc1cc9e98,Early Blight
Z:\Projects\Smart-Farming\Datasets\final_combined_datasets\PLCE\EB\PLCE_EB_0402.JPG,Potato,EB,closed,ca773db1911a9239,Early Blight
Z:\Projects\Smart-Farming\Datasets\final_combined_datasets\PLCE\EB\PLCE_EB_0403.JPG,Potato,EB,closed,a0e4ef0dd40b9a3e,Early Blight
Z:\Projects\Smart-Farming\Datasets\final_combined_datasets\PLCE\EB\PLCE_EB_0404.JPG,Potato,EB,closed,efb1b1f0c1c2c2c3,Early Blight
Z:\Projects\Smart-Farming\Datasets\final_combined_datasets\PLCE\EB\PLCE_EB_0405.JPG,Potato,EB,closed,de2fa535961298ca,Early Blight
Z:\Projects\Smart-Farming\Datasets\final_combined_datasets\PLCE\EB\PLCE_EB_0406.JPG,Potato,EB,closed,fe9d60d848b1cb61,Early Blight
Z:\Projects\Smart-Farming\Datasets\final_combined_datasets\PLCE\EB\PLCE_EB_0407.JPG,Potato,EB,closed,cdf865c716c9328c,Early Blight
Z:\Projects\Smart-Farming\Datasets\final_combined_datasets\PLCE\EB\PLCE_EB_0408.JPG,Potato,EB,closed,eab4a5c29692da1d,Early Blight
Z:\Projects\Smart-Farming\Datasets\final_combined_datasets\PLCE\EB\PLCE_EB_0409.JPG,Potato,EB,closed,fe90e1d2c78b0a9c,Early Blight
Z:\Projects\Smart-Farming\Datasets\final_combined_datasets\PLCE\EB\PLCE_EB_0410.JPG,Potato,EB,closed,fc2a8195ae723876,Early Blight
Z:\Projects\Smart-Farming\Datasets\final_combined_datasets\PLCE\EB\PLCE_EB_0411.JPG,Potato,EB,closed,ff8ba0b58e509a4a,Early Blight
Z:\Projects\Smart-Farming\Datasets\final_combined_datasets\PLCE\EB\PLCE_EB_0412.JPG,Potato,EB,closed,8adaa5e996809f17,Early Blight
Z:\Projects\Smart-Farming\Datasets\final_combined_datasets\PLCE\EB\PLCE_EB_0413.JPG,Potato,EB,closed,ffc0b1c336cc1aa4,Early Blight
Z:\Projects\Smart-Farming\Datasets\final_combined_datasets\PLCE\EB\PLCE_EB_0414.JPG,Potato,EB,closed,fb42724ada8e4b1c,Early Blight
Z:\Projects\Smart-Farming\Datasets\final_combined_datasets\PLCE\EB\PLCE_EB_0415.JPG,Potato,EB,closed,af1fa5169e429919,Early Blight
Z:\Projects\Smart-Farming\Datasets\final_combined_datasets\PLCE\EB\PLCE_EB_0416.JPG,Potato,EB,closed,8a5bf7a08107df70,Early Blight
Z:\Projects\Smart-Farming\Datasets\final_combined_datasets\PLCE\EB\PLCE_EB_0417.JPG,Potato,EB,closed,9ae02dc9e53dc43c,Early Blight
Z:\Projects\Smart-Farming\Datasets\final_combined_datasets\PLCE\EB\PLCE_EB_0418.JPG,Potato,EB,closed,bf68d0c1cf8f8c18,Early Blight
Z:\Projects\Smart-Farming\Datasets\final_combined_datasets\PLCE\EB\PLCE_EB_0419.JPG,Potato,EB,closed,b5c24ec89833dab6,Early Blight
Z:\Projects\Smart-Farming\Datasets\final_combined_datasets\PLCE\EB\PLCE_EB_0420.JPG,Potato,EB,closed,d5f0ea0789989db8,Early Blight
Z:\Projects\Smart-Farming\Datasets\final_combined_datasets\PLCE\EB\PLCE_EB_0421.JPG,Potato,EB,closed,dff4e0d2958d9288,Early Blight
Z:\Projects\Smart-Farming\Datasets\final_combined_datasets\PLCE\EB\PLCE_EB_0422.JPG,Potato,EB,closed,dda2619da2512d5b,Early Blight
Z:\Projects\Smart-Farming\Datasets\final_combined_datasets\PLCE\EB\PLCE_EB_0423.JPG,Potato,EB,closed,df3aa0b481d19fc8,Early Blight
Z:\Projects\Smart-Farming\Datasets\final_combined_datasets\PLCE\EB\PLCE_EB_0424.JPG,Potato,EB,closed,aaa5bf51f84ac06c,Early Blight
Z:\Projects\Smart-Farming\Datasets\final_combined_datasets\PLCE\EB\PLCE_EB_0425.JPG,Potato,EB,closed,8ef62dc0e5939c0b,Early Blight
Z:\Projects\Smart-Farming\Datasets\final_combined_datasets\PLCE\EB\PLCE_EB_0426.JPG,Potato,EB,closed,ab6ad664c962660f,Early Blight
Z:\Projects\Smart-Farming\Datasets\final_combined_datasets\PLCE\EB\PLCE_EB_0427.JPG,Potato,EB,closed,eb85e594629ae398,Early Blight
Z:\Projects\Smart-Farming\Datasets\final_combined_datasets\PLCE\EB\PLCE_EB_0428.JPG,Potato,EB,closed,90be2f01f44ea27d,Early Blight
Z:\Projects\Smart-Farming\Datasets\final_combined_datasets\PLCE\EB\PLCE_EB_0429.JPG,Potato,EB,closed,da52a18b8e3dd835,Early Blight
Z:\Projects\Smart-Farming\Datasets\final_combined_datasets\PLCE\EB\PLCE_EB_0430.JPG,Potato,EB,closed,fedae1c0828587bc,Early Blight
Z:\Projects\Smart-Farming\Datasets\final_combined_datasets\PLCE\EB\PLCE_EB_0431.JPG,Potato,EB,closed,8ca0bd1fc27c8f61,Early Blight
Z:\Projects\Smart-Farming\Datasets\final_combined_datasets\PLCE\EB\PLCE_EB_0432.JPG,Potato,EB,closed,abb5f4c2800fcf34,Early Blight
Z:\Projects\Smart-Farming\Datasets\final_combined_datasets\PLCE\EB\PLCE_EB_0433.JPG,Potato,EB,closed,de856b9668d063d8,Early Blight
Z:\Projects\Smart-Farming\Datasets\final_combined_datasets\PLCE\EB\PLCE_EB_0434.JPG,Potato,EB,closed,ecc625691ae49bb2,Early Blight
Z:\Projects\Smart-Farming\Datasets\final_combined_datasets\PLCE\EB\PLCE_EB_0435.JPG,Potato,EB,closed,eb686869c565cd94,Early Blight
Z:\Projects\Smart-Farming\Datasets\final_combined_datasets\PLCE\EB\PLCE_EB_0436.JPG,Potato,EB,closed,dfd4e0ca9d399031,Early Blight
Z:\Projects\Smart-Farming\Datasets\final_combined_datasets\PLCE\EB\PLCE_EB_0437.JPG,Potato,EB,closed,8ad2f6c0ca9fb8a4,Early Blight
Z:\Projects\Smart-Farming\Datasets\final_combined_datasets\PLCE\EB\PLCE_EB_0438.JPG,Potato,EB,closed,ff2aa0968740daea,Early Blight
Z:\Projects\Smart-Farming\Datasets\final_combined_datasets\PLCE\EB\PLCE_EB_0439.JPG,Potato,EB,closed,ee42c56d4dcf4858,Early Blight
Z:\Projects\Smart-Farming\Datasets\final_combined_datasets\PLCE\EB\PLCE_EB_0440.JPG,Potato,EB,closed,f572aae2c78c8c1c,Early Blight
Z:\Projects\Smart-Farming\Datasets\final_combined_datasets\PLCE\EB\PLCE_EB_0441.JPG,Potato,EB,closed,e0b12fc9ae573138,Early Blight
Z:\Projects\Smart-Farming\Datasets\final_combined_datasets\PLCE\EB\PLCE_EB_0442.JPG,Potato,EB,closed,aae0bdcbb40db087,Early Blight
Z:\Projects\Smart-Farming\Datasets\final_combined_datasets\PLCE\EB\PLCE_EB_0443.JPG,Potato,EB,closed,df0f80d0cacbe964,Early Blight
Z:\Projects\Smart-Farming\Datasets\final_combined_datasets\PLCE\EB\PLCE_EB_0444.JPG,Potato,EB,closed,d551a246dc0a9afe,Early Blight
Z:\Projects\Smart-Farming\Datasets\final_combined_datasets\PLCE\EB\PLCE_EB_0445.JPG,Potato,EB,closed,af8fd09ee2d0e1c0,Early Blight
Z:\Projects\Smart-Farming\Datasets\final_combined_datasets\PLCE\EB\PLCE_EB_0446.JPG,Potato,EB,closed,dd2aac95d31a9a19,Early Blight
Z:\Projects\Smart-Farming\Datasets\final_combined_datasets\PLCE\EB\PLCE_EB_0447.JPG,Potato,EB,closed,eb50e06bc26dcb07,Early Blight
Z:\Projects\Smart-Farming\Datasets\final_combined_datasets\PLCE\EB\PLCE_EB_0448.JPG,Potato,EB,closed,eac891e59b96ac91,Early Blight
Z:\Projects\Smart-Farming\Datasets\final_combined_datasets\PLCE\EB\PLCE_EB_0449.JPG,Potato,EB,closed,fb60e00f5a6cd81b,Early Blight
Z:\Projects\Smart-Farming\Datasets\final_combined_datasets\PLCE\EB\PLCE_EB_0450.JPG,Potato,EB,closed,8aaebdd0f402d22f,Early Blight
Z:\Projects\Smart-Farming\Datasets\final_combined_datasets\PLCE\EB\PLCE_EB_0451.JPG,Potato,EB,closed,fa96a15994489e6d,Early Blight
Z:\Projects\Smart-Farming\Datasets\final_combined_datasets\PLCE\EB\PLCE_EB_0452.JPG,Potato,EB,closed,aa7fad40c50cff08,Early Blight
Z:\Projects\Smart-Farming\Datasets\final_combined_datasets\PLCE\EB\PLCE_EB_0453.JPG,Potato,EB,closed,be41e027f13a0f39,Early Blight
Z:\Projects\Smart-Farming\Datasets\final_combined_datasets\PLCE\EB\PLCE_EB_0454.JPG,Potato,EB,closed,aae02584e69eb4db,Early Blight
Z:\Projects\Smart-Farming\Datasets\final_combined_datasets\PLCE\EB\PLCE_EB_0455.JPG,Potato,EB,closed,df0faabc9550984a,Early Blight
Z:\Projects\Smart-Farming\Datasets\final_combined_datasets\PLCE\EB\PLCE_EB_0456.JPG,Potato,EB,closed,887c3f04f4e2c277,Early Blight
Z:\Projects\Smart-Farming\Datasets\final_combined_datasets\PLCE\EB\PLCE_EB_0457.JPG,Potato,EB,closed,ff50e14bda0ed818,Early Blight
Z:\Projects\Smart-Farming\Datasets\final_combined_datasets\PLCE\EB\PLCE_EB_0458.JPG,Potato,EB,closed,eb50604b636de22f,Early Blight
Z:\Projects\Smart-Farming\Datasets\final_combined_datasets\PLCE\EB\PLCE_EB_0459.JPG,Potato,EB,closed,d6d5e10a972f9831,Early Blight
Z:\Projects\Smart-Farming\Datasets\final_combined_datasets\PLCE\EB\PLCE_EB_0460.JPG,Potato,EB,closed,aada35cb3449b28d,Early Blight
Z:\Projects\Smart-Farming\Datasets\final_combined_datasets\PLCE\EB\PLCE_EB_0461.JPG,Potato,EB,closed,abc3a534d4798636,Early Blight
Z:\Projects\Smart-Farming\Datasets\final_combined_datasets\PLCE\EB\PLCE_EB_0462.JPG,Potato,EB,closed,8a85bd5b943aa978,Early Blight
Z:\Projects\Smart-Farming\Datasets\final_combined_datasets\PLCE\EB\PLCE_EB_0463.JPG,Potato,EB,closed,eae1e086879e963c,Early Blight
Z:\Projects\Smart-Farming\Datasets\final_combined_datasets\PLCE\EB\PLCE_EB_0464.JPG,Potato,EB,closed,febe9c706830c3c8,Early Blight
Z:\Projects\Smart-Farming\Datasets\final_combined_datasets\PLCE\EB\PLCE_EB_0465.JPG,Potato,EB,closed,caa9a5d61b8b9349,Early Blight
Z:\Projects\Smart-Farming\Datasets\final_combined_datasets\PLCE\EB\PLCE_EB_0466.JPG,Potato,EB,closed,eea9a4359a729a4a,Early Blight
Z:\Projects\Smart-Farming\Datasets\final_combined_datasets\PLCE\EB\PLCE_EB_0467.JPG,Potato,EB,closed,ea9a25cb1acc3965,Early Blight
Z:\Projects\Smart-Farming\Datasets\final_combined_datasets\PLCE\EB\PLCE_EB_0468.JPG,Potato,EB,closed,aa6ad521db37cc18,Early Blight
Z:\Projects\Smart-Farming\Datasets\final_combined_datasets\PLCE\EB\PLCE_EB_0469.JPG,Potato,EB,closed,d52ba775b4729888,Early Blight
Z:\Projects\Smart-Farming\Datasets\final_combined_datasets\PLCE\EB\PLCE_EB_0470.JPG,Potato,EB,closed,d6a46ab515562b6a,Early Blight
Z:\Projects\Smart-Farming\Datasets\final_combined_datasets\PLCE\EB\PLCE_EB_0471.JPG,Potato,EB,closed,d5b26a91ae4c3578,Early Blight
Z:\Projects\Smart-Farming\Datasets\final_combined_datasets\PLCE\EB\PLCE_EB_0472.JPG,Potato,EB,closed,ff1f8512ca4a8d45,Early Blight
Z:\Projects\Smart-Farming\Datasets\final_combined_datasets\PLCE\EB\PLCE_EB_0473.JPG,Potato,EB,closed,8fcfbc06c23e2718,Early Blight
Z:\Projects\Smart-Farming\Datasets\final_combined_datasets\PLCE\EB\PLCE_EB_0474.JPG,Potato,EB,closed,dd45a03a4729cb67,Early Blight
Z:\Projects\Smart-Farming\Datasets\final_combined_datasets\PLCE\EB\PLCE_EB_0475.JPG,Potato,EB,closed,aaf3ed809589d02f,Early Blight
Z:\Projects\Smart-Farming\Datasets\final_combined_datasets\PLCE\EB\PLCE_EB_0476.JPG,Potato,EB,closed,f6a560956bd88d1a,Early Blight
Z:\Projects\Smart-Farming\Datasets\final_combined_datasets\PLCE\EB\PLCE_EB_0477.JPG,Potato,EB,closed,885ef5c0c207df3c,Early Blight
Z:\Projects\Smart-Farming\Datasets\final_combined_datasets\PLCE\EB\PLCE_EB_0478.JPG,Potato,EB,closed,b78bc0558a69c567,Early Blight
Z:\Projects\Smart-Farming\Datasets\final_combined_datasets\PLCE\EB\PLCE_EB_0479.JPG,Potato,EB,closed,beada094cb98cdc1,Early Blight
Z:\Projects\Smart-Farming\Datasets\final_combined_datasets\PLCE\EB\PLCE_EB_0480.JPG,Potato,EB,closed,8d1ffae0fb09e003,Early Blight
Z:\Projects\Smart-Farming\Datasets\final_combined_datasets\PLCE\EB\PLCE_EB_0481.JPG,Potato,EB,closed,81067f0f707ee1f0,Early Blight
Z:\Projects\Smart-Farming\Datasets\final_combined_datasets\PLCE\EB\PLCE_EB_0482.JPG,Potato,EB,closed,8001b75b4b7dd47a,Early Blight
Z:\Projects\Smart-Farming\Datasets\final_combined_datasets\PLCE\EB\PLCE_EB_0483.JPG,Potato,EB,closed,d5aea3911855aace,Early Blight
Z:\Projects\Smart-Farming\Datasets\final_combined_datasets\PLCE\EB\PLCE_EB_0484.JPG,Potato,EB,closed,b7c16e93304f318e,Early Blight
Z:\Projects\Smart-Farming\Datasets\final_combined_datasets\PLCE\EB\PLCE_EB_0485.JPG,Potato,EB,closed,aa7ec0819f4e5c99,Early Blight
Z:\Projects\Smart-Farming\Datasets\final_combined_datasets\PLCE\EB\PLCE_EB_0486.JPG,Potato,EB,closed,ff97a192c24ac5e0,Early Blight
Z:\Projects\Smart-Farming\Datasets\final_combined_datasets\PLCE\EB\PLCE_EB_0487.JPG,Potato,EB,closed,8285b71adf4afc41,Early Blight
Z:\Projects\Smart-Farming\Datasets\final_combined_datasets\PLCE\EB\PLCE_EB_0488.JPG,Potato,EB,closed,ae9cb8e2c1d38749,Early Blight
Z:\Projects\Smart-Farming\Datasets\final_combined_datasets\PLCE\EB\PLCE_EB_0489.JPG,Potato,EB,closed,8b01b45ee3703f78,Early Blight
Z:\Projects\Smart-Farming\Datasets\final_combined_datasets\PLCE\EB\PLCE_EB_0490.JPG,Potato,EB,closed,dfe1e0ca96859ab0,Early Blight
Z:\Projects\Smart-Farming\Datasets\final_combined_datasets\PLCE\EB\PLCE_EB_0491.JPG,Potato,EB,closed,fa19349acac9c565,Early Blight
Z:\Projects\Smart-Farming\Datasets\final_combined_datasets\PLCE\EB\PLCE_EB_0492.JPG,Potato,EB,closed,ff62ea0a830ed43c,Early Blight
Z:\Projects\Smart-Farming\Datasets\final_combined_datasets\PLCE\EB\PLCE_EB_0493.JPG,Potato,EB,closed,fec246cf389bb081,Early Blight
Z:\Projects\Smart-Farming\Datasets\final_combined_datasets\PLCE\EB\PLCE_EB_0494.JPG,Potato,EB,closed,be97c0f4d86a18f0,Early Blight
Z:\Projects\Smart-Farming\Datasets\final_combined_datasets\PLCE\EB\PLCE_EB_0495.JPG,Potato,EB,closed,f7f4c047ae1ab188,Early Blight
Z:\Projects\Smart-Farming\Datasets\final_combined_datasets\PLCE\EB\PLCE_EB_0496.JPG,Potato,EB,closed,ff45b0ca82a78aa6,Early Blight
Z:\Projects\Smart-Farming\Datasets\final_combined_datasets\PLCE\EB\PLCE_EB_0497.JPG,Potato,EB,closed,efc2a40d868cd63d,Early Blight
Z:\Projects\Smart-Farming\Datasets\final_combined_datasets\PLCE\EB\PLCE_EB_0498.JPG,Potato,EB,closed,d7a96a95a1c3960b,Early Blight
Z:\Projects\Smart-Farming\Datasets\final_combined_datasets\PLCE\EB\PLCE_EB_0499.JPG,Potato,EB,closed,ba85b452cb58cd69,Early Blight
Z:\Projects\Smart-Farming\Datasets\final_combined_datasets\PLCE\EB\PLCE_EB_0500.JPG,Potato,EB,closed,9ad2258d35e0976d,Early Blight
Z:\Projects\Smart-Farming\Datasets\final_combined_datasets\PLCE\EB\PLCE_EB_0501.JPG,Potato,EB,closed,cfd264ca9699b289,Early Blight
Z:\Projects\Smart-Farming\Datasets\final_combined_datasets\PLCE\EB\PLCE_EB_0502.JPG,Potato,EB,closed,8a05975ab97dc4f0,Early Blight
Z:\Projects\Smart-Farming\Datasets\final_combined_datasets\PLCE\EB\PLCE_EB_0503.JPG,Potato,EB,closed,eac1a59e9738b261,Early Blight
Z:\Projects\Smart-Farming\Datasets\final_combined_datasets\PLCE\EB\PLCE_EB_0504.JPG,Potato,EB,closed,df8fa2d5c4508aca,Early Blight
Z:\Projects\Smart-Farming\Datasets\final_combined_datasets\PLCE\EB\PLCE_EB_0505.JPG,Potato,EB,closed,b276c580d63ecc99,Early Blight
Z:\Projects\Smart-Farming\Datasets\final_combined_datasets\PLCE\EB\PLCE_EB_0506.JPG,Potato,EB,closed,ab01b49fc3d8cde0,Early Blight
Z:\Projects\Smart-Farming\Datasets\final_combined_datasets\PLCE\EB\PLCE_EB_0507.JPG,Potato,EB,closed,efd0e083b538346d,Early Blight
Z:\Projects\Smart-Farming\Datasets\final_combined_datasets\PLCE\EB\PLCE_EB_0508.JPG,Potato,EB,closed,9e05e653c83c63ec,Early Blight
Z:\Projects\Smart-Farming\Datasets\final_combined_datasets\PLCE\EB\PLCE_EB_0509.JPG,Potato,EB,closed,f88738729564ca37,Early Blight
Z:\Projects\Smart-Farming\Datasets\final_combined_datasets\PLCE\EB\PLCE_EB_0510.JPG,Potato,EB,closed,ab85b11ec369c671,Early Blight
Z:\Projects\Smart-Farming\Datasets\final_combined_datasets\PLCE\EB\PLCE_EB_0511.JPG,Potato,EB,closed,beb333c8950f9225,Early Blight
Z:\Projects\Smart-Farming\Datasets\final_combined_datasets\PLCE\EB\PLCE_EB_0512.JPG,Potato,EB,closed,809f3ffcf5c07201,Early Blight
Z:\Projects\Smart-Farming\Datasets\final_combined_datasets\PLCE\EB\PLCE_EB_0513.JPG,Potato,EB,closed,ff6aa825a5349730,Early Blight
Z:\Projects\Smart-Farming\Datasets\final_combined_datasets\PLCE\EB\PLCE_EB_0514.JPG,Potato,EB,closed,dfd5e143940d5a34,Early Blight
Z:\Projects\Smart-Farming\Datasets\final_combined_datasets\PLCE\EB\PLCE_EB_0515.JPG,Potato,EB,closed,efe8e1c9919e9032,Early Blight
Z:\Projects\Smart-Farming\Datasets\final_combined_datasets\PLCE\EB\PLCE_EB_0516.JPG,Potato,EB,closed,dfd5a14a960d8aac,Early Blight
Z:\Projects\Smart-Farming\Datasets\final_combined_datasets\PLCE\EB\PLCE_EB_0517.JPG,Potato,EB,closed,a331ff0fc8fc8320,Early Blight
Z:\Projects\Smart-Farming\Datasets\final_combined_datasets\PLCE\EB\PLCE_EB_0518.JPG,Potato,EB,closed,aac0b5c6d61ee29c,Early Blight
Z:\Projects\Smart-Farming\Datasets\final_combined_datasets\PLCE\EB\PLCE_EB_0519.JPG,Potato,EB,closed,eec1a8cb851ed5a8,Early Blight
Z:\Projects\Smart-Farming\Datasets\final_combined_datasets\PLCE\EB\PLCE_EB_0520.JPG,Potato,EB,closed,aad2e4cf9a0599b4,Early Blight
Z:\Projects\Smart-Farming\Datasets\final_combined_datasets\PLCE\EB\PLCE_EB_0521.JPG,Potato,EB,closed,ae70f74fc0bc4912,Early Blight
Z:\Projects\Smart-Farming\Datasets\final_combined_datasets\PLCE\EB\PLCE_EB_0522.JPG,Potato,EB,closed,8afeed00d70dca31,Early Blight
Z:\Projects\Smart-Farming\Datasets\final_combined_datasets\PLCE\EB\PLCE_EB_0523.JPG,Potato,EB,closed,ff1b64309c72194d,Early Blight
Z:\Projects\Smart-Farming\Datasets\final_combined_datasets\PLCE\EB\PLCE_EB_0524.JPG,Potato,EB,closed,ff2ba8d48550946e,Early Blight
Z:\Projects\Smart-Farming\Datasets\final_combined_datasets\PLCE\EB\PLCE_EB_0525.JPG,Potato,EB,closed,ffc0a0c53fc8158d,Early Blight
Z:\Projects\Smart-Farming\Datasets\final_combined_datasets\PLCE\EB\PLCE_EB_0526.JPG,Potato,EB,closed,ab03e19d0b5a2f39,Early Blight
Z:\Projects\Smart-Farming\Datasets\final_combined_datasets\PLCE\EB\PLCE_EB_0527.JPG,Potato,EB,closed,aa52b469c34fdc1c,Early Blight
Z:\Projects\Smart-Farming\Datasets\final_combined_datasets\PLCE\EB\PLCE_EB_0528.JPG,Potato,EB,closed,af81a496c29ccfe1,Early Blight
Z:\Projects\Smart-Farming\Datasets\final_combined_datasets\PLCE\EB\PLCE_EB_0529.JPG,Potato,EB,closed,eacaf4c19b8788b2,Early Blight
Z:\Projects\Smart-Farming\Datasets\final_combined_datasets\PLCE\EB\PLCE_EB_0530.JPG,Potato,EB,closed,b805e7d6c1fec700,Early Blight
Z:\Projects\Smart-Farming\Datasets\final_combined_datasets\PLCE\H\PLCE_H_0200.jpg,Potato,H,closed,a54fdeb4e0c113c3,Healthy
Z:\Projects\Smart-Farming\Datasets\final_combined_datasets\PLCE\H\PLCE_H_0201.jpg,Potato,H,closed,fa1a8be1b4966296,Healthy
Z:\Projects\Smart-Farming\Datasets\final_combined_datasets\PLCE\H\PLCE_H_0202.jpg,Potato,H,closed,f03a8a6795ce5598,Healthy
Z:\Projects\Smart-Farming\Datasets\final_combined_datasets\PLCE\H\PLCE_H_0203.jpg,Potato,H,closed,fbb5a04f872a9461,Healthy
Z:\Projects\Smart-Farming\Datasets\final_combined_datasets\PLCE\H\PLCE_H_0204.jpg,Potato,H,closed,aa96b54ac22d0fb6,Healthy
Z:\Projects\Smart-Farming\Datasets\final_combined_datasets\PLCE\H\PLCE_H_0205.jpg,Potato,H,closed,bfc1e01f227ae524,Healthy
Z:\Projects\Smart-Farming\Datasets\final_combined_datasets\PLCE\H\PLCE_H_0206.jpg,Potato,H,closed,fb36a048c76a1e35,Healthy
Z:\Projects\Smart-Farming\Datasets\final_combined_datasets\PLCE\H\PLCE_H_0207.jpg,Potato,H,closed,fa85819c915ab76a,Healthy
Z:\Projects\Smart-Farming\Datasets\final_combined_datasets\PLCE\H\PLCE_H_0208.jpg,Potato,H,closed,faa5851e9c38da91,Healthy
Z:\Projects\Smart-Farming\Datasets\final_combined_datasets\PLCE\H\PLCE_H_0209.jpg,Potato,H,closed,aff0d0cbc00fc666,Healthy
Z:\Projects\Smart-Farming\Datasets\final_combined_datasets\PLCE\H\PLCE_H_0210.jpg,Potato,H,closed,e8a6839c9b588d79,Healthy
Z:\Projects\Smart-Farming\Datasets\final_combined_datasets\PLCE\H\PLCE_H_0211.jpg,Potato,H,closed,bdb6f638c2301be0,Healthy
Z:\Projects\Smart-Farming\Datasets\final_combined_datasets\PLCE\H\PLCE_H_0212.jpg,Potato,H,closed,afe1b483da0e98cc,Healthy
Z:\Projects\Smart-Farming\Datasets\final_combined_datasets\PLCE\H\PLCE_H_0213.jpg,Potato,H,closed,e8e2a52f976586a4,Healthy
Z:\Projects\Smart-Farming\Datasets\final_combined_datasets\PLCE\H\PLCE_H_0214.jpg,Potato,H,closed,bf9ef438c2389a60,Healthy
Z:\Projects\Smart-Farming\Datasets\final_combined_datasets\PLCE\H\PLCE_H_0215.jpg,Potato,H,closed,abd1b50a5e6df024,Healthy
Z:\Projects\Smart-Farming\Datasets\final_combined_datasets\PLCE\H\PLCE_H_0216.jpg,Potato,H,closed,f0f287a69c6491ce,Healthy
Z:\Projects\Smart-Farming\Datasets\final_combined_datasets\PLCE\H\PLCE_H_0217.jpg,Potato,H,closed,f8a987959c52986b,Healthy
Z:\Projects\Smart-Farming\Datasets\final_combined_datasets\PLCE\H\PLCE_H_0218.jpg,Potato,H,closed,ff80a09f4e78e560,Healthy
Z:\Projects\Smart-Farming\Datasets\final_combined_datasets\PLCE\H\PLCE_H_0219.jpg,Potato,H,closed,bad2810f3e6033e7,Healthy
Z:\Projects\Smart-Farming\Datasets\final_combined_datasets\PLCE\H\PLCE_H_0220.jpg,Potato,H,closed,ef95d2cae5702630,Healthy
Z:\Projects\Smart-Farming\Datasets\final_combined_datasets\PLCE\H\PLCE_H_0221.jpg,Potato,H,closed,fac38f982533662c,Healthy
Z:\Projects\Smart-Farming\Datasets\final_combined_datasets\PLCE\H\PLCE_H_0222.jpg,Potato,H,closed,ba7bd180c01bc78f,Healthy
Z:\Projects\Smart-Farming\Datasets\final_combined_datasets\PLCE\H\PLCE_H_0223.jpg,Potato,H,closed,ba94d0cac5cce572,Healthy
Z:\Projects\Smart-Farming\Datasets\final_combined_datasets\PLCE\H\PLCE_H_0224.jpg,Potato,H,closed,ab95945acdc1c4e5,Healthy
Z:\Projects\Smart-Farming\Datasets\final_combined_datasets\PLCE\H\PLCE_H_1315.jpg,Potato,H,closed,af5ad081c2374d3e,Healthy
Z:\Projects\Smart-Farming\Datasets\final_combined_datasets\PLCE\H\PLCE_H_0225.jpg,Potato,H,closed,ad92dacdc0e2f071,Healthy
Z:\Projects\Smart-Farming\Datasets\final_combined_datasets\PLCE\H\PLCE_H_0226.jpg,Potato,H,closed,a994d2cbe53e311a,Healthy
Z:\Projects\Smart-Farming\Datasets\final_combined_datasets\PLCE\H\PLCE_H_0227.jpg,Potato,H,closed,ab97d04acd248677,Healthy
Z:\Projects\Smart-Farming\Datasets\final_combined_datasets\PLCE\H\PLCE_H_0228.jpg,Potato,H,closed,ebb1955298c9c98d,Healthy
Z:\Projects\Smart-Farming\Datasets\final_combined_datasets\PLCE\H\PLCE_H_0229.jpg,Potato,H,closed,bfe0c00fdc3ad831,Healthy
Z:\Projects\Smart-Farming\Datasets\final_combined_datasets\PLCE\H\PLCE_H_0230.jpg,Potato,H,closed,baf4c402cf1bf831,Healthy
Z:\Projects\Smart-Farming\Datasets\final_combined_datasets\PLCE\H\PLCE_H_0231.jpg,Potato,H,closed,faa5e0d00b8fe760,Healthy
Z:\Projects\Smart-Farming\Datasets\final_combined_datasets\PLCE\H\PLCE_H_0232.jpg,Potato,H,closed,fef3e08a874c9aa0,Healthy
Z:\Projects\Smart-Farming\Datasets\final_combined_datasets\PLCE\H\PLCE_H_0233.jpg,Potato,H,closed,fcaea0909755ca63,Healthy
Z:\Projects\Smart-Farming\Datasets\final_combined_datasets\PLCE\H\PLCE_H_0234.jpg,Potato,H,closed,abf8b5c0569eb620,Healthy
Z:\Projects\Smart-Farming\Datasets\final_combined_datasets\PLCE\H\PLCE_H_0235.jpg,Potato,H,closed,ea35a3539562944f,Healthy
Z:\Projects\Smart-Farming\Datasets\final_combined_datasets\PLCE\H\PLCE_H_0236.jpg,Potato,H,closed,ea35b559946a9a45,Healthy
Z:\Projects\Smart-Farming\Datasets\final_combined_datasets\PLCE\H\PLCE_H_0237.jpg,Potato,H,closed,be63e02cc734cf12,Healthy
Z:\Projects\Smart-Farming\Datasets\final_combined_datasets\PLCE\H\PLCE_H_0238.jpg,Potato,H,closed,fcc3c11f87389331,Healthy
Z:\Projects\Smart-Farming\Datasets\final_combined_datasets\PLCE\H\PLCE_H_0239.jpg,Potato,H,closed,f851c72ed9359c30,Healthy
Z:\Projects\Smart-Farming\Datasets\final_combined_datasets\PLCE\H\PLCE_H_0240.jpg,Potato,H,closed,bf7df0008bbe881a,Healthy
Z:\Projects\Smart-Farming\Datasets\final_combined_datasets\PLCE\H\PLCE_H_0241.jpg,Potato,H,closed,ea0d94529562da6f,Healthy
Z:\Projects\Smart-Farming\Datasets\final_combined_datasets\PLCE\H\PLCE_H_0242.jpg,Potato,H,closed,ea2aa55596ead50a,Healthy
Z:\Projects\Smart-Farming\Datasets\final_combined_datasets\PLCE\H\PLCE_H_0243.jpg,Potato,H,closed,abdc954a9a25d926,Healthy
Z:\Projects\Smart-Farming\Datasets\final_combined_datasets\PLCE\H\PLCE_H_0244.jpg,Potato,H,closed,fe1de07285611a67,Healthy
Z:\Projects\Smart-Farming\Datasets\final_combined_datasets\PLCE\H\PLCE_H_0245.jpg,Potato,H,closed,ead8b5469425da36,Healthy
Z:\Projects\Smart-Farming\Datasets\final_combined_datasets\PLCE\H\PLCE_H_0246.jpg,Potato,H,closed,ba0ce57bc4609e63,Healthy
Z:\Projects\Smart-Farming\Datasets\final_combined_datasets\PLCE\H\PLCE_H_0247.jpg,Potato,H,closed,f03987779c66588c,Healthy
Z:\Projects\Smart-Farming\Datasets\final_combined_datasets\PLCE\H\PLCE_H_0248.jpg,Potato,H,closed,efdc940b9b2d4930,Healthy
Z:\Projects\Smart-Farming\Datasets\final_combined_datasets\PLCE\H\PLCE_H_0249.jpg,Potato,H,closed,bf18c03187e31acf,Healthy
Z:\Projects\Smart-Farming\Datasets\final_combined_datasets\PLCE\H\PLCE_H_0250.jpg,Potato,H,closed,f09b87549c62196f,Healthy
Z:\Projects\Smart-Farming\Datasets\final_combined_datasets\PLCE\H\PLCE_H_0251.jpg,Potato,H,closed,aa5eb592c2e10f2b,Healthy
Z:\Projects\Smart-Farming\Datasets\final_combined_datasets\PLCE\H\PLCE_H_0252.jpg,Potato,H,closed,ba7ea5a596f0a094,Healthy
Z:\Projects\Smart-Farming\Datasets\final_combined_datasets\PLCE\H\PLCE_H_0253.jpg,Potato,H,closed,f878aaa295c79c54,Healthy
Z:\Projects\Smart-Farming\Datasets\final_combined_datasets\PLCE\H\PLCE_H_0254.jpg,Potato,H,closed,a95cffc0802d0f37,Healthy
Z:\Projects\Smart-Farming\Datasets\final_combined_datasets\PLCE\H\PLCE_H_0255.jpg,Potato,H,closed,af33d068cb2d8f05,Healthy
Z:\Projects\Smart-Farming\Datasets\final_combined_datasets\PLCE\H\PLCE_H_0256.jpg,Potato,H,closed,b598db6cc407c03f,Healthy
Z:\Projects\Smart-Farming\Datasets\final_combined_datasets\PLCE\H\PLCE_H_0257.jpg,Potato,H,closed,a992d04ac12fc77d,Healthy
Z:\Projects\Smart-Farming\Datasets\final_combined_datasets\PLCE\H\PLCE_H_0258.jpg,Potato,H,closed,a513da69c8fcc706,Healthy
Z:\Projects\Smart-Farming\Datasets\final_combined_datasets\PLCE\H\PLCE_H_0259.jpg,Potato,H,closed,fac6811e8f788d23,Healthy
Z:\Projects\Smart-Farming\Datasets\final_combined_datasets\PLCE\H\PLCE_H_0260.jpg,Potato,H,closed,ea96b50ade6900ed,Healthy
Z:\Projects\Smart-Farming\Datasets\final_combined_datasets\PLCE\H\PLCE_H_0261.jpg,Potato,H,closed,e822f5bd8080df97,Healthy
Z:\Projects\Smart-Farming\Datasets\final_combined_datasets\PLCE\H\PLCE_H_0262.jpg,Potato,H,closed,a499da84c90dc57f,Healthy
Z:\Projects\Smart-Farming\Datasets\final_combined_datasets\PLCE\H\PLCE_H_0263.jpg,Potato,H,closed,eb94954ac66da474,Healthy
Z:\Projects\Smart-Farming\Datasets\final_combined_datasets\PLCE\H\PLCE_H_0264.jpg,Potato,H,closed,eb939471d2410dcf,Healthy
Z:\Projects\Smart-Farming\Datasets\final_combined_datasets\PLCE\H\PLCE_H_0265.jpg,Potato,H,closed,b86cc5a18e973cd8,Healthy
Z:\Projects\Smart-Farming\Datasets\final_combined_datasets\PLCE\H\PLCE_H_0266.jpg,Potato,H,closed,afe0f403c83fec30,Healthy
Z:\Projects\Smart-Farming\Datasets\final_combined_datasets\PLCE\H\PLCE_H_0267.jpg,Potato,H,closed,fec1951e5a38b126,Healthy
Z:\Projects\Smart-Farming\Datasets\final_combined_datasets\PLCE\H\PLCE_H_0268.jpg,Potato,H,closed,f8c3833dd530ab23,Healthy
Z:\Projects\Smart-Farming\Datasets\final_combined_datasets\PLCE\H\PLCE_H_0269.jpg,Potato,H,closed,aa3ca5c2949f4a9e,Healthy
Z:\Projects\Smart-Farming\Datasets\final_combined_datasets\PLCE\H\PLCE_H_0270.jpg,Potato,H,closed,fac3851fd23ca521,Healthy
Z:\Projects\Smart-Farming\Datasets\final_combined_datasets\PLCE\H\PLCE_H_0271.jpg,Potato,H,closed,b8b5b1528399cbc3,Healthy
Z:\Projects\Smart-Farming\Datasets\final_combined_datasets\PLCE\H\PLCE_H_0272.jpg,Potato,H,closed,a5e1f22013e7c787,Healthy
Z:\Projects\Smart-Farming\Datasets\final_combined_datasets\PLCE\H\PLCE_H_0273.jpg,Potato,H,closed,b896d14a8589cfcd,Healthy
Z:\Projects\Smart-Farming\Datasets\final_combined_datasets\PLCE\H\PLCE_H_0274.jpg,Potato,H,closed,adc0f607da8d9899,Healthy
Z:\Projects\Smart-Farming\Datasets\final_combined_datasets\PLCE\H\PLCE_H_0275.jpg,Potato,H,closed,bec0f44fc00d8f3c,Healthy
Z:\Projects\Smart-Farming\Datasets\final_combined_datasets\PLCE\H\PLCE_H_0276.jpg,Potato,H,closed,bfc1e00f8318df38,Healthy
Z:\Projects\Smart-Farming\Datasets\final_combined_datasets\PLCE\H\PLCE_H_0277.jpg,Potato,H,closed,bfc7d00f813cd431,Healthy
Z:\Projects\Smart-Farming\Datasets\final_combined_datasets\PLCE\H\PLCE_H_0278.jpg,Potato,H,closed,bfa3c07cc7018e8d,Healthy
Z:\Projects\Smart-Farming\Datasets\final_combined_datasets\PLCE\H\PLCE_H_0279.jpg,Potato,H,closed,fc47aa8a98299b35,Healthy
Z:\Projects\Smart-Farming\Datasets\final_combined_datasets\PLCE\H\PLCE_H_0280.jpg,Potato,H,closed,aa3df0f09f43814e,Healthy
Z:\Projects\Smart-Farming\Datasets\final_combined_datasets\PLCE\H\PLCE_H_0281.jpg,Potato,H,closed,ae3df0d08743894f,Healthy
Z:\Projects\Smart-Farming\Datasets\final_combined_datasets\PLCE\H\PLCE_H_0282.jpg,Potato,H,closed,aa35fcdc82608d67,Healthy
Z:\Projects\Smart-Farming\Datasets\final_combined_datasets\PLCE\H\PLCE_H_0283.jpg,Potato,H,closed,ab4a9525c2b645de,Healthy
Z:\Projects\Smart-Farming\Datasets\final_combined_datasets\PLCE\H\PLCE_H_0284.jpg,Potato,H,closed,fe18c0748f639a4e,Healthy
Z:\Projects\Smart-Farming\Datasets\final_combined_datasets\PLCE\H\PLCE_H_0285.jpg,Potato,H,closed,aa499525d836cdda,Healthy
Z:\Projects\Smart-Farming\Datasets\final_combined_datasets\PLCE\H\PLCE_H_0286.jpg,Potato,H,closed,a969dc35e5d832c4,Healthy
Z:\Projects\Smart-Farming\Datasets\final_combined_datasets\PLCE\H\PLCE_H_0287.jpg,Potato,H,closed,fba4e09e851a9c39,Healthy
Z:\Projects\Smart-Farming\Datasets\final_combined_datasets\PLCE\H\PLCE_H_0288.jpg,Potato,H,closed,faa4e06287e59e86,Healthy
Z:\Projects\Smart-Farming\Datasets\final_combined_datasets\PLCE\H\PLCE_H_0289.jpg,Potato,H,closed,a3f0b643d82dc96c,Healthy
Z:\Projects\Smart-Farming\Datasets\final_combined_datasets\PLCE\H\PLCE_H_0290.jpg,Potato,H,closed,bbf6f48ac009923d,Healthy
Z:\Projects\Smart-Farming\Datasets\final_combined_datasets\PLCE\H\PLCE_H_0291.jpg,Potato,H,closed,afc0948f927ab265,Healthy
Z:\Projects\Smart-Farming\Datasets\final_combined_datasets\PLCE\H\PLCE_H_0292.jpg,Potato,H,closed,afe0f687921ed910,Healthy
Z:\Projects\Smart-Farming\Datasets\final_combined_datasets\PLCE\H\PLCE_H_0293.jpg,Potato,H,closed,af68e02d8d95cd98,Healthy
Z:\Projects\Smart-Farming\Datasets\final_combined_datasets\PLCE\H\PLCE_H_0294.jpg,Potato,H,closed,fa95c1cae72ba430,Healthy
Z:\Projects\Smart-Farming\Datasets\final_combined_datasets\PLCE\H\PLCE_H_0295.jpg,Potato,H,closed,afeab434d218c3b1,Healthy
Z:\Projects\Smart-Farming\Datasets\final_combined_datasets\PLCE\H\PLCE_H_0296.jpg,Potato,H,closed,afe2dc96d009c535,Healthy
Z:\Projects\Smart-Farming\Datasets\final_combined_datasets\PLCE\H\PLCE_H_0297.jpg,Potato,H,closed,bfccb0b88513da62,Healthy
Z:\Projects\Smart-Farming\Datasets\final_combined_datasets\PLCE\H\PLCE_H_0298.jpg,Potato,H,closed,af6eb03cd2309ae2,Healthy
Z:\Projects\Smart-Farming\Datasets\final_combined_datasets\PLCE\H\PLCE_H_0299.jpg,Potato,H,closed,feafc0f0caa1c8c4,Healthy
Z:\Projects\Smart-Farming\Datasets\final_combined_datasets\PLCE\H\PLCE_H_0300.jpg,Potato,H,closed,fb97c592c9811c4d,Healthy
Z:\Projects\Smart-Farming\Datasets\final_combined_datasets\PLCE\H\PLCE_H_0301.jpg,Potato,H,closed,aafa84a59ee51cb0,Healthy
Z:\Projects\Smart-Farming\Datasets\final_combined_datasets\PLCE\H\PLCE_H_0302.jpg,Potato,H,closed,febcc0f1caa190cc,Healthy
Z:\Projects\Smart-Farming\Datasets\final_combined_datasets\PLCE\H\PLCE_H_0303.jpg,Potato,H,closed,bac5911eca39cb31,Healthy
Z:\Projects\Smart-Farming\Datasets\final_combined_datasets\PLCE\H\PLCE_H_0304.jpg,Potato,H,closed,fa6c85359ec6388a,Healthy
Z:\Projects\Smart-Farming\Datasets\final_combined_datasets\PLCE\H\PLCE_H_0305.jpg,Potato,H,closed,afe6d01ec238cf90,Healthy
Z:\Projects\Smart-Farming\Datasets\final_combined_datasets\PLCE\H\PLCE_H_0306.jpg,Potato,H,closed,f8b5a747946c9039,Healthy
Z:\Projects\Smart-Farming\Datasets\final_combined_datasets\PLCE\H\PLCE_H_0307.jpg,Potato,H,closed,fec1879eb063644c,Healthy
Z:\Projects\Smart-Farming\Datasets\final_combined_datasets\PLCE\H\PLCE_H_0308.jpg,Potato,H,closed,eaeaf0818f9e8d18,Healthy
Z:\Projects\Smart-Farming\Datasets\final_combined_datasets\PLCE\H\PLCE_H_0309.jpg,Potato,H,closed,a28195decbe9e462,Healthy
Z:\Projects\Smart-Farming\Datasets\final_combined_datasets\PLCE\H\PLCE_H_0310.jpg,Potato,H,closed,eaeaf0a0c107ccbd,Healthy
Z:\Projects\Smart-Farming\Datasets\final_combined_datasets\PLCE\H\PLCE_H_0312.jpg,Potato,H,closed,a9cbd2c08a26cf3e,Healthy
Z:\Projects\Smart-Farming\Datasets\final_combined_datasets\PLCE\H\PLCE_H_0313.jpg,Potato,H,closed,ff8f80918770aa69,Healthy
Z:\Projects\Smart-Farming\Datasets\final_combined_datasets\PLCE\H\PLCE_H_0314.jpg,Potato,H,closed,adfdc204cf9e8099,Healthy
Z:\Projects\Smart-Farming\Datasets\final_combined_datasets\PLCE\H\PLCE_H_0315.jpg,Potato,H,closed,af95caede032311c,Healthy
Z:\Projects\Smart-Farming\Datasets\final_combined_datasets\PLCE\H\PLCE_H_0316.jpg,Potato,H,closed,e8b5d2d8cf458c46,Healthy
Z:\Projects\Smart-Farming\Datasets\final_combined_datasets\PLCE\H\PLCE_H_0317.jpg,Potato,H,closed,f8c38cf890f113f4,Healthy
Z:\Projects\Smart-Farming\Datasets\final_combined_datasets\PLCE\H\PLCE_H_0318.jpg,Potato,H,closed,bb15c2cd6bb42313,Healthy
Z:\Projects\Smart-Farming\Datasets\final_combined_datasets\PLCE\H\PLCE_H_0319.jpg,Potato,H,closed,bb6842b0c51db787,Healthy
Z:\Projects\Smart-Farming\Datasets\final_combined_datasets\PLCE\H\PLCE_H_0320.jpg,Potato,H,closed,ee35c4d0c8f1cc36,Healthy
Z:\Projects\Smart-Farming\Datasets\final_combined_datasets\PLCE\H\PLCE_H_0321.jpg,Potato,H,closed,ba4213cf9b46d896,Healthy
Z:\Projects\Smart-Farming\Datasets\final_combined_datasets\PLCE\H\PLCE_H_0322.jpg,Potato,H,closed,ad78d841790d652f,Healthy
Z:\Projects\Smart-Farming\Datasets\final_combined_datasets\PLCE\H\PLCE_H_0323.jpg,Potato,H,closed,f867a1c3856f9624,Healthy
Z:\Projects\Smart-Farming\Datasets\final_combined_datasets\PLCE\H\PLCE_H_0324.jpg,Potato,H,closed,af13c54a170f3e2c,Healthy
Z:\Projects\Smart-Farming\Datasets\final_combined_datasets\PLCE\H\PLCE_H_0325.jpg,Potato,H,closed,eeb4e4562f1a3c18,Healthy
Z:\Projects\Smart-Farming\Datasets\final_combined_datasets\PLCE\H\PLCE_H_0326.jpg,Potato,H,closed,fcb9d5e0d2894295,Healthy
Z:\Projects\Smart-Farming\Datasets\final_combined_datasets\PLCE\H\PLCE_H_0327.jpg,Potato,H,closed,afe4c29106dd1fd0,Healthy
Z:\Projects\Smart-Farming\Datasets\final_combined_datasets\PLCE\H\PLCE_H_0328.jpg,Potato,H,closed,fd9ed0b3588d4988,Healthy
Z:\Projects\Smart-Farming\Datasets\final_combined_datasets\PLCE\H\PLCE_H_0329.jpg,Potato,H,closed,fabd95a6529848d2,Healthy
Z:\Projects\Smart-Farming\Datasets\final_combined_datasets\PLCE\H\PLCE_H_0330.jpg,Potato,H,closed,ef28d0e4c9ca26cd,Healthy
Z:\Projects\Smart-Farming\Datasets\final_combined_datasets\PLCE\H\PLCE_H_0331.jpg,Potato,H,closed,e87a85a5cb966c98,Healthy
Z:\Projects\Smart-Farming\Datasets\final_combined_datasets\PLCE\H\PLCE_H_0332.jpg,Potato,H,closed,afd0d6450937d932,Healthy
Z:\Projects\Smart-Farming\Datasets\final_combined_datasets\PLCE\H\PLCE_H_0333.jpg,Potato,H,closed,fa8d87319c6a896c,Healthy
Z:\Projects\Smart-Farming\Datasets\final_combined_datasets\PLCE\H\PLCE_H_0334.jpg,Potato,H,closed,fac28e99b44da334,Healthy
Z:\Projects\Smart-Farming\Datasets\final_combined_datasets\PLCE\H\PLCE_H_0335.jpg,Potato,H,closed,e3ce8a30a1c675bc,Healthy
Z:\Projects\Smart-Farming\Datasets\final_combined_datasets\PLCE\H\PLCE_H_0336.jpg,Potato,H,closed,ad92dbede0e49260,Healthy
Z:\Projects\Smart-Farming\Datasets\final_combined_datasets\PLCE\H\PLCE_H_0337.jpg,Potato,H,closed,bac2878f903cc3b3,Healthy
Z:\Projects\Smart-Farming\Datasets\final_combined_datasets\PLCE\H\PLCE_H_0338.jpg,Potato,H,closed,ed6994a44b926c9b,Healthy
Z:\Projects\Smart-Farming\Datasets\final_combined_datasets\PLCE\H\PLCE_H_0339.jpg,Potato,H,closed,be3ec4f01ac7b118,Healthy
Z:\Projects\Smart-Farming\Datasets\final_combined_datasets\PLCE\H\PLCE_H_0340.jpg,Potato,H,closed,b76edb20c9134639,Healthy
Z:\Projects\Smart-Farming\Datasets\final_combined_datasets\PLCE\H\PLCE_H_0341.jpg,Potato,H,closed,ba9cc11ac7395c65,Healthy
Z:\Projects\Smart-Farming\Datasets\final_combined_datasets\PLCE\H\PLCE_H_0342.jpg,Potato,H,closed,aa72f54a902fc93c,Healthy
Z:\Projects\Smart-Farming\Datasets\final_combined_datasets\PLCE\H\PLCE_H_0343.jpg,Potato,H,closed,abd0f64a1109b4f7,Healthy
Z:\Projects\Smart-Farming\Datasets\final_combined_datasets\PLCE\H\PLCE_H_0344.jpg,Potato,H,closed,ba81b11fc54ecc78,Healthy
Z:\Projects\Smart-Farming\Datasets\final_combined_datasets\PLCE\H\PLCE_H_0345.jpg,Potato,H,closed,aa73b519c278cb26,Healthy
Z:\Projects\Smart-Farming\Datasets\final_combined_datasets\PLCE\H\PLCE_H_0346.jpg,Potato,H,closed,ff9fc0f098c3508a,Healthy
Z:\Projects\Smart-Farming\Datasets\final_combined_datasets\PLCE\H\PLCE_H_0347.jpg,Potato,H,closed,aaea9585ca968d9a,Healthy
Z:\Projects\Smart-Farming\Datasets\final_combined_datasets\PLCE\H\PLCE_H_0348.jpg,Potato,H,closed,bb85c0dac9e0e770,Healthy
Z:\Projects\Smart-Farming\Datasets\final_combined_datasets\PLCE\H\PLCE_H_0349.jpg,Potato,H,closed,ead0958f9c35b027,Healthy
Z:\Projects\Smart-Farming\Datasets\final_combined_datasets\PLCE\H\PLCE_H_0350.jpg,Potato,H,closed,bf1ed0f8cc618866,Healthy
Z:\Projects\Smart-Farming\Datasets\final_combined_datasets\PLCE\H\PLCE_H_0351.jpg,Potato,H,closed,bf1edafcc060c622,Healthy
Z:\Projects\Smart-Farming\Datasets\final_combined_datasets\PLCE\H\PLCE_H_0352.jpg,Potato,H,closed,eb4ac1a58d125ed9,Healthy
Z:\Projects\Smart-Farming\Datasets\final_combined_datasets\PLCE\H\PLCE_H_0353.jpg,Potato,H,closed,af9ff048643b1619,Healthy
Z:\Projects\Smart-Farming\Datasets\final_combined_datasets\PLCE\H\PLCE_H_0354.jpg,Potato,H,closed,af64f407c43807dd,Healthy
Z:\Projects\Smart-Farming\Datasets\final_combined_datasets\PLCE\H\PLCE_H_0355.jpg,Potato,H,closed,ba35c55a87639970,Healthy
Z:\Projects\Smart-Farming\Datasets\final_combined_datasets\PLCE\H\PLCE_H_0356.jpg,Potato,H,closed,efc0b51ff2268027,Healthy
Z:\Projects\Smart-Farming\Datasets\final_combined_datasets\PLCE\H\PLCE_H_0357.jpg,Potato,H,closed,ba3da560d88c669b,Healthy
Z:\Projects\Smart-Farming\Datasets\final_combined_datasets\PLCE\H\PLCE_H_0358.jpg,Potato,H,closed,abecb584d206c0df,Healthy
Z:\Projects\Smart-Farming\Datasets\final_combined_datasets\PLCE\H\PLCE_H_0359.jpg,Potato,H,closed,fbb4f0d2815887c9,Healthy
Z:\Projects\Smart-Farming\Datasets\final_combined_datasets\PLCE\H\PLCE_H_0360.jpg,Potato,H,closed,fe3df4d880589ac1,Healthy
Z:\Projects\Smart-Farming\Datasets\final_combined_datasets\PLCE\H\PLCE_H_0361.jpg,Potato,H,closed,ffa1e0d3035a8dc8,Healthy
Z:\Projects\Smart-Farming\Datasets\final_combined_datasets\PLCE\H\PLCE_H_0362.jpg,Potato,H,closed,f98a919ecd784931,Healthy
Z:\Projects\Smart-Farming\Datasets\final_combined_datasets\PLCE\H\PLCE_H_0363.jpg,Potato,H,closed,fa858a9d9458b34b,Healthy
Z:\Projects\Smart-Farming\Datasets\final_combined_datasets\PLCE\H\PLCE_H_0364.jpg,Potato,H,closed,fec1a04b948eccb5,Healthy
Z:\Projects\Smart-Farming\Datasets\final_combined_datasets\PLCE\H\PLCE_H_0365.jpg,Potato,H,closed,abd4dac04725f61a,Healthy
Z:\Projects\Smart-Farming\Datasets\final_combined_datasets\PLCE\H\PLCE_H_0366.jpg,Potato,H,closed,fab1a5ca864ade21,Healthy
Z:\Projects\Smart-Farming\Datasets\final_combined_datasets\PLCE\H\PLCE_H_0367.jpg,Potato,H,closed,f6b5a252954a9caa,Healthy
Z:\Projects\Smart-Farming\Datasets\final_combined_datasets\PLCE\H\PLCE_H_0368.jpg,Potato,H,closed,a3f0f60bc01fc93c,Healthy
Z:\Projects\Smart-Farming\Datasets\final_combined_datasets\PLCE\H\PLCE_H_0369.jpg,Potato,H,closed,eb92b449c26d8f34,Healthy
Z:\Projects\Smart-Farming\Datasets\final_combined_datasets\PLCE\H\PLCE_H_1313.jpg,Potato,H,closed,af8fd0588f618cc6,Healthy
Z:\Projects\Smart-Farming\Datasets\final_combined_datasets\PLCE\H\PLCE_H_0370.jpg,Potato,H,closed,ac2cd2d68a926dcd,Healthy
Z:\Projects\Smart-Farming\Datasets\final_combined_datasets\PLCE\H\PLCE_H_0371.jpg,Potato,H,closed,a531d294c99b66cd,Healthy
Z:\Projects\Smart-Farming\Datasets\final_combined_datasets\PLCE\H\PLCE_H_0372.jpg,Potato,H,closed,ac2bd2b4c99236cd,Healthy
Z:\Projects\Smart-Farming\Datasets\final_combined_datasets\PLCE\H\PLCE_H_0373.jpg,Potato,H,closed,f07a87a31cce661a,Healthy
Z:\Projects\Smart-Farming\Datasets\final_combined_datasets\PLCE\H\PLCE_H_0374.jpg,Potato,H,closed,fac2a18eb5a99343,Healthy
Z:\Projects\Smart-Farming\Datasets\final_combined_datasets\PLCE\H\PLCE_H_0375.jpg,Potato,H,closed,bf97e0dac12c0633,Healthy
Z:\Projects\Smart-Farming\Datasets\final_combined_datasets\PLCE\H\PLCE_H_0376.jpg,Potato,H,closed,f8d6a1ae9c299331,Healthy
Z:\Projects\Smart-Farming\Datasets\final_combined_datasets\PLCE\H\PLCE_H_0377.jpg,Potato,H,closed,adc996839a9e9878,Healthy
Z:\Projects\Smart-Farming\Datasets\final_combined_datasets\PLCE\H\PLCE_H_0378.jpg,Potato,H,closed,fd3e82a194d5c6c2,Healthy
Z:\Projects\Smart-Farming\Datasets\final_combined_datasets\PLCE\H\PLCE_H_0379.jpg,Potato,H,closed,fdba81f4d64a2829,Healthy
Z:\Projects\Smart-Farming\Datasets\final_combined_datasets\PLCE\H\PLCE_H_0380.jpg,Potato,H,closed,8278f801cb1fdcdc,Healthy
Z:\Projects\Smart-Farming\Datasets\final_combined_datasets\PLCE\H\PLCE_H_0381.jpg,Potato,H,closed,83dcf9838615fcb0,Healthy
Z:\Projects\Smart-Farming\Datasets\final_combined_datasets\PLCE\H\PLCE_H_0382.jpg,Potato,H,closed,f245873e9c611ac7,Healthy
Z:\Projects\Smart-Farming\Datasets\final_combined_datasets\PLCE\H\PLCE_H_0383.jpg,Potato,H,closed,bbe6c01f87789a21,Healthy
Z:\Projects\Smart-Farming\Datasets\final_combined_datasets\PLCE\H\PLCE_H_0384.jpg,Potato,H,closed,f27485ab9c84789e,Healthy
Z:\Projects\Smart-Farming\Datasets\final_combined_datasets\PLCE\H\PLCE_H_0385.jpg,Potato,H,closed,f285871cd4639a67,Healthy
Z:\Projects\Smart-Farming\Datasets\final_combined_datasets\PLCE\H\PLCE_H_0386.jpg,Potato,H,closed,fa82d50ade2dd930,Healthy
Z:\Projects\Smart-Farming\Datasets\final_combined_datasets\PLCE\H\PLCE_H_0387.jpg,Potato,H,closed,ee83815e87789c69,Healthy
Z:\Projects\Smart-Farming\Datasets\final_combined_datasets\PLCE\H\PLCE_H_0388.jpg,Potato,H,closed,fa2ac520d2868fcf,Healthy
Z:\Projects\Smart-Farming\Datasets\final_combined_datasets\PLCE\H\PLCE_H_0389.jpg,Potato,H,closed,f5898e54957a9263,Healthy
Z:\Projects\Smart-Farming\Datasets\final_combined_datasets\PLCE\H\PLCE_H_0390.jpg,Potato,H,closed,eec0a58fb41b1267,Healthy
Z:\Projects\Smart-Farming\Datasets\final_combined_datasets\PLCE\H\PLCE_H_0391.jpg,Potato,H,closed,a5edd680cb13c41f,Healthy
Z:\Projects\Smart-Farming\Datasets\final_combined_datasets\PLCE\H\PLCE_H_0392.jpg,Potato,H,closed,a5ec96a4cb02cf1b,Healthy
Z:\Projects\Smart-Farming\Datasets\final_combined_datasets\PLCE\H\PLCE_H_0393.jpg,Potato,H,closed,adf99680df06d930,Healthy
Z:\Projects\Smart-Farming\Datasets\final_combined_datasets\PLCE\H\PLCE_H_0394.jpg,Potato,H,closed,abca9525d2bec918,Healthy
Z:\Projects\Smart-Farming\Datasets\final_combined_datasets\PLCE\H\PLCE_H_0395.jpg,Potato,H,closed,afd096ca1a617365,Healthy
Z:\Projects\Smart-Farming\Datasets\final_combined_datasets\PLCE\H\PLCE_H_0396.jpg,Potato,H,closed,fa94c1d28f6a1c66,Healthy
Z:\Projects\Smart-Farming\Datasets\final_combined_datasets\PLCE\H\PLCE_H_0397.jpg,Potato,H,closed,f8b4c1d08f4b954d,Healthy
Z:\Projects\Smart-Farming\Datasets\final_combined_datasets\PLCE\H\PLCE_H_0398.jpg,Potato,H,closed,c8af85d7cbd08a49,Healthy
Z:\Projects\Smart-Farming\Datasets\final_combined_datasets\PLCE\H\PLCE_H_0399.jpg,Potato,H,closed,ad1692c982e9cdec,Healthy
Z:\Projects\Smart-Farming\Datasets\final_combined_datasets\PLCE\H\PLCE_H_0400.jpg,Potato,H,closed,eab581dbe7e02524,Healthy
Z:\Projects\Smart-Farming\Datasets\final_combined_datasets\PLCE\H\PLCE_H_0401.jpg,Potato,H,closed,aab590dacae8c98d,Healthy
Z:\Projects\Smart-Farming\Datasets\final_combined_datasets\PLCE\H\PLCE_H_0402.jpg,Potato,H,closed,feb3e0d2871a0e29,Healthy
Z:\Projects\Smart-Farming\Datasets\final_combined_datasets\PLCE\H\PLCE_H_0403.jpg,Potato,H,closed,ffb3e0da84398e01,Healthy
Z:\Projects\Smart-Farming\Datasets\final_combined_datasets\PLCE\H\PLCE_H_0404.jpg,Potato,H,closed,f0a7c79d0e51c863,Healthy
Z:\Projects\Smart-Farming\Datasets\final_combined_datasets\PLCE\H\PLCE_H_0405.jpg,Potato,H,closed,aaf495d27e0bb501,Healthy
Z:\Projects\Smart-Farming\Datasets\final_combined_datasets\PLCE\H\PLCE_H_0406.jpg,Potato,H,closed,bb6af925c47344c8,Healthy
Z:\Projects\Smart-Farming\Datasets\final_combined_datasets\PLCE\H\PLCE_H_0407.jpg,Potato,H,closed,a916967fda319621,Healthy
Z:\Projects\Smart-Farming\Datasets\final_combined_datasets\PLCE\H\PLCE_H_0408.jpg,Potato,H,closed,fc4bc32d8764c174,Healthy
Z:\Projects\Smart-Farming\Datasets\final_combined_datasets\PLCE\H\PLCE_H_0409.jpg,Potato,H,closed,bb9ec0f09ec3088f,Healthy
Z:\Projects\Smart-Farming\Datasets\final_combined_datasets\PLCE\H\PLCE_H_0410.jpg,Potato,H,closed,bb9dc0788f610f07,Healthy
Z:\Projects\Smart-Farming\Datasets\final_combined_datasets\PLCE\H\PLCE_H_0411.jpg,Potato,H,closed,afd0940dda7cc925,Healthy
Z:\Projects\Smart-Farming\Datasets\final_combined_datasets\PLCE\H\PLCE_H_0412.jpg,Potato,H,closed,eed0950ed269cb25,Healthy
Z:\Projects\Smart-Farming\Datasets\final_combined_datasets\PLCE\H\PLCE_H_0413.jpg,Potato,H,closed,ba1df5e2cae0e0c1,Healthy
Z:\Projects\Smart-Farming\Datasets\final_combined_datasets\PLCE\H\PLCE_H_0414.jpg,Potato,H,closed,fe41819e93b49cb2,Healthy
Z:\Projects\Smart-Farming\Datasets\final_combined_datasets\PLCE\H\PLCE_H_0415.jpg,Potato,H,closed,ba8180dacd6efc70,Healthy
Z:\Projects\Smart-Farming\Datasets\final_combined_datasets\PLCE\H\PLCE_H_0416.jpg,Potato,H,closed,ba95c5dacf751820,Healthy
Z:\Projects\Smart-Farming\Datasets\final_combined_datasets\PLCE\H\PLCE_H_0417.jpg,Potato,H,closed,bf34f003c30d8f6c,Healthy
Z:\Projects\Smart-Farming\Datasets\final_combined_datasets\PLCE\H\PLCE_H_0418.jpg,Potato,H,closed,fa6bab2d95389421,Healthy
Z:\Projects\Smart-Farming\Datasets\final_combined_datasets\PLCE\H\PLCE_H_0419.jpg,Potato,H,closed,ad3ffe7ac0e009c0,Healthy
Z:\Projects\Smart-Farming\Datasets\final_combined_datasets\PLCE\H\PLCE_H_0420.jpg,Potato,H,closed,ea61a506964eda3d,Healthy
Z:\Projects\Smart-Farming\Datasets\final_combined_datasets\PLCE\H\PLCE_H_0421.jpg,Potato,H,closed,eeeaa12095877a96,Healthy
Z:\Projects\Smart-Farming\Datasets\final_combined_datasets\PLCE\H\PLCE_H_0422.jpg,Potato,H,closed,eba79531c2d0698b,Healthy
Z:\Projects\Smart-Farming\Datasets\final_combined_datasets\PLCE\H\PLCE_H_1314.jpg,Potato,H,closed,af68f027c326ce0e,Healthy
Z:\Projects\Smart-Farming\Datasets\final_combined_datasets\PLCE\H\PLCE_H_0423.jpg,Potato,H,closed,bfd1e023d3368ac2,Healthy
Z:\Projects\Smart-Farming\Datasets\final_combined_datasets\PLCE\H\PLCE_H_0424.jpg,Potato,H,closed,bfece04587aa1a91,Healthy
Z:\Projects\Smart-Farming\Datasets\final_combined_datasets\PLCE\H\PLCE_H_0425.jpg,Potato,H,closed,efc0c18b919fb099,Healthy
Z:\Projects\Smart-Farming\Datasets\final_combined_datasets\PLCE\H\PLCE_H_0426.jpg,Potato,H,closed,e237ab119955956a,Healthy
Z:\Projects\Smart-Farming\Datasets\final_combined_datasets\PLCE\H\PLCE_H_0427.jpg,Potato,H,closed,ab95998ac46f644e,Healthy
Z:\Projects\Smart-Farming\Datasets\final_combined_datasets\PLCE\H\PLCE_H_0428.jpg,Potato,H,closed,ea25a51a953a9e63,Healthy
Z:\Projects\Smart-Farming\Datasets\final_combined_datasets\PLCE\H\PLCE_H_0429.jpg,Potato,H,closed,a9d2d649e425d23e,Healthy
Z:\Projects\Smart-Farming\Datasets\final_combined_datasets\PLCE\H\PLCE_H_0430.jpg,Potato,H,closed,ad92d609c9654de6,Healthy
Z:\Projects\Smart-Farming\Datasets\final_combined_datasets\PLCE\H\PLCE_H_0431.jpg,Potato,H,closed,dfc0a807b51ab06f,Healthy
Z:\Projects\Smart-Farming\Datasets\final_combined_datasets\PLCE\H\PLCE_H_0432.jpg,Potato,H,closed,fab4f0d281088def,Healthy
Z:\Projects\Smart-Farming\Datasets\final_combined_datasets\PLCE\H\PLCE_H_0433.jpg,Potato,H,closed,e791f49bd8d80968,Healthy
Z:\Projects\Smart-Farming\Datasets\final_combined_datasets\PLCE\H\PLCE_H_0434.jpg,Potato,H,closed,fe85d097ca1c0d3c,Healthy
Z:\Projects\Smart-Farming\Datasets\final_combined_datasets\PLCE\H\PLCE_H_0435.jpg,Potato,H,closed,aaf1adc0974f1a38,Healthy
Z:\Projects\Smart-Farming\Datasets\final_combined_datasets\PLCE\H\PLCE_H_0436.jpg,Potato,H,closed,ffa4d893c20e453c,Healthy
Z:\Projects\Smart-Farming\Datasets\final_combined_datasets\PLCE\H\PLCE_H_0437.jpg,Potato,H,closed,aaf2a5b196731ac2,Healthy
Z:\Projects\Smart-Farming\Datasets\final_combined_datasets\PLCE\H\PLCE_H_0438.jpg,Potato,H,closed,fe85c09b1878b569,Healthy
Z:\Projects\Smart-Farming\Datasets\final_combined_datasets\PLCE\H\PLCE_H_0439.jpg,Potato,H,closed,ea87a39cc658e531,Healthy
Z:\Projects\Smart-Farming\Datasets\final_combined_datasets\PLCE\H\PLCE_H_0440.jpg,Potato,H,closed,aaf2a52197e31a8e,Healthy
Z:\Projects\Smart-Farming\Datasets\final_combined_datasets\PLCE\H\PLCE_H_0441.jpg,Potato,H,closed,f83881479dc7d29c,Healthy
Z:\Projects\Smart-Farming\Datasets\final_combined_datasets\PLCE\H\PLCE_H_0442.jpg,Potato,H,closed,ad64de33ec93c049,Healthy
Z:\Projects\Smart-Farming\Datasets\final_combined_datasets\PLCE\H\PLCE_H_0443.jpg,Potato,H,closed,ad6cd612c89b93c9,Healthy
Z:\Projects\Smart-Farming\Datasets\final_combined_datasets\PLCE\H\PLCE_H_0444.jpg,Potato,H,closed,af69d43760f092c9,Healthy
Z:\Projects\Smart-Farming\Datasets\final_combined_datasets\PLCE\H\PLCE_H_0445.jpg,Potato,H,closed,a57cd0c1c78d9f0c,Healthy
Z:\Projects\Smart-Farming\Datasets\final_combined_datasets\PLCE\H\PLCE_H_0446.jpg,Potato,H,closed,f8388794cad9ca63,Healthy
Z:\Projects\Smart-Farming\Datasets\final_combined_datasets\PLCE\H\PLCE_H_0447.jpg,Potato,H,closed,aa49858f9c8c9abd,Healthy
Z:\Projects\Smart-Farming\Datasets\final_combined_datasets\PLCE\H\PLCE_H_0448.jpg,Potato,H,closed,bf16f65a8049cf44,Healthy
Z:\Projects\Smart-Farming\Datasets\final_combined_datasets\PLCE\H\PLCE_H_0449.jpg,Potato,H,closed,aafb9500953dd835,Healthy
Z:\Projects\Smart-Farming\Datasets\final_combined_datasets\PLCE\H\PLCE_H_0450.jpg,Potato,H,closed,ffc0a20f993cc934,Healthy
Z:\Projects\Smart-Farming\Datasets\final_combined_datasets\PLCE\H\PLCE_H_0451.jpg,Potato,H,closed,aa95d64ae42d843f,Healthy
Z:\Projects\Smart-Farming\Datasets\final_combined_datasets\PLCE\H\PLCE_H_0452.jpg,Potato,H,closed,fe40a02ecbbcc9d8,Healthy
Z:\Projects\Smart-Farming\Datasets\final_combined_datasets\PLCE\H\PLCE_H_0453.jpg,Potato,H,closed,f0388e65b1d467b2,Healthy
Z:\Projects\Smart-Farming\Datasets\final_combined_datasets\PLCE\H\PLCE_H_0454.jpg,Potato,H,closed,fe1f81749e62488d,Healthy
Z:\Projects\Smart-Farming\Datasets\final_combined_datasets\PLCE\H\PLCE_H_0455.jpg,Potato,H,closed,f83e83e194439a4f,Healthy
Z:\Projects\Smart-Farming\Datasets\final_combined_datasets\PLCE\H\PLCE_H_0456.jpg,Potato,H,closed,ad69db36e48026c7,Healthy
Z:\Projects\Smart-Farming\Datasets\final_combined_datasets\PLCE\H\PLCE_H_0457.jpg,Potato,H,closed,ffa8d0d58263e550,Healthy
Z:\Projects\Smart-Farming\Datasets\final_combined_datasets\PLCE\H\PLCE_H_0458.jpg,Potato,H,closed,feacc097c3612b34,Healthy
Z:\Projects\Smart-Farming\Datasets\final_combined_datasets\PLCE\H\PLCE_H_0459.jpg,Potato,H,closed,aa7af5a5c5c0c01f,Healthy
Z:\Projects\Smart-Farming\Datasets\final_combined_datasets\PLCE\H\PLCE_H_0460.jpg,Potato,H,closed,ffacd0948245ebc1,Healthy
Z:\Projects\Smart-Farming\Datasets\final_combined_datasets\PLCE\H\PLCE_H_0461.jpg,Potato,H,closed,afe2f0b583d20b8a,Healthy
Z:\Projects\Smart-Farming\Datasets\final_combined_datasets\PLCE\H\PLCE_H_0462.jpg,Potato,H,closed,fea0a055977a186b,Healthy
Z:\Projects\Smart-Farming\Datasets\final_combined_datasets\PLCE\H\PLCE_H_0463.jpg,Potato,H,closed,abb5f40a057db470,Healthy
Z:\Projects\Smart-Farming\Datasets\final_combined_datasets\PLCE\H\PLCE_H_0464.jpg,Potato,H,closed,fee4a0e057c60a9e,Healthy
Z:\Projects\Smart-Farming\Datasets\final_combined_datasets\PLCE\H\PLCE_H_0465.jpg,Potato,H,closed,abf9b1c001e707ce,Healthy
Z:\Projects\Smart-Farming\Datasets\final_combined_datasets\PLCE\H\PLCE_H_0466.jpg,Potato,H,closed,ffc0c5565a59a921,Healthy
Z:\Projects\Smart-Farming\Datasets\final_combined_datasets\PLCE\H\PLCE_H_0467.jpg,Potato,H,closed,f8c38595d416d23b,Healthy
Z:\Projects\Smart-Farming\Datasets\final_combined_datasets\PLCE\H\PLCE_H_0468.jpg,Potato,H,closed,ffe0a55756128a19,Healthy
Z:\Projects\Smart-Farming\Datasets\final_combined_datasets\PLCE\H\PLCE_H_0469.jpg,Potato,H,closed,f6c1ad0b9ab49334,Healthy
Z:\Projects\Smart-Farming\Datasets\final_combined_datasets\PLCE\H\PLCE_H_0470.jpg,Potato,H,closed,f6c18a1eb461676a,Healthy
Z:\Projects\Smart-Farming\Datasets\final_combined_datasets\PLCE\H\PLCE_H_0471.jpg,Potato,H,closed,a294fc5ec7e1b460,Healthy
Z:\Projects\Smart-Farming\Datasets\final_combined_datasets\PLCE\H\PLCE_H_0472.jpg,Potato,H,closed,fac0a5ad98b132f2,Healthy
Z:\Projects\Smart-Farming\Datasets\final_combined_datasets\PLCE\H\PLCE_H_0473.jpg,Potato,H,closed,ba23b437c636ce82,Healthy
Z:\Projects\Smart-Farming\Datasets\final_combined_datasets\PLCE\H\PLCE_H_0474.jpg,Potato,H,closed,fe67a52a85251e94,Healthy
Z:\Projects\Smart-Farming\Datasets\final_combined_datasets\PLCE\H\PLCE_H_0475.jpg,Potato,H,closed,aa81a41fd65b8a79,Healthy
Z:\Projects\Smart-Farming\Datasets\final_combined_datasets\PLCE\H\PLCE_H_0476.jpg,Potato,H,closed,afc6940ada8d897c,Healthy
Z:\Projects\Smart-Farming\Datasets\final_combined_datasets\PLCE\H\PLCE_H_0477.jpg,Potato,H,closed,fa93a56cda702983,Healthy
Z:\Projects\Smart-Farming\Datasets\final_combined_datasets\PLCE\H\PLCE_H_0478.jpg,Potato,H,closed,8ee3f51f82388b38,Healthy
Z:\Projects\Smart-Farming\Datasets\final_combined_datasets\PLCE\H\PLCE_H_0479.jpg,Potato,H,closed,8ec2f13f82309fb2,Healthy
Z:\Projects\Smart-Farming\Datasets\final_combined_datasets\PLCE\H\PLCE_H_0480.jpg,Potato,H,closed,c893f54bd20d971c,Healthy
Z:\Projects\Smart-Farming\Datasets\final_combined_datasets\PLCE\H\PLCE_H_0481.jpg,Potato,H,closed,fa4ac327ce32cc61,Healthy
Z:\Projects\Smart-Farming\Datasets\final_combined_datasets\PLCE\H\PLCE_H_0482.jpg,Potato,H,closed,e835a517d8cab166,Healthy
Z:\Projects\Smart-Farming\Datasets\final_combined_datasets\PLCE\H\PLCE_H_0483.jpg,Potato,H,closed,af17d65a4d58544a,Healthy
Z:\Projects\Smart-Farming\Datasets\final_combined_datasets\PLCE\H\PLCE_H_0484.jpg,Potato,H,closed,bd56d2584cd87ac8,Healthy
Z:\Projects\Smart-Farming\Datasets\final_combined_datasets\PLCE\H\PLCE_H_0485.jpg,Potato,H,closed,a631964bc3651f74,Healthy
Z:\Projects\Smart-Farming\Datasets\final_combined_datasets\PLCE\H\PLCE_H_0486.jpg,Potato,H,closed,e92492d6cb38b9e1,Healthy
Z:\Projects\Smart-Farming\Datasets\final_combined_datasets\PLCE\H\PLCE_H_0487.jpg,Potato,H,closed,ad36b152c6631667,Healthy
Z:\Projects\Smart-Farming\Datasets\final_combined_datasets\PLCE\H\PLCE_H_0488.jpg,Potato,H,closed,ad26b532d6c212cf,Healthy
Z:\Projects\Smart-Farming\Datasets\final_combined_datasets\PLCE\H\PLCE_H_0489.jpg,Potato,H,closed,afc1960b9a0dc9ec,Healthy
Z:\Projects\Smart-Farming\Datasets\final_combined_datasets\PLCE\H\PLCE_H_0490.jpg,Potato,H,closed,fa3ca5729c27c826,Healthy
Z:\Projects\Smart-Farming\Datasets\final_combined_datasets\PLCE\H\PLCE_H_0491.jpg,Potato,H,closed,fb14e15a8663cc27,Healthy
Z:\Projects\Smart-Farming\Datasets\final_combined_datasets\PLCE\H\PLCE_H_0492.jpg,Potato,H,closed,bf1cf0388ee19863,Healthy
Z:\Projects\Smart-Farming\Datasets\final_combined_datasets\PLCE\H\PLCE_H_0493.jpg,Potato,H,closed,ea80899bb59ab62d,Healthy
Z:\Projects\Smart-Farming\Datasets\final_combined_datasets\PLCE\H\PLCE_H_0494.jpg,Potato,H,closed,ebf0c4c9920d9b36,Healthy
Z:\Projects\Smart-Farming\Datasets\final_combined_datasets\PLCE\H\PLCE_H_0495.jpg,Potato,H,closed,bfb4d09ac5788e21,Healthy
Z:\Projects\Smart-Farming\Datasets\final_combined_datasets\PLCE\H\PLCE_H_0496.jpg,Potato,H,closed,e9e2f44dc832c99a,Healthy
Z:\Projects\Smart-Farming\Datasets\final_combined_datasets\PLCE\H\PLCE_H_0497.jpg,Potato,H,closed,ee23a02ec3b44fd2,Healthy
Z:\Projects\Smart-Farming\Datasets\final_combined_datasets\PLCE\H\PLCE_H_0498.jpg,Potato,H,closed,fea2b18f900fca4c,Healthy
Z:\Projects\Smart-Farming\Datasets\final_combined_datasets\PLCE\H\PLCE_H_0499.jpg,Potato,H,closed,bb76e47084639e07,Healthy
Z:\Projects\Smart-Farming\Datasets\final_combined_datasets\PLCE\H\PLCE_H_0500.jpg,Potato,H,closed,a9f6f54bc029826d,Healthy
Z:\Projects\Smart-Farming\Datasets\final_combined_datasets\PLCE\H\PLCE_H_0501.jpg,Potato,H,closed,afc69484c27b9bb0,Healthy
Z:\Projects\Smart-Farming\Datasets\final_combined_datasets\PLCE\H\PLCE_H_0502.jpg,Potato,H,closed,fe9381d59708ce61,Healthy
Z:\Projects\Smart-Farming\Datasets\final_combined_datasets\PLCE\H\PLCE_H_0503.jpg,Potato,H,closed,fa3b81e197070ace,Healthy
Z:\Projects\Smart-Farming\Datasets\final_combined_datasets\PLCE\H\PLCE_H_0504.jpg,Potato,H,closed,fd3e82e096c6589c,Healthy
Z:\Projects\Smart-Farming\Datasets\final_combined_datasets\PLCE\H\PLCE_H_0505.jpg,Potato,H,closed,ffa5b098c6618c47,Healthy
Z:\Projects\Smart-Farming\Datasets\final_combined_datasets\PLCE\H\PLCE_H_0506.jpg,Potato,H,closed,eca18896b56ab669,Healthy
Z:\Projects\Smart-Farming\Datasets\final_combined_datasets\PLCE\H\PLCE_H_0507.jpg,Potato,H,closed,ff89b09cc3388d61,Healthy
Z:\Projects\Smart-Farming\Datasets\final_combined_datasets\PLCE\H\PLCE_H_0508.jpg,Potato,H,closed,abb0e4c99b36c932,Healthy
Z:\Projects\Smart-Farming\Datasets\final_combined_datasets\PLCE\H\PLCE_H_0509.jpg,Potato,H,closed,eee6e0e6940e9a1c,Healthy
Z:\Projects\Smart-Farming\Datasets\final_combined_datasets\PLCE\H\PLCE_H_0510.jpg,Potato,H,closed,fbe6e083128f9a8c,Healthy
Z:\Projects\Smart-Farming\Datasets\final_combined_datasets\PLCE\H\PLCE_H_0511.jpg,Potato,H,closed,eee4e097971a9229,Healthy
Z:\Projects\Smart-Farming\Datasets\final_combined_datasets\PLCE\H\PLCE_H_0512.jpg,Potato,H,closed,aab1f74acd8d3422,Healthy
Z:\Projects\Smart-Farming\Datasets\final_combined_datasets\PLCE\H\PLCE_H_0513.jpg,Potato,H,closed,ba5eb128d52dd225,Healthy
Z:\Projects\Smart-Farming\Datasets\final_combined_datasets\PLCE\H\PLCE_H_0514.jpg,Potato,H,closed,ff70e002856f870f,Healthy
Z:\Projects\Smart-Farming\Datasets\final_combined_datasets\PLCE\H\PLCE_H_0515.jpg,Potato,H,closed,aff0e002d79686ce,Healthy
Z:\Projects\Smart-Farming\Datasets\final_combined_datasets\PLCE\H\PLCE_H_0516.jpg,Potato,H,closed,bf31f8d6b002d1ca,Healthy
Z:\Projects\Smart-Farming\Datasets\final_combined_datasets\PLCE\H\PLCE_H_0517.jpg,Potato,H,closed,fee1e083859cd784,Healthy
Z:\Projects\Smart-Farming\Datasets\final_combined_datasets\PLCE\H\PLCE_H_0518.jpg,Potato,H,closed,fab085cb669568ca,Healthy
Z:\Projects\Smart-Farming\Datasets\final_combined_datasets\PLCE\H\PLCE_H_0519.jpg,Potato,H,closed,fec7a09cc780c69c,Healthy
Z:\Projects\Smart-Farming\Datasets\final_combined_datasets\PLCE\H\PLCE_H_0520.jpg,Potato,H,closed,bfd2e0cab585950c,Healthy
Z:\Projects\Smart-Farming\Datasets\final_combined_datasets\PLCE\H\PLCE_H_0521.jpg,Potato,H,closed,bfb5b457904ad148,Healthy
Z:\Projects\Smart-Farming\Datasets\final_combined_datasets\PLCE\H\PLCE_H_0522.jpg,Potato,H,closed,afc2a48d961ccb3c,Healthy
Z:\Projects\Smart-Farming\Datasets\final_combined_datasets\PLCE\H\PLCE_H_0523.jpg,Potato,H,closed,fae6e087859e9618,Healthy
Z:\Projects\Smart-Farming\Datasets\final_combined_datasets\PLCE\H\PLCE_H_0524.jpg,Potato,H,closed,bbe0a0838797ce9a,Healthy
Z:\Projects\Smart-Farming\Datasets\final_combined_datasets\PLCE\H\PLCE_H_0525.jpg,Potato,H,closed,bb9fe0d981d0d682,Healthy
Z:\Projects\Smart-Farming\Datasets\final_combined_datasets\PLCE\H\PLCE_H_0526.jpg,Potato,H,closed,bbdab1a8938583c6,Healthy
Z:\Projects\Smart-Farming\Datasets\final_combined_datasets\PLCE\H\PLCE_H_0527.jpg,Potato,H,closed,ee4ee08a813d9739,Healthy
Z:\Projects\Smart-Farming\Datasets\final_combined_datasets\PLCE\H\PLCE_H_0528.jpg,Potato,H,closed,bf69e05681a2c7d2,Healthy
Z:\Projects\Smart-Farming\Datasets\final_combined_datasets\PLCE\H\PLCE_H_0529.jpg,Potato,H,closed,fec0a087879fde10,Healthy
Z:\Projects\Smart-Farming\Datasets\final_combined_datasets\PLCE\H\PLCE_H_0530.jpg,Potato,H,closed,aeb0b489d2d4cb9a,Healthy
Z:\Projects\Smart-Farming\Datasets\final_combined_datasets\PLCE\H\PLCE_H_0531.jpg,Potato,H,closed,fa9ae44c85e187c5,Healthy
Z:\Projects\Smart-Farming\Datasets\final_combined_datasets\PLCE\H\PLCE_H_0532.jpg,Potato,H,closed,bfe090a18f879c96,Healthy
Z:\Projects\Smart-Farming\Datasets\final_combined_datasets\PLCE\H\PLCE_H_0533.jpg,Potato,H,closed,fff0e081c19f825c,Healthy
Z:\Projects\Smart-Farming\Datasets\final_combined_datasets\PLCE\H\PLCE_H_0534.jpg,Potato,H,closed,af93b590c293cb89,Healthy
Z:\Projects\Smart-Farming\Datasets\final_combined_datasets\PLCE\H\PLCE_H_0535.jpg,Potato,H,closed,aec2b555944ac2af,Healthy
Z:\Projects\Smart-Farming\Datasets\final_combined_datasets\PLCE\H\PLCE_H_0536.jpg,Potato,H,closed,bf4cb42dd034d932,Healthy
Z:\Projects\Smart-Farming\Datasets\final_combined_datasets\PLCE\H\PLCE_H_0537.jpg,Potato,H,closed,ea15c53ac330dc73,Healthy
Z:\Projects\Smart-Farming\Datasets\final_combined_datasets\PLCE\H\PLCE_H_0538.jpg,Potato,H,closed,ee96b0d2d0d889e9,Healthy
Z:\Projects\Smart-Farming\Datasets\final_combined_datasets\PLCE\H\PLCE_H_0539.jpg,Potato,H,closed,aa93b5a2c24adb69,Healthy
Z:\Projects\Smart-Farming\Datasets\final_combined_datasets\PLCE\H\PLCE_H_0540.jpg,Potato,H,closed,efb5d0fa8bc0c0c1,Healthy
Z:\Projects\Smart-Farming\Datasets\final_combined_datasets\PLCE\H\PLCE_H_0541.jpg,Potato,H,closed,bf08f11fd03dc234,Healthy
Z:\Projects\Smart-Farming\Datasets\final_combined_datasets\PLCE\H\PLCE_H_0542.jpg,Potato,H,closed,fe15c0f58f700c63,Healthy
Z:\Projects\Smart-Farming\Datasets\final_combined_datasets\PLCE\H\PLCE_H_0543.jpg,Potato,H,closed,aa15a1b5d7629c4b,Healthy
Z:\Projects\Smart-Farming\Datasets\final_combined_datasets\PLCE\H\PLCE_H_0544.jpg,Potato,H,closed,af48b52df035d132,Healthy
Z:\Projects\Smart-Farming\Datasets\final_combined_datasets\PLCE\H\PLCE_H_0545.jpg,Potato,H,closed,eab5bd1a845ac8e8,Healthy
Z:\Projects\Smart-Farming\Datasets\final_combined_datasets\PLCE\H\PLCE_H_0546.jpg,Potato,H,closed,bed8a86ad1658327,Healthy
Z:\Projects\Smart-Farming\Datasets\final_combined_datasets\PLCE\H\PLCE_H_0547.jpg,Potato,H,closed,abb5f41ac0798d70,Healthy
Z:\Projects\Smart-Farming\Datasets\final_combined_datasets\PLCE\H\PLCE_H_0548.jpg,Potato,H,closed,aa6ad08384afd9b5,Healthy
Z:\Projects\Smart-Farming\Datasets\final_combined_datasets\PLCE\H\PLCE_H_0549.jpg,Potato,H,closed,aa3caded94f0d0c2,Healthy
Z:\Projects\Smart-Farming\Datasets\final_combined_datasets\PLCE\H\PLCE_H_0550.jpg,Potato,H,closed,aabd95d2c06a8d65,Healthy
Z:\Projects\Smart-Farming\Datasets\final_combined_datasets\PLCE\H\PLCE_H_0551.jpg,Potato,H,closed,ba5ab125c374c533,Healthy
Z:\Projects\Smart-Farming\Datasets\final_combined_datasets\PLCE\H\PLCE_H_0552.jpg,Potato,H,closed,efb2b0f980828f8b,Healthy
Z:\Projects\Smart-Farming\Datasets\final_combined_datasets\PLCE\H\PLCE_H_0553.jpg,Potato,H,closed,bab1b1d0930bc32f,Healthy
Z:\Projects\Smart-Farming\Datasets\final_combined_datasets\PLCE\H\PLCE_H_0554.jpg,Potato,H,closed,bf87905fd20ac9c8,Healthy
Z:\Projects\Smart-Farming\Datasets\final_combined_datasets\PLCE\H\PLCE_H_0555.jpg,Potato,H,closed,efc0e04b858f96d8,Healthy
Z:\Projects\Smart-Farming\Datasets\final_combined_datasets\PLCE\H\PLCE_H_0556.jpg,Potato,H,closed,ff17a130cb588d61,Healthy
Z:\Projects\Smart-Farming\Datasets\final_combined_datasets\PLCE\H\PLCE_H_0557.jpg,Potato,H,closed,eab5e09e815887cb,Healthy
Z:\Projects\Smart-Farming\Datasets\final_combined_datasets\PLCE\H\PLCE_H_0558.jpg,Potato,H,closed,fad0e18f858d8aac,Healthy
Z:\Projects\Smart-Farming\Datasets\final_combined_datasets\PLCE\H\PLCE_H_0559.jpg,Potato,H,closed,ef1e8570986e93c8,Healthy
Z:\Projects\Smart-Farming\Datasets\final_combined_datasets\PLCE\H\PLCE_H_0560.jpg,Potato,H,closed,fabda1b0c1429763,Healthy
Z:\Projects\Smart-Farming\Datasets\final_combined_datasets\PLCE\H\PLCE_H_0561.jpg,Potato,H,closed,afd0a52bd241d237,Healthy
Z:\Projects\Smart-Farming\Datasets\final_combined_datasets\PLCE\H\PLCE_H_0562.jpg,Potato,H,closed,aaa5d5974198c7c9,Healthy
Z:\Projects\Smart-Farming\Datasets\final_combined_datasets\PLCE\H\PLCE_H_0563.jpg,Potato,H,closed,ea31f0b490cacf4b,Healthy
Z:\Projects\Smart-Farming\Datasets\final_combined_datasets\PLCE\H\PLCE_H_0564.jpg,Potato,H,closed,ea87a1f4970a965a,Healthy
Z:\Projects\Smart-Farming\Datasets\final_combined_datasets\PLCE\H\PLCE_H_0565.jpg,Potato,H,closed,eac2858a97bd9a31,Healthy
Z:\Projects\Smart-Farming\Datasets\final_combined_datasets\PLCE\H\PLCE_H_0566.jpg,Potato,H,closed,eb3791d894cac0cb,Healthy
Z:\Projects\Smart-Farming\Datasets\final_combined_datasets\PLCE\H\PLCE_H_0567.jpg,Potato,H,closed,baceb0ec81b48796,Healthy
Z:\Projects\Smart-Farming\Datasets\final_combined_datasets\PLCE\H\PLCE_H_0568.jpg,Potato,H,closed,aa94b5dad04bcb29,Healthy
Z:\Projects\Smart-Farming\Datasets\final_combined_datasets\PLCE\H\PLCE_H_0569.jpg,Potato,H,closed,eaf1b1c29503da0f,Healthy
Z:\Projects\Smart-Farming\Datasets\final_combined_datasets\PLCE\H\PLCE_H_0570.jpg,Potato,H,closed,ee32a4b095c59ad6,Healthy
Z:\Projects\Smart-Farming\Datasets\final_combined_datasets\PLCE\H\PLCE_H_0571.jpg,Potato,H,closed,ef4fa4ad95958290,Healthy
Z:\Projects\Smart-Farming\Datasets\final_combined_datasets\PLCE\H\PLCE_H_0572.jpg,Potato,H,closed,fbceb52082a4c7b4,Healthy
Z:\Projects\Smart-Farming\Datasets\final_combined_datasets\PLCE\H\PLCE_H_0573.jpg,Potato,H,closed,eaa4e497841ed71a,Healthy
Z:\Projects\Smart-Farming\Datasets\final_combined_datasets\PLCE\H\PLCE_H_0574.jpg,Potato,H,closed,ea9ba451825b8f3a,Healthy
Z:\Projects\Smart-Farming\Datasets\final_combined_datasets\PLCE\H\PLCE_H_0575.jpg,Potato,H,closed,ef8fa5f0c6808a17,Healthy
Z:\Projects\Smart-Farming\Datasets\final_combined_datasets\PLCE\H\PLCE_H_0576.jpg,Potato,H,closed,ae1a85f996c5d0c6,Healthy
Z:\Projects\Smart-Farming\Datasets\final_combined_datasets\PLCE\H\PLCE_H_0577.jpg,Potato,H,closed,be9c955ac84ac52d,Healthy
Z:\Projects\Smart-Farming\Datasets\final_combined_datasets\PLCE\H\PLCE_H_0578.jpg,Potato,H,closed,bacab0a9d1a5d097,Healthy
Z:\Projects\Smart-Farming\Datasets\final_combined_datasets\PLCE\H\PLCE_H_0579.jpg,Potato,H,closed,af1db45ad22bc905,Healthy
Z:\Projects\Smart-Farming\Datasets\final_combined_datasets\PLCE\H\PLCE_H_0580.jpg,Potato,H,closed,bf10b5d8d0caca65,Healthy
Z:\Projects\Smart-Farming\Datasets\final_combined_datasets\PLCE\H\PLCE_H_0581.jpg,Potato,H,closed,ea0fe1fe85c0870d,Healthy
Z:\Projects\Smart-Farming\Datasets\final_combined_datasets\PLCE\H\PLCE_H_0582.jpg,Potato,H,closed,fe1fe0f0ad519442,Healthy
Z:\Projects\Smart-Farming\Datasets\final_combined_datasets\PLCE\H\PLCE_H_0583.jpg,Potato,H,closed,bf44b42fd2d4c09a,Healthy
Z:\Projects\Smart-Farming\Datasets\final_combined_datasets\PLCE\H\PLCE_H_0584.jpg,Potato,H,closed,af15e05ac67b8f01,Healthy
Z:\Projects\Smart-Farming\Datasets\final_combined_datasets\PLCE\H\PLCE_H_0585.jpg,Potato,H,closed,eac89db99337d024,Healthy
Z:\Projects\Smart-Farming\Datasets\final_combined_datasets\PLCE\H\PLCE_H_0586.jpg,Potato,H,closed,eac1c51b853a95b9,Healthy
Z:\Projects\Smart-Farming\Datasets\final_combined_datasets\PLCE\H\PLCE_H_0587.jpg,Potato,H,closed,bab1b012d35b8b69,Healthy
Z:\Projects\Smart-Farming\Datasets\final_combined_datasets\PLCE\H\PLCE_H_0588.jpg,Potato,H,closed,aa1aa1f8d5619667,Healthy
Z:\Projects\Smart-Farming\Datasets\final_combined_datasets\PLCE\H\PLCE_H_0589.jpg,Potato,H,closed,eab4b1d2c2cbc90d,Healthy
Z:\Projects\Smart-Farming\Datasets\final_combined_datasets\PLCE\H\PLCE_H_0590.jpg,Potato,H,closed,abe3e192d25a8b38,Healthy
Z:\Projects\Smart-Farming\Datasets\final_combined_datasets\PLCE\H\PLCE_H_0591.jpg,Potato,H,closed,ba4ae12a813dc73d,Healthy
Z:\Projects\Smart-Farming\Datasets\final_combined_datasets\PLCE\H\PLCE_H_0592.jpg,Potato,H,closed,aae5b546848e979a,Healthy
Z:\Projects\Smart-Farming\Datasets\final_combined_datasets\PLCE\H\PLCE_H_0593.jpg,Potato,H,closed,aac4d50fc2bcda38,Healthy
Z:\Projects\Smart-Farming\Datasets\final_combined_datasets\PLCE\H\PLCE_H_0594.jpg,Potato,H,closed,abb194cac2c9cbc5,Healthy
Z:\Projects\Smart-Farming\Datasets\final_combined_datasets\PLCE\H\PLCE_H_0595.jpg,Potato,H,closed,aa16a57a9561d2ad,Healthy
Z:\Projects\Smart-Farming\Datasets\final_combined_datasets\PLCE\H\PLCE_H_0596.jpg,Potato,H,closed,aa39e16a852b9e65,Healthy
Z:\Projects\Smart-Farming\Datasets\final_combined_datasets\PLCE\H\PLCE_H_0597.jpg,Potato,H,closed,aaa5b59c87d2ccc2,Healthy
Z:\Projects\Smart-Farming\Datasets\final_combined_datasets\PLCE\H\PLCE_H_0598.jpg,Potato,H,closed,aac4b58cd217da1b,Healthy
Z:\Projects\Smart-Farming\Datasets\final_combined_datasets\PLCE\H\PLCE_H_0599.jpg,Potato,H,closed,eecce11183bede80,Healthy
Z:\Projects\Smart-Farming\Datasets\final_combined_datasets\PLCE\H\PLCE_H_0600.jpg,Potato,H,closed,fab9a17095c092eb,Healthy
Z:\Projects\Smart-Farming\Datasets\final_combined_datasets\PLCE\H\PLCE_H_0601.jpg,Potato,H,closed,ffe0a4829407d61f,Healthy
Z:\Projects\Smart-Farming\Datasets\final_combined_datasets\PLCE\H\PLCE_H_0602.jpg,Potato,H,closed,fe42e08b87dd9684,Healthy
Z:\Projects\Smart-Farming\Datasets\final_combined_datasets\PLCE\H\PLCE_H_0603.jpg,Potato,H,closed,fba1e01785da9712,Healthy
Z:\Projects\Smart-Farming\Datasets\final_combined_datasets\PLCE\H\PLCE_H_0604.jpg,Potato,H,closed,fb5ce0a885fd9700,Healthy
Z:\Projects\Smart-Farming\Datasets\final_combined_datasets\PLCE\H\PLCE_H_0605.jpg,Potato,H,closed,fe9fe0c085ed9700,Healthy
Z:\Projects\Smart-Farming\Datasets\final_combined_datasets\PLCE\H\PLCE_H_0606.jpg,Potato,H,closed,bb92f0d8c288cbe9,Healthy
Z:\Projects\Smart-Farming\Datasets\final_combined_datasets\PLCE\H\PLCE_H_0607.jpg,Potato,H,closed,faa4e15485f2d782,Healthy
Z:\Projects\Smart-Farming\Datasets\final_combined_datasets\PLCE\H\PLCE_H_0608.jpg,Potato,H,closed,bbb1b013c15bcb0b,Healthy
Z:\Projects\Smart-Farming\Datasets\final_combined_datasets\PLCE\H\PLCE_H_0609.jpg,Potato,H,closed,efb5a091c15a875a,Healthy
Z:\Projects\Smart-Farming\Datasets\final_combined_datasets\PLCE\H\PLCE_H_0610.jpg,Potato,H,closed,eac0e10785efc794,Healthy
Z:\Projects\Smart-Farming\Datasets\final_combined_datasets\PLCE\H\PLCE_H_0611.jpg,Potato,H,closed,eab5e5f0859086d3,Healthy
Z:\Projects\Smart-Farming\Datasets\final_combined_datasets\PLCE\H\PLCE_H_0612.jpg,Potato,H,closed,af1eb038d351836b,Healthy
Z:\Projects\Smart-Farming\Datasets\final_combined_datasets\PLCE\H\PLCE_H_0613.jpg,Potato,H,closed,eee2a41bc4019ede,Healthy
Z:\Projects\Smart-Farming\Datasets\final_combined_datasets\PLCE\H\PLCE_H_0614.jpg,Potato,H,closed,eac6a18787fe9608,Healthy
Z:\Projects\Smart-Farming\Datasets\final_combined_datasets\PLCE\H\PLCE_H_0615.jpg,Potato,H,closed,ea9be158914f97a0,Healthy
Z:\Projects\Smart-Farming\Datasets\final_combined_datasets\PLCE\H\PLCE_H_0616.jpg,Potato,H,closed,fae8e00985bf8725,Healthy
Z:\Projects\Smart-Farming\Datasets\final_combined_datasets\PLCE\H\PLCE_H_0617.jpg,Potato,H,closed,ffa0a1d58157970a,Healthy
Z:\Projects\Smart-Farming\Datasets\final_combined_datasets\PLCE\H\PLCE_H_0618.jpg,Potato,H,closed,bee8bca8c095c596,Healthy
Z:\Projects\Smart-Farming\Datasets\final_combined_datasets\PLCE\H\PLCE_H_0619.jpg,Potato,H,closed,ea83e1f2859296ba,Healthy
Z:\Projects\Smart-Farming\Datasets\final_combined_datasets\PLCE\H\PLCE_H_0620.jpg,Potato,H,closed,fee9e011c7fd8280,Healthy
Z:\Projects\Smart-Farming\Datasets\final_combined_datasets\PLCE\H\PLCE_H_0621.jpg,Potato,H,closed,be0fe47c8560d4e8,Healthy
Z:\Projects\Smart-Farming\Datasets\final_combined_datasets\PLCE\H\PLCE_H_0622.jpg,Potato,H,closed,aa2bf553814a8797,Healthy
Z:\Projects\Smart-Farming\Datasets\final_combined_datasets\PLCE\H\PLCE_H_0623.jpg,Potato,H,closed,aad9f439c0858be3,Healthy
Z:\Projects\Smart-Farming\Datasets\final_combined_datasets\PLCE\H\PLCE_H_0624.jpg,Potato,H,closed,ea3ba4f085e19687,Healthy
Z:\Projects\Smart-Farming\Datasets\final_combined_datasets\PLCE\H\PLCE_H_0625.jpg,Potato,H,closed,aa89f5ddc0a897c4,Healthy
Z:\Projects\Smart-Farming\Datasets\final_combined_datasets\PLCE\H\PLCE_H_0626.jpg,Potato,H,closed,aac5e486c51e9e78,Healthy
Z:\Projects\Smart-Farming\Datasets\final_combined_datasets\PLCE\H\PLCE_H_0627.jpg,Potato,H,closed,eaa1e1d48712d79a,Healthy
Z:\Projects\Smart-Farming\Datasets\final_combined_datasets\PLCE\H\PLCE_H_0628.jpg,Potato,H,closed,ab6ba041d507d2af,Healthy
Z:\Projects\Smart-Farming\Datasets\final_combined_datasets\PLCE\H\PLCE_H_0629.jpg,Potato,H,closed,ea2fe17485a89745,Healthy
Z:\Projects\Smart-Farming\Datasets\final_combined_datasets\PLCE\H\PLCE_H_0630.jpg,Potato,H,closed,aac4f546802e977e,Healthy
Z:\Projects\Smart-Farming\Datasets\final_combined_datasets\PLCE\H\PLCE_H_0631.jpg,Potato,H,closed,ab3db550d22a8375,Healthy
Z:\Projects\Smart-Farming\Datasets\final_combined_datasets\PLCE\H\PLCE_H_0632.jpg,Potato,H,closed,fa4be04b81eb9705,Healthy
Z:\Projects\Smart-Farming\Datasets\final_combined_datasets\PLCE\H\PLCE_H_0633.jpg,Potato,H,closed,ee83e5d6855a870a,Healthy
Z:\Projects\Smart-Farming\Datasets\final_combined_datasets\PLCE\H\PLCE_H_0634.jpg,Potato,H,closed,ab1bf4b992f09491,Healthy
Z:\Projects\Smart-Farming\Datasets\final_combined_datasets\PLCE\H\PLCE_H_0635.jpg,Potato,H,closed,ffa0e0c48117c59f,Healthy
Z:\Projects\Smart-Farming\Datasets\final_combined_datasets\PLCE\H\PLCE_H_0636.jpg,Potato,H,closed,bfc8f1ec83048e96,Healthy
Z:\Projects\Smart-Farming\Datasets\final_combined_datasets\PLCE\H\PLCE_H_0637.jpg,Potato,H,closed,bf07b45ed0a8c06d,Healthy
Z:\Projects\Smart-Farming\Datasets\final_combined_datasets\PLCE\H\PLCE_H_0638.jpg,Potato,H,closed,bf06b4fed2408b61,Healthy
Z:\Projects\Smart-Farming\Datasets\final_combined_datasets\PLCE\H\PLCE_H_0639.jpg,Potato,H,closed,fa99e0fa85909791,Healthy
Z:\Projects\Smart-Farming\Datasets\final_combined_datasets\PLCE\H\PLCE_H_0640.jpg,Potato,H,closed,fe8ba4f994a0c0d3,Healthy
Z:\Projects\Smart-Farming\Datasets\final_combined_datasets\PLCE\H\PLCE_H_0641.jpg,Potato,H,closed,fa1fa0fe85e09603,Healthy
Z:\Projects\Smart-Farming\Datasets\final_combined_datasets\PLCE\H\PLCE_H_0642.jpg,Potato,H,closed,bbd1b188d0d5c29e,Healthy
Z:\Projects\Smart-Farming\Datasets\final_combined_datasets\PLCE\H\PLCE_H_0643.jpg,Potato,H,closed,ea4be5698750d68a,Healthy
Z:\Projects\Smart-Farming\Datasets\final_combined_datasets\PLCE\H\PLCE_H_0644.jpg,Potato,H,closed,ff43f0ee80a4830f,Healthy
Z:\Projects\Smart-Farming\Datasets\final_combined_datasets\PLCE\H\PLCE_H_0645.jpg,Potato,H,closed,ffe0b0419187d387,Healthy
Z:\Projects\Smart-Farming\Datasets\final_combined_datasets\PLCE\H\PLCE_H_0646.jpg,Potato,H,closed,bfe0e081859fc752,Healthy
Z:\Projects\Smart-Farming\Datasets\final_combined_datasets\PLCE\H\PLCE_H_0647.jpg,Potato,H,closed,aa4ae10b855f97ac,Healthy
Z:\Projects\Smart-Farming\Datasets\final_combined_datasets\PLCE\H\PLCE_H_0648.jpg,Potato,H,closed,fb9ab4dfd038c220,Healthy
Z:\Projects\Smart-Farming\Datasets\final_combined_datasets\PLCE\H\PLCE_H_0649.jpg,Potato,H,closed,afeab4218b869d86,Healthy
Z:\Projects\Smart-Farming\Datasets\final_combined_datasets\PLCE\H\PLCE_H_0650.jpg,Potato,H,closed,fa49b4ab908593d6,Healthy
Z:\Projects\Smart-Farming\Datasets\final_combined_datasets\PLCE\H\PLCE_H_0651.jpg,Potato,H,closed,bf52b4a1c257c38a,Healthy
Z:\Projects\Smart-Farming\Datasets\final_combined_datasets\PLCE\H\PLCE_H_0652.jpg,Potato,H,closed,faa5e09487c0d7b2,Healthy
Z:\Projects\Smart-Farming\Datasets\final_combined_datasets\PLCE\H\PLCE_H_0653.jpg,Potato,H,closed,efb4b516d0dad088,Healthy
Z:\Projects\Smart-Farming\Datasets\final_combined_datasets\PLCE\H\PLCE_H_0654.jpg,Potato,H,closed,fea0f583809f93c8,Healthy
Z:\Projects\Smart-Farming\Datasets\final_combined_datasets\PLCE\H\PLCE_H_0655.jpg,Potato,H,closed,ef99a0fcd5e08681,Healthy
Z:\Projects\Smart-Farming\Datasets\final_combined_datasets\PLCE\H\PLCE_H_0656.jpg,Potato,H,closed,fee2a007879e949c,Healthy
Z:\Projects\Smart-Farming\Datasets\final_combined_datasets\PLCE\H\PLCE_H_0657.jpg,Potato,H,closed,bacdb5ded00ac268,Healthy
Z:\Projects\Smart-Farming\Datasets\final_combined_datasets\PLCE\H\PLCE_H_0658.jpg,Potato,H,closed,aa0cb51f94b8d2f1,Healthy
Z:\Projects\Smart-Farming\Datasets\final_combined_datasets\PLCE\H\PLCE_H_0659.jpg,Potato,H,closed,af0bb43fd035c270,Healthy
Z:\Projects\Smart-Farming\Datasets\final_combined_datasets\PLCE\H\PLCE_H_0660.jpg,Potato,H,closed,eec0b401d4efc21f,Healthy
Z:\Projects\Smart-Farming\Datasets\final_combined_datasets\PLCE\H\PLCE_H_0661.jpg,Potato,H,closed,ea1ce4e88641de8f,Healthy
Z:\Projects\Smart-Farming\Datasets\final_combined_datasets\PLCE\H\PLCE_H_0662.jpg,Potato,H,closed,aeb1b5d0d18ac1cb,Healthy
Z:\Projects\Smart-Farming\Datasets\final_combined_datasets\PLCE\H\PLCE_H_0663.jpg,Potato,H,closed,aa87a57f84f0d6a0,Healthy
Z:\Projects\Smart-Farming\Datasets\final_combined_datasets\PLCE\H\PLCE_H_0664.jpg,Potato,H,closed,ba80d5dae07de078,Healthy
Z:\Projects\Smart-Farming\Datasets\final_combined_datasets\PLCE\H\PLCE_H_0665.jpg,Potato,H,closed,aab9a5f695e09483,Healthy
Z:\Projects\Smart-Farming\Datasets\final_combined_datasets\PLCE\H\PLCE_H_0666.jpg,Potato,H,closed,afbdf45a82788229,Healthy
Z:\Projects\Smart-Farming\Datasets\final_combined_datasets\PLCE\H\PLCE_H_0667.jpg,Potato,H,closed,ab1ef0e6803dc785,Healthy
Z:\Projects\Smart-Farming\Datasets\final_combined_datasets\PLCE\H\PLCE_H_0668.jpg,Potato,H,closed,eacae8c2858dd70d,Healthy
Z:\Projects\Smart-Farming\Datasets\final_combined_datasets\PLCE\H\PLCE_H_0669.jpg,Potato,H,closed,fea5e08585de8692,Healthy
Z:\Projects\Smart-Farming\Datasets\final_combined_datasets\PLCE\H\PLCE_H_0670.jpg,Potato,H,closed,bac2b13fd2b48ad0,Healthy
Z:\Projects\Smart-Farming\Datasets\final_combined_datasets\PLCE\H\PLCE_H_0671.jpg,Potato,H,closed,ffa0e091d09383db,Healthy
Z:\Projects\Smart-Farming\Datasets\final_combined_datasets\PLCE\H\PLCE_H_0672.jpg,Potato,H,closed,feb9b083b54e06c8,Healthy
Z:\Projects\Smart-Farming\Datasets\final_combined_datasets\PLCE\H\PLCE_H_0673.jpg,Potato,H,closed,fbdca068856cd724,Healthy
Z:\Projects\Smart-Farming\Datasets\final_combined_datasets\PLCE\H\PLCE_H_0674.jpg,Potato,H,closed,ff88e0ec81a4c787,Healthy
Z:\Projects\Smart-Farming\Datasets\final_combined_datasets\PLCE\H\PLCE_H_0675.jpg,Potato,H,closed,fa8cb1f895a09a95,Healthy
Z:\Projects\Smart-Farming\Datasets\final_combined_datasets\PLCE\H\PLCE_H_0676.jpg,Potato,H,closed,afccf50cd23c1b30,Healthy
Z:\Projects\Smart-Farming\Datasets\final_combined_datasets\PLCE\H\PLCE_H_0677.jpg,Potato,H,closed,aadba4f8d4c0cac3,Healthy
Z:\Projects\Smart-Farming\Datasets\final_combined_datasets\PLCE\H\PLCE_H_0678.jpg,Potato,H,closed,efa4e4d485421dcb,Healthy
Z:\Projects\Smart-Farming\Datasets\final_combined_datasets\PLCE\H\PLCE_H_0679.jpg,Potato,H,closed,fecab0a5c2958d92,Healthy
Z:\Projects\Smart-Farming\Datasets\final_combined_datasets\PLCE\H\PLCE_H_0680.jpg,Potato,H,closed,ea62e1a487961eda,Healthy
Z:\Projects\Smart-Farming\Datasets\final_combined_datasets\PLCE\H\PLCE_H_0681.jpg,Potato,H,closed,aee695c0528f9a1d,Healthy
Z:\Projects\Smart-Farming\Datasets\final_combined_datasets\PLCE\H\PLCE_H_0682.jpg,Potato,H,closed,aaf9b1d0910ed30f,Healthy
Z:\Projects\Smart-Farming\Datasets\final_combined_datasets\PLCE\H\PLCE_H_0683.jpg,Potato,H,closed,aa1bb7e0d4b1c2f0,Healthy
Z:\Projects\Smart-Farming\Datasets\final_combined_datasets\PLCE\H\PLCE_H_0684.jpg,Potato,H,closed,bf4af0afc0b4c9c0,Healthy
Z:\Projects\Smart-Farming\Datasets\final_combined_datasets\PLCE\H\PLCE_H_0685.jpg,Potato,H,closed,aab8b5d8d08bca4d,Healthy
Z:\Projects\Smart-Farming\Datasets\final_combined_datasets\PLCE\H\PLCE_H_0686.jpg,Potato,H,closed,aa37a4c2970fce0d,Healthy
Z:\Projects\Smart-Farming\Datasets\final_combined_datasets\PLCE\H\PLCE_H_0687.jpg,Potato,H,closed,eaf6a4e09703c60f,Healthy
Z:\Projects\Smart-Farming\Datasets\final_combined_datasets\PLCE\H\PLCE_H_0688.jpg,Potato,H,closed,efd8b0a190f58595,Healthy
Z:\Projects\Smart-Farming\Datasets\final_combined_datasets\PLCE\H\PLCE_H_0689.jpg,Potato,H,closed,fae9b083938bda88,Healthy
Z:\Projects\Smart-Farming\Datasets\final_combined_datasets\PLCE\H\PLCE_H_0690.jpg,Potato,H,closed,ab6ab0afd0b5c192,Healthy
Z:\Projects\Smart-Farming\Datasets\final_combined_datasets\PLCE\H\PLCE_H_0691.jpg,Potato,H,closed,ef1aa1ba85a198c7,Healthy
Z:\Projects\Smart-Farming\Datasets\final_combined_datasets\PLCE\H\PLCE_H_0692.jpg,Potato,H,closed,eea6b0d2d04ac26f,Healthy
Z:\Projects\Smart-Farming\Datasets\final_combined_datasets\PLCE\H\PLCE_H_0693.jpg,Potato,H,closed,aab7f186d55e820a,Healthy
Z:\Projects\Smart-Farming\Datasets\final_combined_datasets\PLCE\H\PLCE_H_0694.jpg,Potato,H,closed,ea57e4aa84e59487,Healthy
Z:\Projects\Smart-Farming\Datasets\final_combined_datasets\PLCE\H\PLCE_H_0695.jpg,Potato,H,closed,ab6b95a5c591e581,Healthy
Z:\Projects\Smart-Farming\Datasets\final_combined_datasets\PLCE\H\PLCE_H_0696.jpg,Potato,H,closed,bbdbb1a890b4d192,Healthy
Z:\Projects\Smart-Farming\Datasets\final_combined_datasets\PLCE\H\PLCE_H_0697.jpg,Potato,H,closed,fbb0b1d0c14acb4b,Healthy
Z:\Projects\Smart-Farming\Datasets\final_combined_datasets\PLCE\H\PLCE_H_0698.jpg,Potato,H,closed,afeda144d46ec28c,Healthy
Z:\Projects\Smart-Farming\Datasets\final_combined_datasets\PLCE\H\PLCE_H_0699.jpg,Potato,H,closed,ef1ba4f894e19885,Healthy
Z:\Projects\Smart-Farming\Datasets\final_combined_datasets\PLCE\H\PLCE_H_0700.jpg,Potato,H,closed,ebe4a484950f9e1e,Healthy
Z:\Projects\Smart-Farming\Datasets\final_combined_datasets\PLCE\H\PLCE_H_0701.jpg,Potato,H,closed,ea4ae0aac2ad8fb4,Healthy
Z:\Projects\Smart-Farming\Datasets\final_combined_datasets\PLCE\H\PLCE_H_0702.jpg,Potato,H,closed,ea16e5fa85e09487,Healthy
Z:\Projects\Smart-Farming\Datasets\final_combined_datasets\PLCE\H\PLCE_H_0703.jpg,Potato,H,closed,be19a0b995f19ac1,Healthy
Z:\Projects\Smart-Farming\Datasets\final_combined_datasets\PLCE\H\PLCE_H_0704.jpg,Potato,H,closed,eee4a485849f9e98,Healthy
Z:\Projects\Smart-Farming\Datasets\final_combined_datasets\PLCE\H\PLCE_H_0705.jpg,Potato,H,closed,ff43b0afc0b4c192,Healthy
Z:\Projects\Smart-Farming\Datasets\final_combined_datasets\PLCE\H\PLCE_H_0706.jpg,Potato,H,closed,af62b4a5d4b5c096,Healthy
Z:\Projects\Smart-Farming\Datasets\final_combined_datasets\PLCE\H\PLCE_H_0707.jpg,Potato,H,closed,eb32a5b895f190c6,Healthy
Z:\Projects\Smart-Farming\Datasets\final_combined_datasets\PLCE\H\PLCE_H_0708.jpg,Potato,H,closed,fae6f094c0928fca,Healthy
Z:\Projects\Smart-Farming\Datasets\final_combined_datasets\PLCE\H\PLCE_H_0709.jpg,Potato,H,closed,bfebb48590878296,Healthy
Z:\Projects\Smart-Farming\Datasets\final_combined_datasets\PLCE\H\PLCE_H_0710.jpg,Potato,H,closed,ae0ea06cc7e4cee4,Healthy
Z:\Projects\Smart-Farming\Datasets\final_combined_datasets\PLCE\H\PLCE_H_0711.jpg,Potato,H,closed,bf8da179d460c2e1,Healthy
Z:\Projects\Smart-Farming\Datasets\final_combined_datasets\PLCE\H\PLCE_H_0712.jpg,Potato,H,closed,bf1fb02e90b0d9b0,Healthy
Z:\Projects\Smart-Farming\Datasets\final_combined_datasets\PLCE\H\PLCE_H_0713.jpg,Potato,H,closed,ff4ce4ecc0e0c487,Healthy
Z:\Projects\Smart-Farming\Datasets\final_combined_datasets\PLCE\H\PLCE_H_0714.jpg,Potato,H,closed,ff5af0bb90b08390,Healthy
Z:\Projects\Smart-Farming\Datasets\final_combined_datasets\PLCE\H\PLCE_H_0715.jpg,Potato,H,closed,bf46f0af82b483b0,Healthy
Z:\Projects\Smart-Farming\Datasets\final_combined_datasets\PLCE\H\PLCE_H_0716.jpg,Potato,H,closed,bfccb8ac90b5d094,Healthy
Z:\Projects\Smart-Farming\Datasets\final_combined_datasets\PLCE\H\PLCE_H_0717.jpg,Potato,H,closed,aaf5a0a08557979e,Healthy
Z:\Projects\Smart-Farming\Datasets\final_combined_datasets\PLCE\H\PLCE_H_0718.jpg,Potato,H,closed,aea5e4d6849a8f58,Healthy
Z:\Projects\Smart-Farming\Datasets\final_combined_datasets\PLCE\H\PLCE_H_0719.jpg,Potato,H,closed,aec4a4c7940fda0f,Healthy
Z:\Projects\Smart-Farming\Datasets\final_combined_datasets\PLCE\H\PLCE_H_0720.jpg,Potato,H,closed,aecea5acd0e4c3c4,Healthy
Z:\Projects\Smart-Farming\Datasets\final_combined_datasets\PLCE\H\PLCE_H_0721.jpg,Potato,H,closed,ff8cb0ecd52482b4,Healthy
Z:\Projects\Smart-Farming\Datasets\final_combined_datasets\PLCE\H\PLCE_H_0722.jpg,Potato,H,closed,afc8f5afc4858216,Healthy
Z:\Projects\Smart-Farming\Datasets\final_combined_datasets\PLCE\H\PLCE_H_0723.jpg,Potato,H,closed,ae2ba14dd7a0c635,Healthy
Z:\Projects\Smart-Farming\Datasets\final_combined_datasets\PLCE\H\PLCE_H_0724.jpg,Potato,H,closed,af35d45ac2ab8568,Healthy
Z:\Projects\Smart-Farming\Datasets\final_combined_datasets\PLCE\H\PLCE_H_0725.jpg,Potato,H,closed,aa3fc8f49dc2904e,Healthy
Z:\Projects\Smart-Farming\Datasets\final_combined_datasets\PLCE\H\PLCE_H_0726.jpg,Potato,H,closed,bf6db403d067c226,Healthy
Z:\Projects\Smart-Farming\Datasets\final_combined_datasets\PLCE\H\PLCE_H_0727.jpg,Potato,H,closed,ea91b55fd0f892c0,Healthy
Z:\Projects\Smart-Farming\Datasets\final_combined_datasets\PLCE\H\PLCE_H_0728.jpg,Potato,H,closed,bae6b507d0a2d24e,Healthy
Z:\Projects\Smart-Farming\Datasets\final_combined_datasets\PLCE\H\PLCE_H_0729.jpg,Potato,H,closed,af61b503d413d237,Healthy
Z:\Projects\Smart-Farming\Datasets\final_combined_datasets\PLCE\H\PLCE_H_0730.jpg,Potato,H,closed,bf95d05aa17cd428,Healthy
Z:\Projects\Smart-Farming\Datasets\final_combined_datasets\PLCE\H\PLCE_H_0731.jpg,Potato,H,closed,ab3dc150896bcd66,Healthy
Z:\Projects\Smart-Farming\Datasets\final_combined_datasets\PLCE\H\PLCE_H_0732.jpg,Potato,H,closed,af97f45ac06ac521,Healthy
Z:\Projects\Smart-Farming\Datasets\final_combined_datasets\PLCE\H\PLCE_H_0733.jpg,Potato,H,closed,aec2e4af86b58e14,Healthy
Z:\Projects\Smart-Farming\Datasets\final_combined_datasets\PLCE\H\PLCE_H_0734.jpg,Potato,H,closed,aae0e587c5169e3a,Healthy
Z:\Projects\Smart-Farming\Datasets\final_combined_datasets\PLCE\H\PLCE_H_0735.jpg,Potato,H,closed,aeb5c07a89e08dc7,Healthy
Z:\Projects\Smart-Farming\Datasets\final_combined_datasets\PLCE\H\PLCE_H_0736.jpg,Potato,H,closed,bf97b0dad0a8c864,Healthy
Z:\Projects\Smart-Farming\Datasets\final_combined_datasets\PLCE\H\PLCE_H_0737.jpg,Potato,H,closed,faeae00587be849c,Healthy
Z:\Projects\Smart-Farming\Datasets\final_combined_datasets\PLCE\H\PLCE_H_0738.jpg,Potato,H,closed,f89891d88349ceed,Healthy
Z:\Projects\Smart-Farming\Datasets\final_combined_datasets\PLCE\H\PLCE_H_0739.jpg,Potato,H,closed,ffb5b052c0e9c145,Healthy
Z:\Projects\Smart-Farming\Datasets\final_combined_datasets\PLCE\H\PLCE_H_0740.jpg,Potato,H,closed,ee85e08585de9e4a,Healthy
Z:\Projects\Smart-Farming\Datasets\final_combined_datasets\PLCE\H\PLCE_H_0741.jpg,Potato,H,closed,fae0e10787fc84b8,Healthy
Z:\Projects\Smart-Farming\Datasets\final_combined_datasets\PLCE\H\PLCE_H_0742.jpg,Potato,H,closed,aa93b552936a8d2d,Healthy
Z:\Projects\Smart-Farming\Datasets\final_combined_datasets\PLCE\H\PLCE_H_0743.jpg,Potato,H,closed,aa88f5b9d2f5c2c0,Healthy
Z:\Projects\Smart-Farming\Datasets\final_combined_datasets\PLCE\H\PLCE_H_0744.jpg,Potato,H,closed,ae6ad4a5c2b58593,Healthy
Z:\Projects\Smart-Farming\Datasets\final_combined_datasets\PLCE\H\PLCE_H_0745.jpg,Potato,H,closed,eac8c08f9d3ab171,Healthy
Z:\Projects\Smart-Farming\Datasets\final_combined_datasets\PLCE\H\PLCE_H_0746.jpg,Potato,H,closed,bf9095d0d06bcb25,Healthy
Z:\Projects\Smart-Farming\Datasets\final_combined_datasets\PLCE\H\PLCE_H_0747.jpg,Potato,H,closed,baf0b193d14aca4d,Healthy
Z:\Projects\Smart-Farming\Datasets\final_combined_datasets\PLCE\H\PLCE_H_0748.jpg,Potato,H,closed,facac00b9ebd92b0,Healthy
Z:\Projects\Smart-Farming\Datasets\final_combined_datasets\PLCE\H\PLCE_H_0749.jpg,Potato,H,closed,eee4a446942f983d,Healthy
Z:\Projects\Smart-Farming\Datasets\final_combined_datasets\PLCE\H\PLCE_H_0750.jpg,Potato,H,closed,aa91b5d3d04bc369,Healthy
Z:\Projects\Smart-Farming\Datasets\final_combined_datasets\PLCE\H\PLCE_H_0751.jpg,Potato,H,closed,aae4f584d21e8a9e,Healthy
Z:\Projects\Smart-Farming\Datasets\final_combined_datasets\PLCE\H\PLCE_H_0752.jpg,Potato,H,closed,aaaeb1ac95a4d2d4,Healthy
Z:\Projects\Smart-Farming\Datasets\final_combined_datasets\PLCE\H\PLCE_H_0753.jpg,Potato,H,closed,abe0e585951e9c78,Healthy
Z:\Projects\Smart-Farming\Datasets\final_combined_datasets\PLCE\H\PLCE_H_0754.jpg,Potato,H,closed,ea92e1b285e097c7,Healthy
Z:\Projects\Smart-Farming\Datasets\final_combined_datasets\PLCE\H\PLCE_H_0755.jpg,Potato,H,closed,ead2c09f97bc9230,Healthy
Z:\Projects\Smart-Farming\Datasets\final_combined_datasets\PLCE\H\PLCE_H_0756.jpg,Potato,H,closed,af68f401d207ca9f,Healthy
Z:\Projects\Smart-Farming\Datasets\final_combined_datasets\PLCE\H\PLCE_H_0757.jpg,Potato,H,closed,af1cb4c8d08bca5d,Healthy
Z:\Projects\Smart-Farming\Datasets\final_combined_datasets\PLCE\H\PLCE_H_0758.jpg,Potato,H,closed,af31b546d06fc225,Healthy
Z:\Projects\Smart-Farming\Datasets\final_combined_datasets\PLCE\H\PLCE_H_0759.jpg,Potato,H,closed,ae31b452c2ea93c7,Healthy
Z:\Projects\Smart-Farming\Datasets\final_combined_datasets\PLCE\H\PLCE_H_0760.jpg,Potato,H,closed,ab37f45a8a688569,Healthy
Z:\Projects\Smart-Farming\Datasets\final_combined_datasets\PLCE\H\PLCE_H_0761.jpg,Potato,H,closed,eaca854e9cb99a31,Healthy
Z:\Projects\Smart-Farming\Datasets\final_combined_datasets\PLCE\H\PLCE_H_0762.jpg,Potato,H,closed,aee4a416d61aca79,Healthy
Z:\Projects\Smart-Farming\Datasets\final_combined_datasets\PLCE\H\PLCE_H_0763.jpg,Potato,H,closed,bacab1ac93b4cb90,Healthy
Z:\Projects\Smart-Farming\Datasets\final_combined_datasets\PLCE\H\PLCE_H_0764.jpg,Potato,H,closed,aae0f1b794c2cb0b,Healthy
Z:\Projects\Smart-Farming\Datasets\final_combined_datasets\PLCE\H\PLCE_H_0765.jpg,Potato,H,closed,fa2fe0f485c180d7,Healthy
Z:\Projects\Smart-Farming\Datasets\final_combined_datasets\PLCE\H\PLCE_H_0766.jpg,Potato,H,closed,ebb9f49083de9700,Healthy
Z:\Projects\Smart-Farming\Datasets\final_combined_datasets\PLCE\H\PLCE_H_0767.jpg,Potato,H,closed,bf97b456d04ad0a8,Healthy
Z:\Projects\Smart-Farming\Datasets\final_combined_datasets\PLCE\H\PLCE_H_0768.jpg,Potato,H,closed,eae2e10e87fc9c81,Healthy
Z:\Projects\Smart-Farming\Datasets\final_combined_datasets\PLCE\H\PLCE_H_0769.jpg,Potato,H,closed,ab3db450d44ac2ed,Healthy
Z:\Projects\Smart-Farming\Datasets\final_combined_datasets\PLCE\H\PLCE_H_0770.jpg,Potato,H,closed,ab8db555907ad2a8,Healthy
Z:\Projects\Smart-Farming\Datasets\final_combined_datasets\PLCE\H\PLCE_H_0771.jpg,Potato,H,closed,bf42b42fd254ca2a,Healthy
Z:\Projects\Smart-Farming\Datasets\final_combined_datasets\PLCE\H\PLCE_H_0772.jpg,Potato,H,closed,bf88b45ed0a8cb34,Healthy
Z:\Projects\Smart-Farming\Datasets\final_combined_datasets\PLCE\H\PLCE_H_0773.jpg,Potato,H,closed,baf0e017957a827a,Healthy
Z:\Projects\Smart-Farming\Datasets\final_combined_datasets\PLCE\H\PLCE_H_0774.jpg,Potato,H,closed,bf4a9405d8aec956,Healthy
Z:\Projects\Smart-Farming\Datasets\final_combined_datasets\PLCE\H\PLCE_H_0775.jpg,Potato,H,closed,aa19e1fa855197aa,Healthy
Z:\Projects\Smart-Farming\Datasets\final_combined_datasets\PLCE\H\PLCE_H_0776.jpg,Potato,H,closed,aa12b5bf92f8ce40,Healthy
Z:\Projects\Smart-Farming\Datasets\final_combined_datasets\PLCE\H\PLCE_H_0777.jpg,Potato,H,closed,bf85b45ad0abc145,Healthy
Z:\Projects\Smart-Farming\Datasets\final_combined_datasets\PLCE\H\PLCE_H_0778.jpg,Potato,H,closed,afb4f45ac049d529,Healthy
Z:\Projects\Smart-Farming\Datasets\final_combined_datasets\PLCE\H\PLCE_H_0779.jpg,Potato,H,closed,bf95f05ac069c568,Healthy
Z:\Projects\Smart-Farming\Datasets\final_combined_datasets\PLCE\H\PLCE_H_0780.jpg,Potato,H,closed,af4895a5c916d43b,Healthy
Z:\Projects\Smart-Farming\Datasets\final_combined_datasets\PLCE\H\PLCE_H_0781.jpg,Potato,H,closed,bf6ab021caa6d117,Healthy
Z:\Projects\Smart-Farming\Datasets\final_combined_datasets\PLCE\H\PLCE_H_0782.jpg,Potato,H,closed,bf4ef0ad808dc3c4,Healthy
Z:\Projects\Smart-Farming\Datasets\final_combined_datasets\PLCE\H\PLCE_H_0783.jpg,Potato,H,closed,bf7290a5cb57c488,Healthy
Z:\Projects\Smart-Farming\Datasets\final_combined_datasets\PLCE\H\PLCE_H_0784.jpg,Potato,H,closed,af0ab52dd25cca2c,Healthy
Z:\Projects\Smart-Farming\Datasets\final_combined_datasets\PLCE\H\PLCE_H_0785.jpg,Potato,H,closed,bf58b5abd005da06,Healthy
Z:\Projects\Smart-Farming\Datasets\final_combined_datasets\PLCE\H\PLCE_H_0786.jpg,Potato,H,closed,ae0fe0f4974282eb,Healthy
Z:\Projects\Smart-Farming\Datasets\final_combined_datasets\PLCE\H\PLCE_H_0787.jpg,Potato,H,closed,bf5b9421d057c92a,Healthy
Z:\Projects\Smart-Farming\Datasets\final_combined_datasets\PLCE\H\PLCE_H_0788.jpg,Potato,H,closed,bb25b55ac02bd1a5,Healthy
Z:\Projects\Smart-Farming\Datasets\final_combined_datasets\PLCE\H\PLCE_H_0789.jpg,Potato,H,closed,ea31e0e595c4bc5c,Healthy
Z:\Projects\Smart-Farming\Datasets\final_combined_datasets\PLCE\H\PLCE_H_0790.jpg,Potato,H,closed,ba4bb12dc194cd3a,Healthy
Z:\Projects\Smart-Farming\Datasets\final_combined_datasets\PLCE\H\PLCE_H_0791.jpg,Potato,H,closed,ea3fe0f48740965a,Healthy
Z:\Projects\Smart-Farming\Datasets\final_combined_datasets\PLCE\H\PLCE_H_0792.jpg,Potato,H,closed,af97b45a8049d1ad,Healthy
Z:\Projects\Smart-Farming\Datasets\final_combined_datasets\PLCE\H\PLCE_H_0793.jpg,Potato,H,closed,aa3de53987f09682,Healthy
Z:\Projects\Smart-Farming\Datasets\final_combined_datasets\PLCE\H\PLCE_H_0794.jpg,Potato,H,closed,bfb5d0528949c16b,Healthy
Z:\Projects\Smart-Farming\Datasets\final_combined_datasets\PLCE\H\PLCE_H_0795.jpg,Potato,H,closed,ea53e1fa85019ca7,Healthy
Z:\Projects\Smart-Farming\Datasets\final_combined_datasets\PLCE\H\PLCE_H_0796.jpg,Potato,H,closed,aa3fa5f0dee280c1,Healthy
Z:\Projects\Smart-Farming\Datasets\final_combined_datasets\PLCE\H\PLCE_H_0797.jpg,Potato,H,closed,abb69572d2e8c145,Healthy
Z:\Projects\Smart-Farming\Datasets\final_combined_datasets\PLCE\H\PLCE_H_0798.jpg,Potato,H,closed,ae1ab4a9d6d58686,Healthy
Z:\Projects\Smart-Farming\Datasets\final_combined_datasets\PLCE\H\PLCE_H_0799.jpg,Potato,H,closed,ae3ba4f8d6c0d286,Healthy
Z:\Projects\Smart-Farming\Datasets\final_combined_datasets\PLCE\H\PLCE_H_0800.jpg,Potato,H,closed,abdac0b58da39d22,Healthy
Z:\Projects\Smart-Farming\Datasets\final_combined_datasets\PLCE\H\PLCE_H_0801.jpg,Potato,H,closed,aae5a54cd50e9a3c,Healthy
Z:\Projects\Smart-Farming\Datasets\final_combined_datasets\PLCE\H\PLCE_H_0802.jpg,Potato,H,closed,afe4b442d20fda0d,Healthy
Z:\Projects\Smart-Farming\Datasets\final_combined_datasets\PLCE\H\PLCE_H_0803.jpg,Potato,H,closed,ae89e0a987a5de94,Healthy
Z:\Projects\Smart-Farming\Datasets\final_combined_datasets\PLCE\H\PLCE_H_0804.jpg,Potato,H,closed,bb4bb1acd1b48392,Healthy
Z:\Projects\Smart-Farming\Datasets\final_combined_datasets\PLCE\H\PLCE_H_0805.jpg,Potato,H,closed,aa1fa4f895e192c3,Healthy
Z:\Projects\Smart-Farming\Datasets\final_combined_datasets\PLCE\H\PLCE_H_0806.jpg,Potato,H,closed,eac2c11e953a9573,Healthy
Z:\Projects\Smart-Farming\Datasets\final_combined_datasets\PLCE\H\PLCE_H_0807.jpg,Potato,H,closed,aa35c5a485d595c7,Healthy
Z:\Projects\Smart-Farming\Datasets\final_combined_datasets\PLCE\H\PLCE_H_0808.jpg,Potato,H,closed,aab1b1d2d1cac969,Healthy
Z:\Projects\Smart-Farming\Datasets\final_combined_datasets\PLCE\H\PLCE_H_0809.jpg,Potato,H,closed,eacac5ca950b951d,Healthy
Z:\Projects\Smart-Farming\Datasets\final_combined_datasets\PLCE\H\PLCE_H_0810.jpg,Potato,H,closed,aa6395b5d892caca,Healthy
Z:\Projects\Smart-Farming\Datasets\final_combined_datasets\PLCE\H\PLCE_H_0811.jpg,Potato,H,closed,aa96a51695d8dac9,Healthy
Z:\Projects\Smart-Farming\Datasets\final_combined_datasets\PLCE\H\PLCE_H_0812.jpg,Potato,H,closed,aab5b114d47ac8e9,Healthy
Z:\Projects\Smart-Farming\Datasets\final_combined_datasets\PLCE\H\PLCE_H_0813.jpg,Potato,H,closed,bb1eb0ac93a4c9d2,Healthy
Z:\Projects\Smart-Farming\Datasets\final_combined_datasets\PLCE\H\PLCE_H_0814.jpg,Potato,H,closed,aabd95549a4a9bc8,Healthy
Z:\Projects\Smart-Farming\Datasets\final_combined_datasets\PLCE\H\PLCE_H_0815.jpg,Potato,H,closed,aac9c58f9d1d9170,Healthy
Z:\Projects\Smart-Farming\Datasets\final_combined_datasets\PLCE\H\PLCE_H_0816.jpg,Potato,H,closed,aee0b4a592978d96,Healthy
Z:\Projects\Smart-Farming\Datasets\final_combined_datasets\PLCE\H\PLCE_H_0817.jpg,Potato,H,closed,aa1fe1bc855087d3,Healthy
Z:\Projects\Smart-Farming\Datasets\final_combined_datasets\PLCE\H\PLCE_H_0818.jpg,Potato,H,closed,ab01b55fd43ad238,Healthy
Z:\Projects\Smart-Farming\Datasets\final_combined_datasets\PLCE\H\PLCE_H_0819.jpg,Potato,H,closed,af4af42d82b88bf0,Healthy
Z:\Projects\Smart-Farming\Datasets\final_combined_datasets\PLCE\H\PLCE_H_0820.jpg,Potato,H,closed,ffe0e085970ed81a,Healthy
Z:\Projects\Smart-Farming\Datasets\final_combined_datasets\PLCE\H\PLCE_H_0821.jpg,Potato,H,closed,ba11a17c8742d67b,Healthy
Z:\Projects\Smart-Farming\Datasets\final_combined_datasets\PLCE\H\PLCE_H_0822.jpg,Potato,H,closed,be35f05283c9d929,Healthy
Z:\Projects\Smart-Farming\Datasets\final_combined_datasets\PLCE\H\PLCE_H_0823.jpg,Potato,H,closed,efdeb081c1f58306,Healthy
Z:\Projects\Smart-Farming\Datasets\final_combined_datasets\PLCE\H\PLCE_H_0824.jpg,Potato,H,closed,ab3bb4b1b1b49494,Healthy
Z:\Projects\Smart-Farming\Datasets\final_combined_datasets\PLCE\H\PLCE_H_0825.jpg,Potato,H,closed,eaeca5c5954e9c48,Healthy
Z:\Projects\Smart-Farming\Datasets\final_combined_datasets\PLCE\H\PLCE_H_0826.jpg,Potato,H,closed,eab1b1d0c34b8b4d,Healthy
Z:\Projects\Smart-Farming\Datasets\final_combined_datasets\PLCE\H\PLCE_H_0827.jpg,Potato,H,closed,afb8b1d1d04aca4d,Healthy
Z:\Projects\Smart-Farming\Datasets\final_combined_datasets\PLCE\H\PLCE_H_0828.jpg,Potato,H,closed,aecce1a79195cc92,Healthy
Z:\Projects\Smart-Farming\Datasets\final_combined_datasets\PLCE\H\PLCE_H_0829.jpg,Potato,H,closed,ab4ab42fd075d324,Healthy
Z:\Projects\Smart-Farming\Datasets\final_combined_datasets\PLCE\H\PLCE_H_0830.jpg,Potato,H,closed,aae4bd0e95d4928b,Healthy
Z:\Projects\Smart-Farming\Datasets\final_combined_datasets\PLCE\H\PLCE_H_0831.jpg,Potato,H,closed,aae2b5d5d442978a,Healthy
Z:\Projects\Smart-Farming\Datasets\final_combined_datasets\PLCE\H\PLCE_H_0832.jpg,Potato,H,closed,aab6b5d1d492d292,Healthy
Z:\Projects\Smart-Farming\Datasets\final_combined_datasets\PLCE\H\PLCE_H_0833.jpg,Potato,H,closed,aaeaa5e1e5e5c184,Healthy
Z:\Projects\Smart-Farming\Datasets\final_combined_datasets\PLCE\H\PLCE_H_0834.jpg,Potato,H,closed,aab5b552c00bcb6d,Healthy
Z:\Projects\Smart-Farming\Datasets\final_combined_datasets\PLCE\H\PLCE_H_0835.jpg,Potato,H,closed,aab5b5d88a4acd89,Healthy
Z:\Projects\Smart-Farming\Datasets\final_combined_datasets\PLCE\H\PLCE_H_0836.jpg,Potato,H,closed,aaaca5b095d79692,Healthy
Z:\Projects\Smart-Farming\Datasets\final_combined_datasets\PLCE\H\PLCE_H_0837.jpg,Potato,H,closed,aab5b55682e2d9c1,Healthy
Z:\Projects\Smart-Farming\Datasets\final_combined_datasets\PLCE\H\PLCE_H_0838.jpg,Potato,H,closed,aae8b5a1d0d5d496,Healthy
Z:\Projects\Smart-Farming\Datasets\final_combined_datasets\PLCE\H\PLCE_H_0839.jpg,Potato,H,closed,aae5a594d40eda1b,Healthy
Z:\Projects\Smart-Farming\Datasets\final_combined_datasets\PLCE\H\PLCE_H_0840.jpg,Potato,H,closed,aceda5c4d60a9a1d,Healthy
Z:\Projects\Smart-Farming\Datasets\final_combined_datasets\PLCE\H\PLCE_H_0841.jpg,Potato,H,closed,aab3b560d283dac9,Healthy
Z:\Projects\Smart-Farming\Datasets\final_combined_datasets\PLCE\H\PLCE_H_0842.jpg,Potato,H,closed,aa97a5ca94cfd228,Healthy
Z:\Projects\Smart-Farming\Datasets\final_combined_datasets\PLCE\H\PLCE_H_0843.jpg,Potato,H,closed,abe49485921e9bb9,Healthy
Z:\Projects\Smart-Farming\Datasets\final_combined_datasets\PLCE\H\PLCE_H_0844.jpg,Potato,H,closed,aec4d49e921a9b69,Healthy
Z:\Projects\Smart-Farming\Datasets\final_combined_datasets\PLCE\H\PLCE_H_0845.jpg,Potato,H,closed,aacad1a5c2969f92,Healthy
Z:\Projects\Smart-Farming\Datasets\final_combined_datasets\PLCE\H\PLCE_H_0846.jpg,Potato,H,closed,aa9495da83699e69,Healthy
Z:\Projects\Smart-Farming\Datasets\final_combined_datasets\PLCE\H\PLCE_H_0847.jpg,Potato,H,closed,aaccd1b7851e9a92,Healthy
Z:\Projects\Smart-Farming\Datasets\final_combined_datasets\PLCE\H\PLCE_H_0848.jpg,Potato,H,closed,aef195c2928f981d,Healthy
Z:\Projects\Smart-Farming\Datasets\final_combined_datasets\PLCE\H\PLCE_H_0849.jpg,Potato,H,closed,aac4f59e96989a19,Healthy
Z:\Projects\Smart-Farming\Datasets\final_combined_datasets\PLCE\H\PLCE_H_0850.jpg,Potato,H,closed,aac8b587d6969a1c,Healthy
Z:\Projects\Smart-Farming\Datasets\final_combined_datasets\PLCE\H\PLCE_H_0851.jpg,Potato,H,closed,abfa9585d0968e8a,Healthy
Z:\Projects\Smart-Farming\Datasets\final_combined_datasets\PLCE\H\PLCE_H_0852.jpg,Potato,H,closed,aa15f57a9169ca25,Healthy
Z:\Projects\Smart-Farming\Datasets\final_combined_datasets\PLCE\H\PLCE_H_0853.jpg,Potato,H,closed,ab26951ed239cad1,Healthy
Z:\Projects\Smart-Farming\Datasets\final_combined_datasets\PLCE\H\PLCE_H_0854.jpg,Potato,H,closed,aa4df17293218f33,Healthy
Z:\Projects\Smart-Farming\Datasets\final_combined_datasets\PLCE\H\PLCE_H_0855.jpg,Potato,H,closed,ae1d947ac2a55d16,Healthy
Z:\Projects\Smart-Farming\Datasets\final_combined_datasets\PLCE\H\PLCE_H_0856.jpg,Potato,H,closed,ab0ef5ed96408ac3,Healthy
Z:\Projects\Smart-Farming\Datasets\final_combined_datasets\PLCE\H\PLCE_H_0857.jpg,Potato,H,closed,aa70c10fc6b59a7c,Healthy
Z:\Projects\Smart-Farming\Datasets\final_combined_datasets\PLCE\H\PLCE_H_0858.jpg,Potato,H,closed,ae37c56a8971d621,Healthy
Z:\Projects\Smart-Farming\Datasets\final_combined_datasets\PLCE\H\PLCE_H_0859.jpg,Potato,H,closed,ab95d45a8169d5a5,Healthy
Z:\Projects\Smart-Farming\Datasets\final_combined_datasets\PLCE\H\PLCE_H_0860.jpg,Potato,H,closed,aa61b50ed2b6ca1b,Healthy
Z:\Projects\Smart-Farming\Datasets\final_combined_datasets\PLCE\H\PLCE_H_0861.jpg,Potato,H,closed,aa5ab529c27d8b26,Healthy
Z:\Projects\Smart-Farming\Datasets\final_combined_datasets\PLCE\H\PLCE_H_0862.jpg,Potato,H,closed,ba61c15a876adc69,Healthy
Z:\Projects\Smart-Farming\Datasets\final_combined_datasets\PLCE\H\PLCE_H_0863.jpg,Potato,H,closed,aa50b52bc12dd277,Healthy
Z:\Projects\Smart-Farming\Datasets\final_combined_datasets\PLCE\H\PLCE_H_0864.jpg,Potato,H,closed,aa13e55a86a59e69,Healthy
Z:\Projects\Smart-Farming\Datasets\final_combined_datasets\PLCE\H\PLCE_H_0865.jpg,Potato,H,closed,aa3dc5728c6a9d62,Healthy
Z:\Projects\Smart-Farming\Datasets\final_combined_datasets\PLCE\H\PLCE_H_0866.jpg,Potato,H,closed,ba19e173853b9662,Healthy
Z:\Projects\Smart-Farming\Datasets\final_combined_datasets\PLCE\H\PLCE_H_0867.jpg,Potato,H,closed,ba50a52ad47dd0e5,Healthy
Z:\Projects\Smart-Farming\Datasets\final_combined_datasets\PLCE\H\PLCE_H_0868.jpg,Potato,H,closed,ae31e06a97b99e30,Healthy
Z:\Projects\Smart-Farming\Datasets\final_combined_datasets\PLCE\H\PLCE_H_0869.jpg,Potato,H,closed,aa48c52fd63c8af4,Healthy
Z:\Projects\Smart-Farming\Datasets\final_combined_datasets\PLCE\H\PLCE_H_0870.jpg,Potato,H,closed,aa18a17b87239e67,Healthy
Z:\Projects\Smart-Farming\Datasets\final_combined_datasets\PLCE\H\PLCE_H_0871.jpg,Potato,H,closed,aa13b56dd2518bac,Healthy
Z:\Projects\Smart-Farming\Datasets\final_combined_datasets\PLCE\H\PLCE_H_0872.jpg,Potato,H,closed,aa37a55ad06bc269,Healthy
Z:\Projects\Smart-Farming\Datasets\final_combined_datasets\PLCE\H\PLCE_H_0873.jpg,Potato,H,closed,aa95df4ec24bc548,Healthy
Z:\Projects\Smart-Farming\Datasets\final_combined_datasets\PLCE\H\PLCE_H_0874.jpg,Potato,H,closed,aae8858597b4de92,Healthy
Z:\Projects\Smart-Farming\Datasets\final_combined_datasets\PLCE\H\PLCE_H_0875.jpg,Potato,H,closed,aacce0a596d49ed2,Healthy
Z:\Projects\Smart-Farming\Datasets\final_combined_datasets\PLCE\H\PLCE_H_0876.jpg,Potato,H,closed,aae6a5e5d594c22c,Healthy
Z:\Projects\Smart-Farming\Datasets\final_combined_datasets\PLCE\H\PLCE_H_0877.jpg,Potato,H,closed,abcad585809f9a3c,Healthy
Z:\Projects\Smart-Farming\Datasets\final_combined_datasets\PLCE\H\PLCE_H_0878.jpg,Potato,H,closed,efb7f0d0c2c285c1,Healthy
Z:\Projects\Smart-Farming\Datasets\final_combined_datasets\PLCE\H\PLCE_H_0879.jpg,Potato,H,closed,fef0e083978587c4,Healthy
Z:\Projects\Smart-Farming\Datasets\final_combined_datasets\PLCE\H\PLCE_H_0880.jpg,Potato,H,closed,aab595d8d64a894d,Healthy
Z:\Projects\Smart-Farming\Datasets\final_combined_datasets\PLCE\H\PLCE_H_0881.jpg,Potato,H,closed,aa9595daca4bc561,Healthy
Z:\Projects\Smart-Farming\Datasets\final_combined_datasets\PLCE\H\PLCE_H_0882.jpg,Potato,H,closed,aab5b5dac84ac5c8,Healthy
Z:\Projects\Smart-Farming\Datasets\final_combined_datasets\PLCE\H\PLCE_H_0883.jpg,Potato,H,closed,aaccb5e596c49a16,Healthy
Z:\Projects\Smart-Farming\Datasets\final_combined_datasets\PLCE\H\PLCE_H_0884.jpg,Potato,H,closed,aacad5958b969c32,Healthy
Z:\Projects\Smart-Farming\Datasets\final_combined_datasets\PLCE\H\PLCE_H_0885.jpg,Potato,H,closed,abb3d0f89ec0988d,Healthy
Z:\Projects\Smart-Farming\Datasets\final_combined_datasets\PLCE\H\PLCE_H_0886.jpg,Potato,H,closed,a996d5da92c98d61,Healthy
Z:\Projects\Smart-Farming\Datasets\final_combined_datasets\PLCE\H\PLCE_H_0887.jpg,Potato,H,closed,a8ccd597829eda38,Healthy
Z:\Projects\Smart-Farming\Datasets\final_combined_datasets\PLCE\H\PLCE_H_0888.jpg,Potato,H,closed,aaf794c2da29c98c,Healthy
Z:\Projects\Smart-Farming\Datasets\final_combined_datasets\PLCE\H\PLCE_H_0889.jpg,Potato,H,closed,ab9495dac8e98d64,Healthy
Z:\Projects\Smart-Farming\Datasets\final_combined_datasets\PLCE\H\PLCE_H_0890.jpg,Potato,H,closed,aae4d446941edabc,Healthy
Z:\Projects\Smart-Farming\Datasets\final_combined_datasets\PLCE\H\PLCE_H_0891.jpg,Potato,H,closed,abb596da90d8c8c5,Healthy
Z:\Projects\Smart-Farming\Datasets\final_combined_datasets\PLCE\H\PLCE_H_0892.jpg,Potato,H,closed,a29c954ad86ccdf2,Healthy
Z:\Projects\Smart-Farming\Datasets\final_combined_datasets\PLCE\H\PLCE_H_0893.jpg,Potato,H,closed,abc99595c286db1a,Healthy
Z:\Projects\Smart-Farming\Datasets\final_combined_datasets\PLCE\H\PLCE_H_0894.jpg,Potato,H,closed,abc9d49492323b73,Healthy
Z:\Projects\Smart-Farming\Datasets\final_combined_datasets\PLCE\H\PLCE_H_0895.jpg,Potato,H,closed,aaca95b5d292c9c9,Healthy
Z:\Projects\Smart-Farming\Datasets\final_combined_datasets\PLCE\H\PLCE_H_0896.jpg,Potato,H,closed,aaf0959bca4dcc64,Healthy
Z:\Projects\Smart-Farming\Datasets\final_combined_datasets\PLCE\H\PLCE_H_0897.jpg,Potato,H,closed,abd49158cacdcba4,Healthy
Z:\Projects\Smart-Farming\Datasets\final_combined_datasets\PLCE\H\PLCE_H_0898.jpg,Potato,H,closed,fa80c19f9fd82561,Healthy
Z:\Projects\Smart-Farming\Datasets\final_combined_datasets\PLCE\H\PLCE_H_0899.jpg,Potato,H,closed,ef90a09bb6c992a9,Healthy
Z:\Projects\Smart-Farming\Datasets\final_combined_datasets\PLCE\H\PLCE_H_0900.jpg,Potato,H,closed,faa0e005c7de86da,Healthy
Z:\Projects\Smart-Farming\Datasets\final_combined_datasets\PLCE\H\PLCE_H_0901.jpg,Potato,H,closed,ff97b4e09001c2cf,Healthy
Z:\Projects\Smart-Farming\Datasets\final_combined_datasets\PLCE\H\PLCE_H_0902.jpg,Potato,H,closed,ffc8c08d999e90b1,Healthy
Z:\Projects\Smart-Farming\Datasets\final_combined_datasets\PLCE\H\PLCE_H_0903.jpg,Potato,H,closed,facaa027c19785ad,Healthy
Z:\Projects\Smart-Farming\Datasets\final_combined_datasets\PLCE\H\PLCE_H_0904.jpg,Potato,H,closed,aa3bb5e4c4019eba,Healthy
Z:\Projects\Smart-Farming\Datasets\final_combined_datasets\PLCE\H\PLCE_H_0905.jpg,Potato,H,closed,e6a69dc25a9a2539,Healthy
Z:\Projects\Smart-Farming\Datasets\final_combined_datasets\PLCE\H\PLCE_H_0906.jpg,Potato,H,closed,af70d431857bd20e,Healthy
Z:\Projects\Smart-Farming\Datasets\final_combined_datasets\PLCE\H\PLCE_H_0907.jpg,Potato,H,closed,ffc4a98a9156c18e,Healthy
Z:\Projects\Smart-Farming\Datasets\final_combined_datasets\PLCE\H\PLCE_H_0908.jpg,Potato,H,closed,efe4f5c1a483c01e,Healthy
Z:\Projects\Smart-Farming\Datasets\final_combined_datasets\PLCE\H\PLCE_H_0909.jpg,Potato,H,closed,faade0d085959696,Healthy
Z:\Projects\Smart-Farming\Datasets\final_combined_datasets\PLCE\H\PLCE_H_0910.jpg,Potato,H,closed,ffbc9c98c0c0e265,Healthy
Z:\Projects\Smart-Farming\Datasets\final_combined_datasets\PLCE\H\PLCE_H_0911.jpg,Potato,H,closed,fa92b58193c7920f,Healthy
Z:\Projects\Smart-Farming\Datasets\final_combined_datasets\PLCE\H\PLCE_H_0912.jpg,Potato,H,closed,fbcaa0eb86959614,Healthy
Z:\Projects\Smart-Farming\Datasets\final_combined_datasets\PLCE\H\PLCE_H_0913.jpg,Potato,H,closed,aa84a57a973af219,Healthy
Z:\Projects\Smart-Farming\Datasets\final_combined_datasets\PLCE\H\PLCE_H_0914.jpg,Potato,H,closed,ffb0f44a600dd0ea,Healthy
Z:\Projects\Smart-Farming\Datasets\final_combined_datasets\PLCE\H\PLCE_H_0915.jpg,Potato,H,closed,babcb5d0d08b88cb,Healthy
Z:\Projects\Smart-Farming\Datasets\final_combined_datasets\PLCE\H\PLCE_H_0916.jpg,Potato,H,closed,eebba1c0c48596ce,Healthy
Z:\Projects\Smart-Farming\Datasets\final_combined_datasets\PLCE\H\PLCE_H_0917.jpg,Potato,H,closed,e3c68c8c87bd9153,Healthy
Z:\Projects\Smart-Farming\Datasets\final_combined_datasets\PLCE\H\PLCE_H_0918.jpg,Potato,H,closed,ffe8888fd4c1e098,Healthy
Z:\Projects\Smart-Farming\Datasets\final_combined_datasets\PLCE\H\PLCE_H_0919.jpg,Potato,H,closed,fca0f09283cb63cb,Healthy
Z:\Projects\Smart-Farming\Datasets\final_combined_datasets\PLCE\H\PLCE_H_0920.jpg,Potato,H,closed,bfccd0cbd125182e,Healthy
Z:\Projects\Smart-Farming\Datasets\final_combined_datasets\PLCE\H\PLCE_H_0921.jpg,Potato,H,closed,eae0971cd04adb8d,Healthy
Z:\Projects\Smart-Farming\Datasets\final_combined_datasets\PLCE\H\PLCE_H_0922.jpg,Potato,H,closed,bbd2a48690e59b87,Healthy
Z:\Projects\Smart-Farming\Datasets\final_combined_datasets\PLCE\H\PLCE_H_0923.jpg,Potato,H,closed,a9f1b452d2abd446,Healthy
Z:\Projects\Smart-Farming\Datasets\final_combined_datasets\PLCE\H\PLCE_H_0924.jpg,Potato,H,closed,ab0a942dda3cd936,Healthy
Z:\Projects\Smart-Farming\Datasets\final_combined_datasets\PLCE\H\PLCE_H_0925.jpg,Potato,H,closed,ffa5f092828a9399,Healthy
Z:\Projects\Smart-Farming\Datasets\final_combined_datasets\PLCE\H\PLCE_H_0926.jpg,Potato,H,closed,fbc0a08795ded24a,Healthy
Z:\Projects\Smart-Farming\Datasets\final_combined_datasets\PLCE\H\PLCE_H_0927.jpg,Potato,H,closed,ab12e4e98581973f,Healthy
Z:\Projects\Smart-Farming\Datasets\final_combined_datasets\PLCE\H\PLCE_H_0928.jpg,Potato,H,closed,aaf0a187857e962e,Healthy
Z:\Projects\Smart-Farming\Datasets\final_combined_datasets\PLCE\H\PLCE_H_0929.jpg,Potato,H,closed,bfd8e08087ab97a1,Healthy
Z:\Projects\Smart-Farming\Datasets\final_combined_datasets\PLCE\H\PLCE_H_0930.jpg,Potato,H,closed,ae0aa43dd4b58ef0,Healthy
Z:\Projects\Smart-Farming\Datasets\final_combined_datasets\PLCE\H\PLCE_H_0931.jpg,Potato,H,closed,ebe4b4c6c00e969e,Healthy
Z:\Projects\Smart-Farming\Datasets\final_combined_datasets\PLCE\H\PLCE_H_0932.jpg,Potato,H,closed,ffb1a0d1d15ac20b,Healthy
Z:\Projects\Smart-Farming\Datasets\final_combined_datasets\PLCE\H\PLCE_H_0933.jpg,Potato,H,closed,eeafe1f4c4809e14,Healthy
Z:\Projects\Smart-Farming\Datasets\final_combined_datasets\PLCE\H\PLCE_H_0934.jpg,Potato,H,closed,fab4e017855a974a,Healthy
Z:\Projects\Smart-Farming\Datasets\final_combined_datasets\PLCE\H\PLCE_H_0935.jpg,Potato,H,closed,ea3785f49dc2d0c8,Healthy
Z:\Projects\Smart-Farming\Datasets\final_combined_datasets\PLCE\H\PLCE_H_0936.jpg,Potato,H,closed,eae4a5969e4a9839,Healthy
Z:\Projects\Smart-Farming\Datasets\final_combined_datasets\PLCE\H\PLCE_H_0937.jpg,Potato,H,closed,ef59a12891f59b90,Healthy
Z:\Projects\Smart-Farming\Datasets\final_combined_datasets\PLCE\H\PLCE_H_0938.jpg,Potato,H,closed,ef13a43a85f096e1,Healthy
Z:\Projects\Smart-Farming\Datasets\final_combined_datasets\PLCE\H\PLCE_H_0939.jpg,Potato,H,closed,fef0e00b87be8470,Healthy
Z:\Projects\Smart-Farming\Datasets\final_combined_datasets\PLCE\H\PLCE_H_0940.jpg,Potato,H,closed,ba4af1a980f5c794,Healthy
Z:\Projects\Smart-Farming\Datasets\final_combined_datasets\PLCE\H\PLCE_H_0941.jpg,Potato,H,closed,bb93b03e912493e5,Healthy
Z:\Projects\Smart-Farming\Datasets\final_combined_datasets\PLCE\H\PLCE_H_0942.jpg,Potato,H,closed,ae4eb1acc3958792,Healthy
Z:\Projects\Smart-Farming\Datasets\final_combined_datasets\PLCE\H\PLCE_H_0943.jpg,Potato,H,closed,bf10f07ac2098bed,Healthy
Z:\Projects\Smart-Farming\Datasets\final_combined_datasets\PLCE\H\PLCE_H_0944.jpg,Potato,H,closed,ea96a5f295c09ac9,Healthy
Z:\Projects\Smart-Farming\Datasets\final_combined_datasets\PLCE\H\PLCE_H_0945.jpg,Potato,H,closed,feafb09cc4528750,Healthy
Z:\Projects\Smart-Farming\Datasets\final_combined_datasets\PLCE\H\PLCE_H_0946.jpg,Potato,H,closed,afb5d052c269c725,Healthy
Z:\Projects\Smart-Farming\Datasets\final_combined_datasets\PLCE\H\PLCE_H_0947.jpg,Potato,H,closed,ebd0b513d0ddc229,Healthy
Z:\Projects\Smart-Farming\Datasets\final_combined_datasets\PLCE\H\PLCE_H_0948.jpg,Potato,H,closed,bf9fa45ac268c461,Healthy
Z:\Projects\Smart-Farming\Datasets\final_combined_datasets\PLCE\H\PLCE_H_0949.jpg,Potato,H,closed,fab4b042936bcb25,Healthy
Z:\Projects\Smart-Farming\Datasets\final_combined_datasets\PLCE\H\PLCE_H_0950.jpg,Potato,H,closed,ea3fa5f094c2984b,Healthy
Z:\Projects\Smart-Farming\Datasets\final_combined_datasets\PLCE\H\PLCE_H_0951.jpg,Potato,H,closed,eac085af96add894,Healthy
Z:\Projects\Smart-Farming\Datasets\final_combined_datasets\PLCE\H\PLCE_H_0952.jpg,Potato,H,closed,abc0952dde35d832,Healthy
Z:\Projects\Smart-Farming\Datasets\final_combined_datasets\PLCE\H\PLCE_H_0953.jpg,Potato,H,closed,ff4af0a582a4c396,Healthy
Z:\Projects\Smart-Farming\Datasets\final_combined_datasets\PLCE\H\PLCE_H_0954.jpg,Potato,H,closed,fbc8e08b81ad9b34,Healthy
Z:\Projects\Smart-Farming\Datasets\final_combined_datasets\PLCE\H\PLCE_H_0955.jpg,Potato,H,closed,af15a05a8278dde9,Healthy
Z:\Projects\Smart-Farming\Datasets\final_combined_datasets\PLCE\H\PLCE_H_0956.jpg,Potato,H,closed,fabda0f485c28653,Healthy
Z:\Projects\Smart-Farming\Datasets\final_combined_datasets\PLCE\H\PLCE_H_0957.jpg,Potato,H,closed,ea9785508ed8cce9,Healthy
Z:\Projects\Smart-Farming\Datasets\final_combined_datasets\PLCE\H\PLCE_H_0958.jpg,Potato,H,closed,ff91b013c10bce2d,Healthy
Z:\Projects\Smart-Farming\Datasets\final_combined_datasets\PLCE\H\PLCE_H_0959.jpg,Potato,H,closed,faa4e096815e9f68,Healthy
Z:\Projects\Smart-Farming\Datasets\final_combined_datasets\PLCE\H\PLCE_H_0960.jpg,Potato,H,closed,aa1fa1f895f094e1,Healthy
Z:\Projects\Smart-Farming\Datasets\final_combined_datasets\PLCE\H\PLCE_H_0961.jpg,Potato,H,closed,af13e578c4eace01,Healthy
Z:\Projects\Smart-Farming\Datasets\final_combined_datasets\PLCE\H\PLCE_H_0962.jpg,Potato,H,closed,aa4ae52a852d97b5,Healthy
Z:\Projects\Smart-Farming\Datasets\final_combined_datasets\PLCE\H\PLCE_H_0963.jpg,Potato,H,closed,ff91f0d0830287cf,Healthy
Z:\Projects\Smart-Farming\Datasets\final_combined_datasets\PLCE\H\PLCE_H_0964.jpg,Potato,H,closed,ae35e452c46ace69,Healthy
Z:\Projects\Smart-Farming\Datasets\final_combined_datasets\PLCE\H\PLCE_H_0965.jpg,Potato,H,closed,bfb5b452c05ac349,Healthy
Z:\Projects\Smart-Farming\Datasets\final_combined_datasets\PLCE\H\PLCE_H_0966.jpg,Potato,H,closed,ebcba1e8c60c9e38,Healthy
Z:\Projects\Smart-Farming\Datasets\final_combined_datasets\PLCE\H\PLCE_H_0967.jpg,Potato,H,closed,bf68f0a5839ec216,Healthy
Z:\Projects\Smart-Farming\Datasets\final_combined_datasets\PLCE\H\PLCE_H_0968.jpg,Potato,H,closed,fe5ac0e8dac59186,Healthy
Z:\Projects\Smart-Farming\Datasets\final_combined_datasets\PLCE\H\PLCE_H_0969.jpg,Potato,H,closed,aab5b4d2d0ca8b4d,Healthy
Z:\Projects\Smart-Farming\Datasets\final_combined_datasets\PLCE\H\PLCE_H_0970.jpg,Potato,H,closed,ab1fa552d4ea9251,Healthy
Z:\Projects\Smart-Farming\Datasets\final_combined_datasets\PLCE\H\PLCE_H_0971.jpg,Potato,H,closed,ae8cb4bcd0d4d2d2,Healthy
Z:\Projects\Smart-Farming\Datasets\final_combined_datasets\PLCE\H\PLCE_H_0972.jpg,Potato,H,closed,bf56f42092af8256,Healthy
Z:\Projects\Smart-Farming\Datasets\final_combined_datasets\PLCE\H\PLCE_H_0973.jpg,Potato,H,closed,bf87a11ed380cae1,Healthy
Z:\Projects\Smart-Farming\Datasets\final_combined_datasets\PLCE\H\PLCE_H_0974.jpg,Potato,H,closed,ef95a55ad0c8cac1,Healthy
Z:\Projects\Smart-Farming\Datasets\final_combined_datasets\PLCE\H\PLCE_H_0975.jpg,Potato,H,closed,aae0a58585df969c,Healthy
Z:\Projects\Smart-Farming\Datasets\final_combined_datasets\PLCE\H\PLCE_H_0976.jpg,Potato,H,closed,faceb1c695849694,Healthy
Z:\Projects\Smart-Farming\Datasets\final_combined_datasets\PLCE\H\PLCE_H_0977.jpg,Potato,H,closed,be9db0d8d048cb69,Healthy
Z:\Projects\Smart-Farming\Datasets\final_combined_datasets\PLCE\H\PLCE_H_0978.jpg,Potato,H,closed,bf68d0a1cb9e841d,Healthy
Z:\Projects\Smart-Farming\Datasets\final_combined_datasets\PLCE\H\PLCE_H_0979.jpg,Potato,H,closed,aa64e0a785169fb6,Healthy
Z:\Projects\Smart-Farming\Datasets\final_combined_datasets\PLCE\H\PLCE_H_0980.jpg,Potato,H,closed,aa60e555840ed73f,Healthy
Z:\Projects\Smart-Farming\Datasets\final_combined_datasets\PLCE\H\PLCE_H_0981.jpg,Potato,H,closed,efa5e01780f0c7d2,Healthy
Z:\Projects\Smart-Farming\Datasets\final_combined_datasets\PLCE\H\PLCE_H_0982.jpg,Potato,H,closed,eaf2a082958797dc,Healthy
Z:\Projects\Smart-Farming\Datasets\final_combined_datasets\PLCE\H\PLCE_H_0983.jpg,Potato,H,closed,eb37a5f095c290cc,Healthy
Z:\Projects\Smart-Farming\Datasets\final_combined_datasets\PLCE\H\PLCE_H_0984.jpg,Potato,H,closed,ea62e02787b58f94,Healthy
Z:\Projects\Smart-Farming\Datasets\final_combined_datasets\PLCE\H\PLCE_H_0985.jpg,Potato,H,closed,bfd0f003917bc30d,Healthy
Z:\Projects\Smart-Farming\Datasets\final_combined_datasets\PLCE\H\PLCE_H_0986.jpg,Potato,H,closed,eafea4c0c58085ef,Healthy
Z:\Projects\Smart-Farming\Datasets\final_combined_datasets\PLCE\H\PLCE_H_0987.jpg,Potato,H,closed,eafca101c58687ed,Healthy
Z:\Projects\Smart-Farming\Datasets\final_combined_datasets\PLCE\H\PLCE_H_0988.jpg,Potato,H,closed,ff9fa0508548c6e9,Healthy
Z:\Projects\Smart-Farming\Datasets\final_combined_datasets\PLCE\H\PLCE_H_0989.jpg,Potato,H,closed,efc1850f943c9a39,Healthy
Z:\Projects\Smart-Farming\Datasets\final_combined_datasets\PLCE\H\PLCE_H_0990.jpg,Potato,H,closed,eac8850f9c35d237,Healthy
Z:\Projects\Smart-Farming\Datasets\final_combined_datasets\PLCE\H\PLCE_H_0991.jpg,Potato,H,closed,eb56e4a287c49e07,Healthy
Z:\Projects\Smart-Farming\Datasets\final_combined_datasets\PLCE\H\PLCE_H_0992.jpg,Potato,H,closed,eecae0f886819697,Healthy
Z:\Projects\Smart-Farming\Datasets\final_combined_datasets\PLCE\H\PLCE_H_0993.jpg,Potato,H,closed,fab9b1e0d0a5d185,Healthy
Z:\Projects\Smart-Farming\Datasets\final_combined_datasets\PLCE\H\PLCE_H_0994.jpg,Potato,H,closed,aabdb5d891d0d2c1,Healthy
Z:\Projects\Smart-Farming\Datasets\final_combined_datasets\PLCE\H\PLCE_H_0995.jpg,Potato,H,closed,be3dd05a8b618947,Healthy
Z:\Projects\Smart-Farming\Datasets\final_combined_datasets\PLCE\H\PLCE_H_0996.jpg,Potato,H,closed,bae0b491d09ec29f,Healthy
Z:\Projects\Smart-Farming\Datasets\final_combined_datasets\PLCE\H\PLCE_H_0997.jpg,Potato,H,closed,bfd5b440d0cbd2c1,Healthy
Z:\Projects\Smart-Farming\Datasets\final_combined_datasets\PLCE\H\PLCE_H_0998.jpg,Potato,H,closed,ffd2e083811fc698,Healthy
Z:\Projects\Smart-Farming\Datasets\final_combined_datasets\PLCE\H\PLCE_H_0999.jpg,Potato,H,closed,bfb5f056825283a9,Healthy
Z:\Projects\Smart-Farming\Datasets\final_combined_datasets\PLCE\H\PLCE_H_1000.jpg,Potato,H,closed,ab3585f496c0dac9,Healthy
Z:\Projects\Smart-Farming\Datasets\final_combined_datasets\PLCE\H\PLCE_H_1001.jpg,Potato,H,closed,afc2a483d61fda18,Healthy
Z:\Projects\Smart-Farming\Datasets\final_combined_datasets\PLCE\H\PLCE_H_1002.jpg,Potato,H,closed,efd0a103971fd21c,Healthy
Z:\Projects\Smart-Farming\Datasets\final_combined_datasets\PLCE\H\PLCE_H_1003.jpg,Potato,H,closed,fee0a087d68e9a1c,Healthy
Z:\Projects\Smart-Farming\Datasets\final_combined_datasets\PLCE\H\PLCE_H_1004.jpg,Potato,H,closed,eeb5c5d28a43894b,Healthy
Z:\Projects\Smart-Farming\Datasets\final_combined_datasets\PLCE\H\PLCE_H_1005.jpg,Potato,H,closed,aab5f0b4c5529752,Healthy
Z:\Projects\Smart-Farming\Datasets\final_combined_datasets\PLCE\H\PLCE_H_1006.jpg,Potato,H,closed,ab1ee1b897c1868b,Healthy
Z:\Projects\Smart-Farming\Datasets\final_combined_datasets\PLCE\H\PLCE_H_1007.jpg,Potato,H,closed,ab99b1d991989395,Healthy
Z:\Projects\Smart-Farming\Datasets\final_combined_datasets\PLCE\H\PLCE_H_1008.jpg,Potato,H,closed,beb4f0d8c04d8f64,Healthy
Z:\Projects\Smart-Farming\Datasets\final_combined_datasets\PLCE\H\PLCE_H_1009.jpg,Potato,H,closed,abcad085c1978d97,Healthy
Z:\Projects\Smart-Farming\Datasets\final_combined_datasets\PLCE\H\PLCE_H_1010.jpg,Potato,H,closed,aec8b4839487d637,Healthy
Z:\Projects\Smart-Farming\Datasets\final_combined_datasets\PLCE\H\PLCE_H_1011.jpg,Potato,H,closed,eab4a5d086829ecf,Healthy
Z:\Projects\Smart-Farming\Datasets\final_combined_datasets\PLCE\H\PLCE_H_1012.jpg,Potato,H,closed,ffa1e054c5ce838a,Healthy
Z:\Projects\Smart-Farming\Datasets\final_combined_datasets\PLCE\H\PLCE_H_1013.jpg,Potato,H,closed,aa1781f0dee2d8c3,Healthy
Z:\Projects\Smart-Farming\Datasets\final_combined_datasets\PLCE\H\PLCE_H_1014.jpg,Potato,H,closed,fb84e0d6851e871e,Healthy
Z:\Projects\Smart-Farming\Datasets\final_combined_datasets\PLCE\H\PLCE_H_1015.jpg,Potato,H,closed,bf97805ac2e8cd61,Healthy
Z:\Projects\Smart-Farming\Datasets\final_combined_datasets\PLCE\H\PLCE_H_1016.jpg,Potato,H,closed,ffe0a101958796ad,Healthy
Z:\Projects\Smart-Farming\Datasets\final_combined_datasets\PLCE\H\PLCE_H_1017.jpg,Potato,H,closed,fab4a097914a974b,Healthy
Z:\Projects\Smart-Farming\Datasets\final_combined_datasets\PLCE\H\PLCE_H_1018.jpg,Potato,H,closed,fac2c08b879d969c,Healthy
Z:\Projects\Smart-Farming\Datasets\final_combined_datasets\PLCE\H\PLCE_H_1019.jpg,Potato,H,closed,efe0a08a808fc7dd,Healthy
Z:\Projects\Smart-Farming\Datasets\final_combined_datasets\PLCE\H\PLCE_H_1020.jpg,Potato,H,closed,fedea5ad83a8a021,Healthy
Z:\Projects\Smart-Farming\Datasets\final_combined_datasets\PLCE\H\PLCE_H_1021.jpg,Potato,H,closed,eecae1a885859697,Healthy
Z:\Projects\Smart-Farming\Datasets\final_combined_datasets\PLCE\H\PLCE_H_1022.jpg,Potato,H,closed,ba0dfd2af081d329,Healthy
Z:\Projects\Smart-Farming\Datasets\final_combined_datasets\PLCE\H\PLCE_H_1023.jpg,Potato,H,closed,eea6c2f0d2c2c387,Healthy
Z:\Projects\Smart-Farming\Datasets\final_combined_datasets\PLCE\H\PLCE_H_1024.jpg,Potato,H,closed,aa0fe13cb5a0d335,Healthy
Z:\Projects\Smart-Farming\Datasets\final_combined_datasets\PLCE\H\PLCE_H_1025.jpg,Potato,H,closed,aa15f4fa93588359,Healthy
Z:\Projects\Smart-Farming\Datasets\final_combined_datasets\PLCE\H\PLCE_H_1026.jpg,Potato,H,closed,ee35d4f28a69dc40,Healthy
Z:\Projects\Smart-Farming\Datasets\final_combined_datasets\PLCE\H\PLCE_H_1027.jpg,Potato,H,closed,fe03e5708d729943,Healthy
Z:\Projects\Smart-Farming\Datasets\final_combined_datasets\PLCE\H\PLCE_H_1028.jpg,Potato,H,closed,ea1ff01aaf508770,Healthy
Z:\Projects\Smart-Farming\Datasets\final_combined_datasets\PLCE\H\PLCE_H_1029.jpg,Potato,H,closed,ef0cf05f8038c7e8,Healthy
Z:\Projects\Smart-Farming\Datasets\final_combined_datasets\PLCE\H\PLCE_H_1030.jpg,Potato,H,closed,bf4ab128d525da26,Healthy
Z:\Projects\Smart-Farming\Datasets\final_combined_datasets\PLCE\H\PLCE_H_1031.jpg,Potato,H,closed,aa14ed3ec53cc570,Healthy
Z:\Projects\Smart-Farming\Datasets\final_combined_datasets\PLCE\H\PLCE_H_1032.jpg,Potato,H,closed,ab17f50fd014d23c,Healthy
Z:\Projects\Smart-Farming\Datasets\final_combined_datasets\PLCE\H\PLCE_H_1033.jpg,Potato,H,closed,aad4b4ab85459795,Healthy
Z:\Projects\Smart-Farming\Datasets\final_combined_datasets\PLCE\H\PLCE_H_1034.jpg,Potato,H,closed,ea3588749f61b84d,Healthy
Z:\Projects\Smart-Farming\Datasets\final_combined_datasets\PLCE\H\PLCE_H_1035.jpg,Potato,H,closed,be29a5d88668dea1,Healthy
Z:\Projects\Smart-Farming\Datasets\final_combined_datasets\PLCE\H\PLCE_H_1036.jpg,Potato,H,closed,a252a5c396b9d2b5,Healthy
Z:\Projects\Smart-Farming\Datasets\final_combined_datasets\PLCE\H\PLCE_H_1037.jpg,Potato,H,closed,aae99da18ea5cd14,Healthy
Z:\Projects\Smart-Farming\Datasets\final_combined_datasets\PLCE\H\PLCE_H_1038.jpg,Potato,H,closed,fb8f81d4d4eac0c8,Healthy
Z:\Projects\Smart-Farming\Datasets\final_combined_datasets\PLCE\H\PLCE_H_1039.jpg,Potato,H,closed,ffa3f4d5c08680d2,Healthy
Z:\Projects\Smart-Farming\Datasets\final_combined_datasets\PLCE\H\PLCE_H_1040.jpg,Potato,H,closed,ef87b0d4d2c8e0c9,Healthy
Z:\Projects\Smart-Farming\Datasets\final_combined_datasets\PLCE\H\PLCE_H_1041.jpg,Potato,H,closed,faa8e0a587868e5e,Healthy
Z:\Projects\Smart-Farming\Datasets\final_combined_datasets\PLCE\H\PLCE_H_1042.jpg,Potato,H,closed,aacbbde9d524d204,Healthy
Z:\Projects\Smart-Farming\Datasets\final_combined_datasets\PLCE\H\PLCE_H_1043.jpg,Potato,H,closed,aba5f5529ac9d098,Healthy
Z:\Projects\Smart-Farming\Datasets\final_combined_datasets\PLCE\H\PLCE_H_1044.jpg,Potato,H,closed,a8b5b7d4d24a8b0b,Healthy
Z:\Projects\Smart-Farming\Datasets\final_combined_datasets\PLCE\H\PLCE_H_1045.jpg,Potato,H,closed,ae1cf12ac478c771,Healthy
Z:\Projects\Smart-Farming\Datasets\final_combined_datasets\PLCE\H\PLCE_H_1046.jpg,Potato,H,closed,aa92b19edc62c3e1,Healthy
Z:\Projects\Smart-Farming\Datasets\final_combined_datasets\PLCE\H\PLCE_H_1047.jpg,Potato,H,closed,aecbf0a5cb368461,Healthy
Z:\Projects\Smart-Farming\Datasets\final_combined_datasets\PLCE\H\PLCE_H_1048.jpg,Potato,H,closed,ba379472956ac22d,Healthy
Z:\Projects\Smart-Farming\Datasets\final_combined_datasets\PLCE\H\PLCE_H_1049.jpg,Potato,H,closed,af07c17c9778c621,Healthy
Z:\Projects\Smart-Farming\Datasets\final_combined_datasets\PLCE\H\PLCE_H_1050.jpg,Potato,H,closed,ab52a52bd42dd135,Healthy
Z:\Projects\Smart-Farming\Datasets\final_combined_datasets\PLCE\H\PLCE_H_1051.jpg,Potato,H,closed,ffc2e099811e875c,Healthy
Z:\Projects\Smart-Farming\Datasets\final_combined_datasets\PLCE\H\PLCE_H_1052.jpg,Potato,H,closed,e83daff0847398c2,Healthy
Z:\Projects\Smart-Farming\Datasets\final_combined_datasets\PLCE\H\PLCE_H_1053.jpg,Potato,H,closed,ab3ef08f9768c2a0,Healthy
Z:\Projects\Smart-Farming\Datasets\final_combined_datasets\PLCE\H\PLCE_H_1054.jpg,Potato,H,closed,ea1dc170967b1ce2,Healthy
Z:\Projects\Smart-Farming\Datasets\final_combined_datasets\PLCE\H\PLCE_H_1055.jpg,Potato,H,closed,bf9f97d48a4a4160,Healthy
Z:\Projects\Smart-Farming\Datasets\final_combined_datasets\PLCE\H\PLCE_H_1056.jpg,Potato,H,closed,aa9cb16e9138d761,Healthy
Z:\Projects\Smart-Farming\Datasets\final_combined_datasets\PLCE\H\PLCE_H_1057.jpg,Potato,H,closed,b3d295adaa259a16,Healthy
Z:\Projects\Smart-Farming\Datasets\final_combined_datasets\PLCE\H\PLCE_H_1058.jpg,Potato,H,closed,ae64b58ad435d896,Healthy
Z:\Projects\Smart-Farming\Datasets\final_combined_datasets\PLCE\H\PLCE_H_1059.jpg,Potato,H,closed,efbf1454caa80d45,Healthy
Z:\Projects\Smart-Farming\Datasets\final_combined_datasets\PLCE\H\PLCE_H_1060.jpg,Potato,H,closed,ba15e09e8a78c5ea,Healthy
Z:\Projects\Smart-Farming\Datasets\final_combined_datasets\PLCE\H\PLCE_H_1061.jpg,Potato,H,closed,af1621be95324a73,Healthy
Z:\Projects\Smart-Farming\Datasets\final_combined_datasets\PLCE\H\PLCE_H_1062.jpg,Potato,H,closed,aa05b57e43b85761,Healthy
Z:\Projects\Smart-Farming\Datasets\final_combined_datasets\PLCE\H\PLCE_H_1063.jpg,Potato,H,closed,aa55a17ac1d8cf61,Healthy
Z:\Projects\Smart-Farming\Datasets\final_combined_datasets\PLCE\H\PLCE_H_1064.jpg,Potato,H,closed,ba8fe4d6c2e0c709,Healthy
Z:\Projects\Smart-Farming\Datasets\final_combined_datasets\PLCE\H\PLCE_H_1065.jpg,Potato,H,closed,aa1da57ac7319c61,Healthy
Z:\Projects\Smart-Farming\Datasets\final_combined_datasets\PLCE\H\PLCE_H_1066.jpg,Potato,H,closed,ae0fa01fc13a973a,Healthy
Z:\Projects\Smart-Farming\Datasets\final_combined_datasets\PLCE\H\PLCE_H_1067.jpg,Potato,H,closed,aa1fa578d7209671,Healthy
Z:\Projects\Smart-Farming\Datasets\final_combined_datasets\PLCE\H\PLCE_H_1068.jpg,Potato,H,closed,fff0e08a9587868c,Healthy
Z:\Projects\Smart-Farming\Datasets\final_combined_datasets\PLCE\H\PLCE_H_1069.jpg,Potato,H,closed,aa98e5b187529e8b,Healthy
Z:\Projects\Smart-Farming\Datasets\final_combined_datasets\PLCE\H\PLCE_H_1070.jpg,Potato,H,closed,ea4ab5adc2649574,Healthy
Z:\Projects\Smart-Farming\Datasets\final_combined_datasets\PLCE\H\PLCE_H_1071.jpg,Potato,H,closed,aab49ddec068e561,Healthy
Z:\Projects\Smart-Farming\Datasets\final_combined_datasets\PLCE\H\PLCE_H_1072.jpg,Potato,H,closed,eaeab5a7d0958292,Healthy
Z:\Projects\Smart-Farming\Datasets\final_combined_datasets\PLCE\H\PLCE_H_1073.jpg,Potato,H,closed,efe0c5859fdc9810,Healthy
Z:\Projects\Smart-Farming\Datasets\final_combined_datasets\PLCE\H\PLCE_H_1074.jpg,Potato,H,closed,eaca85c89730ba37,Healthy
Z:\Projects\Smart-Farming\Datasets\final_combined_datasets\PLCE\H\PLCE_H_1075.jpg,Potato,H,closed,ae629521cb31e71e,Healthy
Z:\Projects\Smart-Farming\Datasets\final_combined_datasets\PLCE\H\PLCE_H_1076.jpg,Potato,H,closed,aa58b562c62fda2c,Healthy
Z:\Projects\Smart-Farming\Datasets\final_combined_datasets\PLCE\H\PLCE_H_1077.jpg,Potato,H,closed,aa94b55ac2699769,Healthy
Z:\Projects\Smart-Farming\Datasets\final_combined_datasets\PLCE\H\PLCE_H_1078.jpg,Potato,H,closed,efcac48d8aac989c,Healthy
Z:\Projects\Smart-Farming\Datasets\final_combined_datasets\PLCE\H\PLCE_H_1079.jpg,Potato,H,closed,eec6a1a095959e9a,Healthy
Z:\Projects\Smart-Farming\Datasets\final_combined_datasets\PLCE\H\PLCE_H_1080.jpg,Potato,H,closed,eeb1b550d4ca928b,Healthy
Z:\Projects\Smart-Farming\Datasets\final_combined_datasets\PLCE\H\PLCE_H_1081.jpg,Potato,H,closed,eaeca5d49682d613,Healthy
Z:\Projects\Smart-Farming\Datasets\final_combined_datasets\PLCE\H\PLCE_H_1082.jpg,Potato,H,closed,afcab525ca4e8136,Healthy
Z:\Projects\Smart-Farming\Datasets\final_combined_datasets\PLCE\H\PLCE_H_1083.jpg,Potato,H,closed,ab49b52dd234c936,Healthy
Z:\Projects\Smart-Farming\Datasets\final_combined_datasets\PLCE\H\PLCE_H_1084.jpg,Potato,H,closed,afc0bd28952bd235,Healthy
Z:\Projects\Smart-Farming\Datasets\final_combined_datasets\PLCE\H\PLCE_H_1085.jpg,Potato,H,closed,aa95e17895629e27,Healthy
Z:\Projects\Smart-Farming\Datasets\final_combined_datasets\PLCE\H\PLCE_H_1086.jpg,Potato,H,closed,ee3fa1d4d6d0d090,Healthy
Z:\Projects\Smart-Farming\Datasets\final_combined_datasets\PLCE\H\PLCE_H_1087.jpg,Potato,H,closed,aa95c07aaf619e2a,Healthy
Z:\Projects\Smart-Farming\Datasets\final_combined_datasets\PLCE\H\PLCE_H_1088.jpg,Potato,H,closed,aa4b9933da34c533,Healthy
Z:\Projects\Smart-Farming\Datasets\final_combined_datasets\PLCE\H\PLCE_H_1089.jpg,Potato,H,closed,aa1de0788f6adc62,Healthy
Z:\Projects\Smart-Farming\Datasets\final_combined_datasets\PLCE\H\PLCE_H_1090.jpg,Potato,H,closed,aa97e15a85789669,Healthy
Z:\Projects\Smart-Farming\Datasets\final_combined_datasets\PLCE\H\PLCE_H_1091.jpg,Potato,H,closed,aac4b58b941fd278,Healthy
Z:\Projects\Smart-Farming\Datasets\final_combined_datasets\PLCE\H\PLCE_H_1092.jpg,Potato,H,closed,babdd1709b708a43,Healthy
Z:\Projects\Smart-Farming\Datasets\final_combined_datasets\PLCE\H\PLCE_H_1093.jpg,Potato,H,closed,ab0ce07fb73a5620,Healthy
Z:\Projects\Smart-Farming\Datasets\final_combined_datasets\PLCE\H\PLCE_H_1094.jpg,Potato,H,closed,aa42b53fc43dc23c,Healthy
Z:\Projects\Smart-Farming\Datasets\final_combined_datasets\PLCE\H\PLCE_H_1095.jpg,Potato,H,closed,be5aa429d22d8b74,Healthy
Z:\Projects\Smart-Farming\Datasets\final_combined_datasets\PLCE\H\PLCE_H_1096.jpg,Potato,H,closed,ba37c3709dc690cc,Healthy
Z:\Projects\Smart-Farming\Datasets\final_combined_datasets\PLCE\H\PLCE_H_1097.jpg,Potato,H,closed,abe8869e98b089bb,Healthy
Z:\Projects\Smart-Farming\Datasets\final_combined_datasets\PLCE\H\PLCE_H_1098.jpg,Potato,H,closed,bb429d2dd075d232,Healthy
Z:\Projects\Smart-Farming\Datasets\final_combined_datasets\PLCE\H\PLCE_H_1099.jpg,Potato,H,closed,aa6bd0e192b5c5d2,Healthy
Z:\Projects\Smart-Farming\Datasets\final_combined_datasets\PLCE\H\PLCE_H_1100.jpg,Potato,H,closed,eacad4a9ca949936,Healthy
Z:\Projects\Smart-Farming\Datasets\final_combined_datasets\PLCE\H\PLCE_H_1101.jpg,Potato,H,closed,af48943de02d8377,Healthy
Z:\Projects\Smart-Farming\Datasets\final_combined_datasets\PLCE\H\PLCE_H_1102.jpg,Potato,H,closed,eb36c0e09ac3b58d,Healthy
Z:\Projects\Smart-Farming\Datasets\final_combined_datasets\PLCE\H\PLCE_H_1103.jpg,Potato,H,closed,aebcad80d5c3928b,Healthy
Z:\Projects\Smart-Farming\Datasets\final_combined_datasets\PLCE\H\PLCE_H_1104.jpg,Potato,H,closed,bf4bd83390b4acb0,Healthy
Z:\Projects\Smart-Farming\Datasets\final_combined_datasets\PLCE\H\PLCE_H_1105.jpg,Potato,H,closed,bb21f41ed158cb29,Healthy
Z:\Projects\Smart-Farming\Datasets\final_combined_datasets\PLCE\H\PLCE_H_1106.jpg,Potato,H,closed,be3d8460b862d9ec,Healthy
Z:\Projects\Smart-Farming\Datasets\final_combined_datasets\PLCE\H\PLCE_H_1107.jpg,Potato,H,closed,ba4cb16a41fd9b30,Healthy
Z:\Projects\Smart-Farming\Datasets\final_combined_datasets\PLCE\H\PLCE_H_1108.jpg,Potato,H,closed,af0de47a1e2d4334,Healthy
Z:\Projects\Smart-Farming\Datasets\final_combined_datasets\PLCE\H\PLCE_H_1109.jpg,Potato,H,closed,be52b52bc22f1a70,Healthy
Z:\Projects\Smart-Farming\Datasets\final_combined_datasets\PLCE\H\PLCE_H_1110.jpg,Potato,H,closed,ea5aa53bc22b8665,Healthy
Z:\Projects\Smart-Farming\Datasets\final_combined_datasets\PLCE\H\PLCE_H_1111.jpg,Potato,H,closed,aa9db550d2cb8b49,Healthy
Z:\Projects\Smart-Farming\Datasets\final_combined_datasets\PLCE\H\PLCE_H_1112.jpg,Potato,H,closed,afd8f12cd02d8396,Healthy
Z:\Projects\Smart-Farming\Datasets\final_combined_datasets\PLCE\H\PLCE_H_1113.jpg,Potato,H,closed,ea5ab529c265d165,Healthy
Z:\Projects\Smart-Farming\Datasets\final_combined_datasets\PLCE\H\PLCE_H_1114.jpg,Potato,H,closed,aabd9550caeac561,Healthy
Z:\Projects\Smart-Farming\Datasets\final_combined_datasets\PLCE\H\PLCE_H_1115.jpg,Potato,H,closed,efe6e0929593908e,Healthy
Z:\Projects\Smart-Farming\Datasets\final_combined_datasets\PLCE\H\PLCE_H_1116.jpg,Potato,H,closed,ba62f5ade027c164,Healthy
Z:\Projects\Smart-Farming\Datasets\final_combined_datasets\PLCE\H\PLCE_H_1117.jpg,Potato,H,closed,ba35e0759762944b,Healthy
Z:\Projects\Smart-Farming\Datasets\final_combined_datasets\PLCE\H\PLCE_H_1118.jpg,Potato,H,closed,aac8e4a79794d196,Healthy
Z:\Projects\Smart-Farming\Datasets\final_combined_datasets\PLCE\H\PLCE_H_1119.jpg,Potato,H,closed,ae91b558d04b8bec,Healthy
Z:\Projects\Smart-Farming\Datasets\final_combined_datasets\PLCE\H\PLCE_H_1120.jpg,Potato,H,closed,babd95d092cac9e0,Healthy
Z:\Projects\Smart-Farming\Datasets\final_combined_datasets\PLCE\H\PLCE_H_1121.jpg,Potato,H,closed,aa95d25acf61e462,Healthy
Z:\Projects\Smart-Farming\Datasets\final_combined_datasets\PLCE\H\PLCE_H_1122.jpg,Potato,H,closed,aa9de17a1f299c21,Healthy
Z:\Projects\Smart-Farming\Datasets\final_combined_datasets\PLCE\H\PLCE_H_1123.jpg,Potato,H,closed,beb795d0901ac9c9,Healthy
Z:\Projects\Smart-Farming\Datasets\final_combined_datasets\PLCE\H\PLCE_H_1124.jpg,Potato,H,closed,bac2b02ad52dda3c,Healthy
Z:\Projects\Smart-Farming\Datasets\final_combined_datasets\PLCE\H\PLCE_H_1125.jpg,Potato,H,closed,ab4cb52d9274cb32,Healthy
Z:\Projects\Smart-Farming\Datasets\final_combined_datasets\PLCE\H\PLCE_H_1126.jpg,Potato,H,closed,ae42b52bf2a58374,Healthy
Z:\Projects\Smart-Farming\Datasets\final_combined_datasets\PLCE\H\PLCE_H_1127.jpg,Potato,H,closed,aab5d15ac94d85cc,Healthy
Z:\Projects\Smart-Farming\Datasets\final_combined_datasets\PLCE\H\PLCE_H_1128.jpg,Potato,H,closed,aab591de84cacd49,Healthy
Z:\Projects\Smart-Farming\Datasets\final_combined_datasets\PLCE\H\PLCE_H_1129.jpg,Potato,H,closed,ab95d4dac96cc4e0,Healthy
Z:\Projects\Smart-Farming\Datasets\final_combined_datasets\PLCE\H\PLCE_H_1130.jpg,Potato,H,closed,aa49a5ead12d9734,Healthy
Z:\Projects\Smart-Farming\Datasets\final_combined_datasets\PLCE\H\PLCE_H_1131.jpg,Potato,H,closed,bbd2a5ac90b5c992,Healthy
Z:\Projects\Smart-Farming\Datasets\final_combined_datasets\PLCE\H\PLCE_H_1132.jpg,Potato,H,closed,aa6ab16d913c9e34,Healthy
Z:\Projects\Smart-Farming\Datasets\final_combined_datasets\PLCE\H\PLCE_H_1133.jpg,Potato,H,closed,ea3588559e62986f,Healthy
Z:\Projects\Smart-Farming\Datasets\final_combined_datasets\PLCE\H\PLCE_H_1134.jpg,Potato,H,closed,ea3da55294ca94cb,Healthy
Z:\Projects\Smart-Farming\Datasets\final_combined_datasets\PLCE\H\PLCE_H_1135.jpg,Potato,H,closed,ba3eb58ad0d99a88,Healthy
Z:\Projects\Smart-Farming\Datasets\final_combined_datasets\PLCE\H\PLCE_H_1136.jpg,Potato,H,closed,efbfa1f0916090c3,Healthy
Z:\Projects\Smart-Farming\Datasets\final_combined_datasets\PLCE\H\PLCE_H_1137.jpg,Potato,H,closed,ba13a43b9579d268,Healthy
Z:\Projects\Smart-Farming\Datasets\final_combined_datasets\PLCE\H\PLCE_H_1138.jpg,Potato,H,closed,ab4fe1ac9294da92,Healthy
Z:\Projects\Smart-Farming\Datasets\final_combined_datasets\PLCE\H\PLCE_H_1139.jpg,Potato,H,closed,ffb8f09c80d0cb49,Healthy
Z:\Projects\Smart-Farming\Datasets\final_combined_datasets\PLCE\H\PLCE_H_1140.jpg,Potato,H,closed,bb6eb107d1b5c092,Healthy
Z:\Projects\Smart-Farming\Datasets\final_combined_datasets\PLCE\H\PLCE_H_1141.jpg,Potato,H,closed,ab4eb126d425da36,Healthy
Z:\Projects\Smart-Farming\Datasets\final_combined_datasets\PLCE\H\PLCE_H_1142.jpg,Potato,H,closed,ef58f0eb81858b86,Healthy
Z:\Projects\Smart-Farming\Datasets\final_combined_datasets\PLCE\H\PLCE_H_1143.jpg,Potato,H,closed,fabd81f098c2d9c8,Healthy
Z:\Projects\Smart-Farming\Datasets\final_combined_datasets\PLCE\H\PLCE_H_1144.jpg,Potato,H,closed,ffb1b8ccc04b814d,Healthy
Z:\Projects\Smart-Farming\Datasets\final_combined_datasets\PLCE\H\PLCE_H_1145.jpg,Potato,H,closed,feb8b081915ac769,Healthy
Z:\Projects\Smart-Farming\Datasets\final_combined_datasets\PLCE\H\PLCE_H_1146.jpg,Potato,H,closed,ea3580749fc2d8ce,Healthy
Z:\Projects\Smart-Farming\Datasets\final_combined_datasets\PLCE\H\PLCE_H_1147.jpg,Potato,H,closed,be9785528b498dcc,Healthy
Z:\Projects\Smart-Farming\Datasets\final_combined_datasets\PLCE\H\PLCE_H_1148.jpg,Potato,H,closed,ff85d0dacfc0c460,Healthy
Z:\Projects\Smart-Farming\Datasets\final_combined_datasets\PLCE\H\PLCE_H_1149.jpg,Potato,H,closed,efe0a5478f1c909c,Healthy
Z:\Projects\Smart-Farming\Datasets\final_combined_datasets\PLCE\H\PLCE_H_1150.jpg,Potato,H,closed,afc8b185d24fc296,Healthy
Z:\Projects\Smart-Farming\Datasets\final_combined_datasets\PLCE\H\PLCE_H_1151.jpg,Potato,H,closed,bf99b058c0e8c3e9,Healthy
Z:\Projects\Smart-Farming\Datasets\final_combined_datasets\PLCE\H\PLCE_H_1152.jpg,Potato,H,closed,fa3d974298cae1c8,Healthy
Z:\Projects\Smart-Farming\Datasets\final_combined_datasets\PLCE\H\PLCE_H_1153.jpg,Potato,H,closed,aad4a18ad507d63d,Healthy
Z:\Projects\Smart-Farming\Datasets\final_combined_datasets\PLCE\H\PLCE_H_1154.jpg,Potato,H,closed,ab37d5f49a4ad048,Healthy
Z:\Projects\Smart-Farming\Datasets\final_combined_datasets\PLCE\H\PLCE_H_1155.jpg,Potato,H,closed,ff2fe0f0c3c08a43,Healthy
Z:\Projects\Smart-Farming\Datasets\final_combined_datasets\PLCE\H\PLCE_H_1156.jpg,Potato,H,closed,ae3481729bcad8cd,Healthy
Z:\Projects\Smart-Farming\Datasets\final_combined_datasets\PLCE\H\PLCE_H_1157.jpg,Potato,H,closed,a210ad369d42dbeb,Healthy
Z:\Projects\Smart-Farming\Datasets\final_combined_datasets\PLCE\H\PLCE_H_1158.jpg,Potato,H,closed,badab0ac81ad87b4,Healthy
Z:\Projects\Smart-Farming\Datasets\final_combined_datasets\PLCE\H\PLCE_H_1159.jpg,Potato,H,closed,ffe0e007c01f8c5e,Healthy
Z:\Projects\Smart-Farming\Datasets\final_combined_datasets\PLCE\H\PLCE_H_1160.jpg,Potato,H,closed,ea95801ccae39d4f,Healthy
Z:\Projects\Smart-Farming\Datasets\final_combined_datasets\PLCE\H\PLCE_H_1161.jpg,Potato,H,closed,fbe3b097801687ca,Healthy
Z:\Projects\Smart-Farming\Datasets\final_combined_datasets\PLCE\H\PLCE_H_1162.jpg,Potato,H,closed,fe60e487878f849c,Healthy
Z:\Projects\Smart-Farming\Datasets\final_combined_datasets\PLCE\H\PLCE_H_1163.jpg,Potato,H,closed,fae0e29297c5c589,Healthy
Z:\Projects\Smart-Farming\Datasets\final_combined_datasets\PLCE\H\PLCE_H_1164.jpg,Potato,H,closed,ffb5b09ec0c8cd20,Healthy
Z:\Projects\Smart-Farming\Datasets\final_combined_datasets\PLCE\H\PLCE_H_1165.jpg,Potato,H,closed,ff89b031c163c7c2,Healthy
Z:\Projects\Smart-Farming\Datasets\final_combined_datasets\PLCE\H\PLCE_H_1166.jpg,Potato,H,closed,eac2f4a181cd9795,Healthy
Z:\Projects\Smart-Farming\Datasets\final_combined_datasets\PLCE\H\PLCE_H_1167.jpg,Potato,H,closed,fac6e083811f97cc,Healthy
Z:\Projects\Smart-Farming\Datasets\final_combined_datasets\PLCE\H\PLCE_H_1168.jpg,Potato,H,closed,ff9de0f08702864b,Healthy
Z:\Projects\Smart-Farming\Datasets\final_combined_datasets\PLCE\H\PLCE_H_1169.jpg,Potato,H,closed,aaeab585d4b58896,Healthy
Z:\Projects\Smart-Farming\Datasets\final_combined_datasets\PLCE\H\PLCE_H_1170.jpg,Potato,H,closed,bf9fd05ac8288574,Healthy
Z:\Projects\Smart-Farming\Datasets\final_combined_datasets\PLCE\H\PLCE_H_1171.jpg,Potato,H,closed,fa40810fdeacd917,Healthy
Z:\Projects\Smart-Farming\Datasets\final_combined_datasets\PLCE\H\PLCE_H_1172.jpg,Potato,H,closed,ff01b45fd23ec208,Healthy
Z:\Projects\Smart-Farming\Datasets\final_combined_datasets\PLCE\H\PLCE_H_1173.jpg,Potato,H,closed,fe1be43cc71190c3,Healthy
Z:\Projects\Smart-Farming\Datasets\final_combined_datasets\PLCE\H\PLCE_H_1174.jpg,Potato,H,closed,fb4ea0e481a5cf94,Healthy
Z:\Projects\Smart-Farming\Datasets\final_combined_datasets\PLCE\H\PLCE_H_1175.jpg,Potato,H,closed,ef1ce0fec50084f3,Healthy
Z:\Projects\Smart-Farming\Datasets\final_combined_datasets\PLCE\H\PLCE_H_1176.jpg,Potato,H,closed,ef1da078d7f09842,Healthy
Z:\Projects\Smart-Farming\Datasets\final_combined_datasets\PLCE\H\PLCE_H_1177.jpg,Potato,H,closed,faa1e057877a9e20,Healthy
Z:\Projects\Smart-Farming\Datasets\final_combined_datasets\PLCE\H\PLCE_H_1178.jpg,Potato,H,closed,fa3f85d08cc6c1c6,Healthy
Z:\Projects\Smart-Farming\Datasets\final_combined_datasets\PLCE\H\PLCE_H_1179.jpg,Potato,H,closed,ff0df07c81708770,Healthy
Z:\Projects\Smart-Farming\Datasets\final_combined_datasets\PLCE\H\PLCE_H_1180.jpg,Potato,H,closed,fa3da1709cf390c2,Healthy
Z:\Projects\Smart-Farming\Datasets\final_combined_datasets\PLCE\H\PLCE_H_1181.jpg,Potato,H,closed,ae97da5acd44c462,Healthy
Z:\Projects\Smart-Farming\Datasets\final_combined_datasets\PLCE\H\PLCE_H_1182.jpg,Potato,H,closed,fe3fb0588741c1c3,Healthy
Z:\Projects\Smart-Farming\Datasets\final_combined_datasets\PLCE\H\PLCE_H_1183.jpg,Potato,H,closed,ff1f805c8e4b8c61,Healthy
Z:\Projects\Smart-Farming\Datasets\final_combined_datasets\PLCE\H\PLCE_H_1184.jpg,Potato,H,closed,f91eb0d8dee1d048,Healthy
Z:\Projects\Smart-Farming\Datasets\final_combined_datasets\PLCE\H\PLCE_H_1185.jpg,Potato,H,closed,ef1fa07095689663,Healthy
Z:\Projects\Smart-Farming\Datasets\final_combined_datasets\PLCE\H\PLCE_H_1186.jpg,Potato,H,closed,bf0ff096c0e0cac3,Healthy
Z:\Projects\Smart-Farming\Datasets\final_combined_datasets\PLCE\H\PLCE_H_1187.jpg,Potato,H,closed,fb1780f498cfa0cc,Healthy
Z:\Projects\Smart-Farming\Datasets\final_combined_datasets\PLCE\H\PLCE_H_1188.jpg,Potato,H,closed,ef1fe8788de09046,Healthy
Z:\Projects\Smart-Farming\Datasets\final_combined_datasets\PLCE\H\PLCE_H_1189.jpg,Potato,H,closed,fe36e0a385c19ec2,Healthy
Z:\Projects\Smart-Farming\Datasets\final_combined_datasets\PLCE\H\PLCE_H_1190.jpg,Potato,H,closed,ea4ba5b895a19c95,Healthy
Z:\Projects\Smart-Farming\Datasets\final_combined_datasets\PLCE\H\PLCE_H_1191.jpg,Potato,H,closed,ff93b8c181cec30a,Healthy
Z:\Projects\Smart-Farming\Datasets\final_combined_datasets\PLCE\H\PLCE_H_1192.jpg,Potato,H,closed,ff40d081c306ddbe,Healthy
Z:\Projects\Smart-Farming\Datasets\final_combined_datasets\PLCE\H\PLCE_H_1193.jpg,Potato,H,closed,bfdaf0858297811e,Healthy
Z:\Projects\Smart-Farming\Datasets\final_combined_datasets\PLCE\H\PLCE_H_1194.jpg,Potato,H,closed,af17d05a8358cde8,Healthy
Z:\Projects\Smart-Farming\Datasets\final_combined_datasets\PLCE\H\PLCE_H_1195.jpg,Potato,H,closed,aa07b5d0d48acadd,Healthy
Z:\Projects\Smart-Farming\Datasets\final_combined_datasets\PLCE\H\PLCE_H_1196.jpg,Potato,H,closed,aa91f11c94daceca,Healthy
Z:\Projects\Smart-Farming\Datasets\final_combined_datasets\PLCE\H\PLCE_H_1197.jpg,Potato,H,closed,bb7ab1a1919582da,Healthy
Z:\Projects\Smart-Farming\Datasets\final_combined_datasets\PLCE\H\PLCE_H_1198.jpg,Potato,H,closed,afc8f0859b8495bc,Healthy
Z:\Projects\Smart-Farming\Datasets\final_combined_datasets\PLCE\H\PLCE_H_1199.jpg,Potato,H,closed,eac0948f7af0b3a4,Healthy
Z:\Projects\Smart-Farming\Datasets\final_combined_datasets\PLCE\H\PLCE_H_1200.jpg,Potato,H,closed,eacae189959dcc98,Healthy
Z:\Projects\Smart-Farming\Datasets\final_combined_datasets\PLCE\H\PLCE_H_1201.jpg,Potato,H,closed,abc8d485898f9e8e,Healthy
Z:\Projects\Smart-Farming\Datasets\final_combined_datasets\PLCE\H\PLCE_H_1202.jpg,Potato,H,closed,fac2c0879ebd98b0,Healthy
Z:\Projects\Smart-Farming\Datasets\final_combined_datasets\PLCE\H\PLCE_H_1203.jpg,Potato,H,closed,bf98f4e5d098c360,Healthy
Z:\Projects\Smart-Farming\Datasets\final_combined_datasets\PLCE\H\PLCE_H_1204.jpg,Potato,H,closed,ffb0e086c38fc21a,Healthy
Z:\Projects\Smart-Farming\Datasets\final_combined_datasets\PLCE\H\PLCE_H_1205.jpg,Potato,H,closed,bb8ff4fa8060c589,Healthy
Z:\Projects\Smart-Farming\Datasets\final_combined_datasets\PLCE\H\PLCE_H_1206.jpg,Potato,H,closed,fae3e081858d979c,Healthy
Z:\Projects\Smart-Farming\Datasets\final_combined_datasets\PLCE\H\PLCE_H_1207.jpg,Potato,H,closed,fa81b09f85b0d3d8,Healthy
Z:\Projects\Smart-Farming\Datasets\final_combined_datasets\PLCE\H\PLCE_H_1208.jpg,Potato,H,closed,bb95b05ad2c8c9c9,Healthy
Z:\Projects\Smart-Farming\Datasets\final_combined_datasets\PLCE\H\PLCE_H_1209.jpg,Potato,H,closed,bb9590d2dac8cce8,Healthy
Z:\Projects\Smart-Farming\Datasets\final_combined_datasets\PLCE\H\PLCE_H_1210.jpg,Potato,H,closed,ebe4f4248584d6ce,Healthy
Z:\Projects\Smart-Farming\Datasets\final_combined_datasets\PLCE\H\PLCE_H_1211.jpg,Potato,H,closed,ff1db4dcc2c88641,Healthy
Z:\Projects\Smart-Farming\Datasets\final_combined_datasets\PLCE\H\PLCE_H_1212.jpg,Potato,H,closed,fe48e00a87bf9730,Healthy
Z:\Projects\Smart-Farming\Datasets\final_combined_datasets\PLCE\H\PLCE_H_1213.jpg,Potato,H,closed,feb0b053c01acf69,Healthy
Z:\Projects\Smart-Farming\Datasets\final_combined_datasets\PLCE\H\PLCE_H_1214.jpg,Potato,H,closed,efc8e40f853cda30,Healthy
Z:\Projects\Smart-Farming\Datasets\final_combined_datasets\PLCE\H\PLCE_H_1215.jpg,Potato,H,closed,fe1d80f0c7439743,Healthy
Z:\Projects\Smart-Farming\Datasets\final_combined_datasets\PLCE\H\PLCE_H_1216.jpg,Potato,H,closed,ffc8b007951f903c,Healthy
Z:\Projects\Smart-Farming\Datasets\final_combined_datasets\PLCE\H\PLCE_H_1217.jpg,Potato,H,closed,ffcad0878e169434,Healthy
Z:\Projects\Smart-Farming\Datasets\final_combined_datasets\PLCE\H\PLCE_H_1218.jpg,Potato,H,closed,bfe0f0a1c3879594,Healthy
Z:\Projects\Smart-Farming\Datasets\final_combined_datasets\PLCE\H\PLCE_H_1219.jpg,Potato,H,closed,eabda5f498d0d8c0,Healthy
Z:\Projects\Smart-Farming\Datasets\final_combined_datasets\PLCE\H\PLCE_H_1220.jpg,Potato,H,closed,ef5894a59b06d11e,Healthy
Z:\Projects\Smart-Farming\Datasets\final_combined_datasets\PLCE\H\PLCE_H_1221.jpg,Potato,H,closed,fe3f81709a61984d,Healthy
Z:\Projects\Smart-Farming\Datasets\final_combined_datasets\PLCE\H\PLCE_H_1222.jpg,Potato,H,closed,ff1f8130976096e1,Healthy
Z:\Projects\Smart-Farming\Datasets\final_combined_datasets\PLCE\H\PLCE_H_1223.jpg,Potato,H,closed,fa95e17a87018e4b,Healthy
Z:\Projects\Smart-Farming\Datasets\final_combined_datasets\PLCE\H\PLCE_H_1224.jpg,Potato,H,closed,ea6085af96b5d81c,Healthy
Z:\Projects\Smart-Farming\Datasets\final_combined_datasets\PLCE\H\PLCE_H_1225.jpg,Potato,H,closed,ef60852fde348c13,Healthy
Z:\Projects\Smart-Farming\Datasets\final_combined_datasets\PLCE\H\PLCE_H_1226.jpg,Potato,H,closed,aa9581fc8762d86b,Healthy
Z:\Projects\Smart-Farming\Datasets\final_combined_datasets\PLCE\H\PLCE_H_1227.jpg,Potato,H,closed,aa8db55691aad329,Healthy
Z:\Projects\Smart-Farming\Datasets\final_combined_datasets\PLCE\H\PLCE_H_1228.jpg,Potato,H,closed,aa4ef52f83a483b4,Healthy
Z:\Projects\Smart-Farming\Datasets\final_combined_datasets\PLCE\H\PLCE_H_1229.jpg,Potato,H,closed,fa42b4ad94879b34,Healthy
Z:\Projects\Smart-Farming\Datasets\final_combined_datasets\PLCE\H\PLCE_H_1230.jpg,Potato,H,closed,af50852f9a2d9a36,Healthy
Z:\Projects\Smart-Farming\Datasets\final_combined_datasets\PLCE\H\PLCE_H_1231.jpg,Potato,H,closed,be9dd47ac9608847,Healthy
Z:\Projects\Smart-Farming\Datasets\final_combined_datasets\PLCE\H\PLCE_H_1232.jpg,Potato,H,closed,efc0858f98b099b3,Healthy
Z:\Projects\Smart-Farming\Datasets\final_combined_datasets\PLCE\H\PLCE_H_1233.jpg,Potato,H,closed,bb4a9425e32ec936,Healthy
Z:\Projects\Smart-Farming\Datasets\final_combined_datasets\PLCE\H\PLCE_H_1234.jpg,Potato,H,closed,aec0b563dae58334,Healthy
Z:\Projects\Smart-Farming\Datasets\final_combined_datasets\PLCE\H\PLCE_H_1235.jpg,Potato,H,closed,fff0d48183a1a78c,Healthy
Z:\Projects\Smart-Farming\Datasets\final_combined_datasets\PLCE\H\PLCE_H_1236.jpg,Potato,H,closed,bf85d0d798cbc0c8,Healthy
Z:\Projects\Smart-Farming\Datasets\final_combined_datasets\PLCE\H\PLCE_H_1237.jpg,Potato,H,closed,aa56f0eae081a7ce,Healthy
Z:\Projects\Smart-Farming\Datasets\final_combined_datasets\PLCE\H\PLCE_H_1238.jpg,Potato,H,closed,baa5e0d5c1928bce,Healthy
Z:\Projects\Smart-Farming\Datasets\final_combined_datasets\PLCE\H\PLCE_H_1239.jpg,Potato,H,closed,8a35977197e2984b,Healthy
Z:\Projects\Smart-Farming\Datasets\final_combined_datasets\PLCE\H\PLCE_H_1240.jpg,Potato,H,closed,aab1b1c2cb8b5d8c,Healthy
Z:\Projects\Smart-Farming\Datasets\final_combined_datasets\PLCE\H\PLCE_H_1241.jpg,Potato,H,closed,aab5d4b652d8c5b0,Healthy
Z:\Projects\Smart-Farming\Datasets\final_combined_datasets\PLCE\H\PLCE_H_1242.jpg,Potato,H,closed,afe0b588179d16ac,Healthy
Z:\Projects\Smart-Farming\Datasets\final_combined_datasets\PLCE\H\PLCE_H_1243.jpg,Potato,H,closed,aa19a559d2e8cae5,Healthy
Z:\Projects\Smart-Farming\Datasets\final_combined_datasets\PLCE\H\PLCE_H_1244.jpg,Potato,H,closed,aa4eb52fd0359236,Healthy
Z:\Projects\Smart-Farming\Datasets\final_combined_datasets\PLCE\H\PLCE_H_1245.jpg,Potato,H,closed,ea3585f4d8729962,Healthy
Z:\Projects\Smart-Farming\Datasets\final_combined_datasets\PLCE\H\PLCE_H_1246.jpg,Potato,H,closed,ea8ca53c85f09ec3,Healthy
Z:\Projects\Smart-Farming\Datasets\final_combined_datasets\PLCE\H\PLCE_H_1247.jpg,Potato,H,closed,eaea808fdb9498b2,Healthy
Z:\Projects\Smart-Farming\Datasets\final_combined_datasets\PLCE\H\PLCE_H_1248.jpg,Potato,H,closed,eacaa5a98c9d9594,Healthy
Z:\Projects\Smart-Farming\Datasets\final_combined_datasets\PLCE\H\PLCE_H_1249.jpg,Potato,H,closed,eacaa58b9b1d9035,Healthy
Z:\Projects\Smart-Farming\Datasets\final_combined_datasets\PLCE\H\PLCE_H_1250.jpg,Potato,H,closed,fa37b5d0d2c1c889,Healthy
Z:\Projects\Smart-Farming\Datasets\final_combined_datasets\PLCE\H\PLCE_H_1251.jpg,Potato,H,closed,af95d0dacb498d41,Healthy
Z:\Projects\Smart-Farming\Datasets\final_combined_datasets\PLCE\H\PLCE_H_1252.jpg,Potato,H,closed,ba42b527d0b7c436,Healthy
Z:\Projects\Smart-Farming\Datasets\final_combined_datasets\PLCE\H\PLCE_H_1253.jpg,Potato,H,closed,ee12a53b94e19ac6,Healthy
Z:\Projects\Smart-Farming\Datasets\final_combined_datasets\PLCE\H\PLCE_H_1254.jpg,Potato,H,closed,fab0a190878bcf4e,Healthy
Z:\Projects\Smart-Farming\Datasets\final_combined_datasets\PLCE\H\PLCE_H_1255.jpg,Potato,H,closed,af17e0f0d6619263,Healthy
Z:\Projects\Smart-Farming\Datasets\final_combined_datasets\PLCE\H\PLCE_H_1256.jpg,Potato,H,closed,aeb5f452808a97cd,Healthy
Z:\Projects\Smart-Farming\Datasets\final_combined_datasets\PLCE\H\PLCE_H_1257.jpg,Potato,H,closed,eac8e18f950d98bc,Healthy
Z:\Projects\Smart-Farming\Datasets\final_combined_datasets\PLCE\H\PLCE_H_1258.jpg,Potato,H,closed,eaa3b5f5d4c0d282,Healthy
Z:\Projects\Smart-Farming\Datasets\final_combined_datasets\PLCE\H\PLCE_H_1259.jpg,Potato,H,closed,ea95e5d49ac8d1c8,Healthy
Z:\Projects\Smart-Farming\Datasets\final_combined_datasets\PLCE\H\PLCE_H_1260.jpg,Potato,H,closed,ae3590dac9cb8dc8,Healthy
Z:\Projects\Smart-Farming\Datasets\final_combined_datasets\PLCE\H\PLCE_H_1261.jpg,Potato,H,closed,bb4eb0ecc1948f92,Healthy
Z:\Projects\Smart-Farming\Datasets\final_combined_datasets\PLCE\H\PLCE_H_1262.jpg,Potato,H,closed,aa6ad085cd9b9c99,Healthy
Z:\Projects\Smart-Farming\Datasets\final_combined_datasets\PLCE\H\PLCE_H_1263.jpg,Potato,H,closed,fac2c083a7af829e,Healthy
Z:\Projects\Smart-Farming\Datasets\final_combined_datasets\PLCE\H\PLCE_H_1264.jpg,Potato,H,closed,eaa0b5dcd68382c7,Healthy
Z:\Projects\Smart-Farming\Datasets\final_combined_datasets\PLCE\H\PLCE_H_1265.jpg,Potato,H,closed,aab595deca498d44,Healthy
Z:\Projects\Smart-Farming\Datasets\final_combined_datasets\PLCE\H\PLCE_H_1266.jpg,Potato,H,closed,aaf4b502945f9749,Healthy
Z:\Projects\Smart-Farming\Datasets\final_combined_datasets\PLCE\H\PLCE_H_1267.jpg,Potato,H,closed,aa4a9425cb36cd3b,Healthy
Z:\Projects\Smart-Farming\Datasets\final_combined_datasets\PLCE\H\PLCE_H_1268.jpg,Potato,H,closed,aab0f543c06fc33c,Healthy
Z:\Projects\Smart-Farming\Datasets\final_combined_datasets\PLCE\H\PLCE_H_1269.jpg,Potato,H,closed,ba95c154c35acfc1,Healthy
Z:\Projects\Smart-Farming\Datasets\final_combined_datasets\PLCE\H\PLCE_H_1270.jpg,Potato,H,closed,eae8e445852fc7a8,Healthy
Z:\Projects\Smart-Farming\Datasets\final_combined_datasets\PLCE\H\PLCE_H_1271.jpg,Potato,H,closed,ea09a5739530d6ad,Healthy
Z:\Projects\Smart-Farming\Datasets\final_combined_datasets\PLCE\H\PLCE_H_1272.jpg,Potato,H,closed,aa6ab525d435cb92,Healthy
Z:\Projects\Smart-Farming\Datasets\final_combined_datasets\PLCE\H\PLCE_H_1273.jpg,Potato,H,closed,aacab22dd9358d32,Healthy
Z:\Projects\Smart-Farming\Datasets\final_combined_datasets\PLCE\H\PLCE_H_1274.jpg,Potato,H,closed,bbe0c181cd1f9c9c,Healthy
Z:\Projects\Smart-Farming\Datasets\final_combined_datasets\PLCE\H\PLCE_H_1275.jpg,Potato,H,closed,fe95c4d4c2f09ac1,Healthy
Z:\Projects\Smart-Farming\Datasets\final_combined_datasets\PLCE\H\PLCE_H_1276.jpg,Potato,H,closed,ba6a85258b32e59d,Healthy
Z:\Projects\Smart-Farming\Datasets\final_combined_datasets\PLCE\H\PLCE_H_1277.jpg,Potato,H,closed,fa4295a7da3688b2,Healthy
Z:\Projects\Smart-Farming\Datasets\final_combined_datasets\PLCE\H\PLCE_H_1278.jpg,Potato,H,closed,aa1aa57286c3de47,Healthy
Z:\Projects\Smart-Farming\Datasets\final_combined_datasets\PLCE\H\PLCE_H_1279.jpg,Potato,H,closed,eae0e50b953d96a8,Healthy
Z:\Projects\Smart-Farming\Datasets\final_combined_datasets\PLCE\H\PLCE_H_1280.jpg,Potato,H,closed,aa6ca5ced0868bb6,Healthy
Z:\Projects\Smart-Farming\Datasets\final_combined_datasets\PLCE\H\PLCE_H_1281.jpg,Potato,H,closed,aa4ad425c89f8dba,Healthy
Z:\Projects\Smart-Farming\Datasets\final_combined_datasets\PLCE\H\PLCE_H_1282.jpg,Potato,H,closed,aac4ad6a956ed264,Healthy
Z:\Projects\Smart-Farming\Datasets\final_combined_datasets\PLCE\H\PLCE_H_1283.jpg,Potato,H,closed,aabdb57191508b5a,Healthy
Z:\Projects\Smart-Farming\Datasets\final_combined_datasets\PLCE\H\PLCE_H_1284.jpg,Potato,H,closed,aec4a589d41f9a39,Healthy
Z:\Projects\Smart-Farming\Datasets\final_combined_datasets\PLCE\H\PLCE_H_1285.jpg,Potato,H,closed,aec2d88b9a359936,Healthy
Z:\Projects\Smart-Farming\Datasets\final_combined_datasets\PLCE\H\PLCE_H_1286.jpg,Potato,H,closed,eabd94f09acb81c8,Healthy
Z:\Projects\Smart-Farming\Datasets\final_combined_datasets\PLCE\H\PLCE_H_1287.jpg,Potato,H,closed,bf95d07a83d8ccc0,Healthy
Z:\Projects\Smart-Farming\Datasets\final_combined_datasets\PLCE\H\PLCE_H_1288.jpg,Potato,H,closed,af74e10bd4758638,Healthy
Z:\Projects\Smart-Farming\Datasets\final_combined_datasets\PLCE\H\PLCE_H_1289.jpg,Potato,H,closed,afca8129d725d916,Healthy
Z:\Projects\Smart-Farming\Datasets\final_combined_datasets\PLCE\H\PLCE_H_1290.jpg,Potato,H,closed,fac08f1fd4199538,Healthy
Z:\Projects\Smart-Farming\Datasets\final_combined_datasets\PLCE\H\PLCE_H_1291.jpg,Potato,H,closed,eabd95d0d0da89c1,Healthy
Z:\Projects\Smart-Farming\Datasets\final_combined_datasets\PLCE\H\PLCE_H_1292.jpg,Potato,H,closed,eaa590dacac9c9c5,Healthy
Z:\Projects\Smart-Farming\Datasets\final_combined_datasets\PLCE\H\PLCE_H_1293.jpg,Potato,H,closed,af95f0d2824bc1e9,Healthy
Z:\Projects\Smart-Farming\Datasets\final_combined_datasets\PLCE\H\PLCE_H_1294.jpg,Potato,H,closed,fb488007df0edc2e,Healthy
Z:\Projects\Smart-Farming\Datasets\final_combined_datasets\PLCE\H\PLCE_H_1295.jpg,Potato,H,closed,aa1d85d0dccad94e,Healthy
Z:\Projects\Smart-Farming\Datasets\final_combined_datasets\PLCE\H\PLCE_H_1296.jpg,Potato,H,closed,bf01b05ad2adcb54,Healthy
Z:\Projects\Smart-Farming\Datasets\final_combined_datasets\PLCE\H\PLCE_H_1297.jpg,Potato,H,closed,ea35a1f095c693ca,Healthy
Z:\Projects\Smart-Farming\Datasets\final_combined_datasets\PLCE\H\PLCE_H_1298.jpg,Potato,H,closed,ef1eadf095c290c2,Healthy
Z:\Projects\Smart-Farming\Datasets\final_combined_datasets\PLCE\H\PLCE_H_1299.jpg,Potato,H,closed,ab3de4f097438263,Healthy
Z:\Projects\Smart-Farming\Datasets\final_combined_datasets\PLCE\H\PLCE_H_1300.jpg,Potato,H,closed,af1ee038d5ba8651,Healthy
Z:\Projects\Smart-Farming\Datasets\final_combined_datasets\PLCE\H\PLCE_H_1301.jpg,Potato,H,closed,ff9eb05ad068c264,Healthy
Z:\Projects\Smart-Farming\Datasets\final_combined_datasets\PLCE\H\PLCE_H_1302.jpg,Potato,H,closed,be81b4ded04ac84f,Healthy
Z:\Projects\Smart-Farming\Datasets\final_combined_datasets\PLCE\H\PLCE_H_1303.jpg,Potato,H,closed,afb1e490c4dac2cb,Healthy
Z:\Projects\Smart-Farming\Datasets\final_combined_datasets\PLCE\H\PLCE_H_1304.jpg,Potato,H,closed,ff0ba0fed1c0c381,Healthy
Z:\Projects\Smart-Farming\Datasets\final_combined_datasets\PLCE\H\PLCE_H_1305.jpg,Potato,H,closed,ea37e0fc850087d7,Healthy
Z:\Projects\Smart-Farming\Datasets\final_combined_datasets\PLCE\H\PLCE_H_1306.jpg,Potato,H,closed,bfe2b0c7900e923e,Healthy
Z:\Projects\Smart-Farming\Datasets\final_combined_datasets\PLCE\H\PLCE_H_1307.jpg,Potato,H,closed,eab3e09585b28793,Healthy
Z:\Projects\Smart-Farming\Datasets\final_combined_datasets\PLCE\H\PLCE_H_1308.jpg,Potato,H,closed,feb3b0d0814acf49,Healthy
Z:\Projects\Smart-Farming\Datasets\final_combined_datasets\PLCE\H\PLCE_H_1309.jpg,Potato,H,closed,afc0b5e7d282ca92,Healthy
Z:\Projects\Smart-Farming\Datasets\final_combined_datasets\PLCE\H\PLCE_H_1310.jpg,Potato,H,closed,aa42e1ad817dd734,Healthy
Z:\Projects\Smart-Farming\Datasets\final_combined_datasets\PLCE\H\PLCE_H_1311.jpg,Potato,H,closed,ae63b166d0b28b93,Healthy
Z:\Projects\Smart-Farming\Datasets\final_combined_datasets\PLCE\H\PLCE_H_0018.jpg,Potato,H,closed,fac0d752524b4f4c,Healthy
Z:\Projects\Smart-Farming\Datasets\final_combined_datasets\PLCE\H\PLCE_H_0019.jpg,Potato,H,closed,fbc0c39e35bc60a2,Healthy
Z:\Projects\Smart-Farming\Datasets\final_combined_datasets\PLCE\H\PLCE_H_0020.jpg,Potato,H,closed,fac0859db169434f,Healthy
Z:\Projects\Smart-Farming\Datasets\final_combined_datasets\PLCE\H\PLCE_H_0021.jpg,Potato,H,closed,fa8a438f729470b3,Healthy
Z:\Projects\Smart-Farming\Datasets\final_combined_datasets\PLCE\H\PLCE_H_0022.jpg,Potato,H,closed,fa2583500e6ab577,Healthy
Z:\Projects\Smart-Farming\Datasets\final_combined_datasets\PLCE\H\PLCE_H_0023.jpg,Potato,H,closed,ab14955ac2694fa7,Healthy
Z:\Projects\Smart-Farming\Datasets\final_combined_datasets\PLCE\H\PLCE_H_0024.jpg,Potato,H,closed,fa2d85d3954e4a8c,Healthy
Z:\Projects\Smart-Farming\Datasets\final_combined_datasets\PLCE\H\PLCE_H_0025.jpg,Potato,H,closed,ab35945ace616d86,Healthy
Z:\Projects\Smart-Farming\Datasets\final_combined_datasets\PLCE\H\PLCE_H_0026.jpg,Potato,H,closed,f38eab91e5532462,Healthy
Z:\Projects\Smart-Farming\Datasets\final_combined_datasets\PLCE\H\PLCE_H_0027.jpg,Potato,H,closed,acc194cb7a8d3365,Healthy
Z:\Projects\Smart-Farming\Datasets\final_combined_datasets\PLCE\H\PLCE_H_0028.jpg,Potato,H,closed,bdd3e48100cf6337,Healthy
Z:\Projects\Smart-Farming\Datasets\final_combined_datasets\PLCE\H\PLCE_H_0029.jpg,Potato,H,closed,e38caf91d513a662,Healthy
Z:\Projects\Smart-Farming\Datasets\final_combined_datasets\PLCE\H\PLCE_H_0030.jpg,Potato,H,closed,fa81e487c35e6874,Healthy
Z:\Projects\Smart-Farming\Datasets\final_combined_datasets\PLCE\H\PLCE_H_0031.jpg,Potato,H,closed,fab1e194c39e0e58,Healthy
Z:\Projects\Smart-Farming\Datasets\final_combined_datasets\PLCE\H\PLCE_H_0032.jpg,Potato,H,closed,ee9cf5f290c09a85,Healthy
Z:\Projects\Smart-Farming\Datasets\final_combined_datasets\PLCE\H\PLCE_H_0033.jpg,Potato,H,closed,ee9cf5b280c09be1,Healthy
Z:\Projects\Smart-Farming\Datasets\final_combined_datasets\PLCE\H\PLCE_H_0035.jpg,Potato,H,closed,fa38a5759446929b,Healthy
Z:\Projects\Smart-Farming\Datasets\final_combined_datasets\PLCE\H\PLCE_H_0036.jpg,Potato,H,closed,af6af020c79f868c,Healthy
Z:\Projects\Smart-Farming\Datasets\final_combined_datasets\PLCE\H\PLCE_H_0037.jpg,Potato,H,closed,afc8920f9832ed33,Healthy
Z:\Projects\Smart-Farming\Datasets\final_combined_datasets\PLCE\H\PLCE_H_0038.jpg,Potato,H,closed,bec0952f98354b5a,Healthy
Z:\Projects\Smart-Farming\Datasets\final_combined_datasets\PLCE\H\PLCE_H_0039.jpg,Potato,H,closed,bd1e96f0988f618c,Healthy
Z:\Projects\Smart-Farming\Datasets\final_combined_datasets\PLCE\H\PLCE_H_0040.jpg,Potato,H,closed,afecd003cc9b929c,Healthy
Z:\Projects\Smart-Farming\Datasets\final_combined_datasets\PLCE\H\PLCE_H_0041.jpg,Potato,H,closed,fcc18a1e3163d44f,Healthy
Z:\Projects\Smart-Farming\Datasets\final_combined_datasets\PLCE\H\PLCE_H_0042.jpg,Potato,H,closed,fb6ad005cf1ee019,Healthy
Z:\Projects\Smart-Farming\Datasets\final_combined_datasets\PLCE\H\PLCE_H_0043.jpg,Potato,H,closed,ae2fa55194ca6ba8,Healthy
Z:\Projects\Smart-Farming\Datasets\final_combined_datasets\PLCE\H\PLCE_H_0044.jpg,Potato,H,closed,ab15945a89699ce7,Healthy
Z:\Projects\Smart-Farming\Datasets\final_combined_datasets\PLCE\H\PLCE_H_0045.jpg,Potato,H,closed,fae5809e9f689823,Healthy
Z:\Projects\Smart-Farming\Datasets\final_combined_datasets\PLCE\H\PLCE_H_0046.jpg,Potato,H,closed,e28d87181c63b96f,Healthy
Z:\Projects\Smart-Farming\Datasets\final_combined_datasets\PLCE\H\PLCE_H_0047.jpg,Potato,H,closed,b5b9da96c88b06cc,Healthy
Z:\Projects\Smart-Farming\Datasets\final_combined_datasets\PLCE\H\PLCE_H_0048.jpg,Potato,H,closed,e0e887e79d8c5591,Healthy
Z:\Projects\Smart-Farming\Datasets\final_combined_datasets\PLCE\H\PLCE_H_0049.jpg,Potato,H,closed,f886851ee95ba54a,Healthy
Z:\Projects\Smart-Farming\Datasets\final_combined_datasets\PLCE\H\PLCE_H_0050.jpg,Potato,H,closed,bfc2c20f197cb065,Healthy
Z:\Projects\Smart-Farming\Datasets\final_combined_datasets\PLCE\H\PLCE_H_0051.jpg,Potato,H,closed,eae6951ac6708c67,Healthy
Z:\Projects\Smart-Farming\Datasets\final_combined_datasets\PLCE\H\PLCE_H_0052.jpg,Potato,H,closed,bfc3c01b9d6c9065,Healthy
Z:\Projects\Smart-Farming\Datasets\final_combined_datasets\PLCE\H\PLCE_H_0053.jpg,Potato,H,closed,be3380789e835a8f,Healthy
Z:\Projects\Smart-Farming\Datasets\final_combined_datasets\PLCE\H\PLCE_H_0054.jpg,Potato,H,closed,aad1f40ac07fe638,Healthy
Z:\Projects\Smart-Farming\Datasets\final_combined_datasets\PLCE\H\PLCE_H_0055.jpg,Potato,H,closed,fa40836adea558d6,Healthy
Z:\Projects\Smart-Farming\Datasets\final_combined_datasets\PLCE\H\PLCE_H_0056.jpg,Potato,H,closed,fa84a15fd438d235,Healthy
Z:\Projects\Smart-Farming\Datasets\final_combined_datasets\PLCE\H\PLCE_H_0057.jpg,Potato,H,closed,f0b183e79e4f9848,Healthy
Z:\Projects\Smart-Farming\Datasets\final_combined_datasets\PLCE\H\PLCE_H_0058.jpg,Potato,H,closed,f093c7569e2a9866,Healthy
Z:\Projects\Smart-Farming\Datasets\final_combined_datasets\PLCE\H\PLCE_H_0059.jpg,Potato,H,closed,ea89b51ed262526d,Healthy
Z:\Projects\Smart-Farming\Datasets\final_combined_datasets\PLCE\H\PLCE_H_0060.jpg,Potato,H,closed,ba9ce05b873c0f70,Healthy
Z:\Projects\Smart-Farming\Datasets\final_combined_datasets\PLCE\H\PLCE_H_0061.jpg,Potato,H,closed,f636a66694ce5289,Healthy
Z:\Projects\Smart-Farming\Datasets\final_combined_datasets\PLCE\H\PLCE_H_0062.jpg,Potato,H,closed,f1b1aa56dd2a9825,Healthy
Z:\Projects\Smart-Farming\Datasets\final_combined_datasets\PLCE\H\PLCE_H_0063.jpg,Potato,H,closed,aee6e40ed6f802e1,Healthy
Z:\Projects\Smart-Farming\Datasets\final_combined_datasets\PLCE\H\PLCE_H_0064.jpg,Potato,H,closed,f6a6a2558e4a9d2a,Healthy
Z:\Projects\Smart-Farming\Datasets\final_combined_datasets\PLCE\H\PLCE_H_0065.jpg,Potato,H,closed,aa66a50396ff5a50,Healthy
Z:\Projects\Smart-Farming\Datasets\final_combined_datasets\PLCE\H\PLCE_H_0066.jpg,Potato,H,closed,fc27801d87789d69,Healthy
Z:\Projects\Smart-Farming\Datasets\final_combined_datasets\PLCE\H\PLCE_H_0067.jpg,Potato,H,closed,ff63a034c7311a8e,Healthy
Z:\Projects\Smart-Farming\Datasets\final_combined_datasets\PLCE\H\PLCE_H_0068.jpg,Potato,H,closed,ab64a44a97a45ed6,Healthy
Z:\Projects\Smart-Farming\Datasets\final_combined_datasets\PLCE\H\PLCE_H_0069.jpg,Potato,H,closed,e283e57f88990fc1,Healthy
Z:\Projects\Smart-Farming\Datasets\final_combined_datasets\PLCE\H\PLCE_H_0070.jpg,Potato,H,closed,b7d6b01acdc8ca94,Healthy
Z:\Projects\Smart-Farming\Datasets\final_combined_datasets\PLCE\H\PLCE_H_0071.jpg,Potato,H,closed,e283f55f883ccae0,Healthy
Z:\Projects\Smart-Farming\Datasets\final_combined_datasets\PLCE\H\PLCE_H_0072.jpg,Potato,H,closed,abd9a5c7d6399202,Healthy
Z:\Projects\Smart-Farming\Datasets\final_combined_datasets\PLCE\H\PLCE_H_0073.jpg,Potato,H,closed,ae62b5a392344fd2,Healthy
Z:\Projects\Smart-Farming\Datasets\final_combined_datasets\PLCE\H\PLCE_H_0074.jpg,Potato,H,closed,aa6cb5b5d0760ec8,Healthy
Z:\Projects\Smart-Farming\Datasets\final_combined_datasets\PLCE\H\PLCE_H_0075.jpg,Potato,H,closed,ae70975a2e89b469,Healthy
Z:\Projects\Smart-Farming\Datasets\final_combined_datasets\PLCE\H\PLCE_H_0076.jpg,Potato,H,closed,e846a51f7c2ab12d,Healthy
Z:\Projects\Smart-Farming\Datasets\final_combined_datasets\PLCE\H\PLCE_H_0077.jpg,Potato,H,closed,bfe2c08dcb9418da,Healthy
Z:\Projects\Smart-Farming\Datasets\final_combined_datasets\PLCE\H\PLCE_H_0078.jpg,Potato,H,closed,b8e3c50dcf9898d8,Healthy
Z:\Projects\Smart-Farming\Datasets\final_combined_datasets\PLCE\H\PLCE_H_0079.jpg,Potato,H,closed,bac1c59f9438e325,Healthy
Z:\Projects\Smart-Farming\Datasets\final_combined_datasets\PLCE\H\PLCE_H_0080.jpg,Potato,H,closed,ebb5959ac2c14b85,Healthy
Z:\Projects\Smart-Farming\Datasets\final_combined_datasets\PLCE\H\PLCE_H_0081.jpg,Potato,H,closed,bf85d0cae8e56434,Healthy
Z:\Projects\Smart-Farming\Datasets\final_combined_datasets\PLCE\H\PLCE_H_0082.jpg,Potato,H,closed,abd2848f3d356163,Healthy
Z:\Projects\Smart-Farming\Datasets\final_combined_datasets\PLCE\H\PLCE_H_0083.jpg,Potato,H,closed,efd0859b38626347,Healthy
Z:\Projects\Smart-Farming\Datasets\final_combined_datasets\PLCE\H\PLCE_H_0084.jpg,Potato,H,closed,fcbe8f95c89288c2,Healthy
Z:\Projects\Smart-Farming\Datasets\final_combined_datasets\PLCE\H\PLCE_H_0085.jpg,Potato,H,closed,bfe8c0b5c51e86c8,Healthy
Z:\Projects\Smart-Farming\Datasets\final_combined_datasets\PLCE\H\PLCE_H_0086.jpg,Potato,H,closed,fec1850fda3cc132,Healthy
Z:\Projects\Smart-Farming\Datasets\final_combined_datasets\PLCE\H\PLCE_H_0087.jpg,Potato,H,closed,bfe0c085ca9a9ed8,Healthy
Z:\Projects\Smart-Farming\Datasets\final_combined_datasets\PLCE\H\PLCE_H_0088.jpg,Potato,H,closed,eab581529f4a986d,Healthy
Z:\Projects\Smart-Farming\Datasets\final_combined_datasets\PLCE\H\PLCE_H_0089.jpg,Potato,H,closed,ef45a54da42e364a,Healthy
Z:\Projects\Smart-Farming\Datasets\final_combined_datasets\PLCE\H\PLCE_H_0090.jpg,Potato,H,closed,f865e01daf792461,Healthy
Z:\Projects\Smart-Farming\Datasets\final_combined_datasets\PLCE\H\PLCE_H_0091.jpg,Potato,H,closed,af0e960dde1e6838,Healthy
Z:\Projects\Smart-Farming\Datasets\final_combined_datasets\PLCE\H\PLCE_H_0092.jpg,Potato,H,closed,fb31a03995714b63,Healthy
Z:\Projects\Smart-Farming\Datasets\final_combined_datasets\PLCE\H\PLCE_H_0093.jpg,Potato,H,closed,fa76c1a28f8518dc,Healthy
Z:\Projects\Smart-Farming\Datasets\final_combined_datasets\PLCE\H\PLCE_H_0094.jpg,Potato,H,closed,bb31f581c0860fcf,Healthy
Z:\Projects\Smart-Farming\Datasets\final_combined_datasets\PLCE\H\PLCE_H_0095.jpg,Potato,H,closed,af3694cb9a690d1c,Healthy
Z:\Projects\Smart-Farming\Datasets\final_combined_datasets\PLCE\H\PLCE_H_0096.jpg,Potato,H,closed,ec6da1c49587529e,Healthy
Z:\Projects\Smart-Farming\Datasets\final_combined_datasets\PLCE\H\PLCE_H_0097.jpg,Potato,H,closed,bec3d00bc33dd834,Healthy
Z:\Projects\Smart-Farming\Datasets\final_combined_datasets\PLCE\H\PLCE_H_0098.jpg,Potato,H,closed,ae86e41b97789469,Healthy
Z:\Projects\Smart-Farming\Datasets\final_combined_datasets\PLCE\H\PLCE_H_0099.jpg,Potato,H,closed,fee7d030c3920f83,Healthy
Z:\Projects\Smart-Farming\Datasets\final_combined_datasets\PLCE\H\PLCE_H_0100.jpg,Potato,H,closed,bfd1dc4a860ff024,Healthy
Z:\Projects\Smart-Farming\Datasets\final_combined_datasets\PLCE\H\PLCE_H_0101.jpg,Potato,H,closed,b6c6da66cd13cc18,Healthy
Z:\Projects\Smart-Farming\Datasets\final_combined_datasets\PLCE\H\PLCE_H_0102.jpg,Potato,H,closed,ec699565cf960c89,Healthy
Z:\Projects\Smart-Farming\Datasets\final_combined_datasets\PLCE\H\PLCE_H_0103.jpg,Potato,H,closed,fa38853399ce1b98,Healthy
Z:\Projects\Smart-Farming\Datasets\final_combined_datasets\PLCE\H\PLCE_H_0104.jpg,Potato,H,closed,ae689165c9966ccd,Healthy
Z:\Projects\Smart-Farming\Datasets\final_combined_datasets\PLCE\H\PLCE_H_0105.jpg,Potato,H,closed,abb4f4ca824f983c,Healthy
Z:\Projects\Smart-Farming\Datasets\final_combined_datasets\PLCE\H\PLCE_H_0106.jpg,Potato,H,closed,fea5a1d697088c69,Healthy
Z:\Projects\Smart-Farming\Datasets\final_combined_datasets\PLCE\H\PLCE_H_0107.jpg,Potato,H,closed,fa6ea1b196931a92,Healthy
Z:\Projects\Smart-Farming\Datasets\final_combined_datasets\PLCE\H\PLCE_H_0108.jpg,Potato,H,closed,bbb3e4e482c64ec2,Healthy
Z:\Projects\Smart-Farming\Datasets\final_combined_datasets\PLCE\H\PLCE_H_0109.jpg,Potato,H,closed,facca30c9748d695,Healthy
Z:\Projects\Smart-Farming\Datasets\final_combined_datasets\PLCE\H\PLCE_H_0110.jpg,Potato,H,closed,fa88e34c974c469d,Healthy
Z:\Projects\Smart-Farming\Datasets\final_combined_datasets\PLCE\H\PLCE_H_0111.jpg,Potato,H,closed,efc0c5928c5b946b,Healthy
Z:\Projects\Smart-Farming\Datasets\final_combined_datasets\PLCE\H\PLCE_H_0112.jpg,Potato,H,closed,ba95b0c6d15ec938,Healthy
Z:\Projects\Smart-Farming\Datasets\final_combined_datasets\PLCE\H\PLCE_H_0113.jpg,Potato,H,closed,bfbdb4f0d0308ac1,Healthy
Z:\Projects\Smart-Farming\Datasets\final_combined_datasets\PLCE\H\PLCE_H_0114.jpg,Potato,H,closed,bab9a070d5e34a47,Healthy
Z:\Projects\Smart-Farming\Datasets\final_combined_datasets\PLCE\H\PLCE_H_0115.jpg,Potato,H,closed,afe4b482da0fc964,Healthy
Z:\Projects\Smart-Farming\Datasets\final_combined_datasets\PLCE\H\PLCE_H_0116.jpg,Potato,H,closed,a5a7f6b2d833011b,Healthy
Z:\Projects\Smart-Farming\Datasets\final_combined_datasets\PLCE\H\PLCE_H_0117.jpg,Potato,H,closed,ee81940a9a7b79e1,Healthy
Z:\Projects\Smart-Farming\Datasets\final_combined_datasets\PLCE\H\PLCE_H_0118.jpg,Potato,H,closed,a5dc92499b0c3ff0,Healthy
Z:\Projects\Smart-Farming\Datasets\final_combined_datasets\PLCE\H\PLCE_H_0119.jpg,Potato,H,closed,e8eaa1ad87a49e34,Healthy
Z:\Projects\Smart-Farming\Datasets\final_combined_datasets\PLCE\H\PLCE_H_0120.jpg,Potato,H,closed,bb9ef4f8c0c08e49,Healthy
Z:\Projects\Smart-Farming\Datasets\final_combined_datasets\PLCE\H\PLCE_H_0121.jpg,Potato,H,closed,eac2a74e95399235,Healthy
Z:\Projects\Smart-Farming\Datasets\final_combined_datasets\PLCE\H\PLCE_H_0122.jpg,Potato,H,closed,bf94c01ac57cc762,Healthy
Z:\Projects\Smart-Farming\Datasets\final_combined_datasets\PLCE\H\PLCE_H_0123.jpg,Potato,H,closed,ba9dc412cb498de5,Healthy
Z:\Projects\Smart-Farming\Datasets\final_combined_datasets\PLCE\H\PLCE_H_0124.jpg,Potato,H,closed,eee0950fce9cc912,Healthy
Z:\Projects\Smart-Farming\Datasets\final_combined_datasets\PLCE\H\PLCE_H_0125.jpg,Potato,H,closed,a4f79280fb03c70f,Healthy
Z:\Projects\Smart-Farming\Datasets\final_combined_datasets\PLCE\H\PLCE_H_0126.jpg,Potato,H,closed,efe0958338236367,Healthy
Z:\Projects\Smart-Farming\Datasets\final_combined_datasets\PLCE\H\PLCE_H_0127.jpg,Potato,H,closed,aab4d0da856f8663,Healthy
Z:\Projects\Smart-Farming\Datasets\final_combined_datasets\PLCE\H\PLCE_H_0128.jpg,Potato,H,closed,babca1d0968bca8d,Healthy
Z:\Projects\Smart-Farming\Datasets\final_combined_datasets\PLCE\H\PLCE_H_0129.jpg,Potato,H,closed,aae69532c2734f91,Healthy
Z:\Projects\Smart-Farming\Datasets\final_combined_datasets\PLCE\H\PLCE_H_0130.jpg,Potato,H,closed,bfc1e01f8c6ce431,Healthy
Z:\Projects\Smart-Farming\Datasets\final_combined_datasets\PLCE\H\PLCE_H_0131.jpg,Potato,H,closed,bfb1e07283224f95,Healthy
Z:\Projects\Smart-Farming\Datasets\final_combined_datasets\PLCE\H\PLCE_H_0132.jpg,Potato,H,closed,fe80c01f9e789963,Healthy
Z:\Projects\Smart-Farming\Datasets\final_combined_datasets\PLCE\H\PLCE_H_0133.jpg,Potato,H,closed,aada96600e29fb36,Healthy
Z:\Projects\Smart-Farming\Datasets\final_combined_datasets\PLCE\H\PLCE_H_0134.jpg,Potato,H,closed,f098cf964f31a866,Healthy
Z:\Projects\Smart-Farming\Datasets\final_combined_datasets\PLCE\H\PLCE_H_0135.jpg,Potato,H,closed,fc98c7b74b312826,Healthy
Z:\Projects\Smart-Farming\Datasets\final_combined_datasets\PLCE\H\PLCE_H_0136.jpg,Potato,H,closed,fc1ec0d5c371a866,Healthy
Z:\Projects\Smart-Farming\Datasets\final_combined_datasets\PLCE\H\PLCE_H_0137.jpg,Potato,H,closed,afdad8cd6622b301,Healthy
Z:\Projects\Smart-Farming\Datasets\final_combined_datasets\PLCE\H\PLCE_H_0138.jpg,Potato,H,closed,edc0948f9e3ab063,Healthy
Z:\Projects\Smart-Farming\Datasets\final_combined_datasets\PLCE\H\PLCE_H_0139.jpg,Potato,H,closed,f2ce87989859919b,Healthy
Z:\Projects\Smart-Farming\Datasets\final_combined_datasets\PLCE\H\PLCE_H_0140.jpg,Potato,H,closed,ea8f8d9c9951b312,Healthy
Z:\Projects\Smart-Farming\Datasets\final_combined_datasets\PLCE\H\PLCE_H_0141.jpg,Potato,H,closed,fe9dc5c0ca61a466,Healthy
Z:\Projects\Smart-Farming\Datasets\final_combined_datasets\PLCE\H\PLCE_H_0142.jpg,Potato,H,closed,ff9fc0d04a253433,Healthy
Z:\Projects\Smart-Farming\Datasets\final_combined_datasets\PLCE\H\PLCE_H_0143.jpg,Potato,H,closed,a9ebde948516fc01,Healthy
Z:\Projects\Smart-Farming\Datasets\final_combined_datasets\PLCE\H\PLCE_H_0144.jpg,Potato,H,closed,aaead881cf1ec09d,Healthy
Z:\Projects\Smart-Farming\Datasets\final_combined_datasets\PLCE\H\PLCE_H_0145.jpg,Potato,H,closed,ff40d207dc3ac03b,Healthy
Z:\Projects\Smart-Farming\Datasets\final_combined_datasets\PLCE\H\PLCE_H_0146.jpg,Potato,H,closed,ab3f956298cd099c,Healthy
Z:\Projects\Smart-Farming\Datasets\final_combined_datasets\PLCE\H\PLCE_H_0147.jpg,Potato,H,closed,af1f9069cd658a46,Healthy
Z:\Projects\Smart-Farming\Datasets\final_combined_datasets\PLCE\H\PLCE_H_0148.jpg,Potato,H,closed,ff41e00e97b49e90,Healthy
Z:\Projects\Smart-Farming\Datasets\final_combined_datasets\PLCE\H\PLCE_H_0149.jpg,Potato,H,closed,ff40e01f9538d361,Healthy
Z:\Projects\Smart-Farming\Datasets\final_combined_datasets\PLCE\H\PLCE_H_0150.jpg,Potato,H,closed,a914964bc275cd76,Healthy
Z:\Projects\Smart-Farming\Datasets\final_combined_datasets\PLCE\H\PLCE_H_0151.jpg,Potato,H,closed,ff40e04e9fb09a91,Healthy
Z:\Projects\Smart-Farming\Datasets\final_combined_datasets\PLCE\H\PLCE_H_0152.jpg,Potato,H,closed,eeb0a052d56a9e2d,Healthy
Z:\Projects\Smart-Farming\Datasets\final_combined_datasets\PLCE\H\PLCE_H_0153.jpg,Potato,H,closed,abd1b749da258136,Healthy
Z:\Projects\Smart-Farming\Datasets\final_combined_datasets\PLCE\H\PLCE_H_0154.jpg,Potato,H,closed,bbc4e03a87719ac3,Healthy
Z:\Projects\Smart-Farming\Datasets\final_combined_datasets\PLCE\H\PLCE_H_0155.jpg,Potato,H,closed,bb66e03986319ec6,Healthy
Z:\Projects\Smart-Farming\Datasets\final_combined_datasets\PLCE\H\PLCE_H_0156.jpg,Potato,H,closed,bbb5f1c649ce8414,Healthy
Z:\Projects\Smart-Farming\Datasets\final_combined_datasets\PLCE\H\PLCE_H_0157.jpg,Potato,H,closed,b2a3a6dece588865,Healthy
Z:\Projects\Smart-Farming\Datasets\final_combined_datasets\PLCE\H\PLCE_H_0158.jpg,Potato,H,closed,ba37a2b28743d4ca,Healthy
Z:\Projects\Smart-Farming\Datasets\final_combined_datasets\PLCE\H\PLCE_H_0159.jpg,Potato,H,closed,a772f322d913818f,Healthy
Z:\Projects\Smart-Farming\Datasets\final_combined_datasets\PLCE\H\PLCE_H_0160.jpg,Potato,H,closed,bb95d00a657ca672,Healthy
Z:\Projects\Smart-Farming\Datasets\final_combined_datasets\PLCE\H\PLCE_H_0161.jpg,Potato,H,closed,a9ff94495b24f920,Healthy
Z:\Projects\Smart-Farming\Datasets\final_combined_datasets\PLCE\H\PLCE_H_0162.jpg,Potato,H,closed,f08b831cde72886f,Healthy
Z:\Projects\Smart-Farming\Datasets\final_combined_datasets\PLCE\H\PLCE_H_0163.jpg,Potato,H,closed,afe0f487da1e0938,Healthy
Z:\Projects\Smart-Farming\Datasets\final_combined_datasets\PLCE\H\PLCE_H_0164.jpg,Potato,H,closed,ad1592739959595c,Healthy
Z:\Projects\Smart-Farming\Datasets\final_combined_datasets\PLCE\H\PLCE_H_0165.jpg,Potato,H,closed,ba6ac023e70f66cc,Healthy
Z:\Projects\Smart-Farming\Datasets\final_combined_datasets\PLCE\H\PLCE_H_0166.jpg,Potato,H,closed,ff15d4d0c845cc66,Healthy
Z:\Projects\Smart-Farming\Datasets\final_combined_datasets\PLCE\H\PLCE_H_0167.jpg,Potato,H,closed,bf40870f981d9b33,Healthy
Z:\Projects\Smart-Farming\Datasets\final_combined_datasets\PLCE\H\PLCE_H_0168.jpg,Potato,H,closed,ff6ad830c19a23cc,Healthy
Z:\Projects\Smart-Farming\Datasets\final_combined_datasets\PLCE\H\PLCE_H_0169.jpg,Potato,H,closed,a912d47bcd619e64,Healthy
Z:\Projects\Smart-Farming\Datasets\final_combined_datasets\PLCE\H\PLCE_H_0170.jpg,Potato,H,closed,eac2874e932cdb34,Healthy
Z:\Projects\Smart-Farming\Datasets\final_combined_datasets\PLCE\H\PLCE_H_0171.jpg,Potato,H,closed,ab1f857a9e65188c,Healthy
Z:\Projects\Smart-Farming\Datasets\final_combined_datasets\PLCE\H\PLCE_H_0172.jpg,Potato,H,closed,b8bbc79c0c50adb1,Healthy
Z:\Projects\Smart-Farming\Datasets\final_combined_datasets\PLCE\H\PLCE_H_0173.jpg,Potato,H,closed,bd9cf47892614963,Healthy
Z:\Projects\Smart-Farming\Datasets\final_combined_datasets\PLCE\H\PLCE_H_0174.jpg,Potato,H,closed,edee96b0c21a031f,Healthy
Z:\Projects\Smart-Farming\Datasets\final_combined_datasets\PLCE\H\PLCE_H_0175.jpg,Potato,H,closed,edecd430c258678e,Healthy
Z:\Projects\Smart-Farming\Datasets\final_combined_datasets\PLCE\H\PLCE_H_0176.jpg,Potato,H,closed,ead085cf147d20eb,Healthy
Z:\Projects\Smart-Farming\Datasets\final_combined_datasets\PLCE\H\PLCE_H_0177.jpg,Potato,H,closed,ead885cf02fc1e70,Healthy
Z:\Projects\Smart-Farming\Datasets\final_combined_datasets\PLCE\H\PLCE_H_0178.jpg,Potato,H,closed,abf8a1ca83bc9b14,Healthy
Z:\Projects\Smart-Farming\Datasets\final_combined_datasets\PLCE\H\PLCE_H_0179.jpg,Potato,H,closed,ffaac0b085c39e4a,Healthy
Z:\Projects\Smart-Farming\Datasets\final_combined_datasets\PLCE\H\PLCE_H_0180.jpg,Potato,H,closed,eb31b5399260e363,Healthy
Z:\Projects\Smart-Farming\Datasets\final_combined_datasets\PLCE\H\PLCE_H_0181.jpg,Potato,H,closed,bec6f0171196d14b,Healthy
Z:\Projects\Smart-Farming\Datasets\final_combined_datasets\PLCE\H\PLCE_H_0182.jpg,Potato,H,closed,af61f667c0329392,Healthy
Z:\Projects\Smart-Farming\Datasets\final_combined_datasets\PLCE\H\PLCE_H_0183.jpg,Potato,H,closed,eb90b14ac0eb1f1e,Healthy
Z:\Projects\Smart-Farming\Datasets\final_combined_datasets\PLCE\H\PLCE_H_0185.jpg,Potato,H,closed,af8fd2788ee108c6,Healthy
Z:\Projects\Smart-Farming\Datasets\final_combined_datasets\PLCE\H\PLCE_H_0186.jpg,Potato,H,closed,adc2fb0de03e8338,Healthy
Z:\Projects\Smart-Farming\Datasets\final_combined_datasets\PLCE\H\PLCE_H_0187.jpg,Potato,H,closed,ad33d43d5a60e171,Healthy
Z:\Projects\Smart-Farming\Datasets\final_combined_datasets\PLCE\H\PLCE_H_0188.jpg,Potato,H,closed,fb23b13a1661c267,Healthy
Z:\Projects\Smart-Farming\Datasets\final_combined_datasets\PLCE\H\PLCE_H_0189.jpg,Potato,H,closed,bb42f10f139a9369,Healthy
Z:\Projects\Smart-Farming\Datasets\final_combined_datasets\PLCE\H\PLCE_H_0190.jpg,Potato,H,closed,fe46a15e17309653,Healthy
Z:\Projects\Smart-Farming\Datasets\final_combined_datasets\PLCE\H\PLCE_H_0191.jpg,Potato,H,closed,bfc2c01b8339ce3c,Healthy
Z:\Projects\Smart-Farming\Datasets\final_combined_datasets\PLCE\H\PLCE_H_0192.jpg,Potato,H,closed,bec5c01f8938f133,Healthy
Z:\Projects\Smart-Farming\Datasets\final_combined_datasets\PLCE\H\PLCE_H_0193.jpg,Potato,H,closed,eff29021d2764b98,Healthy
Z:\Projects\Smart-Farming\Datasets\final_combined_datasets\PLCE\H\PLCE_H_0194.jpg,Potato,H,closed,eaf2952bd2744a89,Healthy
Z:\Projects\Smart-Farming\Datasets\final_combined_datasets\PLCE\H\PLCE_H_0195.jpg,Potato,H,closed,bb93f0cbc2c9838c,Healthy
Z:\Projects\Smart-Farming\Datasets\final_combined_datasets\PLCE\H\PLCE_H_0196.jpg,Potato,H,closed,f886819e9dda306b,Healthy
Z:\Projects\Smart-Farming\Datasets\final_combined_datasets\PLCE\H\PLCE_H_0197.jpg,Potato,H,closed,beb3e0c8d7ccc304,Healthy
Z:\Projects\Smart-Farming\Datasets\final_combined_datasets\PLCE\H\PLCE_H_0198.jpg,Potato,H,closed,f8cca3a887a59cc6,Healthy
Z:\Projects\Smart-Farming\Datasets\final_combined_datasets\PLCE\H\PLCE_H_0199.jpg,Potato,H,closed,af4ab027cf348d38,Healthy
