filepath,crop,disease_raw,environment,phash,disease
Z:\Projects\Smart-Farming\Datasets\final_combined_datasets\TLCE\BS\TLCE_BS_0124.JPG,Tomato,BS,uncontrolled,efc1c50ada34d2b2,Bacterial Spot
Z:\Projects\Smart-Farming\Datasets\final_combined_datasets\TLCE\BS\TLCE_BS_0125.JPG,Tomato,BS,uncontrolled,db8d2df6844a32c9,Bacterial Spot
Z:\Projects\Smart-Farming\Datasets\final_combined_datasets\TLCE\BS\TLCE_BS_0126.JPG,Tomato,BS,uncontrolled,ad179278c1e48f96,Bacterial Spot
Z:\Projects\Smart-Farming\Datasets\final_combined_datasets\TLCE\BS\TLCE_BS_0127.JPG,Tomato,BS,uncontrolled,a175fccaf4c0940f,Bacterial Spot
Z:\Projects\Smart-Farming\Datasets\final_combined_datasets\TLCE\BS\TLCE_BS_0128.JPG,Tomato,BS,uncontrolled,9fce68b48760b24b,Bacterial Spot
Z:\Projects\Smart-Farming\Datasets\final_combined_datasets\TLCE\BS\TLCE_BS_0129.JPG,Tomato,BS,uncontrolled,bf30b01ad12fc15b,Bacterial Spot
Z:\Projects\Smart-Farming\Datasets\final_combined_datasets\TLCE\BS\TLCE_BS_0130.JPG,Tomato,BS,uncontrolled,ff9c30e309da8c0d,Bacterial Spot
Z:\Projects\Smart-Farming\Datasets\final_combined_datasets\TLCE\BS\TLCE_BS_0131.JPG,Tomato,BS,uncontrolled,e9b197ca99cc9449,Bacterial Spot
Z:\Projects\Smart-Farming\Datasets\final_combined_datasets\TLCE\BS\TLCE_BS_0132.JPG,Tomato,BS,uncontrolled,fa2f93198760c663,Bacterial Spot
Z:\Projects\Smart-Farming\Datasets\final_combined_datasets\TLCE\BS\TLCE_BS_0133.JPG,Tomato,BS,uncontrolled,b8b094dac9cdc666,Bacterial Spot
Z:\Projects\Smart-Farming\Datasets\final_combined_datasets\TLCE\BS\TLCE_BS_0134.JPG,Tomato,BS,uncontrolled,ffa0809d981fe21e,Bacterial Spot
Z:\Projects\Smart-Farming\Datasets\final_combined_datasets\TLCE\BS\TLCE_BS_0135.JPG,Tomato,BS,uncontrolled,fe14c05ac1cccf69,Bacterial Spot
Z:\Projects\Smart-Farming\Datasets\final_combined_datasets\TLCE\BS\TLCE_BS_0136.JPG,Tomato,BS,uncontrolled,fca1c65f8ac21d4a,Bacterial Spot
Z:\Projects\Smart-Farming\Datasets\final_combined_datasets\TLCE\BS\TLCE_BS_0137.JPG,Tomato,BS,uncontrolled,ae12947b9b21db34,Bacterial Spot
Z:\Projects\Smart-Farming\Datasets\final_combined_datasets\TLCE\BS\TLCE_BS_0138.JPG,Tomato,BS,uncontrolled,ac36d3d9c69d0c70,Bacterial Spot
Z:\Projects\Smart-Farming\Datasets\final_combined_datasets\TLCE\BS\TLCE_BS_0139.JPG,Tomato,BS,uncontrolled,e9a397da1cc9894c,Bacterial Spot
Z:\Projects\Smart-Farming\Datasets\final_combined_datasets\TLCE\BS\TLCE_BS_0140.JPG,Tomato,BS,uncontrolled,feb1d01bc9488f64,Bacterial Spot
Z:\Projects\Smart-Farming\Datasets\final_combined_datasets\TLCE\BS\TLCE_BS_0141.JPG,Tomato,BS,uncontrolled,fa3a89c925ed254c,Bacterial Spot
Z:\Projects\Smart-Farming\Datasets\final_combined_datasets\TLCE\BS\TLCE_BS_0142.JPG,Tomato,BS,uncontrolled,8b8c3d40742fe23f,Bacterial Spot
Z:\Projects\Smart-Farming\Datasets\final_combined_datasets\TLCE\BS\TLCE_BS_0143.JPG,Tomato,BS,uncontrolled,abe4958ed438927c,Bacterial Spot
Z:\Projects\Smart-Farming\Datasets\final_combined_datasets\TLCE\BS\TLCE_BS_0144.JPG,Tomato,BS,uncontrolled,ffb0c04287c2dc8f,Bacterial Spot
Z:\Projects\Smart-Farming\Datasets\final_combined_datasets\TLCE\BS\TLCE_BS_0145.JPG,Tomato,BS,uncontrolled,bac3c74e8c3cd02b,Bacterial Spot
Z:\Projects\Smart-Farming\Datasets\final_combined_datasets\TLCE\BS\TLCE_BS_0146.JPG,Tomato,BS,uncontrolled,abb4d45a896dc4e4,Bacterial Spot
Z:\Projects\Smart-Farming\Datasets\final_combined_datasets\TLCE\BS\TLCE_BS_0147.JPG,Tomato,BS,uncontrolled,ebe08716d2989b99,Bacterial Spot
Z:\Projects\Smart-Farming\Datasets\final_combined_datasets\TLCE\BS\TLCE_BS_0148.JPG,Tomato,BS,uncontrolled,ed0de17a8fe19806,Bacterial Spot
Z:\Projects\Smart-Farming\Datasets\final_combined_datasets\TLCE\BS\TLCE_BS_0149.JPG,Tomato,BS,uncontrolled,bab0c64bcb699c2c,Bacterial Spot
Z:\Projects\Smart-Farming\Datasets\final_combined_datasets\TLCE\BS\TLCE_BS_0150.JPG,Tomato,BS,uncontrolled,ffaca0d482e2950f,Bacterial Spot
Z:\Projects\Smart-Farming\Datasets\final_combined_datasets\TLCE\BS\TLCE_BS_0151.JPG,Tomato,BS,uncontrolled,8cc5d026733bce39,Bacterial Spot
Z:\Projects\Smart-Farming\Datasets\final_combined_datasets\TLCE\BS\TLCE_BS_0152.JPG,Tomato,BS,uncontrolled,f981971a88cacf69,Bacterial Spot
Z:\Projects\Smart-Farming\Datasets\final_combined_datasets\TLCE\BS\TLCE_BS_0153.JPG,Tomato,BS,uncontrolled,bbc3d41e19698d46,Bacterial Spot
Z:\Projects\Smart-Farming\Datasets\final_combined_datasets\TLCE\BS\TLCE_BS_0154.JPG,Tomato,BS,uncontrolled,abe49452d20bc9bd,Bacterial Spot
Z:\Projects\Smart-Farming\Datasets\final_combined_datasets\TLCE\BS\TLCE_BS_0155.JPG,Tomato,BS,uncontrolled,bc8033bf58b84dd1,Bacterial Spot
Z:\Projects\Smart-Farming\Datasets\final_combined_datasets\TLCE\BS\TLCE_BS_0156.JPG,Tomato,BS,uncontrolled,9c58d02d27f36743,Bacterial Spot
Z:\Projects\Smart-Farming\Datasets\final_combined_datasets\TLCE\BS\TLCE_BS_0157.JPG,Tomato,BS,uncontrolled,aef0c34e9ccc9968,Bacterial Spot
Z:\Projects\Smart-Farming\Datasets\final_combined_datasets\TLCE\BS\TLCE_BS_0158.JPG,Tomato,BS,uncontrolled,8ffd34ce18d401ea,Bacterial Spot
Z:\Projects\Smart-Farming\Datasets\final_combined_datasets\TLCE\BS\TLCE_BS_0159.JPG,Tomato,BS,uncontrolled,9af361a7c638c46c,Bacterial Spot
Z:\Projects\Smart-Farming\Datasets\final_combined_datasets\TLCE\BS\TLCE_BS_0160.JPG,Tomato,BS,uncontrolled,feb6c0588b4d95c2,Bacterial Spot
Z:\Projects\Smart-Farming\Datasets\final_combined_datasets\TLCE\BS\TLCE_BS_0161.JPG,Tomato,BS,uncontrolled,a816dd8fc2798578,Bacterial Spot
Z:\Projects\Smart-Farming\Datasets\final_combined_datasets\TLCE\BS\TLCE_BS_0162.JPG,Tomato,BS,uncontrolled,fab1c04b8dcc9c4e,Bacterial Spot
Z:\Projects\Smart-Farming\Datasets\final_combined_datasets\TLCE\BS\TLCE_BS_0163.JPG,Tomato,BS,uncontrolled,b9e616da690c722d,Bacterial Spot
Z:\Projects\Smart-Farming\Datasets\final_combined_datasets\TLCE\BS\TLCE_BS_0164.JPG,Tomato,BS,uncontrolled,eeb1c05382c69fca,Bacterial Spot
Z:\Projects\Smart-Farming\Datasets\final_combined_datasets\TLCE\BS\TLCE_BS_0165.JPG,Tomato,BS,uncontrolled,faa1c1578ec29c69,Bacterial Spot
Z:\Projects\Smart-Farming\Datasets\final_combined_datasets\TLCE\BS\TLCE_BS_0166.JPG,Tomato,BS,uncontrolled,fda0e117558ac687,Bacterial Spot
Z:\Projects\Smart-Farming\Datasets\final_combined_datasets\TLCE\BS\TLCE_BS_0167.JPG,Tomato,BS,uncontrolled,f8b0c1439fcbdc05,Bacterial Spot
Z:\Projects\Smart-Farming\Datasets\final_combined_datasets\TLCE\BS\TLCE_BS_0168.JPG,Tomato,BS,uncontrolled,a9f09627da36ca34,Bacterial Spot
Z:\Projects\Smart-Farming\Datasets\final_combined_datasets\TLCE\BS\TLCE_BS_0169.JPG,Tomato,BS,uncontrolled,aee5a5d69a889c85,Bacterial Spot
Z:\Projects\Smart-Farming\Datasets\final_combined_datasets\TLCE\BS\TLCE_BS_0170.JPG,Tomato,BS,uncontrolled,aeb4c64a9f7850a9,Bacterial Spot
Z:\Projects\Smart-Farming\Datasets\final_combined_datasets\TLCE\BS\TLCE_BS_0171.JPG,Tomato,BS,uncontrolled,aed133678bb64c88,Bacterial Spot
Z:\Projects\Smart-Farming\Datasets\final_combined_datasets\TLCE\BS\TLCE_BS_0172.JPG,Tomato,BS,uncontrolled,acfc905be330a627,Bacterial Spot
Z:\Projects\Smart-Farming\Datasets\final_combined_datasets\TLCE\BS\TLCE_BS_0173.JPG,Tomato,BS,uncontrolled,9912a96d16f46e4b,Bacterial Spot
Z:\Projects\Smart-Farming\Datasets\final_combined_datasets\TLCE\BS\TLCE_BS_0174.JPG,Tomato,BS,uncontrolled,80ef3fd07093615b,Bacterial Spot
Z:\Projects\Smart-Farming\Datasets\final_combined_datasets\TLCE\BS\TLCE_BS_0175.JPG,Tomato,BS,uncontrolled,aab5bd4290638377,Bacterial Spot
Z:\Projects\Smart-Farming\Datasets\final_combined_datasets\TLCE\BS\TLCE_BS_0176.JPG,Tomato,BS,uncontrolled,bbb4d24a8d0bd22d,Bacterial Spot
Z:\Projects\Smart-Farming\Datasets\final_combined_datasets\TLCE\BS\TLCE_BS_0177.JPG,Tomato,BS,uncontrolled,fe99c0708ec39cac,Bacterial Spot
Z:\Projects\Smart-Farming\Datasets\final_combined_datasets\TLCE\BS\TLCE_BS_0178.JPG,Tomato,BS,uncontrolled,fc23801e876bcfc8,Bacterial Spot
Z:\Projects\Smart-Farming\Datasets\final_combined_datasets\TLCE\BS\TLCE_BS_0179.JPG,Tomato,BS,uncontrolled,f07063e3879cca63,Bacterial Spot
Z:\Projects\Smart-Farming\Datasets\final_combined_datasets\TLCE\BS\TLCE_BS_0180.JPG,Tomato,BS,uncontrolled,a8b4d64a932fd62c,Bacterial Spot
Z:\Projects\Smart-Farming\Datasets\final_combined_datasets\TLCE\BS\TLCE_BS_0181.JPG,Tomato,BS,uncontrolled,eac7841e9a19d939,Bacterial Spot
Z:\Projects\Smart-Farming\Datasets\final_combined_datasets\TLCE\BS\TLCE_BS_0182.JPG,Tomato,BS,uncontrolled,af1cd412ca7b4996,Bacterial Spot
Z:\Projects\Smart-Farming\Datasets\final_combined_datasets\TLCE\BS\TLCE_BS_0183.JPG,Tomato,BS,uncontrolled,a9e6850e9e0ed0ed,Bacterial Spot
Z:\Projects\Smart-Farming\Datasets\final_combined_datasets\TLCE\BS\TLCE_BS_0184.JPG,Tomato,BS,uncontrolled,e8e4859e9a989b99,Bacterial Spot
Z:\Projects\Smart-Farming\Datasets\final_combined_datasets\TLCE\BS\TLCE_BS_0185.JPG,Tomato,BS,uncontrolled,848666e9de9cd81b,Bacterial Spot
Z:\Projects\Smart-Farming\Datasets\final_combined_datasets\TLCE\BS\TLCE_BS_0186.JPG,Tomato,BS,uncontrolled,fdc0b01fc03a8fac,Bacterial Spot
Z:\Projects\Smart-Farming\Datasets\final_combined_datasets\TLCE\BS\TLCE_BS_0187.JPG,Tomato,BS,uncontrolled,ad35d64a93c55ac4,Bacterial Spot
Z:\Projects\Smart-Farming\Datasets\final_combined_datasets\TLCE\BS\TLCE_BS_0188.JPG,Tomato,BS,uncontrolled,e7662e9191699a95,Bacterial Spot
Z:\Projects\Smart-Farming\Datasets\final_combined_datasets\TLCE\BS\TLCE_BS_0189.JPG,Tomato,BS,uncontrolled,ab7c9512da09cb35,Bacterial Spot
Z:\Projects\Smart-Farming\Datasets\final_combined_datasets\TLCE\BS\TLCE_BS_0190.JPG,Tomato,BS,uncontrolled,ab0ed5c5c2304fb3,Bacterial Spot
Z:\Projects\Smart-Farming\Datasets\final_combined_datasets\TLCE\BS\TLCE_BS_0191.JPG,Tomato,BS,uncontrolled,bf60b043931bd42f,Bacterial Spot
Z:\Projects\Smart-Farming\Datasets\final_combined_datasets\TLCE\BS\TLCE_BS_0192.JPG,Tomato,BS,uncontrolled,ebe3941eda981949,Bacterial Spot
Z:\Projects\Smart-Farming\Datasets\final_combined_datasets\TLCE\BS\TLCE_BS_0193.JPG,Tomato,BS,uncontrolled,f4acaac28d8e9cb8,Bacterial Spot
Z:\Projects\Smart-Farming\Datasets\final_combined_datasets\TLCE\BS\TLCE_BS_0194.JPG,Tomato,BS,uncontrolled,ed38c05a97639a2d,Bacterial Spot
Z:\Projects\Smart-Farming\Datasets\final_combined_datasets\TLCE\BS\TLCE_BS_0195.JPG,Tomato,BS,uncontrolled,be94cb6c942ac2e5,Bacterial Spot
Z:\Projects\Smart-Farming\Datasets\final_combined_datasets\TLCE\BS\TLCE_BS_0196.JPG,Tomato,BS,uncontrolled,ffb8d05889c1946d,Bacterial Spot
Z:\Projects\Smart-Farming\Datasets\final_combined_datasets\TLCE\BS\TLCE_BS_0197.JPG,Tomato,BS,uncontrolled,fb2b29d53c869132,Bacterial Spot
Z:\Projects\Smart-Farming\Datasets\final_combined_datasets\TLCE\BS\TLCE_BS_0198.JPG,Tomato,BS,uncontrolled,eeb1d01683fe8748,Bacterial Spot
Z:\Projects\Smart-Farming\Datasets\final_combined_datasets\TLCE\BS\TLCE_BS_0199.JPG,Tomato,BS,uncontrolled,bfb0924bc10dcaad,Bacterial Spot
Z:\Projects\Smart-Farming\Datasets\final_combined_datasets\TLCE\BS\TLCE_BS_0200.JPG,Tomato,BS,uncontrolled,a8b7f640e14b856b,Bacterial Spot
Z:\Projects\Smart-Farming\Datasets\final_combined_datasets\TLCE\BS\TLCE_BS_0201.JPG,Tomato,BS,uncontrolled,eee5849e9a5819b1,Bacterial Spot
Z:\Projects\Smart-Farming\Datasets\final_combined_datasets\TLCE\BS\TLCE_BS_0202.JPG,Tomato,BS,uncontrolled,aee4b51a9e0b9833,Bacterial Spot
Z:\Projects\Smart-Farming\Datasets\final_combined_datasets\TLCE\BS\TLCE_BS_0203.JPG,Tomato,BS,uncontrolled,f935d14b97385231,Bacterial Spot
Z:\Projects\Smart-Farming\Datasets\final_combined_datasets\TLCE\BS\TLCE_BS_0204.JPG,Tomato,BS,uncontrolled,aab4954ad32dd32c,Bacterial Spot
Z:\Projects\Smart-Farming\Datasets\final_combined_datasets\TLCE\BS\TLCE_BS_0205.JPG,Tomato,BS,uncontrolled,f3e2cd0ff0158b18,Bacterial Spot
Z:\Projects\Smart-Farming\Datasets\final_combined_datasets\TLCE\BS\TLCE_BS_0206.JPG,Tomato,BS,uncontrolled,ff46c14c86799c43,Bacterial Spot
Z:\Projects\Smart-Farming\Datasets\final_combined_datasets\TLCE\BS\TLCE_BS_0207.JPG,Tomato,BS,uncontrolled,af11907b9b6119c7,Bacterial Spot
Z:\Projects\Smart-Farming\Datasets\final_combined_datasets\TLCE\BS\TLCE_BS_0208.JPG,Tomato,BS,uncontrolled,bc63f03e93309936,Bacterial Spot
Z:\Projects\Smart-Farming\Datasets\final_combined_datasets\TLCE\BS\TLCE_BS_0209.JPG,Tomato,BS,uncontrolled,f8e09c1ec01fcf98,Bacterial Spot
Z:\Projects\Smart-Farming\Datasets\final_combined_datasets\TLCE\BS\TLCE_BS_0210.JPG,Tomato,BS,uncontrolled,ffb0c2038f5f8948,Bacterial Spot
Z:\Projects\Smart-Farming\Datasets\final_combined_datasets\TLCE\BS\TLCE_BS_0211.JPG,Tomato,BS,uncontrolled,f99393cfc81c8c4a,Bacterial Spot
Z:\Projects\Smart-Farming\Datasets\final_combined_datasets\TLCE\BS\TLCE_BS_0212.JPG,Tomato,BS,uncontrolled,a1f0960f974bc8b5,Bacterial Spot
Z:\Projects\Smart-Farming\Datasets\final_combined_datasets\TLCE\BS\TLCE_BS_0213.JPG,Tomato,BS,uncontrolled,bcb2c30b8dceb42c,Bacterial Spot
Z:\Projects\Smart-Farming\Datasets\final_combined_datasets\TLCE\BS\TLCE_BS_0214.JPG,Tomato,BS,uncontrolled,fee0c21b87388ee1,Bacterial Spot
Z:\Projects\Smart-Farming\Datasets\final_combined_datasets\TLCE\BS\TLCE_BS_0215.JPG,Tomato,BS,uncontrolled,ae1c854ff34f8468,Bacterial Spot
Z:\Projects\Smart-Farming\Datasets\final_combined_datasets\TLCE\BS\TLCE_BS_0216.JPG,Tomato,BS,uncontrolled,dac329b2a63d98cc,Bacterial Spot
Z:\Projects\Smart-Farming\Datasets\final_combined_datasets\TLCE\BS\TLCE_BS_0217.JPG,Tomato,BS,uncontrolled,facc813a9c619c9e,Bacterial Spot
Z:\Projects\Smart-Farming\Datasets\final_combined_datasets\TLCE\BS\TLCE_BS_0218.JPG,Tomato,BS,uncontrolled,8d06f779b23149c6,Bacterial Spot
Z:\Projects\Smart-Farming\Datasets\final_combined_datasets\TLCE\BS\TLCE_BS_0219.JPG,Tomato,BS,uncontrolled,bae59697c29a8d48,Bacterial Spot
Z:\Projects\Smart-Farming\Datasets\final_combined_datasets\TLCE\BS\TLCE_BS_0220.JPG,Tomato,BS,uncontrolled,ef40b41fc2396a93,Bacterial Spot
Z:\Projects\Smart-Farming\Datasets\final_combined_datasets\TLCE\BS\TLCE_BS_0221.JPG,Tomato,BS,uncontrolled,fa81e11f87788749,Bacterial Spot
Z:\Projects\Smart-Farming\Datasets\final_combined_datasets\TLCE\BS\TLCE_BS_0222.JPG,Tomato,BS,uncontrolled,ede0810fd65e938a,Bacterial Spot
Z:\Projects\Smart-Farming\Datasets\final_combined_datasets\TLCE\BS\TLCE_BS_0223.JPG,Tomato,BS,uncontrolled,fa16c1788e619e87,Bacterial Spot
Z:\Projects\Smart-Farming\Datasets\final_combined_datasets\TLCE\BS\TLCE_BS_0224.JPG,Tomato,BS,uncontrolled,ab97d54a906cd0ec,Bacterial Spot
Z:\Projects\Smart-Farming\Datasets\final_combined_datasets\TLCE\BS\TLCE_BS_0225.JPG,Tomato,BS,uncontrolled,af96d649e109d30d,Bacterial Spot
Z:\Projects\Smart-Farming\Datasets\final_combined_datasets\TLCE\BS\TLCE_BS_0226.JPG,Tomato,BS,uncontrolled,abf48596868b9dc8,Bacterial Spot
Z:\Projects\Smart-Farming\Datasets\final_combined_datasets\TLCE\BS\TLCE_BS_0227.JPG,Tomato,BS,uncontrolled,fee0c117907ac30f,Bacterial Spot
Z:\Projects\Smart-Farming\Datasets\final_combined_datasets\TLCE\BS\TLCE_BS_0228.JPG,Tomato,BS,uncontrolled,efa3b8c4b519c2c2,Bacterial Spot
Z:\Projects\Smart-Farming\Datasets\final_combined_datasets\TLCE\BS\TLCE_BS_0229.JPG,Tomato,BS,uncontrolled,fa6c81c797840fd2,Bacterial Spot
Z:\Projects\Smart-Farming\Datasets\final_combined_datasets\TLCE\BS\TLCE_BS_0230.JPG,Tomato,BS,uncontrolled,ad94da48e56dc469,Bacterial Spot
Z:\Projects\Smart-Farming\Datasets\final_combined_datasets\TLCE\BS\TLCE_BS_0231.JPG,Tomato,BS,uncontrolled,fb31d00b8d788c7c,Bacterial Spot
Z:\Projects\Smart-Farming\Datasets\final_combined_datasets\TLCE\BS\TLCE_BS_0232.JPG,Tomato,BS,uncontrolled,b9bcd14bc325c952,Bacterial Spot
Z:\Projects\Smart-Farming\Datasets\final_combined_datasets\TLCE\BS\TLCE_BS_0233.JPG,Tomato,BS,uncontrolled,afb2e4c2c28f8659,Bacterial Spot
Z:\Projects\Smart-Farming\Datasets\final_combined_datasets\TLCE\BS\TLCE_BS_0234.JPG,Tomato,BS,uncontrolled,fc61ca9787589685,Bacterial Spot
Z:\Projects\Smart-Farming\Datasets\final_combined_datasets\TLCE\BS\TLCE_BS_0235.JPG,Tomato,BS,uncontrolled,bf13c07bc5603bc1,Bacterial Spot
Z:\Projects\Smart-Farming\Datasets\final_combined_datasets\TLCE\BS\TLCE_BS_0236.JPG,Tomato,BS,uncontrolled,e9b6d30bcaf80d28,Bacterial Spot
Z:\Projects\Smart-Farming\Datasets\final_combined_datasets\TLCE\BS\TLCE_BS_0237.JPG,Tomato,BS,uncontrolled,fbb2e051874ade0a,Bacterial Spot
Z:\Projects\Smart-Farming\Datasets\final_combined_datasets\TLCE\BS\TLCE_BS_0238.JPG,Tomato,BS,uncontrolled,f38565cc8cb19b29,Bacterial Spot
Z:\Projects\Smart-Farming\Datasets\final_combined_datasets\TLCE\BS\TLCE_BS_0239.JPG,Tomato,BS,uncontrolled,a99ef970c2638e61,Bacterial Spot
Z:\Projects\Smart-Farming\Datasets\final_combined_datasets\TLCE\BS\TLCE_BS_0240.JPG,Tomato,BS,uncontrolled,93aa6895254fb66c,Bacterial Spot
Z:\Projects\Smart-Farming\Datasets\final_combined_datasets\TLCE\BS\TLCE_BS_0241.JPG,Tomato,BS,uncontrolled,cfb930c662c9955a,Bacterial Spot
Z:\Projects\Smart-Farming\Datasets\final_combined_datasets\TLCE\BS\TLCE_BS_0242.JPG,Tomato,BS,uncontrolled,bc4bc22ec91ec978,Bacterial Spot
Z:\Projects\Smart-Farming\Datasets\final_combined_datasets\TLCE\BS\TLCE_BS_0243.JPG,Tomato,BS,uncontrolled,fbe0c50f841e963a,Bacterial Spot
Z:\Projects\Smart-Farming\Datasets\final_combined_datasets\TLCE\BS\TLCE_BS_0244.JPG,Tomato,BS,uncontrolled,bf74d04bc02dcb34,Bacterial Spot
Z:\Projects\Smart-Farming\Datasets\final_combined_datasets\TLCE\BS\TLCE_BS_0245.JPG,Tomato,BS,uncontrolled,b8478760863ed63b,Bacterial Spot
Z:\Projects\Smart-Farming\Datasets\final_combined_datasets\TLCE\BS\TLCE_BS_0246.JPG,Tomato,BS,uncontrolled,adc1d46f9d1ac039,Bacterial Spot
Z:\Projects\Smart-Farming\Datasets\final_combined_datasets\TLCE\BS\TLCE_BS_0247.JPG,Tomato,BS,uncontrolled,fae3851ed03a8378,Bacterial Spot
Z:\Projects\Smart-Farming\Datasets\final_combined_datasets\TLCE\BS\TLCE_BS_0248.JPG,Tomato,BS,uncontrolled,fde3a11696609c8b,Bacterial Spot
Z:\Projects\Smart-Farming\Datasets\final_combined_datasets\TLCE\BS\TLCE_BS_0249.JPG,Tomato,BS,uncontrolled,ad94d45ac3698f68,Bacterial Spot
Z:\Projects\Smart-Farming\Datasets\final_combined_datasets\TLCE\BS\TLCE_BS_0250.JPG,Tomato,BS,uncontrolled,ece3141c871fce98,Bacterial Spot
Z:\Projects\Smart-Farming\Datasets\final_combined_datasets\TLCE\BS\TLCE_BS_0251.JPG,Tomato,BS,uncontrolled,aae4950eda98d999,Bacterial Spot
Z:\Projects\Smart-Farming\Datasets\final_combined_datasets\TLCE\BS\TLCE_BS_0252.JPG,Tomato,BS,uncontrolled,a8f1d39a4d6c3466,Bacterial Spot
Z:\Projects\Smart-Farming\Datasets\final_combined_datasets\TLCE\BS\TLCE_BS_0253.JPG,Tomato,BS,uncontrolled,ba79942fcab40dc2,Bacterial Spot
Z:\Projects\Smart-Farming\Datasets\final_combined_datasets\TLCE\BS\TLCE_BS_0254.JPG,Tomato,BS,uncontrolled,eba5971e98198d68,Bacterial Spot
Z:\Projects\Smart-Farming\Datasets\final_combined_datasets\TLCE\BS\TLCE_BS_0255.JPG,Tomato,BS,uncontrolled,fe1ec4314cb29267,Bacterial Spot
Z:\Projects\Smart-Farming\Datasets\final_combined_datasets\TLCE\BS\TLCE_BS_0256.JPG,Tomato,BS,uncontrolled,b83cdac6904f87b4,Bacterial Spot
Z:\Projects\Smart-Farming\Datasets\final_combined_datasets\TLCE\BS\TLCE_BS_0257.JPG,Tomato,BS,uncontrolled,bae4a506978eda19,Bacterial Spot
Z:\Projects\Smart-Farming\Datasets\final_combined_datasets\TLCE\BS\TLCE_BS_0258.JPG,Tomato,BS,uncontrolled,eda6c2de9d18c849,Bacterial Spot
Z:\Projects\Smart-Farming\Datasets\final_combined_datasets\TLCE\BS\TLCE_BS_0259.JPG,Tomato,BS,uncontrolled,aab0c31a8fdd9c8c,Bacterial Spot
Z:\Projects\Smart-Farming\Datasets\final_combined_datasets\TLCE\BS\TLCE_BS_0260.JPG,Tomato,BS,uncontrolled,da99254ab66d5a26,Bacterial Spot
Z:\Projects\Smart-Farming\Datasets\final_combined_datasets\TLCE\BS\TLCE_BS_0261.JPG,Tomato,BS,uncontrolled,adb4d2c6870fd8a8,Bacterial Spot
Z:\Projects\Smart-Farming\Datasets\final_combined_datasets\TLCE\BS\TLCE_BS_0262.JPG,Tomato,BS,uncontrolled,eae4a41e965ad839,Bacterial Spot
Z:\Projects\Smart-Farming\Datasets\final_combined_datasets\TLCE\BS\TLCE_BS_0263.JPG,Tomato,BS,uncontrolled,bab4910bdb69847c,Bacterial Spot
Z:\Projects\Smart-Farming\Datasets\final_combined_datasets\TLCE\BS\TLCE_BS_0264.JPG,Tomato,BS,uncontrolled,fee1841f945c823d,Bacterial Spot
Z:\Projects\Smart-Farming\Datasets\final_combined_datasets\TLCE\BS\TLCE_BS_0265.JPG,Tomato,BS,uncontrolled,d94927fc64664a8e,Bacterial Spot
Z:\Projects\Smart-Farming\Datasets\final_combined_datasets\TLCE\BS\TLCE_BS_0266.JPG,Tomato,BS,uncontrolled,f6c78c1d91719730,Bacterial Spot
Z:\Projects\Smart-Farming\Datasets\final_combined_datasets\TLCE\BS\TLCE_BS_0267.JPG,Tomato,BS,uncontrolled,fea1c197864e9a38,Bacterial Spot
Z:\Projects\Smart-Farming\Datasets\final_combined_datasets\TLCE\BS\TLCE_BS_0268.JPG,Tomato,BS,uncontrolled,aac99f67c09e7908,Bacterial Spot
Z:\Projects\Smart-Farming\Datasets\final_combined_datasets\TLCE\BS\TLCE_BS_0269.JPG,Tomato,BS,uncontrolled,aa2df44495e29b87,Bacterial Spot
Z:\Projects\Smart-Farming\Datasets\final_combined_datasets\TLCE\BS\TLCE_BS_0270.JPG,Tomato,BS,uncontrolled,bf53e413d069c925,Bacterial Spot
Z:\Projects\Smart-Farming\Datasets\final_combined_datasets\TLCE\BS\TLCE_BS_0271.JPG,Tomato,BS,uncontrolled,adb4d40b966c9ab1,Bacterial Spot
Z:\Projects\Smart-Farming\Datasets\final_combined_datasets\TLCE\BS\TLCE_BS_0272.JPG,Tomato,BS,uncontrolled,fa72e10be1214be5,Bacterial Spot
Z:\Projects\Smart-Farming\Datasets\final_combined_datasets\TLCE\BS\TLCE_BS_0273.JPG,Tomato,BS,uncontrolled,aae6b496c39a0dc9,Bacterial Spot
Z:\Projects\Smart-Farming\Datasets\final_combined_datasets\TLCE\BS\TLCE_BS_0274.JPG,Tomato,BS,uncontrolled,f8e1a717c01e8778,Bacterial Spot
Z:\Projects\Smart-Farming\Datasets\final_combined_datasets\TLCE\BS\TLCE_BS_0275.JPG,Tomato,BS,uncontrolled,fcb8801f8ec08fc7,Bacterial Spot
Z:\Projects\Smart-Farming\Datasets\final_combined_datasets\TLCE\BS\TLCE_BS_0276.JPG,Tomato,BS,uncontrolled,ea41954ed43bd236,Bacterial Spot
Z:\Projects\Smart-Farming\Datasets\final_combined_datasets\TLCE\BS\TLCE_BS_0277.JPG,Tomato,BS,uncontrolled,b9b4d64a844bcdcc,Bacterial Spot
Z:\Projects\Smart-Farming\Datasets\final_combined_datasets\TLCE\BS\TLCE_BS_0278.JPG,Tomato,BS,uncontrolled,fca38337964e99c0,Bacterial Spot
Z:\Projects\Smart-Farming\Datasets\final_combined_datasets\TLCE\BS\TLCE_BS_0279.JPG,Tomato,BS,uncontrolled,fe46e16194128e6f,Bacterial Spot
Z:\Projects\Smart-Farming\Datasets\final_combined_datasets\TLCE\BS\TLCE_BS_0280.JPG,Tomato,BS,uncontrolled,af54d00bd14f837c,Bacterial Spot
Z:\Projects\Smart-Farming\Datasets\final_combined_datasets\TLCE\BS\TLCE_BS_0281.JPG,Tomato,BS,uncontrolled,fe14901f83789f31,Bacterial Spot
Z:\Projects\Smart-Farming\Datasets\final_combined_datasets\TLCE\BS\TLCE_BS_0282.JPG,Tomato,BS,uncontrolled,afb5d44ac168d28d,Bacterial Spot
Z:\Projects\Smart-Farming\Datasets\final_combined_datasets\TLCE\BS\TLCE_BS_0283.JPG,Tomato,BS,uncontrolled,f38d2cd20672996d,Bacterial Spot
Z:\Projects\Smart-Farming\Datasets\final_combined_datasets\TLCE\BS\TLCE_BS_0284.JPG,Tomato,BS,uncontrolled,bf659017c318633b,Bacterial Spot
Z:\Projects\Smart-Farming\Datasets\final_combined_datasets\TLCE\BS\TLCE_BS_0285.JPG,Tomato,BS,uncontrolled,f8ce838d94789e38,Bacterial Spot
Z:\Projects\Smart-Farming\Datasets\final_combined_datasets\TLCE\BS\TLCE_BS_0286.JPG,Tomato,BS,uncontrolled,acd3936ccd9638c1,Bacterial Spot
Z:\Projects\Smart-Farming\Datasets\final_combined_datasets\TLCE\BS\TLCE_BS_0287.JPG,Tomato,BS,uncontrolled,abb0919f835a9d68,Bacterial Spot
Z:\Projects\Smart-Farming\Datasets\final_combined_datasets\TLCE\BS\TLCE_BS_0288.JPG,Tomato,BS,uncontrolled,fab1c34e4ec89c45,Bacterial Spot
Z:\Projects\Smart-Farming\Datasets\final_combined_datasets\TLCE\BS\TLCE_BS_0289.JPG,Tomato,BS,uncontrolled,abe7d21b98d89198,Bacterial Spot
Z:\Projects\Smart-Farming\Datasets\final_combined_datasets\TLCE\BS\TLCE_BS_0290.JPG,Tomato,BS,uncontrolled,bf11d24bc16dd225,Bacterial Spot
Z:\Projects\Smart-Farming\Datasets\final_combined_datasets\TLCE\BS\TLCE_BS_0291.JPG,Tomato,BS,uncontrolled,fdc0c14f877c9c30,Bacterial Spot
Z:\Projects\Smart-Farming\Datasets\final_combined_datasets\TLCE\BS\TLCE_BS_0292.JPG,Tomato,BS,uncontrolled,bbdcc436c224cb6c,Bacterial Spot
Z:\Projects\Smart-Farming\Datasets\final_combined_datasets\TLCE\BS\TLCE_BS_0293.JPG,Tomato,BS,uncontrolled,b991d14aef24d613,Bacterial Spot
Z:\Projects\Smart-Farming\Datasets\final_combined_datasets\TLCE\BS\TLCE_BS_0294.JPG,Tomato,BS,uncontrolled,fce0c90fc5e88695,Bacterial Spot
Z:\Projects\Smart-Farming\Datasets\final_combined_datasets\TLCE\BS\TLCE_BS_0295.JPG,Tomato,BS,uncontrolled,ff31c01b8f681ca5,Bacterial Spot
Z:\Projects\Smart-Farming\Datasets\final_combined_datasets\TLCE\BS\TLCE_BS_0296.JPG,Tomato,BS,uncontrolled,ee75e01a9143f81e,Bacterial Spot
Z:\Projects\Smart-Farming\Datasets\final_combined_datasets\TLCE\BS\TLCE_BS_0297.JPG,Tomato,BS,uncontrolled,be10c03bc7689eec,Bacterial Spot
Z:\Projects\Smart-Farming\Datasets\final_combined_datasets\TLCE\BS\TLCE_BS_0298.JPG,Tomato,BS,uncontrolled,bb17917a9329c2b1,Bacterial Spot
Z:\Projects\Smart-Farming\Datasets\final_combined_datasets\TLCE\BS\TLCE_BS_0299.JPG,Tomato,BS,uncontrolled,ebe6960e994c8939,Bacterial Spot
Z:\Projects\Smart-Farming\Datasets\final_combined_datasets\TLCE\BS\TLCE_BS_0300.JPG,Tomato,BS,uncontrolled,ec3193db0dc694c9,Bacterial Spot
Z:\Projects\Smart-Farming\Datasets\final_combined_datasets\TLCE\BS\TLCE_BS_0301.JPG,Tomato,BS,uncontrolled,afb4c2cf9c48b0a5,Bacterial Spot
Z:\Projects\Smart-Farming\Datasets\final_combined_datasets\TLCE\BS\TLCE_BS_0302.JPG,Tomato,BS,uncontrolled,ad96da48c467c2a7,Bacterial Spot
Z:\Projects\Smart-Farming\Datasets\final_combined_datasets\TLCE\BS\TLCE_BS_0303.JPG,Tomato,BS,uncontrolled,eaa5c01ccfab92d8,Bacterial Spot
Z:\Projects\Smart-Farming\Datasets\final_combined_datasets\TLCE\BS\TLCE_BS_0304.JPG,Tomato,BS,uncontrolled,fc4ad02ecb342fc1,Bacterial Spot
Z:\Projects\Smart-Farming\Datasets\final_combined_datasets\TLCE\BS\TLCE_BS_0305.JPG,Tomato,BS,uncontrolled,eae4a5d69e4af009,Bacterial Spot
Z:\Projects\Smart-Farming\Datasets\final_combined_datasets\TLCE\BS\TLCE_BS_0306.JPG,Tomato,BS,uncontrolled,fca39395c4ccca68,Bacterial Spot
Z:\Projects\Smart-Farming\Datasets\final_combined_datasets\TLCE\BS\TLCE_BS_0307.JPG,Tomato,BS,uncontrolled,ad36d04b8bbdcc90,Bacterial Spot
Z:\Projects\Smart-Farming\Datasets\final_combined_datasets\TLCE\BS\TLCE_BS_0308.JPG,Tomato,BS,uncontrolled,fa872530933b38c7,Bacterial Spot
Z:\Projects\Smart-Farming\Datasets\final_combined_datasets\TLCE\BS\TLCE_BS_0309.JPG,Tomato,BS,uncontrolled,aae4944a9a6dd92d,Bacterial Spot
Z:\Projects\Smart-Farming\Datasets\final_combined_datasets\TLCE\BS\TLCE_BS_0310.JPG,Tomato,BS,uncontrolled,abe5845ed439d03c,Bacterial Spot
Z:\Projects\Smart-Farming\Datasets\final_combined_datasets\TLCE\BS\TLCE_BS_0311.JPG,Tomato,BS,uncontrolled,f964975ac83dc330,Bacterial Spot
Z:\Projects\Smart-Farming\Datasets\final_combined_datasets\TLCE\BS\TLCE_BS_0312.JPG,Tomato,BS,uncontrolled,eae0a59794949a37,Bacterial Spot
Z:\Projects\Smart-Farming\Datasets\final_combined_datasets\TLCE\BS\TLCE_BS_0313.JPG,Tomato,BS,uncontrolled,ebc1c51f86389339,Bacterial Spot
Z:\Projects\Smart-Farming\Datasets\final_combined_datasets\TLCE\BS\TLCE_BS_0314.JPG,Tomato,BS,uncontrolled,bc47c33b8738ca31,Bacterial Spot
Z:\Projects\Smart-Farming\Datasets\final_combined_datasets\TLCE\BS\TLCE_BS_0315.JPG,Tomato,BS,uncontrolled,d4aca74b9cc96334,Bacterial Spot
Z:\Projects\Smart-Farming\Datasets\final_combined_datasets\TLCE\BS\TLCE_BS_0316.JPG,Tomato,BS,uncontrolled,bbe0b01343bb8fc1,Bacterial Spot
Z:\Projects\Smart-Farming\Datasets\final_combined_datasets\TLCE\BS\TLCE_BS_0317.JPG,Tomato,BS,uncontrolled,abb0d043ab5d9d0e,Bacterial Spot
Z:\Projects\Smart-Farming\Datasets\final_combined_datasets\TLCE\BS\TLCE_BS_0318.JPG,Tomato,BS,uncontrolled,eab5c29a86783c69,Bacterial Spot
Z:\Projects\Smart-Farming\Datasets\final_combined_datasets\TLCE\BS\TLCE_BS_0319.JPG,Tomato,BS,uncontrolled,a1fe1ee1989b4334,Bacterial Spot
Z:\Projects\Smart-Farming\Datasets\final_combined_datasets\TLCE\BS\TLCE_BS_0320.JPG,Tomato,BS,uncontrolled,fe93c01b932c8e6c,Bacterial Spot
Z:\Projects\Smart-Farming\Datasets\final_combined_datasets\TLCE\BS\TLCE_BS_0321.JPG,Tomato,BS,uncontrolled,a9c4c50eda3d907e,Bacterial Spot
Z:\Projects\Smart-Farming\Datasets\final_combined_datasets\TLCE\BS\TLCE_BS_0322.JPG,Tomato,BS,uncontrolled,ea61c51f86789669,Bacterial Spot
Z:\Projects\Smart-Farming\Datasets\final_combined_datasets\TLCE\BS\TLCE_BS_0323.JPG,Tomato,BS,uncontrolled,eb42952fd0389f31,Bacterial Spot
Z:\Projects\Smart-Farming\Datasets\final_combined_datasets\TLCE\BS\TLCE_BS_0324.JPG,Tomato,BS,uncontrolled,fb608772942bd21d,Bacterial Spot
Z:\Projects\Smart-Farming\Datasets\final_combined_datasets\TLCE\BS\TLCE_BS_0325.JPG,Tomato,BS,uncontrolled,eb51e6a693269159,Bacterial Spot
Z:\Projects\Smart-Farming\Datasets\final_combined_datasets\TLCE\BS\TLCE_BS_0326.JPG,Tomato,BS,uncontrolled,abb492839f4b9139,Bacterial Spot
Z:\Projects\Smart-Farming\Datasets\final_combined_datasets\TLCE\BS\TLCE_BS_0327.JPG,Tomato,BS,uncontrolled,fea1a01f875e8278,Bacterial Spot
Z:\Projects\Smart-Farming\Datasets\final_combined_datasets\TLCE\BS\TLCE_BS_0328.JPG,Tomato,BS,uncontrolled,beb0d14b870dc63c,Bacterial Spot
Z:\Projects\Smart-Farming\Datasets\final_combined_datasets\TLCE\BS\TLCE_BS_0329.JPG,Tomato,BS,uncontrolled,a8e4c14a97a7da96,Bacterial Spot
Z:\Projects\Smart-Farming\Datasets\final_combined_datasets\TLCE\BS\TLCE_BS_0330.JPG,Tomato,BS,uncontrolled,aa65d4ceca9439c9,Bacterial Spot
Z:\Projects\Smart-Farming\Datasets\final_combined_datasets\TLCE\BS\TLCE_BS_0331.JPG,Tomato,BS,uncontrolled,f7c1e21f85b49e10,Bacterial Spot
Z:\Projects\Smart-Farming\Datasets\final_combined_datasets\TLCE\BS\TLCE_BS_0332.JPG,Tomato,BS,uncontrolled,d499eb86a5b0d625,Bacterial Spot
Z:\Projects\Smart-Farming\Datasets\final_combined_datasets\TLCE\BS\TLCE_BS_0333.JPG,Tomato,BS,uncontrolled,9cfc70d30333c723,Bacterial Spot
Z:\Projects\Smart-Farming\Datasets\final_combined_datasets\TLCE\BS\TLCE_BS_0334.JPG,Tomato,BS,uncontrolled,e9e5855ecc19d09c,Bacterial Spot
Z:\Projects\Smart-Farming\Datasets\final_combined_datasets\TLCE\BS\TLCE_BS_0335.JPG,Tomato,BS,uncontrolled,af61d412c2bf4bd0,Bacterial Spot
Z:\Projects\Smart-Farming\Datasets\final_combined_datasets\TLCE\BS\TLCE_BS_0336.JPG,Tomato,BS,uncontrolled,eba5851ede1a8178,Bacterial Spot
Z:\Projects\Smart-Farming\Datasets\final_combined_datasets\TLCE\BS\TLCE_BS_0337.JPG,Tomato,BS,uncontrolled,eac885b5856a87ad,Bacterial Spot
Z:\Projects\Smart-Farming\Datasets\final_combined_datasets\TLCE\BS\TLCE_BS_0338.JPG,Tomato,BS,uncontrolled,af41d23f85681fa1,Bacterial Spot
Z:\Projects\Smart-Farming\Datasets\final_combined_datasets\TLCE\BS\TLCE_BS_0339.JPG,Tomato,BS,uncontrolled,daf26f4c2189356c,Bacterial Spot
Z:\Projects\Smart-Farming\Datasets\final_combined_datasets\TLCE\BS\TLCE_BS_0340.JPG,Tomato,BS,uncontrolled,ebf185179898c94d,Bacterial Spot
Z:\Projects\Smart-Farming\Datasets\final_combined_datasets\TLCE\BS\TLCE_BS_0341.JPG,Tomato,BS,uncontrolled,dea929c53462b627,Bacterial Spot
Z:\Projects\Smart-Farming\Datasets\final_combined_datasets\TLCE\BS\TLCE_BS_0342.JPG,Tomato,BS,uncontrolled,fe249113d25ac379,Bacterial Spot
Z:\Projects\Smart-Farming\Datasets\final_combined_datasets\TLCE\BS\TLCE_BS_0343.JPG,Tomato,BS,uncontrolled,eaeac5959e989894,Bacterial Spot
Z:\Projects\Smart-Farming\Datasets\final_combined_datasets\TLCE\BS\TLCE_BS_0344.JPG,Tomato,BS,uncontrolled,be30f14ec00fc36d,Bacterial Spot
Z:\Projects\Smart-Farming\Datasets\final_combined_datasets\TLCE\BS\TLCE_BS_0345.JPG,Tomato,BS,uncontrolled,e3e395369ec00e99,Bacterial Spot
Z:\Projects\Smart-Farming\Datasets\final_combined_datasets\TLCE\BS\TLCE_BS_0346.JPG,Tomato,BS,uncontrolled,aea1a5d6c21a9ab9,Bacterial Spot
Z:\Projects\Smart-Farming\Datasets\final_combined_datasets\TLCE\BS\TLCE_BS_0347.JPG,Tomato,BS,uncontrolled,abe0b587569ec898,Bacterial Spot
Z:\Projects\Smart-Farming\Datasets\final_combined_datasets\TLCE\BS\TLCE_BS_0348.JPG,Tomato,BS,uncontrolled,a992d04b956dcae6,Bacterial Spot
Z:\Projects\Smart-Farming\Datasets\final_combined_datasets\TLCE\BS\TLCE_BS_0349.JPG,Tomato,BS,uncontrolled,f885473ca6331bb1,Bacterial Spot
Z:\Projects\Smart-Farming\Datasets\final_combined_datasets\TLCE\BS\TLCE_BS_0350.JPG,Tomato,BS,uncontrolled,b4cec234cc33b9d2,Bacterial Spot
Z:\Projects\Smart-Farming\Datasets\final_combined_datasets\TLCE\BS\TLCE_BS_0351.JPG,Tomato,BS,uncontrolled,ffe08b17e41ad00b,Bacterial Spot
Z:\Projects\Smart-Farming\Datasets\final_combined_datasets\TLCE\BS\TLCE_BS_0352.JPG,Tomato,BS,uncontrolled,f5a306b835e75216,Bacterial Spot
Z:\Projects\Smart-Farming\Datasets\final_combined_datasets\TLCE\BS\TLCE_BS_0353.JPG,Tomato,BS,uncontrolled,a99577d24cc3cc8c,Bacterial Spot
Z:\Projects\Smart-Farming\Datasets\final_combined_datasets\TLCE\BS\TLCE_BS_0354.JPG,Tomato,BS,uncontrolled,e4a486169a789f79,Bacterial Spot
Z:\Projects\Smart-Farming\Datasets\final_combined_datasets\TLCE\BS\TLCE_BS_0355.JPG,Tomato,BS,uncontrolled,fcf08719d03cc399,Bacterial Spot
Z:\Projects\Smart-Farming\Datasets\final_combined_datasets\TLCE\BS\TLCE_BS_0356.JPG,Tomato,BS,uncontrolled,aab5b542d2acc237,Bacterial Spot
Z:\Projects\Smart-Farming\Datasets\final_combined_datasets\TLCE\BS\TLCE_BS_0357.JPG,Tomato,BS,uncontrolled,efe0c49e98388979,Bacterial Spot
Z:\Projects\Smart-Farming\Datasets\final_combined_datasets\TLCE\BS\TLCE_BS_0358.JPG,Tomato,BS,uncontrolled,b9e3469c619b1ae4,Bacterial Spot
Z:\Projects\Smart-Farming\Datasets\final_combined_datasets\TLCE\BS\TLCE_BS_0359.JPG,Tomato,BS,uncontrolled,f8a9d1d66652c54a,Bacterial Spot
Z:\Projects\Smart-Farming\Datasets\final_combined_datasets\TLCE\BS\TLCE_BS_0360.JPG,Tomato,BS,uncontrolled,fae591ca870dd229,Bacterial Spot
Z:\Projects\Smart-Farming\Datasets\final_combined_datasets\TLCE\BS\TLCE_BS_0361.JPG,Tomato,BS,uncontrolled,eba5e5469ed4809a,Bacterial Spot
Z:\Projects\Smart-Farming\Datasets\final_combined_datasets\TLCE\BS\TLCE_BS_0362.JPG,Tomato,BS,uncontrolled,eab4c01b8be99479,Bacterial Spot
Z:\Projects\Smart-Farming\Datasets\final_combined_datasets\TLCE\BS\TLCE_BS_0363.JPG,Tomato,BS,uncontrolled,fee1e055870ed898,Bacterial Spot
Z:\Projects\Smart-Farming\Datasets\final_combined_datasets\TLCE\BS\TLCE_BS_0364.JPG,Tomato,BS,uncontrolled,ba8d8952a762e46b,Bacterial Spot
Z:\Projects\Smart-Farming\Datasets\final_combined_datasets\TLCE\BS\TLCE_BS_0365.JPG,Tomato,BS,uncontrolled,a9e3d68cde8849c9,Bacterial Spot
Z:\Projects\Smart-Farming\Datasets\final_combined_datasets\TLCE\BS\TLCE_BS_0366.JPG,Tomato,BS,uncontrolled,cf2925d43ada938a,Bacterial Spot
Z:\Projects\Smart-Farming\Datasets\final_combined_datasets\TLCE\BS\TLCE_BS_0367.JPG,Tomato,BS,uncontrolled,be51c149c136c76e,Bacterial Spot
Z:\Projects\Smart-Farming\Datasets\final_combined_datasets\TLCE\BS\TLCE_BS_0368.JPG,Tomato,BS,uncontrolled,ffaae00d87d4aca0,Bacterial Spot
Z:\Projects\Smart-Farming\Datasets\final_combined_datasets\TLCE\BS\TLCE_BS_0369.JPG,Tomato,BS,uncontrolled,a9d5d2da49cd4c64,Bacterial Spot
Z:\Projects\Smart-Farming\Datasets\final_combined_datasets\TLCE\BS\TLCE_BS_0370.JPG,Tomato,BS,uncontrolled,f890835fe20bc56d,Bacterial Spot
Z:\Projects\Smart-Farming\Datasets\final_combined_datasets\TLCE\BS\TLCE_BS_0371.JPG,Tomato,BS,uncontrolled,abe1954e903dd23c,Bacterial Spot
Z:\Projects\Smart-Farming\Datasets\final_combined_datasets\TLCE\BS\TLCE_BS_0372.JPG,Tomato,BS,uncontrolled,aaa7851e986ad569,Bacterial Spot
Z:\Projects\Smart-Farming\Datasets\final_combined_datasets\TLCE\BS\TLCE_BS_0373.JPG,Tomato,BS,uncontrolled,fbe18317c4789ec0,Bacterial Spot
Z:\Projects\Smart-Farming\Datasets\final_combined_datasets\TLCE\BS\TLCE_BS_0374.JPG,Tomato,BS,uncontrolled,abc1952dd47c83b1,Bacterial Spot
Z:\Projects\Smart-Farming\Datasets\final_combined_datasets\TLCE\BS\TLCE_BS_0375.JPG,Tomato,BS,uncontrolled,bfb2c04b93c18d4d,Bacterial Spot
Z:\Projects\Smart-Farming\Datasets\final_combined_datasets\TLCE\BS\TLCE_BS_0376.JPG,Tomato,BS,uncontrolled,ad6df68180b68f32,Bacterial Spot
Z:\Projects\Smart-Farming\Datasets\final_combined_datasets\TLCE\BS\TLCE_BS_0377.JPG,Tomato,BS,uncontrolled,988aaf6741967738,Bacterial Spot
Z:\Projects\Smart-Farming\Datasets\final_combined_datasets\TLCE\BS\TLCE_BS_0378.JPG,Tomato,BS,uncontrolled,aa33b542d22fca35,Bacterial Spot
Z:\Projects\Smart-Farming\Datasets\final_combined_datasets\TLCE\BS\TLCE_BS_0379.JPG,Tomato,BS,uncontrolled,e945875ad439c23d,Bacterial Spot
Z:\Projects\Smart-Farming\Datasets\final_combined_datasets\TLCE\BS\TLCE_BS_0380.JPG,Tomato,BS,uncontrolled,fee0c48786dcca19,Bacterial Spot
Z:\Projects\Smart-Farming\Datasets\final_combined_datasets\TLCE\BS\TLCE_BS_0381.JPG,Tomato,BS,uncontrolled,f0b303e91cc99cec,Bacterial Spot
Z:\Projects\Smart-Farming\Datasets\final_combined_datasets\TLCE\BS\TLCE_BS_0382.JPG,Tomato,BS,uncontrolled,abb1914b81eddac4,Bacterial Spot
Z:\Projects\Smart-Farming\Datasets\final_combined_datasets\TLCE\BS\TLCE_BS_0383.JPG,Tomato,BS,uncontrolled,ffbcd058884c8f64,Bacterial Spot
Z:\Projects\Smart-Farming\Datasets\final_combined_datasets\TLCE\BS\TLCE_BS_0384.JPG,Tomato,BS,uncontrolled,bae6868dda0e6998,Bacterial Spot
Z:\Projects\Smart-Farming\Datasets\final_combined_datasets\TLCE\BS\TLCE_BS_0385.JPG,Tomato,BS,uncontrolled,fdb0c217ce588758,Bacterial Spot
Z:\Projects\Smart-Farming\Datasets\final_combined_datasets\TLCE\BS\TLCE_BS_0386.JPG,Tomato,BS,uncontrolled,ffe4c41e821bd858,Bacterial Spot
Z:\Projects\Smart-Farming\Datasets\final_combined_datasets\TLCE\BS\TLCE_BS_0387.JPG,Tomato,BS,uncontrolled,a8e7869c4cd99993,Bacterial Spot
Z:\Projects\Smart-Farming\Datasets\final_combined_datasets\TLCE\BS\TLCE_BS_0388.JPG,Tomato,BS,uncontrolled,fae1841fda98c9e0,Bacterial Spot
Z:\Projects\Smart-Farming\Datasets\final_combined_datasets\TLCE\BS\TLCE_BS_0389.JPG,Tomato,BS,uncontrolled,ede1c01f94389373,Bacterial Spot
Z:\Projects\Smart-Farming\Datasets\final_combined_datasets\TLCE\BS\TLCE_BS_0390.JPG,Tomato,BS,uncontrolled,eae7871c941c93f0,Bacterial Spot
Z:\Projects\Smart-Farming\Datasets\final_combined_datasets\TLCE\BS\TLCE_BS_0391.JPG,Tomato,BS,uncontrolled,f960971ed03c4b8d,Bacterial Spot
Z:\Projects\Smart-Farming\Datasets\final_combined_datasets\TLCE\BS\TLCE_BS_0392.JPG,Tomato,BS,uncontrolled,eace84f1911c873b,Bacterial Spot
Z:\Projects\Smart-Farming\Datasets\final_combined_datasets\TLCE\BS\TLCE_BS_0393.JPG,Tomato,BS,uncontrolled,bf9dc84ee4615921,Bacterial Spot
Z:\Projects\Smart-Farming\Datasets\final_combined_datasets\TLCE\BS\TLCE_BS_0394.JPG,Tomato,BS,uncontrolled,aff0828fda4c9cc8,Bacterial Spot
Z:\Projects\Smart-Farming\Datasets\final_combined_datasets\TLCE\BS\TLCE_BS_0395.JPG,Tomato,BS,uncontrolled,a9d895e5d227d21a,Bacterial Spot
Z:\Projects\Smart-Farming\Datasets\final_combined_datasets\TLCE\BS\TLCE_BS_0396.JPG,Tomato,BS,uncontrolled,aab29583ca4bcd3c,Bacterial Spot
Z:\Projects\Smart-Farming\Datasets\final_combined_datasets\TLCE\BS\TLCE_BS_0397.JPG,Tomato,BS,uncontrolled,a1f9c6c8960eda95,Bacterial Spot
Z:\Projects\Smart-Farming\Datasets\final_combined_datasets\TLCE\BS\TLCE_BS_0398.JPG,Tomato,BS,uncontrolled,ffe1851fd4388119,Bacterial Spot
Z:\Projects\Smart-Farming\Datasets\final_combined_datasets\TLCE\BS\TLCE_BS_0399.JPG,Tomato,BS,uncontrolled,eae1c5969cdc9131,Bacterial Spot
Z:\Projects\Smart-Farming\Datasets\final_combined_datasets\TLCE\BS\TLCE_BS_0400.JPG,Tomato,BS,uncontrolled,b970d027c23e4f93,Bacterial Spot
Z:\Projects\Smart-Farming\Datasets\final_combined_datasets\TLCE\BS\TLCE_BS_0401.JPG,Tomato,BS,uncontrolled,fca5c25413c21b9f,Bacterial Spot
Z:\Projects\Smart-Farming\Datasets\final_combined_datasets\TLCE\BS\TLCE_BS_0402.JPG,Tomato,BS,uncontrolled,afb4d04be10dc237,Bacterial Spot
Z:\Projects\Smart-Farming\Datasets\final_combined_datasets\TLCE\BS\TLCE_BS_0403.JPG,Tomato,BS,uncontrolled,feb1c059c00fc71e,Bacterial Spot
Z:\Projects\Smart-Farming\Datasets\final_combined_datasets\TLCE\BS\TLCE_BS_0404.JPG,Tomato,BS,uncontrolled,b847b1789368d38d,Bacterial Spot
Z:\Projects\Smart-Farming\Datasets\final_combined_datasets\TLCE\BS\TLCE_BS_0405.JPG,Tomato,BS,uncontrolled,bf73900bd30dc83c,Bacterial Spot
Z:\Projects\Smart-Farming\Datasets\final_combined_datasets\TLCE\BS\TLCE_BS_0406.JPG,Tomato,BS,uncontrolled,abe39486934eca9c,Bacterial Spot
Z:\Projects\Smart-Farming\Datasets\final_combined_datasets\TLCE\BS\TLCE_BS_0407.JPG,Tomato,BS,uncontrolled,ae65e443c45a874f,Bacterial Spot
Z:\Projects\Smart-Farming\Datasets\final_combined_datasets\TLCE\BS\TLCE_BS_0408.JPG,Tomato,BS,uncontrolled,f861919ee4ad16c6,Bacterial Spot
Z:\Projects\Smart-Farming\Datasets\final_combined_datasets\TLCE\BS\TLCE_BS_0409.JPG,Tomato,BS,uncontrolled,da6c6492329ed333,Bacterial Spot
Z:\Projects\Smart-Farming\Datasets\final_combined_datasets\TLCE\BS\TLCE_BS_0410.JPG,Tomato,BS,uncontrolled,a827bd5a946952b5,Bacterial Spot
Z:\Projects\Smart-Farming\Datasets\final_combined_datasets\TLCE\BS\TLCE_BS_0411.JPG,Tomato,BS,uncontrolled,8af2a5cd1ec8cd94,Bacterial Spot
Z:\Projects\Smart-Farming\Datasets\final_combined_datasets\TLCE\BS\TLCE_BS_0412.JPG,Tomato,BS,uncontrolled,d38c64b238e35bb8,Bacterial Spot
Z:\Projects\Smart-Farming\Datasets\final_combined_datasets\TLCE\BS\TLCE_BS_0413.JPG,Tomato,BS,uncontrolled,acf2930e4bb524cb,Bacterial Spot
Z:\Projects\Smart-Farming\Datasets\final_combined_datasets\TLCE\BS\TLCE_BS_0414.JPG,Tomato,BS,uncontrolled,eac8c5d392b5b494,Bacterial Spot
Z:\Projects\Smart-Farming\Datasets\final_combined_datasets\TLCE\BS\TLCE_BS_0415.JPG,Tomato,BS,uncontrolled,ece78716ca18d139,Bacterial Spot
Z:\Projects\Smart-Farming\Datasets\final_combined_datasets\TLCE\BS\TLCE_BS_0416.JPG,Tomato,BS,uncontrolled,add412cb976592a6,Bacterial Spot
Z:\Projects\Smart-Farming\Datasets\final_combined_datasets\TLCE\BS\TLCE_BS_0417.JPG,Tomato,BS,uncontrolled,be90955fc94dc226,Bacterial Spot
Z:\Projects\Smart-Farming\Datasets\final_combined_datasets\TLCE\BS\TLCE_BS_0418.JPG,Tomato,BS,uncontrolled,ade1d40f9ab49b30,Bacterial Spot
Z:\Projects\Smart-Farming\Datasets\final_combined_datasets\TLCE\BS\TLCE_BS_0419.JPG,Tomato,BS,uncontrolled,aa9f94489465dab6,Bacterial Spot
Z:\Projects\Smart-Farming\Datasets\final_combined_datasets\TLCE\BS\TLCE_BS_0420.JPG,Tomato,BS,uncontrolled,f1e1933199b21ad3,Bacterial Spot
Z:\Projects\Smart-Farming\Datasets\final_combined_datasets\TLCE\BS\TLCE_BS_0421.JPG,Tomato,BS,uncontrolled,ab36d149896a96e5,Bacterial Spot
Z:\Projects\Smart-Farming\Datasets\final_combined_datasets\TLCE\BS\TLCE_BS_0422.JPG,Tomato,BS,uncontrolled,afb0b187d28acb0d,Bacterial Spot
Z:\Projects\Smart-Farming\Datasets\final_combined_datasets\TLCE\BS\TLCE_BS_0423.JPG,Tomato,BS,uncontrolled,ee94815ec33685f8,Bacterial Spot
Z:\Projects\Smart-Farming\Datasets\final_combined_datasets\TLCE\BS\TLCE_BS_0424.JPG,Tomato,BS,uncontrolled,adc5c60a953dda31,Bacterial Spot
Z:\Projects\Smart-Farming\Datasets\final_combined_datasets\TLCE\BS\TLCE_BS_0425.JPG,Tomato,BS,uncontrolled,ba34f04a99bf9264,Bacterial Spot
Z:\Projects\Smart-Farming\Datasets\final_combined_datasets\TLCE\BS\TLCE_BS_0426.JPG,Tomato,BS,uncontrolled,f6a38b1e8c589ee0,Bacterial Spot
Z:\Projects\Smart-Farming\Datasets\final_combined_datasets\TLCE\BS\TLCE_BS_0427.JPG,Tomato,BS,uncontrolled,eae4859e9c4a9959,Bacterial Spot
Z:\Projects\Smart-Farming\Datasets\final_combined_datasets\TLCE\BS\TLCE_BS_0428.JPG,Tomato,BS,uncontrolled,fcac83d3974a1a25,Bacterial Spot
Z:\Projects\Smart-Farming\Datasets\final_combined_datasets\TLCE\BS\TLCE_BS_0429.JPG,Tomato,BS,uncontrolled,f58ae00f2585bcf4,Bacterial Spot
Z:\Projects\Smart-Farming\Datasets\final_combined_datasets\TLCE\BS\TLCE_BS_0430.JPG,Tomato,BS,uncontrolled,ffe0e151c41e872a,Bacterial Spot
Z:\Projects\Smart-Farming\Datasets\final_combined_datasets\TLCE\BS\TLCE_BS_0431.JPG,Tomato,BS,uncontrolled,a6c4954bd8b5c972,Bacterial Spot
Z:\Projects\Smart-Farming\Datasets\final_combined_datasets\TLCE\BS\TLCE_BS_0432.JPG,Tomato,BS,uncontrolled,ffb1c05a81498fc6,Bacterial Spot
Z:\Projects\Smart-Farming\Datasets\final_combined_datasets\TLCE\BS\TLCE_BS_0433.JPG,Tomato,BS,uncontrolled,feb0f04b832ecd84,Bacterial Spot
Z:\Projects\Smart-Farming\Datasets\final_combined_datasets\TLCE\BS\TLCE_BS_0434.JPG,Tomato,BS,uncontrolled,ab95c46ab56dda01,Bacterial Spot
Z:\Projects\Smart-Farming\Datasets\final_combined_datasets\TLCE\BS\TLCE_BS_0435.JPG,Tomato,BS,uncontrolled,aa96d2b448799e65,Bacterial Spot
Z:\Projects\Smart-Farming\Datasets\final_combined_datasets\TLCE\BS\TLCE_BS_0436.JPG,Tomato,BS,uncontrolled,be91c123cf4e8c6c,Bacterial Spot
Z:\Projects\Smart-Farming\Datasets\final_combined_datasets\TLCE\BS\TLCE_BS_0437.JPG,Tomato,BS,uncontrolled,abe9859d90177b60,Bacterial Spot
Z:\Projects\Smart-Farming\Datasets\final_combined_datasets\TLCE\BS\TLCE_BS_0438.JPG,Tomato,BS,uncontrolled,f8d607cfc3612634,Bacterial Spot
Z:\Projects\Smart-Farming\Datasets\final_combined_datasets\TLCE\BS\TLCE_BS_0439.JPG,Tomato,BS,uncontrolled,adf4c387cc1a9178,Bacterial Spot
Z:\Projects\Smart-Farming\Datasets\final_combined_datasets\TLCE\BS\TLCE_BS_0440.JPG,Tomato,BS,uncontrolled,fca1c35e87489a2d,Bacterial Spot
Z:\Projects\Smart-Farming\Datasets\final_combined_datasets\TLCE\BS\TLCE_BS_0441.JPG,Tomato,BS,uncontrolled,feb9d01783ce8948,Bacterial Spot
Z:\Projects\Smart-Farming\Datasets\final_combined_datasets\TLCE\BS\TLCE_BS_0442.JPG,Tomato,BS,uncontrolled,f8e1871fd00eca9c,Bacterial Spot
Z:\Projects\Smart-Farming\Datasets\final_combined_datasets\TLCE\BS\TLCE_BS_0443.JPG,Tomato,BS,uncontrolled,ef17c0785a6399c4,Bacterial Spot
Z:\Projects\Smart-Farming\Datasets\final_combined_datasets\TLCE\BS\TLCE_BS_0444.JPG,Tomato,BS,uncontrolled,ec2dab3485719873,Bacterial Spot
Z:\Projects\Smart-Farming\Datasets\final_combined_datasets\TLCE\BS\TLCE_BS_0445.JPG,Tomato,BS,uncontrolled,afb1d2ca810fd42d,Bacterial Spot
Z:\Projects\Smart-Farming\Datasets\final_combined_datasets\TLCE\BS\TLCE_BS_0446.JPG,Tomato,BS,uncontrolled,9e8e646d26b61b32,Bacterial Spot
Z:\Projects\Smart-Farming\Datasets\final_combined_datasets\TLCE\BS\TLCE_BS_0447.JPG,Tomato,BS,uncontrolled,aab5b648912dd627,Bacterial Spot
Z:\Projects\Smart-Farming\Datasets\final_combined_datasets\TLCE\BS\TLCE_BS_0448.JPG,Tomato,BS,uncontrolled,ad91964fc178d46a,Bacterial Spot
Z:\Projects\Smart-Farming\Datasets\final_combined_datasets\TLCE\BS\TLCE_BS_0449.JPG,Tomato,BS,uncontrolled,f1e28e9cdd389207,Bacterial Spot
Z:\Projects\Smart-Farming\Datasets\final_combined_datasets\TLCE\BS\TLCE_BS_0450.JPG,Tomato,BS,uncontrolled,c89926cf312c4fa7,Bacterial Spot
Z:\Projects\Smart-Farming\Datasets\final_combined_datasets\TLCE\BS\TLCE_BS_0451.JPG,Tomato,BS,uncontrolled,ea43843e87789b65,Bacterial Spot
Z:\Projects\Smart-Farming\Datasets\final_combined_datasets\TLCE\BS\TLCE_BS_0452.JPG,Tomato,BS,uncontrolled,bab5cd40358bcc5a,Bacterial Spot
Z:\Projects\Smart-Farming\Datasets\final_combined_datasets\TLCE\BS\TLCE_BS_0453.JPG,Tomato,BS,uncontrolled,aaa594569b4acd2d,Bacterial Spot
Z:\Projects\Smart-Farming\Datasets\final_combined_datasets\TLCE\BS\TLCE_BS_0454.JPG,Tomato,BS,uncontrolled,aaf1954a9f6cd02c,Bacterial Spot
Z:\Projects\Smart-Farming\Datasets\final_combined_datasets\TLCE\BS\TLCE_BS_0455.JPG,Tomato,BS,uncontrolled,beb2d04bca258d5a,Bacterial Spot
Z:\Projects\Smart-Farming\Datasets\final_combined_datasets\TLCE\BS\TLCE_BS_0456.JPG,Tomato,BS,uncontrolled,fca2914f821cd9bc,Bacterial Spot
Z:\Projects\Smart-Farming\Datasets\final_combined_datasets\TLCE\BS\TLCE_BS_0457.JPG,Tomato,BS,uncontrolled,eb1c956ad2638a27,Bacterial Spot
Z:\Projects\Smart-Farming\Datasets\final_combined_datasets\TLCE\BS\TLCE_BS_0458.JPG,Tomato,BS,uncontrolled,ab68d5859ed28cd2,Bacterial Spot
Z:\Projects\Smart-Farming\Datasets\final_combined_datasets\TLCE\BS\TLCE_BS_0459.JPG,Tomato,BS,uncontrolled,eec985ce96189ae1,Bacterial Spot
Z:\Projects\Smart-Farming\Datasets\final_combined_datasets\TLCE\BS\TLCE_BS_0460.JPG,Tomato,BS,uncontrolled,f09883d3cc2ec765,Bacterial Spot
Z:\Projects\Smart-Farming\Datasets\final_combined_datasets\TLCE\BS\TLCE_BS_0461.JPG,Tomato,BS,uncontrolled,a0b1e6e38795d8d2,Bacterial Spot
Z:\Projects\Smart-Farming\Datasets\final_combined_datasets\TLCE\BS\TLCE_BS_0462.JPG,Tomato,BS,uncontrolled,ade0924bdb2dc91c,Bacterial Spot
Z:\Projects\Smart-Farming\Datasets\final_combined_datasets\TLCE\BS\TLCE_BS_0463.JPG,Tomato,BS,uncontrolled,a717d279c9e18c86,Bacterial Spot
Z:\Projects\Smart-Farming\Datasets\final_combined_datasets\TLCE\BS\TLCE_BS_0464.JPG,Tomato,BS,uncontrolled,b47ec36987664193,Bacterial Spot
Z:\Projects\Smart-Farming\Datasets\final_combined_datasets\TLCE\BS\TLCE_BS_0465.JPG,Tomato,BS,uncontrolled,aa1df57a90e189c3,Bacterial Spot
Z:\Projects\Smart-Farming\Datasets\final_combined_datasets\TLCE\BS\TLCE_BS_0466.JPG,Tomato,BS,uncontrolled,aab7e1c6cdd80662,Bacterial Spot
Z:\Projects\Smart-Farming\Datasets\final_combined_datasets\TLCE\BS\TLCE_BS_0467.JPG,Tomato,BS,uncontrolled,aae58516de0aca5b,Bacterial Spot
Z:\Projects\Smart-Farming\Datasets\final_combined_datasets\TLCE\BS\TLCE_BS_0468.JPG,Tomato,BS,uncontrolled,8e2432d339cdce8d,Bacterial Spot
Z:\Projects\Smart-Farming\Datasets\final_combined_datasets\TLCE\BS\TLCE_BS_0469.JPG,Tomato,BS,uncontrolled,af1cb03dc2724d93,Bacterial Spot
Z:\Projects\Smart-Farming\Datasets\final_combined_datasets\TLCE\BS\TLCE_BS_0470.JPG,Tomato,BS,uncontrolled,fab0a4439b87c7c2,Bacterial Spot
Z:\Projects\Smart-Farming\Datasets\final_combined_datasets\TLCE\BS\TLCE_BS_0471.JPG,Tomato,BS,uncontrolled,ebe3939948c98ccc,Bacterial Spot
Z:\Projects\Smart-Farming\Datasets\final_combined_datasets\TLCE\BS\TLCE_BS_0472.JPG,Tomato,BS,uncontrolled,8c663790db49cdb4,Bacterial Spot
Z:\Projects\Smart-Farming\Datasets\final_combined_datasets\TLCE\BS\TLCE_BS_0473.JPG,Tomato,BS,uncontrolled,ade4c24f9e9418f1,Bacterial Spot
Z:\Projects\Smart-Farming\Datasets\final_combined_datasets\TLCE\BS\TLCE_BS_0474.JPG,Tomato,BS,uncontrolled,af77b11aca25c984,Bacterial Spot
Z:\Projects\Smart-Farming\Datasets\final_combined_datasets\TLCE\BS\TLCE_BS_0475.JPG,Tomato,BS,uncontrolled,bb4fc13c1624723b,Bacterial Spot
Z:\Projects\Smart-Farming\Datasets\final_combined_datasets\TLCE\BS\TLCE_BS_0476.JPG,Tomato,BS,uncontrolled,eee2810f9ecc94c9,Bacterial Spot
Z:\Projects\Smart-Farming\Datasets\final_combined_datasets\TLCE\BS\TLCE_BS_0477.JPG,Tomato,BS,uncontrolled,ff609007c63eb23a,Bacterial Spot
Z:\Projects\Smart-Farming\Datasets\final_combined_datasets\TLCE\BS\TLCE_BS_0478.JPG,Tomato,BS,uncontrolled,bf4bc039c332cc33,Bacterial Spot
Z:\Projects\Smart-Farming\Datasets\final_combined_datasets\TLCE\BS\TLCE_BS_0479.JPG,Tomato,BS,uncontrolled,fec1859e96289a1d,Bacterial Spot
Z:\Projects\Smart-Farming\Datasets\final_combined_datasets\TLCE\BS\TLCE_BS_0480.JPG,Tomato,BS,uncontrolled,da29add4960b32cd,Bacterial Spot
Z:\Projects\Smart-Farming\Datasets\final_combined_datasets\TLCE\BS\TLCE_BS_0481.JPG,Tomato,BS,uncontrolled,ed35c71e94481ee1,Bacterial Spot
Z:\Projects\Smart-Farming\Datasets\final_combined_datasets\TLCE\BS\TLCE_BS_0482.JPG,Tomato,BS,uncontrolled,af9db06899339236,Bacterial Spot
Z:\Projects\Smart-Farming\Datasets\final_combined_datasets\TLCE\BS\TLCE_BS_0483.JPG,Tomato,BS,uncontrolled,af70854ade2bd02d,Bacterial Spot
Z:\Projects\Smart-Farming\Datasets\final_combined_datasets\TLCE\BS\TLCE_BS_0484.JPG,Tomato,BS,uncontrolled,d49e2b593c67112e,Bacterial Spot
Z:\Projects\Smart-Farming\Datasets\final_combined_datasets\TLCE\BS\TLCE_BS_0485.JPG,Tomato,BS,uncontrolled,efe2e48dce1e8038,Bacterial Spot
Z:\Projects\Smart-Farming\Datasets\final_combined_datasets\TLCE\BS\TLCE_BS_0486.JPG,Tomato,BS,uncontrolled,ebc28d95d03ed21a,Bacterial Spot
Z:\Projects\Smart-Farming\Datasets\final_combined_datasets\TLCE\BS\TLCE_BS_0487.JPG,Tomato,BS,uncontrolled,ab3d9452f349c9a4,Bacterial Spot
Z:\Projects\Smart-Farming\Datasets\final_combined_datasets\TLCE\BS\TLCE_BS_0488.JPG,Tomato,BS,uncontrolled,ad96da6990668765,Bacterial Spot
Z:\Projects\Smart-Farming\Datasets\final_combined_datasets\TLCE\BS\TLCE_BS_0489.JPG,Tomato,BS,uncontrolled,bab6d418d84dc4e6,Bacterial Spot
Z:\Projects\Smart-Farming\Datasets\final_combined_datasets\TLCE\BS\TLCE_BS_0490.JPG,Tomato,BS,uncontrolled,fec8821ff03b91b0,Bacterial Spot
Z:\Projects\Smart-Farming\Datasets\final_combined_datasets\TLCE\BS\TLCE_BS_0491.JPG,Tomato,BS,uncontrolled,f8a487de9d38c330,Bacterial Spot
Z:\Projects\Smart-Farming\Datasets\final_combined_datasets\TLCE\BS\TLCE_BS_0492.JPG,Tomato,BS,uncontrolled,ea17a572844e9769,Bacterial Spot
Z:\Projects\Smart-Farming\Datasets\final_combined_datasets\TLCE\BS\TLCE_BS_0493.JPG,Tomato,BS,uncontrolled,efe5c54392199998,Bacterial Spot
Z:\Projects\Smart-Farming\Datasets\final_combined_datasets\TLCE\BS\TLCE_BS_0494.JPG,Tomato,BS,uncontrolled,f7e3a3179c1a8238,Bacterial Spot
Z:\Projects\Smart-Farming\Datasets\final_combined_datasets\TLCE\BS\TLCE_BS_0495.JPG,Tomato,BS,uncontrolled,bc23c34ec565923d,Bacterial Spot
Z:\Projects\Smart-Farming\Datasets\final_combined_datasets\TLCE\BS\TLCE_BS_0496.JPG,Tomato,BS,uncontrolled,aaf4c1c38bce2a9c,Bacterial Spot
Z:\Projects\Smart-Farming\Datasets\final_combined_datasets\TLCE\BS\TLCE_BS_0497.JPG,Tomato,BS,uncontrolled,bd35c04b872dca1e,Bacterial Spot
Z:\Projects\Smart-Farming\Datasets\final_combined_datasets\TLCE\BS\TLCE_BS_0498.JPG,Tomato,BS,uncontrolled,bdf093cb8d781528,Bacterial Spot
Z:\Projects\Smart-Farming\Datasets\final_combined_datasets\TLCE\BS\TLCE_BS_0499.JPG,Tomato,BS,uncontrolled,ecd285c09e0ff12b,Bacterial Spot
Z:\Projects\Smart-Farming\Datasets\final_combined_datasets\TLCE\BS\TLCE_BS_0500.JPG,Tomato,BS,uncontrolled,a88476da656f9439,Bacterial Spot
Z:\Projects\Smart-Farming\Datasets\final_combined_datasets\TLCE\BS\TLCE_BS_0501.JPG,Tomato,BS,uncontrolled,d6263de1619df098,Bacterial Spot
Z:\Projects\Smart-Farming\Datasets\final_combined_datasets\TLCE\BS\TLCE_BS_0502.JPG,Tomato,BS,uncontrolled,aba4f0c6828f9f8a,Bacterial Spot
Z:\Projects\Smart-Farming\Datasets\final_combined_datasets\TLCE\BS\TLCE_BS_0503.JPG,Tomato,BS,uncontrolled,ff15c05a85691ee1,Bacterial Spot
Z:\Projects\Smart-Farming\Datasets\final_combined_datasets\TLCE\BS\TLCE_BS_0504.JPG,Tomato,BS,uncontrolled,acd9f22659986699,Bacterial Spot
Z:\Projects\Smart-Farming\Datasets\final_combined_datasets\TLCE\BS\TLCE_BS_0505.JPG,Tomato,BS,uncontrolled,fd8ac135f2968a25,Bacterial Spot
Z:\Projects\Smart-Farming\Datasets\final_combined_datasets\TLCE\BS\TLCE_BS_0506.JPG,Tomato,BS,uncontrolled,ee15c07a8d609d6b,Bacterial Spot
Z:\Projects\Smart-Farming\Datasets\final_combined_datasets\TLCE\BS\TLCE_BS_0507.JPG,Tomato,BS,uncontrolled,fa35c5429ec6189e,Bacterial Spot
Z:\Projects\Smart-Farming\Datasets\final_combined_datasets\TLCE\BS\TLCE_BS_0508.JPG,Tomato,BS,uncontrolled,ab97f442c6698d0d,Bacterial Spot
Z:\Projects\Smart-Farming\Datasets\final_combined_datasets\TLCE\BS\TLCE_BS_0509.JPG,Tomato,BS,uncontrolled,eeb4d24b81499dcc,Bacterial Spot
Z:\Projects\Smart-Farming\Datasets\final_combined_datasets\TLCE\BS\TLCE_BS_0510.JPG,Tomato,BS,uncontrolled,94722bd2274ff44c,Bacterial Spot
Z:\Projects\Smart-Farming\Datasets\final_combined_datasets\TLCE\BS\TLCE_BS_0511.JPG,Tomato,BS,uncontrolled,ba94c54a856f9743,Bacterial Spot
Z:\Projects\Smart-Farming\Datasets\final_combined_datasets\TLCE\BS\TLCE_BS_0512.JPG,Tomato,BS,uncontrolled,ab64951fca1ac939,Bacterial Spot
Z:\Projects\Smart-Farming\Datasets\final_combined_datasets\TLCE\BS\TLCE_BS_0513.JPG,Tomato,BS,uncontrolled,fa50e129f90db05e,Bacterial Spot
Z:\Projects\Smart-Farming\Datasets\final_combined_datasets\TLCE\BS\TLCE_BS_0514.JPG,Tomato,BS,uncontrolled,ffb6b018d848c18f,Bacterial Spot
Z:\Projects\Smart-Farming\Datasets\final_combined_datasets\TLCE\BS\TLCE_BS_0515.JPG,Tomato,BS,uncontrolled,8c27309c97ccd87b,Bacterial Spot
Z:\Projects\Smart-Farming\Datasets\final_combined_datasets\TLCE\BS\TLCE_BS_0516.JPG,Tomato,BS,uncontrolled,bb64d13807b36c93,Bacterial Spot
Z:\Projects\Smart-Farming\Datasets\final_combined_datasets\TLCE\BS\TLCE_BS_0517.JPG,Tomato,BS,uncontrolled,ba62c537c834976c,Bacterial Spot
Z:\Projects\Smart-Farming\Datasets\final_combined_datasets\TLCE\BS\TLCE_BS_0518.JPG,Tomato,BS,uncontrolled,af14f44ac36d9b90,Bacterial Spot
Z:\Projects\Smart-Farming\Datasets\final_combined_datasets\TLCE\BS\TLCE_BS_0519.JPG,Tomato,BS,uncontrolled,eae0b41eda29cd91,Bacterial Spot
Z:\Projects\Smart-Farming\Datasets\final_combined_datasets\TLCE\BS\TLCE_BS_0520.JPG,Tomato,BS,uncontrolled,dbb22c4af41dc23c,Bacterial Spot
Z:\Projects\Smart-Farming\Datasets\final_combined_datasets\TLCE\BS\TLCE_BS_0521.JPG,Tomato,BS,uncontrolled,e4990de630dab738,Bacterial Spot
Z:\Projects\Smart-Farming\Datasets\final_combined_datasets\TLCE\BS\TLCE_BS_0522.JPG,Tomato,BS,uncontrolled,e8e4861ed2789bd8,Bacterial Spot
Z:\Projects\Smart-Farming\Datasets\final_combined_datasets\TLCE\BS\TLCE_BS_0523.JPG,Tomato,BS,uncontrolled,f8b094cbc38dcd2c,Bacterial Spot
Z:\Projects\Smart-Farming\Datasets\final_combined_datasets\TLCE\BS\TLCE_BS_0524.JPG,Tomato,BS,uncontrolled,aeb5d05a835bc568,Bacterial Spot
Z:\Projects\Smart-Farming\Datasets\final_combined_datasets\TLCE\BS\TLCE_BS_0525.JPG,Tomato,BS,uncontrolled,a5f39b404499db74,Bacterial Spot
Z:\Projects\Smart-Farming\Datasets\final_combined_datasets\TLCE\BS\TLCE_BS_0526.JPG,Tomato,BS,uncontrolled,ba8eb160d32fca94,Bacterial Spot
Z:\Projects\Smart-Farming\Datasets\final_combined_datasets\TLCE\BS\TLCE_BS_0527.JPG,Tomato,BS,uncontrolled,cbd52d4db46e9260,Bacterial Spot
Z:\Projects\Smart-Farming\Datasets\final_combined_datasets\TLCE\BS\TLCE_BS_0528.JPG,Tomato,BS,uncontrolled,bf14d06ac3259f61,Bacterial Spot
Z:\Projects\Smart-Farming\Datasets\final_combined_datasets\TLCE\BS\TLCE_BS_0529.JPG,Tomato,BS,uncontrolled,faa5d053c3588f62,Bacterial Spot
Z:\Projects\Smart-Farming\Datasets\final_combined_datasets\TLCE\BS\TLCE_BS_0530.JPG,Tomato,BS,uncontrolled,fe44e41f92588fe0,Bacterial Spot
Z:\Projects\Smart-Farming\Datasets\final_combined_datasets\TLCE\BS\TLCE_BS_0531.JPG,Tomato,BS,uncontrolled,aa75b552d02fc325,Bacterial Spot
Z:\Projects\Smart-Farming\Datasets\final_combined_datasets\TLCE\BS\TLCE_BS_0532.JPG,Tomato,BS,uncontrolled,fab1a5c8bb6c904c,Bacterial Spot
Z:\Projects\Smart-Farming\Datasets\final_combined_datasets\TLCE\BS\TLCE_BS_0533.JPG,Tomato,BS,uncontrolled,aaa5d40bd27e8d1a,Bacterial Spot
Z:\Projects\Smart-Farming\Datasets\final_combined_datasets\TLCE\BS\TLCE_BS_0534.JPG,Tomato,BS,uncontrolled,b12e0f18ce63dc66,Bacterial Spot
Z:\Projects\Smart-Farming\Datasets\final_combined_datasets\TLCE\BS\TLCE_BS_0535.JPG,Tomato,BS,uncontrolled,fe60f017911fc2cc,Bacterial Spot
Z:\Projects\Smart-Farming\Datasets\final_combined_datasets\TLCE\BS\TLCE_BS_0536.JPG,Tomato,BS,uncontrolled,ee11e01f856e9764,Bacterial Spot
Z:\Projects\Smart-Farming\Datasets\final_combined_datasets\TLCE\BS\TLCE_BS_0537.JPG,Tomato,BS,uncontrolled,f6e1c2331dc398c6,Bacterial Spot
Z:\Projects\Smart-Farming\Datasets\final_combined_datasets\TLCE\BS\TLCE_BS_0538.JPG,Tomato,BS,uncontrolled,abf184ce8f4a9c89,Bacterial Spot
Z:\Projects\Smart-Farming\Datasets\final_combined_datasets\TLCE\BS\TLCE_BS_0539.JPG,Tomato,BS,uncontrolled,aae5951eda19c81b,Bacterial Spot
Z:\Projects\Smart-Farming\Datasets\final_combined_datasets\TLCE\BS\TLCE_BS_0540.JPG,Tomato,BS,uncontrolled,e9cbc49f8b3cc920,Bacterial Spot
Z:\Projects\Smart-Farming\Datasets\final_combined_datasets\TLCE\BS\TLCE_BS_0541.JPG,Tomato,BS,uncontrolled,aa9cb062c22bcbb7,Bacterial Spot
Z:\Projects\Smart-Farming\Datasets\final_combined_datasets\TLCE\BS\TLCE_BS_0542.JPG,Tomato,BS,uncontrolled,be5ac02fc9713760,Bacterial Spot
Z:\Projects\Smart-Farming\Datasets\final_combined_datasets\TLCE\BS\TLCE_BS_0543.JPG,Tomato,BS,uncontrolled,a8b4b54bd30f852d,Bacterial Spot
Z:\Projects\Smart-Farming\Datasets\final_combined_datasets\TLCE\BS\TLCE_BS_0544.JPG,Tomato,BS,uncontrolled,a8b5d74a814b9b6c,Bacterial Spot
Z:\Projects\Smart-Farming\Datasets\final_combined_datasets\TLCE\BS\TLCE_BS_0545.JPG,Tomato,BS,uncontrolled,ff58e82d94749232,Bacterial Spot
Z:\Projects\Smart-Farming\Datasets\final_combined_datasets\TLCE\BS\TLCE_BS_0546.JPG,Tomato,BS,uncontrolled,adb6d249c9b58cc4,Bacterial Spot
Z:\Projects\Smart-Farming\Datasets\final_combined_datasets\TLCE\BS\TLCE_BS_0547.JPG,Tomato,BS,uncontrolled,fae5c5079e1c9078,Bacterial Spot
Z:\Projects\Smart-Farming\Datasets\final_combined_datasets\TLCE\BS\TLCE_BS_0548.JPG,Tomato,BS,uncontrolled,af3ed0ccc2c98563,Bacterial Spot
Z:\Projects\Smart-Farming\Datasets\final_combined_datasets\TLCE\BS\TLCE_BS_0549.JPG,Tomato,BS,uncontrolled,fee0c31f824ecc68,Bacterial Spot
Z:\Projects\Smart-Farming\Datasets\final_combined_datasets\TLCE\BS\TLCE_BS_0550.JPG,Tomato,BS,uncontrolled,aff1f24289698da4,Bacterial Spot
Z:\Projects\Smart-Farming\Datasets\final_combined_datasets\TLCE\BS\TLCE_BS_0551.JPG,Tomato,BS,uncontrolled,fb51854af42ac42f,Bacterial Spot
Z:\Projects\Smart-Farming\Datasets\final_combined_datasets\TLCE\BS\TLCE_BS_0552.JPG,Tomato,BS,uncontrolled,eae4c48fc2da1d1a,Bacterial Spot
Z:\Projects\Smart-Farming\Datasets\final_combined_datasets\TLCE\BS\TLCE_BS_0553.JPG,Tomato,BS,uncontrolled,baf4e48792da9a09,Bacterial Spot
Z:\Projects\Smart-Farming\Datasets\final_combined_datasets\TLCE\BS\TLCE_BS_0554.JPG,Tomato,BS,uncontrolled,f8e38f0cad54b0b1,Bacterial Spot
Z:\Projects\Smart-Farming\Datasets\final_combined_datasets\TLCE\BS\TLCE_BS_0555.JPG,Tomato,BS,uncontrolled,8ff830c639cb9649,Bacterial Spot
Z:\Projects\Smart-Farming\Datasets\final_combined_datasets\TLCE\BS\TLCE_BS_0556.JPG,Tomato,BS,uncontrolled,fbe1c10f9c3881b9,Bacterial Spot
Z:\Projects\Smart-Farming\Datasets\final_combined_datasets\TLCE\BS\TLCE_BS_0557.JPG,Tomato,BS,uncontrolled,aab5c04ecf4c8cf8,Bacterial Spot
Z:\Projects\Smart-Farming\Datasets\final_combined_datasets\TLCE\BS\TLCE_BS_0558.JPG,Tomato,BS,uncontrolled,fca2871eda1a0d6c,Bacterial Spot
Z:\Projects\Smart-Farming\Datasets\final_combined_datasets\TLCE\BS\TLCE_BS_0559.JPG,Tomato,BS,uncontrolled,ab2df54a9005976b,Bacterial Spot
Z:\Projects\Smart-Farming\Datasets\final_combined_datasets\TLCE\BS\TLCE_BS_0560.JPG,Tomato,BS,uncontrolled,f89593cace4ca526,Bacterial Spot
Z:\Projects\Smart-Farming\Datasets\final_combined_datasets\TLCE\BS\TLCE_BS_0561.JPG,Tomato,BS,uncontrolled,afb4b052d36bc149,Bacterial Spot
Z:\Projects\Smart-Farming\Datasets\final_combined_datasets\TLCE\BS\TLCE_BS_0562.JPG,Tomato,BS,uncontrolled,f9a68715d8388be1,Bacterial Spot
Z:\Projects\Smart-Farming\Datasets\final_combined_datasets\TLCE\BS\TLCE_BS_0563.JPG,Tomato,BS,uncontrolled,bdc0c71ec819d969,Bacterial Spot
Z:\Projects\Smart-Farming\Datasets\final_combined_datasets\TLCE\BS\TLCE_BS_0564.JPG,Tomato,BS,uncontrolled,baf1914bd30bc865,Bacterial Spot
Z:\Projects\Smart-Farming\Datasets\final_combined_datasets\TLCE\BS\TLCE_BS_0565.JPG,Tomato,BS,uncontrolled,efb1905bcc498ec4,Bacterial Spot
Z:\Projects\Smart-Farming\Datasets\final_combined_datasets\TLCE\BS\TLCE_BS_0566.JPG,Tomato,BS,uncontrolled,bc5818e947c6ccba,Bacterial Spot
Z:\Projects\Smart-Farming\Datasets\final_combined_datasets\TLCE\BS\TLCE_BS_0567.JPG,Tomato,BS,uncontrolled,fcb0a197c35a8b68,Bacterial Spot
Z:\Projects\Smart-Farming\Datasets\final_combined_datasets\TLCE\BS\TLCE_BS_0568.JPG,Tomato,BS,uncontrolled,fd42832fce3ec430,Bacterial Spot
Z:\Projects\Smart-Farming\Datasets\final_combined_datasets\TLCE\BS\TLCE_BS_0569.JPG,Tomato,BS,uncontrolled,de3a299527c6360e,Bacterial Spot
Z:\Projects\Smart-Farming\Datasets\final_combined_datasets\TLCE\BS\TLCE_BS_0570.JPG,Tomato,BS,uncontrolled,df4b239539b2603c,Bacterial Spot
Z:\Projects\Smart-Farming\Datasets\final_combined_datasets\TLCE\BS\TLCE_BS_0571.JPG,Tomato,BS,uncontrolled,ade5c48b9b18b85a,Bacterial Spot
Z:\Projects\Smart-Farming\Datasets\final_combined_datasets\TLCE\BS\TLCE_BS_0572.JPG,Tomato,BS,uncontrolled,abb1b618c239ca9d,Bacterial Spot
Z:\Projects\Smart-Farming\Datasets\final_combined_datasets\TLCE\BS\TLCE_BS_0573.JPG,Tomato,BS,uncontrolled,ffb0824f9a1cc1b8,Bacterial Spot
Z:\Projects\Smart-Farming\Datasets\final_combined_datasets\TLCE\BS\TLCE_BS_0574.JPG,Tomato,BS,uncontrolled,b864d33dc2904fd9,Bacterial Spot
Z:\Projects\Smart-Farming\Datasets\final_combined_datasets\TLCE\BS\TLCE_BS_0575.JPG,Tomato,BS,uncontrolled,eaf191de1a48ec0d,Bacterial Spot
Z:\Projects\Smart-Farming\Datasets\final_combined_datasets\TLCE\BS\TLCE_BS_0576.JPG,Tomato,BS,uncontrolled,bf13d078c9688766,Bacterial Spot
Z:\Projects\Smart-Farming\Datasets\final_combined_datasets\TLCE\BS\TLCE_BS_0577.JPG,Tomato,BS,uncontrolled,ab64f509d61a9eb0,Bacterial Spot
Z:\Projects\Smart-Farming\Datasets\final_combined_datasets\TLCE\BS\TLCE_BS_0578.JPG,Tomato,BS,uncontrolled,ffa0815bc32dc42d,Bacterial Spot
Z:\Projects\Smart-Farming\Datasets\final_combined_datasets\TLCE\BS\TLCE_BS_0579.JPG,Tomato,BS,uncontrolled,eee6848e9a5998b1,Bacterial Spot
Z:\Projects\Smart-Farming\Datasets\final_combined_datasets\TLCE\BS\TLCE_BS_0580.JPG,Tomato,BS,uncontrolled,bd10d23dc2368d73,Bacterial Spot
Z:\Projects\Smart-Farming\Datasets\final_combined_datasets\TLCE\BS\TLCE_BS_0581.JPG,Tomato,BS,uncontrolled,aff094c2d2b8c30f,Bacterial Spot
Z:\Projects\Smart-Farming\Datasets\final_combined_datasets\TLCE\BS\TLCE_BS_0582.JPG,Tomato,BS,uncontrolled,ede983168dd09a63,Bacterial Spot
Z:\Projects\Smart-Farming\Datasets\final_combined_datasets\TLCE\BS\TLCE_BS_0583.JPG,Tomato,BS,uncontrolled,ab0fbc58d17b9221,Bacterial Spot
Z:\Projects\Smart-Farming\Datasets\final_combined_datasets\TLCE\BS\TLCE_BS_0584.JPG,Tomato,BS,uncontrolled,bae1959ad28bc88d,Bacterial Spot
Z:\Projects\Smart-Farming\Datasets\final_combined_datasets\TLCE\BS\TLCE_BS_0585.JPG,Tomato,BS,uncontrolled,beb1c44fcc2c9079,Bacterial Spot
Z:\Projects\Smart-Farming\Datasets\final_combined_datasets\TLCE\BS\TLCE_BS_0586.JPG,Tomato,BS,uncontrolled,fbe1871ed81a8178,Bacterial Spot
Z:\Projects\Smart-Farming\Datasets\final_combined_datasets\TLCE\BS\TLCE_BS_0587.JPG,Tomato,BS,uncontrolled,b5e9999e9068c785,Bacterial Spot
Z:\Projects\Smart-Farming\Datasets\final_combined_datasets\TLCE\BS\TLCE_BS_0588.JPG,Tomato,BS,uncontrolled,fec8c10f953c9ab0,Bacterial Spot
Z:\Projects\Smart-Farming\Datasets\final_combined_datasets\TLCE\BS\TLCE_BS_0589.JPG,Tomato,BS,uncontrolled,a90cb67e81e196b5,Bacterial Spot
Z:\Projects\Smart-Farming\Datasets\final_combined_datasets\TLCE\BS\TLCE_BS_0590.JPG,Tomato,BS,uncontrolled,fea0871fd05c8b58,Bacterial Spot
Z:\Projects\Smart-Farming\Datasets\final_combined_datasets\TLCE\BS\TLCE_BS_0591.JPG,Tomato,BS,uncontrolled,efc106b650996bd2,Bacterial Spot
Z:\Projects\Smart-Farming\Datasets\final_combined_datasets\TLCE\BS\TLCE_BS_0592.JPG,Tomato,BS,uncontrolled,fa32855bc6394af0,Bacterial Spot
Z:\Projects\Smart-Farming\Datasets\final_combined_datasets\TLCE\BS\TLCE_BS_0593.JPG,Tomato,BS,uncontrolled,fc25805ad72fce30,Bacterial Spot
Z:\Projects\Smart-Farming\Datasets\final_combined_datasets\TLCE\BS\TLCE_BS_0594.JPG,Tomato,BS,uncontrolled,bbb1c293c36a9dc0,Bacterial Spot
Z:\Projects\Smart-Farming\Datasets\final_combined_datasets\TLCE\BS\TLCE_BS_0595.JPG,Tomato,BS,uncontrolled,a4b4c29f9c5899e9,Bacterial Spot
Z:\Projects\Smart-Farming\Datasets\final_combined_datasets\TLCE\BS\TLCE_BS_0596.JPG,Tomato,BS,uncontrolled,fee0c3178c1ad03b,Bacterial Spot
Z:\Projects\Smart-Farming\Datasets\final_combined_datasets\TLCE\BS\TLCE_BS_0597.JPG,Tomato,BS,uncontrolled,ebe0c41f9c7898e1,Bacterial Spot
Z:\Projects\Smart-Farming\Datasets\final_combined_datasets\TLCE\BS\TLCE_BS_0598.JPG,Tomato,BS,uncontrolled,acb6d24a814f876d,Bacterial Spot
Z:\Projects\Smart-Farming\Datasets\final_combined_datasets\TLCE\BS\TLCE_BS_0599.JPG,Tomato,BS,uncontrolled,fe41e02f8bb0bc85,Bacterial Spot
Z:\Projects\Smart-Farming\Datasets\final_combined_datasets\TLCE\BS\TLCE_BS_0600.JPG,Tomato,BS,uncontrolled,ede5c51a9419d233,Bacterial Spot
Z:\Projects\Smart-Farming\Datasets\final_combined_datasets\TLCE\BS\TLCE_BS_0601.JPG,Tomato,BS,uncontrolled,fb84669318c979c6,Bacterial Spot
Z:\Projects\Smart-Farming\Datasets\final_combined_datasets\TLCE\BS\TLCE_BS_0602.JPG,Tomato,BS,uncontrolled,e830951bda6b99e4,Bacterial Spot
Z:\Projects\Smart-Farming\Datasets\final_combined_datasets\TLCE\BS\TLCE_BS_0603.JPG,Tomato,BS,uncontrolled,f8a1831ec61ec9c7,Bacterial Spot
Z:\Projects\Smart-Farming\Datasets\final_combined_datasets\TLCE\BS\TLCE_BS_0604.JPG,Tomato,BS,uncontrolled,afb1f00b856d0e9c,Bacterial Spot
Z:\Projects\Smart-Farming\Datasets\final_combined_datasets\TLCE\BS\TLCE_BS_0605.JPG,Tomato,BS,uncontrolled,f8e487cec23cc998,Bacterial Spot
Z:\Projects\Smart-Farming\Datasets\final_combined_datasets\TLCE\BS\TLCE_BS_0606.JPG,Tomato,BS,uncontrolled,abb4c60b937895ca,Bacterial Spot
Z:\Projects\Smart-Farming\Datasets\final_combined_datasets\TLCE\BS\TLCE_BS_0607.JPG,Tomato,BS,uncontrolled,aee49486da9e89b8,Bacterial Spot
Z:\Projects\Smart-Farming\Datasets\final_combined_datasets\TLCE\BS\TLCE_BS_0608.JPG,Tomato,BS,uncontrolled,fe0de43c9e721823,Bacterial Spot
Z:\Projects\Smart-Farming\Datasets\final_combined_datasets\TLCE\BS\TLCE_BS_0609.JPG,Tomato,BS,uncontrolled,ab64954ad21bcb99,Bacterial Spot
Z:\Projects\Smart-Farming\Datasets\final_combined_datasets\TLCE\BS\TLCE_BS_0610.JPG,Tomato,BS,uncontrolled,eae18597940e7a69,Bacterial Spot
Z:\Projects\Smart-Farming\Datasets\final_combined_datasets\TLCE\BS\TLCE_BS_0611.JPG,Tomato,BS,uncontrolled,be95d85a816d9664,Bacterial Spot
Z:\Projects\Smart-Farming\Datasets\final_combined_datasets\TLCE\BS\TLCE_BS_0612.JPG,Tomato,BS,uncontrolled,fea4855e8838d939,Bacterial Spot
Z:\Projects\Smart-Farming\Datasets\final_combined_datasets\TLCE\BS\TLCE_BS_0613.JPG,Tomato,BS,uncontrolled,a0e49793c29bca97,Bacterial Spot
Z:\Projects\Smart-Farming\Datasets\final_combined_datasets\TLCE\BS\TLCE_BS_0614.JPG,Tomato,BS,uncontrolled,ea41916fd6698e64,Bacterial Spot
Z:\Projects\Smart-Farming\Datasets\final_combined_datasets\TLCE\BS\TLCE_BS_0615.JPG,Tomato,BS,uncontrolled,fe4cc4788731da31,Bacterial Spot
Z:\Projects\Smart-Farming\Datasets\final_combined_datasets\TLCE\BS\TLCE_BS_0616.JPG,Tomato,BS,uncontrolled,a7cfd8e847e06183,Bacterial Spot
Z:\Projects\Smart-Farming\Datasets\final_combined_datasets\TLCE\BS\TLCE_BS_0617.JPG,Tomato,BS,uncontrolled,f3914cda92cc3333,Bacterial Spot
Z:\Projects\Smart-Farming\Datasets\final_combined_datasets\TLCE\BS\TLCE_BS_0618.JPG,Tomato,BS,uncontrolled,fbed8712e11ae405,Bacterial Spot
Z:\Projects\Smart-Farming\Datasets\final_combined_datasets\TLCE\BS\TLCE_BS_0619.JPG,Tomato,BS,uncontrolled,acf3e290c9da998c,Bacterial Spot
Z:\Projects\Smart-Farming\Datasets\final_combined_datasets\TLCE\BS\TLCE_BS_0620.JPG,Tomato,BS,uncontrolled,de79688035d352a7,Bacterial Spot
Z:\Projects\Smart-Farming\Datasets\final_combined_datasets\TLCE\BS\TLCE_BS_0621.JPG,Tomato,BS,uncontrolled,be93d825c84e857a,Bacterial Spot
Z:\Projects\Smart-Farming\Datasets\final_combined_datasets\TLCE\BS\TLCE_BS_0622.JPG,Tomato,BS,uncontrolled,f8b0a38e964d9e58,Bacterial Spot
Z:\Projects\Smart-Farming\Datasets\final_combined_datasets\TLCE\BS\TLCE_BS_0623.JPG,Tomato,BS,uncontrolled,fe45850ec63cda34,Bacterial Spot
Z:\Projects\Smart-Farming\Datasets\final_combined_datasets\TLCE\BS\TLCE_BS_0624.JPG,Tomato,BS,uncontrolled,adb2d285cb4a8e6c,Bacterial Spot
Z:\Projects\Smart-Farming\Datasets\final_combined_datasets\TLCE\BS\TLCE_BS_0625.JPG,Tomato,BS,uncontrolled,fb61925f904bc10f,Bacterial Spot
Z:\Projects\Smart-Farming\Datasets\final_combined_datasets\TLCE\BS\TLCE_BS_0626.JPG,Tomato,BS,uncontrolled,fb14905ac54fc43d,Bacterial Spot
Z:\Projects\Smart-Farming\Datasets\final_combined_datasets\TLCE\BS\TLCE_BS_0627.JPG,Tomato,BS,uncontrolled,f8d0856fc626962e,Bacterial Spot
Z:\Projects\Smart-Farming\Datasets\final_combined_datasets\TLCE\BS\TLCE_BS_0628.JPG,Tomato,BS,uncontrolled,b3e0959eca384dd4,Bacterial Spot
Z:\Projects\Smart-Farming\Datasets\final_combined_datasets\TLCE\BS\TLCE_BS_0629.JPG,Tomato,BS,uncontrolled,fc8fc15cca65c261,Bacterial Spot
Z:\Projects\Smart-Farming\Datasets\final_combined_datasets\TLCE\BS\TLCE_BS_0630.JPG,Tomato,BS,uncontrolled,cfdd31f23c11308b,Bacterial Spot
Z:\Projects\Smart-Farming\Datasets\final_combined_datasets\TLCE\BS\TLCE_BS_0631.JPG,Tomato,BS,uncontrolled,aeb4d2ca8f4d8c68,Bacterial Spot
Z:\Projects\Smart-Farming\Datasets\final_combined_datasets\TLCE\BS\TLCE_BS_0632.JPG,Tomato,BS,uncontrolled,eae0958f969aca98,Bacterial Spot
Z:\Projects\Smart-Farming\Datasets\final_combined_datasets\TLCE\BS\TLCE_BS_0633.JPG,Tomato,BS,uncontrolled,fc438038c79fc372,Bacterial Spot
Z:\Projects\Smart-Farming\Datasets\final_combined_datasets\TLCE\BS\TLCE_BS_0634.JPG,Tomato,BS,uncontrolled,bbf084c7c28fce48,Bacterial Spot
Z:\Projects\Smart-Farming\Datasets\final_combined_datasets\TLCE\BS\TLCE_BS_0635.JPG,Tomato,BS,uncontrolled,fee1851ab016c3f2,Bacterial Spot
Z:\Projects\Smart-Farming\Datasets\final_combined_datasets\TLCE\BS\TLCE_BS_0636.JPG,Tomato,BS,uncontrolled,eee1c40fc63c90f8,Bacterial Spot
Z:\Projects\Smart-Farming\Datasets\final_combined_datasets\TLCE\BS\TLCE_BS_0637.JPG,Tomato,BS,uncontrolled,af15d07a97601be1,Bacterial Spot
Z:\Projects\Smart-Farming\Datasets\final_combined_datasets\TLCE\BS\TLCE_BS_0638.JPG,Tomato,BS,uncontrolled,f1a0835f8e8f9878,Bacterial Spot
Z:\Projects\Smart-Farming\Datasets\final_combined_datasets\TLCE\BS\TLCE_BS_0639.JPG,Tomato,BS,uncontrolled,a9dd9083436764ed,Bacterial Spot
Z:\Projects\Smart-Farming\Datasets\final_combined_datasets\TLCE\BS\TLCE_BS_0640.JPG,Tomato,BS,uncontrolled,fae1858fde2c4a30,Bacterial Spot
Z:\Projects\Smart-Farming\Datasets\final_combined_datasets\TLCE\BS\TLCE_BS_0641.JPG,Tomato,BS,uncontrolled,be11a04b933b9a7c,Bacterial Spot
Z:\Projects\Smart-Farming\Datasets\final_combined_datasets\TLCE\BS\TLCE_BS_0642.JPG,Tomato,BS,uncontrolled,af12d469ca21cdd6,Bacterial Spot
Z:\Projects\Smart-Farming\Datasets\final_combined_datasets\TLCE\BS\TLCE_BS_0643.JPG,Tomato,BS,uncontrolled,efe08486de943999,Bacterial Spot
Z:\Projects\Smart-Farming\Datasets\final_combined_datasets\TLCE\BS\TLCE_BS_0644.JPG,Tomato,BS,uncontrolled,cdf634cb32790338,Bacterial Spot
Z:\Projects\Smart-Farming\Datasets\final_combined_datasets\TLCE\BS\TLCE_BS_0645.JPG,Tomato,BS,uncontrolled,eba1c14e9fa89ce0,Bacterial Spot
Z:\Projects\Smart-Farming\Datasets\final_combined_datasets\TLCE\BS\TLCE_BS_0646.JPG,Tomato,BS,uncontrolled,fdb3f058836cc10e,Bacterial Spot
Z:\Projects\Smart-Farming\Datasets\final_combined_datasets\TLCE\BS\TLCE_BS_0647.JPG,Tomato,BS,uncontrolled,aab091cfce2cd6b0,Bacterial Spot
Z:\Projects\Smart-Farming\Datasets\final_combined_datasets\TLCE\BS\TLCE_BS_0648.JPG,Tomato,BS,uncontrolled,aae4e58b967c88b8,Bacterial Spot
Z:\Projects\Smart-Farming\Datasets\final_combined_datasets\TLCE\BS\TLCE_BS_0649.JPG,Tomato,BS,uncontrolled,ff99805f95e0d841,Bacterial Spot
Z:\Projects\Smart-Farming\Datasets\final_combined_datasets\TLCE\BS\TLCE_BS_0650.JPG,Tomato,BS,uncontrolled,ee17b17ac5699224,Bacterial Spot
Z:\Projects\Smart-Farming\Datasets\final_combined_datasets\TLCE\BS\TLCE_BS_0651.JPG,Tomato,BS,uncontrolled,ff60842fe43c9266,Bacterial Spot
Z:\Projects\Smart-Farming\Datasets\final_combined_datasets\TLCE\BS\TLCE_BS_0652.JPG,Tomato,BS,uncontrolled,ae52b06fc1799325,Bacterial Spot
Z:\Projects\Smart-Farming\Datasets\final_combined_datasets\TLCE\BS\TLCE_BS_0653.JPG,Tomato,BS,uncontrolled,bab1d44b8b39d4a8,Bacterial Spot
Z:\Projects\Smart-Farming\Datasets\final_combined_datasets\TLCE\BS\TLCE_BS_0654.JPG,Tomato,BS,uncontrolled,b8b6d549c2668c6e,Bacterial Spot
Z:\Projects\Smart-Farming\Datasets\final_combined_datasets\TLCE\BS\TLCE_BS_0655.JPG,Tomato,BS,uncontrolled,fda0835f930ec86c,Bacterial Spot
Z:\Projects\Smart-Farming\Datasets\final_combined_datasets\TLCE\BS\TLCE_BS_0656.JPG,Tomato,BS,uncontrolled,f0a4c61fcfb80d85,Bacterial Spot
Z:\Projects\Smart-Farming\Datasets\final_combined_datasets\TLCE\BS\TLCE_BS_0657.JPG,Tomato,BS,uncontrolled,fc429549b425d29f,Bacterial Spot
Z:\Projects\Smart-Farming\Datasets\final_combined_datasets\TLCE\BS\TLCE_BS_0658.JPG,Tomato,BS,uncontrolled,b433072c3c96cd79,Bacterial Spot
Z:\Projects\Smart-Farming\Datasets\final_combined_datasets\TLCE\BS\TLCE_BS_0659.JPG,Tomato,BS,uncontrolled,fb26a0708770cf8d,Bacterial Spot
Z:\Projects\Smart-Farming\Datasets\final_combined_datasets\TLCE\BS\TLCE_BS_0660.JPG,Tomato,BS,uncontrolled,bf30d04b855e876a,Bacterial Spot
Z:\Projects\Smart-Farming\Datasets\final_combined_datasets\TLCE\BS\TLCE_BS_0661.JPG,Tomato,BS,uncontrolled,eb64e10fd22d807e,Bacterial Spot
Z:\Projects\Smart-Farming\Datasets\final_combined_datasets\TLCE\BS\TLCE_BS_0662.JPG,Tomato,BS,uncontrolled,aca4d642839fdae8,Bacterial Spot
Z:\Projects\Smart-Farming\Datasets\final_combined_datasets\TLCE\BS\TLCE_BS_0663.JPG,Tomato,BS,uncontrolled,bbe4c4099723daa6,Bacterial Spot
Z:\Projects\Smart-Farming\Datasets\final_combined_datasets\TLCE\BS\TLCE_BS_0664.JPG,Tomato,BS,uncontrolled,f8e4851e903c9ff0,Bacterial Spot
Z:\Projects\Smart-Farming\Datasets\final_combined_datasets\TLCE\BS\TLCE_BS_0665.JPG,Tomato,BS,uncontrolled,af94d04985698f67,Bacterial Spot
Z:\Projects\Smart-Farming\Datasets\final_combined_datasets\TLCE\BS\TLCE_BS_0666.JPG,Tomato,BS,uncontrolled,bcd973d00ccd32c6,Bacterial Spot
Z:\Projects\Smart-Farming\Datasets\final_combined_datasets\TLCE\BS\TLCE_BS_0667.JPG,Tomato,BS,uncontrolled,a79fd249c924c972,Bacterial Spot
Z:\Projects\Smart-Farming\Datasets\final_combined_datasets\TLCE\BS\TLCE_BS_0668.JPG,Tomato,BS,uncontrolled,bcc3434c4c3c33f3,Bacterial Spot
Z:\Projects\Smart-Farming\Datasets\final_combined_datasets\TLCE\BS\TLCE_BS_0669.JPG,Tomato,BS,uncontrolled,ffb4c00ad3ad0bc4,Bacterial Spot
Z:\Projects\Smart-Farming\Datasets\final_combined_datasets\TLCE\BS\TLCE_BS_0670.JPG,Tomato,BS,uncontrolled,fe9ac04d8535bc68,Bacterial Spot
Z:\Projects\Smart-Farming\Datasets\final_combined_datasets\TLCE\BS\TLCE_BS_0671.JPG,Tomato,BS,uncontrolled,fca0c087de85ca9d,Bacterial Spot
Z:\Projects\Smart-Farming\Datasets\final_combined_datasets\TLCE\BS\TLCE_BS_0672.JPG,Tomato,BS,uncontrolled,afe1940ec29a9b8d,Bacterial Spot
Z:\Projects\Smart-Farming\Datasets\final_combined_datasets\TLCE\BS\TLCE_BS_0673.JPG,Tomato,BS,uncontrolled,e9a5c75e98c89923,Bacterial Spot
Z:\Projects\Smart-Farming\Datasets\final_combined_datasets\TLCE\BS\TLCE_BS_0674.JPG,Tomato,BS,uncontrolled,bf09e06a5535c276,Bacterial Spot
Z:\Projects\Smart-Farming\Datasets\final_combined_datasets\TLCE\BS\TLCE_BS_0675.JPG,Tomato,BS,uncontrolled,ffb8f05083ea0987,Bacterial Spot
Z:\Projects\Smart-Farming\Datasets\final_combined_datasets\TLCE\BS\TLCE_BS_0676.JPG,Tomato,BS,uncontrolled,af15d25acde49462,Bacterial Spot
Z:\Projects\Smart-Farming\Datasets\final_combined_datasets\TLCE\BS\TLCE_BS_0677.JPG,Tomato,BS,uncontrolled,bc16b25bc13ccf60,Bacterial Spot
Z:\Projects\Smart-Farming\Datasets\final_combined_datasets\TLCE\BS\TLCE_BS_0678.JPG,Tomato,BS,uncontrolled,8f3e709840cd77c3,Bacterial Spot
Z:\Projects\Smart-Farming\Datasets\final_combined_datasets\TLCE\BS\TLCE_BS_0679.JPG,Tomato,BS,uncontrolled,fde2e017c4b49ea0,Bacterial Spot
Z:\Projects\Smart-Farming\Datasets\final_combined_datasets\TLCE\BS\TLCE_BS_0680.JPG,Tomato,BS,uncontrolled,ac3f9484da99f08b,Bacterial Spot
Z:\Projects\Smart-Farming\Datasets\final_combined_datasets\TLCE\BS\TLCE_BS_0681.JPG,Tomato,BS,uncontrolled,d6d729f034c319c6,Bacterial Spot
Z:\Projects\Smart-Farming\Datasets\final_combined_datasets\TLCE\BS\TLCE_BS_0682.JPG,Tomato,BS,uncontrolled,a9ccb6278266cf94,Bacterial Spot
Z:\Projects\Smart-Farming\Datasets\final_combined_datasets\TLCE\BS\TLCE_BS_0683.JPG,Tomato,BS,uncontrolled,8be6339b38c1e81e,Bacterial Spot
Z:\Projects\Smart-Farming\Datasets\final_combined_datasets\TLCE\BS\TLCE_BS_0684.JPG,Tomato,BS,uncontrolled,fab0811f9b929d89,Bacterial Spot
Z:\Projects\Smart-Farming\Datasets\final_combined_datasets\TLCE\BS\TLCE_BS_0685.JPG,Tomato,BS,uncontrolled,bf64904bc52dce31,Bacterial Spot
Z:\Projects\Smart-Farming\Datasets\final_combined_datasets\TLCE\BS\TLCE_BS_0686.JPG,Tomato,BS,uncontrolled,ebc3c00e93dc9d19,Bacterial Spot
Z:\Projects\Smart-Farming\Datasets\final_combined_datasets\TLCE\BS\TLCE_BS_0687.JPG,Tomato,BS,uncontrolled,ff92e035843297b1,Bacterial Spot
Z:\Projects\Smart-Farming\Datasets\final_combined_datasets\TLCE\BS\TLCE_BS_0688.JPG,Tomato,BS,uncontrolled,a1fcf28b1c318eb1,Bacterial Spot
Z:\Projects\Smart-Farming\Datasets\final_combined_datasets\TLCE\BS\TLCE_BS_0689.JPG,Tomato,BS,uncontrolled,fef8b08bd00dcb0c,Bacterial Spot
Z:\Projects\Smart-Farming\Datasets\final_combined_datasets\TLCE\BS\TLCE_BS_0690.JPG,Tomato,BS,uncontrolled,beb4c28b8d9e8c68,Bacterial Spot
Z:\Projects\Smart-Farming\Datasets\final_combined_datasets\TLCE\BS\TLCE_BS_0691.JPG,Tomato,BS,uncontrolled,ef43c03d4cb21ad3,Bacterial Spot
Z:\Projects\Smart-Farming\Datasets\final_combined_datasets\TLCE\BS\TLCE_BS_0692.JPG,Tomato,BS,uncontrolled,ee14c45e8e69d46c,Bacterial Spot
Z:\Projects\Smart-Farming\Datasets\final_combined_datasets\TLCE\BS\TLCE_BS_0693.JPG,Tomato,BS,uncontrolled,ae18b4605ba35bc7,Bacterial Spot
Z:\Projects\Smart-Farming\Datasets\final_combined_datasets\TLCE\BS\TLCE_BS_0694.JPG,Tomato,BS,uncontrolled,eee285b59e9498d0,Bacterial Spot
Z:\Projects\Smart-Farming\Datasets\final_combined_datasets\TLCE\BS\TLCE_BS_0695.JPG,Tomato,BS,uncontrolled,afb4904bd329c965,Bacterial Spot
Z:\Projects\Smart-Farming\Datasets\final_combined_datasets\TLCE\BS\TLCE_BS_0696.JPG,Tomato,BS,uncontrolled,e3e3961a9228cf8d,Bacterial Spot
Z:\Projects\Smart-Farming\Datasets\final_combined_datasets\TLCE\BS\TLCE_BS_0697.JPG,Tomato,BS,uncontrolled,bc36911bc37883ad,Bacterial Spot
Z:\Projects\Smart-Farming\Datasets\final_combined_datasets\TLCE\BS\TLCE_BS_0698.JPG,Tomato,BS,uncontrolled,a134d448c7ef34f2,Bacterial Spot
Z:\Projects\Smart-Farming\Datasets\final_combined_datasets\TLCE\BS\TLCE_BS_0699.JPG,Tomato,BS,uncontrolled,e967963a9ac12c93,Bacterial Spot
Z:\Projects\Smart-Farming\Datasets\final_combined_datasets\TLCE\BS\TLCE_BS_0700.JPG,Tomato,BS,uncontrolled,ab64d54e923dda90,Bacterial Spot
Z:\Projects\Smart-Farming\Datasets\final_combined_datasets\TLCE\BS\TLCE_BS_0701.JPG,Tomato,BS,uncontrolled,eea784599dcad214,Bacterial Spot
Z:\Projects\Smart-Farming\Datasets\final_combined_datasets\TLCE\BS\TLCE_BS_0702.JPG,Tomato,BS,uncontrolled,ffe0868d96968e88,Bacterial Spot
Z:\Projects\Smart-Farming\Datasets\final_combined_datasets\TLCE\BS\TLCE_BS_0703.JPG,Tomato,BS,uncontrolled,afb0d05a816bc72d,Bacterial Spot
Z:\Projects\Smart-Farming\Datasets\final_combined_datasets\TLCE\BS\TLCE_BS_0704.JPG,Tomato,BS,uncontrolled,f2e4c79e9c589909,Bacterial Spot
Z:\Projects\Smart-Farming\Datasets\final_combined_datasets\TLCE\BS\TLCE_BS_0705.JPG,Tomato,BS,uncontrolled,f8b180589e65a767,Bacterial Spot
Z:\Projects\Smart-Farming\Datasets\final_combined_datasets\TLCE\BS\TLCE_BS_0706.JPG,Tomato,BS,uncontrolled,bab5c443d34ac16b,Bacterial Spot
Z:\Projects\Smart-Farming\Datasets\final_combined_datasets\TLCE\BS\TLCE_BS_0707.JPG,Tomato,BS,uncontrolled,bc70904fd325cb5a,Bacterial Spot
Z:\Projects\Smart-Farming\Datasets\final_combined_datasets\TLCE\BS\TLCE_BS_0708.JPG,Tomato,BS,uncontrolled,f1994ee419c76631,Bacterial Spot
Z:\Projects\Smart-Farming\Datasets\final_combined_datasets\TLCE\BS\TLCE_BS_0709.JPG,Tomato,BS,uncontrolled,eb40970fc40ccebe,Bacterial Spot
Z:\Projects\Smart-Farming\Datasets\final_combined_datasets\TLCE\BS\TLCE_BS_0710.JPG,Tomato,BS,uncontrolled,c64c2d66b15b9635,Bacterial Spot
Z:\Projects\Smart-Farming\Datasets\final_combined_datasets\TLCE\BS\TLCE_BS_0711.JPG,Tomato,BS,uncontrolled,fec6c01f87389e09,Bacterial Spot
Z:\Projects\Smart-Farming\Datasets\final_combined_datasets\TLCE\BS\TLCE_BS_0712.JPG,Tomato,BS,uncontrolled,ee07907a8f68d835,Bacterial Spot
Z:\Projects\Smart-Farming\Datasets\final_combined_datasets\TLCE\BS\TLCE_BS_0713.JPG,Tomato,BS,uncontrolled,aeb4d2ca854b9d58,Bacterial Spot
Z:\Projects\Smart-Farming\Datasets\final_combined_datasets\TLCE\BS\TLCE_BS_0714.JPG,Tomato,BS,uncontrolled,bf10d05a83699f65,Bacterial Spot
Z:\Projects\Smart-Farming\Datasets\final_combined_datasets\TLCE\BS\TLCE_BS_0715.JPG,Tomato,BS,uncontrolled,f6a38117967899c9,Bacterial Spot
Z:\Projects\Smart-Farming\Datasets\final_combined_datasets\TLCE\BS\TLCE_BS_0716.JPG,Tomato,BS,uncontrolled,ee1dc16a91e432e5,Bacterial Spot
Z:\Projects\Smart-Farming\Datasets\final_combined_datasets\TLCE\BS\TLCE_BS_0717.JPG,Tomato,BS,uncontrolled,aaf3954edf08b148,Bacterial Spot
Z:\Projects\Smart-Farming\Datasets\final_combined_datasets\TLCE\BS\TLCE_BS_0718.JPG,Tomato,BS,uncontrolled,fe359219c14fc570,Bacterial Spot
Z:\Projects\Smart-Farming\Datasets\final_combined_datasets\TLCE\BS\TLCE_BS_0719.JPG,Tomato,BS,uncontrolled,fb19d178276446a6,Bacterial Spot
Z:\Projects\Smart-Farming\Datasets\final_combined_datasets\TLCE\BS\TLCE_BS_0720.JPG,Tomato,BS,uncontrolled,fac0c11e9c7899e3,Bacterial Spot
Z:\Projects\Smart-Farming\Datasets\final_combined_datasets\TLCE\BS\TLCE_BS_0721.JPG,Tomato,BS,uncontrolled,ee31e04b966e9aa4,Bacterial Spot
Z:\Projects\Smart-Farming\Datasets\final_combined_datasets\TLCE\BS\TLCE_BS_0722.JPG,Tomato,BS,uncontrolled,abe5c48e921ed03b,Bacterial Spot
Z:\Projects\Smart-Farming\Datasets\final_combined_datasets\TLCE\BS\TLCE_BS_0723.JPG,Tomato,BS,uncontrolled,bab093cbc94dcc8c,Bacterial Spot
Z:\Projects\Smart-Farming\Datasets\final_combined_datasets\TLCE\BS\TLCE_BS_0724.JPG,Tomato,BS,uncontrolled,eae5841e92f80bb3,Bacterial Spot
Z:\Projects\Smart-Farming\Datasets\final_combined_datasets\TLCE\BS\TLCE_BS_0725.JPG,Tomato,BS,uncontrolled,fca392c48d5cc84f,Bacterial Spot
Z:\Projects\Smart-Farming\Datasets\final_combined_datasets\TLCE\BS\TLCE_BS_0726.JPG,Tomato,BS,uncontrolled,be31d04bc36d847c,Bacterial Spot
Z:\Projects\Smart-Farming\Datasets\final_combined_datasets\TLCE\BS\TLCE_BS_0727.JPG,Tomato,BS,uncontrolled,fab4e12fd2f48403,Bacterial Spot
Z:\Projects\Smart-Farming\Datasets\final_combined_datasets\TLCE\BS\TLCE_BS_0728.JPG,Tomato,BS,uncontrolled,bf949449c025e7b6,Bacterial Spot
Z:\Projects\Smart-Farming\Datasets\final_combined_datasets\TLCE\BS\TLCE_BS_0729.JPG,Tomato,BS,uncontrolled,bbb0d1cb8b4b9464,Bacterial Spot
Z:\Projects\Smart-Farming\Datasets\final_combined_datasets\TLCE\BS\TLCE_BS_0730.JPG,Tomato,BS,uncontrolled,f860a51f8338de35,Bacterial Spot
Z:\Projects\Smart-Farming\Datasets\final_combined_datasets\TLCE\BS\TLCE_BS_0731.JPG,Tomato,BS,uncontrolled,ad14944bc36d8bf4,Bacterial Spot
Z:\Projects\Smart-Farming\Datasets\final_combined_datasets\TLCE\BS\TLCE_BS_0732.JPG,Tomato,BS,uncontrolled,fcb28150c7439ee5,Bacterial Spot
Z:\Projects\Smart-Farming\Datasets\final_combined_datasets\TLCE\BS\TLCE_BS_0733.JPG,Tomato,BS,uncontrolled,bee7e3c9c2d03860,Bacterial Spot
Z:\Projects\Smart-Farming\Datasets\final_combined_datasets\TLCE\BS\TLCE_BS_0734.JPG,Tomato,BS,uncontrolled,feb19093c35e8079,Bacterial Spot
Z:\Projects\Smart-Farming\Datasets\final_combined_datasets\TLCE\BS\TLCE_BS_0735.JPG,Tomato,BS,uncontrolled,ffe0c1178c3ac839,Bacterial Spot
Z:\Projects\Smart-Farming\Datasets\final_combined_datasets\TLCE\BS\TLCE_BS_0736.JPG,Tomato,BS,uncontrolled,b934d702d2638de6,Bacterial Spot
Z:\Projects\Smart-Farming\Datasets\final_combined_datasets\TLCE\BS\TLCE_BS_0737.JPG,Tomato,BS,uncontrolled,ebc5c69f941a901b,Bacterial Spot
Z:\Projects\Smart-Farming\Datasets\final_combined_datasets\TLCE\BS\TLCE_BS_0738.JPG,Tomato,BS,uncontrolled,bf30d04bc10fc76c,Bacterial Spot
Z:\Projects\Smart-Farming\Datasets\final_combined_datasets\TLCE\BS\TLCE_BS_0739.JPG,Tomato,BS,uncontrolled,af9c9239cb2585ca,Bacterial Spot
Z:\Projects\Smart-Farming\Datasets\final_combined_datasets\TLCE\BS\TLCE_BS_0740.JPG,Tomato,BS,uncontrolled,bd72903bc318cd1d,Bacterial Spot
Z:\Projects\Smart-Farming\Datasets\final_combined_datasets\TLCE\BS\TLCE_BS_0741.JPG,Tomato,BS,uncontrolled,fea1a11ac75ec229,Bacterial Spot
Z:\Projects\Smart-Farming\Datasets\final_combined_datasets\TLCE\BS\TLCE_BS_0742.JPG,Tomato,BS,uncontrolled,ffa08095d88bee86,Bacterial Spot
Z:\Projects\Smart-Farming\Datasets\final_combined_datasets\TLCE\BS\TLCE_BS_0743.JPG,Tomato,BS,uncontrolled,ffe5c01e8e389891,Bacterial Spot
Z:\Projects\Smart-Farming\Datasets\final_combined_datasets\TLCE\BS\TLCE_BS_0744.JPG,Tomato,BS,uncontrolled,ee34c05a876a9ec5,Bacterial Spot
Z:\Projects\Smart-Farming\Datasets\final_combined_datasets\TLCE\BS\TLCE_BS_0745.JPG,Tomato,BS,uncontrolled,eb61941dd0350fe6,Bacterial Spot
Z:\Projects\Smart-Farming\Datasets\final_combined_datasets\TLCE\BS\TLCE_BS_0746.JPG,Tomato,BS,uncontrolled,cf46b139343dc1ca,Bacterial Spot
Z:\Projects\Smart-Farming\Datasets\final_combined_datasets\TLCE\BS\TLCE_BS_0747.JPG,Tomato,BS,uncontrolled,f930d03bc3789d8c,Bacterial Spot
Z:\Projects\Smart-Farming\Datasets\final_combined_datasets\TLCE\BS\TLCE_BS_0748.JPG,Tomato,BS,uncontrolled,eaa584da8e89cc9d,Bacterial Spot
Z:\Projects\Smart-Farming\Datasets\final_combined_datasets\TLCE\BS\TLCE_BS_0749.JPG,Tomato,BS,uncontrolled,faa18397ce18cd19,Bacterial Spot
Z:\Projects\Smart-Farming\Datasets\final_combined_datasets\TLCE\BS\TLCE_BS_0750.JPG,Tomato,BS,uncontrolled,bbe4e40b9f529a90,Bacterial Spot
Z:\Projects\Smart-Farming\Datasets\final_combined_datasets\TLCE\BS\TLCE_BS_0751.JPG,Tomato,BS,uncontrolled,ea43851fd03cc3b6,Bacterial Spot
Z:\Projects\Smart-Farming\Datasets\final_combined_datasets\TLCE\BS\TLCE_BS_0752.JPG,Tomato,BS,uncontrolled,bff090cbcb0dcc0c,Bacterial Spot
Z:\Projects\Smart-Farming\Datasets\final_combined_datasets\TLCE\BS\TLCE_BS_0753.JPG,Tomato,BS,uncontrolled,eaa4c51e9cb89939,Bacterial Spot
Z:\Projects\Smart-Farming\Datasets\final_combined_datasets\TLCE\BS\TLCE_BS_0754.JPG,Tomato,BS,uncontrolled,ea30b66097cb9a0f,Bacterial Spot
Z:\Projects\Smart-Farming\Datasets\final_combined_datasets\TLCE\BS\TLCE_BS_0755.JPG,Tomato,BS,uncontrolled,ffb4f090c1198b4b,Bacterial Spot
Z:\Projects\Smart-Farming\Datasets\final_combined_datasets\TLCE\BS\TLCE_BS_0756.JPG,Tomato,BS,uncontrolled,f8e38393c71bc02b,Bacterial Spot
Z:\Projects\Smart-Farming\Datasets\final_combined_datasets\TLCE\BS\TLCE_BS_0757.JPG,Tomato,BS,uncontrolled,ab9cb44ad269c62d,Bacterial Spot
Z:\Projects\Smart-Farming\Datasets\final_combined_datasets\TLCE\BS\TLCE_BS_0758.JPG,Tomato,BS,uncontrolled,cf69289636b232ba,Bacterial Spot
Z:\Projects\Smart-Farming\Datasets\final_combined_datasets\TLCE\BS\TLCE_BS_0759.JPG,Tomato,BS,uncontrolled,85f0d0cd6c96936d,Bacterial Spot
Z:\Projects\Smart-Farming\Datasets\final_combined_datasets\TLCE\BS\TLCE_BS_0760.JPG,Tomato,BS,uncontrolled,ed35c45a85f81e85,Bacterial Spot
Z:\Projects\Smart-Farming\Datasets\final_combined_datasets\TLCE\BS\TLCE_BS_0761.JPG,Tomato,BS,uncontrolled,e90d966899735b32,Bacterial Spot
Z:\Projects\Smart-Farming\Datasets\final_combined_datasets\TLCE\BS\TLCE_BS_0762.JPG,Tomato,BS,uncontrolled,bb35c14e896b9c61,Bacterial Spot
Z:\Projects\Smart-Farming\Datasets\final_combined_datasets\TLCE\BS\TLCE_BS_0763.JPG,Tomato,BS,uncontrolled,fca087d6c358c81f,Bacterial Spot
Z:\Projects\Smart-Farming\Datasets\final_combined_datasets\TLCE\BS\TLCE_BS_0764.JPG,Tomato,BS,uncontrolled,aba5961e98789b31,Bacterial Spot
Z:\Projects\Smart-Farming\Datasets\final_combined_datasets\TLCE\BS\TLCE_BS_0765.JPG,Tomato,BS,uncontrolled,bbd3c24c9d4db148,Bacterial Spot
Z:\Projects\Smart-Farming\Datasets\final_combined_datasets\TLCE\BS\TLCE_BS_0766.JPG,Tomato,BS,uncontrolled,af1fb43c92645a92,Bacterial Spot
Z:\Projects\Smart-Farming\Datasets\final_combined_datasets\TLCE\BS\TLCE_BS_0767.JPG,Tomato,BS,uncontrolled,e967563cd0d08b99,Bacterial Spot
Z:\Projects\Smart-Farming\Datasets\final_combined_datasets\TLCE\BS\TLCE_BS_0768.JPG,Tomato,BS,uncontrolled,beb6d0c3c2e1854b,Bacterial Spot
Z:\Projects\Smart-Farming\Datasets\final_combined_datasets\TLCE\BS\TLCE_BS_0769.JPG,Tomato,BS,uncontrolled,aa669427922fda95,Bacterial Spot
Z:\Projects\Smart-Farming\Datasets\final_combined_datasets\TLCE\BS\TLCE_BS_0770.JPG,Tomato,BS,uncontrolled,aa35f548d22dc2b5,Bacterial Spot
Z:\Projects\Smart-Farming\Datasets\final_combined_datasets\TLCE\BS\TLCE_BS_0771.JPG,Tomato,BS,uncontrolled,c66d3e9e31916199,Bacterial Spot
Z:\Projects\Smart-Farming\Datasets\final_combined_datasets\TLCE\BS\TLCE_BS_0772.JPG,Tomato,BS,uncontrolled,fae0e4878e1eb05a,Bacterial Spot
Z:\Projects\Smart-Farming\Datasets\final_combined_datasets\TLCE\BS\TLCE_BS_0773.JPG,Tomato,BS,uncontrolled,a596d142c2edcf4a,Bacterial Spot
Z:\Projects\Smart-Farming\Datasets\final_combined_datasets\TLCE\BS\TLCE_BS_0774.JPG,Tomato,BS,uncontrolled,bf70d24b832cce34,Bacterial Spot
Z:\Projects\Smart-Farming\Datasets\final_combined_datasets\TLCE\BS\TLCE_BS_0775.JPG,Tomato,BS,uncontrolled,fe60a00fa569a53d,Bacterial Spot
Z:\Projects\Smart-Farming\Datasets\final_combined_datasets\TLCE\BS\TLCE_BS_0776.JPG,Tomato,BS,uncontrolled,fcc7801c9e39c33a,Bacterial Spot
Z:\Projects\Smart-Farming\Datasets\final_combined_datasets\TLCE\BS\TLCE_BS_0777.JPG,Tomato,BS,uncontrolled,aab6e17199989ccc,Bacterial Spot
Z:\Projects\Smart-Farming\Datasets\final_combined_datasets\TLCE\BS\TLCE_BS_0778.JPG,Tomato,BS,uncontrolled,abf234d1c98dc46c,Bacterial Spot
Z:\Projects\Smart-Farming\Datasets\final_combined_datasets\TLCE\BS\TLCE_BS_0779.JPG,Tomato,BS,uncontrolled,bf15901b936d9d60,Bacterial Spot
Z:\Projects\Smart-Farming\Datasets\final_combined_datasets\TLCE\BS\TLCE_BS_0780.JPG,Tomato,BS,uncontrolled,b7b2d0418d42d72f,Bacterial Spot
Z:\Projects\Smart-Farming\Datasets\final_combined_datasets\TLCE\BS\TLCE_BS_0781.JPG,Tomato,BS,uncontrolled,89f2b16dcc6f908c,Bacterial Spot
Z:\Projects\Smart-Farming\Datasets\final_combined_datasets\TLCE\BS\TLCE_BS_0782.JPG,Tomato,BS,uncontrolled,aea4e6d68aca981d,Bacterial Spot
Z:\Projects\Smart-Farming\Datasets\final_combined_datasets\TLCE\BS\TLCE_BS_0783.JPG,Tomato,BS,uncontrolled,fae5819a975ac829,Bacterial Spot
Z:\Projects\Smart-Farming\Datasets\final_combined_datasets\TLCE\BS\TLCE_BS_0784.JPG,Tomato,BS,uncontrolled,eb67841e9078d339,Bacterial Spot
Z:\Projects\Smart-Farming\Datasets\final_combined_datasets\TLCE\BS\TLCE_BS_0785.JPG,Tomato,BS,uncontrolled,f8c1879e9097e01f,Bacterial Spot
Z:\Projects\Smart-Farming\Datasets\final_combined_datasets\TLCE\BS\TLCE_BS_0786.JPG,Tomato,BS,uncontrolled,adc430b3c7314ccf,Bacterial Spot
Z:\Projects\Smart-Farming\Datasets\final_combined_datasets\TLCE\BS\TLCE_BS_0787.JPG,Tomato,BS,uncontrolled,a4dccd9bb3409f21,Bacterial Spot
Z:\Projects\Smart-Farming\Datasets\final_combined_datasets\TLCE\BS\TLCE_BS_0788.JPG,Tomato,BS,uncontrolled,ffe090972cd881d3,Bacterial Spot
Z:\Projects\Smart-Farming\Datasets\final_combined_datasets\TLCE\BS\TLCE_BS_0789.JPG,Tomato,BS,uncontrolled,ee48c0af1f953896,Bacterial Spot
Z:\Projects\Smart-Farming\Datasets\final_combined_datasets\TLCE\BS\TLCE_BS_0790.JPG,Tomato,BS,uncontrolled,fea1c01797589ec8,Bacterial Spot
Z:\Projects\Smart-Farming\Datasets\final_combined_datasets\TLCE\BS\TLCE_BS_0791.JPG,Tomato,BS,uncontrolled,af15e07a87689d43,Bacterial Spot
Z:\Projects\Smart-Farming\Datasets\final_combined_datasets\TLCE\BS\TLCE_BS_0792.JPG,Tomato,BS,uncontrolled,ee65d01fc26c9638,Bacterial Spot
Z:\Projects\Smart-Farming\Datasets\final_combined_datasets\TLCE\BS\TLCE_BS_0793.JPG,Tomato,BS,uncontrolled,ee73b04c953d07c2,Bacterial Spot
Z:\Projects\Smart-Farming\Datasets\final_combined_datasets\TLCE\BS\TLCE_BS_0794.JPG,Tomato,BS,uncontrolled,ade1d4ce8a3c5998,Bacterial Spot
Z:\Projects\Smart-Farming\Datasets\final_combined_datasets\TLCE\BS\TLCE_BS_0795.JPG,Tomato,BS,uncontrolled,eae5851e927893a3,Bacterial Spot
Z:\Projects\Smart-Farming\Datasets\final_combined_datasets\TLCE\BS\TLCE_BS_0796.JPG,Tomato,BS,uncontrolled,ffe2e087851ed038,Bacterial Spot
Z:\Projects\Smart-Farming\Datasets\final_combined_datasets\TLCE\BS\TLCE_BS_0797.JPG,Tomato,BS,uncontrolled,fc69e049c7a08f74,Bacterial Spot
Z:\Projects\Smart-Farming\Datasets\final_combined_datasets\TLCE\BS\TLCE_BS_0798.JPG,Tomato,BS,uncontrolled,bcb0c3cb8d2bccc4,Bacterial Spot
Z:\Projects\Smart-Farming\Datasets\final_combined_datasets\TLCE\BS\TLCE_BS_0799.JPG,Tomato,BS,uncontrolled,aa95924ac16dde2e,Bacterial Spot
Z:\Projects\Smart-Farming\Datasets\final_combined_datasets\TLCE\BS\TLCE_BS_0800.JPG,Tomato,BS,uncontrolled,a4f1dac2649b1be4,Bacterial Spot
Z:\Projects\Smart-Farming\Datasets\final_combined_datasets\TLCE\BS\TLCE_BS_0801.JPG,Tomato,BS,uncontrolled,feb0801fc64b8de1,Bacterial Spot
Z:\Projects\Smart-Farming\Datasets\final_combined_datasets\TLCE\BS\TLCE_BS_0802.JPG,Tomato,BS,uncontrolled,be15c1588f641dc7,Bacterial Spot
Z:\Projects\Smart-Farming\Datasets\final_combined_datasets\TLCE\BS\TLCE_BS_0803.JPG,Tomato,BS,uncontrolled,faa3c317845a9ec8,Bacterial Spot
Z:\Projects\Smart-Farming\Datasets\final_combined_datasets\TLCE\BS\TLCE_BS_0804.JPG,Tomato,BS,uncontrolled,cba6371b3a81693c,Bacterial Spot
Z:\Projects\Smart-Farming\Datasets\final_combined_datasets\TLCE\BS\TLCE_BS_0805.JPG,Tomato,BS,uncontrolled,aa70975bda89629c,Bacterial Spot
Z:\Projects\Smart-Farming\Datasets\final_combined_datasets\TLCE\BS\TLCE_BS_0806.JPG,Tomato,BS,uncontrolled,f9b584d287c38d1c,Bacterial Spot
Z:\Projects\Smart-Farming\Datasets\final_combined_datasets\TLCE\BS\TLCE_BS_0807.JPG,Tomato,BS,uncontrolled,abb4d54bc90f940e,Bacterial Spot
Z:\Projects\Smart-Farming\Datasets\final_combined_datasets\TLCE\BS\TLCE_BS_0808.JPG,Tomato,BS,uncontrolled,eae4970eda68998c,Bacterial Spot
Z:\Projects\Smart-Farming\Datasets\final_combined_datasets\TLCE\BS\TLCE_BS_0809.JPG,Tomato,BS,uncontrolled,e2e4871edac98d0d,Bacterial Spot
Z:\Projects\Smart-Farming\Datasets\final_combined_datasets\TLCE\BS\TLCE_BS_0810.JPG,Tomato,BS,uncontrolled,eba490d09bcb8d4d,Bacterial Spot
Z:\Projects\Smart-Farming\Datasets\final_combined_datasets\TLCE\BS\TLCE_BS_0811.JPG,Tomato,BS,uncontrolled,ae34d143e34dc297,Bacterial Spot
Z:\Projects\Smart-Farming\Datasets\final_combined_datasets\TLCE\BS\TLCE_BS_0812.JPG,Tomato,BS,uncontrolled,f6e1930eca3c8d68,Bacterial Spot
Z:\Projects\Smart-Farming\Datasets\final_combined_datasets\TLCE\BS\TLCE_BS_0813.JPG,Tomato,BS,uncontrolled,be9591c2c86dc527,Bacterial Spot
Z:\Projects\Smart-Farming\Datasets\final_combined_datasets\TLCE\BS\TLCE_BS_0814.JPG,Tomato,BS,uncontrolled,afb5d0cb81cd0ec4,Bacterial Spot
Z:\Projects\Smart-Farming\Datasets\final_combined_datasets\TLCE\BS\TLCE_BS_0815.JPG,Tomato,BS,uncontrolled,adb4d642830ddeb8,Bacterial Spot
Z:\Projects\Smart-Farming\Datasets\final_combined_datasets\TLCE\BS\TLCE_BS_0816.JPG,Tomato,BS,uncontrolled,f387831a9a748ce3,Bacterial Spot
Z:\Projects\Smart-Farming\Datasets\final_combined_datasets\TLCE\BS\TLCE_BS_0817.JPG,Tomato,BS,uncontrolled,fea9c0d5878e9c48,Bacterial Spot
Z:\Projects\Smart-Farming\Datasets\final_combined_datasets\TLCE\BS\TLCE_BS_0818.JPG,Tomato,BS,uncontrolled,bbbccac381e0ed82,Bacterial Spot
Z:\Projects\Smart-Farming\Datasets\final_combined_datasets\TLCE\BS\TLCE_BS_0819.JPG,Tomato,BS,uncontrolled,da3a2416661d6ced,Bacterial Spot
Z:\Projects\Smart-Farming\Datasets\final_combined_datasets\TLCE\BS\TLCE_BS_0820.JPG,Tomato,BS,uncontrolled,d56e334dca9548b1,Bacterial Spot
Z:\Projects\Smart-Farming\Datasets\final_combined_datasets\TLCE\BS\TLCE_BS_0821.JPG,Tomato,BS,uncontrolled,eb40b467c63fc234,Bacterial Spot
Z:\Projects\Smart-Farming\Datasets\final_combined_datasets\TLCE\BS\TLCE_BS_0822.JPG,Tomato,BS,uncontrolled,f4a28f1df01d92f0,Bacterial Spot
Z:\Projects\Smart-Farming\Datasets\final_combined_datasets\TLCE\BS\TLCE_BS_0823.JPG,Tomato,BS,uncontrolled,f48ee11c87d29b13,Bacterial Spot
Z:\Projects\Smart-Farming\Datasets\final_combined_datasets\TLCE\BS\TLCE_BS_0824.JPG,Tomato,BS,uncontrolled,acd2f2cb81e446d3,Bacterial Spot
Z:\Projects\Smart-Farming\Datasets\final_combined_datasets\TLCE\BS\TLCE_BS_0825.JPG,Tomato,BS,uncontrolled,aeb4d44ac289cb9d,Bacterial Spot
Z:\Projects\Smart-Farming\Datasets\final_combined_datasets\TLCE\BS\TLCE_BS_0826.JPG,Tomato,BS,uncontrolled,abb4b54bd208ca9d,Bacterial Spot
Z:\Projects\Smart-Farming\Datasets\final_combined_datasets\TLCE\BS\TLCE_BS_0827.JPG,Tomato,BS,uncontrolled,eab1d19b8b588c6c,Bacterial Spot
Z:\Projects\Smart-Farming\Datasets\final_combined_datasets\TLCE\BS\TLCE_BS_0828.JPG,Tomato,BS,uncontrolled,fb61932bcb16c819,Bacterial Spot
Z:\Projects\Smart-Farming\Datasets\final_combined_datasets\TLCE\BS\TLCE_BS_0829.JPG,Tomato,BS,uncontrolled,eb45c11e947a8679,Bacterial Spot
Z:\Projects\Smart-Farming\Datasets\final_combined_datasets\TLCE\BS\TLCE_BS_0830.JPG,Tomato,BS,uncontrolled,ba839597c3d868e1,Bacterial Spot
Z:\Projects\Smart-Farming\Datasets\final_combined_datasets\TLCE\BS\TLCE_BS_0831.JPG,Tomato,BS,uncontrolled,e9c58d1c903bd3b8,Bacterial Spot
Z:\Projects\Smart-Farming\Datasets\final_combined_datasets\TLCE\BS\TLCE_BS_0832.JPG,Tomato,BS,uncontrolled,beb5f05290629b63,Bacterial Spot
Z:\Projects\Smart-Farming\Datasets\final_combined_datasets\TLCE\BS\TLCE_BS_0833.JPG,Tomato,BS,uncontrolled,b318f54f83b04c5b,Bacterial Spot
Z:\Projects\Smart-Farming\Datasets\final_combined_datasets\TLCE\BS\TLCE_BS_0834.JPG,Tomato,BS,uncontrolled,eae18596de8ac81b,Bacterial Spot
Z:\Projects\Smart-Farming\Datasets\final_combined_datasets\TLCE\BS\TLCE_BS_0835.JPG,Tomato,BS,uncontrolled,ed41c60f913cdb31,Bacterial Spot
Z:\Projects\Smart-Farming\Datasets\final_combined_datasets\TLCE\BS\TLCE_BS_0836.JPG,Tomato,BS,uncontrolled,b1e393c7ce9c4894,Bacterial Spot
Z:\Projects\Smart-Farming\Datasets\final_combined_datasets\TLCE\BS\TLCE_BS_0837.JPG,Tomato,BS,uncontrolled,aaf5f442864f961a,Bacterial Spot
Z:\Projects\Smart-Farming\Datasets\final_combined_datasets\TLCE\BS\TLCE_BS_0838.JPG,Tomato,BS,uncontrolled,bab0c14a9bc98fcc,Bacterial Spot
Z:\Projects\Smart-Farming\Datasets\final_combined_datasets\TLCE\BS\TLCE_BS_0839.JPG,Tomato,BS,uncontrolled,ba71954acb1de924,Bacterial Spot
Z:\Projects\Smart-Farming\Datasets\final_combined_datasets\TLCE\BS\TLCE_BS_0840.JPG,Tomato,BS,uncontrolled,ad30d20bcb2dceb4,Bacterial Spot
Z:\Projects\Smart-Farming\Datasets\final_combined_datasets\TLCE\BS\TLCE_BS_0841.JPG,Tomato,BS,uncontrolled,ef64c04eda1f891c,Bacterial Spot
Z:\Projects\Smart-Farming\Datasets\final_combined_datasets\TLCE\BS\TLCE_BS_0842.JPG,Tomato,BS,uncontrolled,e666369a59259d92,Bacterial Spot
Z:\Projects\Smart-Farming\Datasets\final_combined_datasets\TLCE\BS\TLCE_BS_0843.JPG,Tomato,BS,uncontrolled,fa45855e967ac834,Bacterial Spot
Z:\Projects\Smart-Farming\Datasets\final_combined_datasets\TLCE\BS\TLCE_BS_0844.JPG,Tomato,BS,uncontrolled,abe593c49999989a,Bacterial Spot
Z:\Projects\Smart-Farming\Datasets\final_combined_datasets\TLCE\BS\TLCE_BS_0845.JPG,Tomato,BS,uncontrolled,bde0924fdaa5c81a,Bacterial Spot
Z:\Projects\Smart-Farming\Datasets\final_combined_datasets\TLCE\BS\TLCE_BS_0846.JPG,Tomato,BS,uncontrolled,c6caa96d95359296,Bacterial Spot
Z:\Projects\Smart-Farming\Datasets\final_combined_datasets\TLCE\BS\TLCE_BS_0847.JPG,Tomato,BS,uncontrolled,aab5d15acbc98c4c,Bacterial Spot
Z:\Projects\Smart-Farming\Datasets\final_combined_datasets\TLCE\BS\TLCE_BS_0848.JPG,Tomato,BS,uncontrolled,bdd8d205c8b3c19b,Bacterial Spot
Z:\Projects\Smart-Farming\Datasets\final_combined_datasets\TLCE\BS\TLCE_BS_0849.JPG,Tomato,BS,uncontrolled,ebc1941ed23992e3,Bacterial Spot
Z:\Projects\Smart-Farming\Datasets\final_combined_datasets\TLCE\BS\TLCE_BS_0850.JPG,Tomato,BS,uncontrolled,abf0944bca0dcd35,Bacterial Spot
Z:\Projects\Smart-Farming\Datasets\final_combined_datasets\TLCE\BS\TLCE_BS_0851.JPG,Tomato,BS,uncontrolled,e8a5c6de985a8969,Bacterial Spot
Z:\Projects\Smart-Farming\Datasets\final_combined_datasets\TLCE\BS\TLCE_BS_0852.JPG,Tomato,BS,uncontrolled,ab92b4adca38817b,Bacterial Spot
Z:\Projects\Smart-Farming\Datasets\final_combined_datasets\TLCE\BS\TLCE_BS_0853.JPG,Tomato,BS,uncontrolled,ffa49c98c887e4c4,Bacterial Spot
Z:\Projects\Smart-Farming\Datasets\final_combined_datasets\TLCE\BS\TLCE_BS_0854.JPG,Tomato,BS,uncontrolled,bb25d036cb5b8549,Bacterial Spot
Z:\Projects\Smart-Farming\Datasets\final_combined_datasets\TLCE\BS\TLCE_BS_0855.JPG,Tomato,BS,uncontrolled,beb5d042c93f8664,Bacterial Spot
Z:\Projects\Smart-Farming\Datasets\final_combined_datasets\TLCE\BS\TLCE_BS_0856.JPG,Tomato,BS,uncontrolled,ef18d0699be5c606,Bacterial Spot
Z:\Projects\Smart-Farming\Datasets\final_combined_datasets\TLCE\BS\TLCE_BS_0857.JPG,Tomato,BS,uncontrolled,bbe0a58e86b8d21b,Bacterial Spot
Z:\Projects\Smart-Farming\Datasets\final_combined_datasets\TLCE\BS\TLCE_BS_0858.JPG,Tomato,BS,uncontrolled,bf52d03bc2304bf2,Bacterial Spot
Z:\Projects\Smart-Farming\Datasets\final_combined_datasets\TLCE\BS\TLCE_BS_0859.JPG,Tomato,BS,uncontrolled,aab4a54ac64bde29,Bacterial Spot
Z:\Projects\Smart-Farming\Datasets\final_combined_datasets\TLCE\BS\TLCE_BS_0860.JPG,Tomato,BS,uncontrolled,aab5d116c31b8b5a,Bacterial Spot
Z:\Projects\Smart-Farming\Datasets\final_combined_datasets\TLCE\BS\TLCE_BS_0861.JPG,Tomato,BS,uncontrolled,bc64b00b8379d33d,Bacterial Spot
Z:\Projects\Smart-Farming\Datasets\final_combined_datasets\TLCE\BS\TLCE_BS_0862.JPG,Tomato,BS,uncontrolled,aae4a506d69eca17,Bacterial Spot
Z:\Projects\Smart-Farming\Datasets\final_combined_datasets\TLCE\BS\TLCE_BS_0863.JPG,Tomato,BS,uncontrolled,afc4f44ac23d9632,Bacterial Spot
Z:\Projects\Smart-Farming\Datasets\final_combined_datasets\TLCE\BS\TLCE_BS_0864.JPG,Tomato,BS,uncontrolled,be31d00b937e916a,Bacterial Spot
Z:\Projects\Smart-Farming\Datasets\final_combined_datasets\TLCE\BS\TLCE_BS_0865.JPG,Tomato,BS,uncontrolled,ffa0a007c7ca8ee8,Bacterial Spot
Z:\Projects\Smart-Farming\Datasets\final_combined_datasets\TLCE\BS\TLCE_BS_0866.JPG,Tomato,BS,uncontrolled,fe8446b8999a13e3,Bacterial Spot
Z:\Projects\Smart-Farming\Datasets\final_combined_datasets\TLCE\BS\TLCE_BS_0867.JPG,Tomato,BS,uncontrolled,fb60a517943ec2b8,Bacterial Spot
Z:\Projects\Smart-Farming\Datasets\final_combined_datasets\TLCE\BS\TLCE_BS_0868.JPG,Tomato,BS,uncontrolled,baa194dacbad612c,Bacterial Spot
Z:\Projects\Smart-Farming\Datasets\final_combined_datasets\TLCE\BS\TLCE_BS_0869.JPG,Tomato,BS,uncontrolled,fee3a14ec6bc8049,Bacterial Spot
Z:\Projects\Smart-Farming\Datasets\final_combined_datasets\TLCE\BS\TLCE_BS_0870.JPG,Tomato,BS,uncontrolled,aae5b542931bb34a,Bacterial Spot
Z:\Projects\Smart-Farming\Datasets\final_combined_datasets\TLCE\BS\TLCE_BS_0871.JPG,Tomato,BS,uncontrolled,f38c8d31958792b3,Bacterial Spot
Z:\Projects\Smart-Farming\Datasets\final_combined_datasets\TLCE\BS\TLCE_BS_0872.JPG,Tomato,BS,uncontrolled,efa4c41e94f89b03,Bacterial Spot
Z:\Projects\Smart-Farming\Datasets\final_combined_datasets\TLCE\BS\TLCE_BS_0873.JPG,Tomato,BS,uncontrolled,ff40e02f872c94ce,Bacterial Spot
Z:\Projects\Smart-Farming\Datasets\final_combined_datasets\TLCE\BS\TLCE_BS_0874.JPG,Tomato,BS,uncontrolled,acc9e74eca14993a,Bacterial Spot
Z:\Projects\Smart-Farming\Datasets\final_combined_datasets\TLCE\BS\TLCE_BS_0875.JPG,Tomato,BS,uncontrolled,bfb0914b9ae58d44,Bacterial Spot
Z:\Projects\Smart-Farming\Datasets\final_combined_datasets\TLCE\BS\TLCE_BS_0876.JPG,Tomato,BS,uncontrolled,a64f7d487037c332,Bacterial Spot
Z:\Projects\Smart-Farming\Datasets\final_combined_datasets\TLCE\BS\TLCE_BS_0877.JPG,Tomato,BS,uncontrolled,eed0b0a79997868c,Bacterial Spot
Z:\Projects\Smart-Farming\Datasets\final_combined_datasets\TLCE\BS\TLCE_BS_0878.JPG,Tomato,BS,uncontrolled,fec0c51f941a9179,Bacterial Spot
Z:\Projects\Smart-Farming\Datasets\final_combined_datasets\TLCE\BS\TLCE_BS_0879.JPG,Tomato,BS,uncontrolled,ab19b4fbcbc0840f,Bacterial Spot
Z:\Projects\Smart-Farming\Datasets\final_combined_datasets\TLCE\BS\TLCE_BS_0880.JPG,Tomato,BS,uncontrolled,eab5c1d287ca9c29,Bacterial Spot
Z:\Projects\Smart-Farming\Datasets\final_combined_datasets\TLCE\BS\TLCE_BS_0881.JPG,Tomato,BS,uncontrolled,e943851fd0798774,Bacterial Spot
Z:\Projects\Smart-Farming\Datasets\final_combined_datasets\TLCE\BS\TLCE_BS_0882.JPG,Tomato,BS,uncontrolled,bf11c058a54bd6ad,Bacterial Spot
Z:\Projects\Smart-Farming\Datasets\final_combined_datasets\TLCE\BS\TLCE_BS_0883.JPG,Tomato,BS,uncontrolled,a3e397769c2bd00c,Bacterial Spot
Z:\Projects\Smart-Farming\Datasets\final_combined_datasets\TLCE\BS\TLCE_BS_0884.JPG,Tomato,BS,uncontrolled,bfb0d04bca0dc6e4,Bacterial Spot
Z:\Projects\Smart-Farming\Datasets\final_combined_datasets\TLCE\BS\TLCE_BS_0885.JPG,Tomato,BS,uncontrolled,f8c5841e9239c73b,Bacterial Spot
Z:\Projects\Smart-Farming\Datasets\final_combined_datasets\TLCE\BS\TLCE_BS_0886.JPG,Tomato,BS,uncontrolled,afb484cade8ea528,Bacterial Spot
Z:\Projects\Smart-Farming\Datasets\final_combined_datasets\TLCE\BS\TLCE_BS_0887.JPG,Tomato,BS,uncontrolled,bce4c7cec10c9879,Bacterial Spot
Z:\Projects\Smart-Farming\Datasets\final_combined_datasets\TLCE\BS\TLCE_BS_0888.JPG,Tomato,BS,uncontrolled,aeb1e2c231215fce,Bacterial Spot
Z:\Projects\Smart-Farming\Datasets\final_combined_datasets\TLCE\BS\TLCE_BS_0889.JPG,Tomato,BS,uncontrolled,ebe1955a98c9ca8c,Bacterial Spot
Z:\Projects\Smart-Farming\Datasets\final_combined_datasets\TLCE\BS\TLCE_BS_0890.JPG,Tomato,BS,uncontrolled,dac925acc6b42cd6,Bacterial Spot
Z:\Projects\Smart-Farming\Datasets\final_combined_datasets\TLCE\BS\TLCE_BS_0891.JPG,Tomato,BS,uncontrolled,bab094d2c20dcfd9,Bacterial Spot
Z:\Projects\Smart-Farming\Datasets\final_combined_datasets\TLCE\BS\TLCE_BS_0892.JPG,Tomato,BS,uncontrolled,bc56c45acb354af0,Bacterial Spot
Z:\Projects\Smart-Farming\Datasets\final_combined_datasets\TLCE\BS\TLCE_BS_0893.JPG,Tomato,BS,uncontrolled,ea6cc04f873b9338,Bacterial Spot
Z:\Projects\Smart-Farming\Datasets\final_combined_datasets\TLCE\BS\TLCE_BS_0894.JPG,Tomato,BS,uncontrolled,adb1c29b974b941c,Bacterial Spot
Z:\Projects\Smart-Farming\Datasets\final_combined_datasets\TLCE\BS\TLCE_BS_0895.JPG,Tomato,BS,uncontrolled,bbb8d0c6325f8d60,Bacterial Spot
Z:\Projects\Smart-Farming\Datasets\final_combined_datasets\TLCE\BS\TLCE_BS_0896.JPG,Tomato,BS,uncontrolled,e992954cda7c89b4,Bacterial Spot
Z:\Projects\Smart-Farming\Datasets\final_combined_datasets\TLCE\BS\TLCE_BS_0897.JPG,Tomato,BS,uncontrolled,bae1f15ac14bc5c8,Bacterial Spot
Z:\Projects\Smart-Farming\Datasets\final_combined_datasets\TLCE\BS\TLCE_BS_0898.JPG,Tomato,BS,uncontrolled,bb18cc37706043fd,Bacterial Spot
Z:\Projects\Smart-Farming\Datasets\final_combined_datasets\TLCE\BS\TLCE_BS_0899.JPG,Tomato,BS,uncontrolled,fee1e00b841e9eb4,Bacterial Spot
Z:\Projects\Smart-Farming\Datasets\final_combined_datasets\TLCE\BS\TLCE_BS_0900.JPG,Tomato,BS,uncontrolled,8f6e70c03d4f60d3,Bacterial Spot
Z:\Projects\Smart-Farming\Datasets\final_combined_datasets\TLCE\BS\TLCE_BS_0901.JPG,Tomato,BS,uncontrolled,fea881d58fc69c0a,Bacterial Spot
Z:\Projects\Smart-Farming\Datasets\final_combined_datasets\TLCE\BS\TLCE_BS_0902.JPG,Tomato,BS,uncontrolled,fe54937ac02d8a65,Bacterial Spot
Z:\Projects\Smart-Farming\Datasets\final_combined_datasets\TLCE\BS\TLCE_BS_0903.JPG,Tomato,BS,uncontrolled,eb46e12e933d8760,Bacterial Spot
Z:\Projects\Smart-Farming\Datasets\final_combined_datasets\TLCE\BS\TLCE_BS_0904.JPG,Tomato,BS,uncontrolled,aef950e331876386,Bacterial Spot
Z:\Projects\Smart-Farming\Datasets\final_combined_datasets\TLCE\BS\TLCE_BS_0905.JPG,Tomato,BS,uncontrolled,bab0d0ca0bcee5ca,Bacterial Spot
Z:\Projects\Smart-Farming\Datasets\final_combined_datasets\TLCE\BS\TLCE_BS_0906.JPG,Tomato,BS,uncontrolled,be15c07a8d789563,Bacterial Spot
Z:\Projects\Smart-Farming\Datasets\final_combined_datasets\TLCE\BS\TLCE_BS_0907.JPG,Tomato,BS,uncontrolled,f8c3873c940cd6d9,Bacterial Spot
Z:\Projects\Smart-Farming\Datasets\final_combined_datasets\TLCE\BS\TLCE_BS_0908.JPG,Tomato,BS,uncontrolled,bbb1d14acb4d8c64,Bacterial Spot
Z:\Projects\Smart-Farming\Datasets\final_combined_datasets\TLCE\BS\TLCE_BS_0909.JPG,Tomato,BS,uncontrolled,fae0859ed098d91b,Bacterial Spot
Z:\Projects\Smart-Farming\Datasets\final_combined_datasets\TLCE\BS\TLCE_BS_0910.JPG,Tomato,BS,uncontrolled,bedbd3c5c8362118,Bacterial Spot
Z:\Projects\Smart-Farming\Datasets\final_combined_datasets\TLCE\BS\TLCE_BS_0911.JPG,Tomato,BS,uncontrolled,ba9f85ce468dc1e0,Bacterial Spot
Z:\Projects\Smart-Farming\Datasets\final_combined_datasets\TLCE\BS\TLCE_BS_0912.JPG,Tomato,BS,uncontrolled,eac5879ad81b8939,Bacterial Spot
Z:\Projects\Smart-Farming\Datasets\final_combined_datasets\TLCE\BS\TLCE_BS_0913.JPG,Tomato,BS,uncontrolled,fa17e17a976098c1,Bacterial Spot
Z:\Projects\Smart-Farming\Datasets\final_combined_datasets\TLCE\BS\TLCE_BS_0914.JPG,Tomato,BS,uncontrolled,bb04947ada6dc784,Bacterial Spot
Z:\Projects\Smart-Farming\Datasets\final_combined_datasets\TLCE\BS\TLCE_BS_0915.JPG,Tomato,BS,uncontrolled,acf2d08d4b3c26f2,Bacterial Spot
Z:\Projects\Smart-Farming\Datasets\final_combined_datasets\TLCE\BS\TLCE_BS_0916.JPG,Tomato,BS,uncontrolled,aaa5b580d2cbca9d,Bacterial Spot
Z:\Projects\Smart-Farming\Datasets\final_combined_datasets\TLCE\BS\TLCE_BS_0917.JPG,Tomato,BS,uncontrolled,ff50c507d6329b60,Bacterial Spot
Z:\Projects\Smart-Farming\Datasets\final_combined_datasets\TLCE\BS\TLCE_BS_0918.JPG,Tomato,BS,uncontrolled,ffe2e0178232dc38,Bacterial Spot
Z:\Projects\Smart-Farming\Datasets\final_combined_datasets\TLCE\BS\TLCE_BS_0919.JPG,Tomato,BS,uncontrolled,ea71855f976092c5,Bacterial Spot
Z:\Projects\Smart-Farming\Datasets\final_combined_datasets\TLCE\BS\TLCE_BS_0920.JPG,Tomato,BS,uncontrolled,beb490da8b4dcc64,Bacterial Spot
Z:\Projects\Smart-Farming\Datasets\final_combined_datasets\TLCE\BS\TLCE_BS_0921.JPG,Tomato,BS,uncontrolled,e9941a690ccf33f8,Bacterial Spot
Z:\Projects\Smart-Farming\Datasets\final_combined_datasets\TLCE\BS\TLCE_BS_0922.JPG,Tomato,BS,uncontrolled,ad10c36f93661e66,Bacterial Spot
Z:\Projects\Smart-Farming\Datasets\final_combined_datasets\TLCE\BS\TLCE_BS_0923.JPG,Tomato,BS,uncontrolled,efe4c51b4a9992d0,Bacterial Spot
Z:\Projects\Smart-Farming\Datasets\final_combined_datasets\TLCE\BS\TLCE_BS_0924.JPG,Tomato,BS,uncontrolled,afc4d24a913dd239,Bacterial Spot
Z:\Projects\Smart-Farming\Datasets\final_combined_datasets\TLCE\BS\TLCE_BS_0925.JPG,Tomato,BS,uncontrolled,af98926fc89c8c66,Bacterial Spot
Z:\Projects\Smart-Farming\Datasets\final_combined_datasets\TLCE\BS\TLCE_BS_0926.JPG,Tomato,BS,uncontrolled,bf6c9035c836c9b2,Bacterial Spot
Z:\Projects\Smart-Farming\Datasets\final_combined_datasets\TLCE\BS\TLCE_BS_0927.JPG,Tomato,BS,uncontrolled,ba95954ade49c525,Bacterial Spot
Z:\Projects\Smart-Farming\Datasets\final_combined_datasets\TLCE\BS\TLCE_BS_0928.JPG,Tomato,BS,uncontrolled,ffb0c09b08bf4ce0,Bacterial Spot
Z:\Projects\Smart-Farming\Datasets\final_combined_datasets\TLCE\BS\TLCE_BS_0929.JPG,Tomato,BS,uncontrolled,ef94904a87995e39,Bacterial Spot
Z:\Projects\Smart-Farming\Datasets\final_combined_datasets\TLCE\BS\TLCE_BS_0930.JPG,Tomato,BS,uncontrolled,ab96d209d54ab54e,Bacterial Spot
Z:\Projects\Smart-Farming\Datasets\final_combined_datasets\TLCE\BS\TLCE_BS_0931.JPG,Tomato,BS,uncontrolled,fa60a517c43acb39,Bacterial Spot
Z:\Projects\Smart-Farming\Datasets\final_combined_datasets\TLCE\BS\TLCE_BS_0932.JPG,Tomato,BS,uncontrolled,f834811ec72fd269,Bacterial Spot
Z:\Projects\Smart-Farming\Datasets\final_combined_datasets\TLCE\BS\TLCE_BS_0933.JPG,Tomato,BS,uncontrolled,ad90d0c9dd4d964e,Bacterial Spot
Z:\Projects\Smart-Farming\Datasets\final_combined_datasets\TLCE\BS\TLCE_BS_0934.JPG,Tomato,BS,uncontrolled,eaa5851e96f89b21,Bacterial Spot
Z:\Projects\Smart-Farming\Datasets\final_combined_datasets\TLCE\BS\TLCE_BS_0935.JPG,Tomato,BS,uncontrolled,eea4e496c79a8c98,Bacterial Spot
Z:\Projects\Smart-Farming\Datasets\final_combined_datasets\TLCE\BS\TLCE_BS_0936.JPG,Tomato,BS,uncontrolled,ea34e037c71f834a,Bacterial Spot
Z:\Projects\Smart-Farming\Datasets\final_combined_datasets\TLCE\BS\TLCE_BS_0937.JPG,Tomato,BS,uncontrolled,f2b1e14d93718c66,Bacterial Spot
Z:\Projects\Smart-Farming\Datasets\final_combined_datasets\TLCE\BS\TLCE_BS_0938.JPG,Tomato,BS,uncontrolled,ad70c432873bda6c,Bacterial Spot
Z:\Projects\Smart-Farming\Datasets\final_combined_datasets\TLCE\BS\TLCE_BS_0939.JPG,Tomato,BS,uncontrolled,aeb6d64bc84d8664,Bacterial Spot
Z:\Projects\Smart-Farming\Datasets\final_combined_datasets\TLCE\BS\TLCE_BS_0940.JPG,Tomato,BS,uncontrolled,bce3138d0c8cf5c6,Bacterial Spot
Z:\Projects\Smart-Farming\Datasets\final_combined_datasets\TLCE\BS\TLCE_BS_0941.JPG,Tomato,BS,uncontrolled,be98d049c3ad46d6,Bacterial Spot
Z:\Projects\Smart-Farming\Datasets\final_combined_datasets\TLCE\BS\TLCE_BS_0942.JPG,Tomato,BS,uncontrolled,bf34d06a8f2d0cc3,Bacterial Spot
Z:\Projects\Smart-Farming\Datasets\final_combined_datasets\TLCE\BS\TLCE_BS_0943.JPG,Tomato,BS,uncontrolled,cb6c25ca9296c9b3,Bacterial Spot
Z:\Projects\Smart-Farming\Datasets\final_combined_datasets\TLCE\BS\TLCE_BS_0944.JPG,Tomato,BS,uncontrolled,ffa8e583d582900f,Bacterial Spot
Z:\Projects\Smart-Farming\Datasets\final_combined_datasets\TLCE\BS\TLCE_BS_0945.JPG,Tomato,BS,uncontrolled,ad13d534ca269f29,Bacterial Spot
Z:\Projects\Smart-Farming\Datasets\final_combined_datasets\TLCE\BS\TLCE_BS_0946.JPG,Tomato,BS,uncontrolled,eae08517b51ec17c,Bacterial Spot
Z:\Projects\Smart-Farming\Datasets\final_combined_datasets\TLCE\BS\TLCE_BS_0947.JPG,Tomato,BS,uncontrolled,a9b0947aca25cf36,Bacterial Spot
Z:\Projects\Smart-Farming\Datasets\final_combined_datasets\TLCE\BS\TLCE_BS_0948.JPG,Tomato,BS,uncontrolled,fa70b129a5c99167,Bacterial Spot
Z:\Projects\Smart-Farming\Datasets\final_combined_datasets\TLCE\BS\TLCE_BS_0949.JPG,Tomato,BS,uncontrolled,bcb0930bc5adc6c6,Bacterial Spot
Z:\Projects\Smart-Farming\Datasets\final_combined_datasets\TLCE\BS\TLCE_BS_0950.JPG,Tomato,BS,uncontrolled,aaf0e19ac74ab338,Bacterial Spot
Z:\Projects\Smart-Farming\Datasets\final_combined_datasets\TLCE\BS\TLCE_BS_0951.JPG,Tomato,BS,uncontrolled,adb5f20a934b9698,Bacterial Spot
Z:\Projects\Smart-Farming\Datasets\final_combined_datasets\TLCE\BS\TLCE_BS_0952.JPG,Tomato,BS,uncontrolled,ab2cb570d085cf1e,Bacterial Spot
Z:\Projects\Smart-Farming\Datasets\final_combined_datasets\TLCE\BS\TLCE_BS_0953.JPG,Tomato,BS,uncontrolled,aeb5945ac2a9d985,Bacterial Spot
Z:\Projects\Smart-Farming\Datasets\final_combined_datasets\TLCE\BS\TLCE_BS_0954.JPG,Tomato,BS,uncontrolled,aa1d955ac8e909e7,Bacterial Spot
Z:\Projects\Smart-Farming\Datasets\final_combined_datasets\TLCE\BS\TLCE_BS_0955.JPG,Tomato,BS,uncontrolled,bf149007d03fc17b,Bacterial Spot
Z:\Projects\Smart-Farming\Datasets\final_combined_datasets\TLCE\BS\TLCE_BS_0956.JPG,Tomato,BS,uncontrolled,ff445238c33ec463,Bacterial Spot
Z:\Projects\Smart-Farming\Datasets\final_combined_datasets\TLCE\BS\TLCE_BS_0957.JPG,Tomato,BS,uncontrolled,bc13e39c49e616e4,Bacterial Spot
Z:\Projects\Smart-Farming\Datasets\final_combined_datasets\TLCE\BS\TLCE_BS_0958.JPG,Tomato,BS,uncontrolled,e8e9859ed81ccb31,Bacterial Spot
Z:\Projects\Smart-Farming\Datasets\final_combined_datasets\TLCE\BS\TLCE_BS_0959.JPG,Tomato,BS,uncontrolled,abb7d04ab14dd22c,Bacterial Spot
Z:\Projects\Smart-Farming\Datasets\final_combined_datasets\TLCE\BS\TLCE_BS_0960.JPG,Tomato,BS,uncontrolled,ad96d249834b9fb0,Bacterial Spot
Z:\Projects\Smart-Farming\Datasets\final_combined_datasets\TLCE\BS\TLCE_BS_0961.JPG,Tomato,BS,uncontrolled,e2e1859e9a2dd91c,Bacterial Spot
Z:\Projects\Smart-Farming\Datasets\final_combined_datasets\TLCE\BS\TLCE_BS_0962.JPG,Tomato,BS,uncontrolled,82a1676e4ddcd991,Bacterial Spot
Z:\Projects\Smart-Farming\Datasets\final_combined_datasets\TLCE\BS\TLCE_BS_0963.JPG,Tomato,BS,uncontrolled,b9e192b6c91bc435,Bacterial Spot
Z:\Projects\Smart-Farming\Datasets\final_combined_datasets\TLCE\BS\TLCE_BS_0964.JPG,Tomato,BS,uncontrolled,ebc0d01f91b197a6,Bacterial Spot
Z:\Projects\Smart-Farming\Datasets\final_combined_datasets\TLCE\BS\TLCE_BS_0965.JPG,Tomato,BS,uncontrolled,a983d05e8fc9cc0f,Bacterial Spot
Z:\Projects\Smart-Farming\Datasets\final_combined_datasets\TLCE\BS\TLCE_BS_0966.JPG,Tomato,BS,uncontrolled,aae1958eda9ac998,Bacterial Spot
Z:\Projects\Smart-Farming\Datasets\final_combined_datasets\TLCE\BS\TLCE_BS_0967.JPG,Tomato,BS,uncontrolled,eae785949ed8828b,Bacterial Spot
Z:\Projects\Smart-Farming\Datasets\final_combined_datasets\TLCE\BS\TLCE_BS_0968.JPG,Tomato,BS,uncontrolled,ba16e43dcb708731,Bacterial Spot
Z:\Projects\Smart-Farming\Datasets\final_combined_datasets\TLCE\BS\TLCE_BS_0969.JPG,Tomato,BS,uncontrolled,f08647b9189d69da,Bacterial Spot
Z:\Projects\Smart-Farming\Datasets\final_combined_datasets\TLCE\BS\TLCE_BS_0970.JPG,Tomato,BS,uncontrolled,ee0dd23cb13225e3,Bacterial Spot
Z:\Projects\Smart-Farming\Datasets\final_combined_datasets\TLCE\BS\TLCE_BS_0971.JPG,Tomato,BS,uncontrolled,aff4d203924fd10e,Bacterial Spot
Z:\Projects\Smart-Farming\Datasets\final_combined_datasets\TLCE\BS\TLCE_BS_0972.JPG,Tomato,BS,uncontrolled,a1b0f64ec2659cda,Bacterial Spot
Z:\Projects\Smart-Farming\Datasets\final_combined_datasets\TLCE\BS\TLCE_BS_0973.JPG,Tomato,BS,uncontrolled,faa5855f901ac539,Bacterial Spot
Z:\Projects\Smart-Farming\Datasets\final_combined_datasets\TLCE\BS\TLCE_BS_0974.JPG,Tomato,BS,uncontrolled,b8e1c48f96da58b8,Bacterial Spot
Z:\Projects\Smart-Farming\Datasets\final_combined_datasets\TLCE\BS\TLCE_BS_0975.JPG,Tomato,BS,uncontrolled,fab181558f4ada8c,Bacterial Spot
Z:\Projects\Smart-Farming\Datasets\final_combined_datasets\TLCE\BS\TLCE_BS_0976.JPG,Tomato,BS,uncontrolled,beb1b097c3ca0ccc,Bacterial Spot
Z:\Projects\Smart-Farming\Datasets\final_combined_datasets\TLCE\BS\TLCE_BS_0977.JPG,Tomato,BS,uncontrolled,bab5d04ac569c678,Bacterial Spot
Z:\Projects\Smart-Farming\Datasets\final_combined_datasets\TLCE\BS\TLCE_BS_0978.JPG,Tomato,BS,uncontrolled,ec3436ce33cd1998,Bacterial Spot
Z:\Projects\Smart-Farming\Datasets\final_combined_datasets\TLCE\BS\TLCE_BS_0979.JPG,Tomato,BS,uncontrolled,ebe5c14e979c9850,Bacterial Spot
Z:\Projects\Smart-Farming\Datasets\final_combined_datasets\TLCE\BS\TLCE_BS_0980.JPG,Tomato,BS,uncontrolled,dbd8e498e5257681,Bacterial Spot
Z:\Projects\Smart-Farming\Datasets\final_combined_datasets\TLCE\BS\TLCE_BS_0981.JPG,Tomato,BS,uncontrolled,fe21e04ec03783de,Bacterial Spot
Z:\Projects\Smart-Farming\Datasets\final_combined_datasets\TLCE\BS\TLCE_BS_0982.JPG,Tomato,BS,uncontrolled,ad70c71ad44f9278,Bacterial Spot
Z:\Projects\Smart-Farming\Datasets\final_combined_datasets\TLCE\BS\TLCE_BS_0983.JPG,Tomato,BS,uncontrolled,bf60950fd22fc017,Bacterial Spot
Z:\Projects\Smart-Farming\Datasets\final_combined_datasets\TLCE\BS\TLCE_BS_0984.JPG,Tomato,BS,uncontrolled,a812954ddb25ec3e,Bacterial Spot
Z:\Projects\Smart-Farming\Datasets\final_combined_datasets\TLCE\BS\TLCE_BS_0985.JPG,Tomato,BS,uncontrolled,fee18057c31acb38,Bacterial Spot
Z:\Projects\Smart-Farming\Datasets\final_combined_datasets\TLCE\BS\TLCE_BS_0986.JPG,Tomato,BS,uncontrolled,f68f995cce60c132,Bacterial Spot
Z:\Projects\Smart-Farming\Datasets\final_combined_datasets\TLCE\BS\TLCE_BS_0987.JPG,Tomato,BS,uncontrolled,aea695d2da610d8d,Bacterial Spot
Z:\Projects\Smart-Farming\Datasets\final_combined_datasets\TLCE\BS\TLCE_BS_0988.JPG,Tomato,BS,uncontrolled,f632ad4ba915a169,Bacterial Spot
Z:\Projects\Smart-Farming\Datasets\final_combined_datasets\TLCE\BS\TLCE_BS_0989.JPG,Tomato,BS,uncontrolled,ad70d649d203b54f,Bacterial Spot
Z:\Projects\Smart-Farming\Datasets\final_combined_datasets\TLCE\BS\TLCE_BS_0990.JPG,Tomato,BS,uncontrolled,cea5339249cdc66c,Bacterial Spot
Z:\Projects\Smart-Farming\Datasets\final_combined_datasets\TLCE\BS\TLCE_BS_0991.JPG,Tomato,BS,uncontrolled,e8f39587d22a4b38,Bacterial Spot
Z:\Projects\Smart-Farming\Datasets\final_combined_datasets\TLCE\BS\TLCE_BS_0992.JPG,Tomato,BS,uncontrolled,e945871eda380fe1,Bacterial Spot
Z:\Projects\Smart-Farming\Datasets\final_combined_datasets\TLCE\BS\TLCE_BS_0993.JPG,Tomato,BS,uncontrolled,ae19e07bc6e0cbc4,Bacterial Spot
Z:\Projects\Smart-Farming\Datasets\final_combined_datasets\TLCE\BS\TLCE_BS_0994.JPG,Tomato,BS,uncontrolled,aae5c10ec76e8678,Bacterial Spot
Z:\Projects\Smart-Farming\Datasets\final_combined_datasets\TLCE\BS\TLCE_BS_0995.JPG,Tomato,BS,uncontrolled,b8dc66e1d9864e1c,Bacterial Spot
Z:\Projects\Smart-Farming\Datasets\final_combined_datasets\TLCE\BS\TLCE_BS_0996.JPG,Tomato,BS,uncontrolled,f2cae9948562d4b6,Bacterial Spot
Z:\Projects\Smart-Farming\Datasets\final_combined_datasets\TLCE\BS\TLCE_BS_0997.JPG,Tomato,BS,uncontrolled,deafa3b011c75238,Bacterial Spot
Z:\Projects\Smart-Farming\Datasets\final_combined_datasets\TLCE\BS\TLCE_BS_0998.JPG,Tomato,BS,uncontrolled,fa65a012d17b92cb,Bacterial Spot
Z:\Projects\Smart-Farming\Datasets\final_combined_datasets\TLCE\BS\TLCE_BS_0999.JPG,Tomato,BS,uncontrolled,daca23b994258db9,Bacterial Spot
Z:\Projects\Smart-Farming\Datasets\final_combined_datasets\TLCE\BS\TLCE_BS_1000.JPG,Tomato,BS,uncontrolled,ff60e11fd0cd0c64,Bacterial Spot
Z:\Projects\Smart-Farming\Datasets\final_combined_datasets\TLCE\BS\TLCE_BS_1001.JPG,Tomato,BS,uncontrolled,acb0c093dbd349c7,Bacterial Spot
Z:\Projects\Smart-Farming\Datasets\final_combined_datasets\TLCE\BS\TLCE_BS_1002.JPG,Tomato,BS,uncontrolled,bef0c44ace39ccb0,Bacterial Spot
Z:\Projects\Smart-Farming\Datasets\final_combined_datasets\TLCE\BS\TLCE_BS_1003.JPG,Tomato,BS,uncontrolled,adb2d04bcb2d4aa5,Bacterial Spot
Z:\Projects\Smart-Farming\Datasets\final_combined_datasets\TLCE\BS\TLCE_BS_1004.JPG,Tomato,BS,uncontrolled,feb0c05b8d6d1ce0,Bacterial Spot
Z:\Projects\Smart-Farming\Datasets\final_combined_datasets\TLCE\BS\TLCE_BS_1005.JPG,Tomato,BS,uncontrolled,ec70904bd32dd23d,Bacterial Spot
Z:\Projects\Smart-Farming\Datasets\final_combined_datasets\TLCE\BS\TLCE_BS_1006.JPG,Tomato,BS,uncontrolled,beb4d0d8c14dc86e,Bacterial Spot
Z:\Projects\Smart-Farming\Datasets\final_combined_datasets\TLCE\BS\TLCE_BS_1007.JPG,Tomato,BS,uncontrolled,9cdeb069c3e4c992,Bacterial Spot
Z:\Projects\Smart-Farming\Datasets\final_combined_datasets\TLCE\BS\TLCE_BS_1008.JPG,Tomato,BS,uncontrolled,eac8871fd43993d0,Bacterial Spot
Z:\Projects\Smart-Farming\Datasets\final_combined_datasets\TLCE\BS\TLCE_BS_1009.JPG,Tomato,BS,uncontrolled,eae5851cd01b93e3,Bacterial Spot
Z:\Projects\Smart-Farming\Datasets\final_combined_datasets\TLCE\BS\TLCE_BS_1010.JPG,Tomato,BS,uncontrolled,baf1c15acf2dc830,Bacterial Spot
Z:\Projects\Smart-Farming\Datasets\final_combined_datasets\TLCE\BS\TLCE_BS_1011.JPG,Tomato,BS,uncontrolled,fa60850fd67e4664,Bacterial Spot
Z:\Projects\Smart-Farming\Datasets\final_combined_datasets\TLCE\BS\TLCE_BS_1012.JPG,Tomato,BS,uncontrolled,ffa09417c2599d58,Bacterial Spot
Z:\Projects\Smart-Farming\Datasets\final_combined_datasets\TLCE\BS\TLCE_BS_1013.JPG,Tomato,BS,uncontrolled,ab81944ec33d5abc,Bacterial Spot
Z:\Projects\Smart-Farming\Datasets\final_combined_datasets\TLCE\BS\TLCE_BS_1014.JPG,Tomato,BS,uncontrolled,be91c44b866cda1d,Bacterial Spot
Z:\Projects\Smart-Farming\Datasets\final_combined_datasets\TLCE\BS\TLCE_BS_1015.JPG,Tomato,BS,uncontrolled,cb3b25c53c86313e,Bacterial Spot
Z:\Projects\Smart-Farming\Datasets\final_combined_datasets\TLCE\BS\TLCE_BS_1016.JPG,Tomato,BS,uncontrolled,feb1904b9b6c944c,Bacterial Spot
Z:\Projects\Smart-Farming\Datasets\final_combined_datasets\TLCE\BS\TLCE_BS_1017.JPG,Tomato,BS,uncontrolled,abb4d04bc5cd8d4a,Bacterial Spot
Z:\Projects\Smart-Farming\Datasets\final_combined_datasets\TLCE\BS\TLCE_BS_1018.JPG,Tomato,BS,uncontrolled,be92c109cb27966d,Bacterial Spot
Z:\Projects\Smart-Farming\Datasets\final_combined_datasets\TLCE\BS\TLCE_BS_1019.JPG,Tomato,BS,uncontrolled,b6a4c8d9c31bb139,Bacterial Spot
Z:\Projects\Smart-Farming\Datasets\final_combined_datasets\TLCE\BS\TLCE_BS_1020.JPG,Tomato,BS,uncontrolled,8ff0308763de8639,Bacterial Spot
Z:\Projects\Smart-Farming\Datasets\final_combined_datasets\TLCE\BS\TLCE_BS_1021.JPG,Tomato,BS,uncontrolled,ade4d40e92799a39,Bacterial Spot
Z:\Projects\Smart-Farming\Datasets\final_combined_datasets\TLCE\BS\TLCE_BS_1022.JPG,Tomato,BS,uncontrolled,a69bd9e0c14b96a5,Bacterial Spot
Z:\Projects\Smart-Farming\Datasets\final_combined_datasets\TLCE\BS\TLCE_BS_1023.JPG,Tomato,BS,uncontrolled,d829e9f2246ec66c,Bacterial Spot
Z:\Projects\Smart-Farming\Datasets\final_combined_datasets\TLCE\BS\TLCE_BS_1024.JPG,Tomato,BS,uncontrolled,ea3e85f0bca0e0c7,Bacterial Spot
Z:\Projects\Smart-Farming\Datasets\final_combined_datasets\TLCE\BS\TLCE_BS_1025.JPG,Tomato,BS,uncontrolled,ee11e07a87615a67,Bacterial Spot
Z:\Projects\Smart-Farming\Datasets\final_combined_datasets\TLCE\BS\TLCE_BS_1026.JPG,Tomato,BS,uncontrolled,af35d04ce23be138,Bacterial Spot
Z:\Projects\Smart-Farming\Datasets\final_combined_datasets\TLCE\BS\TLCE_BS_1027.JPG,Tomato,BS,uncontrolled,fc24915ac33b9761,Bacterial Spot
Z:\Projects\Smart-Farming\Datasets\final_combined_datasets\TLCE\BS\TLCE_BS_1028.JPG,Tomato,BS,uncontrolled,f946835e9c681be1,Bacterial Spot
Z:\Projects\Smart-Farming\Datasets\final_combined_datasets\TLCE\BS\TLCE_BS_1029.JPG,Tomato,BS,uncontrolled,d62e2bf8b4c70986,Bacterial Spot
Z:\Projects\Smart-Farming\Datasets\final_combined_datasets\TLCE\BS\TLCE_BS_1030.JPG,Tomato,BS,uncontrolled,add3f04d9324c372,Bacterial Spot
Z:\Projects\Smart-Farming\Datasets\final_combined_datasets\TLCE\BS\TLCE_BS_1031.JPG,Tomato,BS,uncontrolled,a914c17a9769dae1,Bacterial Spot
Z:\Projects\Smart-Farming\Datasets\final_combined_datasets\TLCE\BS\TLCE_BS_1032.JPG,Tomato,BS,uncontrolled,bef0c30bcb0e9469,Bacterial Spot
Z:\Projects\Smart-Farming\Datasets\final_combined_datasets\TLCE\BS\TLCE_BS_1033.JPG,Tomato,BS,uncontrolled,f4d91b2649e11ec6,Bacterial Spot
Z:\Projects\Smart-Farming\Datasets\final_combined_datasets\TLCE\BS\TLCE_BS_1034.JPG,Tomato,BS,uncontrolled,efe7641624339323,Bacterial Spot
Z:\Projects\Smart-Farming\Datasets\final_combined_datasets\TLCE\BS\TLCE_BS_1035.JPG,Tomato,BS,uncontrolled,abc13dce383c7238,Bacterial Spot
Z:\Projects\Smart-Farming\Datasets\final_combined_datasets\TLCE\BS\TLCE_BS_1036.JPG,Tomato,BS,uncontrolled,fce18116c61ecaf8,Bacterial Spot
Z:\Projects\Smart-Farming\Datasets\final_combined_datasets\TLCE\BS\TLCE_BS_1037.JPG,Tomato,BS,uncontrolled,aeb0b14bc4bd494e,Bacterial Spot
Z:\Projects\Smart-Farming\Datasets\final_combined_datasets\TLCE\BS\TLCE_BS_1038.JPG,Tomato,BS,uncontrolled,abf1f34bc02dd602,Bacterial Spot
Z:\Projects\Smart-Farming\Datasets\final_combined_datasets\TLCE\BS\TLCE_BS_1039.JPG,Tomato,BS,uncontrolled,ff96e0c091e18d4b,Bacterial Spot
Z:\Projects\Smart-Farming\Datasets\final_combined_datasets\TLCE\BS\TLCE_BS_1040.JPG,Tomato,BS,uncontrolled,eee4854dc28f7825,Bacterial Spot
Z:\Projects\Smart-Farming\Datasets\final_combined_datasets\TLCE\BS\TLCE_BS_1041.JPG,Tomato,BS,uncontrolled,aeb2d20bc3ad8d52,Bacterial Spot
Z:\Projects\Smart-Farming\Datasets\final_combined_datasets\TLCE\BS\TLCE_BS_1042.JPG,Tomato,BS,uncontrolled,eb72c02d97351ac6,Bacterial Spot
Z:\Projects\Smart-Farming\Datasets\final_combined_datasets\TLCE\BS\TLCE_BS_1043.JPG,Tomato,BS,uncontrolled,ffa1911f8253c82e,Bacterial Spot
Z:\Projects\Smart-Farming\Datasets\final_combined_datasets\TLCE\BS\TLCE_BS_1044.JPG,Tomato,BS,uncontrolled,a996d368946c9a75,Bacterial Spot
Z:\Projects\Smart-Farming\Datasets\final_combined_datasets\TLCE\BS\TLCE_BS_1045.JPG,Tomato,BS,uncontrolled,fa25d40ec25e8f70,Bacterial Spot
Z:\Projects\Smart-Farming\Datasets\final_combined_datasets\TLCE\BS\TLCE_BS_1046.JPG,Tomato,BS,uncontrolled,f8e28717c03c8f78,Bacterial Spot
Z:\Projects\Smart-Farming\Datasets\final_combined_datasets\TLCE\BS\TLCE_BS_1047.JPG,Tomato,BS,uncontrolled,ea35c44a97659aa5,Bacterial Spot
Z:\Projects\Smart-Farming\Datasets\final_combined_datasets\TLCE\BS\TLCE_BS_1048.JPG,Tomato,BS,uncontrolled,bab083cbc94cf51c,Bacterial Spot
Z:\Projects\Smart-Farming\Datasets\final_combined_datasets\TLCE\BS\TLCE_BS_1049.JPG,Tomato,BS,uncontrolled,fee1a01f953c9858,Bacterial Spot
Z:\Projects\Smart-Farming\Datasets\final_combined_datasets\TLCE\BS\TLCE_BS_1050.JPG,Tomato,BS,uncontrolled,b8b093cbc9cd944e,Bacterial Spot
Z:\Projects\Smart-Farming\Datasets\final_combined_datasets\TLCE\BS\TLCE_BS_1051.JPG,Tomato,BS,uncontrolled,eae1859f9438ca3a,Bacterial Spot
Z:\Projects\Smart-Farming\Datasets\final_combined_datasets\TLCE\BS\TLCE_BS_1052.JPG,Tomato,BS,uncontrolled,beb4e00b919b5a8d,Bacterial Spot
Z:\Projects\Smart-Farming\Datasets\final_combined_datasets\TLCE\BS\TLCE_BS_1053.JPG,Tomato,BS,uncontrolled,da992b12356a366d,Bacterial Spot
Z:\Projects\Smart-Farming\Datasets\final_combined_datasets\TLCE\BS\TLCE_BS_1054.JPG,Tomato,BS,uncontrolled,ff886a83c4335966,Bacterial Spot
Z:\Projects\Smart-Farming\Datasets\final_combined_datasets\TLCE\BS\TLCE_BS_1055.JPG,Tomato,BS,uncontrolled,fbe3819e9698ca88,Bacterial Spot
Z:\Projects\Smart-Farming\Datasets\final_combined_datasets\TLCE\BS\TLCE_BS_1056.JPG,Tomato,BS,uncontrolled,aa61b50fc2b6da1c,Bacterial Spot
Z:\Projects\Smart-Farming\Datasets\final_combined_datasets\TLCE\BS\TLCE_BS_1057.JPG,Tomato,BS,uncontrolled,a793d249856a966d,Bacterial Spot
Z:\Projects\Smart-Farming\Datasets\final_combined_datasets\TLCE\BS\TLCE_BS_1058.JPG,Tomato,BS,uncontrolled,bbe481cedc38c435,Bacterial Spot
Z:\Projects\Smart-Farming\Datasets\final_combined_datasets\TLCE\BS\TLCE_BS_1059.JPG,Tomato,BS,uncontrolled,bdf0910bdc4cc44f,Bacterial Spot
Z:\Projects\Smart-Farming\Datasets\final_combined_datasets\TLCE\BS\TLCE_BS_1060.JPG,Tomato,BS,uncontrolled,ae31f346c68898f3,Bacterial Spot
Z:\Projects\Smart-Farming\Datasets\final_combined_datasets\TLCE\BS\TLCE_BS_1061.JPG,Tomato,BS,uncontrolled,abb1d0d6872fc838,Bacterial Spot
Z:\Projects\Smart-Farming\Datasets\final_combined_datasets\TLCE\BS\TLCE_BS_1062.JPG,Tomato,BS,uncontrolled,fca082678fdbd019,Bacterial Spot
Z:\Projects\Smart-Farming\Datasets\final_combined_datasets\TLCE\BS\TLCE_BS_1063.JPG,Tomato,BS,uncontrolled,aab7b5d096da14c8,Bacterial Spot
Z:\Projects\Smart-Farming\Datasets\final_combined_datasets\TLCE\BS\TLCE_BS_1064.JPG,Tomato,BS,uncontrolled,aae6956fd234cc90,Bacterial Spot
Z:\Projects\Smart-Farming\Datasets\final_combined_datasets\TLCE\BS\TLCE_BS_1065.JPG,Tomato,BS,uncontrolled,ab60d30bd72cc03f,Bacterial Spot
Z:\Projects\Smart-Farming\Datasets\final_combined_datasets\TLCE\BS\TLCE_BS_1066.JPG,Tomato,BS,uncontrolled,ffe4d00b930e827c,Bacterial Spot
Z:\Projects\Smart-Farming\Datasets\final_combined_datasets\TLCE\BS\TLCE_BS_1067.JPG,Tomato,BS,uncontrolled,ae8db54096be9ae0,Bacterial Spot
Z:\Projects\Smart-Farming\Datasets\final_combined_datasets\TLCE\BS\TLCE_BS_1068.JPG,Tomato,BS,uncontrolled,ffe28f1c98089179,Bacterial Spot
Z:\Projects\Smart-Farming\Datasets\final_combined_datasets\TLCE\BS\TLCE_BS_1069.JPG,Tomato,BS,uncontrolled,fae3a61fd0188be0,Bacterial Spot
Z:\Projects\Smart-Farming\Datasets\final_combined_datasets\TLCE\BS\TLCE_BS_1070.JPG,Tomato,BS,uncontrolled,ffc88a17e01c8c3b,Bacterial Spot
Z:\Projects\Smart-Farming\Datasets\final_combined_datasets\TLCE\BS\TLCE_BS_1071.JPG,Tomato,BS,uncontrolled,afb4d0cac38f194c,Bacterial Spot
Z:\Projects\Smart-Farming\Datasets\final_combined_datasets\TLCE\BS\TLCE_BS_1072.JPG,Tomato,BS,uncontrolled,abe0850ede689a6d,Bacterial Spot
Z:\Projects\Smart-Farming\Datasets\final_combined_datasets\TLCE\BS\TLCE_BS_1073.JPG,Tomato,BS,uncontrolled,ac61876ac72ed81d,Bacterial Spot
Z:\Projects\Smart-Farming\Datasets\final_combined_datasets\TLCE\BS\TLCE_BS_1074.JPG,Tomato,BS,uncontrolled,eb31c11f876896e4,Bacterial Spot
Z:\Projects\Smart-Farming\Datasets\final_combined_datasets\TLCE\BS\TLCE_BS_1075.JPG,Tomato,BS,uncontrolled,ef2d815e85661c66,Bacterial Spot
Z:\Projects\Smart-Farming\Datasets\final_combined_datasets\TLCE\BS\TLCE_BS_1076.JPG,Tomato,BS,uncontrolled,fec09017b538b03f,Bacterial Spot
Z:\Projects\Smart-Farming\Datasets\final_combined_datasets\TLCE\BS\TLCE_BS_1077.JPG,Tomato,BS,uncontrolled,fcb0900fcb4f856c,Bacterial Spot
Z:\Projects\Smart-Farming\Datasets\final_combined_datasets\TLCE\BS\TLCE_BS_1078.JPG,Tomato,BS,uncontrolled,f99cc1638f8e508d,Bacterial Spot
Z:\Projects\Smart-Farming\Datasets\final_combined_datasets\TLCE\BS\TLCE_BS_1079.JPG,Tomato,BS,uncontrolled,acc39e7ae9788429,Bacterial Spot
Z:\Projects\Smart-Farming\Datasets\final_combined_datasets\TLCE\BS\TLCE_BS_1080.JPG,Tomato,BS,uncontrolled,a99cf34ae06347a5,Bacterial Spot
Z:\Projects\Smart-Farming\Datasets\final_combined_datasets\TLCE\BS\TLCE_BS_1081.JPG,Tomato,BS,uncontrolled,abb5d24a8fc89c2c,Bacterial Spot
Z:\Projects\Smart-Farming\Datasets\final_combined_datasets\TLCE\BS\TLCE_BS_1082.JPG,Tomato,BS,uncontrolled,feb2c147c558162d,Bacterial Spot
Z:\Projects\Smart-Farming\Datasets\final_combined_datasets\TLCE\BS\TLCE_BS_1083.JPG,Tomato,BS,uncontrolled,eae4869e985b9919,Bacterial Spot
Z:\Projects\Smart-Farming\Datasets\final_combined_datasets\TLCE\BS\TLCE_BS_1084.JPG,Tomato,BS,uncontrolled,eab5c0c287da9cca,Bacterial Spot
Z:\Projects\Smart-Farming\Datasets\final_combined_datasets\TLCE\BS\TLCE_BS_1085.JPG,Tomato,BS,uncontrolled,afe2c487ce1ad838,Bacterial Spot
Z:\Projects\Smart-Farming\Datasets\final_combined_datasets\TLCE\BS\TLCE_BS_1086.JPG,Tomato,BS,uncontrolled,ad96f40bc14b9635,Bacterial Spot
Z:\Projects\Smart-Farming\Datasets\final_combined_datasets\TLCE\BS\TLCE_BS_1087.JPG,Tomato,BS,uncontrolled,bfb2d049cd0e806f,Bacterial Spot
Z:\Projects\Smart-Farming\Datasets\final_combined_datasets\TLCE\BS\TLCE_BS_1088.JPG,Tomato,BS,uncontrolled,be9d944ed048c9e5,Bacterial Spot
Z:\Projects\Smart-Farming\Datasets\final_combined_datasets\TLCE\BS\TLCE_BS_1089.JPG,Tomato,BS,uncontrolled,eeb4c452c61bcc99,Bacterial Spot
Z:\Projects\Smart-Farming\Datasets\final_combined_datasets\TLCE\BS\TLCE_BS_1090.JPG,Tomato,BS,uncontrolled,f087935a9959c55c,Bacterial Spot
Z:\Projects\Smart-Farming\Datasets\final_combined_datasets\TLCE\BS\TLCE_BS_1091.JPG,Tomato,BS,uncontrolled,abb0d14bda0d987c,Bacterial Spot
Z:\Projects\Smart-Farming\Datasets\final_combined_datasets\TLCE\BS\TLCE_BS_1092.JPG,Tomato,BS,uncontrolled,f3b790509d4ac92d,Bacterial Spot
Z:\Projects\Smart-Farming\Datasets\final_combined_datasets\TLCE\BS\TLCE_BS_1093.JPG,Tomato,BS,uncontrolled,ffe1821fd628c891,Bacterial Spot
Z:\Projects\Smart-Farming\Datasets\final_combined_datasets\TLCE\BS\TLCE_BS_1094.JPG,Tomato,BS,uncontrolled,9eede1f984869d80,Bacterial Spot
Z:\Projects\Smart-Farming\Datasets\final_combined_datasets\TLCE\BS\TLCE_BS_1095.JPG,Tomato,BS,uncontrolled,bfb0d04b89e99e84,Bacterial Spot
Z:\Projects\Smart-Farming\Datasets\final_combined_datasets\TLCE\BS\TLCE_BS_1096.JPG,Tomato,BS,uncontrolled,e961940f9639cbf0,Bacterial Spot
Z:\Projects\Smart-Farming\Datasets\final_combined_datasets\TLCE\BS\TLCE_BS_1097.JPG,Tomato,BS,uncontrolled,af84e67c92815a4f,Bacterial Spot
Z:\Projects\Smart-Farming\Datasets\final_combined_datasets\TLCE\BS\TLCE_BS_1098.JPG,Tomato,BS,uncontrolled,a8e69703db2dc994,Bacterial Spot
Z:\Projects\Smart-Farming\Datasets\final_combined_datasets\TLCE\BS\TLCE_BS_1099.JPG,Tomato,BS,uncontrolled,fb41850fc03cc7f2,Bacterial Spot
Z:\Projects\Smart-Farming\Datasets\final_combined_datasets\TLCE\BS\TLCE_BS_1100.JPG,Tomato,BS,uncontrolled,bae4954ac31dcb98,Bacterial Spot
Z:\Projects\Smart-Farming\Datasets\final_combined_datasets\TLCE\BS\TLCE_BS_0001.JPG,Tomato,BS,uncontrolled,b9b1d39fc90c8568,Bacterial Spot
Z:\Projects\Smart-Farming\Datasets\final_combined_datasets\TLCE\BS\TLCE_BS_0002.JPG,Tomato,BS,uncontrolled,eb61c40f9478d635,Bacterial Spot
Z:\Projects\Smart-Farming\Datasets\final_combined_datasets\TLCE\BS\TLCE_BS_0003.JPG,Tomato,BS,uncontrolled,fa85c51cc79c58b2,Bacterial Spot
Z:\Projects\Smart-Farming\Datasets\final_combined_datasets\TLCE\BS\TLCE_BS_0004.JPG,Tomato,BS,uncontrolled,ef8c13d20c719e53,Bacterial Spot
Z:\Projects\Smart-Farming\Datasets\final_combined_datasets\TLCE\BS\TLCE_BS_0005.JPG,Tomato,BS,uncontrolled,fb9304855b5a3ce1,Bacterial Spot
Z:\Projects\Smart-Farming\Datasets\final_combined_datasets\TLCE\BS\TLCE_BS_0006.JPG,Tomato,BS,uncontrolled,a9d5628e8e93d839,Bacterial Spot
Z:\Projects\Smart-Farming\Datasets\final_combined_datasets\TLCE\BS\TLCE_BS_0007.JPG,Tomato,BS,uncontrolled,aea5c0d6962b9b52,Bacterial Spot
Z:\Projects\Smart-Farming\Datasets\final_combined_datasets\TLCE\BS\TLCE_BS_0008.JPG,Tomato,BS,uncontrolled,fdb4c0938b4b906d,Bacterial Spot
Z:\Projects\Smart-Farming\Datasets\final_combined_datasets\TLCE\BS\TLCE_BS_0009.JPG,Tomato,BS,uncontrolled,f98507d81ccb4bd4,Bacterial Spot
Z:\Projects\Smart-Farming\Datasets\final_combined_datasets\TLCE\BS\TLCE_BS_0010.JPG,Tomato,BS,uncontrolled,eae1c15e9cb89aa1,Bacterial Spot
Z:\Projects\Smart-Farming\Datasets\final_combined_datasets\TLCE\BS\TLCE_BS_0011.JPG,Tomato,BS,uncontrolled,fee0a117961fd038,Bacterial Spot
Z:\Projects\Smart-Farming\Datasets\final_combined_datasets\TLCE\BS\TLCE_BS_0012.JPG,Tomato,BS,uncontrolled,be15c14ad32d8be4,Bacterial Spot
Z:\Projects\Smart-Farming\Datasets\final_combined_datasets\TLCE\BS\TLCE_BS_0013.JPG,Tomato,BS,uncontrolled,fee38017979e1a84,Bacterial Spot
Z:\Projects\Smart-Farming\Datasets\final_combined_datasets\TLCE\BS\TLCE_BS_0014.JPG,Tomato,BS,uncontrolled,e9c2ca1e91b1933b,Bacterial Spot
Z:\Projects\Smart-Farming\Datasets\final_combined_datasets\TLCE\BS\TLCE_BS_0015.JPG,Tomato,BS,uncontrolled,be64914bc32dcc17,Bacterial Spot
Z:\Projects\Smart-Farming\Datasets\final_combined_datasets\TLCE\BS\TLCE_BS_0016.JPG,Tomato,BS,uncontrolled,fac9853d9e30c932,Bacterial Spot
Z:\Projects\Smart-Farming\Datasets\final_combined_datasets\TLCE\BS\TLCE_BS_0017.JPG,Tomato,BS,uncontrolled,ccb97c901bc2b54e,Bacterial Spot
Z:\Projects\Smart-Farming\Datasets\final_combined_datasets\TLCE\BS\TLCE_BS_0018.JPG,Tomato,BS,uncontrolled,bfb5904ac12dc536,Bacterial Spot
Z:\Projects\Smart-Farming\Datasets\final_combined_datasets\TLCE\BS\TLCE_BS_0019.JPG,Tomato,BS,uncontrolled,eb87959e86588d4c,Bacterial Spot
Z:\Projects\Smart-Farming\Datasets\final_combined_datasets\TLCE\BS\TLCE_BS_0020.JPG,Tomato,BS,uncontrolled,f87344cc9bc64a8e,Bacterial Spot
Z:\Projects\Smart-Farming\Datasets\final_combined_datasets\TLCE\BS\TLCE_BS_0021.JPG,Tomato,BS,uncontrolled,bae190cbcbc9643c,Bacterial Spot
Z:\Projects\Smart-Farming\Datasets\final_combined_datasets\TLCE\BS\TLCE_BS_0022.JPG,Tomato,BS,uncontrolled,eee08486de1bd899,Bacterial Spot
Z:\Projects\Smart-Farming\Datasets\final_combined_datasets\TLCE\BS\TLCE_BS_0023.JPG,Tomato,BS,uncontrolled,ea15c41e95e8974b,Bacterial Spot
Z:\Projects\Smart-Farming\Datasets\final_combined_datasets\TLCE\BS\TLCE_BS_0024.JPG,Tomato,BS,uncontrolled,e8e5871c91799ac3,Bacterial Spot
Z:\Projects\Smart-Farming\Datasets\final_combined_datasets\TLCE\BS\TLCE_BS_0025.JPG,Tomato,BS,uncontrolled,da9961b6856a924f,Bacterial Spot
Z:\Projects\Smart-Farming\Datasets\final_combined_datasets\TLCE\BS\TLCE_BS_0026.JPG,Tomato,BS,uncontrolled,bf50c00fc97e856a,Bacterial Spot
Z:\Projects\Smart-Farming\Datasets\final_combined_datasets\TLCE\BS\TLCE_BS_0027.JPG,Tomato,BS,uncontrolled,eea5c1c68fc69c48,Bacterial Spot
Z:\Projects\Smart-Farming\Datasets\final_combined_datasets\TLCE\BS\TLCE_BS_0028.JPG,Tomato,BS,uncontrolled,fee0e107cc1c98f8,Bacterial Spot
Z:\Projects\Smart-Farming\Datasets\final_combined_datasets\TLCE\BS\TLCE_BS_0029.JPG,Tomato,BS,uncontrolled,eaa1c59e97989a58,Bacterial Spot
Z:\Projects\Smart-Farming\Datasets\final_combined_datasets\TLCE\BS\TLCE_BS_0030.JPG,Tomato,BS,uncontrolled,acf14caed3cc31d0,Bacterial Spot
Z:\Projects\Smart-Farming\Datasets\final_combined_datasets\TLCE\BS\TLCE_BS_0031.JPG,Tomato,BS,uncontrolled,8dd2130fd2693bb4,Bacterial Spot
Z:\Projects\Smart-Farming\Datasets\final_combined_datasets\TLCE\BS\TLCE_BS_0032.JPG,Tomato,BS,uncontrolled,fdaec2711fcc9808,Bacterial Spot
Z:\Projects\Smart-Farming\Datasets\final_combined_datasets\TLCE\BS\TLCE_BS_0033.JPG,Tomato,BS,uncontrolled,bb2cd070ca9387cb,Bacterial Spot
Z:\Projects\Smart-Farming\Datasets\final_combined_datasets\TLCE\BS\TLCE_BS_0034.JPG,Tomato,BS,uncontrolled,eee5c40e9618955b,Bacterial Spot
Z:\Projects\Smart-Farming\Datasets\final_combined_datasets\TLCE\BS\TLCE_BS_0035.JPG,Tomato,BS,uncontrolled,bc34d21bc3b04fc6,Bacterial Spot
Z:\Projects\Smart-Farming\Datasets\final_combined_datasets\TLCE\BS\TLCE_BS_0036.JPG,Tomato,BS,uncontrolled,abe4960a9a3dcbb0,Bacterial Spot
Z:\Projects\Smart-Farming\Datasets\final_combined_datasets\TLCE\BS\TLCE_BS_0037.JPG,Tomato,BS,uncontrolled,ece3871df011837a,Bacterial Spot
Z:\Projects\Smart-Farming\Datasets\final_combined_datasets\TLCE\BS\TLCE_BS_0038.JPG,Tomato,BS,uncontrolled,88cd64b3732ac733,Bacterial Spot
Z:\Projects\Smart-Farming\Datasets\final_combined_datasets\TLCE\BS\TLCE_BS_0039.JPG,Tomato,BS,uncontrolled,abb19193da9889ec,Bacterial Spot
Z:\Projects\Smart-Farming\Datasets\final_combined_datasets\TLCE\BS\TLCE_BS_0040.JPG,Tomato,BS,uncontrolled,fa44c31e85689f69,Bacterial Spot
Z:\Projects\Smart-Farming\Datasets\final_combined_datasets\TLCE\BS\TLCE_BS_0041.JPG,Tomato,BS,uncontrolled,d3f968c52c4a346b,Bacterial Spot
Z:\Projects\Smart-Farming\Datasets\final_combined_datasets\TLCE\BS\TLCE_BS_0042.JPG,Tomato,BS,uncontrolled,bb8bb450cba9c964,Bacterial Spot
Z:\Projects\Smart-Farming\Datasets\final_combined_datasets\TLCE\BS\TLCE_BS_0043.JPG,Tomato,BS,uncontrolled,bf44947e913cc235,Bacterial Spot
Z:\Projects\Smart-Farming\Datasets\final_combined_datasets\TLCE\BS\TLCE_BS_0044.JPG,Tomato,BS,uncontrolled,8bfc30313372e387,Bacterial Spot
Z:\Projects\Smart-Farming\Datasets\final_combined_datasets\TLCE\BS\TLCE_BS_0045.JPG,Tomato,BS,uncontrolled,e916851ed8798f61,Bacterial Spot
Z:\Projects\Smart-Farming\Datasets\final_combined_datasets\TLCE\BS\TLCE_BS_0046.JPG,Tomato,BS,uncontrolled,fda0c71fd8509a70,Bacterial Spot
Z:\Projects\Smart-Farming\Datasets\final_combined_datasets\TLCE\BS\TLCE_BS_0047.JPG,Tomato,BS,uncontrolled,f9ae86b38c1dca41,Bacterial Spot
Z:\Projects\Smart-Farming\Datasets\final_combined_datasets\TLCE\BS\TLCE_BS_0048.JPG,Tomato,BS,uncontrolled,ffa0e05686499f62,Bacterial Spot
Z:\Projects\Smart-Farming\Datasets\final_combined_datasets\TLCE\BS\TLCE_BS_0049.JPG,Tomato,BS,uncontrolled,f814935a8c67874f,Bacterial Spot
Z:\Projects\Smart-Farming\Datasets\final_combined_datasets\TLCE\BS\TLCE_BS_0050.JPG,Tomato,BS,uncontrolled,ba60974af12bc339,Bacterial Spot
Z:\Projects\Smart-Farming\Datasets\final_combined_datasets\TLCE\BS\TLCE_BS_0051.JPG,Tomato,BS,uncontrolled,eee4b513d29a9898,Bacterial Spot
Z:\Projects\Smart-Farming\Datasets\final_combined_datasets\TLCE\BS\TLCE_BS_0052.JPG,Tomato,BS,uncontrolled,ebe1851ed0781b35,Bacterial Spot
Z:\Projects\Smart-Farming\Datasets\final_combined_datasets\TLCE\BS\TLCE_BS_0053.JPG,Tomato,BS,uncontrolled,f7e8e29185969c26,Bacterial Spot
Z:\Projects\Smart-Farming\Datasets\final_combined_datasets\TLCE\BS\TLCE_BS_0054.JPG,Tomato,BS,uncontrolled,ba98ec4ab369c235,Bacterial Spot
Z:\Projects\Smart-Farming\Datasets\final_combined_datasets\TLCE\BS\TLCE_BS_0055.JPG,Tomato,BS,uncontrolled,f4b0c34b93e4ce85,Bacterial Spot
Z:\Projects\Smart-Farming\Datasets\final_combined_datasets\TLCE\BS\TLCE_BS_0056.JPG,Tomato,BS,uncontrolled,fb64916f96314e90,Bacterial Spot
Z:\Projects\Smart-Farming\Datasets\final_combined_datasets\TLCE\BS\TLCE_BS_0057.JPG,Tomato,BS,uncontrolled,f38d4ed498e61958,Bacterial Spot
Z:\Projects\Smart-Farming\Datasets\final_combined_datasets\TLCE\BS\TLCE_BS_0058.JPG,Tomato,BS,uncontrolled,edd694589e87603c,Bacterial Spot
Z:\Projects\Smart-Farming\Datasets\final_combined_datasets\TLCE\BS\TLCE_BS_0059.JPG,Tomato,BS,uncontrolled,bfd3d149852bc225,Bacterial Spot
Z:\Projects\Smart-Farming\Datasets\final_combined_datasets\TLCE\BS\TLCE_BS_0060.JPG,Tomato,BS,uncontrolled,feb4c05ac04fc56a,Bacterial Spot
Z:\Projects\Smart-Farming\Datasets\final_combined_datasets\TLCE\BS\TLCE_BS_0061.JPG,Tomato,BS,uncontrolled,9c596327d3cc1cb1,Bacterial Spot
Z:\Projects\Smart-Farming\Datasets\final_combined_datasets\TLCE\BS\TLCE_BS_0062.JPG,Tomato,BS,uncontrolled,fcb0c35b85cc164e,Bacterial Spot
Z:\Projects\Smart-Farming\Datasets\final_combined_datasets\TLCE\BS\TLCE_BS_0063.JPG,Tomato,BS,uncontrolled,c9922d8965ec276d,Bacterial Spot
Z:\Projects\Smart-Farming\Datasets\final_combined_datasets\TLCE\BS\TLCE_BS_0064.JPG,Tomato,BS,uncontrolled,bf1fd06ac524cae0,Bacterial Spot
Z:\Projects\Smart-Farming\Datasets\final_combined_datasets\TLCE\BS\TLCE_BS_0065.JPG,Tomato,BS,uncontrolled,ec64c0b54b7a946d,Bacterial Spot
Z:\Projects\Smart-Farming\Datasets\final_combined_datasets\TLCE\BS\TLCE_BS_0066.JPG,Tomato,BS,uncontrolled,b9b1931bc92dc46c,Bacterial Spot
Z:\Projects\Smart-Farming\Datasets\final_combined_datasets\TLCE\BS\TLCE_BS_0067.JPG,Tomato,BS,uncontrolled,efe1c492ad19b0b2,Bacterial Spot
Z:\Projects\Smart-Farming\Datasets\final_combined_datasets\TLCE\BS\TLCE_BS_0068.JPG,Tomato,BS,uncontrolled,efe5c487831bb118,Bacterial Spot
Z:\Projects\Smart-Farming\Datasets\final_combined_datasets\TLCE\BS\TLCE_BS_0069.JPG,Tomato,BS,uncontrolled,ef98c07393e60d4a,Bacterial Spot
Z:\Projects\Smart-Farming\Datasets\final_combined_datasets\TLCE\BS\TLCE_BS_0070.JPG,Tomato,BS,uncontrolled,a796d249850fdc2d,Bacterial Spot
Z:\Projects\Smart-Farming\Datasets\final_combined_datasets\TLCE\BS\TLCE_BS_0071.JPG,Tomato,BS,uncontrolled,be17c032cb70976a,Bacterial Spot
Z:\Projects\Smart-Farming\Datasets\final_combined_datasets\TLCE\BS\TLCE_BS_0072.JPG,Tomato,BS,uncontrolled,fa9105ad5b923ce1,Bacterial Spot
Z:\Projects\Smart-Farming\Datasets\final_combined_datasets\TLCE\BS\TLCE_BS_0073.JPG,Tomato,BS,uncontrolled,bf11805ad12fd965,Bacterial Spot
Z:\Projects\Smart-Farming\Datasets\final_combined_datasets\TLCE\BS\TLCE_BS_0074.JPG,Tomato,BS,uncontrolled,bd65c02c877a9c1b,Bacterial Spot
Z:\Projects\Smart-Farming\Datasets\final_combined_datasets\TLCE\BS\TLCE_BS_0075.JPG,Tomato,BS,uncontrolled,fac2c31ca53cf162,Bacterial Spot
Z:\Projects\Smart-Farming\Datasets\final_combined_datasets\TLCE\BS\TLCE_BS_0076.JPG,Tomato,BS,uncontrolled,efe1841f921ad1b1,Bacterial Spot
Z:\Projects\Smart-Farming\Datasets\final_combined_datasets\TLCE\BS\TLCE_BS_0077.JPG,Tomato,BS,uncontrolled,f826a7c99c389b38,Bacterial Spot
Z:\Projects\Smart-Farming\Datasets\final_combined_datasets\TLCE\BS\TLCE_BS_0078.JPG,Tomato,BS,uncontrolled,ff78d00f81339a61,Bacterial Spot
Z:\Projects\Smart-Farming\Datasets\final_combined_datasets\TLCE\BS\TLCE_BS_0079.JPG,Tomato,BS,uncontrolled,e2b6979acb991cc0,Bacterial Spot
Z:\Projects\Smart-Farming\Datasets\final_combined_datasets\TLCE\BS\TLCE_BS_0080.JPG,Tomato,BS,uncontrolled,ffb8809fc343e0c4,Bacterial Spot
Z:\Projects\Smart-Farming\Datasets\final_combined_datasets\TLCE\BS\TLCE_BS_0081.JPG,Tomato,BS,uncontrolled,851e73ee8949ce31,Bacterial Spot
Z:\Projects\Smart-Farming\Datasets\final_combined_datasets\TLCE\BS\TLCE_BS_0082.JPG,Tomato,BS,uncontrolled,af1f9424683691f6,Bacterial Spot
Z:\Projects\Smart-Farming\Datasets\final_combined_datasets\TLCE\BS\TLCE_BS_0083.JPG,Tomato,BS,uncontrolled,fee081d39a90ec0f,Bacterial Spot
Z:\Projects\Smart-Farming\Datasets\final_combined_datasets\TLCE\BS\TLCE_BS_0084.JPG,Tomato,BS,uncontrolled,a190fb4ac1699eb5,Bacterial Spot
Z:\Projects\Smart-Farming\Datasets\final_combined_datasets\TLCE\BS\TLCE_BS_0085.JPG,Tomato,BS,uncontrolled,aab5d34ae14b815b,Bacterial Spot
Z:\Projects\Smart-Farming\Datasets\final_combined_datasets\TLCE\BS\TLCE_BS_0086.JPG,Tomato,BS,uncontrolled,ff41c02fc23e8636,Bacterial Spot
Z:\Projects\Smart-Farming\Datasets\final_combined_datasets\TLCE\BS\TLCE_BS_0087.JPG,Tomato,BS,uncontrolled,ace6c44ad2bc9a5a,Bacterial Spot
Z:\Projects\Smart-Farming\Datasets\final_combined_datasets\TLCE\BS\TLCE_BS_0088.JPG,Tomato,BS,uncontrolled,eee185d69a989949,Bacterial Spot
Z:\Projects\Smart-Farming\Datasets\final_combined_datasets\TLCE\BS\TLCE_BS_0089.JPG,Tomato,BS,uncontrolled,a95816ef993459c6,Bacterial Spot
Z:\Projects\Smart-Farming\Datasets\final_combined_datasets\TLCE\BS\TLCE_BS_0090.JPG,Tomato,BS,uncontrolled,bb91811f4e9c8ee4,Bacterial Spot
Z:\Projects\Smart-Farming\Datasets\final_combined_datasets\TLCE\BS\TLCE_BS_0091.JPG,Tomato,BS,uncontrolled,dcc9298564d636f2,Bacterial Spot
Z:\Projects\Smart-Farming\Datasets\final_combined_datasets\TLCE\BS\TLCE_BS_0092.JPG,Tomato,BS,uncontrolled,dea731996d986491,Bacterial Spot
Z:\Projects\Smart-Farming\Datasets\final_combined_datasets\TLCE\BS\TLCE_BS_0093.JPG,Tomato,BS,uncontrolled,af15c0789de18d4b,Bacterial Spot
Z:\Projects\Smart-Farming\Datasets\final_combined_datasets\TLCE\BS\TLCE_BS_0094.JPG,Tomato,BS,uncontrolled,fe34805bd2699369,Bacterial Spot
Z:\Projects\Smart-Farming\Datasets\final_combined_datasets\TLCE\BS\TLCE_BS_0095.JPG,Tomato,BS,uncontrolled,f6e3991cc45acc2c,Bacterial Spot
Z:\Projects\Smart-Farming\Datasets\final_combined_datasets\TLCE\BS\TLCE_BS_0096.JPG,Tomato,BS,uncontrolled,a875964ac50fee2c,Bacterial Spot
Z:\Projects\Smart-Farming\Datasets\final_combined_datasets\TLCE\BS\TLCE_BS_0097.JPG,Tomato,BS,uncontrolled,ba649503dabe4e91,Bacterial Spot
Z:\Projects\Smart-Farming\Datasets\final_combined_datasets\TLCE\BS\TLCE_BS_0098.JPG,Tomato,BS,uncontrolled,dab0e0978f4d8dc8,Bacterial Spot
Z:\Projects\Smart-Farming\Datasets\final_combined_datasets\TLCE\BS\TLCE_BS_0099.JPG,Tomato,BS,uncontrolled,ab6495131ef84e9c,Bacterial Spot
Z:\Projects\Smart-Farming\Datasets\final_combined_datasets\TLCE\BS\TLCE_BS_0100.JPG,Tomato,BS,uncontrolled,bfb290498ae5cf42,Bacterial Spot
Z:\Projects\Smart-Farming\Datasets\final_combined_datasets\TLCE\BS\TLCE_BS_0101.JPG,Tomato,BS,uncontrolled,adf5c04b97699a21,Bacterial Spot
Z:\Projects\Smart-Farming\Datasets\final_combined_datasets\TLCE\BS\TLCE_BS_0102.JPG,Tomato,BS,uncontrolled,bcb4814bdaad8768,Bacterial Spot
Z:\Projects\Smart-Farming\Datasets\final_combined_datasets\TLCE\BS\TLCE_BS_0103.JPG,Tomato,BS,uncontrolled,e6b4cacd8cd889a9,Bacterial Spot
Z:\Projects\Smart-Farming\Datasets\final_combined_datasets\TLCE\BS\TLCE_BS_0104.JPG,Tomato,BS,uncontrolled,fab19056834b87cd,Bacterial Spot
Z:\Projects\Smart-Farming\Datasets\final_combined_datasets\TLCE\BS\TLCE_BS_0105.JPG,Tomato,BS,uncontrolled,bc47903f9378cb14,Bacterial Spot
Z:\Projects\Smart-Farming\Datasets\final_combined_datasets\TLCE\BS\TLCE_BS_0106.JPG,Tomato,BS,uncontrolled,ebc8c685999c95b1,Bacterial Spot
Z:\Projects\Smart-Farming\Datasets\final_combined_datasets\TLCE\BS\TLCE_BS_0107.JPG,Tomato,BS,uncontrolled,c8d236d3c34dcc6c,Bacterial Spot
Z:\Projects\Smart-Farming\Datasets\final_combined_datasets\TLCE\BS\TLCE_BS_0108.JPG,Tomato,BS,uncontrolled,e932e76f8264ce48,Bacterial Spot
Z:\Projects\Smart-Farming\Datasets\final_combined_datasets\TLCE\BS\TLCE_BS_0109.JPG,Tomato,BS,uncontrolled,fa50e0eb8dcd9c14,Bacterial Spot
Z:\Projects\Smart-Farming\Datasets\final_combined_datasets\TLCE\BS\TLCE_BS_0110.JPG,Tomato,BS,uncontrolled,be10d04bc73dcb52,Bacterial Spot
Z:\Projects\Smart-Farming\Datasets\final_combined_datasets\TLCE\BS\TLCE_BS_0111.JPG,Tomato,BS,uncontrolled,ea35c01a877987f8,Bacterial Spot
Z:\Projects\Smart-Farming\Datasets\final_combined_datasets\TLCE\BS\TLCE_BS_0112.JPG,Tomato,BS,uncontrolled,af94d04a875e1e2d,Bacterial Spot
Z:\Projects\Smart-Farming\Datasets\final_combined_datasets\TLCE\BS\TLCE_BS_0113.JPG,Tomato,BS,uncontrolled,eca58515cac696ea,Bacterial Spot
Z:\Projects\Smart-Farming\Datasets\final_combined_datasets\TLCE\BS\TLCE_BS_0114.JPG,Tomato,BS,uncontrolled,fce5c21e9e3c9148,Bacterial Spot
Z:\Projects\Smart-Farming\Datasets\final_combined_datasets\TLCE\BS\TLCE_BS_0115.JPG,Tomato,BS,uncontrolled,abf1f390c948954b,Bacterial Spot
Z:\Projects\Smart-Farming\Datasets\final_combined_datasets\TLCE\BS\TLCE_BS_0116.JPG,Tomato,BS,uncontrolled,f8659546d2b24f31,Bacterial Spot
Z:\Projects\Smart-Farming\Datasets\final_combined_datasets\TLCE\BS\TLCE_BS_0117.JPG,Tomato,BS,uncontrolled,fab4c01e8fc89dc4,Bacterial Spot
Z:\Projects\Smart-Farming\Datasets\final_combined_datasets\TLCE\BS\TLCE_BS_0118.JPG,Tomato,BS,uncontrolled,f9b4831e9c681d69,Bacterial Spot
Z:\Projects\Smart-Farming\Datasets\final_combined_datasets\TLCE\BS\TLCE_BS_0119.JPG,Tomato,BS,uncontrolled,ae97c14b856ec661,Bacterial Spot
Z:\Projects\Smart-Farming\Datasets\final_combined_datasets\TLCE\BS\TLCE_BS_0120.JPG,Tomato,BS,uncontrolled,ef70811fc43fc864,Bacterial Spot
Z:\Projects\Smart-Farming\Datasets\final_combined_datasets\TLCE\BS\TLCE_BS_0121.JPG,Tomato,BS,uncontrolled,adc3c29f96dc9190,Bacterial Spot
Z:\Projects\Smart-Farming\Datasets\final_combined_datasets\TLCE\BS\TLCE_BS_0122.JPG,Tomato,BS,uncontrolled,fa60a11f963eca1c,Bacterial Spot
Z:\Projects\Smart-Farming\Datasets\final_combined_datasets\TLCE\BS\TLCE_BS_0123.JPG,Tomato,BS,uncontrolled,fba0c0178e5e9e52,Bacterial Spot
Z:\Projects\Smart-Farming\Datasets\final_combined_datasets\TLCE\EB\TLCE_EB_0217.JPG,Tomato,EB,uncontrolled,ff698927741ac261,Early Blight
Z:\Projects\Smart-Farming\Datasets\final_combined_datasets\TLCE\EB\TLCE_EB_0218.JPG,Tomato,EB,uncontrolled,af1d90e0cac72d1e,Early Blight
Z:\Projects\Smart-Farming\Datasets\final_combined_datasets\TLCE\EB\TLCE_EB_0219.JPG,Tomato,EB,uncontrolled,fc60a3bed0c3463c,Early Blight
Z:\Projects\Smart-Farming\Datasets\final_combined_datasets\TLCE\EB\TLCE_EB_0220.JPG,Tomato,EB,uncontrolled,a3cade1599a730b4,Early Blight
Z:\Projects\Smart-Farming\Datasets\final_combined_datasets\TLCE\EB\TLCE_EB_0221.JPG,Tomato,EB,uncontrolled,bfa5b69512d01bc8,Early Blight
Z:\Projects\Smart-Farming\Datasets\final_combined_datasets\TLCE\EB\TLCE_EB_0222.JPG,Tomato,EB,uncontrolled,f8c2978c9932a537,Early Blight
Z:\Projects\Smart-Farming\Datasets\final_combined_datasets\TLCE\EB\TLCE_EB_0223.JPG,Tomato,EB,uncontrolled,ece5c49ec638988d,Early Blight
Z:\Projects\Smart-Farming\Datasets\final_combined_datasets\TLCE\EB\TLCE_EB_0224.JPG,Tomato,EB,uncontrolled,eac9c71cf803917a,Early Blight
Z:\Projects\Smart-Farming\Datasets\final_combined_datasets\TLCE\EB\TLCE_EB_0225.JPG,Tomato,EB,uncontrolled,eb34c0c297629c6f,Early Blight
Z:\Projects\Smart-Farming\Datasets\final_combined_datasets\TLCE\EB\TLCE_EB_0226.JPG,Tomato,EB,uncontrolled,e831c532c6e89b6d,Early Blight
Z:\Projects\Smart-Farming\Datasets\final_combined_datasets\TLCE\EB\TLCE_EB_0227.JPG,Tomato,EB,uncontrolled,fa61c525d43ea07a,Early Blight
Z:\Projects\Smart-Farming\Datasets\final_combined_datasets\TLCE\EB\TLCE_EB_0228.JPG,Tomato,EB,uncontrolled,ebc899b2a6a47c85,Early Blight
Z:\Projects\Smart-Farming\Datasets\final_combined_datasets\TLCE\EB\TLCE_EB_0229.JPG,Tomato,EB,uncontrolled,bf33d16ac8a4c1d2,Early Blight
Z:\Projects\Smart-Farming\Datasets\final_combined_datasets\TLCE\EB\TLCE_EB_0230.JPG,Tomato,EB,uncontrolled,f9478c54c638d359,Early Blight
Z:\Projects\Smart-Farming\Datasets\final_combined_datasets\TLCE\EB\TLCE_EB_0231.JPG,Tomato,EB,uncontrolled,aa938572df4ba14c,Early Blight
Z:\Projects\Smart-Farming\Datasets\final_combined_datasets\TLCE\EB\TLCE_EB_0232.JPG,Tomato,EB,uncontrolled,ddd5850bfa3481b2,Early Blight
Z:\Projects\Smart-Farming\Datasets\final_combined_datasets\TLCE\EB\TLCE_EB_0233.JPG,Tomato,EB,uncontrolled,eba2c41b9cf58493,Early Blight
Z:\Projects\Smart-Farming\Datasets\final_combined_datasets\TLCE\EB\TLCE_EB_0234.JPG,Tomato,EB,uncontrolled,fe1d92984a1d8f4c,Early Blight
Z:\Projects\Smart-Farming\Datasets\final_combined_datasets\TLCE\EB\TLCE_EB_0235.JPG,Tomato,EB,uncontrolled,a927b4d889c3c78d,Early Blight
Z:\Projects\Smart-Farming\Datasets\final_combined_datasets\TLCE\EB\TLCE_EB_0236.JPG,Tomato,EB,uncontrolled,ecad8596dace1894,Early Blight
Z:\Projects\Smart-Farming\Datasets\final_combined_datasets\TLCE\EB\TLCE_EB_0237.JPG,Tomato,EB,uncontrolled,f5e182159f5b984a,Early Blight
Z:\Projects\Smart-Farming\Datasets\final_combined_datasets\TLCE\EB\TLCE_EB_0238.JPG,Tomato,EB,uncontrolled,b662c06f8d9999e2,Early Blight
Z:\Projects\Smart-Farming\Datasets\final_combined_datasets\TLCE\EB\TLCE_EB_0239.JPG,Tomato,EB,uncontrolled,f8a5875a9ec21c27,Early Blight
Z:\Projects\Smart-Farming\Datasets\final_combined_datasets\TLCE\EB\TLCE_EB_0240.JPG,Tomato,EB,uncontrolled,aac4c5ce98b9b3a1,Early Blight
Z:\Projects\Smart-Farming\Datasets\final_combined_datasets\TLCE\EB\TLCE_EB_0241.JPG,Tomato,EB,uncontrolled,f8e3a41ec63a1ba1,Early Blight
Z:\Projects\Smart-Farming\Datasets\final_combined_datasets\TLCE\EB\TLCE_EB_0242.JPG,Tomato,EB,uncontrolled,fbc08cd78d9ab4a0,Early Blight
Z:\Projects\Smart-Farming\Datasets\final_combined_datasets\TLCE\EB\TLCE_EB_0243.JPG,Tomato,EB,uncontrolled,acf4d34b8fa5c818,Early Blight
Z:\Projects\Smart-Farming\Datasets\final_combined_datasets\TLCE\EB\TLCE_EB_0244.JPG,Tomato,EB,uncontrolled,a7b6c00f9cdccc19,Early Blight
Z:\Projects\Smart-Farming\Datasets\final_combined_datasets\TLCE\EB\TLCE_EB_0245.JPG,Tomato,EB,uncontrolled,b5b0c30b9c6dda86,Early Blight
Z:\Projects\Smart-Farming\Datasets\final_combined_datasets\TLCE\EB\TLCE_EB_0246.JPG,Tomato,EB,uncontrolled,af34903b8be19b62,Early Blight
Z:\Projects\Smart-Farming\Datasets\final_combined_datasets\TLCE\EB\TLCE_EB_0247.JPG,Tomato,EB,uncontrolled,b784c973e7708872,Early Blight
Z:\Projects\Smart-Farming\Datasets\final_combined_datasets\TLCE\EB\TLCE_EB_0248.JPG,Tomato,EB,uncontrolled,b954946bc7319a93,Early Blight
Z:\Projects\Smart-Farming\Datasets\final_combined_datasets\TLCE\EB\TLCE_EB_0249.JPG,Tomato,EB,uncontrolled,eca5e49acb199472,Early Blight
Z:\Projects\Smart-Farming\Datasets\final_combined_datasets\TLCE\EB\TLCE_EB_0250.JPG,Tomato,EB,uncontrolled,c92d96e2f13932e2,Early Blight
Z:\Projects\Smart-Farming\Datasets\final_combined_datasets\TLCE\EB\TLCE_EB_0251.JPG,Tomato,EB,uncontrolled,b99b9e84046fcbb0,Early Blight
Z:\Projects\Smart-Farming\Datasets\final_combined_datasets\TLCE\EB\TLCE_EB_0252.JPG,Tomato,EB,uncontrolled,e663c948a656bb52,Early Blight
Z:\Projects\Smart-Farming\Datasets\final_combined_datasets\TLCE\EB\TLCE_EB_0253.JPG,Tomato,EB,uncontrolled,edc39638d0359666,Early Blight
Z:\Projects\Smart-Farming\Datasets\final_combined_datasets\TLCE\EB\TLCE_EB_0254.JPG,Tomato,EB,uncontrolled,bf87c043e9f4063a,Early Blight
Z:\Projects\Smart-Farming\Datasets\final_combined_datasets\TLCE\EB\TLCE_EB_0255.JPG,Tomato,EB,uncontrolled,fea1c4279636c236,Early Blight
Z:\Projects\Smart-Farming\Datasets\final_combined_datasets\TLCE\EB\TLCE_EB_0256.JPG,Tomato,EB,uncontrolled,f83d81d29ea3cc94,Early Blight
Z:\Projects\Smart-Farming\Datasets\final_combined_datasets\TLCE\EB\TLCE_EB_0257.JPG,Tomato,EB,uncontrolled,fee3a51cc0548a73,Early Blight
Z:\Projects\Smart-Farming\Datasets\final_combined_datasets\TLCE\EB\TLCE_EB_0258.JPG,Tomato,EB,uncontrolled,f963871cd0388fb2,Early Blight
Z:\Projects\Smart-Farming\Datasets\final_combined_datasets\TLCE\EB\TLCE_EB_0259.JPG,Tomato,EB,uncontrolled,e3668c6d979a5892,Early Blight
Z:\Projects\Smart-Farming\Datasets\final_combined_datasets\TLCE\EB\TLCE_EB_0260.JPG,Tomato,EB,uncontrolled,ed2bc83ce3e1b00d,Early Blight
Z:\Projects\Smart-Farming\Datasets\final_combined_datasets\TLCE\EB\TLCE_EB_0261.JPG,Tomato,EB,uncontrolled,fe73a09987a194d2,Early Blight
Z:\Projects\Smart-Farming\Datasets\final_combined_datasets\TLCE\EB\TLCE_EB_0262.JPG,Tomato,EB,uncontrolled,ffc4801fb23983a6,Early Blight
Z:\Projects\Smart-Farming\Datasets\final_combined_datasets\TLCE\EB\TLCE_EB_0263.JPG,Tomato,EB,uncontrolled,ab13d62de9f082e4,Early Blight
Z:\Projects\Smart-Farming\Datasets\final_combined_datasets\TLCE\EB\TLCE_EB_0264.JPG,Tomato,EB,uncontrolled,fc61a31ed089d2d3,Early Blight
Z:\Projects\Smart-Farming\Datasets\final_combined_datasets\TLCE\EB\TLCE_EB_0265.JPG,Tomato,EB,uncontrolled,ad74da09945e9b70,Early Blight
Z:\Projects\Smart-Farming\Datasets\final_combined_datasets\TLCE\EB\TLCE_EB_0266.JPG,Tomato,EB,uncontrolled,eb69c98dcc64213d,Early Blight
Z:\Projects\Smart-Farming\Datasets\final_combined_datasets\TLCE\EB\TLCE_EB_0267.JPG,Tomato,EB,uncontrolled,abb7d470904b8f61,Early Blight
Z:\Projects\Smart-Farming\Datasets\final_combined_datasets\TLCE\EB\TLCE_EB_0268.JPG,Tomato,EB,uncontrolled,a281f85ea5f05b8b,Early Blight
Z:\Projects\Smart-Farming\Datasets\final_combined_datasets\TLCE\EB\TLCE_EB_0269.JPG,Tomato,EB,uncontrolled,bb8591dac9e8e462,Early Blight
Z:\Projects\Smart-Farming\Datasets\final_combined_datasets\TLCE\EB\TLCE_EB_0270.JPG,Tomato,EB,uncontrolled,abf495529a0adb0d,Early Blight
Z:\Projects\Smart-Farming\Datasets\final_combined_datasets\TLCE\EB\TLCE_EB_0271.JPG,Tomato,EB,uncontrolled,adccf4a5ca869b18,Early Blight
Z:\Projects\Smart-Farming\Datasets\final_combined_datasets\TLCE\EB\TLCE_EB_0272.JPG,Tomato,EB,uncontrolled,e989c34e0ee5985b,Early Blight
Z:\Projects\Smart-Farming\Datasets\final_combined_datasets\TLCE\EB\TLCE_EB_0273.JPG,Tomato,EB,uncontrolled,ef48879d9211f326,Early Blight
Z:\Projects\Smart-Farming\Datasets\final_combined_datasets\TLCE\EB\TLCE_EB_0274.JPG,Tomato,EB,uncontrolled,bf92d04987dcd826,Early Blight
Z:\Projects\Smart-Farming\Datasets\final_combined_datasets\TLCE\EB\TLCE_EB_0275.JPG,Tomato,EB,uncontrolled,bd52e60f983c8b46,Early Blight
Z:\Projects\Smart-Farming\Datasets\final_combined_datasets\TLCE\EB\TLCE_EB_0276.JPG,Tomato,EB,uncontrolled,fc41979da8b82633,Early Blight
Z:\Projects\Smart-Farming\Datasets\final_combined_datasets\TLCE\EB\TLCE_EB_0277.JPG,Tomato,EB,uncontrolled,abb185d36d9a0ce4,Early Blight
Z:\Projects\Smart-Farming\Datasets\final_combined_datasets\TLCE\EB\TLCE_EB_0278.JPG,Tomato,EB,uncontrolled,f22ba5b1909acbc9,Early Blight
Z:\Projects\Smart-Farming\Datasets\final_combined_datasets\TLCE\EB\TLCE_EB_0279.JPG,Tomato,EB,uncontrolled,eac105db1ce33867,Early Blight
Z:\Projects\Smart-Farming\Datasets\final_combined_datasets\TLCE\EB\TLCE_EB_0280.JPG,Tomato,EB,uncontrolled,ebd8952b9e345906,Early Blight
Z:\Projects\Smart-Farming\Datasets\final_combined_datasets\TLCE\EB\TLCE_EB_0281.JPG,Tomato,EB,uncontrolled,ea4a948fca96e433,Early Blight
Z:\Projects\Smart-Farming\Datasets\final_combined_datasets\TLCE\EB\TLCE_EB_0282.JPG,Tomato,EB,uncontrolled,ebe4a50cde9cc09a,Early Blight
Z:\Projects\Smart-Farming\Datasets\final_combined_datasets\TLCE\EB\TLCE_EB_0283.JPG,Tomato,EB,uncontrolled,ef4ad2e78c388133,Early Blight
Z:\Projects\Smart-Farming\Datasets\final_combined_datasets\TLCE\EB\TLCE_EB_0284.JPG,Tomato,EB,uncontrolled,b146c033cf38cdd9,Early Blight
Z:\Projects\Smart-Farming\Datasets\final_combined_datasets\TLCE\EB\TLCE_EB_0285.JPG,Tomato,EB,uncontrolled,e8a1875e927c8e69,Early Blight
Z:\Projects\Smart-Farming\Datasets\final_combined_datasets\TLCE\EB\TLCE_EB_0286.JPG,Tomato,EB,uncontrolled,fc6ac257ac381b23,Early Blight
Z:\Projects\Smart-Farming\Datasets\final_combined_datasets\TLCE\EB\TLCE_EB_0287.JPG,Tomato,EB,uncontrolled,ea60852acd3ed46d,Early Blight
Z:\Projects\Smart-Farming\Datasets\final_combined_datasets\TLCE\EB\TLCE_EB_0288.JPG,Tomato,EB,uncontrolled,ee12e24ac1cf0d9d,Early Blight
Z:\Projects\Smart-Farming\Datasets\final_combined_datasets\TLCE\EB\TLCE_EB_0289.JPG,Tomato,EB,uncontrolled,aacad6859934a9b3,Early Blight
Z:\Projects\Smart-Farming\Datasets\final_combined_datasets\TLCE\EB\TLCE_EB_0290.JPG,Tomato,EB,uncontrolled,e2a7969aa2c999c9,Early Blight
Z:\Projects\Smart-Farming\Datasets\final_combined_datasets\TLCE\EB\TLCE_EB_0291.JPG,Tomato,EB,uncontrolled,f3a4c6969ad88d49,Early Blight
Z:\Projects\Smart-Farming\Datasets\final_combined_datasets\TLCE\EB\TLCE_EB_0292.JPG,Tomato,EB,uncontrolled,da92b429ab54b5a9,Early Blight
Z:\Projects\Smart-Farming\Datasets\final_combined_datasets\TLCE\EB\TLCE_EB_0293.JPG,Tomato,EB,uncontrolled,eae5a5ce92989199,Early Blight
Z:\Projects\Smart-Farming\Datasets\final_combined_datasets\TLCE\EB\TLCE_EB_0294.JPG,Tomato,EB,uncontrolled,f967873496423a99,Early Blight
Z:\Projects\Smart-Farming\Datasets\final_combined_datasets\TLCE\EB\TLCE_EB_0295.JPG,Tomato,EB,uncontrolled,bf4cb60db43a111e,Early Blight
Z:\Projects\Smart-Farming\Datasets\final_combined_datasets\TLCE\EB\TLCE_EB_0296.JPG,Tomato,EB,uncontrolled,fa42b56cda17c816,Early Blight
Z:\Projects\Smart-Farming\Datasets\final_combined_datasets\TLCE\EB\TLCE_EB_0297.JPG,Tomato,EB,uncontrolled,f2e3a339ac19f015,Early Blight
Z:\Projects\Smart-Farming\Datasets\final_combined_datasets\TLCE\EB\TLCE_EB_0298.JPG,Tomato,EB,uncontrolled,b3a19f49c925c6b2,Early Blight
Z:\Projects\Smart-Farming\Datasets\final_combined_datasets\TLCE\EB\TLCE_EB_0299.JPG,Tomato,EB,uncontrolled,fcb0c38b1bc39296,Early Blight
Z:\Projects\Smart-Farming\Datasets\final_combined_datasets\TLCE\EB\TLCE_EB_0300.JPG,Tomato,EB,uncontrolled,f8e19354d6aa8e91,Early Blight
Z:\Projects\Smart-Farming\Datasets\final_combined_datasets\TLCE\EB\TLCE_EB_0301.JPG,Tomato,EB,uncontrolled,af2ed011c9c3cde1,Early Blight
Z:\Projects\Smart-Farming\Datasets\final_combined_datasets\TLCE\EB\TLCE_EB_0302.JPG,Tomato,EB,uncontrolled,ba8781d876a3e1b8,Early Blight
Z:\Projects\Smart-Farming\Datasets\final_combined_datasets\TLCE\EB\TLCE_EB_0303.JPG,Tomato,EB,uncontrolled,be04d03bc671c7e1,Early Blight
Z:\Projects\Smart-Farming\Datasets\final_combined_datasets\TLCE\EB\TLCE_EB_0304.JPG,Tomato,EB,uncontrolled,f8b89dd2c8c5c8ac,Early Blight
Z:\Projects\Smart-Farming\Datasets\final_combined_datasets\TLCE\EB\TLCE_EB_0305.JPG,Tomato,EB,uncontrolled,f2ab8d949951b1d8,Early Blight
Z:\Projects\Smart-Farming\Datasets\final_combined_datasets\TLCE\EB\TLCE_EB_0306.JPG,Tomato,EB,uncontrolled,bbd8d085858e8f9c,Early Blight
Z:\Projects\Smart-Farming\Datasets\final_combined_datasets\TLCE\EB\TLCE_EB_0307.JPG,Tomato,EB,uncontrolled,f8ac91d2c668cda5,Early Blight
Z:\Projects\Smart-Farming\Datasets\final_combined_datasets\TLCE\EB\TLCE_EB_0308.JPG,Tomato,EB,uncontrolled,b3d4850bde85d02f,Early Blight
Z:\Projects\Smart-Farming\Datasets\final_combined_datasets\TLCE\EB\TLCE_EB_0309.JPG,Tomato,EB,uncontrolled,a9e097cfb806c993,Early Blight
Z:\Projects\Smart-Farming\Datasets\final_combined_datasets\TLCE\EB\TLCE_EB_0310.JPG,Tomato,EB,uncontrolled,ffd182479c3ab025,Early Blight
Z:\Projects\Smart-Farming\Datasets\final_combined_datasets\TLCE\EB\TLCE_EB_0311.JPG,Tomato,EB,uncontrolled,fa249568d6334e93,Early Blight
Z:\Projects\Smart-Farming\Datasets\final_combined_datasets\TLCE\EB\TLCE_EB_0312.JPG,Tomato,EB,uncontrolled,fe69e94ce42416e4,Early Blight
Z:\Projects\Smart-Farming\Datasets\final_combined_datasets\TLCE\EB\TLCE_EB_0313.JPG,Tomato,EB,uncontrolled,e9e1948d98b4cfb0,Early Blight
Z:\Projects\Smart-Farming\Datasets\final_combined_datasets\TLCE\EB\TLCE_EB_0314.JPG,Tomato,EB,uncontrolled,eea083379cdc8758,Early Blight
Z:\Projects\Smart-Farming\Datasets\final_combined_datasets\TLCE\EB\TLCE_EB_0315.JPG,Tomato,EB,uncontrolled,ff6ee035c46a1644,Early Blight
Z:\Projects\Smart-Farming\Datasets\final_combined_datasets\TLCE\EB\TLCE_EB_0316.JPG,Tomato,EB,uncontrolled,fa15c237c7721c46,Early Blight
Z:\Projects\Smart-Farming\Datasets\final_combined_datasets\TLCE\EB\TLCE_EB_0317.JPG,Tomato,EB,uncontrolled,ea3685cad2793b42,Early Blight
Z:\Projects\Smart-Farming\Datasets\final_combined_datasets\TLCE\EB\TLCE_EB_0318.JPG,Tomato,EB,uncontrolled,fab1a194c358c74b,Early Blight
Z:\Projects\Smart-Farming\Datasets\final_combined_datasets\TLCE\EB\TLCE_EB_0319.JPG,Tomato,EB,uncontrolled,a969e62dc136837a,Early Blight
Z:\Projects\Smart-Farming\Datasets\final_combined_datasets\TLCE\EB\TLCE_EB_0320.JPG,Tomato,EB,uncontrolled,eab4a555964a99c9,Early Blight
Z:\Projects\Smart-Farming\Datasets\final_combined_datasets\TLCE\EB\TLCE_EB_0321.JPG,Tomato,EB,uncontrolled,eb24850f96781bb5,Early Blight
Z:\Projects\Smart-Farming\Datasets\final_combined_datasets\TLCE\EB\TLCE_EB_0322.JPG,Tomato,EB,uncontrolled,a7e1c60ed832c59b,Early Blight
Z:\Projects\Smart-Farming\Datasets\final_combined_datasets\TLCE\EB\TLCE_EB_0323.JPG,Tomato,EB,uncontrolled,ebd4910eb072877c,Early Blight
Z:\Projects\Smart-Farming\Datasets\final_combined_datasets\TLCE\EB\TLCE_EB_0324.JPG,Tomato,EB,uncontrolled,e84795389269de35,Early Blight
Z:\Projects\Smart-Farming\Datasets\final_combined_datasets\TLCE\EB\TLCE_EB_0325.JPG,Tomato,EB,uncontrolled,fe6ce0389e3acc21,Early Blight
Z:\Projects\Smart-Farming\Datasets\final_combined_datasets\TLCE\EB\TLCE_EB_0326.JPG,Tomato,EB,uncontrolled,bf44f00fcfb4cc10,Early Blight
Z:\Projects\Smart-Farming\Datasets\final_combined_datasets\TLCE\EB\TLCE_EB_0327.JPG,Tomato,EB,uncontrolled,abe59548963f50a9,Early Blight
Z:\Projects\Smart-Farming\Datasets\final_combined_datasets\TLCE\EB\TLCE_EB_0328.JPG,Tomato,EB,uncontrolled,fac0a5c6969a9ad8,Early Blight
Z:\Projects\Smart-Farming\Datasets\final_combined_datasets\TLCE\EB\TLCE_EB_0329.JPG,Tomato,EB,uncontrolled,ab6cc215c51fdc31,Early Blight
Z:\Projects\Smart-Farming\Datasets\final_combined_datasets\TLCE\EB\TLCE_EB_0330.JPG,Tomato,EB,uncontrolled,b86c9706f380c78f,Early Blight
Z:\Projects\Smart-Farming\Datasets\final_combined_datasets\TLCE\EB\TLCE_EB_0331.JPG,Tomato,EB,uncontrolled,b464c70d9b62991f,Early Blight
Z:\Projects\Smart-Farming\Datasets\final_combined_datasets\TLCE\EB\TLCE_EB_0332.JPG,Tomato,EB,uncontrolled,e885951a937a9d2b,Early Blight
Z:\Projects\Smart-Farming\Datasets\final_combined_datasets\TLCE\EB\TLCE_EB_0333.JPG,Tomato,EB,uncontrolled,f26ae2e40a538e6e,Early Blight
Z:\Projects\Smart-Farming\Datasets\final_combined_datasets\TLCE\EB\TLCE_EB_0334.JPG,Tomato,EB,uncontrolled,f963951fd02cc730,Early Blight
Z:\Projects\Smart-Farming\Datasets\final_combined_datasets\TLCE\EB\TLCE_EB_0335.JPG,Tomato,EB,uncontrolled,ada3d0cd8f12c993,Early Blight
Z:\Projects\Smart-Farming\Datasets\final_combined_datasets\TLCE\EB\TLCE_EB_0336.JPG,Tomato,EB,uncontrolled,abf0924bd99cccc4,Early Blight
Z:\Projects\Smart-Farming\Datasets\final_combined_datasets\TLCE\EB\TLCE_EB_0337.JPG,Tomato,EB,uncontrolled,f436a739ab4912a6,Early Blight
Z:\Projects\Smart-Farming\Datasets\final_combined_datasets\TLCE\EB\TLCE_EB_0338.JPG,Tomato,EB,uncontrolled,e9e5849e90cb99e8,Early Blight
Z:\Projects\Smart-Farming\Datasets\final_combined_datasets\TLCE\EB\TLCE_EB_0339.JPG,Tomato,EB,uncontrolled,ffc18b1eb222a62c,Early Blight
Z:\Projects\Smart-Farming\Datasets\final_combined_datasets\TLCE\EB\TLCE_EB_0340.JPG,Tomato,EB,uncontrolled,ffc0a01bae22a67a,Early Blight
Z:\Projects\Smart-Farming\Datasets\final_combined_datasets\TLCE\EB\TLCE_EB_0341.JPG,Tomato,EB,uncontrolled,af17967aa4399864,Early Blight
Z:\Projects\Smart-Farming\Datasets\final_combined_datasets\TLCE\EB\TLCE_EB_0342.JPG,Tomato,EB,uncontrolled,a9f5f442954bd80d,Early Blight
Z:\Projects\Smart-Farming\Datasets\final_combined_datasets\TLCE\EB\TLCE_EB_0343.JPG,Tomato,EB,uncontrolled,b89cc352cfe1c436,Early Blight
Z:\Projects\Smart-Farming\Datasets\final_combined_datasets\TLCE\EB\TLCE_EB_0344.JPG,Tomato,EB,uncontrolled,fa04c53b946a56ad,Early Blight
Z:\Projects\Smart-Farming\Datasets\final_combined_datasets\TLCE\EB\TLCE_EB_0345.JPG,Tomato,EB,uncontrolled,bd1df060c1c3cecc,Early Blight
Z:\Projects\Smart-Farming\Datasets\final_combined_datasets\TLCE\EB\TLCE_EB_0346.JPG,Tomato,EB,uncontrolled,aa5df54ac2e12c96,Early Blight
Z:\Projects\Smart-Farming\Datasets\final_combined_datasets\TLCE\EB\TLCE_EB_0347.JPG,Tomato,EB,uncontrolled,ee35b4d2806b9726,Early Blight
Z:\Projects\Smart-Farming\Datasets\final_combined_datasets\TLCE\EB\TLCE_EB_0348.JPG,Tomato,EB,uncontrolled,ea4a913dc938cd39,Early Blight
Z:\Projects\Smart-Farming\Datasets\final_combined_datasets\TLCE\EB\TLCE_EB_0349.JPG,Tomato,EB,uncontrolled,8fd8f94e340bf205,Early Blight
Z:\Projects\Smart-Farming\Datasets\final_combined_datasets\TLCE\EB\TLCE_EB_0350.JPG,Tomato,EB,uncontrolled,af6ad2169db91630,Early Blight
Z:\Projects\Smart-Farming\Datasets\final_combined_datasets\TLCE\EB\TLCE_EB_0351.JPG,Tomato,EB,uncontrolled,e9669632d27989e4,Early Blight
Z:\Projects\Smart-Farming\Datasets\final_combined_datasets\TLCE\EB\TLCE_EB_0352.JPG,Tomato,EB,uncontrolled,f84da53cd5288877,Early Blight
Z:\Projects\Smart-Farming\Datasets\final_combined_datasets\TLCE\EB\TLCE_EB_0353.JPG,Tomato,EB,uncontrolled,be8dc0cc8d3364f2,Early Blight
Z:\Projects\Smart-Farming\Datasets\final_combined_datasets\TLCE\EB\TLCE_EB_0354.JPG,Tomato,EB,uncontrolled,ee84e41e9a799169,Early Blight
Z:\Projects\Smart-Farming\Datasets\final_combined_datasets\TLCE\EB\TLCE_EB_0355.JPG,Tomato,EB,uncontrolled,be1ac07c314733f2,Early Blight
Z:\Projects\Smart-Farming\Datasets\final_combined_datasets\TLCE\EB\TLCE_EB_0356.JPG,Tomato,EB,uncontrolled,ed6e92c48d1b7270,Early Blight
Z:\Projects\Smart-Farming\Datasets\final_combined_datasets\TLCE\EB\TLCE_EB_0357.JPG,Tomato,EB,uncontrolled,ace885cd96d93a92,Early Blight
Z:\Projects\Smart-Farming\Datasets\final_combined_datasets\TLCE\EB\TLCE_EB_0358.JPG,Tomato,EB,uncontrolled,88079f7a83bcc3e1,Early Blight
Z:\Projects\Smart-Farming\Datasets\final_combined_datasets\TLCE\EB\TLCE_EB_0359.JPG,Tomato,EB,uncontrolled,ab2cb558428bcb97,Early Blight
Z:\Projects\Smart-Farming\Datasets\final_combined_datasets\TLCE\EB\TLCE_EB_0360.JPG,Tomato,EB,uncontrolled,b9e1e682cc4c99b9,Early Blight
Z:\Projects\Smart-Farming\Datasets\final_combined_datasets\TLCE\EB\TLCE_EB_0361.JPG,Tomato,EB,uncontrolled,e9a1874e966887f8,Early Blight
Z:\Projects\Smart-Farming\Datasets\final_combined_datasets\TLCE\EB\TLCE_EB_0362.JPG,Tomato,EB,uncontrolled,ee9180ce873c973c,Early Blight
Z:\Projects\Smart-Farming\Datasets\final_combined_datasets\TLCE\EB\TLCE_EB_0363.JPG,Tomato,EB,uncontrolled,e66e91260d319c7b,Early Blight
Z:\Projects\Smart-Farming\Datasets\final_combined_datasets\TLCE\EB\TLCE_EB_0364.JPG,Tomato,EB,uncontrolled,e8e7851c8ccacd39,Early Blight
Z:\Projects\Smart-Farming\Datasets\final_combined_datasets\TLCE\EB\TLCE_EB_0365.JPG,Tomato,EB,uncontrolled,afecd09fcb609c01,Early Blight
Z:\Projects\Smart-Farming\Datasets\final_combined_datasets\TLCE\EB\TLCE_EB_0366.JPG,Tomato,EB,uncontrolled,adb1f26cc2b0c363,Early Blight
Z:\Projects\Smart-Farming\Datasets\final_combined_datasets\TLCE\EB\TLCE_EB_0367.JPG,Tomato,EB,uncontrolled,ead3a75a940bcc49,Early Blight
Z:\Projects\Smart-Farming\Datasets\final_combined_datasets\TLCE\EB\TLCE_EB_0368.JPG,Tomato,EB,uncontrolled,fb46a12fc43196f0,Early Blight
Z:\Projects\Smart-Farming\Datasets\final_combined_datasets\TLCE\EB\TLCE_EB_0369.JPG,Tomato,EB,uncontrolled,f8a7c6d68f08d069,Early Blight
Z:\Projects\Smart-Farming\Datasets\final_combined_datasets\TLCE\EB\TLCE_EB_0370.JPG,Tomato,EB,uncontrolled,f9a1c6169ae9198b,Early Blight
Z:\Projects\Smart-Farming\Datasets\final_combined_datasets\TLCE\EB\TLCE_EB_0371.JPG,Tomato,EB,uncontrolled,fab984868f6cb059,Early Blight
Z:\Projects\Smart-Farming\Datasets\final_combined_datasets\TLCE\EB\TLCE_EB_0372.JPG,Tomato,EB,uncontrolled,f8b4c7daac609c89,Early Blight
Z:\Projects\Smart-Farming\Datasets\final_combined_datasets\TLCE\EB\TLCE_EB_0373.JPG,Tomato,EB,uncontrolled,abcad28d1d34a5a6,Early Blight
Z:\Projects\Smart-Farming\Datasets\final_combined_datasets\TLCE\EB\TLCE_EB_0374.JPG,Tomato,EB,uncontrolled,ab7afc84b194a44d,Early Blight
Z:\Projects\Smart-Farming\Datasets\final_combined_datasets\TLCE\EB\TLCE_EB_0375.JPG,Tomato,EB,uncontrolled,bc61906fd42fc272,Early Blight
Z:\Projects\Smart-Farming\Datasets\final_combined_datasets\TLCE\EB\TLCE_EB_0376.JPG,Tomato,EB,uncontrolled,a873864e9e91399b,Early Blight
Z:\Projects\Smart-Farming\Datasets\final_combined_datasets\TLCE\EB\TLCE_EB_0377.JPG,Tomato,EB,uncontrolled,bd90e0c78d4f34cc,Early Blight
Z:\Projects\Smart-Farming\Datasets\final_combined_datasets\TLCE\EB\TLCE_EB_0378.JPG,Tomato,EB,uncontrolled,ee6ac4749d4d98c1,Early Blight
Z:\Projects\Smart-Farming\Datasets\final_combined_datasets\TLCE\EB\TLCE_EB_0379.JPG,Tomato,EB,uncontrolled,eacb889d3a833696,Early Blight
Z:\Projects\Smart-Farming\Datasets\final_combined_datasets\TLCE\EB\TLCE_EB_0380.JPG,Tomato,EB,uncontrolled,f9c3251ea431c63e,Early Blight
Z:\Projects\Smart-Farming\Datasets\final_combined_datasets\TLCE\EB\TLCE_EB_0381.JPG,Tomato,EB,uncontrolled,bfd08188bc9637a3,Early Blight
Z:\Projects\Smart-Farming\Datasets\final_combined_datasets\TLCE\EB\TLCE_EB_0382.JPG,Tomato,EB,uncontrolled,eae684ce9a3899e1,Early Blight
Z:\Projects\Smart-Farming\Datasets\final_combined_datasets\TLCE\EB\TLCE_EB_0383.JPG,Tomato,EB,uncontrolled,fb1f8f63805289c3,Early Blight
Z:\Projects\Smart-Farming\Datasets\final_combined_datasets\TLCE\EB\TLCE_EB_0384.JPG,Tomato,EB,uncontrolled,ff1ba8bc851492d2,Early Blight
Z:\Projects\Smart-Farming\Datasets\final_combined_datasets\TLCE\EB\TLCE_EB_0385.JPG,Tomato,EB,uncontrolled,ec24c65a93d9598d,Early Blight
Z:\Projects\Smart-Farming\Datasets\final_combined_datasets\TLCE\EB\TLCE_EB_0386.JPG,Tomato,EB,uncontrolled,ac91de0be416c277,Early Blight
Z:\Projects\Smart-Farming\Datasets\final_combined_datasets\TLCE\EB\TLCE_EB_0387.JPG,Tomato,EB,uncontrolled,ad49d2a4c31bcf98,Early Blight
Z:\Projects\Smart-Farming\Datasets\final_combined_datasets\TLCE\EB\TLCE_EB_0388.JPG,Tomato,EB,uncontrolled,e194966a9c8d9aad,Early Blight
Z:\Projects\Smart-Farming\Datasets\final_combined_datasets\TLCE\EB\TLCE_EB_0389.JPG,Tomato,EB,uncontrolled,b8e1c70fc2b30ed2,Early Blight
Z:\Projects\Smart-Farming\Datasets\final_combined_datasets\TLCE\EB\TLCE_EB_0390.JPG,Tomato,EB,uncontrolled,bf2fd2d00cc1c4dc,Early Blight
Z:\Projects\Smart-Farming\Datasets\final_combined_datasets\TLCE\EB\TLCE_EB_0391.JPG,Tomato,EB,uncontrolled,aee4e416989ad339,Early Blight
Z:\Projects\Smart-Farming\Datasets\final_combined_datasets\TLCE\EB\TLCE_EB_0392.JPG,Tomato,EB,uncontrolled,fbb7b1881e5c8528,Early Blight
Z:\Projects\Smart-Farming\Datasets\final_combined_datasets\TLCE\EB\TLCE_EB_0393.JPG,Tomato,EB,uncontrolled,fc9fda8944e4c2c1,Early Blight
Z:\Projects\Smart-Farming\Datasets\final_combined_datasets\TLCE\EB\TLCE_EB_0394.JPG,Tomato,EB,uncontrolled,eac1819cb94ab16f,Early Blight
Z:\Projects\Smart-Farming\Datasets\final_combined_datasets\TLCE\EB\TLCE_EB_0395.JPG,Tomato,EB,uncontrolled,f8b1b55a9627c883,Early Blight
Z:\Projects\Smart-Farming\Datasets\final_combined_datasets\TLCE\EB\TLCE_EB_0396.JPG,Tomato,EB,uncontrolled,a81fb76ec8b025d8,Early Blight
Z:\Projects\Smart-Farming\Datasets\final_combined_datasets\TLCE\EB\TLCE_EB_0397.JPG,Tomato,EB,uncontrolled,ae95d06acd2f8538,Early Blight
Z:\Projects\Smart-Farming\Datasets\final_combined_datasets\TLCE\EB\TLCE_EB_0398.JPG,Tomato,EB,uncontrolled,ee31e461e56b2760,Early Blight
Z:\Projects\Smart-Farming\Datasets\final_combined_datasets\TLCE\EB\TLCE_EB_0399.JPG,Tomato,EB,uncontrolled,ea8a0d98b473c733,Early Blight
Z:\Projects\Smart-Farming\Datasets\final_combined_datasets\TLCE\EB\TLCE_EB_0400.JPG,Tomato,EB,uncontrolled,aeb4e74ad11d9684,Early Blight
Z:\Projects\Smart-Farming\Datasets\final_combined_datasets\TLCE\EB\TLCE_EB_0401.JPG,Tomato,EB,uncontrolled,ba68a545cf94cc5a,Early Blight
Z:\Projects\Smart-Farming\Datasets\final_combined_datasets\TLCE\EB\TLCE_EB_0402.JPG,Tomato,EB,uncontrolled,baf3854ed03c8c66,Early Blight
Z:\Projects\Smart-Farming\Datasets\final_combined_datasets\TLCE\EB\TLCE_EB_0403.JPG,Tomato,EB,uncontrolled,ead06f841abdb132,Early Blight
Z:\Projects\Smart-Farming\Datasets\final_combined_datasets\TLCE\EB\TLCE_EB_0404.JPG,Tomato,EB,uncontrolled,ef409466cb3ec42d,Early Blight
Z:\Projects\Smart-Farming\Datasets\final_combined_datasets\TLCE\EB\TLCE_EB_0405.JPG,Tomato,EB,uncontrolled,aec8d22799b29197,Early Blight
Z:\Projects\Smart-Farming\Datasets\final_combined_datasets\TLCE\EB\TLCE_EB_0406.JPG,Tomato,EB,uncontrolled,e84a87a7989cb1b3,Early Blight
Z:\Projects\Smart-Farming\Datasets\final_combined_datasets\TLCE\EB\TLCE_EB_0407.JPG,Tomato,EB,uncontrolled,eccd837a92b087b4,Early Blight
Z:\Projects\Smart-Farming\Datasets\final_combined_datasets\TLCE\EB\TLCE_EB_0408.JPG,Tomato,EB,uncontrolled,be37c04a97709569,Early Blight
Z:\Projects\Smart-Farming\Datasets\final_combined_datasets\TLCE\EB\TLCE_EB_0409.JPG,Tomato,EB,uncontrolled,f5a3805c8bc99ecc,Early Blight
Z:\Projects\Smart-Farming\Datasets\final_combined_datasets\TLCE\EB\TLCE_EB_0410.JPG,Tomato,EB,uncontrolled,ed69c51c5e64b186,Early Blight
Z:\Projects\Smart-Farming\Datasets\final_combined_datasets\TLCE\EB\TLCE_EB_0411.JPG,Tomato,EB,uncontrolled,e632935a2d75162b,Early Blight
Z:\Projects\Smart-Farming\Datasets\final_combined_datasets\TLCE\EB\TLCE_EB_0412.JPG,Tomato,EB,uncontrolled,aacac60f4f6c4978,Early Blight
Z:\Projects\Smart-Farming\Datasets\final_combined_datasets\TLCE\EB\TLCE_EB_0413.JPG,Tomato,EB,uncontrolled,bbc4d1cb0d6c8678,Early Blight
Z:\Projects\Smart-Farming\Datasets\final_combined_datasets\TLCE\EB\TLCE_EB_0414.JPG,Tomato,EB,uncontrolled,ea42850fc46ccb7d,Early Blight
Z:\Projects\Smart-Farming\Datasets\final_combined_datasets\TLCE\EB\TLCE_EB_0415.JPG,Tomato,EB,uncontrolled,edc4c41ed2f41b92,Early Blight
Z:\Projects\Smart-Farming\Datasets\final_combined_datasets\TLCE\EB\TLCE_EB_0416.JPG,Tomato,EB,uncontrolled,fbc6c41d9c70b143,Early Blight
Z:\Projects\Smart-Farming\Datasets\final_combined_datasets\TLCE\EB\TLCE_EB_0417.JPG,Tomato,EB,uncontrolled,bae5950ac8acc9a7,Early Blight
Z:\Projects\Smart-Farming\Datasets\final_combined_datasets\TLCE\EB\TLCE_EB_0418.JPG,Tomato,EB,uncontrolled,fb60d50fc07c18b5,Early Blight
Z:\Projects\Smart-Farming\Datasets\final_combined_datasets\TLCE\EB\TLCE_EB_0419.JPG,Tomato,EB,uncontrolled,e5a5d21e8959bc49,Early Blight
Z:\Projects\Smart-Farming\Datasets\final_combined_datasets\TLCE\EB\TLCE_EB_0420.JPG,Tomato,EB,uncontrolled,a36eca9086959db6,Early Blight
Z:\Projects\Smart-Farming\Datasets\final_combined_datasets\TLCE\EB\TLCE_EB_0421.JPG,Tomato,EB,uncontrolled,bf1ed8608793e0c6,Early Blight
Z:\Projects\Smart-Farming\Datasets\final_combined_datasets\TLCE\EB\TLCE_EB_0422.JPG,Tomato,EB,uncontrolled,ba63971ec81c49f1,Early Blight
Z:\Projects\Smart-Farming\Datasets\final_combined_datasets\TLCE\EB\TLCE_EB_0423.JPG,Tomato,EB,uncontrolled,b8b292c9c9e29cce,Early Blight
Z:\Projects\Smart-Farming\Datasets\final_combined_datasets\TLCE\EB\TLCE_EB_0424.JPG,Tomato,EB,uncontrolled,adf0920bcb9d4d1a,Early Blight
Z:\Projects\Smart-Farming\Datasets\final_combined_datasets\TLCE\EB\TLCE_EB_0425.JPG,Tomato,EB,uncontrolled,d6fe8995d0f8802b,Early Blight
Z:\Projects\Smart-Farming\Datasets\final_combined_datasets\TLCE\EB\TLCE_EB_0426.JPG,Tomato,EB,uncontrolled,fac58d0b9c31c553,Early Blight
Z:\Projects\Smart-Farming\Datasets\final_combined_datasets\TLCE\EB\TLCE_EB_0427.JPG,Tomato,EB,uncontrolled,ebc1849e9e1a91e3,Early Blight
Z:\Projects\Smart-Farming\Datasets\final_combined_datasets\TLCE\EB\TLCE_EB_0428.JPG,Tomato,EB,uncontrolled,eaa5a5da924899ba,Early Blight
Z:\Projects\Smart-Farming\Datasets\final_combined_datasets\TLCE\EB\TLCE_EB_0429.JPG,Tomato,EB,uncontrolled,eec08619f236857d,Early Blight
Z:\Projects\Smart-Farming\Datasets\final_combined_datasets\TLCE\EB\TLCE_EB_0430.JPG,Tomato,EB,uncontrolled,eba0851fdc1981eb,Early Blight
Z:\Projects\Smart-Farming\Datasets\final_combined_datasets\TLCE\EB\TLCE_EB_0431.JPG,Tomato,EB,uncontrolled,af65d0cb93bc9290,Early Blight
Z:\Projects\Smart-Farming\Datasets\final_combined_datasets\TLCE\EB\TLCE_EB_0432.JPG,Tomato,EB,uncontrolled,f6a383949dd1a94a,Early Blight
Z:\Projects\Smart-Farming\Datasets\final_combined_datasets\TLCE\EB\TLCE_EB_0433.JPG,Tomato,EB,uncontrolled,dd9e786223e3260d,Early Blight
Z:\Projects\Smart-Farming\Datasets\final_combined_datasets\TLCE\EB\TLCE_EB_0434.JPG,Tomato,EB,uncontrolled,fa7981c5a6a69c92,Early Blight
Z:\Projects\Smart-Farming\Datasets\final_combined_datasets\TLCE\EB\TLCE_EB_0435.JPG,Tomato,EB,uncontrolled,ebd295853d09b0ad,Early Blight
Z:\Projects\Smart-Farming\Datasets\final_combined_datasets\TLCE\EB\TLCE_EB_0436.JPG,Tomato,EB,uncontrolled,fe41c41ed3341af2,Early Blight
Z:\Projects\Smart-Farming\Datasets\final_combined_datasets\TLCE\EB\TLCE_EB_0437.JPG,Tomato,EB,uncontrolled,be18d1e186e29d0f,Early Blight
Z:\Projects\Smart-Farming\Datasets\final_combined_datasets\TLCE\EB\TLCE_EB_0438.JPG,Tomato,EB,uncontrolled,f835913a876a93cc,Early Blight
Z:\Projects\Smart-Farming\Datasets\final_combined_datasets\TLCE\EB\TLCE_EB_0439.JPG,Tomato,EB,uncontrolled,ef69960e99b4c113,Early Blight
Z:\Projects\Smart-Farming\Datasets\final_combined_datasets\TLCE\EB\TLCE_EB_0440.JPG,Tomato,EB,uncontrolled,bd349072c363c3e3,Early Blight
Z:\Projects\Smart-Farming\Datasets\final_combined_datasets\TLCE\EB\TLCE_EB_0441.JPG,Tomato,EB,uncontrolled,fbb0a19a962d4dc2,Early Blight
Z:\Projects\Smart-Farming\Datasets\final_combined_datasets\TLCE\EB\TLCE_EB_0442.JPG,Tomato,EB,uncontrolled,eb75c0968e1e9ca8,Early Blight
Z:\Projects\Smart-Farming\Datasets\final_combined_datasets\TLCE\EB\TLCE_EB_0443.JPG,Tomato,EB,uncontrolled,df8dc070dc8a6d1c,Early Blight
Z:\Projects\Smart-Farming\Datasets\final_combined_datasets\TLCE\EB\TLCE_EB_0444.JPG,Tomato,EB,uncontrolled,fec7c09c1891d2b3,Early Blight
Z:\Projects\Smart-Farming\Datasets\final_combined_datasets\TLCE\EB\TLCE_EB_0445.JPG,Tomato,EB,uncontrolled,aee5854ad891d39a,Early Blight
Z:\Projects\Smart-Farming\Datasets\final_combined_datasets\TLCE\EB\TLCE_EB_0446.JPG,Tomato,EB,uncontrolled,ab4af445c93f8a38,Early Blight
Z:\Projects\Smart-Farming\Datasets\final_combined_datasets\TLCE\EB\TLCE_EB_0447.JPG,Tomato,EB,uncontrolled,f865934e966cd294,Early Blight
Z:\Projects\Smart-Farming\Datasets\final_combined_datasets\TLCE\EB\TLCE_EB_0448.JPG,Tomato,EB,uncontrolled,eca4c35b9d669829,Early Blight
Z:\Projects\Smart-Farming\Datasets\final_combined_datasets\TLCE\EB\TLCE_EB_0449.JPG,Tomato,EB,uncontrolled,fc278358872b58a7,Early Blight
Z:\Projects\Smart-Farming\Datasets\final_combined_datasets\TLCE\EB\TLCE_EB_0450.JPG,Tomato,EB,uncontrolled,a94ef15a87219e4e,Early Blight
Z:\Projects\Smart-Farming\Datasets\final_combined_datasets\TLCE\EB\TLCE_EB_0451.JPG,Tomato,EB,uncontrolled,cbc1aa9635f1a50d,Early Blight
Z:\Projects\Smart-Farming\Datasets\final_combined_datasets\TLCE\EB\TLCE_EB_0452.JPG,Tomato,EB,uncontrolled,a92c947cd6258fd2,Early Blight
Z:\Projects\Smart-Farming\Datasets\final_combined_datasets\TLCE\EB\TLCE_EB_0453.JPG,Tomato,EB,uncontrolled,ade0968e5a9ee01b,Early Blight
Z:\Projects\Smart-Farming\Datasets\final_combined_datasets\TLCE\EB\TLCE_EB_0454.JPG,Tomato,EB,uncontrolled,ab56f04a88671ce7,Early Blight
Z:\Projects\Smart-Farming\Datasets\final_combined_datasets\TLCE\EB\TLCE_EB_0455.JPG,Tomato,EB,uncontrolled,fbc1854edc68c1b1,Early Blight
Z:\Projects\Smart-Farming\Datasets\final_combined_datasets\TLCE\EB\TLCE_EB_0456.JPG,Tomato,EB,uncontrolled,e8c68d1b93f41f12,Early Blight
Z:\Projects\Smart-Farming\Datasets\final_combined_datasets\TLCE\EB\TLCE_EB_0457.JPG,Tomato,EB,uncontrolled,ab9fc3488c62d867,Early Blight
Z:\Projects\Smart-Farming\Datasets\final_combined_datasets\TLCE\EB\TLCE_EB_0458.JPG,Tomato,EB,uncontrolled,b645c93e8b388d71,Early Blight
Z:\Projects\Smart-Farming\Datasets\final_combined_datasets\TLCE\EB\TLCE_EB_0459.JPG,Tomato,EB,uncontrolled,fee0870fd43c9039,Early Blight
Z:\Projects\Smart-Farming\Datasets\final_combined_datasets\TLCE\EB\TLCE_EB_0460.JPG,Tomato,EB,uncontrolled,fcc18a18f0a396ee,Early Blight
Z:\Projects\Smart-Farming\Datasets\final_combined_datasets\TLCE\EB\TLCE_EB_0461.JPG,Tomato,EB,uncontrolled,e09413d9ce87c6cd,Early Blight
Z:\Projects\Smart-Farming\Datasets\final_combined_datasets\TLCE\EB\TLCE_EB_0462.JPG,Tomato,EB,uncontrolled,a9399f43e46394a6,Early Blight
Z:\Projects\Smart-Farming\Datasets\final_combined_datasets\TLCE\EB\TLCE_EB_0463.JPG,Tomato,EB,uncontrolled,fae1851eca285b99,Early Blight
Z:\Projects\Smart-Farming\Datasets\final_combined_datasets\TLCE\EB\TLCE_EB_0464.JPG,Tomato,EB,uncontrolled,eea5861a98d99ba1,Early Blight
Z:\Projects\Smart-Farming\Datasets\final_combined_datasets\TLCE\EB\TLCE_EB_0465.JPG,Tomato,EB,uncontrolled,eaf3878d94cc94c8,Early Blight
Z:\Projects\Smart-Farming\Datasets\final_combined_datasets\TLCE\EB\TLCE_EB_0466.JPG,Tomato,EB,uncontrolled,afe4d01ecb3898c3,Early Blight
Z:\Projects\Smart-Farming\Datasets\final_combined_datasets\TLCE\EB\TLCE_EB_0467.JPG,Tomato,EB,uncontrolled,fb3181629696ceca,Early Blight
Z:\Projects\Smart-Farming\Datasets\final_combined_datasets\TLCE\EB\TLCE_EB_0468.JPG,Tomato,EB,uncontrolled,b8d9c1388fe68e98,Early Blight
Z:\Projects\Smart-Farming\Datasets\final_combined_datasets\TLCE\EB\TLCE_EB_0469.JPG,Tomato,EB,uncontrolled,ad58f201c12787fe,Early Blight
Z:\Projects\Smart-Farming\Datasets\final_combined_datasets\TLCE\EB\TLCE_EB_0470.JPG,Tomato,EB,uncontrolled,ea48c53f98399396,Early Blight
Z:\Projects\Smart-Farming\Datasets\final_combined_datasets\TLCE\EB\TLCE_EB_0471.JPG,Tomato,EB,uncontrolled,b6f3d908c19ece06,Early Blight
Z:\Projects\Smart-Farming\Datasets\final_combined_datasets\TLCE\EB\TLCE_EB_0472.JPG,Tomato,EB,uncontrolled,af13d86ce06cdb81,Early Blight
Z:\Projects\Smart-Farming\Datasets\final_combined_datasets\TLCE\EB\TLCE_EB_0473.JPG,Tomato,EB,uncontrolled,eca487721ecc9959,Early Blight
Z:\Projects\Smart-Farming\Datasets\final_combined_datasets\TLCE\EB\TLCE_EB_0474.JPG,Tomato,EB,uncontrolled,ab5af204a8f8a9b5,Early Blight
Z:\Projects\Smart-Farming\Datasets\final_combined_datasets\TLCE\EB\TLCE_EB_0475.JPG,Tomato,EB,uncontrolled,ea65e44eb444a4be,Early Blight
Z:\Projects\Smart-Farming\Datasets\final_combined_datasets\TLCE\EB\TLCE_EB_0476.JPG,Tomato,EB,uncontrolled,b874a587d6f28338,Early Blight
Z:\Projects\Smart-Farming\Datasets\final_combined_datasets\TLCE\EB\TLCE_EB_0477.JPG,Tomato,EB,uncontrolled,ba69e105857cd6a6,Early Blight
Z:\Projects\Smart-Farming\Datasets\final_combined_datasets\TLCE\EB\TLCE_EB_0478.JPG,Tomato,EB,uncontrolled,bbc1954edacc4b90,Early Blight
Z:\Projects\Smart-Farming\Datasets\final_combined_datasets\TLCE\EB\TLCE_EB_0479.JPG,Tomato,EB,uncontrolled,afc990c3d22fca34,Early Blight
Z:\Projects\Smart-Farming\Datasets\final_combined_datasets\TLCE\EB\TLCE_EB_0480.JPG,Tomato,EB,uncontrolled,ac65f518d2a7c293,Early Blight
Z:\Projects\Smart-Farming\Datasets\final_combined_datasets\TLCE\EB\TLCE_EB_0481.JPG,Tomato,EB,uncontrolled,eae0a59ed46e1863,Early Blight
Z:\Projects\Smart-Farming\Datasets\final_combined_datasets\TLCE\EB\TLCE_EB_0482.JPG,Tomato,EB,uncontrolled,b0c5c738cc7cc633,Early Blight
Z:\Projects\Smart-Farming\Datasets\final_combined_datasets\TLCE\EB\TLCE_EB_0483.JPG,Tomato,EB,uncontrolled,fa60871f8e2c9de0,Early Blight
Z:\Projects\Smart-Farming\Datasets\final_combined_datasets\TLCE\EB\TLCE_EB_0484.JPG,Tomato,EB,uncontrolled,f8a187d6da682d61,Early Blight
Z:\Projects\Smart-Farming\Datasets\final_combined_datasets\TLCE\EB\TLCE_EB_0485.JPG,Tomato,EB,uncontrolled,fa35a71ac71e844a,Early Blight
Z:\Projects\Smart-Farming\Datasets\final_combined_datasets\TLCE\EB\TLCE_EB_0486.JPG,Tomato,EB,uncontrolled,abf4e487925a931c,Early Blight
Z:\Projects\Smart-Farming\Datasets\final_combined_datasets\TLCE\EB\TLCE_EB_0487.JPG,Tomato,EB,uncontrolled,e1939678cb8cd9c4,Early Blight
Z:\Projects\Smart-Farming\Datasets\final_combined_datasets\TLCE\EB\TLCE_EB_0488.JPG,Tomato,EB,uncontrolled,be37b45a1d619704,Early Blight
Z:\Projects\Smart-Farming\Datasets\final_combined_datasets\TLCE\EB\TLCE_EB_0489.JPG,Tomato,EB,uncontrolled,f9c98736b5311a94,Early Blight
Z:\Projects\Smart-Farming\Datasets\final_combined_datasets\TLCE\EB\TLCE_EB_0490.JPG,Tomato,EB,uncontrolled,e8a5957a3e499925,Early Blight
Z:\Projects\Smart-Farming\Datasets\final_combined_datasets\TLCE\EB\TLCE_EB_0491.JPG,Tomato,EB,uncontrolled,ea428f0ecc6f9929,Early Blight
Z:\Projects\Smart-Farming\Datasets\final_combined_datasets\TLCE\EB\TLCE_EB_0492.JPG,Tomato,EB,uncontrolled,ebc2c48f966490b7,Early Blight
Z:\Projects\Smart-Farming\Datasets\final_combined_datasets\TLCE\EB\TLCE_EB_0493.JPG,Tomato,EB,uncontrolled,cbd684bcb0815fb1,Early Blight
Z:\Projects\Smart-Farming\Datasets\final_combined_datasets\TLCE\EB\TLCE_EB_0494.JPG,Tomato,EB,uncontrolled,f8b49152914b8dcf,Early Blight
Z:\Projects\Smart-Farming\Datasets\final_combined_datasets\TLCE\EB\TLCE_EB_0495.JPG,Tomato,EB,uncontrolled,b8b899d9e3e584c2,Early Blight
Z:\Projects\Smart-Farming\Datasets\final_combined_datasets\TLCE\EB\TLCE_EB_0496.JPG,Tomato,EB,uncontrolled,fc47c05ec33b4970,Early Blight
Z:\Projects\Smart-Farming\Datasets\final_combined_datasets\TLCE\EB\TLCE_EB_0497.JPG,Tomato,EB,uncontrolled,eb31956e946d9262,Early Blight
Z:\Projects\Smart-Farming\Datasets\final_combined_datasets\TLCE\EB\TLCE_EB_0498.JPG,Tomato,EB,uncontrolled,eae5a58f949c9078,Early Blight
Z:\Projects\Smart-Farming\Datasets\final_combined_datasets\TLCE\EB\TLCE_EB_0499.JPG,Tomato,EB,uncontrolled,d862e31ccd38cce9,Early Blight
Z:\Projects\Smart-Farming\Datasets\final_combined_datasets\TLCE\EB\TLCE_EB_0500.JPG,Tomato,EB,uncontrolled,f8b190ca874fdc68,Early Blight
Z:\Projects\Smart-Farming\Datasets\final_combined_datasets\TLCE\EB\TLCE_EB_0501.JPG,Tomato,EB,uncontrolled,aa81f45bc07dc366,Early Blight
Z:\Projects\Smart-Farming\Datasets\final_combined_datasets\TLCE\EB\TLCE_EB_0502.JPG,Tomato,EB,uncontrolled,e9e4869af9cb18e0,Early Blight
Z:\Projects\Smart-Farming\Datasets\final_combined_datasets\TLCE\EB\TLCE_EB_0503.JPG,Tomato,EB,uncontrolled,f3a1c24f8ef09853,Early Blight
Z:\Projects\Smart-Farming\Datasets\final_combined_datasets\TLCE\EB\TLCE_EB_0504.JPG,Tomato,EB,uncontrolled,adf2d20980ff9f80,Early Blight
Z:\Projects\Smart-Farming\Datasets\final_combined_datasets\TLCE\EB\TLCE_EB_0505.JPG,Tomato,EB,uncontrolled,f8ce82b39e489d29,Early Blight
Z:\Projects\Smart-Farming\Datasets\final_combined_datasets\TLCE\EB\TLCE_EB_0506.JPG,Tomato,EB,uncontrolled,eaca943dc3661d64,Early Blight
Z:\Projects\Smart-Farming\Datasets\final_combined_datasets\TLCE\EB\TLCE_EB_0507.JPG,Tomato,EB,uncontrolled,a9f2c60cd8b927f0,Early Blight
Z:\Projects\Smart-Farming\Datasets\final_combined_datasets\TLCE\EB\TLCE_EB_0508.JPG,Tomato,EB,uncontrolled,e3a5945a9b8899d9,Early Blight
Z:\Projects\Smart-Farming\Datasets\final_combined_datasets\TLCE\EB\TLCE_EB_0509.JPG,Tomato,EB,uncontrolled,adc4ca0f92f38666,Early Blight
Z:\Projects\Smart-Farming\Datasets\final_combined_datasets\TLCE\EB\TLCE_EB_0510.JPG,Tomato,EB,uncontrolled,ed9592cb89cca638,Early Blight
Z:\Projects\Smart-Farming\Datasets\final_combined_datasets\TLCE\EB\TLCE_EB_0511.JPG,Tomato,EB,uncontrolled,af31d04a4b8dad1e,Early Blight
Z:\Projects\Smart-Farming\Datasets\final_combined_datasets\TLCE\EB\TLCE_EB_0512.JPG,Tomato,EB,uncontrolled,ee769161d26199c9,Early Blight
Z:\Projects\Smart-Farming\Datasets\final_combined_datasets\TLCE\EB\TLCE_EB_0513.JPG,Tomato,EB,uncontrolled,b816936a9339db31,Early Blight
Z:\Projects\Smart-Farming\Datasets\final_combined_datasets\TLCE\EB\TLCE_EB_0514.JPG,Tomato,EB,uncontrolled,ab65d442d62fd684,Early Blight
Z:\Projects\Smart-Farming\Datasets\final_combined_datasets\TLCE\EB\TLCE_EB_0515.JPG,Tomato,EB,uncontrolled,b8c3c66f9031999b,Early Blight
Z:\Projects\Smart-Farming\Datasets\final_combined_datasets\TLCE\EB\TLCE_EB_0516.JPG,Tomato,EB,uncontrolled,ea319566ca8c59d3,Early Blight
Z:\Projects\Smart-Farming\Datasets\final_combined_datasets\TLCE\EB\TLCE_EB_0517.JPG,Tomato,EB,uncontrolled,bd3c926c6193189f,Early Blight
Z:\Projects\Smart-Farming\Datasets\final_combined_datasets\TLCE\EB\TLCE_EB_0518.JPG,Tomato,EB,uncontrolled,a707dd4c4ebc4370,Early Blight
Z:\Projects\Smart-Farming\Datasets\final_combined_datasets\TLCE\EB\TLCE_EB_0519.JPG,Tomato,EB,uncontrolled,bc63923ecdb88e90,Early Blight
Z:\Projects\Smart-Farming\Datasets\final_combined_datasets\TLCE\EB\TLCE_EB_0520.JPG,Tomato,EB,uncontrolled,fac0a30fb80db5c3,Early Blight
Z:\Projects\Smart-Farming\Datasets\final_combined_datasets\TLCE\EB\TLCE_EB_0521.JPG,Tomato,EB,uncontrolled,bcc3cde473381c8c,Early Blight
Z:\Projects\Smart-Farming\Datasets\final_combined_datasets\TLCE\EB\TLCE_EB_0522.JPG,Tomato,EB,uncontrolled,fa67852cc6306f38,Early Blight
Z:\Projects\Smart-Farming\Datasets\final_combined_datasets\TLCE\EB\TLCE_EB_0523.JPG,Tomato,EB,uncontrolled,bf1e9058c1f0ee07,Early Blight
Z:\Projects\Smart-Farming\Datasets\final_combined_datasets\TLCE\EB\TLCE_EB_0524.JPG,Tomato,EB,uncontrolled,bf9981d8cea1e470,Early Blight
Z:\Projects\Smart-Farming\Datasets\final_combined_datasets\TLCE\EB\TLCE_EB_0525.JPG,Tomato,EB,uncontrolled,bea4c01e87788fe1,Early Blight
Z:\Projects\Smart-Farming\Datasets\final_combined_datasets\TLCE\EB\TLCE_EB_0526.JPG,Tomato,EB,uncontrolled,f2a69e981cc99c99,Early Blight
Z:\Projects\Smart-Farming\Datasets\final_combined_datasets\TLCE\EB\TLCE_EB_0527.JPG,Tomato,EB,uncontrolled,fe64c51e969278c1,Early Blight
Z:\Projects\Smart-Farming\Datasets\final_combined_datasets\TLCE\EB\TLCE_EB_0528.JPG,Tomato,EB,uncontrolled,fba09716c60a995e,Early Blight
Z:\Projects\Smart-Farming\Datasets\final_combined_datasets\TLCE\EB\TLCE_EB_0529.JPG,Tomato,EB,uncontrolled,bf74c142cc07c8fc,Early Blight
Z:\Projects\Smart-Farming\Datasets\final_combined_datasets\TLCE\EB\TLCE_EB_0530.JPG,Tomato,EB,uncontrolled,afe0949fc90dc42d,Early Blight
Z:\Projects\Smart-Farming\Datasets\final_combined_datasets\TLCE\EB\TLCE_EB_0531.JPG,Tomato,EB,uncontrolled,b2f19142df38c43d,Early Blight
Z:\Projects\Smart-Farming\Datasets\final_combined_datasets\TLCE\EB\TLCE_EB_0532.JPG,Tomato,EB,uncontrolled,f964c63e9e3818e1,Early Blight
Z:\Projects\Smart-Farming\Datasets\final_combined_datasets\TLCE\EB\TLCE_EB_0533.JPG,Tomato,EB,uncontrolled,b68cc2279c6c93f1,Early Blight
Z:\Projects\Smart-Farming\Datasets\final_combined_datasets\TLCE\EB\TLCE_EB_0534.JPG,Tomato,EB,uncontrolled,eae2852fd88f093c,Early Blight
Z:\Projects\Smart-Farming\Datasets\final_combined_datasets\TLCE\EB\TLCE_EB_0535.JPG,Tomato,EB,uncontrolled,f445a53ade5159c2,Early Blight
Z:\Projects\Smart-Farming\Datasets\final_combined_datasets\TLCE\EB\TLCE_EB_0536.JPG,Tomato,EB,uncontrolled,f719c72a9c259934,Early Blight
Z:\Projects\Smart-Farming\Datasets\final_combined_datasets\TLCE\EB\TLCE_EB_0537.JPG,Tomato,EB,uncontrolled,fabd8691d8ca89c4,Early Blight
Z:\Projects\Smart-Farming\Datasets\final_combined_datasets\TLCE\EB\TLCE_EB_0538.JPG,Tomato,EB,uncontrolled,aa6b813cc6e19e87,Early Blight
Z:\Projects\Smart-Farming\Datasets\final_combined_datasets\TLCE\EB\TLCE_EB_0539.JPG,Tomato,EB,uncontrolled,fec09496934bcb25,Early Blight
Z:\Projects\Smart-Farming\Datasets\final_combined_datasets\TLCE\EB\TLCE_EB_0540.JPG,Tomato,EB,uncontrolled,fe7b81a4c9d01e0b,Early Blight
Z:\Projects\Smart-Farming\Datasets\final_combined_datasets\TLCE\EB\TLCE_EB_0541.JPG,Tomato,EB,uncontrolled,efc1e5c8931fc094,Early Blight
Z:\Projects\Smart-Farming\Datasets\final_combined_datasets\TLCE\EB\TLCE_EB_0542.JPG,Tomato,EB,uncontrolled,aa15d63e93619d4a,Early Blight
Z:\Projects\Smart-Farming\Datasets\final_combined_datasets\TLCE\EB\TLCE_EB_0543.JPG,Tomato,EB,uncontrolled,f572c2458f2a99b8,Early Blight
Z:\Projects\Smart-Farming\Datasets\final_combined_datasets\TLCE\EB\TLCE_EB_0544.JPG,Tomato,EB,uncontrolled,bc11ce1fc16a876a,Early Blight
Z:\Projects\Smart-Farming\Datasets\final_combined_datasets\TLCE\EB\TLCE_EB_0545.JPG,Tomato,EB,uncontrolled,afb19a8a6007e9b5,Early Blight
Z:\Projects\Smart-Farming\Datasets\final_combined_datasets\TLCE\EB\TLCE_EB_0546.JPG,Tomato,EB,uncontrolled,aa6a8127d734c8b7,Early Blight
Z:\Projects\Smart-Farming\Datasets\final_combined_datasets\TLCE\EB\TLCE_EB_0547.JPG,Tomato,EB,uncontrolled,ff3ef839c0d242c0,Early Blight
Z:\Projects\Smart-Farming\Datasets\final_combined_datasets\TLCE\EB\TLCE_EB_0548.JPG,Tomato,EB,uncontrolled,adcad296b5b1a291,Early Blight
Z:\Projects\Smart-Farming\Datasets\final_combined_datasets\TLCE\EB\TLCE_EB_0549.JPG,Tomato,EB,uncontrolled,ff87c47fe8e03080,Early Blight
Z:\Projects\Smart-Farming\Datasets\final_combined_datasets\TLCE\EB\TLCE_EB_0550.JPG,Tomato,EB,uncontrolled,ee1e84e094a79b2d,Early Blight
Z:\Projects\Smart-Farming\Datasets\final_combined_datasets\TLCE\EB\TLCE_EB_0551.JPG,Tomato,EB,uncontrolled,fa6e93348d31c493,Early Blight
Z:\Projects\Smart-Farming\Datasets\final_combined_datasets\TLCE\EB\TLCE_EB_0552.JPG,Tomato,EB,uncontrolled,ee6892578db27294,Early Blight
Z:\Projects\Smart-Farming\Datasets\final_combined_datasets\TLCE\EB\TLCE_EB_0553.JPG,Tomato,EB,uncontrolled,ad36d26386c66e94,Early Blight
Z:\Projects\Smart-Farming\Datasets\final_combined_datasets\TLCE\EB\TLCE_EB_0554.JPG,Tomato,EB,uncontrolled,ae949a6ba472c395,Early Blight
Z:\Projects\Smart-Farming\Datasets\final_combined_datasets\TLCE\EB\TLCE_EB_0555.JPG,Tomato,EB,uncontrolled,be9ec078c9c1c2e5,Early Blight
Z:\Projects\Smart-Farming\Datasets\final_combined_datasets\TLCE\EB\TLCE_EB_0556.JPG,Tomato,EB,uncontrolled,eb99e446878f8456,Early Blight
Z:\Projects\Smart-Farming\Datasets\final_combined_datasets\TLCE\EB\TLCE_EB_0557.JPG,Tomato,EB,uncontrolled,a9279619cd3ec949,Early Blight
Z:\Projects\Smart-Farming\Datasets\final_combined_datasets\TLCE\EB\TLCE_EB_0558.JPG,Tomato,EB,uncontrolled,fa4ac3348d333879,Early Blight
Z:\Projects\Smart-Farming\Datasets\final_combined_datasets\TLCE\EB\TLCE_EB_0559.JPG,Tomato,EB,uncontrolled,a9b4c7ca9c6d984c,Early Blight
Z:\Projects\Smart-Farming\Datasets\final_combined_datasets\TLCE\EB\TLCE_EB_0560.JPG,Tomato,EB,uncontrolled,be9dcc67e3e12880,Early Blight
Z:\Projects\Smart-Farming\Datasets\final_combined_datasets\TLCE\EB\TLCE_EB_0561.JPG,Tomato,EB,uncontrolled,ace5d9be139082d3,Early Blight
Z:\Projects\Smart-Farming\Datasets\final_combined_datasets\TLCE\EB\TLCE_EB_0562.JPG,Tomato,EB,uncontrolled,bf48c70dd85c093b,Early Blight
Z:\Projects\Smart-Farming\Datasets\final_combined_datasets\TLCE\EB\TLCE_EB_0563.JPG,Tomato,EB,uncontrolled,eac5c09e0f982ddc,Early Blight
Z:\Projects\Smart-Farming\Datasets\final_combined_datasets\TLCE\EB\TLCE_EB_0564.JPG,Tomato,EB,uncontrolled,ba8c95e74a748533,Early Blight
Z:\Projects\Smart-Farming\Datasets\final_combined_datasets\TLCE\EB\TLCE_EB_0565.JPG,Tomato,EB,uncontrolled,aaf5ca07328ccf62,Early Blight
Z:\Projects\Smart-Farming\Datasets\final_combined_datasets\TLCE\EB\TLCE_EB_0566.JPG,Tomato,EB,uncontrolled,fc9ea3e1d072d228,Early Blight
Z:\Projects\Smart-Farming\Datasets\final_combined_datasets\TLCE\EB\TLCE_EB_0567.JPG,Tomato,EB,uncontrolled,bc2396e45b468df0,Early Blight
Z:\Projects\Smart-Farming\Datasets\final_combined_datasets\TLCE\EB\TLCE_EB_0568.JPG,Tomato,EB,uncontrolled,ea1aa53196679966,Early Blight
Z:\Projects\Smart-Farming\Datasets\final_combined_datasets\TLCE\EB\TLCE_EB_0569.JPG,Tomato,EB,uncontrolled,accdd29e83e16e11,Early Blight
Z:\Projects\Smart-Farming\Datasets\final_combined_datasets\TLCE\EB\TLCE_EB_0570.JPG,Tomato,EB,uncontrolled,a2f1959ecdd46829,Early Blight
Z:\Projects\Smart-Farming\Datasets\final_combined_datasets\TLCE\EB\TLCE_EB_0571.JPG,Tomato,EB,uncontrolled,fa7b85449c9698b4,Early Blight
Z:\Projects\Smart-Farming\Datasets\final_combined_datasets\TLCE\EB\TLCE_EB_0572.JPG,Tomato,EB,uncontrolled,ee48a1ca196d99b5,Early Blight
Z:\Projects\Smart-Farming\Datasets\final_combined_datasets\TLCE\EB\TLCE_EB_0573.JPG,Tomato,EB,uncontrolled,ffc2c50d9a3642d2,Early Blight
Z:\Projects\Smart-Farming\Datasets\final_combined_datasets\TLCE\EB\TLCE_EB_0574.JPG,Tomato,EB,uncontrolled,fcd19052c32dcde4,Early Blight
Z:\Projects\Smart-Farming\Datasets\final_combined_datasets\TLCE\EB\TLCE_EB_0575.JPG,Tomato,EB,uncontrolled,ed29c253a6d592ca,Early Blight
Z:\Projects\Smart-Farming\Datasets\final_combined_datasets\TLCE\EB\TLCE_EB_0576.JPG,Tomato,EB,uncontrolled,ff609033c39e07d8,Early Blight
Z:\Projects\Smart-Farming\Datasets\final_combined_datasets\TLCE\EB\TLCE_EB_0577.JPG,Tomato,EB,uncontrolled,bb6bd0849c1e6c39,Early Blight
Z:\Projects\Smart-Farming\Datasets\final_combined_datasets\TLCE\EB\TLCE_EB_0578.JPG,Tomato,EB,uncontrolled,ff08a01f97b439c2,Early Blight
Z:\Projects\Smart-Farming\Datasets\final_combined_datasets\TLCE\EB\TLCE_EB_0579.JPG,Tomato,EB,uncontrolled,bff0f04bc825cd42,Early Blight
Z:\Projects\Smart-Farming\Datasets\final_combined_datasets\TLCE\EB\TLCE_EB_0580.JPG,Tomato,EB,uncontrolled,fab985ca9e34c950,Early Blight
Z:\Projects\Smart-Farming\Datasets\final_combined_datasets\TLCE\EB\TLCE_EB_0581.JPG,Tomato,EB,uncontrolled,f819a3c6971c96c9,Early Blight
Z:\Projects\Smart-Farming\Datasets\final_combined_datasets\TLCE\EB\TLCE_EB_0582.JPG,Tomato,EB,uncontrolled,ac0bd3bccf434c31,Early Blight
Z:\Projects\Smart-Farming\Datasets\final_combined_datasets\TLCE\EB\TLCE_EB_0583.JPG,Tomato,EB,uncontrolled,acf49243cfbc0cca,Early Blight
Z:\Projects\Smart-Farming\Datasets\final_combined_datasets\TLCE\EB\TLCE_EB_0584.JPG,Tomato,EB,uncontrolled,ad2fc2b09b8768b8,Early Blight
Z:\Projects\Smart-Farming\Datasets\final_combined_datasets\TLCE\EB\TLCE_EB_0585.JPG,Tomato,EB,uncontrolled,bb81b0d7f09cc3c8,Early Blight
Z:\Projects\Smart-Farming\Datasets\final_combined_datasets\TLCE\EB\TLCE_EB_0586.JPG,Tomato,EB,uncontrolled,f8e3954bc2a46d52,Early Blight
Z:\Projects\Smart-Farming\Datasets\final_combined_datasets\TLCE\EB\TLCE_EB_0587.JPG,Tomato,EB,uncontrolled,aea4e072cbc1cdc6,Early Blight
Z:\Projects\Smart-Farming\Datasets\final_combined_datasets\TLCE\EB\TLCE_EB_0588.JPG,Tomato,EB,uncontrolled,fb94e11b97609962,Early Blight
Z:\Projects\Smart-Farming\Datasets\final_combined_datasets\TLCE\EB\TLCE_EB_0589.JPG,Tomato,EB,uncontrolled,ff89c03f6270c5c1,Early Blight
Z:\Projects\Smart-Farming\Datasets\final_combined_datasets\TLCE\EB\TLCE_EB_0590.JPG,Tomato,EB,uncontrolled,bc9f91c2ca25cb32,Early Blight
Z:\Projects\Smart-Farming\Datasets\final_combined_datasets\TLCE\EB\TLCE_EB_0591.JPG,Tomato,EB,uncontrolled,ba3c9162cb85ccdc,Early Blight
Z:\Projects\Smart-Farming\Datasets\final_combined_datasets\TLCE\EB\TLCE_EB_0592.JPG,Tomato,EB,uncontrolled,f80ca7749472d2ab,Early Blight
Z:\Projects\Smart-Farming\Datasets\final_combined_datasets\TLCE\EB\TLCE_EB_0593.JPG,Tomato,EB,uncontrolled,bfc0c03f49c476c9,Early Blight
Z:\Projects\Smart-Farming\Datasets\final_combined_datasets\TLCE\EB\TLCE_EB_0594.JPG,Tomato,EB,uncontrolled,ad1ec4f8c4e1d869,Early Blight
Z:\Projects\Smart-Farming\Datasets\final_combined_datasets\TLCE\EB\TLCE_EB_0595.JPG,Tomato,EB,uncontrolled,bac4956e4a35c596,Early Blight
Z:\Projects\Smart-Farming\Datasets\final_combined_datasets\TLCE\EB\TLCE_EB_0596.JPG,Tomato,EB,uncontrolled,ea31d4709b0bb1da,Early Blight
Z:\Projects\Smart-Farming\Datasets\final_combined_datasets\TLCE\EB\TLCE_EB_0597.JPG,Tomato,EB,uncontrolled,eb25958b4cdcb213,Early Blight
Z:\Projects\Smart-Farming\Datasets\final_combined_datasets\TLCE\EB\TLCE_EB_0598.JPG,Tomato,EB,uncontrolled,aab5bd94d0ca89c9,Early Blight
Z:\Projects\Smart-Farming\Datasets\final_combined_datasets\TLCE\EB\TLCE_EB_0599.JPG,Tomato,EB,uncontrolled,f2a581b29e5a98cb,Early Blight
Z:\Projects\Smart-Farming\Datasets\final_combined_datasets\TLCE\EB\TLCE_EB_0600.JPG,Tomato,EB,uncontrolled,ae2f8534dae6c849,Early Blight
Z:\Projects\Smart-Farming\Datasets\final_combined_datasets\TLCE\EB\TLCE_EB_0601.JPG,Tomato,EB,uncontrolled,e9e0c5959c989b99,Early Blight
Z:\Projects\Smart-Farming\Datasets\final_combined_datasets\TLCE\EB\TLCE_EB_0602.JPG,Tomato,EB,uncontrolled,beb0d34bc58dcc0c,Early Blight
Z:\Projects\Smart-Farming\Datasets\final_combined_datasets\TLCE\EB\TLCE_EB_0603.JPG,Tomato,EB,uncontrolled,fbc4c41e9eb09833,Early Blight
Z:\Projects\Smart-Farming\Datasets\final_combined_datasets\TLCE\EB\TLCE_EB_0604.JPG,Tomato,EB,uncontrolled,ae86948ddb191b39,Early Blight
Z:\Projects\Smart-Farming\Datasets\final_combined_datasets\TLCE\EB\TLCE_EB_0605.JPG,Tomato,EB,uncontrolled,9f78d318e187b0a3,Early Blight
Z:\Projects\Smart-Farming\Datasets\final_combined_datasets\TLCE\EB\TLCE_EB_0606.JPG,Tomato,EB,uncontrolled,879ff800837f0fe0,Early Blight
Z:\Projects\Smart-Farming\Datasets\final_combined_datasets\TLCE\EB\TLCE_EB_0607.JPG,Tomato,EB,uncontrolled,bf48680f612db13e,Early Blight
Z:\Projects\Smart-Farming\Datasets\final_combined_datasets\TLCE\EB\TLCE_EB_0608.JPG,Tomato,EB,uncontrolled,e853e12a87f89acc,Early Blight
Z:\Projects\Smart-Farming\Datasets\final_combined_datasets\TLCE\EB\TLCE_EB_0609.JPG,Tomato,EB,uncontrolled,aa95b4a5957aba60,Early Blight
Z:\Projects\Smart-Farming\Datasets\final_combined_datasets\TLCE\EB\TLCE_EB_0610.JPG,Tomato,EB,uncontrolled,f867a166ce3ca4d0,Early Blight
Z:\Projects\Smart-Farming\Datasets\final_combined_datasets\TLCE\EB\TLCE_EB_0611.JPG,Tomato,EB,uncontrolled,c9dba1b2964b5a54,Early Blight
Z:\Projects\Smart-Farming\Datasets\final_combined_datasets\TLCE\EB\TLCE_EB_0612.JPG,Tomato,EB,uncontrolled,ffe0ad9dd09a0aa0,Early Blight
Z:\Projects\Smart-Farming\Datasets\final_combined_datasets\TLCE\EB\TLCE_EB_0613.JPG,Tomato,EB,uncontrolled,ab78d507f48e7881,Early Blight
Z:\Projects\Smart-Farming\Datasets\final_combined_datasets\TLCE\EB\TLCE_EB_0614.JPG,Tomato,EB,uncontrolled,ea94e11a1569dea5,Early Blight
Z:\Projects\Smart-Farming\Datasets\final_combined_datasets\TLCE\EB\TLCE_EB_0615.JPG,Tomato,EB,uncontrolled,f868c1271e98dacb,Early Blight
Z:\Projects\Smart-Farming\Datasets\final_combined_datasets\TLCE\EB\TLCE_EB_0616.JPG,Tomato,EB,uncontrolled,bbb6d468c933c087,Early Blight
Z:\Projects\Smart-Farming\Datasets\final_combined_datasets\TLCE\EB\TLCE_EB_0617.JPG,Tomato,EB,uncontrolled,eb3ad4e49861c58d,Early Blight
Z:\Projects\Smart-Farming\Datasets\final_combined_datasets\TLCE\EB\TLCE_EB_0618.JPG,Tomato,EB,uncontrolled,aabcb515d2fa8849,Early Blight
Z:\Projects\Smart-Farming\Datasets\final_combined_datasets\TLCE\EB\TLCE_EB_0619.JPG,Tomato,EB,uncontrolled,ed3ee1693221e0f4,Early Blight
Z:\Projects\Smart-Farming\Datasets\final_combined_datasets\TLCE\EB\TLCE_EB_0620.JPG,Tomato,EB,uncontrolled,ead285af85b43626,Early Blight
Z:\Projects\Smart-Farming\Datasets\final_combined_datasets\TLCE\EB\TLCE_EB_0621.JPG,Tomato,EB,uncontrolled,b6d24b854e999ab1,Early Blight
Z:\Projects\Smart-Farming\Datasets\final_combined_datasets\TLCE\EB\TLCE_EB_0622.JPG,Tomato,EB,uncontrolled,8e4bd8a0ead9f384,Early Blight
Z:\Projects\Smart-Farming\Datasets\final_combined_datasets\TLCE\EB\TLCE_EB_0623.JPG,Tomato,EB,uncontrolled,dae18d0abe71a60e,Early Blight
Z:\Projects\Smart-Farming\Datasets\final_combined_datasets\TLCE\EB\TLCE_EB_0624.JPG,Tomato,EB,uncontrolled,f8b9abc6944e948c,Early Blight
Z:\Projects\Smart-Farming\Datasets\final_combined_datasets\TLCE\EB\TLCE_EB_0625.JPG,Tomato,EB,uncontrolled,bff09027c998264f,Early Blight
Z:\Projects\Smart-Farming\Datasets\final_combined_datasets\TLCE\EB\TLCE_EB_0626.JPG,Tomato,EB,uncontrolled,fa62a515d7aa1662,Early Blight
Z:\Projects\Smart-Farming\Datasets\final_combined_datasets\TLCE\EB\TLCE_EB_0627.JPG,Tomato,EB,uncontrolled,ebcdc09c95b29e30,Early Blight
Z:\Projects\Smart-Farming\Datasets\final_combined_datasets\TLCE\EB\TLCE_EB_0628.JPG,Tomato,EB,uncontrolled,e6a4905bc3c9cf94,Early Blight
Z:\Projects\Smart-Farming\Datasets\final_combined_datasets\TLCE\EB\TLCE_EB_0629.JPG,Tomato,EB,uncontrolled,bae4f082c14fcf64,Early Blight
Z:\Projects\Smart-Farming\Datasets\final_combined_datasets\TLCE\EB\TLCE_EB_0630.JPG,Tomato,EB,uncontrolled,abb2456cbc532b25,Early Blight
Z:\Projects\Smart-Farming\Datasets\final_combined_datasets\TLCE\EB\TLCE_EB_0631.JPG,Tomato,EB,uncontrolled,aec8d2159f366433,Early Blight
Z:\Projects\Smart-Farming\Datasets\final_combined_datasets\TLCE\EB\TLCE_EB_0632.JPG,Tomato,EB,uncontrolled,fa4ac60fd89c9133,Early Blight
Z:\Projects\Smart-Farming\Datasets\final_combined_datasets\TLCE\EB\TLCE_EB_0633.JPG,Tomato,EB,uncontrolled,ade4c049db9ed990,Early Blight
Z:\Projects\Smart-Farming\Datasets\final_combined_datasets\TLCE\EB\TLCE_EB_0634.JPG,Tomato,EB,uncontrolled,fab181c7965acc2c,Early Blight
Z:\Projects\Smart-Farming\Datasets\final_combined_datasets\TLCE\EB\TLCE_EB_0635.JPG,Tomato,EB,uncontrolled,ad1dfc2cd8f00bd0,Early Blight
Z:\Projects\Smart-Farming\Datasets\final_combined_datasets\TLCE\EB\TLCE_EB_0636.JPG,Tomato,EB,uncontrolled,fa64a5374e2688da,Early Blight
Z:\Projects\Smart-Farming\Datasets\final_combined_datasets\TLCE\EB\TLCE_EB_0637.JPG,Tomato,EB,uncontrolled,ee91810fd81cc35f,Early Blight
Z:\Projects\Smart-Farming\Datasets\final_combined_datasets\TLCE\EB\TLCE_EB_0638.JPG,Tomato,EB,uncontrolled,ab15855a1e33994f,Early Blight
Z:\Projects\Smart-Farming\Datasets\final_combined_datasets\TLCE\EB\TLCE_EB_0639.JPG,Tomato,EB,uncontrolled,ea1dd178a561b163,Early Blight
Z:\Projects\Smart-Farming\Datasets\final_combined_datasets\TLCE\EB\TLCE_EB_0640.JPG,Tomato,EB,uncontrolled,e84f956d9a14e332,Early Blight
Z:\Projects\Smart-Farming\Datasets\final_combined_datasets\TLCE\EB\TLCE_EB_0641.JPG,Tomato,EB,uncontrolled,be6387f41e72c218,Early Blight
Z:\Projects\Smart-Farming\Datasets\final_combined_datasets\TLCE\EB\TLCE_EB_0642.JPG,Tomato,EB,uncontrolled,eaca952df0a68764,Early Blight
Z:\Projects\Smart-Farming\Datasets\final_combined_datasets\TLCE\EB\TLCE_EB_0643.JPG,Tomato,EB,uncontrolled,ea62872d1caccd1d,Early Blight
Z:\Projects\Smart-Farming\Datasets\final_combined_datasets\TLCE\EB\TLCE_EB_0644.JPG,Tomato,EB,uncontrolled,aa4eb401df95d934,Early Blight
Z:\Projects\Smart-Farming\Datasets\final_combined_datasets\TLCE\EB\TLCE_EB_0645.JPG,Tomato,EB,uncontrolled,ee61855ec62c969c,Early Blight
Z:\Projects\Smart-Farming\Datasets\final_combined_datasets\TLCE\EB\TLCE_EB_0646.JPG,Tomato,EB,uncontrolled,aeb4d01bc17b8768,Early Blight
Z:\Projects\Smart-Farming\Datasets\final_combined_datasets\TLCE\EB\TLCE_EB_0647.JPG,Tomato,EB,uncontrolled,afe0d21ed838c91b,Early Blight
Z:\Projects\Smart-Farming\Datasets\final_combined_datasets\TLCE\EB\TLCE_EB_0648.JPG,Tomato,EB,uncontrolled,ede1861ec79919d0,Early Blight
Z:\Projects\Smart-Farming\Datasets\final_combined_datasets\TLCE\EB\TLCE_EB_0649.JPG,Tomato,EB,uncontrolled,fe45b61ac61c8719,Early Blight
Z:\Projects\Smart-Farming\Datasets\final_combined_datasets\TLCE\EB\TLCE_EB_0650.JPG,Tomato,EB,uncontrolled,eb849478b7cc9a32,Early Blight
Z:\Projects\Smart-Farming\Datasets\final_combined_datasets\TLCE\EB\TLCE_EB_0651.JPG,Tomato,EB,uncontrolled,aad2d48d9f919aa1,Early Blight
Z:\Projects\Smart-Farming\Datasets\final_combined_datasets\TLCE\EB\TLCE_EB_0652.JPG,Tomato,EB,uncontrolled,af1ac1e4c3033b7c,Early Blight
Z:\Projects\Smart-Farming\Datasets\final_combined_datasets\TLCE\EB\TLCE_EB_0653.JPG,Tomato,EB,uncontrolled,fac5851e9c0b5897,Early Blight
Z:\Projects\Smart-Farming\Datasets\final_combined_datasets\TLCE\EB\TLCE_EB_0654.JPG,Tomato,EB,uncontrolled,eac19c5ab0b596b4,Early Blight
Z:\Projects\Smart-Farming\Datasets\final_combined_datasets\TLCE\EB\TLCE_EB_0655.JPG,Tomato,EB,uncontrolled,ab69f534c4a58987,Early Blight
Z:\Projects\Smart-Farming\Datasets\final_combined_datasets\TLCE\EB\TLCE_EB_0656.JPG,Tomato,EB,uncontrolled,ea34b870d07ac373,Early Blight
Z:\Projects\Smart-Farming\Datasets\final_combined_datasets\TLCE\EB\TLCE_EB_0657.JPG,Tomato,EB,uncontrolled,bc4c535fc92bca18,Early Blight
Z:\Projects\Smart-Farming\Datasets\final_combined_datasets\TLCE\EB\TLCE_EB_0658.JPG,Tomato,EB,uncontrolled,b9639624c931c79b,Early Blight
Z:\Projects\Smart-Farming\Datasets\final_combined_datasets\TLCE\EB\TLCE_EB_0659.JPG,Tomato,EB,uncontrolled,bcc6c1ce9e1d9892,Early Blight
Z:\Projects\Smart-Farming\Datasets\final_combined_datasets\TLCE\EB\TLCE_EB_0660.JPG,Tomato,EB,uncontrolled,eeb4c0c2976dcc38,Early Blight
Z:\Projects\Smart-Farming\Datasets\final_combined_datasets\TLCE\EB\TLCE_EB_0661.JPG,Tomato,EB,uncontrolled,b8b1b0cb9b2dcc64,Early Blight
Z:\Projects\Smart-Farming\Datasets\final_combined_datasets\TLCE\EB\TLCE_EB_0662.JPG,Tomato,EB,uncontrolled,eaca953d93b48d18,Early Blight
Z:\Projects\Smart-Farming\Datasets\final_combined_datasets\TLCE\EB\TLCE_EB_0663.JPG,Tomato,EB,uncontrolled,eee0e881859fcc9c,Early Blight
Z:\Projects\Smart-Farming\Datasets\final_combined_datasets\TLCE\EB\TLCE_EB_0664.JPG,Tomato,EB,uncontrolled,f56ac2748e85384f,Early Blight
Z:\Projects\Smart-Farming\Datasets\final_combined_datasets\TLCE\EB\TLCE_EB_0665.JPG,Tomato,EB,uncontrolled,bcb490c0c9edcecc,Early Blight
Z:\Projects\Smart-Farming\Datasets\final_combined_datasets\TLCE\EB\TLCE_EB_0666.JPG,Tomato,EB,uncontrolled,af25b016b21fb9e0,Early Blight
Z:\Projects\Smart-Farming\Datasets\final_combined_datasets\TLCE\EB\TLCE_EB_0667.JPG,Tomato,EB,uncontrolled,e867a5369631ce58,Early Blight
Z:\Projects\Smart-Farming\Datasets\final_combined_datasets\TLCE\EB\TLCE_EB_0668.JPG,Tomato,EB,uncontrolled,acc095cfca9ec938,Early Blight
Z:\Projects\Smart-Farming\Datasets\final_combined_datasets\TLCE\EB\TLCE_EB_0669.JPG,Tomato,EB,uncontrolled,eae1a5ded0b21a91,Early Blight
Z:\Projects\Smart-Farming\Datasets\final_combined_datasets\TLCE\EB\TLCE_EB_0670.JPG,Tomato,EB,uncontrolled,8fe8f097d82bc990,Early Blight
Z:\Projects\Smart-Farming\Datasets\final_combined_datasets\TLCE\EB\TLCE_EB_0671.JPG,Tomato,EB,uncontrolled,aafd9500c29f873c,Early Blight
Z:\Projects\Smart-Farming\Datasets\final_combined_datasets\TLCE\EB\TLCE_EB_0672.JPG,Tomato,EB,uncontrolled,aa4a969db991b307,Early Blight
Z:\Projects\Smart-Farming\Datasets\final_combined_datasets\TLCE\EB\TLCE_EB_0673.JPG,Tomato,EB,uncontrolled,bb07915acb689d61,Early Blight
Z:\Projects\Smart-Farming\Datasets\final_combined_datasets\TLCE\EB\TLCE_EB_0674.JPG,Tomato,EB,uncontrolled,eaed8584bd12986b,Early Blight
Z:\Projects\Smart-Farming\Datasets\final_combined_datasets\TLCE\EB\TLCE_EB_0675.JPG,Tomato,EB,uncontrolled,aaadd1dac9099636,Early Blight
Z:\Projects\Smart-Farming\Datasets\final_combined_datasets\TLCE\EB\TLCE_EB_0676.JPG,Tomato,EB,uncontrolled,dad121cf863c9674,Early Blight
Z:\Projects\Smart-Farming\Datasets\final_combined_datasets\TLCE\EB\TLCE_EB_0677.JPG,Tomato,EB,uncontrolled,fa0aa6dd9c11b117,Early Blight
Z:\Projects\Smart-Farming\Datasets\final_combined_datasets\TLCE\EB\TLCE_EB_0678.JPG,Tomato,EB,uncontrolled,a549c21f9c709fe4,Early Blight
Z:\Projects\Smart-Farming\Datasets\final_combined_datasets\TLCE\EB\TLCE_EB_0679.JPG,Tomato,EB,uncontrolled,fe3ca093c3c2cbc2,Early Blight
Z:\Projects\Smart-Farming\Datasets\final_combined_datasets\TLCE\EB\TLCE_EB_0680.JPG,Tomato,EB,uncontrolled,ffe0851e90d8951d,Early Blight
Z:\Projects\Smart-Farming\Datasets\final_combined_datasets\TLCE\EB\TLCE_EB_0681.JPG,Tomato,EB,uncontrolled,aaca8f89943c9573,Early Blight
Z:\Projects\Smart-Farming\Datasets\final_combined_datasets\TLCE\EB\TLCE_EB_0682.JPG,Tomato,EB,uncontrolled,fa6fc57a87114885,Early Blight
Z:\Projects\Smart-Farming\Datasets\final_combined_datasets\TLCE\EB\TLCE_EB_0683.JPG,Tomato,EB,uncontrolled,e9c497da99d231c1,Early Blight
Z:\Projects\Smart-Farming\Datasets\final_combined_datasets\TLCE\EB\TLCE_EB_0684.JPG,Tomato,EB,uncontrolled,ea6aa5a6b246ada4,Early Blight
Z:\Projects\Smart-Farming\Datasets\final_combined_datasets\TLCE\EB\TLCE_EB_0685.JPG,Tomato,EB,uncontrolled,daa599d1b902d927,Early Blight
Z:\Projects\Smart-Farming\Datasets\final_combined_datasets\TLCE\EB\TLCE_EB_0686.JPG,Tomato,EB,uncontrolled,eae1879c459db047,Early Blight
Z:\Projects\Smart-Farming\Datasets\final_combined_datasets\TLCE\EB\TLCE_EB_0687.JPG,Tomato,EB,uncontrolled,fbc8d0079fb09133,Early Blight
Z:\Projects\Smart-Farming\Datasets\final_combined_datasets\TLCE\EB\TLCE_EB_0688.JPG,Tomato,EB,uncontrolled,acb492db4aa9b193,Early Blight
Z:\Projects\Smart-Farming\Datasets\final_combined_datasets\TLCE\EB\TLCE_EB_0689.JPG,Tomato,EB,uncontrolled,a17ef2259f92d0c1,Early Blight
Z:\Projects\Smart-Farming\Datasets\final_combined_datasets\TLCE\EB\TLCE_EB_0690.JPG,Tomato,EB,uncontrolled,eae4a61e92989b1b,Early Blight
Z:\Projects\Smart-Farming\Datasets\final_combined_datasets\TLCE\EB\TLCE_EB_0691.JPG,Tomato,EB,uncontrolled,ebe3f400966c8e78,Early Blight
Z:\Projects\Smart-Farming\Datasets\final_combined_datasets\TLCE\EB\TLCE_EB_0692.JPG,Tomato,EB,uncontrolled,fcc7879a941dd031,Early Blight
Z:\Projects\Smart-Farming\Datasets\final_combined_datasets\TLCE\EB\TLCE_EB_0693.JPG,Tomato,EB,uncontrolled,fda0811f96685ae6,Early Blight
Z:\Projects\Smart-Farming\Datasets\final_combined_datasets\TLCE\EB\TLCE_EB_0694.JPG,Tomato,EB,uncontrolled,c8e3e9c20c96edb8,Early Blight
Z:\Projects\Smart-Farming\Datasets\final_combined_datasets\TLCE\EB\TLCE_EB_0695.JPG,Tomato,EB,uncontrolled,b199de64c293c51e,Early Blight
Z:\Projects\Smart-Farming\Datasets\final_combined_datasets\TLCE\EB\TLCE_EB_0696.JPG,Tomato,EB,uncontrolled,bf48c31e9932c176,Early Blight
Z:\Projects\Smart-Farming\Datasets\final_combined_datasets\TLCE\EB\TLCE_EB_0697.JPG,Tomato,EB,uncontrolled,bf7c9406ca05c1f6,Early Blight
Z:\Projects\Smart-Farming\Datasets\final_combined_datasets\TLCE\EB\TLCE_EB_0698.JPG,Tomato,EB,uncontrolled,fea3e0238746961e,Early Blight
Z:\Projects\Smart-Farming\Datasets\final_combined_datasets\TLCE\EB\TLCE_EB_0699.JPG,Tomato,EB,uncontrolled,eee0859f9a789981,Early Blight
Z:\Projects\Smart-Farming\Datasets\final_combined_datasets\TLCE\EB\TLCE_EB_0700.JPG,Tomato,EB,uncontrolled,bab591cb838d4ccc,Early Blight
Z:\Projects\Smart-Farming\Datasets\final_combined_datasets\TLCE\EB\TLCE_EB_0701.JPG,Tomato,EB,uncontrolled,a937db48a1f8c6a1,Early Blight
Z:\Projects\Smart-Farming\Datasets\final_combined_datasets\TLCE\EB\TLCE_EB_0702.JPG,Tomato,EB,uncontrolled,edc9921cd2b0ba33,Early Blight
Z:\Projects\Smart-Farming\Datasets\final_combined_datasets\TLCE\EB\TLCE_EB_0703.JPG,Tomato,EB,uncontrolled,ade1c41fcc3892b6,Early Blight
Z:\Projects\Smart-Farming\Datasets\final_combined_datasets\TLCE\EB\TLCE_EB_0704.JPG,Tomato,EB,uncontrolled,af1ed048cde19cb4,Early Blight
Z:\Projects\Smart-Farming\Datasets\final_combined_datasets\TLCE\EB\TLCE_EB_0705.JPG,Tomato,EB,uncontrolled,f6b0c3ce8e50986d,Early Blight
Z:\Projects\Smart-Farming\Datasets\final_combined_datasets\TLCE\EB\TLCE_EB_0706.JPG,Tomato,EB,uncontrolled,be59c101c7ee9e60,Early Blight
Z:\Projects\Smart-Farming\Datasets\final_combined_datasets\TLCE\EB\TLCE_EB_0707.JPG,Tomato,EB,uncontrolled,eac4854e9769f00f,Early Blight
Z:\Projects\Smart-Farming\Datasets\final_combined_datasets\TLCE\EB\TLCE_EB_0708.JPG,Tomato,EB,uncontrolled,b2a493cbcb9c9cc8,Early Blight
Z:\Projects\Smart-Farming\Datasets\final_combined_datasets\TLCE\EB\TLCE_EB_0709.JPG,Tomato,EB,uncontrolled,87f1f881621fc732,Early Blight
Z:\Projects\Smart-Farming\Datasets\final_combined_datasets\TLCE\EB\TLCE_EB_0710.JPG,Tomato,EB,uncontrolled,fbd3c1d88e4c4c64,Early Blight
Z:\Projects\Smart-Farming\Datasets\final_combined_datasets\TLCE\EB\TLCE_EB_0711.JPG,Tomato,EB,uncontrolled,d7c0ea0faa19b05b,Early Blight
Z:\Projects\Smart-Farming\Datasets\final_combined_datasets\TLCE\EB\TLCE_EB_0712.JPG,Tomato,EB,uncontrolled,ae4bd0349f93e624,Early Blight
Z:\Projects\Smart-Farming\Datasets\final_combined_datasets\TLCE\EB\TLCE_EB_0713.JPG,Tomato,EB,uncontrolled,acb4d349c11ec979,Early Blight
Z:\Projects\Smart-Farming\Datasets\final_combined_datasets\TLCE\EB\TLCE_EB_0714.JPG,Tomato,EB,uncontrolled,b1a5860fcfb02e33,Early Blight
Z:\Projects\Smart-Farming\Datasets\final_combined_datasets\TLCE\EB\TLCE_EB_0715.JPG,Tomato,EB,uncontrolled,aa6dd502f14ed20f,Early Blight
Z:\Projects\Smart-Farming\Datasets\final_combined_datasets\TLCE\EB\TLCE_EB_0716.JPG,Tomato,EB,uncontrolled,ade0c60eda1999d9,Early Blight
Z:\Projects\Smart-Farming\Datasets\final_combined_datasets\TLCE\EB\TLCE_EB_0717.JPG,Tomato,EB,uncontrolled,ffe0e40f9448c879,Early Blight
Z:\Projects\Smart-Farming\Datasets\final_combined_datasets\TLCE\EB\TLCE_EB_0718.JPG,Tomato,EB,uncontrolled,fa3d1e0785d1b0f0,Early Blight
Z:\Projects\Smart-Farming\Datasets\final_combined_datasets\TLCE\EB\TLCE_EB_0719.JPG,Tomato,EB,uncontrolled,bf13d06dc03c6f42,Early Blight
Z:\Projects\Smart-Farming\Datasets\final_combined_datasets\TLCE\EB\TLCE_EB_0720.JPG,Tomato,EB,uncontrolled,aac5955e5238db31,Early Blight
Z:\Projects\Smart-Farming\Datasets\final_combined_datasets\TLCE\EB\TLCE_EB_0721.JPG,Tomato,EB,uncontrolled,fb60861fa4925af1,Early Blight
Z:\Projects\Smart-Farming\Datasets\final_combined_datasets\TLCE\EB\TLCE_EB_0722.JPG,Tomato,EB,uncontrolled,b972903bc3accf18,Early Blight
Z:\Projects\Smart-Farming\Datasets\final_combined_datasets\TLCE\EB\TLCE_EB_0723.JPG,Tomato,EB,uncontrolled,ea42c978f5c3d22c,Early Blight
Z:\Projects\Smart-Farming\Datasets\final_combined_datasets\TLCE\EB\TLCE_EB_0724.JPG,Tomato,EB,uncontrolled,faa587d61eca1189,Early Blight
Z:\Projects\Smart-Farming\Datasets\final_combined_datasets\TLCE\EB\TLCE_EB_0725.JPG,Tomato,EB,uncontrolled,ab9591528d6dc54e,Early Blight
Z:\Projects\Smart-Farming\Datasets\final_combined_datasets\TLCE\EB\TLCE_EB_0726.JPG,Tomato,EB,uncontrolled,a6f799c907cf6804,Early Blight
Z:\Projects\Smart-Farming\Datasets\final_combined_datasets\TLCE\EB\TLCE_EB_0727.JPG,Tomato,EB,uncontrolled,8f97bc4ac16dc232,Early Blight
Z:\Projects\Smart-Farming\Datasets\final_combined_datasets\TLCE\EB\TLCE_EB_0728.JPG,Tomato,EB,uncontrolled,fba091529227cfb2,Early Blight
Z:\Projects\Smart-Farming\Datasets\final_combined_datasets\TLCE\EB\TLCE_EB_0729.JPG,Tomato,EB,uncontrolled,ebe5851e96e00c97,Early Blight
Z:\Projects\Smart-Farming\Datasets\final_combined_datasets\TLCE\EB\TLCE_EB_0730.JPG,Tomato,EB,uncontrolled,ab2ec11b9e656166,Early Blight
Z:\Projects\Smart-Farming\Datasets\final_combined_datasets\TLCE\EB\TLCE_EB_0731.JPG,Tomato,EB,uncontrolled,fa15837a97c6344a,Early Blight
Z:\Projects\Smart-Farming\Datasets\final_combined_datasets\TLCE\EB\TLCE_EB_0732.JPG,Tomato,EB,uncontrolled,bf07d8cd832cc790,Early Blight
Z:\Projects\Smart-Farming\Datasets\final_combined_datasets\TLCE\EB\TLCE_EB_0733.JPG,Tomato,EB,uncontrolled,f861a53cc632cec5,Early Blight
Z:\Projects\Smart-Farming\Datasets\final_combined_datasets\TLCE\EB\TLCE_EB_0734.JPG,Tomato,EB,uncontrolled,eb6ac04f9c6c1ce1,Early Blight
Z:\Projects\Smart-Farming\Datasets\final_combined_datasets\TLCE\EB\TLCE_EB_0735.JPG,Tomato,EB,uncontrolled,f865e7768632d221,Early Blight
Z:\Projects\Smart-Farming\Datasets\final_combined_datasets\TLCE\EB\TLCE_EB_0736.JPG,Tomato,EB,uncontrolled,ecb1a1c7560fb849,Early Blight
Z:\Projects\Smart-Farming\Datasets\final_combined_datasets\TLCE\EB\TLCE_EB_0737.JPG,Tomato,EB,uncontrolled,bb05b85a99b19b58,Early Blight
Z:\Projects\Smart-Farming\Datasets\final_combined_datasets\TLCE\EB\TLCE_EB_0738.JPG,Tomato,EB,uncontrolled,aa1d3d5a3078e46b,Early Blight
Z:\Projects\Smart-Farming\Datasets\final_combined_datasets\TLCE\EB\TLCE_EB_0739.JPG,Tomato,EB,uncontrolled,acc5c6969a989337,Early Blight
Z:\Projects\Smart-Farming\Datasets\final_combined_datasets\TLCE\EB\TLCE_EB_0740.JPG,Tomato,EB,uncontrolled,f8e0871e921bcb39,Early Blight
Z:\Projects\Smart-Farming\Datasets\final_combined_datasets\TLCE\EB\TLCE_EB_0741.JPG,Tomato,EB,uncontrolled,bc06b43ed02dcb99,Early Blight
Z:\Projects\Smart-Farming\Datasets\final_combined_datasets\TLCE\EB\TLCE_EB_0742.JPG,Tomato,EB,uncontrolled,ba15b14ae0cfa74a,Early Blight
Z:\Projects\Smart-Farming\Datasets\final_combined_datasets\TLCE\EB\TLCE_EB_0743.JPG,Tomato,EB,uncontrolled,aaceb16cc1b50f98,Early Blight
Z:\Projects\Smart-Farming\Datasets\final_combined_datasets\TLCE\EB\TLCE_EB_0744.JPG,Tomato,EB,uncontrolled,bc36c369b7628364,Early Blight
Z:\Projects\Smart-Farming\Datasets\final_combined_datasets\TLCE\EB\TLCE_EB_0745.JPG,Tomato,EB,uncontrolled,baecf302ce3e88b0,Early Blight
Z:\Projects\Smart-Farming\Datasets\final_combined_datasets\TLCE\EB\TLCE_EB_0746.JPG,Tomato,EB,uncontrolled,b351cc1ec461f44f,Early Blight
Z:\Projects\Smart-Farming\Datasets\final_combined_datasets\TLCE\EB\TLCE_EB_0747.JPG,Tomato,EB,uncontrolled,fa05b76e86788658,Early Blight
Z:\Projects\Smart-Farming\Datasets\final_combined_datasets\TLCE\EB\TLCE_EB_0748.JPG,Tomato,EB,uncontrolled,bd36d07ac289f039,Early Blight
Z:\Projects\Smart-Farming\Datasets\final_combined_datasets\TLCE\EB\TLCE_EB_0749.JPG,Tomato,EB,uncontrolled,ace5d11e8ff01c83,Early Blight
Z:\Projects\Smart-Farming\Datasets\final_combined_datasets\TLCE\EB\TLCE_EB_0750.JPG,Tomato,EB,uncontrolled,ab24f67a8ca1581f,Early Blight
Z:\Projects\Smart-Farming\Datasets\final_combined_datasets\TLCE\EB\TLCE_EB_0751.JPG,Tomato,EB,uncontrolled,ad86924bcf741cc3,Early Blight
Z:\Projects\Smart-Farming\Datasets\final_combined_datasets\TLCE\EB\TLCE_EB_0752.JPG,Tomato,EB,uncontrolled,fc61a53543746ba2,Early Blight
Z:\Projects\Smart-Farming\Datasets\final_combined_datasets\TLCE\EB\TLCE_EB_0753.JPG,Tomato,EB,uncontrolled,f2eac69c9c51b143,Early Blight
Z:\Projects\Smart-Farming\Datasets\final_combined_datasets\TLCE\EB\TLCE_EB_0754.JPG,Tomato,EB,uncontrolled,bf70e0f3c320c387,Early Blight
Z:\Projects\Smart-Farming\Datasets\final_combined_datasets\TLCE\EB\TLCE_EB_0755.JPG,Tomato,EB,uncontrolled,f3e9a61c9432ca3a,Early Blight
Z:\Projects\Smart-Farming\Datasets\final_combined_datasets\TLCE\EB\TLCE_EB_0756.JPG,Tomato,EB,uncontrolled,9c71f418c3e10bf6,Early Blight
Z:\Projects\Smart-Farming\Datasets\final_combined_datasets\TLCE\EB\TLCE_EB_0757.JPG,Tomato,EB,uncontrolled,abe99506d24bda2c,Early Blight
Z:\Projects\Smart-Farming\Datasets\final_combined_datasets\TLCE\EB\TLCE_EB_0758.JPG,Tomato,EB,uncontrolled,bd0ef0f3cf41841c,Early Blight
Z:\Projects\Smart-Farming\Datasets\final_combined_datasets\TLCE\EB\TLCE_EB_0759.JPG,Tomato,EB,uncontrolled,ac90f51fc86c857a,Early Blight
Z:\Projects\Smart-Farming\Datasets\final_combined_datasets\TLCE\EB\TLCE_EB_0760.JPG,Tomato,EB,uncontrolled,eb34854a9e619e87,Early Blight
Z:\Projects\Smart-Farming\Datasets\final_combined_datasets\TLCE\EB\TLCE_EB_0761.JPG,Tomato,EB,uncontrolled,aa81b45ed0cbc96d,Early Blight
Z:\Projects\Smart-Farming\Datasets\final_combined_datasets\TLCE\EB\TLCE_EB_0762.JPG,Tomato,EB,uncontrolled,eac48accbcc8b3b1,Early Blight
Z:\Projects\Smart-Farming\Datasets\final_combined_datasets\TLCE\EB\TLCE_EB_0763.JPG,Tomato,EB,uncontrolled,ab35df168a1d892c,Early Blight
Z:\Projects\Smart-Farming\Datasets\final_combined_datasets\TLCE\EB\TLCE_EB_0764.JPG,Tomato,EB,uncontrolled,d8b162e54d93669a,Early Blight
Z:\Projects\Smart-Farming\Datasets\final_combined_datasets\TLCE\EB\TLCE_EB_0765.JPG,Tomato,EB,uncontrolled,be1cc14cc7e0e633,Early Blight
Z:\Projects\Smart-Farming\Datasets\final_combined_datasets\TLCE\EB\TLCE_EB_0766.JPG,Tomato,EB,uncontrolled,ab38b525829f38da,Early Blight
Z:\Projects\Smart-Farming\Datasets\final_combined_datasets\TLCE\EB\TLCE_EB_0767.JPG,Tomato,EB,uncontrolled,eac4079cb9b9a23a,Early Blight
Z:\Projects\Smart-Farming\Datasets\final_combined_datasets\TLCE\EB\TLCE_EB_0768.JPG,Tomato,EB,uncontrolled,f82987b6929a99c9,Early Blight
Z:\Projects\Smart-Farming\Datasets\final_combined_datasets\TLCE\EB\TLCE_EB_0769.JPG,Tomato,EB,uncontrolled,ea66e50f547ce448,Early Blight
Z:\Projects\Smart-Farming\Datasets\final_combined_datasets\TLCE\EB\TLCE_EB_0770.JPG,Tomato,EB,uncontrolled,be75e182da89c13c,Early Blight
Z:\Projects\Smart-Farming\Datasets\final_combined_datasets\TLCE\EB\TLCE_EB_0771.JPG,Tomato,EB,uncontrolled,e858952dc36dd83c,Early Blight
Z:\Projects\Smart-Farming\Datasets\final_combined_datasets\TLCE\EB\TLCE_EB_0772.JPG,Tomato,EB,uncontrolled,ebc29552d837e01e,Early Blight
Z:\Projects\Smart-Farming\Datasets\final_combined_datasets\TLCE\EB\TLCE_EB_0773.JPG,Tomato,EB,uncontrolled,ace6d01ecdb887c1,Early Blight
Z:\Projects\Smart-Farming\Datasets\final_combined_datasets\TLCE\EB\TLCE_EB_0774.JPG,Tomato,EB,uncontrolled,e964964b9eb94994,Early Blight
Z:\Projects\Smart-Farming\Datasets\final_combined_datasets\TLCE\EB\TLCE_EB_0775.JPG,Tomato,EB,uncontrolled,b686c3ce9e689887,Early Blight
Z:\Projects\Smart-Farming\Datasets\final_combined_datasets\TLCE\EB\TLCE_EB_0776.JPG,Tomato,EB,uncontrolled,b30ef4610766de2c,Early Blight
Z:\Projects\Smart-Farming\Datasets\final_combined_datasets\TLCE\EB\TLCE_EB_0777.JPG,Tomato,EB,uncontrolled,f6c2a21fd43898e3,Early Blight
Z:\Projects\Smart-Farming\Datasets\final_combined_datasets\TLCE\EB\TLCE_EB_0778.JPG,Tomato,EB,uncontrolled,e8a7861e8c7999c9,Early Blight
Z:\Projects\Smart-Farming\Datasets\final_combined_datasets\TLCE\EB\TLCE_EB_0779.JPG,Tomato,EB,uncontrolled,fd31e162b646864e,Early Blight
Z:\Projects\Smart-Farming\Datasets\final_combined_datasets\TLCE\EB\TLCE_EB_0780.JPG,Tomato,EB,uncontrolled,f8c3979c9499d036,Early Blight
Z:\Projects\Smart-Farming\Datasets\final_combined_datasets\TLCE\EB\TLCE_EB_0781.JPG,Tomato,EB,uncontrolled,b646d9cdc1909bb2,Early Blight
Z:\Projects\Smart-Farming\Datasets\final_combined_datasets\TLCE\EB\TLCE_EB_0782.JPG,Tomato,EB,uncontrolled,ebe5a40e8764da1c,Early Blight
Z:\Projects\Smart-Farming\Datasets\final_combined_datasets\TLCE\EB\TLCE_EB_0783.JPG,Tomato,EB,uncontrolled,faf08507c21ac56f,Early Blight
Z:\Projects\Smart-Farming\Datasets\final_combined_datasets\TLCE\EB\TLCE_EB_0784.JPG,Tomato,EB,uncontrolled,f3c0cd9b23659863,Early Blight
Z:\Projects\Smart-Farming\Datasets\final_combined_datasets\TLCE\EB\TLCE_EB_0785.JPG,Tomato,EB,uncontrolled,e8a5865e9cea1d31,Early Blight
Z:\Projects\Smart-Farming\Datasets\final_combined_datasets\TLCE\EB\TLCE_EB_0786.JPG,Tomato,EB,uncontrolled,acc6d209cb79b531,Early Blight
Z:\Projects\Smart-Farming\Datasets\final_combined_datasets\TLCE\EB\TLCE_EB_0787.JPG,Tomato,EB,uncontrolled,b816c36b852fd23c,Early Blight
Z:\Projects\Smart-Farming\Datasets\final_combined_datasets\TLCE\EB\TLCE_EB_0788.JPG,Tomato,EB,uncontrolled,b6e0d38fe81dc238,Early Blight
Z:\Projects\Smart-Farming\Datasets\final_combined_datasets\TLCE\EB\TLCE_EB_0789.JPG,Tomato,EB,uncontrolled,f8b9a1d48ece89c1,Early Blight
Z:\Projects\Smart-Farming\Datasets\final_combined_datasets\TLCE\EB\TLCE_EB_0790.JPG,Tomato,EB,uncontrolled,ad209a98e1ede26e,Early Blight
Z:\Projects\Smart-Farming\Datasets\final_combined_datasets\TLCE\EB\TLCE_EB_0791.JPG,Tomato,EB,uncontrolled,a469c972d2e6664e,Early Blight
Z:\Projects\Smart-Farming\Datasets\final_combined_datasets\TLCE\EB\TLCE_EB_0792.JPG,Tomato,EB,uncontrolled,abf0908d4fc2ecc9,Early Blight
Z:\Projects\Smart-Farming\Datasets\final_combined_datasets\TLCE\EB\TLCE_EB_0793.JPG,Tomato,EB,uncontrolled,fe32c08587c4be56,Early Blight
Z:\Projects\Smart-Farming\Datasets\final_combined_datasets\TLCE\EB\TLCE_EB_0794.JPG,Tomato,EB,uncontrolled,f8a98572cb1f86c8,Early Blight
Z:\Projects\Smart-Farming\Datasets\final_combined_datasets\TLCE\EB\TLCE_EB_0795.JPG,Tomato,EB,uncontrolled,fa20e19597d78a52,Early Blight
Z:\Projects\Smart-Farming\Datasets\final_combined_datasets\TLCE\EB\TLCE_EB_0796.JPG,Tomato,EB,uncontrolled,fe31b03c921a9ae9,Early Blight
Z:\Projects\Smart-Farming\Datasets\final_combined_datasets\TLCE\EB\TLCE_EB_0797.JPG,Tomato,EB,uncontrolled,a9f5d402d71f0af0,Early Blight
Z:\Projects\Smart-Farming\Datasets\final_combined_datasets\TLCE\EB\TLCE_EB_0798.JPG,Tomato,EB,uncontrolled,f8e0841fd3b8cf24,Early Blight
Z:\Projects\Smart-Farming\Datasets\final_combined_datasets\TLCE\EB\TLCE_EB_0799.JPG,Tomato,EB,uncontrolled,ba1cc3721ea79869,Early Blight
Z:\Projects\Smart-Farming\Datasets\final_combined_datasets\TLCE\EB\TLCE_EB_0800.JPG,Tomato,EB,uncontrolled,fae68698c06bd925,Early Blight
Z:\Projects\Smart-Farming\Datasets\final_combined_datasets\TLCE\EB\TLCE_EB_0801.JPG,Tomato,EB,uncontrolled,fbe881151e5a1e6a,Early Blight
Z:\Projects\Smart-Farming\Datasets\final_combined_datasets\TLCE\EB\TLCE_EB_0802.JPG,Tomato,EB,uncontrolled,a465d2128fc3d35b,Early Blight
Z:\Projects\Smart-Farming\Datasets\final_combined_datasets\TLCE\EB\TLCE_EB_0803.JPG,Tomato,EB,uncontrolled,f0e7c697c61e8898,Early Blight
Z:\Projects\Smart-Farming\Datasets\final_combined_datasets\TLCE\EB\TLCE_EB_0804.JPG,Tomato,EB,uncontrolled,afe085835ed8b923,Early Blight
Z:\Projects\Smart-Farming\Datasets\final_combined_datasets\TLCE\EB\TLCE_EB_0805.JPG,Tomato,EB,uncontrolled,aa0db75fd2e8c8a0,Early Blight
Z:\Projects\Smart-Farming\Datasets\final_combined_datasets\TLCE\EB\TLCE_EB_0806.JPG,Tomato,EB,uncontrolled,b293cf8c9c983c71,Early Blight
Z:\Projects\Smart-Farming\Datasets\final_combined_datasets\TLCE\EB\TLCE_EB_0807.JPG,Tomato,EB,uncontrolled,fdc4e8c5879e9414,Early Blight
Z:\Projects\Smart-Farming\Datasets\final_combined_datasets\TLCE\EB\TLCE_EB_0808.JPG,Tomato,EB,uncontrolled,ad6aca6ac63c94b1,Early Blight
Z:\Projects\Smart-Farming\Datasets\final_combined_datasets\TLCE\EB\TLCE_EB_0809.JPG,Tomato,EB,uncontrolled,f6c28d1db33ac624,Early Blight
Z:\Projects\Smart-Farming\Datasets\final_combined_datasets\TLCE\EB\TLCE_EB_0810.JPG,Tomato,EB,uncontrolled,daaca1d7965a8a8a,Early Blight
Z:\Projects\Smart-Farming\Datasets\final_combined_datasets\TLCE\EB\TLCE_EB_0811.JPG,Tomato,EB,uncontrolled,ba84c50bcb7ca157,Early Blight
Z:\Projects\Smart-Farming\Datasets\final_combined_datasets\TLCE\EB\TLCE_EB_0812.JPG,Tomato,EB,uncontrolled,fa40c32dcc384ff1,Early Blight
Z:\Projects\Smart-Farming\Datasets\final_combined_datasets\TLCE\EB\TLCE_EB_0813.JPG,Tomato,EB,uncontrolled,a2a09f48af47b672,Early Blight
Z:\Projects\Smart-Farming\Datasets\final_combined_datasets\TLCE\EB\TLCE_EB_0814.JPG,Tomato,EB,uncontrolled,a7e0979cd842e81f,Early Blight
Z:\Projects\Smart-Farming\Datasets\final_combined_datasets\TLCE\EB\TLCE_EB_0815.JPG,Tomato,EB,uncontrolled,b6d3f00dc31cc768,Early Blight
Z:\Projects\Smart-Farming\Datasets\final_combined_datasets\TLCE\EB\TLCE_EB_0816.JPG,Tomato,EB,uncontrolled,bb44b01b936dce2c,Early Blight
Z:\Projects\Smart-Farming\Datasets\final_combined_datasets\TLCE\EB\TLCE_EB_0817.JPG,Tomato,EB,uncontrolled,aa6ac097959d9c36,Early Blight
Z:\Projects\Smart-Farming\Datasets\final_combined_datasets\TLCE\EB\TLCE_EB_0818.JPG,Tomato,EB,uncontrolled,a9e5d54a900f9a9e,Early Blight
Z:\Projects\Smart-Farming\Datasets\final_combined_datasets\TLCE\EB\TLCE_EB_0819.JPG,Tomato,EB,uncontrolled,fad2952fb820b625,Early Blight
Z:\Projects\Smart-Farming\Datasets\final_combined_datasets\TLCE\EB\TLCE_EB_0820.JPG,Tomato,EB,uncontrolled,ee9783e0e0e6b198,Early Blight
Z:\Projects\Smart-Farming\Datasets\final_combined_datasets\TLCE\EB\TLCE_EB_0821.JPG,Tomato,EB,uncontrolled,eef2a50d987c8343,Early Blight
Z:\Projects\Smart-Farming\Datasets\final_combined_datasets\TLCE\EB\TLCE_EB_0822.JPG,Tomato,EB,uncontrolled,af51f270c3660d8b,Early Blight
Z:\Projects\Smart-Farming\Datasets\final_combined_datasets\TLCE\EB\TLCE_EB_0823.JPG,Tomato,EB,uncontrolled,f966943b1a233c1b,Early Blight
Z:\Projects\Smart-Farming\Datasets\final_combined_datasets\TLCE\EB\TLCE_EB_0824.JPG,Tomato,EB,uncontrolled,a4e6c3999938c973,Early Blight
Z:\Projects\Smart-Farming\Datasets\final_combined_datasets\TLCE\EB\TLCE_EB_0825.JPG,Tomato,EB,uncontrolled,f196da3d8c12acd2,Early Blight
Z:\Projects\Smart-Farming\Datasets\final_combined_datasets\TLCE\EB\TLCE_EB_0826.JPG,Tomato,EB,uncontrolled,feb0c11f9bc08d29,Early Blight
Z:\Projects\Smart-Farming\Datasets\final_combined_datasets\TLCE\EB\TLCE_EB_0827.JPG,Tomato,EB,uncontrolled,ad64923bce1fd80c,Early Blight
Z:\Projects\Smart-Farming\Datasets\final_combined_datasets\TLCE\EB\TLCE_EB_0828.JPG,Tomato,EB,uncontrolled,e2b685cb9a4dca64,Early Blight
Z:\Projects\Smart-Farming\Datasets\final_combined_datasets\TLCE\EB\TLCE_EB_0829.JPG,Tomato,EB,uncontrolled,af8fd47492b28272,Early Blight
Z:\Projects\Smart-Farming\Datasets\final_combined_datasets\TLCE\EB\TLCE_EB_0830.JPG,Tomato,EB,uncontrolled,eec8938cf833a435,Early Blight
Z:\Projects\Smart-Farming\Datasets\final_combined_datasets\TLCE\EB\TLCE_EB_0831.JPG,Tomato,EB,uncontrolled,af51c41adc19d31b,Early Blight
Z:\Projects\Smart-Farming\Datasets\final_combined_datasets\TLCE\EB\TLCE_EB_0832.JPG,Tomato,EB,uncontrolled,ff60875aa86ba909,Early Blight
Z:\Projects\Smart-Farming\Datasets\final_combined_datasets\TLCE\EB\TLCE_EB_0833.JPG,Tomato,EB,uncontrolled,fac2e49f9d388431,Early Blight
Z:\Projects\Smart-Farming\Datasets\final_combined_datasets\TLCE\EB\TLCE_EB_0834.JPG,Tomato,EB,uncontrolled,be49b52dca16cc1a,Early Blight
Z:\Projects\Smart-Farming\Datasets\final_combined_datasets\TLCE\EB\TLCE_EB_0835.JPG,Tomato,EB,uncontrolled,fac0a58f9a9c929c,Early Blight
Z:\Projects\Smart-Farming\Datasets\final_combined_datasets\TLCE\EB\TLCE_EB_0836.JPG,Tomato,EB,uncontrolled,eacabd13b0a512cd,Early Blight
Z:\Projects\Smart-Farming\Datasets\final_combined_datasets\TLCE\EB\TLCE_EB_0837.JPG,Tomato,EB,uncontrolled,ba30d13bc3699c95,Early Blight
Z:\Projects\Smart-Farming\Datasets\final_combined_datasets\TLCE\EB\TLCE_EB_0838.JPG,Tomato,EB,uncontrolled,aee2d09999bcb113,Early Blight
Z:\Projects\Smart-Farming\Datasets\final_combined_datasets\TLCE\EB\TLCE_EB_0839.JPG,Tomato,EB,uncontrolled,febce811e1d82712,Early Blight
Z:\Projects\Smart-Farming\Datasets\final_combined_datasets\TLCE\EB\TLCE_EB_0840.JPG,Tomato,EB,uncontrolled,f8b4c7cb8446a54e,Early Blight
Z:\Projects\Smart-Farming\Datasets\final_combined_datasets\TLCE\EB\TLCE_EB_0841.JPG,Tomato,EB,uncontrolled,faaca1a01ed3ca9a,Early Blight
Z:\Projects\Smart-Farming\Datasets\final_combined_datasets\TLCE\EB\TLCE_EB_0842.JPG,Tomato,EB,uncontrolled,fed0861ed609e03d,Early Blight
Z:\Projects\Smart-Farming\Datasets\final_combined_datasets\TLCE\EB\TLCE_EB_0843.JPG,Tomato,EB,uncontrolled,ec6787188d685ea5,Early Blight
Z:\Projects\Smart-Farming\Datasets\final_combined_datasets\TLCE\EB\TLCE_EB_0844.JPG,Tomato,EB,uncontrolled,a8fba1c694ed8649,Early Blight
Z:\Projects\Smart-Farming\Datasets\final_combined_datasets\TLCE\EB\TLCE_EB_0845.JPG,Tomato,EB,uncontrolled,fd36a039e4e15385,Early Blight
Z:\Projects\Smart-Farming\Datasets\final_combined_datasets\TLCE\EB\TLCE_EB_0846.JPG,Tomato,EB,uncontrolled,fac7a5dc96308a91,Early Blight
Z:\Projects\Smart-Farming\Datasets\final_combined_datasets\TLCE\EB\TLCE_EB_0847.JPG,Tomato,EB,uncontrolled,ebbd955299c8c4c4,Early Blight
Z:\Projects\Smart-Farming\Datasets\final_combined_datasets\TLCE\EB\TLCE_EB_0848.JPG,Tomato,EB,uncontrolled,f5f0860f84a5579c,Early Blight
Z:\Projects\Smart-Farming\Datasets\final_combined_datasets\TLCE\EB\TLCE_EB_0849.JPG,Tomato,EB,uncontrolled,eee3813d8c6695c2,Early Blight
Z:\Projects\Smart-Farming\Datasets\final_combined_datasets\TLCE\EB\TLCE_EB_0850.JPG,Tomato,EB,uncontrolled,fec3a0c5c4c7c266,Early Blight
Z:\Projects\Smart-Farming\Datasets\final_combined_datasets\TLCE\EB\TLCE_EB_0851.JPG,Tomato,EB,uncontrolled,aa9cd5729263c32d,Early Blight
Z:\Projects\Smart-Farming\Datasets\final_combined_datasets\TLCE\EB\TLCE_EB_0852.JPG,Tomato,EB,uncontrolled,ebe546079a5a8d29,Early Blight
Z:\Projects\Smart-Farming\Datasets\final_combined_datasets\TLCE\EB\TLCE_EB_0853.JPG,Tomato,EB,uncontrolled,efc0853ad02dd33c,Early Blight
Z:\Projects\Smart-Farming\Datasets\final_combined_datasets\TLCE\EB\TLCE_EB_0854.JPG,Tomato,EB,uncontrolled,fb67841f40389739,Early Blight
Z:\Projects\Smart-Farming\Datasets\final_combined_datasets\TLCE\EB\TLCE_EB_0855.JPG,Tomato,EB,uncontrolled,f9239e6b8119c36c,Early Blight
Z:\Projects\Smart-Farming\Datasets\final_combined_datasets\TLCE\EB\TLCE_EB_0856.JPG,Tomato,EB,uncontrolled,b94af20ed217e174,Early Blight
Z:\Projects\Smart-Farming\Datasets\final_combined_datasets\TLCE\EB\TLCE_EB_0857.JPG,Tomato,EB,uncontrolled,ffe9a04085addc1c,Early Blight
Z:\Projects\Smart-Farming\Datasets\final_combined_datasets\TLCE\EB\TLCE_EB_0858.JPG,Tomato,EB,uncontrolled,a3b3ff49d0c148b4,Early Blight
Z:\Projects\Smart-Farming\Datasets\final_combined_datasets\TLCE\EB\TLCE_EB_0859.JPG,Tomato,EB,uncontrolled,e3871ed00bcccfc4,Early Blight
Z:\Projects\Smart-Farming\Datasets\final_combined_datasets\TLCE\EB\TLCE_EB_0860.JPG,Tomato,EB,uncontrolled,adeed280c11f3672,Early Blight
Z:\Projects\Smart-Farming\Datasets\final_combined_datasets\TLCE\EB\TLCE_EB_0861.JPG,Tomato,EB,uncontrolled,ec9b9464da6a9964,Early Blight
Z:\Projects\Smart-Farming\Datasets\final_combined_datasets\TLCE\EB\TLCE_EB_0862.JPG,Tomato,EB,uncontrolled,ae36d14de14dc2cc,Early Blight
Z:\Projects\Smart-Farming\Datasets\final_combined_datasets\TLCE\EB\TLCE_EB_0863.JPG,Tomato,EB,uncontrolled,f2a5a794d89aca91,Early Blight
Z:\Projects\Smart-Farming\Datasets\final_combined_datasets\TLCE\EB\TLCE_EB_0864.JPG,Tomato,EB,uncontrolled,f823a131a65e877a,Early Blight
Z:\Projects\Smart-Farming\Datasets\final_combined_datasets\TLCE\EB\TLCE_EB_0865.JPG,Tomato,EB,uncontrolled,eb42c38fd01f9568,Early Blight
Z:\Projects\Smart-Farming\Datasets\final_combined_datasets\TLCE\EB\TLCE_EB_0866.JPG,Tomato,EB,uncontrolled,b970c006ce8ec7f9,Early Blight
Z:\Projects\Smart-Farming\Datasets\final_combined_datasets\TLCE\EB\TLCE_EB_0867.JPG,Tomato,EB,uncontrolled,abb3c15a1fcc48b2,Early Blight
Z:\Projects\Smart-Farming\Datasets\final_combined_datasets\TLCE\EB\TLCE_EB_0868.JPG,Tomato,EB,uncontrolled,ba82b54aa8f41fe2,Early Blight
Z:\Projects\Smart-Farming\Datasets\final_combined_datasets\TLCE\EB\TLCE_EB_0869.JPG,Tomato,EB,uncontrolled,b6b3c84ccd939398,Early Blight
Z:\Projects\Smart-Farming\Datasets\final_combined_datasets\TLCE\EB\TLCE_EB_0870.JPG,Tomato,EB,uncontrolled,ab58c549de1ada07,Early Blight
Z:\Projects\Smart-Farming\Datasets\final_combined_datasets\TLCE\EB\TLCE_EB_0871.JPG,Tomato,EB,uncontrolled,aa0eb765d9f2428c,Early Blight
Z:\Projects\Smart-Farming\Datasets\final_combined_datasets\TLCE\EB\TLCE_EB_0872.JPG,Tomato,EB,uncontrolled,fdd0b00bc88e8ddc,Early Blight
Z:\Projects\Smart-Farming\Datasets\final_combined_datasets\TLCE\EB\TLCE_EB_0873.JPG,Tomato,EB,uncontrolled,b8b1968fc28f8d8c,Early Blight
Z:\Projects\Smart-Farming\Datasets\final_combined_datasets\TLCE\EB\TLCE_EB_0874.JPG,Tomato,EB,uncontrolled,ebb5d44a87601937,Early Blight
Z:\Projects\Smart-Farming\Datasets\final_combined_datasets\TLCE\EB\TLCE_EB_0875.JPG,Tomato,EB,uncontrolled,fe20851f953c8bb4,Early Blight
Z:\Projects\Smart-Farming\Datasets\final_combined_datasets\TLCE\EB\TLCE_EB_0876.JPG,Tomato,EB,uncontrolled,bc13f6688170db27,Early Blight
Z:\Projects\Smart-Farming\Datasets\final_combined_datasets\TLCE\EB\TLCE_EB_0877.JPG,Tomato,EB,uncontrolled,bd64903cc733cc33,Early Blight
Z:\Projects\Smart-Farming\Datasets\final_combined_datasets\TLCE\EB\TLCE_EB_0878.JPG,Tomato,EB,uncontrolled,ac38f320c20fccfe,Early Blight
Z:\Projects\Smart-Farming\Datasets\final_combined_datasets\TLCE\EB\TLCE_EB_0879.JPG,Tomato,EB,uncontrolled,ea35c45a876895cd,Early Blight
Z:\Projects\Smart-Farming\Datasets\final_combined_datasets\TLCE\EB\TLCE_EB_0880.JPG,Tomato,EB,uncontrolled,b834d06b8f383f91,Early Blight
Z:\Projects\Smart-Farming\Datasets\final_combined_datasets\TLCE\EB\TLCE_EB_0881.JPG,Tomato,EB,uncontrolled,af90f069c037c64f,Early Blight
Z:\Projects\Smart-Farming\Datasets\final_combined_datasets\TLCE\EB\TLCE_EB_0882.JPG,Tomato,EB,uncontrolled,ad13fe6dc1e48126,Early Blight
Z:\Projects\Smart-Farming\Datasets\final_combined_datasets\TLCE\EB\TLCE_EB_0883.JPG,Tomato,EB,uncontrolled,af60c56bc26dc81e,Early Blight
Z:\Projects\Smart-Farming\Datasets\final_combined_datasets\TLCE\EB\TLCE_EB_0884.JPG,Tomato,EB,uncontrolled,aaf5c48a9f1c8d4a,Early Blight
Z:\Projects\Smart-Farming\Datasets\final_combined_datasets\TLCE\EB\TLCE_EB_0885.JPG,Tomato,EB,uncontrolled,b9c7874ed8398631,Early Blight
Z:\Projects\Smart-Farming\Datasets\final_combined_datasets\TLCE\EB\TLCE_EB_0886.JPG,Tomato,EB,uncontrolled,c6668c6c59597237,Early Blight
Z:\Projects\Smart-Farming\Datasets\final_combined_datasets\TLCE\EB\TLCE_EB_0887.JPG,Tomato,EB,uncontrolled,e2c56c98994d9997,Early Blight
Z:\Projects\Smart-Farming\Datasets\final_combined_datasets\TLCE\EB\TLCE_EB_0888.JPG,Tomato,EB,uncontrolled,eec98598b26ed21c,Early Blight
Z:\Projects\Smart-Farming\Datasets\final_combined_datasets\TLCE\EB\TLCE_EB_0889.JPG,Tomato,EB,uncontrolled,af36f04082fd4337,Early Blight
Z:\Projects\Smart-Farming\Datasets\final_combined_datasets\TLCE\EB\TLCE_EB_0890.JPG,Tomato,EB,uncontrolled,fac7841c9cf1830f,Early Blight
Z:\Projects\Smart-Farming\Datasets\final_combined_datasets\TLCE\EB\TLCE_EB_0891.JPG,Tomato,EB,uncontrolled,ebe58e15900ed33a,Early Blight
Z:\Projects\Smart-Farming\Datasets\final_combined_datasets\TLCE\EB\TLCE_EB_0892.JPG,Tomato,EB,uncontrolled,a900d5b542cd3fcb,Early Blight
Z:\Projects\Smart-Farming\Datasets\final_combined_datasets\TLCE\EB\TLCE_EB_0893.JPG,Tomato,EB,uncontrolled,fee0851fd25a86c8,Early Blight
Z:\Projects\Smart-Farming\Datasets\final_combined_datasets\TLCE\EB\TLCE_EB_0894.JPG,Tomato,EB,uncontrolled,ff03a03cd15acb68,Early Blight
Z:\Projects\Smart-Farming\Datasets\final_combined_datasets\TLCE\EB\TLCE_EB_0895.JPG,Tomato,EB,uncontrolled,fa42c32ed75158a3,Early Blight
Z:\Projects\Smart-Farming\Datasets\final_combined_datasets\TLCE\EB\TLCE_EB_0896.JPG,Tomato,EB,uncontrolled,e8c2835eda9eb431,Early Blight
Z:\Projects\Smart-Farming\Datasets\final_combined_datasets\TLCE\EB\TLCE_EB_0897.JPG,Tomato,EB,uncontrolled,fce3c31e8f709841,Early Blight
Z:\Projects\Smart-Farming\Datasets\final_combined_datasets\TLCE\EB\TLCE_EB_0898.JPG,Tomato,EB,uncontrolled,aafa95c892159e35,Early Blight
Z:\Projects\Smart-Farming\Datasets\final_combined_datasets\TLCE\EB\TLCE_EB_0899.JPG,Tomato,EB,uncontrolled,eac3851d93b4c792,Early Blight
Z:\Projects\Smart-Farming\Datasets\final_combined_datasets\TLCE\EB\TLCE_EB_0900.JPG,Tomato,EB,uncontrolled,a9f5c44a969d4b98,Early Blight
Z:\Projects\Smart-Farming\Datasets\final_combined_datasets\TLCE\EB\TLCE_EB_0901.JPG,Tomato,EB,uncontrolled,fe36b4709a6911a5,Early Blight
Z:\Projects\Smart-Farming\Datasets\final_combined_datasets\TLCE\EB\TLCE_EB_0902.JPG,Tomato,EB,uncontrolled,b8bc90c9c7c5cac6,Early Blight
Z:\Projects\Smart-Farming\Datasets\final_combined_datasets\TLCE\EB\TLCE_EB_0903.JPG,Tomato,EB,uncontrolled,abf4b442d94dc135,Early Blight
Z:\Projects\Smart-Farming\Datasets\final_combined_datasets\TLCE\EB\TLCE_EB_0904.JPG,Tomato,EB,uncontrolled,a434d668cb96b11f,Early Blight
Z:\Projects\Smart-Farming\Datasets\final_combined_datasets\TLCE\EB\TLCE_EB_0905.JPG,Tomato,EB,uncontrolled,f93e8c669563306a,Early Blight
Z:\Projects\Smart-Farming\Datasets\final_combined_datasets\TLCE\EB\TLCE_EB_0906.JPG,Tomato,EB,uncontrolled,e8f12793b0a69327,Early Blight
Z:\Projects\Smart-Farming\Datasets\final_combined_datasets\TLCE\EB\TLCE_EB_0907.JPG,Tomato,EB,uncontrolled,a934956a9e874b93,Early Blight
Z:\Projects\Smart-Farming\Datasets\final_combined_datasets\TLCE\EB\TLCE_EB_0908.JPG,Tomato,EB,uncontrolled,bbb4c44e983f9458,Early Blight
Z:\Projects\Smart-Farming\Datasets\final_combined_datasets\TLCE\EB\TLCE_EB_0909.JPG,Tomato,EB,uncontrolled,f835c3728dc9918b,Early Blight
Z:\Projects\Smart-Farming\Datasets\final_combined_datasets\TLCE\EB\TLCE_EB_0910.JPG,Tomato,EB,uncontrolled,ea4ad19786b0b527,Early Blight
Z:\Projects\Smart-Farming\Datasets\final_combined_datasets\TLCE\EB\TLCE_EB_0911.JPG,Tomato,EB,uncontrolled,f9e0a5561ae8c92d,Early Blight
Z:\Projects\Smart-Farming\Datasets\final_combined_datasets\TLCE\EB\TLCE_EB_0912.JPG,Tomato,EB,uncontrolled,ba4f346ed960431b,Early Blight
Z:\Projects\Smart-Farming\Datasets\final_combined_datasets\TLCE\EB\TLCE_EB_0913.JPG,Tomato,EB,uncontrolled,f3e3b19e9cc8881c,Early Blight
Z:\Projects\Smart-Farming\Datasets\final_combined_datasets\TLCE\EB\TLCE_EB_0914.JPG,Tomato,EB,uncontrolled,fa7ac1218f17e9c0,Early Blight
Z:\Projects\Smart-Farming\Datasets\final_combined_datasets\TLCE\EB\TLCE_EB_0915.JPG,Tomato,EB,uncontrolled,a9bbb446caa50cda,Early Blight
Z:\Projects\Smart-Farming\Datasets\final_combined_datasets\TLCE\EB\TLCE_EB_0916.JPG,Tomato,EB,uncontrolled,f0b48751c1cbd5c5,Early Blight
Z:\Projects\Smart-Farming\Datasets\final_combined_datasets\TLCE\EB\TLCE_EB_0917.JPG,Tomato,EB,uncontrolled,ffc0881eb526e22d,Early Blight
Z:\Projects\Smart-Farming\Datasets\final_combined_datasets\TLCE\EB\TLCE_EB_0918.JPG,Tomato,EB,uncontrolled,bac1c546d669d991,Early Blight
Z:\Projects\Smart-Farming\Datasets\final_combined_datasets\TLCE\EB\TLCE_EB_0919.JPG,Tomato,EB,uncontrolled,ec96c29ac7699d84,Early Blight
Z:\Projects\Smart-Farming\Datasets\final_combined_datasets\TLCE\EB\TLCE_EB_0920.JPG,Tomato,EB,uncontrolled,ea25871ed63e0e64,Early Blight
Z:\Projects\Smart-Farming\Datasets\final_combined_datasets\TLCE\EB\TLCE_EB_0921.JPG,Tomato,EB,uncontrolled,adf4904b9f2cd035,Early Blight
Z:\Projects\Smart-Farming\Datasets\final_combined_datasets\TLCE\EB\TLCE_EB_0922.JPG,Tomato,EB,uncontrolled,f7a0831f9ad8851b,Early Blight
Z:\Projects\Smart-Farming\Datasets\final_combined_datasets\TLCE\EB\TLCE_EB_0923.JPG,Tomato,EB,uncontrolled,f830875329ef562c,Early Blight
Z:\Projects\Smart-Farming\Datasets\final_combined_datasets\TLCE\EB\TLCE_EB_0924.JPG,Tomato,EB,uncontrolled,e3729a33b8463749,Early Blight
Z:\Projects\Smart-Farming\Datasets\final_combined_datasets\TLCE\EB\TLCE_EB_0925.JPG,Tomato,EB,uncontrolled,a8f4f702c20ed8ed,Early Blight
Z:\Projects\Smart-Farming\Datasets\final_combined_datasets\TLCE\EB\TLCE_EB_0926.JPG,Tomato,EB,uncontrolled,faf16a85e18dc194,Early Blight
Z:\Projects\Smart-Farming\Datasets\final_combined_datasets\TLCE\EB\TLCE_EB_0927.JPG,Tomato,EB,uncontrolled,ae92d149c33f9668,Early Blight
Z:\Projects\Smart-Farming\Datasets\final_combined_datasets\TLCE\EB\TLCE_EB_0928.JPG,Tomato,EB,uncontrolled,aae9e345f436c624,Early Blight
Z:\Projects\Smart-Farming\Datasets\final_combined_datasets\TLCE\EB\TLCE_EB_0929.JPG,Tomato,EB,uncontrolled,ae63e0649b35c396,Early Blight
Z:\Projects\Smart-Farming\Datasets\final_combined_datasets\TLCE\EB\TLCE_EB_0930.JPG,Tomato,EB,uncontrolled,bf0fb078c3314933,Early Blight
Z:\Projects\Smart-Farming\Datasets\final_combined_datasets\TLCE\EB\TLCE_EB_0931.JPG,Tomato,EB,uncontrolled,b8e7e41e921b8b98,Early Blight
Z:\Projects\Smart-Farming\Datasets\final_combined_datasets\TLCE\EB\TLCE_EB_0932.JPG,Tomato,EB,uncontrolled,ade3d016cb980f99,Early Blight
Z:\Projects\Smart-Farming\Datasets\final_combined_datasets\TLCE\EB\TLCE_EB_0933.JPG,Tomato,EB,uncontrolled,ec7393cf96262521,Early Blight
Z:\Projects\Smart-Farming\Datasets\final_combined_datasets\TLCE\EB\TLCE_EB_0934.JPG,Tomato,EB,uncontrolled,ebb1a1c7961a9a31,Early Blight
Z:\Projects\Smart-Farming\Datasets\final_combined_datasets\TLCE\EB\TLCE_EB_0935.JPG,Tomato,EB,uncontrolled,a365c3869eda48d9,Early Blight
Z:\Projects\Smart-Farming\Datasets\final_combined_datasets\TLCE\EB\TLCE_EB_0936.JPG,Tomato,EB,uncontrolled,ada4d04ac307df96,Early Blight
Z:\Projects\Smart-Farming\Datasets\final_combined_datasets\TLCE\EB\TLCE_EB_0937.JPG,Tomato,EB,uncontrolled,eba491ce923b98c3,Early Blight
Z:\Projects\Smart-Farming\Datasets\final_combined_datasets\TLCE\EB\TLCE_EB_0938.JPG,Tomato,EB,uncontrolled,f978a00f9d9cccc2,Early Blight
Z:\Projects\Smart-Farming\Datasets\final_combined_datasets\TLCE\EB\TLCE_EB_0939.JPG,Tomato,EB,uncontrolled,abe3d44f4bb49490,Early Blight
Z:\Projects\Smart-Farming\Datasets\final_combined_datasets\TLCE\EB\TLCE_EB_0940.JPG,Tomato,EB,uncontrolled,c8c8dbb39ac6e650,Early Blight
Z:\Projects\Smart-Farming\Datasets\final_combined_datasets\TLCE\EB\TLCE_EB_0941.JPG,Tomato,EB,uncontrolled,e6339c8c99ccc3c6,Early Blight
Z:\Projects\Smart-Farming\Datasets\final_combined_datasets\TLCE\EB\TLCE_EB_0942.JPG,Tomato,EB,uncontrolled,be49ca36cc39e149,Early Blight
Z:\Projects\Smart-Farming\Datasets\final_combined_datasets\TLCE\EB\TLCE_EB_0943.JPG,Tomato,EB,uncontrolled,ebb691428f3dc868,Early Blight
Z:\Projects\Smart-Farming\Datasets\final_combined_datasets\TLCE\EB\TLCE_EB_0944.JPG,Tomato,EB,uncontrolled,eee4948f5a806cb3,Early Blight
Z:\Projects\Smart-Farming\Datasets\final_combined_datasets\TLCE\EB\TLCE_EB_0945.JPG,Tomato,EB,uncontrolled,bf0fa1e414a5927c,Early Blight
Z:\Projects\Smart-Farming\Datasets\final_combined_datasets\TLCE\EB\TLCE_EB_0946.JPG,Tomato,EB,uncontrolled,ead297189d7183b4,Early Blight
Z:\Projects\Smart-Farming\Datasets\final_combined_datasets\TLCE\EB\TLCE_EB_0947.JPG,Tomato,EB,uncontrolled,ee69a53cc42613d6,Early Blight
Z:\Projects\Smart-Farming\Datasets\final_combined_datasets\TLCE\EB\TLCE_EB_0948.JPG,Tomato,EB,uncontrolled,e4ab8d9432669b4d,Early Blight
Z:\Projects\Smart-Farming\Datasets\final_combined_datasets\TLCE\EB\TLCE_EB_0949.JPG,Tomato,EB,uncontrolled,ec399a1e1dcc2a1e,Early Blight
Z:\Projects\Smart-Farming\Datasets\final_combined_datasets\TLCE\EB\TLCE_EB_0950.JPG,Tomato,EB,uncontrolled,e5b092b3c9c935cc,Early Blight
Z:\Projects\Smart-Farming\Datasets\final_combined_datasets\TLCE\EB\TLCE_EB_0951.JPG,Tomato,EB,uncontrolled,eee5c5169c3a98c1,Early Blight
Z:\Projects\Smart-Farming\Datasets\final_combined_datasets\TLCE\EB\TLCE_EB_0952.JPG,Tomato,EB,uncontrolled,fcbcd3c1ad46810e,Early Blight
Z:\Projects\Smart-Farming\Datasets\final_combined_datasets\TLCE\EB\TLCE_EB_0953.JPG,Tomato,EB,uncontrolled,eceda6349192599a,Early Blight
Z:\Projects\Smart-Farming\Datasets\final_combined_datasets\TLCE\EB\TLCE_EB_0954.JPG,Tomato,EB,uncontrolled,fe1f81588f68e864,Early Blight
Z:\Projects\Smart-Farming\Datasets\final_combined_datasets\TLCE\EB\TLCE_EB_0955.JPG,Tomato,EB,uncontrolled,fb2795d0d8cd88c1,Early Blight
Z:\Projects\Smart-Farming\Datasets\final_combined_datasets\TLCE\EB\TLCE_EB_0956.JPG,Tomato,EB,uncontrolled,fdb3c29e2d489960,Early Blight
Z:\Projects\Smart-Farming\Datasets\final_combined_datasets\TLCE\EB\TLCE_EB_0957.JPG,Tomato,EB,uncontrolled,ba35d14b95389768,Early Blight
Z:\Projects\Smart-Farming\Datasets\final_combined_datasets\TLCE\EB\TLCE_EB_0958.JPG,Tomato,EB,uncontrolled,aae3f5c0d03fc312,Early Blight
Z:\Projects\Smart-Farming\Datasets\final_combined_datasets\TLCE\EB\TLCE_EB_0959.JPG,Tomato,EB,uncontrolled,ee68a92db53496a4,Early Blight
Z:\Projects\Smart-Farming\Datasets\final_combined_datasets\TLCE\EB\TLCE_EB_0960.JPG,Tomato,EB,uncontrolled,abe1d403cf9cc83c,Early Blight
Z:\Projects\Smart-Farming\Datasets\final_combined_datasets\TLCE\EB\TLCE_EB_0961.JPG,Tomato,EB,uncontrolled,ea96edcc854205db,Early Blight
Z:\Projects\Smart-Farming\Datasets\final_combined_datasets\TLCE\EB\TLCE_EB_0962.JPG,Tomato,EB,uncontrolled,ab35cc4adc65b066,Early Blight
Z:\Projects\Smart-Farming\Datasets\final_combined_datasets\TLCE\EB\TLCE_EB_0963.JPG,Tomato,EB,uncontrolled,afb6f003932d8cf0,Early Blight
Z:\Projects\Smart-Farming\Datasets\final_combined_datasets\TLCE\EB\TLCE_EB_0964.JPG,Tomato,EB,uncontrolled,e7a493d62858b98d,Early Blight
Z:\Projects\Smart-Farming\Datasets\final_combined_datasets\TLCE\EB\TLCE_EB_0965.JPG,Tomato,EB,uncontrolled,a9ebc19c962dd072,Early Blight
Z:\Projects\Smart-Farming\Datasets\final_combined_datasets\TLCE\EB\TLCE_EB_0966.JPG,Tomato,EB,uncontrolled,faa4855edaa90987,Early Blight
Z:\Projects\Smart-Farming\Datasets\final_combined_datasets\TLCE\EB\TLCE_EB_0967.JPG,Tomato,EB,uncontrolled,f897875896589969,Early Blight
Z:\Projects\Smart-Farming\Datasets\final_combined_datasets\TLCE\EB\TLCE_EB_0968.JPG,Tomato,EB,uncontrolled,aa0f8578972fc1b4,Early Blight
Z:\Projects\Smart-Farming\Datasets\final_combined_datasets\TLCE\EB\TLCE_EB_0969.JPG,Tomato,EB,uncontrolled,fb79a83094a11f0f,Early Blight
Z:\Projects\Smart-Farming\Datasets\final_combined_datasets\TLCE\EB\TLCE_EB_0970.JPG,Tomato,EB,uncontrolled,b990d60fc56a86f4,Early Blight
Z:\Projects\Smart-Farming\Datasets\final_combined_datasets\TLCE\EB\TLCE_EB_0971.JPG,Tomato,EB,uncontrolled,fb9d8740ca631176,Early Blight
Z:\Projects\Smart-Farming\Datasets\final_combined_datasets\TLCE\EB\TLCE_EB_0972.JPG,Tomato,EB,uncontrolled,fb3c80e21f83ea91,Early Blight
Z:\Projects\Smart-Farming\Datasets\final_combined_datasets\TLCE\EB\TLCE_EB_0973.JPG,Tomato,EB,uncontrolled,d6eacac89b90a3a6,Early Blight
Z:\Projects\Smart-Farming\Datasets\final_combined_datasets\TLCE\EB\TLCE_EB_0974.JPG,Tomato,EB,uncontrolled,a296f54ad22b8765,Early Blight
Z:\Projects\Smart-Farming\Datasets\final_combined_datasets\TLCE\EB\TLCE_EB_0975.JPG,Tomato,EB,uncontrolled,a88786da9a639967,Early Blight
Z:\Projects\Smart-Farming\Datasets\final_combined_datasets\TLCE\EB\TLCE_EB_0976.JPG,Tomato,EB,uncontrolled,a8a9f543c21edba4,Early Blight
Z:\Projects\Smart-Farming\Datasets\final_combined_datasets\TLCE\EB\TLCE_EB_0977.JPG,Tomato,EB,uncontrolled,efe4e696c6989029,Early Blight
Z:\Projects\Smart-Farming\Datasets\final_combined_datasets\TLCE\EB\TLCE_EB_0978.JPG,Tomato,EB,uncontrolled,e9f2979e9e189818,Early Blight
Z:\Projects\Smart-Farming\Datasets\final_combined_datasets\TLCE\EB\TLCE_EB_0979.JPG,Tomato,EB,uncontrolled,af72d09c98e18b87,Early Blight
Z:\Projects\Smart-Farming\Datasets\final_combined_datasets\TLCE\EB\TLCE_EB_0980.JPG,Tomato,EB,uncontrolled,bf1ef06007c34e1e,Early Blight
Z:\Projects\Smart-Farming\Datasets\final_combined_datasets\TLCE\EB\TLCE_EB_0981.JPG,Tomato,EB,uncontrolled,ef6184479c39d02f,Early Blight
Z:\Projects\Smart-Farming\Datasets\final_combined_datasets\TLCE\EB\TLCE_EB_0982.JPG,Tomato,EB,uncontrolled,f2eb8c1cb853a558,Early Blight
Z:\Projects\Smart-Farming\Datasets\final_combined_datasets\TLCE\EB\TLCE_EB_0983.JPG,Tomato,EB,uncontrolled,8b94d9c264e2e3c7,Early Blight
Z:\Projects\Smart-Farming\Datasets\final_combined_datasets\TLCE\EB\TLCE_EB_0984.JPG,Tomato,EB,uncontrolled,bc13d278b36cd894,Early Blight
Z:\Projects\Smart-Farming\Datasets\final_combined_datasets\TLCE\EB\TLCE_EB_0985.JPG,Tomato,EB,uncontrolled,fe9780d846273936,Early Blight
Z:\Projects\Smart-Farming\Datasets\final_combined_datasets\TLCE\EB\TLCE_EB_0986.JPG,Tomato,EB,uncontrolled,adf5e092933b1a92,Early Blight
Z:\Projects\Smart-Farming\Datasets\final_combined_datasets\TLCE\EB\TLCE_EB_0987.JPG,Tomato,EB,uncontrolled,eda586ca9ad89b21,Early Blight
Z:\Projects\Smart-Farming\Datasets\final_combined_datasets\TLCE\EB\TLCE_EB_0988.JPG,Tomato,EB,uncontrolled,aeb6f04e83c89c87,Early Blight
Z:\Projects\Smart-Farming\Datasets\final_combined_datasets\TLCE\EB\TLCE_EB_0989.JPG,Tomato,EB,uncontrolled,e93695319670877a,Early Blight
Z:\Projects\Smart-Farming\Datasets\final_combined_datasets\TLCE\EB\TLCE_EB_0990.JPG,Tomato,EB,uncontrolled,feb8e015914b93ca,Early Blight
Z:\Projects\Smart-Farming\Datasets\final_combined_datasets\TLCE\EB\TLCE_EB_0991.JPG,Tomato,EB,uncontrolled,e969e53496a13ad2,Early Blight
Z:\Projects\Smart-Farming\Datasets\final_combined_datasets\TLCE\EB\TLCE_EB_0992.JPG,Tomato,EB,uncontrolled,a36ff104dc1acad1,Early Blight
Z:\Projects\Smart-Farming\Datasets\final_combined_datasets\TLCE\EB\TLCE_EB_0993.JPG,Tomato,EB,uncontrolled,f72f60a49794d219,Early Blight
Z:\Projects\Smart-Farming\Datasets\final_combined_datasets\TLCE\EB\TLCE_EB_0994.JPG,Tomato,EB,uncontrolled,bd32d04f933686c9,Early Blight
Z:\Projects\Smart-Farming\Datasets\final_combined_datasets\TLCE\EB\TLCE_EB_0995.JPG,Tomato,EB,uncontrolled,fe6ed09525e39620,Early Blight
Z:\Projects\Smart-Farming\Datasets\final_combined_datasets\TLCE\EB\TLCE_EB_0996.JPG,Tomato,EB,uncontrolled,eb39e0e4ca3a09b6,Early Blight
Z:\Projects\Smart-Farming\Datasets\final_combined_datasets\TLCE\EB\TLCE_EB_0997.JPG,Tomato,EB,uncontrolled,fb9d87c2c8e4d160,Early Blight
Z:\Projects\Smart-Farming\Datasets\final_combined_datasets\TLCE\EB\TLCE_EB_0998.JPG,Tomato,EB,uncontrolled,eaca969934e39386,Early Blight
Z:\Projects\Smart-Farming\Datasets\final_combined_datasets\TLCE\EB\TLCE_EB_0999.JPG,Tomato,EB,uncontrolled,a8c6965ed1691b33,Early Blight
Z:\Projects\Smart-Farming\Datasets\final_combined_datasets\TLCE\EB\TLCE_EB_1000.JPG,Tomato,EB,uncontrolled,aac6f18bc91d82dc,Early Blight
Z:\Projects\Smart-Farming\Datasets\final_combined_datasets\TLCE\EB\TLCE_EB_1001.JPG,Tomato,EB,uncontrolled,eaa5b45a9a6a91a5,Early Blight
Z:\Projects\Smart-Farming\Datasets\final_combined_datasets\TLCE\EB\TLCE_EB_1002.JPG,Tomato,EB,uncontrolled,ade6d2cf1ecc1881,Early Blight
Z:\Projects\Smart-Farming\Datasets\final_combined_datasets\TLCE\EB\TLCE_EB_1003.JPG,Tomato,EB,uncontrolled,ffc0c81b9670a52b,Early Blight
Z:\Projects\Smart-Farming\Datasets\final_combined_datasets\TLCE\EB\TLCE_EB_1004.JPG,Tomato,EB,uncontrolled,ff9ef83c859094c0,Early Blight
Z:\Projects\Smart-Farming\Datasets\final_combined_datasets\TLCE\EB\TLCE_EB_1005.JPG,Tomato,EB,uncontrolled,e8d2879db097b126,Early Blight
Z:\Projects\Smart-Farming\Datasets\final_combined_datasets\TLCE\EB\TLCE_EB_1006.JPG,Tomato,EB,uncontrolled,ffc4e01b996cb109,Early Blight
Z:\Projects\Smart-Farming\Datasets\final_combined_datasets\TLCE\EB\TLCE_EB_1007.JPG,Tomato,EB,uncontrolled,e5a6c49eda919551,Early Blight
Z:\Projects\Smart-Farming\Datasets\final_combined_datasets\TLCE\EB\TLCE_EB_1008.JPG,Tomato,EB,uncontrolled,fae5839e98c8ca38,Early Blight
Z:\Projects\Smart-Farming\Datasets\final_combined_datasets\TLCE\EB\TLCE_EB_1009.JPG,Tomato,EB,uncontrolled,ea65851e9078976d,Early Blight
Z:\Projects\Smart-Farming\Datasets\final_combined_datasets\TLCE\EB\TLCE_EB_1010.JPG,Tomato,EB,uncontrolled,babc859ac0cb8747,Early Blight
Z:\Projects\Smart-Farming\Datasets\final_combined_datasets\TLCE\EB\TLCE_EB_1011.JPG,Tomato,EB,uncontrolled,af32c04bcf6c9e60,Early Blight
Z:\Projects\Smart-Farming\Datasets\final_combined_datasets\TLCE\EB\TLCE_EB_1012.JPG,Tomato,EB,uncontrolled,fee08596948e9a99,Early Blight
Z:\Projects\Smart-Farming\Datasets\final_combined_datasets\TLCE\EB\TLCE_EB_1013.JPG,Tomato,EB,uncontrolled,af19f02c4b978d61,Early Blight
Z:\Projects\Smart-Farming\Datasets\final_combined_datasets\TLCE\EB\TLCE_EB_1014.JPG,Tomato,EB,uncontrolled,f84bc53dd42ca5b0,Early Blight
Z:\Projects\Smart-Farming\Datasets\final_combined_datasets\TLCE\EB\TLCE_EB_1015.JPG,Tomato,EB,uncontrolled,ede4d68e98388963,Early Blight
Z:\Projects\Smart-Farming\Datasets\final_combined_datasets\TLCE\EB\TLCE_EB_1016.JPG,Tomato,EB,uncontrolled,ab1edc48f025c3d6,Early Blight
Z:\Projects\Smart-Farming\Datasets\final_combined_datasets\TLCE\EB\TLCE_EB_1017.JPG,Tomato,EB,uncontrolled,d2ca9933cc7531ca,Early Blight
Z:\Projects\Smart-Farming\Datasets\final_combined_datasets\TLCE\EB\TLCE_EB_1018.JPG,Tomato,EB,uncontrolled,eaf2acc2a58b96c4,Early Blight
Z:\Projects\Smart-Farming\Datasets\final_combined_datasets\TLCE\EB\TLCE_EB_1019.JPG,Tomato,EB,uncontrolled,ffa1d007c31689f8,Early Blight
Z:\Projects\Smart-Farming\Datasets\final_combined_datasets\TLCE\EB\TLCE_EB_1020.JPG,Tomato,EB,uncontrolled,eee085689fc5269c,Early Blight
Z:\Projects\Smart-Farming\Datasets\final_combined_datasets\TLCE\EB\TLCE_EB_1021.JPG,Tomato,EB,uncontrolled,adc9963599b68532,Early Blight
Z:\Projects\Smart-Farming\Datasets\final_combined_datasets\TLCE\EB\TLCE_EB_1022.JPG,Tomato,EB,uncontrolled,f2a2a5d696da8a19,Early Blight
Z:\Projects\Smart-Farming\Datasets\final_combined_datasets\TLCE\EB\TLCE_EB_1023.JPG,Tomato,EB,uncontrolled,f7e18147942eca56,Early Blight
Z:\Projects\Smart-Farming\Datasets\final_combined_datasets\TLCE\EB\TLCE_EB_1024.JPG,Tomato,EB,uncontrolled,ebe4a1969e4899a3,Early Blight
Z:\Projects\Smart-Farming\Datasets\final_combined_datasets\TLCE\EB\TLCE_EB_1025.JPG,Tomato,EB,uncontrolled,adedd294cf12da08,Early Blight
Z:\Projects\Smart-Farming\Datasets\final_combined_datasets\TLCE\EB\TLCE_EB_1026.JPG,Tomato,EB,uncontrolled,abcac489931ff930,Early Blight
Z:\Projects\Smart-Farming\Datasets\final_combined_datasets\TLCE\EB\TLCE_EB_1027.JPG,Tomato,EB,uncontrolled,eb50a567943cd236,Early Blight
Z:\Projects\Smart-Farming\Datasets\final_combined_datasets\TLCE\EB\TLCE_EB_1028.JPG,Tomato,EB,uncontrolled,b8e0d50ec683c3f9,Early Blight
Z:\Projects\Smart-Farming\Datasets\final_combined_datasets\TLCE\EB\TLCE_EB_1029.JPG,Tomato,EB,uncontrolled,f8b1859e1ec2e84e,Early Blight
Z:\Projects\Smart-Farming\Datasets\final_combined_datasets\TLCE\EB\TLCE_EB_1100.JPG,Tomato,EB,uncontrolled,aae8d2c48d9edc91,Early Blight
Z:\Projects\Smart-Farming\Datasets\final_combined_datasets\TLCE\EB\TLCE_EB_1030.JPG,Tomato,EB,uncontrolled,bec0a4cfd132cd34,Early Blight
Z:\Projects\Smart-Farming\Datasets\final_combined_datasets\TLCE\EB\TLCE_EB_1031.JPG,Tomato,EB,uncontrolled,f0b18cd695c39ac3,Early Blight
Z:\Projects\Smart-Farming\Datasets\final_combined_datasets\TLCE\EB\TLCE_EB_1032.JPG,Tomato,EB,uncontrolled,b66ec372cc939681,Early Blight
Z:\Projects\Smart-Farming\Datasets\final_combined_datasets\TLCE\EB\TLCE_EB_1033.JPG,Tomato,EB,uncontrolled,fa85c11e8d72bd42,Early Blight
Z:\Projects\Smart-Farming\Datasets\final_combined_datasets\TLCE\EB\TLCE_EB_1034.JPG,Tomato,EB,uncontrolled,bce09463964b9637,Early Blight
Z:\Projects\Smart-Farming\Datasets\final_combined_datasets\TLCE\EB\TLCE_EB_1035.JPG,Tomato,EB,uncontrolled,bb87c0d8e5cecc60,Early Blight
Z:\Projects\Smart-Farming\Datasets\final_combined_datasets\TLCE\EB\TLCE_EB_1036.JPG,Tomato,EB,uncontrolled,bf78c025e511cc9e,Early Blight
Z:\Projects\Smart-Farming\Datasets\final_combined_datasets\TLCE\EB\TLCE_EB_1037.JPG,Tomato,EB,uncontrolled,f92e97b0c263c9a2,Early Blight
Z:\Projects\Smart-Farming\Datasets\final_combined_datasets\TLCE\EB\TLCE_EB_1038.JPG,Tomato,EB,uncontrolled,bb8ed5b0c2606da6,Early Blight
Z:\Projects\Smart-Farming\Datasets\final_combined_datasets\TLCE\EB\TLCE_EB_1039.JPG,Tomato,EB,uncontrolled,b7a0ffd8806835a5,Early Blight
Z:\Projects\Smart-Farming\Datasets\final_combined_datasets\TLCE\EB\TLCE_EB_1040.JPG,Tomato,EB,uncontrolled,a863d884dcdae3cc,Early Blight
Z:\Projects\Smart-Farming\Datasets\final_combined_datasets\TLCE\EB\TLCE_EB_1041.JPG,Tomato,EB,uncontrolled,ad9cd86bdc05e311,Early Blight
Z:\Projects\Smart-Farming\Datasets\final_combined_datasets\TLCE\EB\TLCE_EB_1042.JPG,Tomato,EB,uncontrolled,b895837894ab3d5a,Early Blight
Z:\Projects\Smart-Farming\Datasets\final_combined_datasets\TLCE\EB\TLCE_EB_1043.JPG,Tomato,EB,uncontrolled,f846a16897b58bca,Early Blight
Z:\Projects\Smart-Farming\Datasets\final_combined_datasets\TLCE\EB\TLCE_EB_1044.JPG,Tomato,EB,uncontrolled,f8b9a197974a8b11,Early Blight
Z:\Projects\Smart-Farming\Datasets\final_combined_datasets\TLCE\EB\TLCE_EB_1045.JPG,Tomato,EB,uncontrolled,aa6a95a59916d51b,Early Blight
Z:\Projects\Smart-Farming\Datasets\final_combined_datasets\TLCE\EB\TLCE_EB_1046.JPG,Tomato,EB,uncontrolled,fbc2c43c8c701b67,Early Blight
Z:\Projects\Smart-Farming\Datasets\final_combined_datasets\TLCE\EB\TLCE_EB_1047.JPG,Tomato,EB,uncontrolled,fd93c34b843c4c66,Early Blight
Z:\Projects\Smart-Farming\Datasets\final_combined_datasets\TLCE\EB\TLCE_EB_1048.JPG,Tomato,EB,uncontrolled,ae3cf478c812876b,Early Blight
Z:\Projects\Smart-Farming\Datasets\final_combined_datasets\TLCE\EB\TLCE_EB_1049.JPG,Tomato,EB,uncontrolled,aac3f48788ed8794,Early Blight
Z:\Projects\Smart-Farming\Datasets\final_combined_datasets\TLCE\EB\TLCE_EB_1050.JPG,Tomato,EB,uncontrolled,eb94e53a9c619c43,Early Blight
Z:\Projects\Smart-Farming\Datasets\final_combined_datasets\TLCE\EB\TLCE_EB_1051.JPG,Tomato,EB,uncontrolled,f8b3879a4b904dd4,Early Blight
Z:\Projects\Smart-Farming\Datasets\final_combined_datasets\TLCE\EB\TLCE_EB_1052.JPG,Tomato,EB,uncontrolled,bd87d2c8a5c2e471,Early Blight
Z:\Projects\Smart-Farming\Datasets\final_combined_datasets\TLCE\EB\TLCE_EB_1053.JPG,Tomato,EB,uncontrolled,eae4a69a9dc4909b,Early Blight
Z:\Projects\Smart-Farming\Datasets\final_combined_datasets\TLCE\EB\TLCE_EB_1054.JPG,Tomato,EB,uncontrolled,fec6c1999f50b260,Early Blight
Z:\Projects\Smart-Farming\Datasets\final_combined_datasets\TLCE\EB\TLCE_EB_1055.JPG,Tomato,EB,uncontrolled,afb0c2cbc98d8b68,Early Blight
Z:\Projects\Smart-Farming\Datasets\final_combined_datasets\TLCE\EB\TLCE_EB_1056.JPG,Tomato,EB,uncontrolled,ab9394ceca26e334,Early Blight
Z:\Projects\Smart-Farming\Datasets\final_combined_datasets\TLCE\EB\TLCE_EB_1057.JPG,Tomato,EB,uncontrolled,bfcfd0b4c59240c3,Early Blight
Z:\Projects\Smart-Farming\Datasets\final_combined_datasets\TLCE\EB\TLCE_EB_1058.JPG,Tomato,EB,uncontrolled,f867951e9238cb31,Early Blight
Z:\Projects\Smart-Farming\Datasets\final_combined_datasets\TLCE\EB\TLCE_EB_1059.JPG,Tomato,EB,uncontrolled,af4b9085cb5a643d,Early Blight
Z:\Projects\Smart-Farming\Datasets\final_combined_datasets\TLCE\EB\TLCE_EB_1060.JPG,Tomato,EB,uncontrolled,fcb489c2858f965c,Early Blight
Z:\Projects\Smart-Farming\Datasets\final_combined_datasets\TLCE\EB\TLCE_EB_1061.JPG,Tomato,EB,uncontrolled,fe6cd03ca53016d3,Early Blight
Z:\Projects\Smart-Farming\Datasets\final_combined_datasets\TLCE\EB\TLCE_EB_1062.JPG,Tomato,EB,uncontrolled,fe4b891da5709683,Early Blight
Z:\Projects\Smart-Farming\Datasets\final_combined_datasets\TLCE\EB\TLCE_EB_1063.JPG,Tomato,EB,uncontrolled,aa84bd17f07e8358,Early Blight
Z:\Projects\Smart-Farming\Datasets\final_combined_datasets\TLCE\EB\TLCE_EB_1064.JPG,Tomato,EB,uncontrolled,eba9c1a583949cda,Early Blight
Z:\Projects\Smart-Farming\Datasets\final_combined_datasets\TLCE\EB\TLCE_EB_1065.JPG,Tomato,EB,uncontrolled,befc9490d2c1c987,Early Blight
Z:\Projects\Smart-Farming\Datasets\final_combined_datasets\TLCE\EB\TLCE_EB_1066.JPG,Tomato,EB,uncontrolled,bbb4d039ca906bc9,Early Blight
Z:\Projects\Smart-Farming\Datasets\final_combined_datasets\TLCE\EB\TLCE_EB_1067.JPG,Tomato,EB,uncontrolled,a7f4f083c38fcc0c,Early Blight
Z:\Projects\Smart-Farming\Datasets\final_combined_datasets\TLCE\EB\TLCE_EB_1068.JPG,Tomato,EB,uncontrolled,a708f07cc370dcb3,Early Blight
Z:\Projects\Smart-Farming\Datasets\final_combined_datasets\TLCE\EB\TLCE_EB_1069.JPG,Tomato,EB,uncontrolled,aab4cc32c17b9f03,Early Blight
Z:\Projects\Smart-Farming\Datasets\final_combined_datasets\TLCE\EB\TLCE_EB_1070.JPG,Tomato,EB,uncontrolled,fbc4e11a8b5899a3,Early Blight
Z:\Projects\Smart-Farming\Datasets\final_combined_datasets\TLCE\EB\TLCE_EB_1071.JPG,Tomato,EB,uncontrolled,ed4a85a49729d653,Early Blight
Z:\Projects\Smart-Farming\Datasets\final_combined_datasets\TLCE\EB\TLCE_EB_1072.JPG,Tomato,EB,uncontrolled,b690c389cc6c967e,Early Blight
Z:\Projects\Smart-Farming\Datasets\final_combined_datasets\TLCE\EB\TLCE_EB_1073.JPG,Tomato,EB,uncontrolled,faa1a5ce94d89869,Early Blight
Z:\Projects\Smart-Farming\Datasets\final_combined_datasets\TLCE\EB\TLCE_EB_1074.JPG,Tomato,EB,uncontrolled,eaa586969a5a956a,Early Blight
Z:\Projects\Smart-Farming\Datasets\final_combined_datasets\TLCE\EB\TLCE_EB_1075.JPG,Tomato,EB,uncontrolled,ab94907b8d4ecdc2,Early Blight
Z:\Projects\Smart-Farming\Datasets\final_combined_datasets\TLCE\EB\TLCE_EB_1076.JPG,Tomato,EB,uncontrolled,ead2858fb09b9934,Early Blight
Z:\Projects\Smart-Farming\Datasets\final_combined_datasets\TLCE\EB\TLCE_EB_1077.JPG,Tomato,EB,uncontrolled,af00961fd07b8736,Early Blight
Z:\Projects\Smart-Farming\Datasets\final_combined_datasets\TLCE\EB\TLCE_EB_1078.JPG,Tomato,EB,uncontrolled,ee25801f9fca381d,Early Blight
Z:\Projects\Smart-Farming\Datasets\final_combined_datasets\TLCE\EB\TLCE_EB_1079.JPG,Tomato,EB,uncontrolled,ae9bf57e68a07018,Early Blight
Z:\Projects\Smart-Farming\Datasets\final_combined_datasets\TLCE\EB\TLCE_EB_1080.JPG,Tomato,EB,uncontrolled,f9cba74d341ca05c,Early Blight
Z:\Projects\Smart-Farming\Datasets\final_combined_datasets\TLCE\EB\TLCE_EB_1081.JPG,Tomato,EB,uncontrolled,bf90d0c9c00fc76e,Early Blight
Z:\Projects\Smart-Farming\Datasets\final_combined_datasets\TLCE\EB\TLCE_EB_1082.JPG,Tomato,EB,uncontrolled,f9c98d3e8950b645,Early Blight
Z:\Projects\Smart-Farming\Datasets\final_combined_datasets\TLCE\EB\TLCE_EB_1083.JPG,Tomato,EB,uncontrolled,b9bbc370c2e070ec,Early Blight
Z:\Projects\Smart-Farming\Datasets\final_combined_datasets\TLCE\EB\TLCE_EB_1084.JPG,Tomato,EB,uncontrolled,eab4a51a96e81d35,Early Blight
Z:\Projects\Smart-Farming\Datasets\final_combined_datasets\TLCE\EB\TLCE_EB_1085.JPG,Tomato,EB,uncontrolled,adecf482c21fde20,Early Blight
Z:\Projects\Smart-Farming\Datasets\final_combined_datasets\TLCE\EB\TLCE_EB_1086.JPG,Tomato,EB,uncontrolled,ffe885879c9c9190,Early Blight
Z:\Projects\Smart-Farming\Datasets\final_combined_datasets\TLCE\EB\TLCE_EB_1087.JPG,Tomato,EB,uncontrolled,eae594969a39c383,Early Blight
Z:\Projects\Smart-Farming\Datasets\final_combined_datasets\TLCE\EB\TLCE_EB_1099.JPG,Tomato,EB,uncontrolled,abf0c5c30f986c9a,Early Blight
Z:\Projects\Smart-Farming\Datasets\final_combined_datasets\TLCE\EB\TLCE_EB_0007.JPG,Tomato,EB,uncontrolled,eacaca9d909193b6,Early Blight
Z:\Projects\Smart-Farming\Datasets\final_combined_datasets\TLCE\EB\TLCE_EB_0008.JPG,Tomato,EB,uncontrolled,fb34911bc36b8632,Early Blight
Z:\Projects\Smart-Farming\Datasets\final_combined_datasets\TLCE\EB\TLCE_EB_0009.JPG,Tomato,EB,uncontrolled,f50be21d8ad6d350,Early Blight
Z:\Projects\Smart-Farming\Datasets\final_combined_datasets\TLCE\EB\TLCE_EB_0010.JPG,Tomato,EB,uncontrolled,e6a4814f96f833c3,Early Blight
Z:\Projects\Smart-Farming\Datasets\final_combined_datasets\TLCE\EB\TLCE_EB_0011.JPG,Tomato,EB,uncontrolled,ffe0c21e39f48550,Early Blight
Z:\Projects\Smart-Farming\Datasets\final_combined_datasets\TLCE\EB\TLCE_EB_0012.JPG,Tomato,EB,uncontrolled,fc65e5344f424ccc,Early Blight
Z:\Projects\Smart-Farming\Datasets\final_combined_datasets\TLCE\EB\TLCE_EB_0013.JPG,Tomato,EB,uncontrolled,a2f39280c98fcc9f,Early Blight
Z:\Projects\Smart-Farming\Datasets\final_combined_datasets\TLCE\EB\TLCE_EB_0014.JPG,Tomato,EB,uncontrolled,fea1e197a416d44a,Early Blight
Z:\Projects\Smart-Farming\Datasets\final_combined_datasets\TLCE\EB\TLCE_EB_0015.JPG,Tomato,EB,uncontrolled,beb1e1078f569868,Early Blight
Z:\Projects\Smart-Farming\Datasets\final_combined_datasets\TLCE\EB\TLCE_EB_0016.JPG,Tomato,EB,uncontrolled,bf1db53d50d03ac0,Early Blight
Z:\Projects\Smart-Farming\Datasets\final_combined_datasets\TLCE\EB\TLCE_EB_0018.JPG,Tomato,EB,uncontrolled,f8b187528ecb18ce,Early Blight
Z:\Projects\Smart-Farming\Datasets\final_combined_datasets\TLCE\EB\TLCE_EB_0019.JPG,Tomato,EB,uncontrolled,af4cd412d21bcb65,Early Blight
Z:\Projects\Smart-Farming\Datasets\final_combined_datasets\TLCE\EB\TLCE_EB_0020.JPG,Tomato,EB,uncontrolled,bee0b0900bd7e91b,Early Blight
Z:\Projects\Smart-Farming\Datasets\final_combined_datasets\TLCE\EB\TLCE_EB_0021.JPG,Tomato,EB,uncontrolled,ff23a4b4d09ad1c8,Early Blight
Z:\Projects\Smart-Farming\Datasets\final_combined_datasets\TLCE\EB\TLCE_EB_0022.JPG,Tomato,EB,uncontrolled,a285d6da8db0ed4a,Early Blight
Z:\Projects\Smart-Farming\Datasets\final_combined_datasets\TLCE\EB\TLCE_EB_0023.JPG,Tomato,EB,uncontrolled,bc33d038cb69c396,Early Blight
Z:\Projects\Smart-Farming\Datasets\final_combined_datasets\TLCE\EB\TLCE_EB_0024.JPG,Tomato,EB,uncontrolled,bfa4c24aa5ccd998,Early Blight
Z:\Projects\Smart-Farming\Datasets\final_combined_datasets\TLCE\EB\TLCE_EB_0025.JPG,Tomato,EB,uncontrolled,abf4d007db4a48b5,Early Blight
Z:\Projects\Smart-Farming\Datasets\final_combined_datasets\TLCE\EB\TLCE_EB_0026.JPG,Tomato,EB,uncontrolled,ba39855acae94ca6,Early Blight
Z:\Projects\Smart-Farming\Datasets\final_combined_datasets\TLCE\EB\TLCE_EB_0027.JPG,Tomato,EB,uncontrolled,eaa6e5c4961a9959,Early Blight
Z:\Projects\Smart-Farming\Datasets\final_combined_datasets\TLCE\EB\TLCE_EB_0028.JPG,Tomato,EB,uncontrolled,f973814f96d49898,Early Blight
Z:\Projects\Smart-Farming\Datasets\final_combined_datasets\TLCE\EB\TLCE_EB_0029.JPG,Tomato,EB,uncontrolled,bfb090c38b8fcd0c,Early Blight
Z:\Projects\Smart-Farming\Datasets\final_combined_datasets\TLCE\EB\TLCE_EB_0030.JPG,Tomato,EB,uncontrolled,eaf0e084c78ee99c,Early Blight
Z:\Projects\Smart-Farming\Datasets\final_combined_datasets\TLCE\EB\TLCE_EB_0031.JPG,Tomato,EB,uncontrolled,e8a597dad88cc92c,Early Blight
Z:\Projects\Smart-Farming\Datasets\final_combined_datasets\TLCE\EB\TLCE_EB_0032.JPG,Tomato,EB,uncontrolled,fb8087169ae9956c,Early Blight
Z:\Projects\Smart-Farming\Datasets\final_combined_datasets\TLCE\EB\TLCE_EB_0033.JPG,Tomato,EB,uncontrolled,e965913dc3f10f12,Early Blight
Z:\Projects\Smart-Farming\Datasets\final_combined_datasets\TLCE\EB\TLCE_EB_0034.JPG,Tomato,EB,uncontrolled,ad61950fde2c983c,Early Blight
Z:\Projects\Smart-Farming\Datasets\final_combined_datasets\TLCE\EB\TLCE_EB_0035.JPG,Tomato,EB,uncontrolled,ec8d831c96e39167,Early Blight
Z:\Projects\Smart-Farming\Datasets\final_combined_datasets\TLCE\EB\TLCE_EB_0036.JPG,Tomato,EB,uncontrolled,afa4c0c98f8a9af2,Early Blight
Z:\Projects\Smart-Farming\Datasets\final_combined_datasets\TLCE\EB\TLCE_EB_0037.JPG,Tomato,EB,uncontrolled,eab5a50b4a3e1678,Early Blight
Z:\Projects\Smart-Farming\Datasets\final_combined_datasets\TLCE\EB\TLCE_EB_0038.JPG,Tomato,EB,uncontrolled,faa4a11f9178876a,Early Blight
Z:\Projects\Smart-Farming\Datasets\final_combined_datasets\TLCE\EB\TLCE_EB_0039.JPG,Tomato,EB,uncontrolled,e8b9875c9a11adca,Early Blight
Z:\Projects\Smart-Farming\Datasets\final_combined_datasets\TLCE\EB\TLCE_EB_0040.JPG,Tomato,EB,uncontrolled,f093833d8ed09bc6,Early Blight
Z:\Projects\Smart-Farming\Datasets\final_combined_datasets\TLCE\EB\TLCE_EB_0041.JPG,Tomato,EB,uncontrolled,fa259516a66a97a8,Early Blight
Z:\Projects\Smart-Farming\Datasets\final_combined_datasets\TLCE\EB\TLCE_EB_0042.JPG,Tomato,EB,uncontrolled,afe485cc9a69c991,Early Blight
Z:\Projects\Smart-Farming\Datasets\final_combined_datasets\TLCE\EB\TLCE_EB_0043.JPG,Tomato,EB,uncontrolled,ef62c10fdc3c9864,Early Blight
Z:\Projects\Smart-Farming\Datasets\final_combined_datasets\TLCE\EB\TLCE_EB_0044.JPG,Tomato,EB,uncontrolled,ad745283d94e857a,Early Blight
Z:\Projects\Smart-Farming\Datasets\final_combined_datasets\TLCE\EB\TLCE_EB_0045.JPG,Tomato,EB,uncontrolled,ba9cb09ec64a8fc8,Early Blight
Z:\Projects\Smart-Farming\Datasets\final_combined_datasets\TLCE\EB\TLCE_EB_0046.JPG,Tomato,EB,uncontrolled,e9f396ce98a94944,Early Blight
Z:\Projects\Smart-Farming\Datasets\final_combined_datasets\TLCE\EB\TLCE_EB_0047.JPG,Tomato,EB,uncontrolled,ff87c1d0c258ace4,Early Blight
Z:\Projects\Smart-Farming\Datasets\final_combined_datasets\TLCE\EB\TLCE_EB_0048.JPG,Tomato,EB,uncontrolled,ea65c11e877886e9,Early Blight
Z:\Projects\Smart-Farming\Datasets\final_combined_datasets\TLCE\EB\TLCE_EB_0049.JPG,Tomato,EB,uncontrolled,ac63d2628397e70e,Early Blight
Z:\Projects\Smart-Farming\Datasets\final_combined_datasets\TLCE\EB\TLCE_EB_0050.JPG,Tomato,EB,uncontrolled,a905d35ac8b9cce6,Early Blight
Z:\Projects\Smart-Farming\Datasets\final_combined_datasets\TLCE\EB\TLCE_EB_0051.JPG,Tomato,EB,uncontrolled,e8e685669e389ac9,Early Blight
Z:\Projects\Smart-Farming\Datasets\final_combined_datasets\TLCE\EB\TLCE_EB_0052.JPG,Tomato,EB,uncontrolled,a9f8d585da20963e,Early Blight
Z:\Projects\Smart-Farming\Datasets\final_combined_datasets\TLCE\EB\TLCE_EB_0053.JPG,Tomato,EB,uncontrolled,fa4ae027c3e7053c,Early Blight
Z:\Projects\Smart-Farming\Datasets\final_combined_datasets\TLCE\EB\TLCE_EB_0054.JPG,Tomato,EB,uncontrolled,bf94a6839b39c82c,Early Blight
Z:\Projects\Smart-Farming\Datasets\final_combined_datasets\TLCE\EB\TLCE_EB_0055.JPG,Tomato,EB,uncontrolled,afcad0851fbc3186,Early Blight
Z:\Projects\Smart-Farming\Datasets\final_combined_datasets\TLCE\EB\TLCE_EB_0056.JPG,Tomato,EB,uncontrolled,f94ec4d29f2d98a0,Early Blight
Z:\Projects\Smart-Farming\Datasets\final_combined_datasets\TLCE\EB\TLCE_EB_0057.JPG,Tomato,EB,uncontrolled,fcc79539c2269c64,Early Blight
Z:\Projects\Smart-Farming\Datasets\final_combined_datasets\TLCE\EB\TLCE_EB_0058.JPG,Tomato,EB,uncontrolled,a680b74b498df46e,Early Blight
Z:\Projects\Smart-Farming\Datasets\final_combined_datasets\TLCE\EB\TLCE_EB_0059.JPG,Tomato,EB,uncontrolled,eab2a55a92a9db84,Early Blight
Z:\Projects\Smart-Farming\Datasets\final_combined_datasets\TLCE\EB\TLCE_EB_0060.JPG,Tomato,EB,uncontrolled,a8cef7f0c806c33c,Early Blight
Z:\Projects\Smart-Farming\Datasets\final_combined_datasets\TLCE\EB\TLCE_EB_0061.JPG,Tomato,EB,uncontrolled,eee5c11e9ee89811,Early Blight
Z:\Projects\Smart-Farming\Datasets\final_combined_datasets\TLCE\EB\TLCE_EB_0062.JPG,Tomato,EB,uncontrolled,ecf095cbca9c8538,Early Blight
Z:\Projects\Smart-Farming\Datasets\final_combined_datasets\TLCE\EB\TLCE_EB_0063.JPG,Tomato,EB,uncontrolled,e4a6e29b8649cc79,Early Blight
Z:\Projects\Smart-Farming\Datasets\final_combined_datasets\TLCE\EB\TLCE_EB_0064.JPG,Tomato,EB,uncontrolled,ea3295c6dae8946c,Early Blight
Z:\Projects\Smart-Farming\Datasets\final_combined_datasets\TLCE\EB\TLCE_EB_0065.JPG,Tomato,EB,uncontrolled,eba1940bdbe8cc51,Early Blight
Z:\Projects\Smart-Farming\Datasets\final_combined_datasets\TLCE\EB\TLCE_EB_0066.JPG,Tomato,EB,uncontrolled,eb34844ee3699729,Early Blight
Z:\Projects\Smart-Farming\Datasets\final_combined_datasets\TLCE\EB\TLCE_EB_0067.JPG,Tomato,EB,uncontrolled,ad6cd2841fdb1968,Early Blight
Z:\Projects\Smart-Farming\Datasets\final_combined_datasets\TLCE\EB\TLCE_EB_0068.JPG,Tomato,EB,uncontrolled,ece0e38f86849d39,Early Blight
Z:\Projects\Smart-Farming\Datasets\final_combined_datasets\TLCE\EB\TLCE_EB_0069.JPG,Tomato,EB,uncontrolled,faf1e162e6862954,Early Blight
Z:\Projects\Smart-Farming\Datasets\final_combined_datasets\TLCE\EB\TLCE_EB_0071.JPG,Tomato,EB,uncontrolled,b6b2c109cbf49d4c,Early Blight
Z:\Projects\Smart-Farming\Datasets\final_combined_datasets\TLCE\EB\TLCE_EB_0072.JPG,Tomato,EB,uncontrolled,a739c40707f6fc06,Early Blight
Z:\Projects\Smart-Farming\Datasets\final_combined_datasets\TLCE\EB\TLCE_EB_0073.JPG,Tomato,EB,uncontrolled,f945934a9437d037,Early Blight
Z:\Projects\Smart-Farming\Datasets\final_combined_datasets\TLCE\EB\TLCE_EB_0074.JPG,Tomato,EB,uncontrolled,fb2d2c749436c2aa,Early Blight
Z:\Projects\Smart-Farming\Datasets\final_combined_datasets\TLCE\EB\TLCE_EB_0075.JPG,Tomato,EB,uncontrolled,aab8b542d38f68f0,Early Blight
Z:\Projects\Smart-Farming\Datasets\final_combined_datasets\TLCE\EB\TLCE_EB_0076.JPG,Tomato,EB,uncontrolled,bc609373d233c339,Early Blight
Z:\Projects\Smart-Farming\Datasets\final_combined_datasets\TLCE\EB\TLCE_EB_0077.JPG,Tomato,EB,uncontrolled,bfb0d20f49bc6138,Early Blight
Z:\Projects\Smart-Farming\Datasets\final_combined_datasets\TLCE\EB\TLCE_EB_0078.JPG,Tomato,EB,uncontrolled,eaa5861ae0799dc9,Early Blight
Z:\Projects\Smart-Farming\Datasets\final_combined_datasets\TLCE\EB\TLCE_EB_0079.JPG,Tomato,EB,uncontrolled,f286871c8d999e63,Early Blight
Z:\Projects\Smart-Farming\Datasets\final_combined_datasets\TLCE\EB\TLCE_EB_0080.JPG,Tomato,EB,uncontrolled,89b5f10bc36e9ce0,Early Blight
Z:\Projects\Smart-Farming\Datasets\final_combined_datasets\TLCE\EB\TLCE_EB_0081.JPG,Tomato,EB,uncontrolled,b9a193de896916a3,Early Blight
Z:\Projects\Smart-Farming\Datasets\final_combined_datasets\TLCE\EB\TLCE_EB_0082.JPG,Tomato,EB,uncontrolled,a934c23b95ceb269,Early Blight
Z:\Projects\Smart-Farming\Datasets\final_combined_datasets\TLCE\EB\TLCE_EB_0083.JPG,Tomato,EB,uncontrolled,fec08b9ea813279a,Early Blight
Z:\Projects\Smart-Farming\Datasets\final_combined_datasets\TLCE\EB\TLCE_EB_0084.JPG,Tomato,EB,uncontrolled,fbc0811ef433a3b4,Early Blight
Z:\Projects\Smart-Farming\Datasets\final_combined_datasets\TLCE\EB\TLCE_EB_0085.JPG,Tomato,EB,uncontrolled,a5b6f202c1f1ced8,Early Blight
Z:\Projects\Smart-Farming\Datasets\final_combined_datasets\TLCE\EB\TLCE_EB_0086.JPG,Tomato,EB,uncontrolled,a4a09ecbe62fe06c,Early Blight
Z:\Projects\Smart-Farming\Datasets\final_combined_datasets\TLCE\EB\TLCE_EB_0087.JPG,Tomato,EB,uncontrolled,eaa8a5d49cb0da96,Early Blight
Z:\Projects\Smart-Farming\Datasets\final_combined_datasets\TLCE\EB\TLCE_EB_0088.JPG,Tomato,EB,uncontrolled,f86d87311cc4725e,Early Blight
Z:\Projects\Smart-Farming\Datasets\final_combined_datasets\TLCE\EB\TLCE_EB_0089.JPG,Tomato,EB,uncontrolled,ab4ad50dc21dd939,Early Blight
Z:\Projects\Smart-Farming\Datasets\final_combined_datasets\TLCE\EB\TLCE_EB_0090.JPG,Tomato,EB,uncontrolled,e83295c2cbcccc4f,Early Blight
Z:\Projects\Smart-Farming\Datasets\final_combined_datasets\TLCE\EB\TLCE_EB_0091.JPG,Tomato,EB,uncontrolled,a7f2930fdc0dc03c,Early Blight
Z:\Projects\Smart-Farming\Datasets\final_combined_datasets\TLCE\EB\TLCE_EB_0092.JPG,Tomato,EB,uncontrolled,eee0e387851ce0b9,Early Blight
Z:\Projects\Smart-Farming\Datasets\final_combined_datasets\TLCE\EB\TLCE_EB_0093.JPG,Tomato,EB,uncontrolled,eb9385da9e2c6894,Early Blight
Z:\Projects\Smart-Farming\Datasets\final_combined_datasets\TLCE\EB\TLCE_EB_0094.JPG,Tomato,EB,uncontrolled,afb1921bcdd84e24,Early Blight
Z:\Projects\Smart-Farming\Datasets\final_combined_datasets\TLCE\EB\TLCE_EB_0095.JPG,Tomato,EB,uncontrolled,fe8560bed5ca4930,Early Blight
Z:\Projects\Smart-Farming\Datasets\final_combined_datasets\TLCE\EB\TLCE_EB_0096.JPG,Tomato,EB,uncontrolled,f1b1d34c8f0ccdc4,Early Blight
Z:\Projects\Smart-Farming\Datasets\final_combined_datasets\TLCE\EB\TLCE_EB_0097.JPG,Tomato,EB,uncontrolled,b0b3c30bcf3c08f6,Early Blight
Z:\Projects\Smart-Farming\Datasets\final_combined_datasets\TLCE\EB\TLCE_EB_0098.JPG,Tomato,EB,uncontrolled,b934d249853d5eb4,Early Blight
Z:\Projects\Smart-Farming\Datasets\final_combined_datasets\TLCE\EB\TLCE_EB_0099.JPG,Tomato,EB,uncontrolled,ef9785c8d869c826,Early Blight
Z:\Projects\Smart-Farming\Datasets\final_combined_datasets\TLCE\EB\TLCE_EB_0100.JPG,Tomato,EB,uncontrolled,ea1ab167c63dc234,Early Blight
Z:\Projects\Smart-Farming\Datasets\final_combined_datasets\TLCE\EB\TLCE_EB_0101.JPG,Tomato,EB,uncontrolled,e9a1964e9892db93,Early Blight
Z:\Projects\Smart-Farming\Datasets\final_combined_datasets\TLCE\EB\TLCE_EB_0102.JPG,Tomato,EB,uncontrolled,a9ea9615b9b2e60c,Early Blight
Z:\Projects\Smart-Farming\Datasets\final_combined_datasets\TLCE\EB\TLCE_EB_0103.JPG,Tomato,EB,uncontrolled,af40e135c26f863e,Early Blight
Z:\Projects\Smart-Farming\Datasets\final_combined_datasets\TLCE\EB\TLCE_EB_0104.JPG,Tomato,EB,uncontrolled,b7e0c21bc9b98ce1,Early Blight
Z:\Projects\Smart-Farming\Datasets\final_combined_datasets\TLCE\EB\TLCE_EB_0105.JPG,Tomato,EB,uncontrolled,bd92d3cf44b00e65,Early Blight
Z:\Projects\Smart-Farming\Datasets\final_combined_datasets\TLCE\EB\TLCE_EB_0106.JPG,Tomato,EB,uncontrolled,f666c21fac159cc1,Early Blight
Z:\Projects\Smart-Farming\Datasets\final_combined_datasets\TLCE\EB\TLCE_EB_0107.JPG,Tomato,EB,uncontrolled,eec6a49d90b38b32,Early Blight
Z:\Projects\Smart-Farming\Datasets\final_combined_datasets\TLCE\EB\TLCE_EB_0108.JPG,Tomato,EB,uncontrolled,efe4958e98689869,Early Blight
Z:\Projects\Smart-Farming\Datasets\final_combined_datasets\TLCE\EB\TLCE_EB_0109.JPG,Tomato,EB,uncontrolled,e3b594da9888cbc3,Early Blight
Z:\Projects\Smart-Farming\Datasets\final_combined_datasets\TLCE\EB\TLCE_EB_0110.JPG,Tomato,EB,uncontrolled,ab60c517d29ecacc,Early Blight
Z:\Projects\Smart-Farming\Datasets\final_combined_datasets\TLCE\EB\TLCE_EB_0111.JPG,Tomato,EB,uncontrolled,b5e6c4659a945d13,Early Blight
Z:\Projects\Smart-Farming\Datasets\final_combined_datasets\TLCE\EB\TLCE_EB_0112.JPG,Tomato,EB,uncontrolled,ea60e56fc42cc66c,Early Blight
Z:\Projects\Smart-Farming\Datasets\final_combined_datasets\TLCE\EB\TLCE_EB_0113.JPG,Tomato,EB,uncontrolled,e8b187569c669956,Early Blight
Z:\Projects\Smart-Farming\Datasets\final_combined_datasets\TLCE\EB\TLCE_EB_0114.JPG,Tomato,EB,uncontrolled,aaeaf10983151df3,Early Blight
Z:\Projects\Smart-Farming\Datasets\final_combined_datasets\TLCE\EB\TLCE_EB_0115.JPG,Tomato,EB,uncontrolled,ad10f00bf03bc66f,Early Blight
Z:\Projects\Smart-Farming\Datasets\final_combined_datasets\TLCE\EB\TLCE_EB_0116.JPG,Tomato,EB,uncontrolled,fc31b01ec3f08b33,Early Blight
Z:\Projects\Smart-Farming\Datasets\final_combined_datasets\TLCE\EB\TLCE_EB_0117.JPG,Tomato,EB,uncontrolled,ef40a70fd61c6c0d,Early Blight
Z:\Projects\Smart-Farming\Datasets\final_combined_datasets\TLCE\EB\TLCE_EB_0118.JPG,Tomato,EB,uncontrolled,eae58c9c9c938a99,Early Blight
Z:\Projects\Smart-Farming\Datasets\final_combined_datasets\TLCE\EB\TLCE_EB_0119.JPG,Tomato,EB,uncontrolled,aac99616d13e1aa7,Early Blight
Z:\Projects\Smart-Farming\Datasets\final_combined_datasets\TLCE\EB\TLCE_EB_0120.JPG,Tomato,EB,uncontrolled,f430c15b9e66b239,Early Blight
Z:\Projects\Smart-Farming\Datasets\final_combined_datasets\TLCE\EB\TLCE_EB_0121.JPG,Tomato,EB,uncontrolled,f2b5c39e9860c53c,Early Blight
Z:\Projects\Smart-Farming\Datasets\final_combined_datasets\TLCE\EB\TLCE_EB_0122.JPG,Tomato,EB,uncontrolled,abe0b41fd03ec370,Early Blight
Z:\Projects\Smart-Farming\Datasets\final_combined_datasets\TLCE\EB\TLCE_EB_0123.JPG,Tomato,EB,uncontrolled,fbe4c19a963e84c8,Early Blight
Z:\Projects\Smart-Farming\Datasets\final_combined_datasets\TLCE\EB\TLCE_EB_0124.JPG,Tomato,EB,uncontrolled,ab6cf1d88623ce0e,Early Blight
Z:\Projects\Smart-Farming\Datasets\final_combined_datasets\TLCE\EB\TLCE_EB_0125.JPG,Tomato,EB,uncontrolled,f865a5661ea68cd1,Early Blight
Z:\Projects\Smart-Farming\Datasets\final_combined_datasets\TLCE\EB\TLCE_EB_0126.JPG,Tomato,EB,uncontrolled,ef65c05c8e43b03e,Early Blight
Z:\Projects\Smart-Farming\Datasets\final_combined_datasets\TLCE\EB\TLCE_EB_0127.JPG,Tomato,EB,uncontrolled,fb9dd0d8cb4188d1,Early Blight
Z:\Projects\Smart-Farming\Datasets\final_combined_datasets\TLCE\EB\TLCE_EB_0128.JPG,Tomato,EB,uncontrolled,ae66d0274bba4c99,Early Blight
Z:\Projects\Smart-Farming\Datasets\final_combined_datasets\TLCE\EB\TLCE_EB_0129.JPG,Tomato,EB,uncontrolled,fea9215522762f68,Early Blight
Z:\Projects\Smart-Farming\Datasets\final_combined_datasets\TLCE\EB\TLCE_EB_0130.JPG,Tomato,EB,uncontrolled,bc14cb4b854e956e,Early Blight
Z:\Projects\Smart-Farming\Datasets\final_combined_datasets\TLCE\EB\TLCE_EB_0131.JPG,Tomato,EB,uncontrolled,ea62852e9c754bb8,Early Blight
Z:\Projects\Smart-Farming\Datasets\final_combined_datasets\TLCE\EB\TLCE_EB_0132.JPG,Tomato,EB,uncontrolled,aacadb959c30a627,Early Blight
Z:\Projects\Smart-Farming\Datasets\final_combined_datasets\TLCE\EB\TLCE_EB_0133.JPG,Tomato,EB,uncontrolled,bd12c01d836ccf73,Early Blight
Z:\Projects\Smart-Farming\Datasets\final_combined_datasets\TLCE\EB\TLCE_EB_0134.JPG,Tomato,EB,uncontrolled,ebc6349aca399361,Early Blight
Z:\Projects\Smart-Farming\Datasets\final_combined_datasets\TLCE\EB\TLCE_EB_0135.JPG,Tomato,EB,uncontrolled,e3159e5a9c6a946c,Early Blight
Z:\Projects\Smart-Farming\Datasets\final_combined_datasets\TLCE\EB\TLCE_EB_0136.JPG,Tomato,EB,uncontrolled,ed439e699805d90f,Early Blight
Z:\Projects\Smart-Farming\Datasets\final_combined_datasets\TLCE\EB\TLCE_EB_0137.JPG,Tomato,EB,uncontrolled,bb74d02967982766,Early Blight
Z:\Projects\Smart-Farming\Datasets\final_combined_datasets\TLCE\EB\TLCE_EB_0138.JPG,Tomato,EB,uncontrolled,bc0e8738d8b76863,Early Blight
Z:\Projects\Smart-Farming\Datasets\final_combined_datasets\TLCE\EB\TLCE_EB_0139.JPG,Tomato,EB,uncontrolled,bbb4d14ac10dce87,Early Blight
Z:\Projects\Smart-Farming\Datasets\final_combined_datasets\TLCE\EB\TLCE_EB_0140.JPG,Tomato,EB,uncontrolled,d7a9fa2c81e895d0,Early Blight
Z:\Projects\Smart-Farming\Datasets\final_combined_datasets\TLCE\EB\TLCE_EB_0141.JPG,Tomato,EB,uncontrolled,ffc087469c38c533,Early Blight
Z:\Projects\Smart-Farming\Datasets\final_combined_datasets\TLCE\EB\TLCE_EB_0142.JPG,Tomato,EB,uncontrolled,fa4acd55943ad528,Early Blight
Z:\Projects\Smart-Farming\Datasets\final_combined_datasets\TLCE\EB\TLCE_EB_0143.JPG,Tomato,EB,uncontrolled,ace8c392979c95b1,Early Blight
Z:\Projects\Smart-Farming\Datasets\final_combined_datasets\TLCE\EB\TLCE_EB_0144.JPG,Tomato,EB,uncontrolled,f8b487dae2299c32,Early Blight
Z:\Projects\Smart-Farming\Datasets\final_combined_datasets\TLCE\EB\TLCE_EB_0145.JPG,Tomato,EB,uncontrolled,e3449756942bd23d,Early Blight
Z:\Projects\Smart-Farming\Datasets\final_combined_datasets\TLCE\EB\TLCE_EB_0146.JPG,Tomato,EB,uncontrolled,bc1bd340893e97c9,Early Blight
Z:\Projects\Smart-Farming\Datasets\final_combined_datasets\TLCE\EB\TLCE_EB_0147.JPG,Tomato,EB,uncontrolled,fdc1c40fba21f207,Early Blight
Z:\Projects\Smart-Farming\Datasets\final_combined_datasets\TLCE\EB\TLCE_EB_0148.JPG,Tomato,EB,uncontrolled,ab2cf0d6c0c34fe1,Early Blight
Z:\Projects\Smart-Farming\Datasets\final_combined_datasets\TLCE\EB\TLCE_EB_0149.JPG,Tomato,EB,uncontrolled,f8b0d596ce866562,Early Blight
Z:\Projects\Smart-Farming\Datasets\final_combined_datasets\TLCE\EB\TLCE_EB_0150.JPG,Tomato,EB,uncontrolled,fec1812e92a72d95,Early Blight
Z:\Projects\Smart-Farming\Datasets\final_combined_datasets\TLCE\EB\TLCE_EB_0151.JPG,Tomato,EB,uncontrolled,e8a7879c90d993c9,Early Blight
Z:\Projects\Smart-Farming\Datasets\final_combined_datasets\TLCE\EB\TLCE_EB_0152.JPG,Tomato,EB,uncontrolled,bf48f02fca4ec918,Early Blight
Z:\Projects\Smart-Farming\Datasets\final_combined_datasets\TLCE\EB\TLCE_EB_0153.JPG,Tomato,EB,uncontrolled,aec0e10a5efd286d,Early Blight
Z:\Projects\Smart-Farming\Datasets\final_combined_datasets\TLCE\EB\TLCE_EB_0154.JPG,Tomato,EB,uncontrolled,a7b313799710dd21,Early Blight
Z:\Projects\Smart-Farming\Datasets\final_combined_datasets\TLCE\EB\TLCE_EB_0155.JPG,Tomato,EB,uncontrolled,bc93c18fcc988d65,Early Blight
Z:\Projects\Smart-Farming\Datasets\final_combined_datasets\TLCE\EB\TLCE_EB_0156.JPG,Tomato,EB,uncontrolled,f1b186da8a4d8d3a,Early Blight
Z:\Projects\Smart-Farming\Datasets\final_combined_datasets\TLCE\EB\TLCE_EB_0157.JPG,Tomato,EB,uncontrolled,b4e6c31c8cd1399b,Early Blight
Z:\Projects\Smart-Farming\Datasets\final_combined_datasets\TLCE\EB\TLCE_EB_0158.JPG,Tomato,EB,uncontrolled,e3b394da9849cd85,Early Blight
Z:\Projects\Smart-Farming\Datasets\final_combined_datasets\TLCE\EB\TLCE_EB_0159.JPG,Tomato,EB,uncontrolled,ab3cf44289e30f4b,Early Blight
Z:\Projects\Smart-Farming\Datasets\final_combined_datasets\TLCE\EB\TLCE_EB_0160.JPG,Tomato,EB,uncontrolled,aa25b536c13f835a,Early Blight
Z:\Projects\Smart-Farming\Datasets\final_combined_datasets\TLCE\EB\TLCE_EB_0161.JPG,Tomato,EB,uncontrolled,abd0d48d945bb1a5,Early Blight
Z:\Projects\Smart-Farming\Datasets\final_combined_datasets\TLCE\EB\TLCE_EB_0162.JPG,Tomato,EB,uncontrolled,aac48e9ed89b9139,Early Blight
Z:\Projects\Smart-Farming\Datasets\final_combined_datasets\TLCE\EB\TLCE_EB_0163.JPG,Tomato,EB,uncontrolled,fa42973c8932e437,Early Blight
Z:\Projects\Smart-Farming\Datasets\final_combined_datasets\TLCE\EB\TLCE_EB_0164.JPG,Tomato,EB,uncontrolled,aaa5c44a9fb98971,Early Blight
Z:\Projects\Smart-Farming\Datasets\final_combined_datasets\TLCE\EB\TLCE_EB_0165.JPG,Tomato,EB,uncontrolled,fe99c1c078aca743,Early Blight
Z:\Projects\Smart-Farming\Datasets\final_combined_datasets\TLCE\EB\TLCE_EB_0166.JPG,Tomato,EB,uncontrolled,bb3dc602d8e723e0,Early Blight
Z:\Projects\Smart-Farming\Datasets\final_combined_datasets\TLCE\EB\TLCE_EB_0167.JPG,Tomato,EB,uncontrolled,ec6ac2979d99b094,Early Blight
Z:\Projects\Smart-Farming\Datasets\final_combined_datasets\TLCE\EB\TLCE_EB_0168.JPG,Tomato,EB,uncontrolled,ab85fed2805a8778,Early Blight
Z:\Projects\Smart-Farming\Datasets\final_combined_datasets\TLCE\EB\TLCE_EB_0169.JPG,Tomato,EB,uncontrolled,f8638736d2923bc1,Early Blight
Z:\Projects\Smart-Farming\Datasets\final_combined_datasets\TLCE\EB\TLCE_EB_0170.JPG,Tomato,EB,uncontrolled,a1f393ce8c618d6c,Early Blight
Z:\Projects\Smart-Farming\Datasets\final_combined_datasets\TLCE\EB\TLCE_EB_0171.JPG,Tomato,EB,uncontrolled,b460c32f1f6c8e66,Early Blight
Z:\Projects\Smart-Farming\Datasets\final_combined_datasets\TLCE\EB\TLCE_EB_0172.JPG,Tomato,EB,uncontrolled,afe0d41e98e95827,Early Blight
Z:\Projects\Smart-Farming\Datasets\final_combined_datasets\TLCE\EB\TLCE_EB_0173.JPG,Tomato,EB,uncontrolled,a6c49116dea9d91d,Early Blight
Z:\Projects\Smart-Farming\Datasets\final_combined_datasets\TLCE\EB\TLCE_EB_0174.JPG,Tomato,EB,uncontrolled,afb4f092c3938f48,Early Blight
Z:\Projects\Smart-Farming\Datasets\final_combined_datasets\TLCE\EB\TLCE_EB_0175.JPG,Tomato,EB,uncontrolled,e975fd42f0028f19,Early Blight
Z:\Projects\Smart-Farming\Datasets\final_combined_datasets\TLCE\EB\TLCE_EB_0176.JPG,Tomato,EB,uncontrolled,e8c5a458987bd327,Early Blight
Z:\Projects\Smart-Farming\Datasets\final_combined_datasets\TLCE\EB\TLCE_EB_0177.JPG,Tomato,EB,uncontrolled,bef090e3c217c339,Early Blight
Z:\Projects\Smart-Farming\Datasets\final_combined_datasets\TLCE\EB\TLCE_EB_0178.JPG,Tomato,EB,uncontrolled,fae1c9ce8c985992,Early Blight
Z:\Projects\Smart-Farming\Datasets\final_combined_datasets\TLCE\EB\TLCE_EB_0179.JPG,Tomato,EB,uncontrolled,f1e0ae8da48d9c5c,Early Blight
Z:\Projects\Smart-Farming\Datasets\final_combined_datasets\TLCE\EB\TLCE_EB_0180.JPG,Tomato,EB,uncontrolled,fac2c49c9c788973,Early Blight
Z:\Projects\Smart-Farming\Datasets\final_combined_datasets\TLCE\EB\TLCE_EB_0181.JPG,Tomato,EB,uncontrolled,eef1c50f867c90c8,Early Blight
Z:\Projects\Smart-Farming\Datasets\final_combined_datasets\TLCE\EB\TLCE_EB_0182.JPG,Tomato,EB,uncontrolled,e3e3869e5ab1099a,Early Blight
Z:\Projects\Smart-Farming\Datasets\final_combined_datasets\TLCE\EB\TLCE_EB_0183.JPG,Tomato,EB,uncontrolled,eaf18192d6990b3b,Early Blight
Z:\Projects\Smart-Farming\Datasets\final_combined_datasets\TLCE\EB\TLCE_EB_0184.JPG,Tomato,EB,uncontrolled,ebe19c98b036b6c4,Early Blight
Z:\Projects\Smart-Farming\Datasets\final_combined_datasets\TLCE\EB\TLCE_EB_0185.JPG,Tomato,EB,uncontrolled,b8e69798cac2cd4c,Early Blight
Z:\Projects\Smart-Farming\Datasets\final_combined_datasets\TLCE\EB\TLCE_EB_0186.JPG,Tomato,EB,uncontrolled,bf6e94b4a1bc848c,Early Blight
Z:\Projects\Smart-Farming\Datasets\final_combined_datasets\TLCE\EB\TLCE_EB_0187.JPG,Tomato,EB,uncontrolled,9c39f17161f0e30e,Early Blight
Z:\Projects\Smart-Farming\Datasets\final_combined_datasets\TLCE\EB\TLCE_EB_0188.JPG,Tomato,EB,uncontrolled,ede0d10fb06887e5,Early Blight
Z:\Projects\Smart-Farming\Datasets\final_combined_datasets\TLCE\EB\TLCE_EB_0189.JPG,Tomato,EB,uncontrolled,ab97d348e074d3b0,Early Blight
Z:\Projects\Smart-Farming\Datasets\final_combined_datasets\TLCE\EB\TLCE_EB_0190.JPG,Tomato,EB,uncontrolled,ebe5c886191eb872,Early Blight
Z:\Projects\Smart-Farming\Datasets\final_combined_datasets\TLCE\EB\TLCE_EB_0191.JPG,Tomato,EB,uncontrolled,ec62c75fc21c9896,Early Blight
Z:\Projects\Smart-Farming\Datasets\final_combined_datasets\TLCE\EB\TLCE_EB_0192.JPG,Tomato,EB,uncontrolled,ebcb942d9c909eb0,Early Blight
Z:\Projects\Smart-Farming\Datasets\final_combined_datasets\TLCE\EB\TLCE_EB_0193.JPG,Tomato,EB,uncontrolled,eeb1a041c43f9dcc,Early Blight
Z:\Projects\Smart-Farming\Datasets\final_combined_datasets\TLCE\EB\TLCE_EB_0194.JPG,Tomato,EB,uncontrolled,ed34d027d23b85f0,Early Blight
Z:\Projects\Smart-Farming\Datasets\final_combined_datasets\TLCE\EB\TLCE_EB_0195.JPG,Tomato,EB,uncontrolled,faa48d99434b92cb,Early Blight
Z:\Projects\Smart-Farming\Datasets\final_combined_datasets\TLCE\EB\TLCE_EB_0196.JPG,Tomato,EB,uncontrolled,eee1871f942d813c,Early Blight
Z:\Projects\Smart-Farming\Datasets\final_combined_datasets\TLCE\EB\TLCE_EB_0197.JPG,Tomato,EB,uncontrolled,f8b9c7d28ece2844,Early Blight
Z:\Projects\Smart-Farming\Datasets\final_combined_datasets\TLCE\EB\TLCE_EB_0198.JPG,Tomato,EB,uncontrolled,bbc4c4c9ca3c8ce3,Early Blight
Z:\Projects\Smart-Farming\Datasets\final_combined_datasets\TLCE\EB\TLCE_EB_0199.JPG,Tomato,EB,uncontrolled,aee516c2cf0d9a58,Early Blight
Z:\Projects\Smart-Farming\Datasets\final_combined_datasets\TLCE\EB\TLCE_EB_0200.JPG,Tomato,EB,uncontrolled,eb6a9723d09e5c90,Early Blight
Z:\Projects\Smart-Farming\Datasets\final_combined_datasets\TLCE\EB\TLCE_EB_0201.JPG,Tomato,EB,uncontrolled,bae4914fd039c734,Early Blight
Z:\Projects\Smart-Farming\Datasets\final_combined_datasets\TLCE\EB\TLCE_EB_0202.JPG,Tomato,EB,uncontrolled,fdb983d09a8b9c44,Early Blight
Z:\Projects\Smart-Farming\Datasets\final_combined_datasets\TLCE\EB\TLCE_EB_0203.JPG,Tomato,EB,uncontrolled,a1bbd2c9c9e4ccc2,Early Blight
Z:\Projects\Smart-Farming\Datasets\final_combined_datasets\TLCE\EB\TLCE_EB_0204.JPG,Tomato,EB,uncontrolled,af72a02b126d9be1,Early Blight
Z:\Projects\Smart-Farming\Datasets\final_combined_datasets\TLCE\EB\TLCE_EB_0205.JPG,Tomato,EB,uncontrolled,f8e1911ec4c9c771,Early Blight
Z:\Projects\Smart-Farming\Datasets\final_combined_datasets\TLCE\EB\TLCE_EB_0206.JPG,Tomato,EB,uncontrolled,fc72c74c94699c1c,Early Blight
Z:\Projects\Smart-Farming\Datasets\final_combined_datasets\TLCE\EB\TLCE_EB_0207.JPG,Tomato,EB,uncontrolled,afe0969ed8994893,Early Blight
Z:\Projects\Smart-Farming\Datasets\final_combined_datasets\TLCE\EB\TLCE_EB_0208.JPG,Tomato,EB,uncontrolled,ed14c23bc57a8762,Early Blight
Z:\Projects\Smart-Farming\Datasets\final_combined_datasets\TLCE\EB\TLCE_EB_0209.JPG,Tomato,EB,uncontrolled,bf1cb0e24e27c81d,Early Blight
Z:\Projects\Smart-Farming\Datasets\final_combined_datasets\TLCE\EB\TLCE_EB_0210.JPG,Tomato,EB,uncontrolled,ebe4850f9ebcc02c,Early Blight
Z:\Projects\Smart-Farming\Datasets\final_combined_datasets\TLCE\EB\TLCE_EB_0211.JPG,Tomato,EB,uncontrolled,ea66b5b19298c8cd,Early Blight
Z:\Projects\Smart-Farming\Datasets\final_combined_datasets\TLCE\EB\TLCE_EB_0212.JPG,Tomato,EB,uncontrolled,a6edc0469dbb7182,Early Blight
Z:\Projects\Smart-Farming\Datasets\final_combined_datasets\TLCE\EB\TLCE_EB_0213.JPG,Tomato,EB,uncontrolled,faa2831d99f19523,Early Blight
Z:\Projects\Smart-Farming\Datasets\final_combined_datasets\TLCE\EB\TLCE_EB_0214.JPG,Tomato,EB,uncontrolled,b0b3c3cbcd4c9c64,Early Blight
Z:\Projects\Smart-Farming\Datasets\final_combined_datasets\TLCE\EB\TLCE_EB_0215.JPG,Tomato,EB,uncontrolled,f10686309f7b5965,Early Blight
Z:\Projects\Smart-Farming\Datasets\final_combined_datasets\TLCE\EB\TLCE_EB_0216.JPG,Tomato,EB,uncontrolled,ba90d3c9c7829cce,Early Blight
Z:\Projects\Smart-Farming\Datasets\final_combined_datasets\TLCE\H\TLCE_H_0387.JPG,Tomato,H,uncontrolled,e8354f6f9368846a,Healthy
Z:\Projects\Smart-Farming\Datasets\final_combined_datasets\TLCE\H\TLCE_H_0388.JPG,Tomato,H,uncontrolled,b1f1868fec1f00f8,Healthy
Z:\Projects\Smart-Farming\Datasets\final_combined_datasets\TLCE\H\TLCE_H_0389.JPG,Tomato,H,uncontrolled,bee195ce6ca46132,Healthy
Z:\Projects\Smart-Farming\Datasets\final_combined_datasets\TLCE\H\TLCE_H_0390.JPG,Tomato,H,uncontrolled,b2dc036dce669866,Healthy
Z:\Projects\Smart-Farming\Datasets\final_combined_datasets\TLCE\H\TLCE_H_0391.JPG,Tomato,H,uncontrolled,cbbc6c9132ce31e4,Healthy
Z:\Projects\Smart-Farming\Datasets\final_combined_datasets\TLCE\H\TLCE_H_0392.JPG,Tomato,H,uncontrolled,a9e756d969d80c61,Healthy
Z:\Projects\Smart-Farming\Datasets\final_combined_datasets\TLCE\H\TLCE_H_0393.JPG,Tomato,H,uncontrolled,ece437929ac319cc,Healthy
Z:\Projects\Smart-Farming\Datasets\final_combined_datasets\TLCE\H\TLCE_H_0394.JPG,Tomato,H,uncontrolled,98e364936e9320df,Healthy
Z:\Projects\Smart-Farming\Datasets\final_combined_datasets\TLCE\H\TLCE_H_0395.JPG,Tomato,H,uncontrolled,a99492134fbfcc64,Healthy
Z:\Projects\Smart-Farming\Datasets\final_combined_datasets\TLCE\H\TLCE_H_0396.JPG,Tomato,H,uncontrolled,ca5d2d68956d36c4,Healthy
Z:\Projects\Smart-Farming\Datasets\final_combined_datasets\TLCE\H\TLCE_H_0397.JPG,Tomato,H,uncontrolled,dae1669a1ac419cf,Healthy
Z:\Projects\Smart-Farming\Datasets\final_combined_datasets\TLCE\H\TLCE_H_0398.JPG,Tomato,H,uncontrolled,e671b11bda858d52,Healthy
Z:\Projects\Smart-Farming\Datasets\final_combined_datasets\TLCE\H\TLCE_H_0399.JPG,Tomato,H,uncontrolled,bf0e9443f02f41e5,Healthy
Z:\Projects\Smart-Farming\Datasets\final_combined_datasets\TLCE\H\TLCE_H_0400.JPG,Tomato,H,uncontrolled,e94ea525de34c632,Healthy
Z:\Projects\Smart-Farming\Datasets\final_combined_datasets\TLCE\H\TLCE_H_0401.JPG,Tomato,H,uncontrolled,8cb773d23d24c23c,Healthy
Z:\Projects\Smart-Farming\Datasets\final_combined_datasets\TLCE\H\TLCE_H_0402.JPG,Tomato,H,uncontrolled,ba43e53796789388,Healthy
Z:\Projects\Smart-Farming\Datasets\final_combined_datasets\TLCE\H\TLCE_H_0403.JPG,Tomato,H,uncontrolled,ba84bc4a957bc331,Healthy
Z:\Projects\Smart-Farming\Datasets\final_combined_datasets\TLCE\H\TLCE_H_0404.JPG,Tomato,H,uncontrolled,cba5f0da23ed0cb0,Healthy
Z:\Projects\Smart-Farming\Datasets\final_combined_datasets\TLCE\H\TLCE_H_0405.JPG,Tomato,H,uncontrolled,a4e6bc8d998f918c,Healthy
Z:\Projects\Smart-Farming\Datasets\final_combined_datasets\TLCE\H\TLCE_H_0406.JPG,Tomato,H,uncontrolled,aaa92526966eda9c,Healthy
Z:\Projects\Smart-Farming\Datasets\final_combined_datasets\TLCE\H\TLCE_H_0407.JPG,Tomato,H,uncontrolled,d9e6a19f4cc83c61,Healthy
Z:\Projects\Smart-Farming\Datasets\final_combined_datasets\TLCE\H\TLCE_H_0408.JPG,Tomato,H,uncontrolled,99e06697769ad14a,Healthy
Z:\Projects\Smart-Farming\Datasets\final_combined_datasets\TLCE\H\TLCE_H_0409.JPG,Tomato,H,uncontrolled,b9b467438dde083c,Healthy
Z:\Projects\Smart-Farming\Datasets\final_combined_datasets\TLCE\H\TLCE_H_0410.JPG,Tomato,H,uncontrolled,f9b2e0df8cc8246c,Healthy
Z:\Projects\Smart-Farming\Datasets\final_combined_datasets\TLCE\H\TLCE_H_0411.JPG,Tomato,H,uncontrolled,8b3934434337fd64,Healthy
Z:\Projects\Smart-Farming\Datasets\final_combined_datasets\TLCE\H\TLCE_H_0412.JPG,Tomato,H,uncontrolled,a98778580361c7fe,Healthy
Z:\Projects\Smart-Farming\Datasets\final_combined_datasets\TLCE\H\TLCE_H_0413.JPG,Tomato,H,uncontrolled,b9f6469907e50a36,Healthy
Z:\Projects\Smart-Farming\Datasets\final_combined_datasets\TLCE\H\TLCE_H_0414.JPG,Tomato,H,uncontrolled,f9e3861b598c4d4c,Healthy
Z:\Projects\Smart-Farming\Datasets\final_combined_datasets\TLCE\H\TLCE_H_0415.JPG,Tomato,H,uncontrolled,f5ab901d4ec2c995,Healthy
Z:\Projects\Smart-Farming\Datasets\final_combined_datasets\TLCE\H\TLCE_H_0416.JPG,Tomato,H,uncontrolled,99e263853ed03cd3,Healthy
Z:\Projects\Smart-Farming\Datasets\final_combined_datasets\TLCE\H\TLCE_H_0417.JPG,Tomato,H,uncontrolled,ede0229793339d61,Healthy
Z:\Projects\Smart-Farming\Datasets\final_combined_datasets\TLCE\H\TLCE_H_0418.JPG,Tomato,H,uncontrolled,eee5f0148362d9c9,Healthy
Z:\Projects\Smart-Farming\Datasets\final_combined_datasets\TLCE\H\TLCE_H_0419.JPG,Tomato,H,uncontrolled,f94bc63d54c68b30,Healthy
Z:\Projects\Smart-Farming\Datasets\final_combined_datasets\TLCE\H\TLCE_H_0420.JPG,Tomato,H,uncontrolled,87f0fec920cee11c,Healthy
Z:\Projects\Smart-Farming\Datasets\final_combined_datasets\TLCE\H\TLCE_H_0421.JPG,Tomato,H,uncontrolled,fdbaa095834a856d,Healthy
Z:\Projects\Smart-Farming\Datasets\final_combined_datasets\TLCE\H\TLCE_H_0422.JPG,Tomato,H,uncontrolled,af39b063c3176cc8,Healthy
Z:\Projects\Smart-Farming\Datasets\final_combined_datasets\TLCE\H\TLCE_H_0423.JPG,Tomato,H,uncontrolled,a87ef1c003ffcd10,Healthy
Z:\Projects\Smart-Farming\Datasets\final_combined_datasets\TLCE\H\TLCE_H_0424.JPG,Tomato,H,uncontrolled,f8e7a5862cc831d9,Healthy
Z:\Projects\Smart-Farming\Datasets\final_combined_datasets\TLCE\H\TLCE_H_0425.JPG,Tomato,H,uncontrolled,ec65365a8c2d6a36,Healthy
Z:\Projects\Smart-Farming\Datasets\final_combined_datasets\TLCE\H\TLCE_H_0426.JPG,Tomato,H,uncontrolled,fae3a50e98929669,Healthy
Z:\Projects\Smart-Farming\Datasets\final_combined_datasets\TLCE\H\TLCE_H_0427.JPG,Tomato,H,uncontrolled,f83187ca9ecc9865,Healthy
Z:\Projects\Smart-Farming\Datasets\final_combined_datasets\TLCE\H\TLCE_H_0428.JPG,Tomato,H,uncontrolled,a8077f78e14343e3,Healthy
Z:\Projects\Smart-Farming\Datasets\final_combined_datasets\TLCE\H\TLCE_H_0429.JPG,Tomato,H,uncontrolled,b836f050c36fc786,Healthy
Z:\Projects\Smart-Farming\Datasets\final_combined_datasets\TLCE\H\TLCE_H_0430.JPG,Tomato,H,uncontrolled,ec66a76696221ab9,Healthy
Z:\Projects\Smart-Farming\Datasets\final_combined_datasets\TLCE\H\TLCE_H_0431.JPG,Tomato,H,uncontrolled,d5bc6ad1258b36c1,Healthy
Z:\Projects\Smart-Farming\Datasets\final_combined_datasets\TLCE\H\TLCE_H_0432.JPG,Tomato,H,uncontrolled,bbe1b486624bf11c,Healthy
Z:\Projects\Smart-Farming\Datasets\final_combined_datasets\TLCE\H\TLCE_H_0433.JPG,Tomato,H,uncontrolled,dae520da359c4cf1,Healthy
Z:\Projects\Smart-Farming\Datasets\final_combined_datasets\TLCE\H\TLCE_H_0434.JPG,Tomato,H,uncontrolled,ea52cd2db1293596,Healthy
Z:\Projects\Smart-Farming\Datasets\final_combined_datasets\TLCE\H\TLCE_H_0435.JPG,Tomato,H,uncontrolled,fa4ba56b943ec824,Healthy
Z:\Projects\Smart-Farming\Datasets\final_combined_datasets\TLCE\H\TLCE_H_0436.JPG,Tomato,H,uncontrolled,bc53533d9230cb3c,Healthy
Z:\Projects\Smart-Farming\Datasets\final_combined_datasets\TLCE\H\TLCE_H_0437.JPG,Tomato,H,uncontrolled,fbc1a58f545a9069,Healthy
Z:\Projects\Smart-Farming\Datasets\final_combined_datasets\TLCE\H\TLCE_H_0438.JPG,Tomato,H,uncontrolled,af9c70788169c7a5,Healthy
Z:\Projects\Smart-Farming\Datasets\final_combined_datasets\TLCE\H\TLCE_H_0439.JPG,Tomato,H,uncontrolled,bab0b04b870dc3de,Healthy
Z:\Projects\Smart-Farming\Datasets\final_combined_datasets\TLCE\H\TLCE_H_0440.JPG,Tomato,H,uncontrolled,ed87b0830eb15cb3,Healthy
Z:\Projects\Smart-Farming\Datasets\final_combined_datasets\TLCE\H\TLCE_H_0441.JPG,Tomato,H,uncontrolled,abb6f04943a5cb46,Healthy
Z:\Projects\Smart-Farming\Datasets\final_combined_datasets\TLCE\H\TLCE_H_0442.JPG,Tomato,H,uncontrolled,e826e67696731989,Healthy
Z:\Projects\Smart-Farming\Datasets\final_combined_datasets\TLCE\H\TLCE_H_0443.JPG,Tomato,H,uncontrolled,a89cb063dbb14d99,Healthy
Z:\Projects\Smart-Farming\Datasets\final_combined_datasets\TLCE\H\TLCE_H_0444.JPG,Tomato,H,uncontrolled,8b37f85183090fee,Healthy
Z:\Projects\Smart-Farming\Datasets\final_combined_datasets\TLCE\H\TLCE_H_0445.JPG,Tomato,H,uncontrolled,ede5a6da25b04aa1,Healthy
Z:\Projects\Smart-Farming\Datasets\final_combined_datasets\TLCE\H\TLCE_H_0446.JPG,Tomato,H,uncontrolled,cee571842b9a645b,Healthy
Z:\Projects\Smart-Farming\Datasets\final_combined_datasets\TLCE\H\TLCE_H_0447.JPG,Tomato,H,uncontrolled,acb59393e34e9624,Healthy
Z:\Projects\Smart-Farming\Datasets\final_combined_datasets\TLCE\H\TLCE_H_0448.JPG,Tomato,H,uncontrolled,b9e066937a9950cd,Healthy
Z:\Projects\Smart-Farming\Datasets\final_combined_datasets\TLCE\H\TLCE_H_0449.JPG,Tomato,H,uncontrolled,aee09682db8bc92e,Healthy
Z:\Projects\Smart-Farming\Datasets\final_combined_datasets\TLCE\H\TLCE_H_0450.JPG,Tomato,H,uncontrolled,b9b4b28b477f3014,Healthy
Z:\Projects\Smart-Farming\Datasets\final_combined_datasets\TLCE\H\TLCE_H_0451.JPG,Tomato,H,uncontrolled,8bad349275cf6164,Healthy
Z:\Projects\Smart-Farming\Datasets\final_combined_datasets\TLCE\H\TLCE_H_0452.JPG,Tomato,H,uncontrolled,f5b360d183ce9a2c,Healthy
Z:\Projects\Smart-Farming\Datasets\final_combined_datasets\TLCE\H\TLCE_H_0453.JPG,Tomato,H,uncontrolled,b94784669630deb3,Healthy
Z:\Projects\Smart-Farming\Datasets\final_combined_datasets\TLCE\H\TLCE_H_0454.JPG,Tomato,H,uncontrolled,dcc12b9c35aeb270,Healthy
Z:\Projects\Smart-Farming\Datasets\final_combined_datasets\TLCE\H\TLCE_H_0455.JPG,Tomato,H,uncontrolled,edf0938f1c8cc82e,Healthy
Z:\Projects\Smart-Farming\Datasets\final_combined_datasets\TLCE\H\TLCE_H_0456.JPG,Tomato,H,uncontrolled,bcb0f08f319c669c,Healthy
Z:\Projects\Smart-Farming\Datasets\final_combined_datasets\TLCE\H\TLCE_H_0457.JPG,Tomato,H,uncontrolled,a936b548c6ad9e70,Healthy
Z:\Projects\Smart-Farming\Datasets\final_combined_datasets\TLCE\H\TLCE_H_0458.JPG,Tomato,H,uncontrolled,8ce473da659914b9,Healthy
Z:\Projects\Smart-Farming\Datasets\final_combined_datasets\TLCE\H\TLCE_H_0459.JPG,Tomato,H,uncontrolled,deee29d6628864d8,Healthy
Z:\Projects\Smart-Farming\Datasets\final_combined_datasets\TLCE\H\TLCE_H_0460.JPG,Tomato,H,uncontrolled,f931e1d68e8c8d2c,Healthy
Z:\Projects\Smart-Farming\Datasets\final_combined_datasets\TLCE\H\TLCE_H_0461.JPG,Tomato,H,uncontrolled,99e6669b335a320d,Healthy
Z:\Projects\Smart-Farming\Datasets\final_combined_datasets\TLCE\H\TLCE_H_0462.JPG,Tomato,H,uncontrolled,a094ff1ae166847b,Healthy
Z:\Projects\Smart-Farming\Datasets\final_combined_datasets\TLCE\H\TLCE_H_0463.JPG,Tomato,H,uncontrolled,8ce677cf628c6298,Healthy
Z:\Projects\Smart-Farming\Datasets\final_combined_datasets\TLCE\H\TLCE_H_0464.JPG,Tomato,H,uncontrolled,f9263116c2338f73,Healthy
Z:\Projects\Smart-Farming\Datasets\final_combined_datasets\TLCE\H\TLCE_H_0465.JPG,Tomato,H,uncontrolled,ede09ec2b88b9887,Healthy
Z:\Projects\Smart-Farming\Datasets\final_combined_datasets\TLCE\H\TLCE_H_0466.JPG,Tomato,H,uncontrolled,fa41e53cc426b6e4,Healthy
Z:\Projects\Smart-Farming\Datasets\final_combined_datasets\TLCE\H\TLCE_H_0467.JPG,Tomato,H,uncontrolled,ba87dc5aa551b660,Healthy
Z:\Projects\Smart-Farming\Datasets\final_combined_datasets\TLCE\H\TLCE_H_0468.JPG,Tomato,H,uncontrolled,fea8c1961bc28d78,Healthy
Z:\Projects\Smart-Farming\Datasets\final_combined_datasets\TLCE\H\TLCE_H_0469.JPG,Tomato,H,uncontrolled,d9aa29d46a9a9669,Healthy
Z:\Projects\Smart-Farming\Datasets\final_combined_datasets\TLCE\H\TLCE_H_0470.JPG,Tomato,H,uncontrolled,e8c9a5907ab3de03,Healthy
Z:\Projects\Smart-Farming\Datasets\final_combined_datasets\TLCE\H\TLCE_H_0471.JPG,Tomato,H,uncontrolled,fa356442873e2d5a,Healthy
Z:\Projects\Smart-Farming\Datasets\final_combined_datasets\TLCE\H\TLCE_H_0472.JPG,Tomato,H,uncontrolled,ed65a416d23a8771,Healthy
Z:\Projects\Smart-Farming\Datasets\final_combined_datasets\TLCE\H\TLCE_H_0473.JPG,Tomato,H,uncontrolled,b7f013c12dc43c8f,Healthy
Z:\Projects\Smart-Farming\Datasets\final_combined_datasets\TLCE\H\TLCE_H_0474.JPG,Tomato,H,uncontrolled,bf62f11ec14c1768,Healthy
Z:\Projects\Smart-Farming\Datasets\final_combined_datasets\TLCE\H\TLCE_H_0475.JPG,Tomato,H,uncontrolled,f643a512c339df60,Healthy
Z:\Projects\Smart-Farming\Datasets\final_combined_datasets\TLCE\H\TLCE_H_0476.JPG,Tomato,H,uncontrolled,af989460d8a763d6,Healthy
Z:\Projects\Smart-Farming\Datasets\final_combined_datasets\TLCE\H\TLCE_H_0477.JPG,Tomato,H,uncontrolled,a89d975a43039f6c,Healthy
Z:\Projects\Smart-Farming\Datasets\final_combined_datasets\TLCE\H\TLCE_H_0478.JPG,Tomato,H,uncontrolled,abf0b7833ecd00e8,Healthy
Z:\Projects\Smart-Farming\Datasets\final_combined_datasets\TLCE\H\TLCE_H_0479.JPG,Tomato,H,uncontrolled,e02de566966a34d6,Healthy
Z:\Projects\Smart-Farming\Datasets\final_combined_datasets\TLCE\H\TLCE_H_0480.JPG,Tomato,H,uncontrolled,a8f1f10743f98f14,Healthy
Z:\Projects\Smart-Farming\Datasets\final_combined_datasets\TLCE\H\TLCE_H_0481.JPG,Tomato,H,uncontrolled,bbe2449c38c93b8d,Healthy
Z:\Projects\Smart-Farming\Datasets\final_combined_datasets\TLCE\H\TLCE_H_0482.JPG,Tomato,H,uncontrolled,ac9e907898e17c97,Healthy
Z:\Projects\Smart-Farming\Datasets\final_combined_datasets\TLCE\H\TLCE_H_0483.JPG,Tomato,H,uncontrolled,abb4b05b0bed9446,Healthy
Z:\Projects\Smart-Farming\Datasets\final_combined_datasets\TLCE\H\TLCE_H_0484.JPG,Tomato,H,uncontrolled,d9a0a5cd3c13d36c,Healthy
Z:\Projects\Smart-Farming\Datasets\final_combined_datasets\TLCE\H\TLCE_H_0485.JPG,Tomato,H,uncontrolled,afb4d801916b876b,Healthy
Z:\Projects\Smart-Farming\Datasets\final_combined_datasets\TLCE\H\TLCE_H_0486.JPG,Tomato,H,uncontrolled,fcc1c71cd28e99c1,Healthy
Z:\Projects\Smart-Farming\Datasets\final_combined_datasets\TLCE\H\TLCE_H_0487.JPG,Tomato,H,uncontrolled,eda4c5849e68d8b3,Healthy
Z:\Projects\Smart-Farming\Datasets\final_combined_datasets\TLCE\H\TLCE_H_0488.JPG,Tomato,H,uncontrolled,f62967972ad68c18,Healthy
Z:\Projects\Smart-Farming\Datasets\final_combined_datasets\TLCE\H\TLCE_H_0489.JPG,Tomato,H,uncontrolled,99f0618776ce926c,Healthy
Z:\Projects\Smart-Farming\Datasets\final_combined_datasets\TLCE\H\TLCE_H_0490.JPG,Tomato,H,uncontrolled,ff3c2814f0f292e1,Healthy
Z:\Projects\Smart-Farming\Datasets\final_combined_datasets\TLCE\H\TLCE_H_0491.JPG,Tomato,H,uncontrolled,aeb4106a9335671f,Healthy
Z:\Projects\Smart-Farming\Datasets\final_combined_datasets\TLCE\H\TLCE_H_0492.JPG,Tomato,H,uncontrolled,efe096cb3cc030a7,Healthy
Z:\Projects\Smart-Farming\Datasets\final_combined_datasets\TLCE\H\TLCE_H_0493.JPG,Tomato,H,uncontrolled,ed41a11fd198d571,Healthy
Z:\Projects\Smart-Farming\Datasets\final_combined_datasets\TLCE\H\TLCE_H_0494.JPG,Tomato,H,uncontrolled,b935c642997d3a85,Healthy
Z:\Projects\Smart-Farming\Datasets\final_combined_datasets\TLCE\H\TLCE_H_0495.JPG,Tomato,H,uncontrolled,c8b337c21c2dd33c,Healthy
Z:\Projects\Smart-Farming\Datasets\final_combined_datasets\TLCE\H\TLCE_H_0496.JPG,Tomato,H,uncontrolled,ea31e532935b194d,Healthy
Z:\Projects\Smart-Farming\Datasets\final_combined_datasets\TLCE\H\TLCE_H_0497.JPG,Tomato,H,uncontrolled,caf470c236cb259b,Healthy
Z:\Projects\Smart-Farming\Datasets\final_combined_datasets\TLCE\H\TLCE_H_0498.JPG,Tomato,H,uncontrolled,acb6905acf0dd664,Healthy
Z:\Projects\Smart-Farming\Datasets\final_combined_datasets\TLCE\H\TLCE_H_0499.JPG,Tomato,H,uncontrolled,fea5c21aad499664,Healthy
Z:\Projects\Smart-Farming\Datasets\final_combined_datasets\TLCE\H\TLCE_H_0500.JPG,Tomato,H,uncontrolled,a83df402d36f4aa6,Healthy
Z:\Projects\Smart-Farming\Datasets\final_combined_datasets\TLCE\H\TLCE_H_0501.JPG,Tomato,H,uncontrolled,fca8d3870bd1ac58,Healthy
Z:\Projects\Smart-Farming\Datasets\final_combined_datasets\TLCE\H\TLCE_H_0502.JPG,Tomato,H,uncontrolled,bba481cfd29ec198,Healthy
Z:\Projects\Smart-Farming\Datasets\final_combined_datasets\TLCE\H\TLCE_H_0503.JPG,Tomato,H,uncontrolled,f9b2938bcecc8c06,Healthy
Z:\Projects\Smart-Farming\Datasets\final_combined_datasets\TLCE\H\TLCE_H_0504.JPG,Tomato,H,uncontrolled,ba22e453926bc33d,Healthy
Z:\Projects\Smart-Farming\Datasets\final_combined_datasets\TLCE\H\TLCE_H_0505.JPG,Tomato,H,uncontrolled,e827c71acb9d4a25,Healthy
Z:\Projects\Smart-Farming\Datasets\final_combined_datasets\TLCE\H\TLCE_H_0506.JPG,Tomato,H,uncontrolled,fcc702d836cc3333,Healthy
Z:\Projects\Smart-Farming\Datasets\final_combined_datasets\TLCE\H\TLCE_H_0507.JPG,Tomato,H,uncontrolled,98e3a79e5e194338,Healthy
Z:\Projects\Smart-Farming\Datasets\final_combined_datasets\TLCE\H\TLCE_H_0508.JPG,Tomato,H,uncontrolled,fba38507b6588669,Healthy
Z:\Projects\Smart-Farming\Datasets\final_combined_datasets\TLCE\H\TLCE_H_0509.JPG,Tomato,H,uncontrolled,faaca516c2134b9b,Healthy
Z:\Projects\Smart-Farming\Datasets\final_combined_datasets\TLCE\H\TLCE_H_0510.JPG,Tomato,H,uncontrolled,8ce171ce66b8d6c1,Healthy
Z:\Projects\Smart-Farming\Datasets\final_combined_datasets\TLCE\H\TLCE_H_0511.JPG,Tomato,H,uncontrolled,8cf673cb65984629,Healthy
Z:\Projects\Smart-Farming\Datasets\final_combined_datasets\TLCE\H\TLCE_H_0512.JPG,Tomato,H,uncontrolled,fd3670c1c2c58f4a,Healthy
Z:\Projects\Smart-Farming\Datasets\final_combined_datasets\TLCE\H\TLCE_H_0513.JPG,Tomato,H,uncontrolled,ba8db1724ba34e31,Healthy
Z:\Projects\Smart-Farming\Datasets\final_combined_datasets\TLCE\H\TLCE_H_0514.JPG,Tomato,H,uncontrolled,af3cb003c36f853c,Healthy
Z:\Projects\Smart-Farming\Datasets\final_combined_datasets\TLCE\H\TLCE_H_0515.JPG,Tomato,H,uncontrolled,bd71d207d229999c,Healthy
Z:\Projects\Smart-Farming\Datasets\final_combined_datasets\TLCE\H\TLCE_H_0516.JPG,Tomato,H,uncontrolled,fcc1c39a9a69c331,Healthy
Z:\Projects\Smart-Farming\Datasets\final_combined_datasets\TLCE\H\TLCE_H_0517.JPG,Tomato,H,uncontrolled,dbb4619336cb308d,Healthy
Z:\Projects\Smart-Farming\Datasets\final_combined_datasets\TLCE\H\TLCE_H_0518.JPG,Tomato,H,uncontrolled,a937f04a833dce94,Healthy
Z:\Projects\Smart-Farming\Datasets\final_combined_datasets\TLCE\H\TLCE_H_0519.JPG,Tomato,H,uncontrolled,aa8c3070c3b79f27,Healthy
Z:\Projects\Smart-Farming\Datasets\final_combined_datasets\TLCE\H\TLCE_H_0520.JPG,Tomato,H,uncontrolled,ea49ac16f63ac319,Healthy
Z:\Projects\Smart-Farming\Datasets\final_combined_datasets\TLCE\H\TLCE_H_0521.JPG,Tomato,H,uncontrolled,fcbc23d0b1c689c3,Healthy
Z:\Projects\Smart-Farming\Datasets\final_combined_datasets\TLCE\H\TLCE_H_0522.JPG,Tomato,H,uncontrolled,b2b4b383a59acf88,Healthy
Z:\Projects\Smart-Farming\Datasets\final_combined_datasets\TLCE\H\TLCE_H_0523.JPG,Tomato,H,uncontrolled,ba39a55c51732725,Healthy
Z:\Projects\Smart-Farming\Datasets\final_combined_datasets\TLCE\H\TLCE_H_0524.JPG,Tomato,H,uncontrolled,f943850cf634ca76,Healthy
Z:\Projects\Smart-Farming\Datasets\final_combined_datasets\TLCE\H\TLCE_H_0525.JPG,Tomato,H,uncontrolled,b9f6e4ca1a1bc270,Healthy
Z:\Projects\Smart-Farming\Datasets\final_combined_datasets\TLCE\H\TLCE_H_0526.JPG,Tomato,H,uncontrolled,f9e6c79a4c8930a5,Healthy
Z:\Projects\Smart-Farming\Datasets\final_combined_datasets\TLCE\H\TLCE_H_0527.JPG,Tomato,H,uncontrolled,dde162972eda118c,Healthy
Z:\Projects\Smart-Farming\Datasets\final_combined_datasets\TLCE\H\TLCE_H_0528.JPG,Tomato,H,uncontrolled,bbe430caa41fc2b9,Healthy
Z:\Projects\Smart-Farming\Datasets\final_combined_datasets\TLCE\H\TLCE_H_0529.JPG,Tomato,H,uncontrolled,8ea1f0966b9be138,Healthy
Z:\Projects\Smart-Farming\Datasets\final_combined_datasets\TLCE\H\TLCE_H_0530.JPG,Tomato,H,uncontrolled,fcb693cc1f8c9848,Healthy
Z:\Projects\Smart-Farming\Datasets\final_combined_datasets\TLCE\H\TLCE_H_0531.JPG,Tomato,H,uncontrolled,bbd546db14c7118c,Healthy
Z:\Projects\Smart-Farming\Datasets\final_combined_datasets\TLCE\H\TLCE_H_0532.JPG,Tomato,H,uncontrolled,b4a6a39f08ec9369,Healthy
Z:\Projects\Smart-Farming\Datasets\final_combined_datasets\TLCE\H\TLCE_H_0533.JPG,Tomato,H,uncontrolled,98f364873eca318e,Healthy
Z:\Projects\Smart-Farming\Datasets\final_combined_datasets\TLCE\H\TLCE_H_0534.JPG,Tomato,H,uncontrolled,9be471934e93cc89,Healthy
Z:\Projects\Smart-Farming\Datasets\final_combined_datasets\TLCE\H\TLCE_H_0535.JPG,Tomato,H,uncontrolled,e413c33ecb619665,Healthy
Z:\Projects\Smart-Farming\Datasets\final_combined_datasets\TLCE\H\TLCE_H_0536.JPG,Tomato,H,uncontrolled,f2ad479c1a528f51,Healthy
Z:\Projects\Smart-Farming\Datasets\final_combined_datasets\TLCE\H\TLCE_H_0537.JPG,Tomato,H,uncontrolled,c8b1318e1bd86d8f,Healthy
Z:\Projects\Smart-Farming\Datasets\final_combined_datasets\TLCE\H\TLCE_H_0538.JPG,Tomato,H,uncontrolled,b94ce53c86c4363b,Healthy
Z:\Projects\Smart-Farming\Datasets\final_combined_datasets\TLCE\H\TLCE_H_0539.JPG,Tomato,H,uncontrolled,f849e715c6329c4e,Healthy
Z:\Projects\Smart-Farming\Datasets\final_combined_datasets\TLCE\H\TLCE_H_0540.JPG,Tomato,H,uncontrolled,ad37f450d207076e,Healthy
Z:\Projects\Smart-Farming\Datasets\final_combined_datasets\TLCE\H\TLCE_H_0541.JPG,Tomato,H,uncontrolled,e814e576b6729269,Healthy
Z:\Projects\Smart-Farming\Datasets\final_combined_datasets\TLCE\H\TLCE_H_0542.JPG,Tomato,H,uncontrolled,f84b2a29e53d9436,Healthy
Z:\Projects\Smart-Farming\Datasets\final_combined_datasets\TLCE\H\TLCE_H_0543.JPG,Tomato,H,uncontrolled,b8e3345246ad6b4e,Healthy
Z:\Projects\Smart-Farming\Datasets\final_combined_datasets\TLCE\H\TLCE_H_0544.JPG,Tomato,H,uncontrolled,aff9f0061bf18d04,Healthy
Z:\Projects\Smart-Farming\Datasets\final_combined_datasets\TLCE\H\TLCE_H_0545.JPG,Tomato,H,uncontrolled,e805ed798d66942d,Healthy
Z:\Projects\Smart-Farming\Datasets\final_combined_datasets\TLCE\H\TLCE_H_0546.JPG,Tomato,H,uncontrolled,fa23c49c9c38a56b,Healthy
Z:\Projects\Smart-Farming\Datasets\final_combined_datasets\TLCE\H\TLCE_H_0547.JPG,Tomato,H,uncontrolled,cdb164c932ce536c,Healthy
Z:\Projects\Smart-Farming\Datasets\final_combined_datasets\TLCE\H\TLCE_H_0548.JPG,Tomato,H,uncontrolled,bf0e1219e761c0f6,Healthy
Z:\Projects\Smart-Farming\Datasets\final_combined_datasets\TLCE\H\TLCE_H_0549.JPG,Tomato,H,uncontrolled,abb2b410c30ddece,Healthy
Z:\Projects\Smart-Farming\Datasets\final_combined_datasets\TLCE\H\TLCE_H_0550.JPG,Tomato,H,uncontrolled,f6aa60878fd89859,Healthy
Z:\Projects\Smart-Farming\Datasets\final_combined_datasets\TLCE\H\TLCE_H_0551.JPG,Tomato,H,uncontrolled,eb8db1566d499630,Healthy
Z:\Projects\Smart-Farming\Datasets\final_combined_datasets\TLCE\H\TLCE_H_0552.JPG,Tomato,H,uncontrolled,f3e2a68f60988f70,Healthy
Z:\Projects\Smart-Farming\Datasets\final_combined_datasets\TLCE\H\TLCE_H_0553.JPG,Tomato,H,uncontrolled,fab9e1c68b5a1868,Healthy
Z:\Projects\Smart-Farming\Datasets\final_combined_datasets\TLCE\H\TLCE_H_0554.JPG,Tomato,H,uncontrolled,cee531ce3990629b,Healthy
Z:\Projects\Smart-Farming\Datasets\final_combined_datasets\TLCE\H\TLCE_H_0555.JPG,Tomato,H,uncontrolled,fa2ac5d5ad50903b,Healthy
Z:\Projects\Smart-Farming\Datasets\final_combined_datasets\TLCE\H\TLCE_H_0556.JPG,Tomato,H,uncontrolled,f22d57e49c924e13,Healthy
Z:\Projects\Smart-Farming\Datasets\final_combined_datasets\TLCE\H\TLCE_H_0557.JPG,Tomato,H,uncontrolled,ddea28856596669c,Healthy
Z:\Projects\Smart-Farming\Datasets\final_combined_datasets\TLCE\H\TLCE_H_0558.JPG,Tomato,H,uncontrolled,fe89e19f0ee61811,Healthy
Z:\Projects\Smart-Farming\Datasets\final_combined_datasets\TLCE\H\TLCE_H_0559.JPG,Tomato,H,uncontrolled,af8df45e486899e0,Healthy
Z:\Projects\Smart-Farming\Datasets\final_combined_datasets\TLCE\H\TLCE_H_0560.JPG,Tomato,H,uncontrolled,8cf372cb13cc4e32,Healthy
Z:\Projects\Smart-Farming\Datasets\final_combined_datasets\TLCE\H\TLCE_H_0561.JPG,Tomato,H,uncontrolled,fa45bd429e60c633,Healthy
Z:\Projects\Smart-Farming\Datasets\final_combined_datasets\TLCE\H\TLCE_H_0562.JPG,Tomato,H,uncontrolled,bcf2538d4c98ccd1,Healthy
Z:\Projects\Smart-Farming\Datasets\final_combined_datasets\TLCE\H\TLCE_H_0563.JPG,Tomato,H,uncontrolled,8bb470c33dd039cb,Healthy
Z:\Projects\Smart-Farming\Datasets\final_combined_datasets\TLCE\H\TLCE_H_0564.JPG,Tomato,H,uncontrolled,d9f266991ecc3164,Healthy
Z:\Projects\Smart-Farming\Datasets\final_combined_datasets\TLCE\H\TLCE_H_0565.JPG,Tomato,H,uncontrolled,f9b434d287c79886,Healthy
Z:\Projects\Smart-Farming\Datasets\final_combined_datasets\TLCE\H\TLCE_H_0566.JPG,Tomato,H,uncontrolled,ba71f03ba15a9589,Healthy
Z:\Projects\Smart-Farming\Datasets\final_combined_datasets\TLCE\H\TLCE_H_0567.JPG,Tomato,H,uncontrolled,ffa9a417d60a8a54,Healthy
Z:\Projects\Smart-Farming\Datasets\final_combined_datasets\TLCE\H\TLCE_H_0568.JPG,Tomato,H,uncontrolled,d8a5add42bdaa512,Healthy
Z:\Projects\Smart-Farming\Datasets\final_combined_datasets\TLCE\H\TLCE_H_0569.JPG,Tomato,H,uncontrolled,a0eca6947b06db8d,Healthy
Z:\Projects\Smart-Farming\Datasets\final_combined_datasets\TLCE\H\TLCE_H_0570.JPG,Tomato,H,uncontrolled,efa1e416c61af149,Healthy
Z:\Projects\Smart-Farming\Datasets\final_combined_datasets\TLCE\H\TLCE_H_0571.JPG,Tomato,H,uncontrolled,aa31a567926ed89c,Healthy
Z:\Projects\Smart-Farming\Datasets\final_combined_datasets\TLCE\H\TLCE_H_0572.JPG,Tomato,H,uncontrolled,d9e7e6913694216a,Healthy
Z:\Projects\Smart-Farming\Datasets\final_combined_datasets\TLCE\H\TLCE_H_0573.JPG,Tomato,H,uncontrolled,e947251ad219cb6d,Healthy
Z:\Projects\Smart-Farming\Datasets\final_combined_datasets\TLCE\H\TLCE_H_0574.JPG,Tomato,H,uncontrolled,ceb18b9678c225cb,Healthy
Z:\Projects\Smart-Farming\Datasets\final_combined_datasets\TLCE\H\TLCE_H_0575.JPG,Tomato,H,uncontrolled,ade087c6389ab98b,Healthy
Z:\Projects\Smart-Farming\Datasets\final_combined_datasets\TLCE\H\TLCE_H_0576.JPG,Tomato,H,uncontrolled,ace6968fc09cc339,Healthy
Z:\Projects\Smart-Farming\Datasets\final_combined_datasets\TLCE\H\TLCE_H_0577.JPG,Tomato,H,uncontrolled,aa2cf51603fbdc03,Healthy
Z:\Projects\Smart-Farming\Datasets\final_combined_datasets\TLCE\H\TLCE_H_0578.JPG,Tomato,H,uncontrolled,fc46433a83398f71,Healthy
Z:\Projects\Smart-Farming\Datasets\final_combined_datasets\TLCE\H\TLCE_H_0579.JPG,Tomato,H,uncontrolled,acb7d3c20f495c8c,Healthy
Z:\Projects\Smart-Farming\Datasets\final_combined_datasets\TLCE\H\TLCE_H_0580.JPG,Tomato,H,uncontrolled,bcd2c38f2f326194,Healthy
Z:\Projects\Smart-Farming\Datasets\final_combined_datasets\TLCE\H\TLCE_H_0581.JPG,Tomato,H,uncontrolled,fca9c0d78ac6ad48,Healthy
Z:\Projects\Smart-Farming\Datasets\final_combined_datasets\TLCE\H\TLCE_H_0582.JPG,Tomato,H,uncontrolled,fc492d55742ec760,Healthy
Z:\Projects\Smart-Farming\Datasets\final_combined_datasets\TLCE\H\TLCE_H_0583.JPG,Tomato,H,uncontrolled,8bf4679362956896,Healthy
Z:\Projects\Smart-Farming\Datasets\final_combined_datasets\TLCE\H\TLCE_H_0584.JPG,Tomato,H,uncontrolled,dca3669d59a48966,Healthy
Z:\Projects\Smart-Farming\Datasets\final_combined_datasets\TLCE\H\TLCE_H_0585.JPG,Tomato,H,uncontrolled,af9e980c9c78a62d,Healthy
Z:\Projects\Smart-Farming\Datasets\final_combined_datasets\TLCE\H\TLCE_H_0586.JPG,Tomato,H,uncontrolled,afe6b48612d89999,Healthy
Z:\Projects\Smart-Farming\Datasets\final_combined_datasets\TLCE\H\TLCE_H_0587.JPG,Tomato,H,uncontrolled,fc44a56e863ac2b5,Healthy
Z:\Projects\Smart-Farming\Datasets\final_combined_datasets\TLCE\H\TLCE_H_0588.JPG,Tomato,H,uncontrolled,eee4b496c29ac899,Healthy
Z:\Projects\Smart-Farming\Datasets\final_combined_datasets\TLCE\H\TLCE_H_0589.JPG,Tomato,H,uncontrolled,9be42093c7b999c5,Healthy
Z:\Projects\Smart-Farming\Datasets\final_combined_datasets\TLCE\H\TLCE_H_0590.JPG,Tomato,H,uncontrolled,cee5b4923bc16d84,Healthy
Z:\Projects\Smart-Farming\Datasets\final_combined_datasets\TLCE\H\TLCE_H_0591.JPG,Tomato,H,uncontrolled,b8f19cc507f61f02,Healthy
Z:\Projects\Smart-Farming\Datasets\final_combined_datasets\TLCE\H\TLCE_H_0592.JPG,Tomato,H,uncontrolled,d9e66699374c9321,Healthy
Z:\Projects\Smart-Farming\Datasets\final_combined_datasets\TLCE\H\TLCE_H_0593.JPG,Tomato,H,uncontrolled,e865e426925ab793,Healthy
Z:\Projects\Smart-Farming\Datasets\final_combined_datasets\TLCE\H\TLCE_H_0594.JPG,Tomato,H,uncontrolled,f94b854c8d319c73,Healthy
Z:\Projects\Smart-Farming\Datasets\final_combined_datasets\TLCE\H\TLCE_H_0595.JPG,Tomato,H,uncontrolled,d9a7659624db3548,Healthy
Z:\Projects\Smart-Farming\Datasets\final_combined_datasets\TLCE\H\TLCE_H_0596.JPG,Tomato,H,uncontrolled,cce3b59c3bc41499,Healthy
Z:\Projects\Smart-Farming\Datasets\final_combined_datasets\TLCE\H\TLCE_H_0597.JPG,Tomato,H,uncontrolled,bf46e03796723243,Healthy
Z:\Projects\Smart-Farming\Datasets\final_combined_datasets\TLCE\H\TLCE_H_0598.JPG,Tomato,H,uncontrolled,afb06183ce7c9c2c,Healthy
Z:\Projects\Smart-Farming\Datasets\final_combined_datasets\TLCE\H\TLCE_H_0599.JPG,Tomato,H,uncontrolled,cfe630c6649526d9,Healthy
Z:\Projects\Smart-Farming\Datasets\final_combined_datasets\TLCE\H\TLCE_H_0600.JPG,Tomato,H,uncontrolled,bb37c549d23ec430,Healthy
Z:\Projects\Smart-Farming\Datasets\final_combined_datasets\TLCE\H\TLCE_H_0601.JPG,Tomato,H,uncontrolled,b8c7b34ec31cc721,Healthy
Z:\Projects\Smart-Farming\Datasets\final_combined_datasets\TLCE\H\TLCE_H_0602.JPG,Tomato,H,uncontrolled,ea53c91ac16d1b69,Healthy
Z:\Projects\Smart-Farming\Datasets\final_combined_datasets\TLCE\H\TLCE_H_0603.JPG,Tomato,H,uncontrolled,d9e6449a64d9728d,Healthy
Z:\Projects\Smart-Farming\Datasets\final_combined_datasets\TLCE\H\TLCE_H_0604.JPG,Tomato,H,uncontrolled,b9d2469b13cc1ce6,Healthy
Z:\Projects\Smart-Farming\Datasets\final_combined_datasets\TLCE\H\TLCE_H_0605.JPG,Tomato,H,uncontrolled,8eb1708f44cd47d9,Healthy
Z:\Projects\Smart-Farming\Datasets\final_combined_datasets\TLCE\H\TLCE_H_0606.JPG,Tomato,H,uncontrolled,eab1a59a964ab06d,Healthy
Z:\Projects\Smart-Farming\Datasets\final_combined_datasets\TLCE\H\TLCE_H_0607.JPG,Tomato,H,uncontrolled,bba727c20e8dd0c9,Healthy
Z:\Projects\Smart-Farming\Datasets\final_combined_datasets\TLCE\H\TLCE_H_0608.JPG,Tomato,H,uncontrolled,e9d103cf0cd44f93,Healthy
Z:\Projects\Smart-Farming\Datasets\final_combined_datasets\TLCE\H\TLCE_H_0609.JPG,Tomato,H,uncontrolled,fb98a5871268c93d,Healthy
Z:\Projects\Smart-Farming\Datasets\final_combined_datasets\TLCE\H\TLCE_H_0610.JPG,Tomato,H,uncontrolled,b9e2959b4a8d1ccc,Healthy
Z:\Projects\Smart-Farming\Datasets\final_combined_datasets\TLCE\H\TLCE_H_0611.JPG,Tomato,H,uncontrolled,f9b4c48e932d94e8,Healthy
Z:\Projects\Smart-Farming\Datasets\final_combined_datasets\TLCE\H\TLCE_H_0612.JPG,Tomato,H,uncontrolled,a716de08b1649e76,Healthy
Z:\Projects\Smart-Farming\Datasets\final_combined_datasets\TLCE\H\TLCE_H_0613.JPG,Tomato,H,uncontrolled,ea41e51dd03ccb6c,Healthy
Z:\Projects\Smart-Farming\Datasets\final_combined_datasets\TLCE\H\TLCE_H_0614.JPG,Tomato,H,uncontrolled,adb7f2c04e0719cc,Healthy
Z:\Projects\Smart-Farming\Datasets\final_combined_datasets\TLCE\H\TLCE_H_0615.JPG,Tomato,H,uncontrolled,edf2c48b3c882793,Healthy
Z:\Projects\Smart-Farming\Datasets\final_combined_datasets\TLCE\H\TLCE_H_0616.JPG,Tomato,H,uncontrolled,b34c7539c9298d39,Healthy
Z:\Projects\Smart-Farming\Datasets\final_combined_datasets\TLCE\H\TLCE_H_0617.JPG,Tomato,H,uncontrolled,fca8a115a6cadd89,Healthy
Z:\Projects\Smart-Farming\Datasets\final_combined_datasets\TLCE\H\TLCE_H_0618.JPG,Tomato,H,uncontrolled,f6a289166ed827a5,Healthy
Z:\Projects\Smart-Farming\Datasets\final_combined_datasets\TLCE\H\TLCE_H_0619.JPG,Tomato,H,uncontrolled,ec45f3198d3c4aa5,Healthy
Z:\Projects\Smart-Farming\Datasets\final_combined_datasets\TLCE\H\TLCE_H_0620.JPG,Tomato,H,uncontrolled,fab924da8d8dc286,Healthy
Z:\Projects\Smart-Farming\Datasets\final_combined_datasets\TLCE\H\TLCE_H_0621.JPG,Tomato,H,uncontrolled,bc4dc7381e669073,Healthy
Z:\Projects\Smart-Farming\Datasets\final_combined_datasets\TLCE\H\TLCE_H_0622.JPG,Tomato,H,uncontrolled,e847e52696689e8d,Healthy
Z:\Projects\Smart-Farming\Datasets\final_combined_datasets\TLCE\H\TLCE_H_0623.JPG,Tomato,H,uncontrolled,fb428d0db4389ee4,Healthy
Z:\Projects\Smart-Farming\Datasets\final_combined_datasets\TLCE\H\TLCE_H_0624.JPG,Tomato,H,uncontrolled,8fe4508f326a6db1,Healthy
Z:\Projects\Smart-Farming\Datasets\final_combined_datasets\TLCE\H\TLCE_H_0625.JPG,Tomato,H,uncontrolled,99b062990fcee8ce,Healthy
Z:\Projects\Smart-Farming\Datasets\final_combined_datasets\TLCE\H\TLCE_H_0626.JPG,Tomato,H,uncontrolled,88e666996ccb31c7,Healthy
Z:\Projects\Smart-Farming\Datasets\final_combined_datasets\TLCE\H\TLCE_H_0627.JPG,Tomato,H,uncontrolled,ceb170c618cf699a,Healthy
Z:\Projects\Smart-Farming\Datasets\final_combined_datasets\TLCE\H\TLCE_H_0628.JPG,Tomato,H,uncontrolled,f9f3961b418c1e4c,Healthy
Z:\Projects\Smart-Farming\Datasets\final_combined_datasets\TLCE\H\TLCE_H_0629.JPG,Tomato,H,uncontrolled,f6e4a08f8d98d171,Healthy
Z:\Projects\Smart-Farming\Datasets\final_combined_datasets\TLCE\H\TLCE_H_0630.JPG,Tomato,H,uncontrolled,b9f0d18bcaedcc04,Healthy
Z:\Projects\Smart-Farming\Datasets\final_combined_datasets\TLCE\H\TLCE_H_0631.JPG,Tomato,H,uncontrolled,8eb431c36b9d4798,Healthy
Z:\Projects\Smart-Farming\Datasets\final_combined_datasets\TLCE\H\TLCE_H_0632.JPG,Tomato,H,uncontrolled,ab9c9658c1439f63,Healthy
Z:\Projects\Smart-Farming\Datasets\final_combined_datasets\TLCE\H\TLCE_H_0633.JPG,Tomato,H,uncontrolled,ae43b42fd12ccb34,Healthy
Z:\Projects\Smart-Farming\Datasets\final_combined_datasets\TLCE\H\TLCE_H_0634.JPG,Tomato,H,uncontrolled,fa2185ced21a9979,Healthy
Z:\Projects\Smart-Farming\Datasets\final_combined_datasets\TLCE\H\TLCE_H_0635.JPG,Tomato,H,uncontrolled,8be431c672934dd9,Healthy
Z:\Projects\Smart-Farming\Datasets\final_combined_datasets\TLCE\H\TLCE_H_0636.JPG,Tomato,H,uncontrolled,daa525deb49b5091,Healthy
Z:\Projects\Smart-Farming\Datasets\final_combined_datasets\TLCE\H\TLCE_H_0637.JPG,Tomato,H,uncontrolled,fe31e1c6878a98c9,Healthy
Z:\Projects\Smart-Farming\Datasets\final_combined_datasets\TLCE\H\TLCE_H_0638.JPG,Tomato,H,uncontrolled,d8a66b9525d626ca,Healthy
Z:\Projects\Smart-Farming\Datasets\final_combined_datasets\TLCE\H\TLCE_H_0639.JPG,Tomato,H,uncontrolled,89e6349b76d8269c,Healthy
Z:\Projects\Smart-Farming\Datasets\final_combined_datasets\TLCE\H\TLCE_H_0640.JPG,Tomato,H,uncontrolled,af3470d2c3c38e6c,Healthy
Z:\Projects\Smart-Farming\Datasets\final_combined_datasets\TLCE\H\TLCE_H_0641.JPG,Tomato,H,uncontrolled,faa542de9269b521,Healthy
Z:\Projects\Smart-Farming\Datasets\final_combined_datasets\TLCE\H\TLCE_H_0642.JPG,Tomato,H,uncontrolled,ffa0f0978a198d4c,Healthy
Z:\Projects\Smart-Farming\Datasets\final_combined_datasets\TLCE\H\TLCE_H_0643.JPG,Tomato,H,uncontrolled,9bb03132e3c7c60f,Healthy
Z:\Projects\Smart-Farming\Datasets\final_combined_datasets\TLCE\H\TLCE_H_0644.JPG,Tomato,H,uncontrolled,ad9cd2618177e30e,Healthy
Z:\Projects\Smart-Farming\Datasets\final_combined_datasets\TLCE\H\TLCE_H_0645.JPG,Tomato,H,uncontrolled,d8afe4942b9be490,Healthy
Z:\Projects\Smart-Farming\Datasets\final_combined_datasets\TLCE\H\TLCE_H_0646.JPG,Tomato,H,uncontrolled,ea27c7339249b549,Healthy
Z:\Projects\Smart-Farming\Datasets\final_combined_datasets\TLCE\H\TLCE_H_0647.JPG,Tomato,H,uncontrolled,98aa60956ed786da,Healthy
Z:\Projects\Smart-Farming\Datasets\final_combined_datasets\TLCE\H\TLCE_H_0648.JPG,Tomato,H,uncontrolled,f41c78d28d73c4c3,Healthy
Z:\Projects\Smart-Farming\Datasets\final_combined_datasets\TLCE\H\TLCE_H_0649.JPG,Tomato,H,uncontrolled,cdae32d04b837867,Healthy
Z:\Projects\Smart-Farming\Datasets\final_combined_datasets\TLCE\H\TLCE_H_0650.JPG,Tomato,H,uncontrolled,c8a5458e37d87399,Healthy
Z:\Projects\Smart-Farming\Datasets\final_combined_datasets\TLCE\H\TLCE_H_0651.JPG,Tomato,H,uncontrolled,cce337c6638cc698,Healthy
Z:\Projects\Smart-Farming\Datasets\final_combined_datasets\TLCE\H\TLCE_H_0652.JPG,Tomato,H,uncontrolled,f4b8439b0de998c6,Healthy
Z:\Projects\Smart-Farming\Datasets\final_combined_datasets\TLCE\H\TLCE_H_0653.JPG,Tomato,H,uncontrolled,aeb3d1cf0c9812cd,Healthy
Z:\Projects\Smart-Farming\Datasets\final_combined_datasets\TLCE\H\TLCE_H_0654.JPG,Tomato,H,uncontrolled,fae1a596c65a90c9,Healthy
Z:\Projects\Smart-Farming\Datasets\final_combined_datasets\TLCE\H\TLCE_H_0655.JPG,Tomato,H,uncontrolled,be48e127d23e9272,Healthy
Z:\Projects\Smart-Farming\Datasets\final_combined_datasets\TLCE\H\TLCE_H_0656.JPG,Tomato,H,uncontrolled,dbe471c62cb84699,Healthy
Z:\Projects\Smart-Farming\Datasets\final_combined_datasets\TLCE\H\TLCE_H_0657.JPG,Tomato,H,uncontrolled,dca3669e5964916c,Healthy
Z:\Projects\Smart-Farming\Datasets\final_combined_datasets\TLCE\H\TLCE_H_0658.JPG,Tomato,H,uncontrolled,a9f4569819934ce7,Healthy
Z:\Projects\Smart-Farming\Datasets\final_combined_datasets\TLCE\H\TLCE_H_0659.JPG,Tomato,H,uncontrolled,99a5651a72cd13cd,Healthy
Z:\Projects\Smart-Farming\Datasets\final_combined_datasets\TLCE\H\TLCE_H_0660.JPG,Tomato,H,uncontrolled,e825c578964ab8b7,Healthy
Z:\Projects\Smart-Farming\Datasets\final_combined_datasets\TLCE\H\TLCE_H_0661.JPG,Tomato,H,uncontrolled,aff4b082d983c92d,Healthy
Z:\Projects\Smart-Farming\Datasets\final_combined_datasets\TLCE\H\TLCE_H_0662.JPG,Tomato,H,uncontrolled,98ea35c06a93c6fc,Healthy
Z:\Projects\Smart-Farming\Datasets\final_combined_datasets\TLCE\H\TLCE_H_0663.JPG,Tomato,H,uncontrolled,aee4b682db0c98cd,Healthy
Z:\Projects\Smart-Farming\Datasets\final_combined_datasets\TLCE\H\TLCE_H_0664.JPG,Tomato,H,uncontrolled,fe31c1da4c9c3d30,Healthy
Z:\Projects\Smart-Farming\Datasets\final_combined_datasets\TLCE\H\TLCE_H_0665.JPG,Tomato,H,uncontrolled,8cb133c368c65fcc,Healthy
Z:\Projects\Smart-Farming\Datasets\final_combined_datasets\TLCE\H\TLCE_H_0666.JPG,Tomato,H,uncontrolled,ebf3c59996311226,Healthy
Z:\Projects\Smart-Farming\Datasets\final_combined_datasets\TLCE\H\TLCE_H_0667.JPG,Tomato,H,uncontrolled,ec4de50d96621a37,Healthy
Z:\Projects\Smart-Farming\Datasets\final_combined_datasets\TLCE\H\TLCE_H_0668.JPG,Tomato,H,uncontrolled,fa44b516c37b8139,Healthy
Z:\Projects\Smart-Farming\Datasets\final_combined_datasets\TLCE\H\TLCE_H_0669.JPG,Tomato,H,uncontrolled,ac9c781b0361eccf,Healthy
Z:\Projects\Smart-Farming\Datasets\final_combined_datasets\TLCE\H\TLCE_H_0670.JPG,Tomato,H,uncontrolled,acf6d3c94e95844a,Healthy
Z:\Projects\Smart-Farming\Datasets\final_combined_datasets\TLCE\H\TLCE_H_0671.JPG,Tomato,H,uncontrolled,af16f079f161033a,Healthy
Z:\Projects\Smart-Farming\Datasets\final_combined_datasets\TLCE\H\TLCE_H_0672.JPG,Tomato,H,uncontrolled,b3d38c8e3399903d,Healthy
Z:\Projects\Smart-Farming\Datasets\final_combined_datasets\TLCE\H\TLCE_H_0673.JPG,Tomato,H,uncontrolled,dca3a195eed20c8b,Healthy
Z:\Projects\Smart-Farming\Datasets\final_combined_datasets\TLCE\H\TLCE_H_0674.JPG,Tomato,H,uncontrolled,ae94f14b836fc740,Healthy
Z:\Projects\Smart-Farming\Datasets\final_combined_datasets\TLCE\H\TLCE_H_0675.JPG,Tomato,H,uncontrolled,bfe097cb3ccc800e,Healthy
Z:\Projects\Smart-Farming\Datasets\final_combined_datasets\TLCE\H\TLCE_H_0676.JPG,Tomato,H,uncontrolled,eab4e552c98b346c,Healthy
Z:\Projects\Smart-Farming\Datasets\final_combined_datasets\TLCE\H\TLCE_H_0677.JPG,Tomato,H,uncontrolled,ef64e50e921b9839,Healthy
Z:\Projects\Smart-Farming\Datasets\final_combined_datasets\TLCE\H\TLCE_H_0678.JPG,Tomato,H,uncontrolled,fa4be10da53c56e0,Healthy
Z:\Projects\Smart-Farming\Datasets\final_combined_datasets\TLCE\H\TLCE_H_0679.JPG,Tomato,H,uncontrolled,bf1cf05287631af0,Healthy
Z:\Projects\Smart-Farming\Datasets\final_combined_datasets\TLCE\H\TLCE_H_0680.JPG,Tomato,H,uncontrolled,fcb0e0c387dacc8c,Healthy
Z:\Projects\Smart-Farming\Datasets\final_combined_datasets\TLCE\H\TLCE_H_0681.JPG,Tomato,H,uncontrolled,e7e0369b499ce81c,Healthy
Z:\Projects\Smart-Farming\Datasets\final_combined_datasets\TLCE\H\TLCE_H_0682.JPG,Tomato,H,uncontrolled,fde1e29d32c820d5,Healthy
Z:\Projects\Smart-Farming\Datasets\final_combined_datasets\TLCE\H\TLCE_H_0683.JPG,Tomato,H,uncontrolled,9fe7609662ca318d,Healthy
Z:\Projects\Smart-Farming\Datasets\final_combined_datasets\TLCE\H\TLCE_H_0684.JPG,Tomato,H,uncontrolled,bab195c23d0fc41e,Healthy
Z:\Projects\Smart-Farming\Datasets\final_combined_datasets\TLCE\H\TLCE_H_0685.JPG,Tomato,H,uncontrolled,ccd6079b34cc34e6,Healthy
Z:\Projects\Smart-Farming\Datasets\final_combined_datasets\TLCE\H\TLCE_H_0686.JPG,Tomato,H,uncontrolled,cdb326853c8be469,Healthy
Z:\Projects\Smart-Farming\Datasets\final_combined_datasets\TLCE\H\TLCE_H_0687.JPG,Tomato,H,uncontrolled,9ff864c73c81609e,Healthy
Z:\Projects\Smart-Farming\Datasets\final_combined_datasets\TLCE\H\TLCE_H_0688.JPG,Tomato,H,uncontrolled,ece4f496cb199909,Healthy
Z:\Projects\Smart-Farming\Datasets\final_combined_datasets\TLCE\H\TLCE_H_0689.JPG,Tomato,H,uncontrolled,dea9e1c78e1a9294,Healthy
Z:\Projects\Smart-Farming\Datasets\final_combined_datasets\TLCE\H\TLCE_H_0690.JPG,Tomato,H,uncontrolled,a9b4f042a7cf8dc8,Healthy
Z:\Projects\Smart-Farming\Datasets\final_combined_datasets\TLCE\H\TLCE_H_0691.JPG,Tomato,H,uncontrolled,b2e4b2ca679d4cc8,Healthy
Z:\Projects\Smart-Farming\Datasets\final_combined_datasets\TLCE\H\TLCE_H_0692.JPG,Tomato,H,uncontrolled,eb40dc1dc23d9be0,Healthy
Z:\Projects\Smart-Farming\Datasets\final_combined_datasets\TLCE\H\TLCE_H_0693.JPG,Tomato,H,uncontrolled,e944e53cd2619bc9,Healthy
Z:\Projects\Smart-Farming\Datasets\final_combined_datasets\TLCE\H\TLCE_H_0694.JPG,Tomato,H,uncontrolled,e4ece683cc999899,Healthy
Z:\Projects\Smart-Farming\Datasets\final_combined_datasets\TLCE\H\TLCE_H_0695.JPG,Tomato,H,uncontrolled,deb127c768c618cc,Healthy
Z:\Projects\Smart-Farming\Datasets\final_combined_datasets\TLCE\H\TLCE_H_0696.JPG,Tomato,H,uncontrolled,99f066c3249f30cf,Healthy
Z:\Projects\Smart-Farming\Datasets\final_combined_datasets\TLCE\H\TLCE_H_0697.JPG,Tomato,H,uncontrolled,cab526c03fca611f,Healthy
Z:\Projects\Smart-Farming\Datasets\final_combined_datasets\TLCE\H\TLCE_H_0698.JPG,Tomato,H,uncontrolled,abe0c11ff2cc0ef0,Healthy
Z:\Projects\Smart-Farming\Datasets\final_combined_datasets\TLCE\H\TLCE_H_0699.JPG,Tomato,H,uncontrolled,ad31257b92649b36,Healthy
Z:\Projects\Smart-Farming\Datasets\final_combined_datasets\TLCE\H\TLCE_H_0700.JPG,Tomato,H,uncontrolled,c9f2e69c168b23cc,Healthy
Z:\Projects\Smart-Farming\Datasets\final_combined_datasets\TLCE\H\TLCE_H_0701.JPG,Tomato,H,uncontrolled,e864b71b934998e5,Healthy
Z:\Projects\Smart-Farming\Datasets\final_combined_datasets\TLCE\H\TLCE_H_0702.JPG,Tomato,H,uncontrolled,d0eb27846e956897,Healthy
Z:\Projects\Smart-Farming\Datasets\final_combined_datasets\TLCE\H\TLCE_H_0703.JPG,Tomato,H,uncontrolled,8cf153cf364c6730,Healthy
Z:\Projects\Smart-Farming\Datasets\final_combined_datasets\TLCE\H\TLCE_H_0704.JPG,Tomato,H,uncontrolled,bae4979ac9322c93,Healthy
Z:\Projects\Smart-Farming\Datasets\final_combined_datasets\TLCE\H\TLCE_H_0705.JPG,Tomato,H,uncontrolled,89e673dc66894c39,Healthy
Z:\Projects\Smart-Farming\Datasets\final_combined_datasets\TLCE\H\TLCE_H_0706.JPG,Tomato,H,uncontrolled,aa9d326a857346a7,Healthy
Z:\Projects\Smart-Farming\Datasets\final_combined_datasets\TLCE\H\TLCE_H_0707.JPG,Tomato,H,uncontrolled,82bdfc40899f257a,Healthy
Z:\Projects\Smart-Farming\Datasets\final_combined_datasets\TLCE\H\TLCE_H_0708.JPG,Tomato,H,uncontrolled,8bf7b4c09c86d20f,Healthy
Z:\Projects\Smart-Farming\Datasets\final_combined_datasets\TLCE\H\TLCE_H_0709.JPG,Tomato,H,uncontrolled,fba1851ec2a51dd1,Healthy
Z:\Projects\Smart-Farming\Datasets\final_combined_datasets\TLCE\H\TLCE_H_0710.JPG,Tomato,H,uncontrolled,bba690da838dcc6c,Healthy
Z:\Projects\Smart-Farming\Datasets\final_combined_datasets\TLCE\H\TLCE_H_0711.JPG,Tomato,H,uncontrolled,f221afd6a4989559,Healthy
Z:\Projects\Smart-Farming\Datasets\final_combined_datasets\TLCE\H\TLCE_H_0712.JPG,Tomato,H,uncontrolled,cae73cc47a916592,Healthy
Z:\Projects\Smart-Farming\Datasets\final_combined_datasets\TLCE\H\TLCE_H_0713.JPG,Tomato,H,uncontrolled,fa8da7d624189959,Healthy
Z:\Projects\Smart-Farming\Datasets\final_combined_datasets\TLCE\H\TLCE_H_0714.JPG,Tomato,H,uncontrolled,f84fa5348623d639,Healthy
Z:\Projects\Smart-Farming\Datasets\final_combined_datasets\TLCE\H\TLCE_H_0715.JPG,Tomato,H,uncontrolled,b6e6924b989c8dcc,Healthy
Z:\Projects\Smart-Farming\Datasets\final_combined_datasets\TLCE\H\TLCE_H_0716.JPG,Tomato,H,uncontrolled,f931e496cf9a8219,Healthy
Z:\Projects\Smart-Farming\Datasets\final_combined_datasets\TLCE\H\TLCE_H_0717.JPG,Tomato,H,uncontrolled,f9b5e092875ac698,Healthy
Z:\Projects\Smart-Farming\Datasets\final_combined_datasets\TLCE\H\TLCE_H_0718.JPG,Tomato,H,uncontrolled,e899c6ca1967c936,Healthy
Z:\Projects\Smart-Farming\Datasets\final_combined_datasets\TLCE\H\TLCE_H_0719.JPG,Tomato,H,uncontrolled,bbe1d411cadc236c,Healthy
Z:\Projects\Smart-Farming\Datasets\final_combined_datasets\TLCE\H\TLCE_H_0720.JPG,Tomato,H,uncontrolled,8cf171cd06c6732e,Healthy
Z:\Projects\Smart-Farming\Datasets\final_combined_datasets\TLCE\H\TLCE_H_0721.JPG,Tomato,H,uncontrolled,cbb5f18ba318e438,Healthy
Z:\Projects\Smart-Farming\Datasets\final_combined_datasets\TLCE\H\TLCE_H_0722.JPG,Tomato,H,uncontrolled,af9e90496bfb8460,Healthy
Z:\Projects\Smart-Farming\Datasets\final_combined_datasets\TLCE\H\TLCE_H_0723.JPG,Tomato,H,uncontrolled,9ee2609635cc39d9,Healthy
Z:\Projects\Smart-Farming\Datasets\final_combined_datasets\TLCE\H\TLCE_H_0724.JPG,Tomato,H,uncontrolled,deabc5956852a45a,Healthy
Z:\Projects\Smart-Farming\Datasets\final_combined_datasets\TLCE\H\TLCE_H_0725.JPG,Tomato,H,uncontrolled,cda174c72adb3194,Healthy
Z:\Projects\Smart-Farming\Datasets\final_combined_datasets\TLCE\H\TLCE_H_0726.JPG,Tomato,H,uncontrolled,e9c786ca3c816e93,Healthy
Z:\Projects\Smart-Farming\Datasets\final_combined_datasets\TLCE\H\TLCE_H_0727.JPG,Tomato,H,uncontrolled,fce2a39fc99885c0,Healthy
Z:\Projects\Smart-Farming\Datasets\final_combined_datasets\TLCE\H\TLCE_H_0728.JPG,Tomato,H,uncontrolled,a9141d4b976dc32d,Healthy
Z:\Projects\Smart-Farming\Datasets\final_combined_datasets\TLCE\H\TLCE_H_0729.JPG,Tomato,H,uncontrolled,fcf0609b43cc992d,Healthy
Z:\Projects\Smart-Farming\Datasets\final_combined_datasets\TLCE\H\TLCE_H_0730.JPG,Tomato,H,uncontrolled,c0bf6dc037c03fc4,Healthy
Z:\Projects\Smart-Farming\Datasets\final_combined_datasets\TLCE\H\TLCE_H_0731.JPG,Tomato,H,uncontrolled,8ff070cb52c55366,Healthy
Z:\Projects\Smart-Farming\Datasets\final_combined_datasets\TLCE\H\TLCE_H_0732.JPG,Tomato,H,uncontrolled,f3a4e51d0cda16a9,Healthy
Z:\Projects\Smart-Farming\Datasets\final_combined_datasets\TLCE\H\TLCE_H_0733.JPG,Tomato,H,uncontrolled,8ff861833ec3289e,Healthy
Z:\Projects\Smart-Farming\Datasets\final_combined_datasets\TLCE\H\TLCE_H_0734.JPG,Tomato,H,uncontrolled,8b0f3f1e1c79c033,Healthy
Z:\Projects\Smart-Farming\Datasets\final_combined_datasets\TLCE\H\TLCE_H_0735.JPG,Tomato,H,uncontrolled,e9e446c9d03a91fc,Healthy
Z:\Projects\Smart-Farming\Datasets\final_combined_datasets\TLCE\H\TLCE_H_0736.JPG,Tomato,H,uncontrolled,ac34d34bb70f02f1,Healthy
Z:\Projects\Smart-Farming\Datasets\final_combined_datasets\TLCE\H\TLCE_H_0737.JPG,Tomato,H,uncontrolled,f462ab24d6331b59,Healthy
Z:\Projects\Smart-Farming\Datasets\final_combined_datasets\TLCE\H\TLCE_H_0738.JPG,Tomato,H,uncontrolled,89f2e4837a8f40fc,Healthy
Z:\Projects\Smart-Farming\Datasets\final_combined_datasets\TLCE\H\TLCE_H_0739.JPG,Tomato,H,uncontrolled,8be0b09fccd80db3,Healthy
Z:\Projects\Smart-Farming\Datasets\final_combined_datasets\TLCE\H\TLCE_H_0740.JPG,Tomato,H,uncontrolled,ede496cf7099c118,Healthy
Z:\Projects\Smart-Farming\Datasets\final_combined_datasets\TLCE\H\TLCE_H_0741.JPG,Tomato,H,uncontrolled,ad48c52dc4366cf6,Healthy
Z:\Projects\Smart-Farming\Datasets\final_combined_datasets\TLCE\H\TLCE_H_0742.JPG,Tomato,H,uncontrolled,99e433db4e914c99,Healthy
Z:\Projects\Smart-Farming\Datasets\final_combined_datasets\TLCE\H\TLCE_H_0743.JPG,Tomato,H,uncontrolled,ede1b116c65a9b21,Healthy
Z:\Projects\Smart-Farming\Datasets\final_combined_datasets\TLCE\H\TLCE_H_0744.JPG,Tomato,H,uncontrolled,f934b44b0bda9589,Healthy
Z:\Projects\Smart-Farming\Datasets\final_combined_datasets\TLCE\H\TLCE_H_0745.JPG,Tomato,H,uncontrolled,ea3db4528b196da8,Healthy
Z:\Projects\Smart-Farming\Datasets\final_combined_datasets\TLCE\H\TLCE_H_0746.JPG,Tomato,H,uncontrolled,f62a64dd9ad2a941,Healthy
Z:\Projects\Smart-Farming\Datasets\final_combined_datasets\TLCE\H\TLCE_H_0747.JPG,Tomato,H,uncontrolled,fbf1b18a623385a4,Healthy
Z:\Projects\Smart-Farming\Datasets\final_combined_datasets\TLCE\H\TLCE_H_0748.JPG,Tomato,H,uncontrolled,f4e363960e98cad1,Healthy
Z:\Projects\Smart-Farming\Datasets\final_combined_datasets\TLCE\H\TLCE_H_0749.JPG,Tomato,H,uncontrolled,d2a9e3954e920dd9,Healthy
Z:\Projects\Smart-Farming\Datasets\final_combined_datasets\TLCE\H\TLCE_H_0750.JPG,Tomato,H,uncontrolled,afe096ca3e8fc00d,Healthy
Z:\Projects\Smart-Farming\Datasets\final_combined_datasets\TLCE\H\TLCE_H_0005.JPG,Tomato,H,uncontrolled,acf693c985c93692,Healthy
Z:\Projects\Smart-Farming\Datasets\final_combined_datasets\TLCE\H\TLCE_H_0006.JPG,Tomato,H,uncontrolled,dcab6fc4749a8560,Healthy
Z:\Projects\Smart-Farming\Datasets\final_combined_datasets\TLCE\H\TLCE_H_0751.JPG,Tomato,H,uncontrolled,efe9859698e09a07,Healthy
Z:\Projects\Smart-Farming\Datasets\final_combined_datasets\TLCE\H\TLCE_H_0752.JPG,Tomato,H,uncontrolled,fa61c18e9cd89963,Healthy
Z:\Projects\Smart-Farming\Datasets\final_combined_datasets\TLCE\H\TLCE_H_0753.JPG,Tomato,H,uncontrolled,d9e6ec92309b3299,Healthy
Z:\Projects\Smart-Farming\Datasets\final_combined_datasets\TLCE\H\TLCE_H_0754.JPG,Tomato,H,uncontrolled,a8f093db2c8d668e,Healthy
Z:\Projects\Smart-Farming\Datasets\final_combined_datasets\TLCE\H\TLCE_H_0755.JPG,Tomato,H,uncontrolled,fca7838e38cc3989,Healthy
Z:\Projects\Smart-Farming\Datasets\final_combined_datasets\TLCE\H\TLCE_H_0756.JPG,Tomato,H,uncontrolled,ebe9a59cc2389961,Healthy
Z:\Projects\Smart-Farming\Datasets\final_combined_datasets\TLCE\H\TLCE_H_0757.JPG,Tomato,H,uncontrolled,f944d12fc268877a,Healthy
Z:\Projects\Smart-Farming\Datasets\final_combined_datasets\TLCE\H\TLCE_H_0758.JPG,Tomato,H,uncontrolled,a6fc90c3f39cc01e,Healthy
Z:\Projects\Smart-Farming\Datasets\final_combined_datasets\TLCE\H\TLCE_H_0759.JPG,Tomato,H,uncontrolled,f12b66c4982ad5b9,Healthy
Z:\Projects\Smart-Farming\Datasets\final_combined_datasets\TLCE\H\TLCE_H_0760.JPG,Tomato,H,uncontrolled,e31c8d67d825653a,Healthy
Z:\Projects\Smart-Farming\Datasets\final_combined_datasets\TLCE\H\TLCE_H_0761.JPG,Tomato,H,uncontrolled,ceb929d071cad1cc,Healthy
Z:\Projects\Smart-Farming\Datasets\final_combined_datasets\TLCE\H\TLCE_H_0762.JPG,Tomato,H,uncontrolled,ab8df162862f4e98,Healthy
Z:\Projects\Smart-Farming\Datasets\final_combined_datasets\TLCE\H\TLCE_H_0763.JPG,Tomato,H,uncontrolled,e9d1c36d9861956a,Healthy
Z:\Projects\Smart-Farming\Datasets\final_combined_datasets\TLCE\H\TLCE_H_0764.JPG,Tomato,H,uncontrolled,daa865d136d2718b,Healthy
Z:\Projects\Smart-Farming\Datasets\final_combined_datasets\TLCE\H\TLCE_H_0765.JPG,Tomato,H,uncontrolled,ccad2dd2306ad237,Healthy
Z:\Projects\Smart-Farming\Datasets\final_combined_datasets\TLCE\H\TLCE_H_0766.JPG,Tomato,H,uncontrolled,e299b566daa448da,Healthy
Z:\Projects\Smart-Farming\Datasets\final_combined_datasets\TLCE\H\TLCE_H_0767.JPG,Tomato,H,uncontrolled,bc60b20ed327593d,Healthy
Z:\Projects\Smart-Farming\Datasets\final_combined_datasets\TLCE\H\TLCE_H_0768.JPG,Tomato,H,uncontrolled,8fe460973ec9651a,Healthy
Z:\Projects\Smart-Farming\Datasets\final_combined_datasets\TLCE\H\TLCE_H_0769.JPG,Tomato,H,uncontrolled,ee4aa538d233c927,Healthy
Z:\Projects\Smart-Farming\Datasets\final_combined_datasets\TLCE\H\TLCE_H_0770.JPG,Tomato,H,uncontrolled,ebcd259a84b98933,Healthy
Z:\Projects\Smart-Farming\Datasets\final_combined_datasets\TLCE\H\TLCE_H_0771.JPG,Tomato,H,uncontrolled,8bbd7058a05ba5f2,Healthy
Z:\Projects\Smart-Farming\Datasets\final_combined_datasets\TLCE\H\TLCE_H_0772.JPG,Tomato,H,uncontrolled,cea433923d9e689a,Healthy
Z:\Projects\Smart-Farming\Datasets\final_combined_datasets\TLCE\H\TLCE_H_0773.JPG,Tomato,H,uncontrolled,ed86913bb334c8b2,Healthy
Z:\Projects\Smart-Farming\Datasets\final_combined_datasets\TLCE\H\TLCE_H_0774.JPG,Tomato,H,uncontrolled,fc43a82dd534923e,Healthy
Z:\Projects\Smart-Farming\Datasets\final_combined_datasets\TLCE\H\TLCE_H_0775.JPG,Tomato,H,uncontrolled,b907e1788e2fc721,Healthy
Z:\Projects\Smart-Farming\Datasets\final_combined_datasets\TLCE\H\TLCE_H_0776.JPG,Tomato,H,uncontrolled,d8b3a59cd2c90dcc,Healthy
Z:\Projects\Smart-Farming\Datasets\final_combined_datasets\TLCE\H\TLCE_H_0777.JPG,Tomato,H,uncontrolled,d3ee64917e50816e,Healthy
Z:\Projects\Smart-Farming\Datasets\final_combined_datasets\TLCE\H\TLCE_H_0778.JPG,Tomato,H,uncontrolled,a496d201db6f9678,Healthy
Z:\Projects\Smart-Farming\Datasets\final_combined_datasets\TLCE\H\TLCE_H_0779.JPG,Tomato,H,uncontrolled,8be434d1269a35db,Healthy
Z:\Projects\Smart-Farming\Datasets\final_combined_datasets\TLCE\H\TLCE_H_0780.JPG,Tomato,H,uncontrolled,8315ff78f1700363,Healthy
Z:\Projects\Smart-Farming\Datasets\final_combined_datasets\TLCE\H\TLCE_H_0781.JPG,Tomato,H,uncontrolled,ea14876b943dc732,Healthy
Z:\Projects\Smart-Farming\Datasets\final_combined_datasets\TLCE\H\TLCE_H_0782.JPG,Tomato,H,uncontrolled,daa566864b8d49da,Healthy
Z:\Projects\Smart-Farming\Datasets\final_combined_datasets\TLCE\H\TLCE_H_0783.JPG,Tomato,H,uncontrolled,feb0ac52a349996c,Healthy
Z:\Projects\Smart-Farming\Datasets\final_combined_datasets\TLCE\H\TLCE_H_0784.JPG,Tomato,H,uncontrolled,d9e8699536d6708a,Healthy
Z:\Projects\Smart-Farming\Datasets\final_combined_datasets\TLCE\H\TLCE_H_0785.JPG,Tomato,H,uncontrolled,e939d283f6c9064d,Healthy
Z:\Projects\Smart-Farming\Datasets\final_combined_datasets\TLCE\H\TLCE_H_0786.JPG,Tomato,H,uncontrolled,a6e48792df0dd90c,Healthy
Z:\Projects\Smart-Farming\Datasets\final_combined_datasets\TLCE\H\TLCE_H_0787.JPG,Tomato,H,uncontrolled,f9d406d943ec4ccc,Healthy
Z:\Projects\Smart-Farming\Datasets\final_combined_datasets\TLCE\H\TLCE_H_0788.JPG,Tomato,H,uncontrolled,a7f0b289c98fd03c,Healthy
Z:\Projects\Smart-Farming\Datasets\final_combined_datasets\TLCE\H\TLCE_H_0789.JPG,Tomato,H,uncontrolled,add6528965b40e37,Healthy
Z:\Projects\Smart-Farming\Datasets\final_combined_datasets\TLCE\H\TLCE_H_0790.JPG,Tomato,H,uncontrolled,f6ba98196ccc92e2,Healthy
Z:\Projects\Smart-Farming\Datasets\final_combined_datasets\TLCE\H\TLCE_H_0791.JPG,Tomato,H,uncontrolled,f879a456928a9d4d,Healthy
Z:\Projects\Smart-Farming\Datasets\final_combined_datasets\TLCE\H\TLCE_H_0792.JPG,Tomato,H,uncontrolled,9bb5689333ce30ca,Healthy
Z:\Projects\Smart-Farming\Datasets\final_combined_datasets\TLCE\H\TLCE_H_0793.JPG,Tomato,H,uncontrolled,be3c981a236d4f34,Healthy
Z:\Projects\Smart-Farming\Datasets\final_combined_datasets\TLCE\H\TLCE_H_0794.JPG,Tomato,H,uncontrolled,ae9f587c98706591,Healthy
Z:\Projects\Smart-Farming\Datasets\final_combined_datasets\TLCE\H\TLCE_H_0795.JPG,Tomato,H,uncontrolled,e9a5d696da308959,Healthy
Z:\Projects\Smart-Farming\Datasets\final_combined_datasets\TLCE\H\TLCE_H_0796.JPG,Tomato,H,uncontrolled,cce3708c27b853e9,Healthy
Z:\Projects\Smart-Farming\Datasets\final_combined_datasets\TLCE\H\TLCE_H_0797.JPG,Tomato,H,uncontrolled,cab165c835cf9227,Healthy
Z:\Projects\Smart-Farming\Datasets\final_combined_datasets\TLCE\H\TLCE_H_0798.JPG,Tomato,H,uncontrolled,a3f490c23f09fc8e,Healthy
Z:\Projects\Smart-Farming\Datasets\final_combined_datasets\TLCE\H\TLCE_H_0799.JPG,Tomato,H,uncontrolled,dae1251f34ca172d,Healthy
Z:\Projects\Smart-Farming\Datasets\final_combined_datasets\TLCE\H\TLCE_H_0800.JPG,Tomato,H,uncontrolled,a3bdf602dc0698f4,Healthy
Z:\Projects\Smart-Farming\Datasets\final_combined_datasets\TLCE\H\TLCE_H_0801.JPG,Tomato,H,uncontrolled,dae261974e92dc89,Healthy
Z:\Projects\Smart-Farming\Datasets\final_combined_datasets\TLCE\H\TLCE_H_0802.JPG,Tomato,H,uncontrolled,fce3839e0ed82989,Healthy
Z:\Projects\Smart-Farming\Datasets\final_combined_datasets\TLCE\H\TLCE_H_0803.JPG,Tomato,H,uncontrolled,f9e6c09a93d907c1,Healthy
Z:\Projects\Smart-Farming\Datasets\final_combined_datasets\TLCE\H\TLCE_H_0804.JPG,Tomato,H,uncontrolled,dea434c22b9d4b9c,Healthy
Z:\Projects\Smart-Farming\Datasets\final_combined_datasets\TLCE\H\TLCE_H_0805.JPG,Tomato,H,uncontrolled,fbe324b132c4329e,Healthy
Z:\Projects\Smart-Farming\Datasets\final_combined_datasets\TLCE\H\TLCE_H_0806.JPG,Tomato,H,uncontrolled,fc9ec559a665c0c2,Healthy
Z:\Projects\Smart-Farming\Datasets\final_combined_datasets\TLCE\H\TLCE_H_0807.JPG,Tomato,H,uncontrolled,aba570026f1dd0e7,Healthy
Z:\Projects\Smart-Farming\Datasets\final_combined_datasets\TLCE\H\TLCE_H_0808.JPG,Tomato,H,uncontrolled,8cb1e448b6ce39a7,Healthy
Z:\Projects\Smart-Farming\Datasets\final_combined_datasets\TLCE\H\TLCE_H_0809.JPG,Tomato,H,uncontrolled,e14e1c39966dc63c,Healthy
Z:\Projects\Smart-Farming\Datasets\final_combined_datasets\TLCE\H\TLCE_H_0810.JPG,Tomato,H,uncontrolled,f8b3a49b66cc838c,Healthy
Z:\Projects\Smart-Farming\Datasets\final_combined_datasets\TLCE\H\TLCE_H_0811.JPG,Tomato,H,uncontrolled,ecb4c492499b94eb,Healthy
Z:\Projects\Smart-Farming\Datasets\final_combined_datasets\TLCE\H\TLCE_H_0812.JPG,Tomato,H,uncontrolled,afe43683cf80d80f,Healthy
Z:\Projects\Smart-Farming\Datasets\final_combined_datasets\TLCE\H\TLCE_H_0813.JPG,Tomato,H,uncontrolled,ecb093cb4ced4a46,Healthy
Z:\Projects\Smart-Farming\Datasets\final_combined_datasets\TLCE\H\TLCE_H_0814.JPG,Tomato,H,uncontrolled,efe4d913f0c702c4,Healthy
Z:\Projects\Smart-Farming\Datasets\final_combined_datasets\TLCE\H\TLCE_H_0815.JPG,Tomato,H,uncontrolled,9df269832eca30cd,Healthy
Z:\Projects\Smart-Farming\Datasets\final_combined_datasets\TLCE\H\TLCE_H_0816.JPG,Tomato,H,uncontrolled,aa71b702b66ea45a,Healthy
Z:\Projects\Smart-Farming\Datasets\final_combined_datasets\TLCE\H\TLCE_H_0817.JPG,Tomato,H,uncontrolled,8df0708763df3186,Healthy
Z:\Projects\Smart-Farming\Datasets\final_combined_datasets\TLCE\H\TLCE_H_0818.JPG,Tomato,H,uncontrolled,e7c89a8bb0b60765,Healthy
Z:\Projects\Smart-Farming\Datasets\final_combined_datasets\TLCE\H\TLCE_H_0819.JPG,Tomato,H,uncontrolled,afe0a5879286da99,Healthy
Z:\Projects\Smart-Farming\Datasets\final_combined_datasets\TLCE\H\TLCE_H_0820.JPG,Tomato,H,uncontrolled,af8413659f1ae09e,Healthy
Z:\Projects\Smart-Farming\Datasets\final_combined_datasets\TLCE\H\TLCE_H_0821.JPG,Tomato,H,uncontrolled,9fb5f148cd930923,Healthy
Z:\Projects\Smart-Farming\Datasets\final_combined_datasets\TLCE\H\TLCE_H_0822.JPG,Tomato,H,uncontrolled,ac67e06c87667a26,Healthy
Z:\Projects\Smart-Farming\Datasets\final_combined_datasets\TLCE\H\TLCE_H_0823.JPG,Tomato,H,uncontrolled,8ff2309b199dc994,Healthy
Z:\Projects\Smart-Farming\Datasets\final_combined_datasets\TLCE\H\TLCE_H_0824.JPG,Tomato,H,uncontrolled,ed466626b2389763,Healthy
Z:\Projects\Smart-Farming\Datasets\final_combined_datasets\TLCE\H\TLCE_H_0825.JPG,Tomato,H,uncontrolled,ec76856c36667231,Healthy
Z:\Projects\Smart-Farming\Datasets\final_combined_datasets\TLCE\H\TLCE_H_0826.JPG,Tomato,H,uncontrolled,a9f6368e37c1388c,Healthy
Z:\Projects\Smart-Farming\Datasets\final_combined_datasets\TLCE\H\TLCE_H_0827.JPG,Tomato,H,uncontrolled,d1aa71d56a932c5a,Healthy
Z:\Projects\Smart-Farming\Datasets\final_combined_datasets\TLCE\H\TLCE_H_0828.JPG,Tomato,H,uncontrolled,fe80a19d95ce9ad0,Healthy
Z:\Projects\Smart-Farming\Datasets\final_combined_datasets\TLCE\H\TLCE_H_0829.JPG,Tomato,H,uncontrolled,a7e0b6c3988d989d,Healthy
Z:\Projects\Smart-Farming\Datasets\final_combined_datasets\TLCE\H\TLCE_H_0830.JPG,Tomato,H,uncontrolled,dde531d6229c4599,Healthy
Z:\Projects\Smart-Farming\Datasets\final_combined_datasets\TLCE\H\TLCE_H_0831.JPG,Tomato,H,uncontrolled,ea67841ec6381ee5,Healthy
Z:\Projects\Smart-Farming\Datasets\final_combined_datasets\TLCE\H\TLCE_H_0832.JPG,Tomato,H,uncontrolled,e9c3ad5ccc20966b,Healthy
Z:\Projects\Smart-Farming\Datasets\final_combined_datasets\TLCE\H\TLCE_H_0833.JPG,Tomato,H,uncontrolled,99b6609727d8c6c9,Healthy
Z:\Projects\Smart-Farming\Datasets\final_combined_datasets\TLCE\H\TLCE_H_0834.JPG,Tomato,H,uncontrolled,99e0e69c7ccb31c4,Healthy
Z:\Projects\Smart-Farming\Datasets\final_combined_datasets\TLCE\H\TLCE_H_0835.JPG,Tomato,H,uncontrolled,ef3298c7c3299760,Healthy
Z:\Projects\Smart-Farming\Datasets\final_combined_datasets\TLCE\H\TLCE_H_0836.JPG,Tomato,H,uncontrolled,dce6229e39986599,Healthy
Z:\Projects\Smart-Farming\Datasets\final_combined_datasets\TLCE\H\TLCE_H_0837.JPG,Tomato,H,uncontrolled,fa212586d69a9a73,Healthy
Z:\Projects\Smart-Farming\Datasets\final_combined_datasets\TLCE\H\TLCE_H_0838.JPG,Tomato,H,uncontrolled,ece7848e9a9aa193,Healthy
Z:\Projects\Smart-Farming\Datasets\final_combined_datasets\TLCE\H\TLCE_H_0839.JPG,Tomato,H,uncontrolled,9cf3638c33d24b31,Healthy
Z:\Projects\Smart-Farming\Datasets\final_combined_datasets\TLCE\H\TLCE_H_0840.JPG,Tomato,H,uncontrolled,a9d4e6cb43ab842d,Healthy
Z:\Projects\Smart-Farming\Datasets\final_combined_datasets\TLCE\H\TLCE_H_0841.JPG,Tomato,H,uncontrolled,afe0b0939edc09e8,Healthy
Z:\Projects\Smart-Farming\Datasets\final_combined_datasets\TLCE\H\TLCE_H_0842.JPG,Tomato,H,uncontrolled,faa924169ae239d9,Healthy
Z:\Projects\Smart-Farming\Datasets\final_combined_datasets\TLCE\H\TLCE_H_0843.JPG,Tomato,H,uncontrolled,e94b0d18e6731ef0,Healthy
Z:\Projects\Smart-Farming\Datasets\final_combined_datasets\TLCE\H\TLCE_H_0844.JPG,Tomato,H,uncontrolled,eeb6188b35c839cc,Healthy
Z:\Projects\Smart-Farming\Datasets\final_combined_datasets\TLCE\H\TLCE_H_0845.JPG,Tomato,H,uncontrolled,f3a0a9d7954a9c23,Healthy
Z:\Projects\Smart-Farming\Datasets\final_combined_datasets\TLCE\H\TLCE_H_0846.JPG,Tomato,H,uncontrolled,8ef1708e77c8431d,Healthy
Z:\Projects\Smart-Farming\Datasets\final_combined_datasets\TLCE\H\TLCE_H_0847.JPG,Tomato,H,uncontrolled,f02aa755d26b49b4,Healthy
Z:\Projects\Smart-Farming\Datasets\final_combined_datasets\TLCE\H\TLCE_H_0848.JPG,Tomato,H,uncontrolled,d7a86a9529da2d62,Healthy
Z:\Projects\Smart-Farming\Datasets\final_combined_datasets\TLCE\H\TLCE_H_0849.JPG,Tomato,H,uncontrolled,d9ee388572966a98,Healthy
Z:\Projects\Smart-Farming\Datasets\final_combined_datasets\TLCE\H\TLCE_H_0850.JPG,Tomato,H,uncontrolled,f30927dc36902adb,Healthy
Z:\Projects\Smart-Farming\Datasets\final_combined_datasets\TLCE\H\TLCE_H_0851.JPG,Tomato,H,uncontrolled,983ff6888d322367,Healthy
Z:\Projects\Smart-Farming\Datasets\final_combined_datasets\TLCE\H\TLCE_H_0852.JPG,Tomato,H,uncontrolled,ce51255aa76ad0e5,Healthy
Z:\Projects\Smart-Farming\Datasets\final_combined_datasets\TLCE\H\TLCE_H_0853.JPG,Tomato,H,uncontrolled,f8b2a199cecc68ac,Healthy
Z:\Projects\Smart-Farming\Datasets\final_combined_datasets\TLCE\H\TLCE_H_0854.JPG,Tomato,H,uncontrolled,e959e50dce64b924,Healthy
Z:\Projects\Smart-Farming\Datasets\final_combined_datasets\TLCE\H\TLCE_H_0855.JPG,Tomato,H,uncontrolled,fba684989d9853a9,Healthy
Z:\Projects\Smart-Farming\Datasets\final_combined_datasets\TLCE\H\TLCE_H_0856.JPG,Tomato,H,uncontrolled,bc18d363c4930be7,Healthy
Z:\Projects\Smart-Farming\Datasets\final_combined_datasets\TLCE\H\TLCE_H_0857.JPG,Tomato,H,uncontrolled,bab68548d37b832c,Healthy
Z:\Projects\Smart-Farming\Datasets\final_combined_datasets\TLCE\H\TLCE_H_0858.JPG,Tomato,H,uncontrolled,b9d2c3cd36239998,Healthy
Z:\Projects\Smart-Farming\Datasets\final_combined_datasets\TLCE\H\TLCE_H_0859.JPG,Tomato,H,uncontrolled,ee9224da9a25c9b3,Healthy
Z:\Projects\Smart-Farming\Datasets\final_combined_datasets\TLCE\H\TLCE_H_0860.JPG,Tomato,H,uncontrolled,ea49a59616a7c993,Healthy
Z:\Projects\Smart-Farming\Datasets\final_combined_datasets\TLCE\H\TLCE_H_0861.JPG,Tomato,H,uncontrolled,add0530f639e0e69,Healthy
Z:\Projects\Smart-Farming\Datasets\final_combined_datasets\TLCE\H\TLCE_H_0862.JPG,Tomato,H,uncontrolled,f24cae64c436e636,Healthy
Z:\Projects\Smart-Farming\Datasets\final_combined_datasets\TLCE\H\TLCE_H_0863.JPG,Tomato,H,uncontrolled,c6bb38c125c636ce,Healthy
Z:\Projects\Smart-Farming\Datasets\final_combined_datasets\TLCE\H\TLCE_H_0864.JPG,Tomato,H,uncontrolled,f052ec2db534da62,Healthy
Z:\Projects\Smart-Farming\Datasets\final_combined_datasets\TLCE\H\TLCE_H_0865.JPG,Tomato,H,uncontrolled,a83779c0030fdedc,Healthy
Z:\Projects\Smart-Farming\Datasets\final_combined_datasets\TLCE\H\TLCE_H_0866.JPG,Tomato,H,uncontrolled,f845374a97235a33,Healthy
Z:\Projects\Smart-Farming\Datasets\final_combined_datasets\TLCE\H\TLCE_H_0867.JPG,Tomato,H,uncontrolled,cbb534c2638be658,Healthy
Z:\Projects\Smart-Farming\Datasets\final_combined_datasets\TLCE\H\TLCE_H_0868.JPG,Tomato,H,uncontrolled,bf83a0dcc729e219,Healthy
Z:\Projects\Smart-Farming\Datasets\final_combined_datasets\TLCE\H\TLCE_H_0869.JPG,Tomato,H,uncontrolled,ecadc69d3842358b,Healthy
Z:\Projects\Smart-Farming\Datasets\final_combined_datasets\TLCE\H\TLCE_H_0870.JPG,Tomato,H,uncontrolled,89c756d943cc0e75,Healthy
Z:\Projects\Smart-Farming\Datasets\final_combined_datasets\TLCE\H\TLCE_H_0871.JPG,Tomato,H,uncontrolled,eb8c1ad031cfb433,Healthy
Z:\Projects\Smart-Farming\Datasets\final_combined_datasets\TLCE\H\TLCE_H_0872.JPG,Tomato,H,uncontrolled,ccb332db3bcc248c,Healthy
Z:\Projects\Smart-Farming\Datasets\final_combined_datasets\TLCE\H\TLCE_H_0873.JPG,Tomato,H,uncontrolled,ade107cb388df20b,Healthy
Z:\Projects\Smart-Farming\Datasets\final_combined_datasets\TLCE\H\TLCE_H_0874.JPG,Tomato,H,uncontrolled,eded2592da01d12b,Healthy
Z:\Projects\Smart-Farming\Datasets\final_combined_datasets\TLCE\H\TLCE_H_0875.JPG,Tomato,H,uncontrolled,c8b531867f49a45b,Healthy
Z:\Projects\Smart-Farming\Datasets\final_combined_datasets\TLCE\H\TLCE_H_0876.JPG,Tomato,H,uncontrolled,faa4a556cb3b1528,Healthy
Z:\Projects\Smart-Farming\Datasets\final_combined_datasets\TLCE\H\TLCE_H_0877.JPG,Tomato,H,uncontrolled,b8c4c3ce979bb038,Healthy
Z:\Projects\Smart-Farming\Datasets\final_combined_datasets\TLCE\H\TLCE_H_0878.JPG,Tomato,H,uncontrolled,d6aa31c46a97a15b,Healthy
Z:\Projects\Smart-Farming\Datasets\final_combined_datasets\TLCE\H\TLCE_H_0879.JPG,Tomato,H,uncontrolled,dce432db319c4cb1,Healthy
Z:\Projects\Smart-Farming\Datasets\final_combined_datasets\TLCE\H\TLCE_H_0880.JPG,Tomato,H,uncontrolled,b78cf870c12147db,Healthy
Z:\Projects\Smart-Farming\Datasets\final_combined_datasets\TLCE\H\TLCE_H_0881.JPG,Tomato,H,uncontrolled,e93566d2a74b9468,Healthy
Z:\Projects\Smart-Farming\Datasets\final_combined_datasets\TLCE\H\TLCE_H_0882.JPG,Tomato,H,uncontrolled,b9f646c94fa50836,Healthy
Z:\Projects\Smart-Farming\Datasets\final_combined_datasets\TLCE\H\TLCE_H_0883.JPG,Tomato,H,uncontrolled,caed74926bc225ca,Healthy
Z:\Projects\Smart-Farming\Datasets\final_combined_datasets\TLCE\H\TLCE_H_0884.JPG,Tomato,H,uncontrolled,99e6739a4eb84c89,Healthy
Z:\Projects\Smart-Farming\Datasets\final_combined_datasets\TLCE\H\TLCE_H_0885.JPG,Tomato,H,uncontrolled,c2b737d231c918ae,Healthy
Z:\Projects\Smart-Farming\Datasets\final_combined_datasets\TLCE\H\TLCE_H_0886.JPG,Tomato,H,uncontrolled,d9aa6b9526c296aa,Healthy
Z:\Projects\Smart-Farming\Datasets\final_combined_datasets\TLCE\H\TLCE_H_0887.JPG,Tomato,H,uncontrolled,adb07303e3cf886c,Healthy
Z:\Projects\Smart-Farming\Datasets\final_combined_datasets\TLCE\H\TLCE_H_0888.JPG,Tomato,H,uncontrolled,f96be395941618c3,Healthy
Z:\Projects\Smart-Farming\Datasets\final_combined_datasets\TLCE\H\TLCE_H_0889.JPG,Tomato,H,uncontrolled,8cf151cf79da0698,Healthy
Z:\Projects\Smart-Farming\Datasets\final_combined_datasets\TLCE\H\TLCE_H_0890.JPG,Tomato,H,uncontrolled,89f23dc46897a46b,Healthy
Z:\Projects\Smart-Farming\Datasets\final_combined_datasets\TLCE\H\TLCE_H_0891.JPG,Tomato,H,uncontrolled,fae80fd1b934c02e,Healthy
Z:\Projects\Smart-Farming\Datasets\final_combined_datasets\TLCE\H\TLCE_H_0892.JPG,Tomato,H,uncontrolled,dce6339c2cd86499,Healthy
Z:\Projects\Smart-Farming\Datasets\final_combined_datasets\TLCE\H\TLCE_H_0893.JPG,Tomato,H,uncontrolled,eee6279642928d99,Healthy
Z:\Projects\Smart-Farming\Datasets\final_combined_datasets\TLCE\H\TLCE_H_0894.JPG,Tomato,H,uncontrolled,a8ee3799d684ccc2,Healthy
Z:\Projects\Smart-Farming\Datasets\final_combined_datasets\TLCE\H\TLCE_H_0895.JPG,Tomato,H,uncontrolled,8cb1e49d76c813ce,Healthy
Z:\Projects\Smart-Farming\Datasets\final_combined_datasets\TLCE\H\TLCE_H_0896.JPG,Tomato,H,uncontrolled,aee3a28f8998c9c9,Healthy
Z:\Projects\Smart-Farming\Datasets\final_combined_datasets\TLCE\H\TLCE_H_0897.JPG,Tomato,H,uncontrolled,dab467873cca601b,Healthy
Z:\Projects\Smart-Farming\Datasets\final_combined_datasets\TLCE\H\TLCE_H_0898.JPG,Tomato,H,uncontrolled,87fb3cc0380d91ed,Healthy
Z:\Projects\Smart-Farming\Datasets\final_combined_datasets\TLCE\H\TLCE_H_0899.JPG,Tomato,H,uncontrolled,a9a5b6529b39c938,Healthy
Z:\Projects\Smart-Farming\Datasets\final_combined_datasets\TLCE\H\TLCE_H_0900.JPG,Tomato,H,uncontrolled,dbb0e69969c818cd,Healthy
Z:\Projects\Smart-Farming\Datasets\final_combined_datasets\TLCE\H\TLCE_H_0901.JPG,Tomato,H,uncontrolled,bbc4877a6c09e01f,Healthy
Z:\Projects\Smart-Farming\Datasets\final_combined_datasets\TLCE\H\TLCE_H_0902.JPG,Tomato,H,uncontrolled,d9a6e59926c9247c,Healthy
Z:\Projects\Smart-Farming\Datasets\final_combined_datasets\TLCE\H\TLCE_H_0903.JPG,Tomato,H,uncontrolled,8f7c7402f84dc8f2,Healthy
Z:\Projects\Smart-Farming\Datasets\final_combined_datasets\TLCE\H\TLCE_H_0904.JPG,Tomato,H,uncontrolled,fa21e157a64a9dc8,Healthy
Z:\Projects\Smart-Farming\Datasets\final_combined_datasets\TLCE\H\TLCE_H_0905.JPG,Tomato,H,uncontrolled,fa49a2369553d82d,Healthy
Z:\Projects\Smart-Farming\Datasets\final_combined_datasets\TLCE\H\TLCE_H_0906.JPG,Tomato,H,uncontrolled,a6f266936c9fc019,Healthy
Z:\Projects\Smart-Farming\Datasets\final_combined_datasets\TLCE\H\TLCE_H_0907.JPG,Tomato,H,uncontrolled,d8a4a8d7a35aa569,Healthy
Z:\Projects\Smart-Farming\Datasets\final_combined_datasets\TLCE\H\TLCE_H_0908.JPG,Tomato,H,uncontrolled,b827d6524de15f90,Healthy
Z:\Projects\Smart-Farming\Datasets\final_combined_datasets\TLCE\H\TLCE_H_0909.JPG,Tomato,H,uncontrolled,fa29e51692d207cb,Healthy
Z:\Projects\Smart-Farming\Datasets\final_combined_datasets\TLCE\H\TLCE_H_0910.JPG,Tomato,H,uncontrolled,89f770c137c6d03c,Healthy
Z:\Projects\Smart-Farming\Datasets\final_combined_datasets\TLCE\H\TLCE_H_0911.JPG,Tomato,H,uncontrolled,eca5a5981276a9d3,Healthy
Z:\Projects\Smart-Farming\Datasets\final_combined_datasets\TLCE\H\TLCE_H_0912.JPG,Tomato,H,uncontrolled,f8a1e71e7803ea64,Healthy
Z:\Projects\Smart-Farming\Datasets\final_combined_datasets\TLCE\H\TLCE_H_0913.JPG,Tomato,H,uncontrolled,af2cf0608f1f0ed8,Healthy
Z:\Projects\Smart-Farming\Datasets\final_combined_datasets\TLCE\H\TLCE_H_0914.JPG,Tomato,H,uncontrolled,daa5cbd624d2a09b,Healthy
Z:\Projects\Smart-Farming\Datasets\final_combined_datasets\TLCE\H\TLCE_H_0915.JPG,Tomato,H,uncontrolled,8ff370cf64d8032c,Healthy
Z:\Projects\Smart-Farming\Datasets\final_combined_datasets\TLCE\H\TLCE_H_0916.JPG,Tomato,H,uncontrolled,8f1cfcf040e1cf83,Healthy
Z:\Projects\Smart-Farming\Datasets\final_combined_datasets\TLCE\H\TLCE_H_0917.JPG,Tomato,H,uncontrolled,a9f2538d1cd14ce3,Healthy
Z:\Projects\Smart-Farming\Datasets\final_combined_datasets\TLCE\H\TLCE_H_0918.JPG,Tomato,H,uncontrolled,f9a6d699c3c90ca4,Healthy
Z:\Projects\Smart-Farming\Datasets\final_combined_datasets\TLCE\H\TLCE_H_0919.JPG,Tomato,H,uncontrolled,eea1c05e98f03f46,Healthy
Z:\Projects\Smart-Farming\Datasets\final_combined_datasets\TLCE\H\TLCE_H_0920.JPG,Tomato,H,uncontrolled,b8e3849b7ec8932c,Healthy
Z:\Projects\Smart-Farming\Datasets\final_combined_datasets\TLCE\H\TLCE_H_0921.JPG,Tomato,H,uncontrolled,b8e783969ec37038,Healthy
Z:\Projects\Smart-Farming\Datasets\final_combined_datasets\TLCE\H\TLCE_H_0922.JPG,Tomato,H,uncontrolled,c6f97d8430b39239,Healthy
Z:\Projects\Smart-Farming\Datasets\final_combined_datasets\TLCE\H\TLCE_H_0923.JPG,Tomato,H,uncontrolled,ac52e13c9a6bb14d,Healthy
Z:\Projects\Smart-Farming\Datasets\final_combined_datasets\TLCE\H\TLCE_H_0924.JPG,Tomato,H,uncontrolled,bc2c1430d30f67f5,Healthy
Z:\Projects\Smart-Farming\Datasets\final_combined_datasets\TLCE\H\TLCE_H_0925.JPG,Tomato,H,uncontrolled,ab1d967a48a46de2,Healthy
Z:\Projects\Smart-Farming\Datasets\final_combined_datasets\TLCE\H\TLCE_H_0926.JPG,Tomato,H,uncontrolled,ade086993ec1b11f,Healthy
Z:\Projects\Smart-Farming\Datasets\final_combined_datasets\TLCE\H\TLCE_H_0927.JPG,Tomato,H,uncontrolled,b9e67182e31d89cc,Healthy
Z:\Projects\Smart-Farming\Datasets\final_combined_datasets\TLCE\H\TLCE_H_0928.JPG,Tomato,H,uncontrolled,a1199664c94bbfb2,Healthy
Z:\Projects\Smart-Farming\Datasets\final_combined_datasets\TLCE\H\TLCE_H_0929.JPG,Tomato,H,uncontrolled,f9e7849e92998139,Healthy
Z:\Projects\Smart-Farming\Datasets\final_combined_datasets\TLCE\H\TLCE_H_0930.JPG,Tomato,H,uncontrolled,fe2ca066d662ba0d,Healthy
Z:\Projects\Smart-Farming\Datasets\final_combined_datasets\TLCE\H\TLCE_H_0931.JPG,Tomato,H,uncontrolled,fcbc40c7a2cb970a,Healthy
Z:\Projects\Smart-Farming\Datasets\final_combined_datasets\TLCE\H\TLCE_H_0932.JPG,Tomato,H,uncontrolled,a1e6369216db99c9,Healthy
Z:\Projects\Smart-Farming\Datasets\final_combined_datasets\TLCE\H\TLCE_H_0933.JPG,Tomato,H,uncontrolled,ccf03287439c399f,Healthy
Z:\Projects\Smart-Farming\Datasets\final_combined_datasets\TLCE\H\TLCE_H_0934.JPG,Tomato,H,uncontrolled,dae2a91d74d2163a,Healthy
Z:\Projects\Smart-Farming\Datasets\final_combined_datasets\TLCE\H\TLCE_H_0935.JPG,Tomato,H,uncontrolled,afb0c646347bf881,Healthy
Z:\Projects\Smart-Farming\Datasets\final_combined_datasets\TLCE\H\TLCE_H_0936.JPG,Tomato,H,uncontrolled,e8a543de0cd9b499,Healthy
Z:\Projects\Smart-Farming\Datasets\final_combined_datasets\TLCE\H\TLCE_H_0937.JPG,Tomato,H,uncontrolled,af9c70499925837b,Healthy
Z:\Projects\Smart-Farming\Datasets\final_combined_datasets\TLCE\H\TLCE_H_0938.JPG,Tomato,H,uncontrolled,afe63622c398c9c9,Healthy
Z:\Projects\Smart-Farming\Datasets\final_combined_datasets\TLCE\H\TLCE_H_0939.JPG,Tomato,H,uncontrolled,cbe6340be63986c6,Healthy
Z:\Projects\Smart-Farming\Datasets\final_combined_datasets\TLCE\H\TLCE_H_0940.JPG,Tomato,H,uncontrolled,99fe6191688f1749,Healthy
Z:\Projects\Smart-Farming\Datasets\final_combined_datasets\TLCE\H\TLCE_H_0941.JPG,Tomato,H,uncontrolled,d7b960d13352a36a,Healthy
Z:\Projects\Smart-Farming\Datasets\final_combined_datasets\TLCE\H\TLCE_H_0942.JPG,Tomato,H,uncontrolled,cce732cc0d9b2e31,Healthy
Z:\Projects\Smart-Farming\Datasets\final_combined_datasets\TLCE\H\TLCE_H_0943.JPG,Tomato,H,uncontrolled,efea9614624ecb48,Healthy
Z:\Projects\Smart-Farming\Datasets\final_combined_datasets\TLCE\H\TLCE_H_0944.JPG,Tomato,H,uncontrolled,ffeae295841ea818,Healthy
Z:\Projects\Smart-Farming\Datasets\final_combined_datasets\TLCE\H\TLCE_H_0945.JPG,Tomato,H,uncontrolled,9cf3668c33c7134c,Healthy
Z:\Projects\Smart-Farming\Datasets\final_combined_datasets\TLCE\H\TLCE_H_0946.JPG,Tomato,H,uncontrolled,88f376906aff8168,Healthy
Z:\Projects\Smart-Farming\Datasets\final_combined_datasets\TLCE\H\TLCE_H_0947.JPG,Tomato,H,uncontrolled,88b87eb027d3668b,Healthy
Z:\Projects\Smart-Farming\Datasets\final_combined_datasets\TLCE\H\TLCE_H_0948.JPG,Tomato,H,uncontrolled,8cf6729837cb2685,Healthy
Z:\Projects\Smart-Farming\Datasets\final_combined_datasets\TLCE\H\TLCE_H_0949.JPG,Tomato,H,uncontrolled,9cf3638c15984ed5,Healthy
Z:\Projects\Smart-Farming\Datasets\final_combined_datasets\TLCE\H\TLCE_H_0950.JPG,Tomato,H,uncontrolled,eba18496b658f22d,Healthy
Z:\Projects\Smart-Farming\Datasets\final_combined_datasets\TLCE\H\TLCE_H_0951.JPG,Tomato,H,uncontrolled,abb4e40b93788735,Healthy
Z:\Projects\Smart-Farming\Datasets\final_combined_datasets\TLCE\H\TLCE_H_0952.JPG,Tomato,H,uncontrolled,a9a4131aff0518fe,Healthy
Z:\Projects\Smart-Farming\Datasets\final_combined_datasets\TLCE\H\TLCE_H_0953.JPG,Tomato,H,uncontrolled,bf1e415ba760c463,Healthy
Z:\Projects\Smart-Farming\Datasets\final_combined_datasets\TLCE\H\TLCE_H_0954.JPG,Tomato,H,uncontrolled,acd316cd13c439ce,Healthy
Z:\Projects\Smart-Farming\Datasets\final_combined_datasets\TLCE\H\TLCE_H_0955.JPG,Tomato,H,uncontrolled,af61a40ed2329d76,Healthy
Z:\Projects\Smart-Farming\Datasets\final_combined_datasets\TLCE\H\TLCE_H_0956.JPG,Tomato,H,uncontrolled,8cf163cf318f12b8,Healthy
Z:\Projects\Smart-Farming\Datasets\final_combined_datasets\TLCE\H\TLCE_H_0957.JPG,Tomato,H,uncontrolled,acf333cb1dcc409c,Healthy
Z:\Projects\Smart-Farming\Datasets\final_combined_datasets\TLCE\H\TLCE_H_0958.JPG,Tomato,H,uncontrolled,ad1cf043932fc33c,Healthy
Z:\Projects\Smart-Farming\Datasets\final_combined_datasets\TLCE\H\TLCE_H_0959.JPG,Tomato,H,uncontrolled,ea4b0d69d46ad296,Healthy
Z:\Projects\Smart-Farming\Datasets\final_combined_datasets\TLCE\H\TLCE_H_0960.JPG,Tomato,H,uncontrolled,aff3b0832c8fe01c,Healthy
Z:\Projects\Smart-Farming\Datasets\final_combined_datasets\TLCE\H\TLCE_H_0961.JPG,Tomato,H,uncontrolled,88f73192319ae799,Healthy
Z:\Projects\Smart-Farming\Datasets\final_combined_datasets\TLCE\H\TLCE_H_0962.JPG,Tomato,H,uncontrolled,bcf3438c18cc33d3,Healthy
Z:\Projects\Smart-Farming\Datasets\final_combined_datasets\TLCE\H\TLCE_H_0963.JPG,Tomato,H,uncontrolled,edeca59e92909b03,Healthy
Z:\Projects\Smart-Farming\Datasets\final_combined_datasets\TLCE\H\TLCE_H_0964.JPG,Tomato,H,uncontrolled,acf360cf1d98d831,Healthy
Z:\Projects\Smart-Farming\Datasets\final_combined_datasets\TLCE\H\TLCE_H_0965.JPG,Tomato,H,uncontrolled,ed51c56a9d6c5a84,Healthy
Z:\Projects\Smart-Farming\Datasets\final_combined_datasets\TLCE\H\TLCE_H_0966.JPG,Tomato,H,uncontrolled,fa29259696d29ac9,Healthy
Z:\Projects\Smart-Farming\Datasets\final_combined_datasets\TLCE\H\TLCE_H_0967.JPG,Tomato,H,uncontrolled,e6922ac59da99971,Healthy
Z:\Projects\Smart-Farming\Datasets\final_combined_datasets\TLCE\H\TLCE_H_0968.JPG,Tomato,H,uncontrolled,bcf0b38bd1dcc80c,Healthy
Z:\Projects\Smart-Farming\Datasets\final_combined_datasets\TLCE\H\TLCE_H_0969.JPG,Tomato,H,uncontrolled,f92ca5d68aaacd21,Healthy
Z:\Projects\Smart-Farming\Datasets\final_combined_datasets\TLCE\H\TLCE_H_0970.JPG,Tomato,H,uncontrolled,bce6a393c7213893,Healthy
Z:\Projects\Smart-Farming\Datasets\final_combined_datasets\TLCE\H\TLCE_H_0971.JPG,Tomato,H,uncontrolled,8bd834c71ef4c915,Healthy
Z:\Projects\Smart-Farming\Datasets\final_combined_datasets\TLCE\H\TLCE_H_0972.JPG,Tomato,H,uncontrolled,f42b24d4ea52897e,Healthy
Z:\Projects\Smart-Farming\Datasets\final_combined_datasets\TLCE\H\TLCE_H_0973.JPG,Tomato,H,uncontrolled,f946a11ed658c43d,Healthy
Z:\Projects\Smart-Farming\Datasets\final_combined_datasets\TLCE\H\TLCE_H_0974.JPG,Tomato,H,uncontrolled,ed42e46ff22c8a34,Healthy
Z:\Projects\Smart-Farming\Datasets\final_combined_datasets\TLCE\H\TLCE_H_0975.JPG,Tomato,H,uncontrolled,9cf1469b64cf18cc,Healthy
Z:\Projects\Smart-Farming\Datasets\final_combined_datasets\TLCE\H\TLCE_H_0976.JPG,Tomato,H,uncontrolled,faad63163a630467,Healthy
Z:\Projects\Smart-Farming\Datasets\final_combined_datasets\TLCE\H\TLCE_H_0977.JPG,Tomato,H,uncontrolled,ab79b127de008e99,Healthy
Z:\Projects\Smart-Farming\Datasets\final_combined_datasets\TLCE\H\TLCE_H_0978.JPG,Tomato,H,uncontrolled,bc47e13c93c1384f,Healthy
Z:\Projects\Smart-Farming\Datasets\final_combined_datasets\TLCE\H\TLCE_H_0979.JPG,Tomato,H,uncontrolled,faa5c616e41aa5d8,Healthy
Z:\Projects\Smart-Farming\Datasets\final_combined_datasets\TLCE\H\TLCE_H_0980.JPG,Tomato,H,uncontrolled,8cb2d0c31bdd7998,Healthy
Z:\Projects\Smart-Farming\Datasets\final_combined_datasets\TLCE\H\TLCE_H_0981.JPG,Tomato,H,uncontrolled,fab1e5948cda9a21,Healthy
Z:\Projects\Smart-Farming\Datasets\final_combined_datasets\TLCE\H\TLCE_H_0982.JPG,Tomato,H,uncontrolled,d9e6a59eb4983189,Healthy
Z:\Projects\Smart-Farming\Datasets\final_combined_datasets\TLCE\H\TLCE_H_0983.JPG,Tomato,H,uncontrolled,efb0b399c19cc60c,Healthy
Z:\Projects\Smart-Farming\Datasets\final_combined_datasets\TLCE\H\TLCE_H_0984.JPG,Tomato,H,uncontrolled,af38f0034fcecc8c,Healthy
Z:\Projects\Smart-Farming\Datasets\final_combined_datasets\TLCE\H\TLCE_H_0985.JPG,Tomato,H,uncontrolled,bda3e09b46dc0ec8,Healthy
Z:\Projects\Smart-Farming\Datasets\final_combined_datasets\TLCE\H\TLCE_H_0986.JPG,Tomato,H,uncontrolled,abb1b542c6cccc9c,Healthy
Z:\Projects\Smart-Farming\Datasets\final_combined_datasets\TLCE\H\TLCE_H_0987.JPG,Tomato,H,uncontrolled,bc43c634c266f336,Healthy
Z:\Projects\Smart-Farming\Datasets\final_combined_datasets\TLCE\H\TLCE_H_0988.JPG,Tomato,H,uncontrolled,bfe09f832dc42cc1,Healthy
Z:\Projects\Smart-Farming\Datasets\final_combined_datasets\TLCE\H\TLCE_H_0989.JPG,Tomato,H,uncontrolled,ade5a68ee230cb31,Healthy
Z:\Projects\Smart-Farming\Datasets\final_combined_datasets\TLCE\H\TLCE_H_0990.JPG,Tomato,H,uncontrolled,b1473632d339c92d,Healthy
Z:\Projects\Smart-Farming\Datasets\final_combined_datasets\TLCE\H\TLCE_H_0991.JPG,Tomato,H,uncontrolled,8bb965d326c2388f,Healthy
Z:\Projects\Smart-Farming\Datasets\final_combined_datasets\TLCE\H\TLCE_H_0992.JPG,Tomato,H,uncontrolled,f009a756923add63,Healthy
Z:\Projects\Smart-Farming\Datasets\final_combined_datasets\TLCE\H\TLCE_H_0993.JPG,Tomato,H,uncontrolled,afd350cd46706633,Healthy
Z:\Projects\Smart-Farming\Datasets\final_combined_datasets\TLCE\H\TLCE_H_0994.JPG,Tomato,H,uncontrolled,8cd773dd64d81360,Healthy
Z:\Projects\Smart-Farming\Datasets\final_combined_datasets\TLCE\H\TLCE_H_0995.JPG,Tomato,H,uncontrolled,8cf733ce06994a3c,Healthy
Z:\Projects\Smart-Farming\Datasets\final_combined_datasets\TLCE\H\TLCE_H_0996.JPG,Tomato,H,uncontrolled,dde620970e9a8d59,Healthy
Z:\Projects\Smart-Farming\Datasets\final_combined_datasets\TLCE\H\TLCE_H_0997.JPG,Tomato,H,uncontrolled,98e364136c9b22fe,Healthy
Z:\Projects\Smart-Farming\Datasets\final_combined_datasets\TLCE\H\TLCE_H_0998.JPG,Tomato,H,uncontrolled,ba853742ccb4ca5b,Healthy
Z:\Projects\Smart-Farming\Datasets\final_combined_datasets\TLCE\H\TLCE_H_0999.JPG,Tomato,H,uncontrolled,c9e43f8872976992,Healthy
Z:\Projects\Smart-Farming\Datasets\final_combined_datasets\TLCE\H\TLCE_H_1000.JPG,Tomato,H,uncontrolled,b865c52ec6687cc5,Healthy
Z:\Projects\Smart-Farming\Datasets\final_combined_datasets\TLCE\H\TLCE_H_1001.JPG,Tomato,H,uncontrolled,ec0ce646db285397,Healthy
Z:\Projects\Smart-Farming\Datasets\final_combined_datasets\TLCE\H\TLCE_H_1002.JPG,Tomato,H,uncontrolled,ae34d11bd31f4d48,Healthy
Z:\Projects\Smart-Farming\Datasets\final_combined_datasets\TLCE\H\TLCE_H_1003.JPG,Tomato,H,uncontrolled,fee1308ed30fc134,Healthy
Z:\Projects\Smart-Farming\Datasets\final_combined_datasets\TLCE\H\TLCE_H_1004.JPG,Tomato,H,uncontrolled,d5ab6a85359ad22c,Healthy
Z:\Projects\Smart-Farming\Datasets\final_combined_datasets\TLCE\H\TLCE_H_1005.JPG,Tomato,H,uncontrolled,bc43463ec33d8d70,Healthy
Z:\Projects\Smart-Farming\Datasets\final_combined_datasets\TLCE\H\TLCE_H_1006.JPG,Tomato,H,uncontrolled,eb65855ec6b14863,Healthy
Z:\Projects\Smart-Farming\Datasets\final_combined_datasets\TLCE\H\TLCE_H_1007.JPG,Tomato,H,uncontrolled,fa63659c927819c9,Healthy
Z:\Projects\Smart-Farming\Datasets\final_combined_datasets\TLCE\H\TLCE_H_1008.JPG,Tomato,H,uncontrolled,bc65a536da2a8761,Healthy
Z:\Projects\Smart-Farming\Datasets\final_combined_datasets\TLCE\H\TLCE_H_1009.JPG,Tomato,H,uncontrolled,faa5588a4d966cd1,Healthy
Z:\Projects\Smart-Farming\Datasets\final_combined_datasets\TLCE\H\TLCE_H_1010.JPG,Tomato,H,uncontrolled,99d4069b329a53bd,Healthy
Z:\Projects\Smart-Farming\Datasets\final_combined_datasets\TLCE\H\TLCE_H_1011.JPG,Tomato,H,uncontrolled,ace496c61ac999c7,Healthy
Z:\Projects\Smart-Farming\Datasets\final_combined_datasets\TLCE\H\TLCE_H_1012.JPG,Tomato,H,uncontrolled,ee61a436d3339b30,Healthy
Z:\Projects\Smart-Farming\Datasets\final_combined_datasets\TLCE\H\TLCE_H_1013.JPG,Tomato,H,uncontrolled,8ceb33c469934d39,Healthy
Z:\Projects\Smart-Farming\Datasets\final_combined_datasets\TLCE\H\TLCE_H_1014.JPG,Tomato,H,uncontrolled,9ab36c9175c234cd,Healthy
Z:\Projects\Smart-Farming\Datasets\final_combined_datasets\TLCE\H\TLCE_H_1015.JPG,Tomato,H,uncontrolled,a7a3c29ecf6098c5,Healthy
Z:\Projects\Smart-Farming\Datasets\final_combined_datasets\TLCE\H\TLCE_H_1016.JPG,Tomato,H,uncontrolled,cca3e69837c27169,Healthy
Z:\Projects\Smart-Farming\Datasets\final_combined_datasets\TLCE\H\TLCE_H_1017.JPG,Tomato,H,uncontrolled,a6bcf0529327690f,Healthy
Z:\Projects\Smart-Farming\Datasets\final_combined_datasets\TLCE\H\TLCE_H_1018.JPG,Tomato,H,uncontrolled,a37d71021f9768cc,Healthy
Z:\Projects\Smart-Farming\Datasets\final_combined_datasets\TLCE\H\TLCE_H_1019.JPG,Tomato,H,uncontrolled,a8337e46400fedb6,Healthy
Z:\Projects\Smart-Farming\Datasets\final_combined_datasets\TLCE\H\TLCE_H_1020.JPG,Tomato,H,uncontrolled,ace1a397cb988dc8,Healthy
Z:\Projects\Smart-Farming\Datasets\final_combined_datasets\TLCE\H\TLCE_H_1021.JPG,Tomato,H,uncontrolled,daa661d685d8c569,Healthy
Z:\Projects\Smart-Farming\Datasets\final_combined_datasets\TLCE\H\TLCE_H_1022.JPG,Tomato,H,uncontrolled,f2e3259dc43ac3c8,Healthy
Z:\Projects\Smart-Farming\Datasets\final_combined_datasets\TLCE\H\TLCE_H_1023.JPG,Tomato,H,uncontrolled,a8177e48e0f94397,Healthy
Z:\Projects\Smart-Farming\Datasets\final_combined_datasets\TLCE\H\TLCE_H_1024.JPG,Tomato,H,uncontrolled,faa2c7ccac51931a,Healthy
Z:\Projects\Smart-Farming\Datasets\final_combined_datasets\TLCE\H\TLCE_H_1025.JPG,Tomato,H,uncontrolled,a9f574cb34c81b8c,Healthy
Z:\Projects\Smart-Farming\Datasets\final_combined_datasets\TLCE\H\TLCE_H_1026.JPG,Tomato,H,uncontrolled,b335d848ad7b44f0,Healthy
Z:\Projects\Smart-Farming\Datasets\final_combined_datasets\TLCE\H\TLCE_H_1027.JPG,Tomato,H,uncontrolled,e9b3468bda259b60,Healthy
Z:\Projects\Smart-Farming\Datasets\final_combined_datasets\TLCE\H\TLCE_H_1028.JPG,Tomato,H,uncontrolled,a6f394ce702db09c,Healthy
Z:\Projects\Smart-Farming\Datasets\final_combined_datasets\TLCE\H\TLCE_H_1029.JPG,Tomato,H,uncontrolled,fba8e1a786529a92,Healthy
Z:\Projects\Smart-Farming\Datasets\final_combined_datasets\TLCE\H\TLCE_H_1030.JPG,Tomato,H,uncontrolled,efe097869a8ad889,Healthy
Z:\Projects\Smart-Farming\Datasets\final_combined_datasets\TLCE\H\TLCE_H_1031.JPG,Tomato,H,uncontrolled,caa1329c6adc699e,Healthy
Z:\Projects\Smart-Farming\Datasets\final_combined_datasets\TLCE\H\TLCE_H_1032.JPG,Tomato,H,uncontrolled,fc43e53cc6661266,Healthy
Z:\Projects\Smart-Farming\Datasets\final_combined_datasets\TLCE\H\TLCE_H_1033.JPG,Tomato,H,uncontrolled,f4aae19186d2ae4d,Healthy
Z:\Projects\Smart-Farming\Datasets\final_combined_datasets\TLCE\H\TLCE_H_1034.JPG,Tomato,H,uncontrolled,cab43492779b81cd,Healthy
Z:\Projects\Smart-Farming\Datasets\final_combined_datasets\TLCE\H\TLCE_H_1035.JPG,Tomato,H,uncontrolled,bff082cf27311cc1,Healthy
Z:\Projects\Smart-Farming\Datasets\final_combined_datasets\TLCE\H\TLCE_H_1036.JPG,Tomato,H,uncontrolled,8cb671cf2cdc0c99,Healthy
Z:\Projects\Smart-Farming\Datasets\final_combined_datasets\TLCE\H\TLCE_H_1037.JPG,Tomato,H,uncontrolled,bff0b08ec18f912c,Healthy
Z:\Projects\Smart-Farming\Datasets\final_combined_datasets\TLCE\H\TLCE_H_1038.JPG,Tomato,H,uncontrolled,f023c69ccec31d8b,Healthy
Z:\Projects\Smart-Farming\Datasets\final_combined_datasets\TLCE\H\TLCE_H_1039.JPG,Tomato,H,uncontrolled,e443a46ece363333,Healthy
Z:\Projects\Smart-Farming\Datasets\final_combined_datasets\TLCE\H\TLCE_H_1040.JPG,Tomato,H,uncontrolled,8ff061c832c7f03e,Healthy
Z:\Projects\Smart-Farming\Datasets\final_combined_datasets\TLCE\H\TLCE_H_1041.JPG,Tomato,H,uncontrolled,daed31c42f92249b,Healthy
Z:\Projects\Smart-Farming\Datasets\final_combined_datasets\TLCE\H\TLCE_H_1042.JPG,Tomato,H,uncontrolled,fb34638f18193963,Healthy
Z:\Projects\Smart-Farming\Datasets\final_combined_datasets\TLCE\H\TLCE_H_1043.JPG,Tomato,H,uncontrolled,fab9a5568e6a9128,Healthy
Z:\Projects\Smart-Farming\Datasets\final_combined_datasets\TLCE\H\TLCE_H_1044.JPG,Tomato,H,uncontrolled,f6a32d9c941a9363,Healthy
Z:\Projects\Smart-Farming\Datasets\final_combined_datasets\TLCE\H\TLCE_H_1045.JPG,Tomato,H,uncontrolled,a91cf0714993ce2f,Healthy
Z:\Projects\Smart-Farming\Datasets\final_combined_datasets\TLCE\H\TLCE_H_1046.JPG,Tomato,H,uncontrolled,ece4929e61d9319c,Healthy
Z:\Projects\Smart-Farming\Datasets\final_combined_datasets\TLCE\H\TLCE_H_1047.JPG,Tomato,H,uncontrolled,ceb92dd0368326c7,Healthy
Z:\Projects\Smart-Farming\Datasets\final_combined_datasets\TLCE\H\TLCE_H_1048.JPG,Tomato,H,uncontrolled,fae495ca9c8d6a60,Healthy
Z:\Projects\Smart-Farming\Datasets\final_combined_datasets\TLCE\H\TLCE_H_1049.JPG,Tomato,H,uncontrolled,bee0a69ac699c893,Healthy
Z:\Projects\Smart-Farming\Datasets\final_combined_datasets\TLCE\H\TLCE_H_1050.JPG,Tomato,H,uncontrolled,8bf534c22b9f6498,Healthy
Z:\Projects\Smart-Farming\Datasets\final_combined_datasets\TLCE\H\TLCE_H_1051.JPG,Tomato,H,uncontrolled,c6bc6d9134c272cd,Healthy
Z:\Projects\Smart-Farming\Datasets\final_combined_datasets\TLCE\H\TLCE_H_1052.JPG,Tomato,H,uncontrolled,98b663953ec8299e,Healthy
Z:\Projects\Smart-Farming\Datasets\final_combined_datasets\TLCE\H\TLCE_H_1053.JPG,Tomato,H,uncontrolled,fef381ce0b8c6286,Healthy
Z:\Projects\Smart-Farming\Datasets\final_combined_datasets\TLCE\H\TLCE_H_1054.JPG,Tomato,H,uncontrolled,8fb670c923cd932c,Healthy
Z:\Projects\Smart-Farming\Datasets\final_combined_datasets\TLCE\H\TLCE_H_1055.JPG,Tomato,H,uncontrolled,e7e4a49adab89909,Healthy
Z:\Projects\Smart-Farming\Datasets\final_combined_datasets\TLCE\H\TLCE_H_1056.JPG,Tomato,H,uncontrolled,fa25f11acf614c26,Healthy
Z:\Projects\Smart-Farming\Datasets\final_combined_datasets\TLCE\H\TLCE_H_1057.JPG,Tomato,H,uncontrolled,8ab4ff0e81f016e3,Healthy
Z:\Projects\Smart-Farming\Datasets\final_combined_datasets\TLCE\H\TLCE_H_1058.JPG,Tomato,H,uncontrolled,fa2963c716aa9887,Healthy
Z:\Projects\Smart-Farming\Datasets\final_combined_datasets\TLCE\H\TLCE_H_1059.JPG,Tomato,H,uncontrolled,fa7be592968c9805,Healthy
Z:\Projects\Smart-Farming\Datasets\final_combined_datasets\TLCE\H\TLCE_H_1060.JPG,Tomato,H,uncontrolled,f84bc7691c24e33a,Healthy
Z:\Projects\Smart-Farming\Datasets\final_combined_datasets\TLCE\H\TLCE_H_1061.JPG,Tomato,H,uncontrolled,edc6c29ecb38c990,Healthy
Z:\Projects\Smart-Farming\Datasets\final_combined_datasets\TLCE\H\TLCE_H_1062.JPG,Tomato,H,uncontrolled,ade6b183da8cf10c,Healthy
Z:\Projects\Smart-Farming\Datasets\final_combined_datasets\TLCE\H\TLCE_H_1063.JPG,Tomato,H,uncontrolled,ae9cb07bc161c366,Healthy
Z:\Projects\Smart-Farming\Datasets\final_combined_datasets\TLCE\H\TLCE_H_1064.JPG,Tomato,H,uncontrolled,aac294bdc9b6b622,Healthy
Z:\Projects\Smart-Farming\Datasets\final_combined_datasets\TLCE\H\TLCE_H_1065.JPG,Tomato,H,uncontrolled,adf692c9db0bc01c,Healthy
Z:\Projects\Smart-Farming\Datasets\final_combined_datasets\TLCE\H\TLCE_H_1066.JPG,Tomato,H,uncontrolled,f4bbe053064d5aac,Healthy
Z:\Projects\Smart-Farming\Datasets\final_combined_datasets\TLCE\H\TLCE_H_1067.JPG,Tomato,H,uncontrolled,a5c6f080f90f98fa,Healthy
Z:\Projects\Smart-Farming\Datasets\final_combined_datasets\TLCE\H\TLCE_H_1068.JPG,Tomato,H,uncontrolled,9be4e5c3268e609d,Healthy
Z:\Projects\Smart-Farming\Datasets\final_combined_datasets\TLCE\H\TLCE_H_1069.JPG,Tomato,H,uncontrolled,b947713b91693c91,Healthy
Z:\Projects\Smart-Farming\Datasets\final_combined_datasets\TLCE\H\TLCE_H_1070.JPG,Tomato,H,uncontrolled,f865875884335fa5,Healthy
Z:\Projects\Smart-Farming\Datasets\final_combined_datasets\TLCE\H\TLCE_H_1071.JPG,Tomato,H,uncontrolled,8fec7412d339c15c,Healthy
Z:\Projects\Smart-Farming\Datasets\final_combined_datasets\TLCE\H\TLCE_H_1072.JPG,Tomato,H,uncontrolled,cab561da35ca3439,Healthy
Z:\Projects\Smart-Farming\Datasets\final_combined_datasets\TLCE\H\TLCE_H_1073.JPG,Tomato,H,uncontrolled,afe0bc8bc18de618,Healthy
Z:\Projects\Smart-Farming\Datasets\final_combined_datasets\TLCE\H\TLCE_H_1074.JPG,Tomato,H,uncontrolled,9be66d933cc7101c,Healthy
Z:\Projects\Smart-Farming\Datasets\final_combined_datasets\TLCE\H\TLCE_H_1075.JPG,Tomato,H,uncontrolled,ad61d31fd26c81d2,Healthy
Z:\Projects\Smart-Farming\Datasets\final_combined_datasets\TLCE\H\TLCE_H_1076.JPG,Tomato,H,uncontrolled,8a97956a964978b5,Healthy
Z:\Projects\Smart-Farming\Datasets\final_combined_datasets\TLCE\H\TLCE_H_1077.JPG,Tomato,H,uncontrolled,a2ff9580da4b24ad,Healthy
Z:\Projects\Smart-Farming\Datasets\final_combined_datasets\TLCE\H\TLCE_H_1078.JPG,Tomato,H,uncontrolled,ff8ca04ad6a4cb1a,Healthy
Z:\Projects\Smart-Farming\Datasets\final_combined_datasets\TLCE\H\TLCE_H_1079.JPG,Tomato,H,uncontrolled,cfe639c4289f609a,Healthy
Z:\Projects\Smart-Farming\Datasets\final_combined_datasets\TLCE\H\TLCE_H_1080.JPG,Tomato,H,uncontrolled,b8e613da8f708ea1,Healthy
Z:\Projects\Smart-Farming\Datasets\final_combined_datasets\TLCE\H\TLCE_H_1081.JPG,Tomato,H,uncontrolled,d789687c85699c0f,Healthy
Z:\Projects\Smart-Farming\Datasets\final_combined_datasets\TLCE\H\TLCE_H_1082.JPG,Tomato,H,uncontrolled,a4fb994cc630ed16,Healthy
Z:\Projects\Smart-Farming\Datasets\final_combined_datasets\TLCE\H\TLCE_H_1083.JPG,Tomato,H,uncontrolled,e8f995874a6f3812,Healthy
Z:\Projects\Smart-Farming\Datasets\final_combined_datasets\TLCE\H\TLCE_H_1084.JPG,Tomato,H,uncontrolled,b1e9f1849b9c2699,Healthy
Z:\Projects\Smart-Farming\Datasets\final_combined_datasets\TLCE\H\TLCE_H_1085.JPG,Tomato,H,uncontrolled,fc2cc1579a9292da,Healthy
Z:\Projects\Smart-Farming\Datasets\final_combined_datasets\TLCE\H\TLCE_H_1086.JPG,Tomato,H,uncontrolled,d9a42698539b267b,Healthy
Z:\Projects\Smart-Farming\Datasets\final_combined_datasets\TLCE\H\TLCE_H_1087.JPG,Tomato,H,uncontrolled,83633c37c0989fcb,Healthy
Z:\Projects\Smart-Farming\Datasets\final_combined_datasets\TLCE\H\TLCE_H_1088.JPG,Tomato,H,uncontrolled,b88f30cce5d8e683,Healthy
Z:\Projects\Smart-Farming\Datasets\final_combined_datasets\TLCE\H\TLCE_H_1089.JPG,Tomato,H,uncontrolled,edca6599b08d93c4,Healthy
Z:\Projects\Smart-Farming\Datasets\final_combined_datasets\TLCE\H\TLCE_H_1090.JPG,Tomato,H,uncontrolled,ede192c3498eb692,Healthy
Z:\Projects\Smart-Farming\Datasets\final_combined_datasets\TLCE\H\TLCE_H_1091.JPG,Tomato,H,uncontrolled,a92dc5699296669e,Healthy
Z:\Projects\Smart-Farming\Datasets\final_combined_datasets\TLCE\H\TLCE_H_1092.JPG,Tomato,H,uncontrolled,811f3ef1c0e0e1e7,Healthy
Z:\Projects\Smart-Farming\Datasets\final_combined_datasets\TLCE\H\TLCE_H_1093.JPG,Tomato,H,uncontrolled,d9e6649b329c93c8,Healthy
Z:\Projects\Smart-Farming\Datasets\final_combined_datasets\TLCE\H\TLCE_H_1094.JPG,Tomato,H,uncontrolled,aff0a5c11ac9f825,Healthy
Z:\Projects\Smart-Farming\Datasets\final_combined_datasets\TLCE\H\TLCE_H_1095.JPG,Tomato,H,uncontrolled,e8e7b693d90f8124,Healthy
Z:\Projects\Smart-Farming\Datasets\final_combined_datasets\TLCE\H\TLCE_H_1096.JPG,Tomato,H,uncontrolled,f9b1639e07e91825,Healthy
Z:\Projects\Smart-Farming\Datasets\final_combined_datasets\TLCE\H\TLCE_H_1097.JPG,Tomato,H,uncontrolled,f836864a8738dca7,Healthy
Z:\Projects\Smart-Farming\Datasets\final_combined_datasets\TLCE\H\TLCE_H_1098.JPG,Tomato,H,uncontrolled,ebe906d8315a952b,Healthy
Z:\Projects\Smart-Farming\Datasets\final_combined_datasets\TLCE\H\TLCE_H_0010.JPG,Tomato,H,uncontrolled,8aec7ec071937171,Healthy
Z:\Projects\Smart-Farming\Datasets\final_combined_datasets\TLCE\H\TLCE_H_0001.JPG,Tomato,H,uncontrolled,cae93186649bb3ca,Healthy
Z:\Projects\Smart-Farming\Datasets\final_combined_datasets\TLCE\H\TLCE_H_0002.JPG,Tomato,H,uncontrolled,dfe264853f8cc039,Healthy
Z:\Projects\Smart-Farming\Datasets\final_combined_datasets\TLCE\H\TLCE_H_0004.JPG,Tomato,H,uncontrolled,cca3c69cb1cab68c,Healthy
Z:\Projects\Smart-Farming\Datasets\final_combined_datasets\TLCE\H\TLCE_H_0011.JPG,Tomato,H,uncontrolled,e84b6d2da5649636,Healthy
Z:\Projects\Smart-Farming\Datasets\final_combined_datasets\TLCE\H\TLCE_H_0012.JPG,Tomato,H,uncontrolled,b8cc30974ee38d27,Healthy
Z:\Projects\Smart-Farming\Datasets\final_combined_datasets\TLCE\H\TLCE_H_0013.JPG,Tomato,H,uncontrolled,aeb9f060830eed4e,Healthy
Z:\Projects\Smart-Farming\Datasets\final_combined_datasets\TLCE\H\TLCE_H_0014.JPG,Tomato,H,uncontrolled,dae3ed9536ca060a,Healthy
Z:\Projects\Smart-Farming\Datasets\final_combined_datasets\TLCE\H\TLCE_H_0015.JPG,Tomato,H,uncontrolled,fa43ad0d8535593c,Healthy
Z:\Projects\Smart-Farming\Datasets\final_combined_datasets\TLCE\H\TLCE_H_0016.JPG,Tomato,H,uncontrolled,eae7d0cb9509ccb0,Healthy
Z:\Projects\Smart-Farming\Datasets\final_combined_datasets\TLCE\H\TLCE_H_0017.JPG,Tomato,H,uncontrolled,b9e0b4931bc9788d,Healthy
Z:\Projects\Smart-Farming\Datasets\final_combined_datasets\TLCE\H\TLCE_H_0018.JPG,Tomato,H,uncontrolled,d9b325da64c892cd,Healthy
Z:\Projects\Smart-Farming\Datasets\final_combined_datasets\TLCE\H\TLCE_H_0019.JPG,Tomato,H,uncontrolled,8dc652cb66995e31,Healthy
Z:\Projects\Smart-Farming\Datasets\final_combined_datasets\TLCE\H\TLCE_H_0020.JPG,Tomato,H,uncontrolled,d8b33fc43488636d,Healthy
Z:\Projects\Smart-Farming\Datasets\final_combined_datasets\TLCE\H\TLCE_H_0021.JPG,Tomato,H,uncontrolled,b9e1c773ce901b48,Healthy
Z:\Projects\Smart-Farming\Datasets\final_combined_datasets\TLCE\H\TLCE_H_0022.JPG,Tomato,H,uncontrolled,af36f062c32b17c1,Healthy
Z:\Projects\Smart-Farming\Datasets\final_combined_datasets\TLCE\H\TLCE_H_0023.JPG,Tomato,H,uncontrolled,aed313cd15cc5b30,Healthy
Z:\Projects\Smart-Farming\Datasets\final_combined_datasets\TLCE\H\TLCE_H_0024.JPG,Tomato,H,uncontrolled,dba4f609ac588cd9,Healthy
Z:\Projects\Smart-Farming\Datasets\final_combined_datasets\TLCE\H\TLCE_H_0025.JPG,Tomato,H,uncontrolled,abe396cc4cc83e83,Healthy
Z:\Projects\Smart-Farming\Datasets\final_combined_datasets\TLCE\H\TLCE_H_0026.JPG,Tomato,H,uncontrolled,fcc5b11cd02bd436,Healthy
Z:\Projects\Smart-Farming\Datasets\final_combined_datasets\TLCE\H\TLCE_H_0027.JPG,Tomato,H,uncontrolled,fb2965d69c299a24,Healthy
Z:\Projects\Smart-Farming\Datasets\final_combined_datasets\TLCE\H\TLCE_H_0028.JPG,Tomato,H,uncontrolled,fbb0e386c6da8a09,Healthy
Z:\Projects\Smart-Farming\Datasets\final_combined_datasets\TLCE\H\TLCE_H_0029.JPG,Tomato,H,uncontrolled,8ff4708f061e4c6b,Healthy
Z:\Projects\Smart-Farming\Datasets\final_combined_datasets\TLCE\H\TLCE_H_0030.JPG,Tomato,H,uncontrolled,d8b224933dd8d32d,Healthy
Z:\Projects\Smart-Farming\Datasets\final_combined_datasets\TLCE\H\TLCE_H_0031.JPG,Tomato,H,uncontrolled,ab30f24b870ffe04,Healthy
Z:\Projects\Smart-Farming\Datasets\final_combined_datasets\TLCE\H\TLCE_H_0032.JPG,Tomato,H,uncontrolled,89f6729a67d43a81,Healthy
Z:\Projects\Smart-Farming\Datasets\final_combined_datasets\TLCE\H\TLCE_H_0033.JPG,Tomato,H,uncontrolled,cca7348c739836ce,Healthy
Z:\Projects\Smart-Farming\Datasets\final_combined_datasets\TLCE\H\TLCE_H_0034.JPG,Tomato,H,uncontrolled,f9e6329accc99a30,Healthy
Z:\Projects\Smart-Farming\Datasets\final_combined_datasets\TLCE\H\TLCE_H_0035.JPG,Tomato,H,uncontrolled,bbb4a44b861f1eb0,Healthy
Z:\Projects\Smart-Farming\Datasets\final_combined_datasets\TLCE\H\TLCE_H_0036.JPG,Tomato,H,uncontrolled,a8f2d3ca0bd92ce4,Healthy
Z:\Projects\Smart-Farming\Datasets\final_combined_datasets\TLCE\H\TLCE_H_0037.JPG,Tomato,H,uncontrolled,eeb2a48636b9921b,Healthy
Z:\Projects\Smart-Farming\Datasets\final_combined_datasets\TLCE\H\TLCE_H_0038.JPG,Tomato,H,uncontrolled,ad63e50dd4788e8a,Healthy
Z:\Projects\Smart-Farming\Datasets\final_combined_datasets\TLCE\H\TLCE_H_0039.JPG,Tomato,H,uncontrolled,ee42aa69cd2d6199,Healthy
Z:\Projects\Smart-Farming\Datasets\final_combined_datasets\TLCE\H\TLCE_H_0040.JPG,Tomato,H,uncontrolled,cbb432cb25da64c9,Healthy
Z:\Projects\Smart-Farming\Datasets\final_combined_datasets\TLCE\H\TLCE_H_0041.JPG,Tomato,H,uncontrolled,dfe821942ad3239b,Healthy
Z:\Projects\Smart-Farming\Datasets\final_combined_datasets\TLCE\H\TLCE_H_0042.JPG,Tomato,H,uncontrolled,fe84251eb9712762,Healthy
Z:\Projects\Smart-Farming\Datasets\final_combined_datasets\TLCE\H\TLCE_H_0043.JPG,Tomato,H,uncontrolled,ccb76c912dc833cc,Healthy
Z:\Projects\Smart-Farming\Datasets\final_combined_datasets\TLCE\H\TLCE_H_0044.JPG,Tomato,H,uncontrolled,eba1448efc18b571,Healthy
Z:\Projects\Smart-Farming\Datasets\final_combined_datasets\TLCE\H\TLCE_H_0045.JPG,Tomato,H,uncontrolled,dce6a19b66c890cd,Healthy
Z:\Projects\Smart-Farming\Datasets\final_combined_datasets\TLCE\H\TLCE_H_0046.JPG,Tomato,H,uncontrolled,a4b293b3cbc38cc6,Healthy
Z:\Projects\Smart-Farming\Datasets\final_combined_datasets\TLCE\H\TLCE_H_0047.JPG,Tomato,H,uncontrolled,ab84f556cc1b9469,Healthy
Z:\Projects\Smart-Farming\Datasets\final_combined_datasets\TLCE\H\TLCE_H_0048.JPG,Tomato,H,uncontrolled,e867ad54862a53b5,Healthy
Z:\Projects\Smart-Farming\Datasets\final_combined_datasets\TLCE\H\TLCE_H_0049.JPG,Tomato,H,uncontrolled,fab3e40595f89162,Healthy
Z:\Projects\Smart-Farming\Datasets\final_combined_datasets\TLCE\H\TLCE_H_0050.JPG,Tomato,H,uncontrolled,f946966fc138c631,Healthy
Z:\Projects\Smart-Farming\Datasets\final_combined_datasets\TLCE\H\TLCE_H_0051.JPG,Tomato,H,uncontrolled,8b1cb478c931e973,Healthy
Z:\Projects\Smart-Farming\Datasets\final_combined_datasets\TLCE\H\TLCE_H_0052.JPG,Tomato,H,uncontrolled,b9e14693629c6b9c,Healthy
Z:\Projects\Smart-Farming\Datasets\final_combined_datasets\TLCE\H\TLCE_H_0053.JPG,Tomato,H,uncontrolled,8cc310ce37997771,Healthy
Z:\Projects\Smart-Farming\Datasets\final_combined_datasets\TLCE\H\TLCE_H_0054.JPG,Tomato,H,uncontrolled,ea43853dd330cfc2,Healthy
Z:\Projects\Smart-Farming\Datasets\final_combined_datasets\TLCE\H\TLCE_H_0055.JPG,Tomato,H,uncontrolled,aab5470f7cc0ad1a,Healthy
Z:\Projects\Smart-Farming\Datasets\final_combined_datasets\TLCE\H\TLCE_H_0056.JPG,Tomato,H,uncontrolled,9cf303cc15dc6639,Healthy
Z:\Projects\Smart-Farming\Datasets\final_combined_datasets\TLCE\H\TLCE_H_0057.JPG,Tomato,H,uncontrolled,cdba33c43c5bc431,Healthy
Z:\Projects\Smart-Farming\Datasets\final_combined_datasets\TLCE\H\TLCE_H_0058.JPG,Tomato,H,uncontrolled,af43c14d9f34d825,Healthy
Z:\Projects\Smart-Farming\Datasets\final_combined_datasets\TLCE\H\TLCE_H_0059.JPG,Tomato,H,uncontrolled,ea5ae52d94699a43,Healthy
Z:\Projects\Smart-Farming\Datasets\final_combined_datasets\TLCE\H\TLCE_H_0060.JPG,Tomato,H,uncontrolled,ac18523953eb2ba7,Healthy
Z:\Projects\Smart-Farming\Datasets\final_combined_datasets\TLCE\H\TLCE_H_0061.JPG,Tomato,H,uncontrolled,8fb8f80327fc42f0,Healthy
Z:\Projects\Smart-Farming\Datasets\final_combined_datasets\TLCE\H\TLCE_H_0062.JPG,Tomato,H,uncontrolled,eae8a586761ad319,Healthy
Z:\Projects\Smart-Farming\Datasets\final_combined_datasets\TLCE\H\TLCE_H_0063.JPG,Tomato,H,uncontrolled,e679b11ada649564,Healthy
Z:\Projects\Smart-Farming\Datasets\final_combined_datasets\TLCE\H\TLCE_H_0064.JPG,Tomato,H,uncontrolled,bcb2c3cb8fc81c8c,Healthy
Z:\Projects\Smart-Farming\Datasets\final_combined_datasets\TLCE\H\TLCE_H_0065.JPG,Tomato,H,uncontrolled,ace0f09f82d0de3c,Healthy
Z:\Projects\Smart-Farming\Datasets\final_combined_datasets\TLCE\H\TLCE_H_0066.JPG,Tomato,H,uncontrolled,dcab65942ad329c3,Healthy
Z:\Projects\Smart-Farming\Datasets\final_combined_datasets\TLCE\H\TLCE_H_0067.JPG,Tomato,H,uncontrolled,e1c626a29ce6b3cc,Healthy
Z:\Projects\Smart-Farming\Datasets\final_combined_datasets\TLCE\H\TLCE_H_0068.JPG,Tomato,H,uncontrolled,e857b55886695aa5,Healthy
Z:\Projects\Smart-Farming\Datasets\final_combined_datasets\TLCE\H\TLCE_H_0069.JPG,Tomato,H,uncontrolled,ebc18d1cc625d22f,Healthy
Z:\Projects\Smart-Farming\Datasets\final_combined_datasets\TLCE\H\TLCE_H_0070.JPG,Tomato,H,uncontrolled,88f2e69e16cb25cc,Healthy
Z:\Projects\Smart-Farming\Datasets\final_combined_datasets\TLCE\H\TLCE_H_0071.JPG,Tomato,H,uncontrolled,bbe1e493c2b4ca4c,Healthy
Z:\Projects\Smart-Farming\Datasets\final_combined_datasets\TLCE\H\TLCE_H_0072.JPG,Tomato,H,uncontrolled,c4b92fd4349233c7,Healthy
Z:\Projects\Smart-Farming\Datasets\final_combined_datasets\TLCE\H\TLCE_H_0073.JPG,Tomato,H,uncontrolled,a99db470832f4f94,Healthy
Z:\Projects\Smart-Farming\Datasets\final_combined_datasets\TLCE\H\TLCE_H_0074.JPG,Tomato,H,uncontrolled,b90c325a8fb35ca5,Healthy
Z:\Projects\Smart-Farming\Datasets\final_combined_datasets\TLCE\H\TLCE_H_0075.JPG,Tomato,H,uncontrolled,c9a496d829926cfb,Healthy
Z:\Projects\Smart-Farming\Datasets\final_combined_datasets\TLCE\H\TLCE_H_0076.JPG,Tomato,H,uncontrolled,eb53e90d446cb26c,Healthy
Z:\Projects\Smart-Farming\Datasets\final_combined_datasets\TLCE\H\TLCE_H_0077.JPG,Tomato,H,uncontrolled,ede1949a99896167,Healthy
Z:\Projects\Smart-Farming\Datasets\final_combined_datasets\TLCE\H\TLCE_H_0078.JPG,Tomato,H,uncontrolled,e915734e904d9c67,Healthy
Z:\Projects\Smart-Farming\Datasets\final_combined_datasets\TLCE\H\TLCE_H_0079.JPG,Tomato,H,uncontrolled,cfb070c319c6e48f,Healthy
Z:\Projects\Smart-Farming\Datasets\final_combined_datasets\TLCE\H\TLCE_H_0080.JPG,Tomato,H,uncontrolled,fc25e3c6469ca662,Healthy
Z:\Projects\Smart-Farming\Datasets\final_combined_datasets\TLCE\H\TLCE_H_0081.JPG,Tomato,H,uncontrolled,f8e70c9a65d1348b,Healthy
Z:\Projects\Smart-Farming\Datasets\final_combined_datasets\TLCE\H\TLCE_H_0082.JPG,Tomato,H,uncontrolled,8f15f07b93254987,Healthy
Z:\Projects\Smart-Farming\Datasets\final_combined_datasets\TLCE\H\TLCE_H_0083.JPG,Tomato,H,uncontrolled,d4ab6a9528d629f2,Healthy
Z:\Projects\Smart-Farming\Datasets\final_combined_datasets\TLCE\H\TLCE_H_0084.JPG,Tomato,H,uncontrolled,ae98f00706f3ecc3,Healthy
Z:\Projects\Smart-Farming\Datasets\final_combined_datasets\TLCE\H\TLCE_H_0085.JPG,Tomato,H,uncontrolled,f8a1e09687da9d89,Healthy
Z:\Projects\Smart-Farming\Datasets\final_combined_datasets\TLCE\H\TLCE_H_0086.JPG,Tomato,H,uncontrolled,eb538d2d966862b8,Healthy
Z:\Projects\Smart-Farming\Datasets\final_combined_datasets\TLCE\H\TLCE_H_0087.JPG,Tomato,H,uncontrolled,afc4f2ad861ac8c5,Healthy
Z:\Projects\Smart-Farming\Datasets\final_combined_datasets\TLCE\H\TLCE_H_0089.JPG,Tomato,H,uncontrolled,daf4238c39932dc3,Healthy
Z:\Projects\Smart-Farming\Datasets\final_combined_datasets\TLCE\H\TLCE_H_0090.JPG,Tomato,H,uncontrolled,fbb480d98d83e683,Healthy
Z:\Projects\Smart-Farming\Datasets\final_combined_datasets\TLCE\H\TLCE_H_0091.JPG,Tomato,H,uncontrolled,ccd306c933cc39e6,Healthy
Z:\Projects\Smart-Farming\Datasets\final_combined_datasets\TLCE\H\TLCE_H_0092.JPG,Tomato,H,uncontrolled,8ce034d3339d63ec,Healthy
Z:\Projects\Smart-Farming\Datasets\final_combined_datasets\TLCE\H\TLCE_H_0093.JPG,Tomato,H,uncontrolled,cbe439c26a916cda,Healthy
Z:\Projects\Smart-Farming\Datasets\final_combined_datasets\TLCE\H\TLCE_H_0094.JPG,Tomato,H,uncontrolled,cfbc74c01b83c83e,Healthy
Z:\Projects\Smart-Farming\Datasets\final_combined_datasets\TLCE\H\TLCE_H_0095.JPG,Tomato,H,uncontrolled,fac2a78ed09698b2,Healthy
Z:\Projects\Smart-Farming\Datasets\final_combined_datasets\TLCE\H\TLCE_H_0096.JPG,Tomato,H,uncontrolled,cde5709e1b897099,Healthy
Z:\Projects\Smart-Farming\Datasets\final_combined_datasets\TLCE\H\TLCE_H_0097.JPG,Tomato,H,uncontrolled,dbb064da33cd922c,Healthy
Z:\Projects\Smart-Farming\Datasets\final_combined_datasets\TLCE\H\TLCE_H_0098.JPG,Tomato,H,uncontrolled,d8e6619d669106f9,Healthy
Z:\Projects\Smart-Farming\Datasets\final_combined_datasets\TLCE\H\TLCE_H_0099.JPG,Tomato,H,uncontrolled,ae428d0ff12cd33c,Healthy
Z:\Projects\Smart-Farming\Datasets\final_combined_datasets\TLCE\H\TLCE_H_0100.JPG,Tomato,H,uncontrolled,ab4dd1938eb48cc9,Healthy
Z:\Projects\Smart-Farming\Datasets\final_combined_datasets\TLCE\H\TLCE_H_0101.JPG,Tomato,H,uncontrolled,d9e3649a369874cc,Healthy
Z:\Projects\Smart-Farming\Datasets\final_combined_datasets\TLCE\H\TLCE_H_0102.JPG,Tomato,H,uncontrolled,8db274c0730ff08f,Healthy
Z:\Projects\Smart-Farming\Datasets\final_combined_datasets\TLCE\H\TLCE_H_0103.JPG,Tomato,H,uncontrolled,a8e31c1ce919f39a,Healthy
Z:\Projects\Smart-Farming\Datasets\final_combined_datasets\TLCE\H\TLCE_H_0104.JPG,Tomato,H,uncontrolled,bce782b70bc69198,Healthy
Z:\Projects\Smart-Farming\Datasets\final_combined_datasets\TLCE\H\TLCE_H_0105.JPG,Tomato,H,uncontrolled,8cf443cf26ca3ce1,Healthy
Z:\Projects\Smart-Farming\Datasets\final_combined_datasets\TLCE\H\TLCE_H_0106.JPG,Tomato,H,uncontrolled,be243163874bc6bc,Healthy
Z:\Projects\Smart-Farming\Datasets\final_combined_datasets\TLCE\H\TLCE_H_0107.JPG,Tomato,H,uncontrolled,bc30704b476ccf36,Healthy
Z:\Projects\Smart-Farming\Datasets\final_combined_datasets\TLCE\H\TLCE_H_0108.JPG,Tomato,H,uncontrolled,dee0349366cc59b8,Healthy
Z:\Projects\Smart-Farming\Datasets\final_combined_datasets\TLCE\H\TLCE_H_0109.JPG,Tomato,H,uncontrolled,fcb0c3538957c42e,Healthy
Z:\Projects\Smart-Farming\Datasets\final_combined_datasets\TLCE\H\TLCE_H_0110.JPG,Tomato,H,uncontrolled,fcbcc03393c19974,Healthy
Z:\Projects\Smart-Farming\Datasets\final_combined_datasets\TLCE\H\TLCE_H_0111.JPG,Tomato,H,uncontrolled,fbe116cef00a9839,Healthy
Z:\Projects\Smart-Farming\Datasets\final_combined_datasets\TLCE\H\TLCE_H_0112.JPG,Tomato,H,uncontrolled,8ff470c421db6639,Healthy
Z:\Projects\Smart-Farming\Datasets\final_combined_datasets\TLCE\H\TLCE_H_0113.JPG,Tomato,H,uncontrolled,ede5248e90389bf1,Healthy
Z:\Projects\Smart-Farming\Datasets\final_combined_datasets\TLCE\H\TLCE_H_0114.JPG,Tomato,H,uncontrolled,8cb7708e67b046d9,Healthy
Z:\Projects\Smart-Farming\Datasets\final_combined_datasets\TLCE\H\TLCE_H_0115.JPG,Tomato,H,uncontrolled,a6dad080ff06c23f,Healthy
Z:\Projects\Smart-Farming\Datasets\final_combined_datasets\TLCE\H\TLCE_H_0116.JPG,Tomato,H,uncontrolled,f82547d6a85b9529,Healthy
Z:\Projects\Smart-Farming\Datasets\final_combined_datasets\TLCE\H\TLCE_H_0117.JPG,Tomato,H,uncontrolled,ddaa61952a9701eb,Healthy
Z:\Projects\Smart-Farming\Datasets\final_combined_datasets\TLCE\H\TLCE_H_0118.JPG,Tomato,H,uncontrolled,ead2c58d986d9235,Healthy
Z:\Projects\Smart-Farming\Datasets\final_combined_datasets\TLCE\H\TLCE_H_0119.JPG,Tomato,H,uncontrolled,a813576edb3c90b1,Healthy
Z:\Projects\Smart-Farming\Datasets\final_combined_datasets\TLCE\H\TLCE_H_0120.JPG,Tomato,H,uncontrolled,b4c21fcb3887f01d,Healthy
Z:\Projects\Smart-Farming\Datasets\final_combined_datasets\TLCE\H\TLCE_H_0121.JPG,Tomato,H,uncontrolled,8ab364c237cf9a86,Healthy
Z:\Projects\Smart-Farming\Datasets\final_combined_datasets\TLCE\H\TLCE_H_0122.JPG,Tomato,H,uncontrolled,ab64905aa30fc33f,Healthy
Z:\Projects\Smart-Farming\Datasets\final_combined_datasets\TLCE\H\TLCE_H_0123.JPG,Tomato,H,uncontrolled,b3b0918fc46c87e6,Healthy
Z:\Projects\Smart-Farming\Datasets\final_combined_datasets\TLCE\H\TLCE_H_0124.JPG,Tomato,H,uncontrolled,dea1f112cbdd0cc8,Healthy
Z:\Projects\Smart-Farming\Datasets\final_combined_datasets\TLCE\H\TLCE_H_0125.JPG,Tomato,H,uncontrolled,8cb573464f978c52,Healthy
Z:\Projects\Smart-Farming\Datasets\final_combined_datasets\TLCE\H\TLCE_H_0126.JPG,Tomato,H,uncontrolled,bebac08dc95d8e50,Healthy
Z:\Projects\Smart-Farming\Datasets\final_combined_datasets\TLCE\H\TLCE_H_0127.JPG,Tomato,H,uncontrolled,afe0b48f9ac82c66,Healthy
Z:\Projects\Smart-Farming\Datasets\final_combined_datasets\TLCE\H\TLCE_H_0128.JPG,Tomato,H,uncontrolled,dca8679426d231cf,Healthy
Z:\Projects\Smart-Farming\Datasets\final_combined_datasets\TLCE\H\TLCE_H_0129.JPG,Tomato,H,uncontrolled,e7e4938fd81ec118,Healthy
Z:\Projects\Smart-Farming\Datasets\final_combined_datasets\TLCE\H\TLCE_H_0130.JPG,Tomato,H,uncontrolled,dca5a7865e194399,Healthy
Z:\Projects\Smart-Farming\Datasets\final_combined_datasets\TLCE\H\TLCE_H_0131.JPG,Tomato,H,uncontrolled,feb1431f2dd88648,Healthy
Z:\Projects\Smart-Farming\Datasets\final_combined_datasets\TLCE\H\TLCE_H_0132.JPG,Tomato,H,uncontrolled,bbe004936ad96b99,Healthy
Z:\Projects\Smart-Farming\Datasets\final_combined_datasets\TLCE\H\TLCE_H_0134.JPG,Tomato,H,uncontrolled,ef49e41f8f68188c,Healthy
Z:\Projects\Smart-Farming\Datasets\final_combined_datasets\TLCE\H\TLCE_H_0135.JPG,Tomato,H,uncontrolled,b9d8d2cf619cc330,Healthy
Z:\Projects\Smart-Farming\Datasets\final_combined_datasets\TLCE\H\TLCE_H_0136.JPG,Tomato,H,uncontrolled,89f1669e7cc41dc1,Healthy
Z:\Projects\Smart-Farming\Datasets\final_combined_datasets\TLCE\H\TLCE_H_0137.JPG,Tomato,H,uncontrolled,ac2532db21e75b26,Healthy
Z:\Projects\Smart-Farming\Datasets\final_combined_datasets\TLCE\H\TLCE_H_0138.JPG,Tomato,H,uncontrolled,8eb13cc2659fa49c,Healthy
Z:\Projects\Smart-Farming\Datasets\final_combined_datasets\TLCE\H\TLCE_H_0139.JPG,Tomato,H,uncontrolled,b9b2b199c29c1ecc,Healthy
Z:\Projects\Smart-Farming\Datasets\final_combined_datasets\TLCE\H\TLCE_H_0140.JPG,Tomato,H,uncontrolled,b3d18ccfe48f6098,Healthy
Z:\Projects\Smart-Farming\Datasets\final_combined_datasets\TLCE\H\TLCE_H_0141.JPG,Tomato,H,uncontrolled,dae42d96329323ce,Healthy
Z:\Projects\Smart-Farming\Datasets\final_combined_datasets\TLCE\H\TLCE_H_0142.JPG,Tomato,H,uncontrolled,dca433972ed02d9a,Healthy
Z:\Projects\Smart-Farming\Datasets\final_combined_datasets\TLCE\H\TLCE_H_0143.JPG,Tomato,H,uncontrolled,84f151cf47d4c678,Healthy
Z:\Projects\Smart-Farming\Datasets\final_combined_datasets\TLCE\H\TLCE_H_0144.JPG,Tomato,H,uncontrolled,d9b1e69a39ca18c5,Healthy
Z:\Projects\Smart-Farming\Datasets\final_combined_datasets\TLCE\H\TLCE_H_0145.JPG,Tomato,H,uncontrolled,9be4629d6c9a4cb1,Healthy
Z:\Projects\Smart-Farming\Datasets\final_combined_datasets\TLCE\H\TLCE_H_0146.JPG,Tomato,H,uncontrolled,99f4614ba4dc728e,Healthy
Z:\Projects\Smart-Farming\Datasets\final_combined_datasets\TLCE\H\TLCE_H_0147.JPG,Tomato,H,uncontrolled,af3cb048da23c1cf,Healthy
Z:\Projects\Smart-Farming\Datasets\final_combined_datasets\TLCE\H\TLCE_H_0148.JPG,Tomato,H,uncontrolled,f839e1d58a5a960b,Healthy
Z:\Projects\Smart-Farming\Datasets\final_combined_datasets\TLCE\H\TLCE_H_0149.JPG,Tomato,H,uncontrolled,fba4c69b1ab06827,Healthy
Z:\Projects\Smart-Farming\Datasets\final_combined_datasets\TLCE\H\TLCE_H_0150.JPG,Tomato,H,uncontrolled,acb3d1ca05dd26e4,Healthy
Z:\Projects\Smart-Farming\Datasets\final_combined_datasets\TLCE\H\TLCE_H_0151.JPG,Tomato,H,uncontrolled,deec2196239b6389,Healthy
Z:\Projects\Smart-Farming\Datasets\final_combined_datasets\TLCE\H\TLCE_H_0152.JPG,Tomato,H,uncontrolled,f914c9f2942e3a8d,Healthy
Z:\Projects\Smart-Farming\Datasets\final_combined_datasets\TLCE\H\TLCE_H_0153.JPG,Tomato,H,uncontrolled,ebe985959093da26,Healthy
Z:\Projects\Smart-Farming\Datasets\final_combined_datasets\TLCE\H\TLCE_H_0154.JPG,Tomato,H,uncontrolled,8bf470c16a9fe039,Healthy
Z:\Projects\Smart-Farming\Datasets\final_combined_datasets\TLCE\H\TLCE_H_0155.JPG,Tomato,H,uncontrolled,ebe492cbc6994cb0,Healthy
Z:\Projects\Smart-Farming\Datasets\final_combined_datasets\TLCE\H\TLCE_H_0156.JPG,Tomato,H,uncontrolled,a9309307fa8b94fc,Healthy
Z:\Projects\Smart-Farming\Datasets\final_combined_datasets\TLCE\H\TLCE_H_0157.JPG,Tomato,H,uncontrolled,cab565ca36cd1265,Healthy
Z:\Projects\Smart-Farming\Datasets\final_combined_datasets\TLCE\H\TLCE_H_0158.JPG,Tomato,H,uncontrolled,fca1669e1970916e,Healthy
Z:\Projects\Smart-Farming\Datasets\final_combined_datasets\TLCE\H\TLCE_H_0159.JPG,Tomato,H,uncontrolled,e8578e7a9149a55a,Healthy
Z:\Projects\Smart-Farming\Datasets\final_combined_datasets\TLCE\H\TLCE_H_0160.JPG,Tomato,H,uncontrolled,af44610ed23a9fe1,Healthy
Z:\Projects\Smart-Farming\Datasets\final_combined_datasets\TLCE\H\TLCE_H_0161.JPG,Tomato,H,uncontrolled,e947651c946ac739,Healthy
Z:\Projects\Smart-Farming\Datasets\final_combined_datasets\TLCE\H\TLCE_H_0162.JPG,Tomato,H,uncontrolled,fae0258c9a99d9c3,Healthy
Z:\Projects\Smart-Farming\Datasets\final_combined_datasets\TLCE\H\TLCE_H_0163.JPG,Tomato,H,uncontrolled,bba7a5539624da18,Healthy
Z:\Projects\Smart-Farming\Datasets\final_combined_datasets\TLCE\H\TLCE_H_0164.JPG,Tomato,H,uncontrolled,a413d63dd82f914e,Healthy
Z:\Projects\Smart-Farming\Datasets\final_combined_datasets\TLCE\H\TLCE_H_0165.JPG,Tomato,H,uncontrolled,d9e66193378d90cc,Healthy
Z:\Projects\Smart-Farming\Datasets\final_combined_datasets\TLCE\H\TLCE_H_0166.JPG,Tomato,H,uncontrolled,f931c096ced88d5a,Healthy
Z:\Projects\Smart-Farming\Datasets\final_combined_datasets\TLCE\H\TLCE_H_0167.JPG,Tomato,H,uncontrolled,acf2d08b47dcd42c,Healthy
Z:\Projects\Smart-Farming\Datasets\final_combined_datasets\TLCE\H\TLCE_H_0168.JPG,Tomato,H,uncontrolled,ab97b061c3338f4a,Healthy
Z:\Projects\Smart-Farming\Datasets\final_combined_datasets\TLCE\H\TLCE_H_0169.JPG,Tomato,H,uncontrolled,a6e0b586d21e49f9,Healthy
Z:\Projects\Smart-Farming\Datasets\final_combined_datasets\TLCE\H\TLCE_H_0170.JPG,Tomato,H,uncontrolled,f86586669636529e,Healthy
Z:\Projects\Smart-Farming\Datasets\final_combined_datasets\TLCE\H\TLCE_H_0171.JPG,Tomato,H,uncontrolled,ba4b8539c835cb72,Healthy
Z:\Projects\Smart-Farming\Datasets\final_combined_datasets\TLCE\H\TLCE_H_0172.JPG,Tomato,H,uncontrolled,cab4249b39c95b2d,Healthy
Z:\Projects\Smart-Farming\Datasets\final_combined_datasets\TLCE\H\TLCE_H_0173.JPG,Tomato,H,uncontrolled,e9e98c8df09e81b2,Healthy
Z:\Projects\Smart-Farming\Datasets\final_combined_datasets\TLCE\H\TLCE_H_0174.JPG,Tomato,H,uncontrolled,b847c638963bc731,Healthy
Z:\Projects\Smart-Farming\Datasets\final_combined_datasets\TLCE\H\TLCE_H_0175.JPG,Tomato,H,uncontrolled,fda84297e91de444,Healthy
Z:\Projects\Smart-Farming\Datasets\final_combined_datasets\TLCE\H\TLCE_H_0176.JPG,Tomato,H,uncontrolled,f831e1de8c8e6d48,Healthy
Z:\Projects\Smart-Farming\Datasets\final_combined_datasets\TLCE\H\TLCE_H_0177.JPG,Tomato,H,uncontrolled,faa5c217cc9a0db8,Healthy
Z:\Projects\Smart-Farming\Datasets\final_combined_datasets\TLCE\H\TLCE_H_0178.JPG,Tomato,H,uncontrolled,a634785b8376e46c,Healthy
Z:\Projects\Smart-Farming\Datasets\final_combined_datasets\TLCE\H\TLCE_H_0179.JPG,Tomato,H,uncontrolled,ea62c54e4e69994b,Healthy
Z:\Projects\Smart-Farming\Datasets\final_combined_datasets\TLCE\H\TLCE_H_0180.JPG,Tomato,H,uncontrolled,ab7fbc05f09c6230,Healthy
Z:\Projects\Smart-Farming\Datasets\final_combined_datasets\TLCE\H\TLCE_H_0182.JPG,Tomato,H,uncontrolled,af19b073c7260e96,Healthy
Z:\Projects\Smart-Farming\Datasets\final_combined_datasets\TLCE\H\TLCE_H_0183.JPG,Tomato,H,uncontrolled,f847ed3cc448ce31,Healthy
Z:\Projects\Smart-Farming\Datasets\final_combined_datasets\TLCE\H\TLCE_H_0184.JPG,Tomato,H,uncontrolled,ece4a49eb0a93556,Healthy
Z:\Projects\Smart-Farming\Datasets\final_combined_datasets\TLCE\H\TLCE_H_0185.JPG,Tomato,H,uncontrolled,b6b1938fc9588c78,Healthy
Z:\Projects\Smart-Farming\Datasets\final_combined_datasets\TLCE\H\TLCE_H_0186.JPG,Tomato,H,uncontrolled,95fa68c13e8eb05c,Healthy
Z:\Projects\Smart-Farming\Datasets\final_combined_datasets\TLCE\H\TLCE_H_0187.JPG,Tomato,H,uncontrolled,dcb332cdcbe48c88,Healthy
Z:\Projects\Smart-Farming\Datasets\final_combined_datasets\TLCE\H\TLCE_H_0188.JPG,Tomato,H,uncontrolled,f938e1c383c79e84,Healthy
Z:\Projects\Smart-Farming\Datasets\final_combined_datasets\TLCE\H\TLCE_H_0190.JPG,Tomato,H,uncontrolled,aae4b386f03ee131,Healthy
Z:\Projects\Smart-Farming\Datasets\final_combined_datasets\TLCE\H\TLCE_H_0191.JPG,Tomato,H,uncontrolled,ede4a6921cc3d81b,Healthy
Z:\Projects\Smart-Farming\Datasets\final_combined_datasets\TLCE\H\TLCE_H_0192.JPG,Tomato,H,uncontrolled,ba34e44ae187c6ea,Healthy
Z:\Projects\Smart-Farming\Datasets\final_combined_datasets\TLCE\H\TLCE_H_0193.JPG,Tomato,H,uncontrolled,ec1dc46a94e47366,Healthy
Z:\Projects\Smart-Farming\Datasets\final_combined_datasets\TLCE\H\TLCE_H_0194.JPG,Tomato,H,uncontrolled,8cf370ce659827d8,Healthy
Z:\Projects\Smart-Farming\Datasets\final_combined_datasets\TLCE\H\TLCE_H_0195.JPG,Tomato,H,uncontrolled,cda4b0ce37990d99,Healthy
Z:\Projects\Smart-Farming\Datasets\final_combined_datasets\TLCE\H\TLCE_H_0196.JPG,Tomato,H,uncontrolled,fbb1e1c58f528c48,Healthy
Z:\Projects\Smart-Farming\Datasets\final_combined_datasets\TLCE\H\TLCE_H_0197.JPG,Tomato,H,uncontrolled,99d706d81b640f37,Healthy
Z:\Projects\Smart-Farming\Datasets\final_combined_datasets\TLCE\H\TLCE_H_0198.JPG,Tomato,H,uncontrolled,e9e6b191c6c89a93,Healthy
Z:\Projects\Smart-Farming\Datasets\final_combined_datasets\TLCE\H\TLCE_H_0199.JPG,Tomato,H,uncontrolled,af3af018c33b69c1,Healthy
Z:\Projects\Smart-Farming\Datasets\final_combined_datasets\TLCE\H\TLCE_H_0200.JPG,Tomato,H,uncontrolled,acb3d3ce9a4c2589,Healthy
Z:\Projects\Smart-Farming\Datasets\final_combined_datasets\TLCE\H\TLCE_H_0201.JPG,Tomato,H,uncontrolled,ade4e68ec39cd809,Healthy
Z:\Projects\Smart-Farming\Datasets\final_combined_datasets\TLCE\H\TLCE_H_0202.JPG,Tomato,H,uncontrolled,daa261c46fda6439,Healthy
Z:\Projects\Smart-Farming\Datasets\final_combined_datasets\TLCE\H\TLCE_H_0203.JPG,Tomato,H,uncontrolled,b9b5d3cb4f980c09,Healthy
Z:\Projects\Smart-Farming\Datasets\final_combined_datasets\TLCE\H\TLCE_H_0204.JPG,Tomato,H,uncontrolled,8ff042d936c13c8f,Healthy
Z:\Projects\Smart-Farming\Datasets\final_combined_datasets\TLCE\H\TLCE_H_0205.JPG,Tomato,H,uncontrolled,ed6d3446a63296e2,Healthy
Z:\Projects\Smart-Farming\Datasets\final_combined_datasets\TLCE\H\TLCE_H_0206.JPG,Tomato,H,uncontrolled,fba0931ed20cc9e9,Healthy
Z:\Projects\Smart-Farming\Datasets\final_combined_datasets\TLCE\H\TLCE_H_0207.JPG,Tomato,H,uncontrolled,f6e1911be29f844c,Healthy
Z:\Projects\Smart-Farming\Datasets\final_combined_datasets\TLCE\H\TLCE_H_0208.JPG,Tomato,H,uncontrolled,8ff450cf60d827c9,Healthy
Z:\Projects\Smart-Farming\Datasets\final_combined_datasets\TLCE\H\TLCE_H_0209.JPG,Tomato,H,uncontrolled,d8f3a49966d8338c,Healthy
Z:\Projects\Smart-Farming\Datasets\final_combined_datasets\TLCE\H\TLCE_H_0210.JPG,Tomato,H,uncontrolled,ea1be4c50fa4b18d,Healthy
Z:\Projects\Smart-Farming\Datasets\final_combined_datasets\TLCE\H\TLCE_H_0211.JPG,Tomato,H,uncontrolled,bef0b083c19fc5c8,Healthy
Z:\Projects\Smart-Farming\Datasets\final_combined_datasets\TLCE\H\TLCE_H_0212.JPG,Tomato,H,uncontrolled,ea4da53ed6228e62,Healthy
Z:\Projects\Smart-Farming\Datasets\final_combined_datasets\TLCE\H\TLCE_H_0213.JPG,Tomato,H,uncontrolled,9cf366916ec50ec8,Healthy
Z:\Projects\Smart-Farming\Datasets\final_combined_datasets\TLCE\H\TLCE_H_0214.JPG,Tomato,H,uncontrolled,b846a71cf28e63b1,Healthy
Z:\Projects\Smart-Farming\Datasets\final_combined_datasets\TLCE\H\TLCE_H_0215.JPG,Tomato,H,uncontrolled,9bec3c9422d3239b,Healthy
Z:\Projects\Smart-Farming\Datasets\final_combined_datasets\TLCE\H\TLCE_H_0216.JPG,Tomato,H,uncontrolled,fa47a1369632cb31,Healthy
Z:\Projects\Smart-Farming\Datasets\final_combined_datasets\TLCE\H\TLCE_H_0217.JPG,Tomato,H,uncontrolled,a7f2e48b4ea66134,Healthy
Z:\Projects\Smart-Farming\Datasets\final_combined_datasets\TLCE\H\TLCE_H_0218.JPG,Tomato,H,uncontrolled,c9b6649133c51bcd,Healthy
Z:\Projects\Smart-Farming\Datasets\final_combined_datasets\TLCE\H\TLCE_H_0219.JPG,Tomato,H,uncontrolled,faec85924acd2cc6,Healthy
Z:\Projects\Smart-Farming\Datasets\final_combined_datasets\TLCE\H\TLCE_H_0220.JPG,Tomato,H,uncontrolled,bbd6b5c146272ab0,Healthy
Z:\Projects\Smart-Farming\Datasets\final_combined_datasets\TLCE\H\TLCE_H_0221.JPG,Tomato,H,uncontrolled,adf093c3301d7237,Healthy
Z:\Projects\Smart-Farming\Datasets\final_combined_datasets\TLCE\H\TLCE_H_0222.JPG,Tomato,H,uncontrolled,dae42dd2638f2499,Healthy
Z:\Projects\Smart-Farming\Datasets\final_combined_datasets\TLCE\H\TLCE_H_0223.JPG,Tomato,H,uncontrolled,99f176916d8035ce,Healthy
Z:\Projects\Smart-Farming\Datasets\final_combined_datasets\TLCE\H\TLCE_H_0224.JPG,Tomato,H,uncontrolled,fea59319ca54a943,Healthy
Z:\Projects\Smart-Farming\Datasets\final_combined_datasets\TLCE\H\TLCE_H_0225.JPG,Tomato,H,uncontrolled,e946966ad239c335,Healthy
Z:\Projects\Smart-Farming\Datasets\final_combined_datasets\TLCE\H\TLCE_H_0226.JPG,Tomato,H,uncontrolled,8b9ffcc8846c42a7,Healthy
Z:\Projects\Smart-Farming\Datasets\final_combined_datasets\TLCE\H\TLCE_H_0227.JPG,Tomato,H,uncontrolled,88e6678c399334cf,Healthy
Z:\Projects\Smart-Farming\Datasets\final_combined_datasets\TLCE\H\TLCE_H_0228.JPG,Tomato,H,uncontrolled,fbe1a51ed2298325,Healthy
Z:\Projects\Smart-Farming\Datasets\final_combined_datasets\TLCE\H\TLCE_H_0229.JPG,Tomato,H,uncontrolled,b8e3a49e68cf306c,Healthy
Z:\Projects\Smart-Farming\Datasets\final_combined_datasets\TLCE\H\TLCE_H_0230.JPG,Tomato,H,uncontrolled,9cd313cc149d5eb4,Healthy
Z:\Projects\Smart-Farming\Datasets\final_combined_datasets\TLCE\H\TLCE_H_0231.JPG,Tomato,H,uncontrolled,9919f46ec28b1be4,Healthy
Z:\Projects\Smart-Farming\Datasets\final_combined_datasets\TLCE\H\TLCE_H_0232.JPG,Tomato,H,uncontrolled,faf3e71c94c21909,Healthy
Z:\Projects\Smart-Farming\Datasets\final_combined_datasets\TLCE\H\TLCE_H_0233.JPG,Tomato,H,uncontrolled,ee61a11cc43fdad0,Healthy
Z:\Projects\Smart-Farming\Datasets\final_combined_datasets\TLCE\H\TLCE_H_0234.JPG,Tomato,H,uncontrolled,baf3839ace289478,Healthy
Z:\Projects\Smart-Farming\Datasets\final_combined_datasets\TLCE\H\TLCE_H_0235.JPG,Tomato,H,uncontrolled,d9b66dc5258bd04c,Healthy
Z:\Projects\Smart-Farming\Datasets\final_combined_datasets\TLCE\H\TLCE_H_0236.JPG,Tomato,H,uncontrolled,ade29693da09857c,Healthy
Z:\Projects\Smart-Farming\Datasets\final_combined_datasets\TLCE\H\TLCE_H_0237.JPG,Tomato,H,uncontrolled,ff29e056c29b8d18,Healthy
Z:\Projects\Smart-Farming\Datasets\final_combined_datasets\TLCE\H\TLCE_H_0238.JPG,Tomato,H,uncontrolled,fc438b29c1651da7,Healthy
Z:\Projects\Smart-Farming\Datasets\final_combined_datasets\TLCE\H\TLCE_H_0239.JPG,Tomato,H,uncontrolled,f9a905c63ed8d21a,Healthy
Z:\Projects\Smart-Farming\Datasets\final_combined_datasets\TLCE\H\TLCE_H_0240.JPG,Tomato,H,uncontrolled,fe35d14a84cccae4,Healthy
Z:\Projects\Smart-Farming\Datasets\final_combined_datasets\TLCE\H\TLCE_H_0241.JPG,Tomato,H,uncontrolled,dcb461cf56688d38,Healthy
Z:\Projects\Smart-Farming\Datasets\final_combined_datasets\TLCE\H\TLCE_H_0242.JPG,Tomato,H,uncontrolled,fe38e0c38746caac,Healthy
Z:\Projects\Smart-Farming\Datasets\final_combined_datasets\TLCE\H\TLCE_H_0243.JPG,Tomato,H,uncontrolled,fab1e5ce94889961,Healthy
Z:\Projects\Smart-Farming\Datasets\final_combined_datasets\TLCE\H\TLCE_H_0244.JPG,Tomato,H,uncontrolled,eca59219cd5e854b,Healthy
Z:\Projects\Smart-Farming\Datasets\final_combined_datasets\TLCE\H\TLCE_H_0245.JPG,Tomato,H,uncontrolled,8ab5fd50f04b8762,Healthy
Z:\Projects\Smart-Farming\Datasets\final_combined_datasets\TLCE\H\TLCE_H_0246.JPG,Tomato,H,uncontrolled,9df3649bcacc112c,Healthy
Z:\Projects\Smart-Farming\Datasets\final_combined_datasets\TLCE\H\TLCE_H_0247.JPG,Tomato,H,uncontrolled,c8ba66c12e8b74ce,Healthy
Z:\Projects\Smart-Farming\Datasets\final_combined_datasets\TLCE\H\TLCE_H_0248.JPG,Tomato,H,uncontrolled,d7aa21950ed8e8dc,Healthy
Z:\Projects\Smart-Farming\Datasets\final_combined_datasets\TLCE\H\TLCE_H_0249.JPG,Tomato,H,uncontrolled,fb47e13c14e6b218,Healthy
Z:\Projects\Smart-Farming\Datasets\final_combined_datasets\TLCE\H\TLCE_H_0250.JPG,Tomato,H,uncontrolled,cb60892fe92d6595,Healthy
Z:\Projects\Smart-Farming\Datasets\final_combined_datasets\TLCE\H\TLCE_H_0251.JPG,Tomato,H,uncontrolled,ede3b68a823ecb80,Healthy
Z:\Projects\Smart-Farming\Datasets\final_combined_datasets\TLCE\H\TLCE_H_0252.JPG,Tomato,H,uncontrolled,f9e406926e9923cd,Healthy
Z:\Projects\Smart-Farming\Datasets\final_combined_datasets\TLCE\H\TLCE_H_0253.JPG,Tomato,H,uncontrolled,b9e1e49ef29c83a0,Healthy
Z:\Projects\Smart-Farming\Datasets\final_combined_datasets\TLCE\H\TLCE_H_0254.JPG,Tomato,H,uncontrolled,bec1b0a39ac7619c,Healthy
Z:\Projects\Smart-Farming\Datasets\final_combined_datasets\TLCE\H\TLCE_H_0255.JPG,Tomato,H,uncontrolled,fa27a556b719c109,Healthy
Z:\Projects\Smart-Farming\Datasets\final_combined_datasets\TLCE\H\TLCE_H_0256.JPG,Tomato,H,uncontrolled,8be4308b6dbe9c68,Healthy
Z:\Projects\Smart-Farming\Datasets\final_combined_datasets\TLCE\H\TLCE_H_0257.JPG,Tomato,H,uncontrolled,f9e62389c48c9ab6,Healthy
Z:\Projects\Smart-Farming\Datasets\final_combined_datasets\TLCE\H\TLCE_H_0258.JPG,Tomato,H,uncontrolled,f843853d7134e33c,Healthy
Z:\Projects\Smart-Farming\Datasets\final_combined_datasets\TLCE\H\TLCE_H_0259.JPG,Tomato,H,uncontrolled,fcb352cd8e98cc88,Healthy
Z:\Projects\Smart-Farming\Datasets\final_combined_datasets\TLCE\H\TLCE_H_0260.JPG,Tomato,H,uncontrolled,f2ae0d8d52176a96,Healthy
Z:\Projects\Smart-Farming\Datasets\final_combined_datasets\TLCE\H\TLCE_H_0261.JPG,Tomato,H,uncontrolled,fc46e72c9664c836,Healthy
Z:\Projects\Smart-Farming\Datasets\final_combined_datasets\TLCE\H\TLCE_H_0262.JPG,Tomato,H,uncontrolled,ac93b24bcb4e8dc8,Healthy
Z:\Projects\Smart-Farming\Datasets\final_combined_datasets\TLCE\H\TLCE_H_0263.JPG,Tomato,H,uncontrolled,bee0238f3c98e41d,Healthy
Z:\Projects\Smart-Farming\Datasets\final_combined_datasets\TLCE\H\TLCE_H_0264.JPG,Tomato,H,uncontrolled,dcf324ca13c91bcc,Healthy
Z:\Projects\Smart-Farming\Datasets\final_combined_datasets\TLCE\H\TLCE_H_0265.JPG,Tomato,H,uncontrolled,dca662996ec136cc,Healthy
Z:\Projects\Smart-Farming\Datasets\final_combined_datasets\TLCE\H\TLCE_H_0266.JPG,Tomato,H,uncontrolled,a6ecb29bcd324570,Healthy
Z:\Projects\Smart-Farming\Datasets\final_combined_datasets\TLCE\H\TLCE_H_0267.JPG,Tomato,H,uncontrolled,ed12e53c9e649037,Healthy
Z:\Projects\Smart-Farming\Datasets\final_combined_datasets\TLCE\H\TLCE_H_0268.JPG,Tomato,H,uncontrolled,d0af37c43ac5248f,Healthy
Z:\Projects\Smart-Farming\Datasets\final_combined_datasets\TLCE\H\TLCE_H_0269.JPG,Tomato,H,uncontrolled,8bf470833ed8e51a,Healthy
Z:\Projects\Smart-Farming\Datasets\final_combined_datasets\TLCE\H\TLCE_H_0270.JPG,Tomato,H,uncontrolled,88e731cc73d16693,Healthy
Z:\Projects\Smart-Farming\Datasets\final_combined_datasets\TLCE\H\TLCE_H_0271.JPG,Tomato,H,uncontrolled,ae1c7049c5279bb6,Healthy
Z:\Projects\Smart-Farming\Datasets\final_combined_datasets\TLCE\H\TLCE_H_0272.JPG,Tomato,H,uncontrolled,89f054cb6e8d7487,Healthy
Z:\Projects\Smart-Farming\Datasets\final_combined_datasets\TLCE\H\TLCE_H_0273.JPG,Tomato,H,uncontrolled,b991f3438f2e942c,Healthy
Z:\Projects\Smart-Farming\Datasets\final_combined_datasets\TLCE\H\TLCE_H_0274.JPG,Tomato,H,uncontrolled,8be639c073c9c61d,Healthy
Z:\Projects\Smart-Farming\Datasets\final_combined_datasets\TLCE\H\TLCE_H_0275.JPG,Tomato,H,uncontrolled,d8a427d36ccb648d,Healthy
Z:\Projects\Smart-Farming\Datasets\final_combined_datasets\TLCE\H\TLCE_H_0276.JPG,Tomato,H,uncontrolled,8ba431c0769bce3b,Healthy
Z:\Projects\Smart-Farming\Datasets\final_combined_datasets\TLCE\H\TLCE_H_0277.JPG,Tomato,H,uncontrolled,cab165c237c9f02d,Healthy
Z:\Projects\Smart-Farming\Datasets\final_combined_datasets\TLCE\H\TLCE_H_0278.JPG,Tomato,H,uncontrolled,d9b36499738c13c6,Healthy
Z:\Projects\Smart-Farming\Datasets\final_combined_datasets\TLCE\H\TLCE_H_0279.JPG,Tomato,H,uncontrolled,daa561ce25da0c3b,Healthy
Z:\Projects\Smart-Farming\Datasets\final_combined_datasets\TLCE\H\TLCE_H_0280.JPG,Tomato,H,uncontrolled,a8b797ca129938b3,Healthy
Z:\Projects\Smart-Farming\Datasets\final_combined_datasets\TLCE\H\TLCE_H_0281.JPG,Tomato,H,uncontrolled,fe30e1c30fce849c,Healthy
Z:\Projects\Smart-Farming\Datasets\final_combined_datasets\TLCE\H\TLCE_H_0282.JPG,Tomato,H,uncontrolled,ede4e68e921a89e4,Healthy
Z:\Projects\Smart-Farming\Datasets\final_combined_datasets\TLCE\H\TLCE_H_0283.JPG,Tomato,H,uncontrolled,bbace013c2738778,Healthy
Z:\Projects\Smart-Farming\Datasets\final_combined_datasets\TLCE\H\TLCE_H_0284.JPG,Tomato,H,uncontrolled,9bec639967902cc3,Healthy
Z:\Projects\Smart-Farming\Datasets\final_combined_datasets\TLCE\H\TLCE_H_0285.JPG,Tomato,H,uncontrolled,ae44c236ce609e6f,Healthy
Z:\Projects\Smart-Farming\Datasets\final_combined_datasets\TLCE\H\TLCE_H_0286.JPG,Tomato,H,uncontrolled,8cf231ce718d1679,Healthy
Z:\Projects\Smart-Farming\Datasets\final_combined_datasets\TLCE\H\TLCE_H_0287.JPG,Tomato,H,uncontrolled,bf9dd44a853c12e1,Healthy
Z:\Projects\Smart-Farming\Datasets\final_combined_datasets\TLCE\H\TLCE_H_0288.JPG,Tomato,H,uncontrolled,dba421d6229bcd99,Healthy
Z:\Projects\Smart-Farming\Datasets\final_combined_datasets\TLCE\H\TLCE_H_0289.JPG,Tomato,H,uncontrolled,ebb5d993266a8458,Healthy
Z:\Projects\Smart-Farming\Datasets\final_combined_datasets\TLCE\H\TLCE_H_0290.JPG,Tomato,H,uncontrolled,dce3168d38c623da,Healthy
Z:\Projects\Smart-Farming\Datasets\final_combined_datasets\TLCE\H\TLCE_H_0291.JPG,Tomato,H,uncontrolled,f8b2a19186cb4bcd,Healthy
Z:\Projects\Smart-Farming\Datasets\final_combined_datasets\TLCE\H\TLCE_H_0292.JPG,Tomato,H,uncontrolled,ba2df57281435e85,Healthy
Z:\Projects\Smart-Farming\Datasets\final_combined_datasets\TLCE\H\TLCE_H_0293.JPG,Tomato,H,uncontrolled,ecf360c5c3c49a3c,Healthy
Z:\Projects\Smart-Farming\Datasets\final_combined_datasets\TLCE\H\TLCE_H_0294.JPG,Tomato,H,uncontrolled,aff690c11bc509ce,Healthy
Z:\Projects\Smart-Farming\Datasets\final_combined_datasets\TLCE\H\TLCE_H_0295.JPG,Tomato,H,uncontrolled,a43cf4730166bf64,Healthy
Z:\Projects\Smart-Farming\Datasets\final_combined_datasets\TLCE\H\TLCE_H_0296.JPG,Tomato,H,uncontrolled,f36e33d41c2b4871,Healthy
Z:\Projects\Smart-Farming\Datasets\final_combined_datasets\TLCE\H\TLCE_H_0297.JPG,Tomato,H,uncontrolled,dae561972cd8a5c8,Healthy
Z:\Projects\Smart-Farming\Datasets\final_combined_datasets\TLCE\H\TLCE_H_0298.JPG,Tomato,H,uncontrolled,ae44e40f92799dc6,Healthy
Z:\Projects\Smart-Farming\Datasets\final_combined_datasets\TLCE\H\TLCE_H_0299.JPG,Tomato,H,uncontrolled,f8aba55da45a922c,Healthy
Z:\Projects\Smart-Farming\Datasets\final_combined_datasets\TLCE\H\TLCE_H_0300.JPG,Tomato,H,uncontrolled,ccb3648737c8312f,Healthy
Z:\Projects\Smart-Farming\Datasets\final_combined_datasets\TLCE\H\TLCE_H_0301.JPG,Tomato,H,uncontrolled,ece561ca16991ada,Healthy
Z:\Projects\Smart-Farming\Datasets\final_combined_datasets\TLCE\H\TLCE_H_0302.JPG,Tomato,H,uncontrolled,8df4649b6cc132ce,Healthy
Z:\Projects\Smart-Farming\Datasets\final_combined_datasets\TLCE\H\TLCE_H_0303.JPG,Tomato,H,uncontrolled,ad4fe5301e37b242,Healthy
Z:\Projects\Smart-Farming\Datasets\final_combined_datasets\TLCE\H\TLCE_H_0304.JPG,Tomato,H,uncontrolled,ef64a41ed28ce86c,Healthy
Z:\Projects\Smart-Farming\Datasets\final_combined_datasets\TLCE\H\TLCE_H_0305.JPG,Tomato,H,uncontrolled,89f6709b67599621,Healthy
Z:\Projects\Smart-Farming\Datasets\final_combined_datasets\TLCE\H\TLCE_H_0306.JPG,Tomato,H,uncontrolled,a6f093c3f90fc09c,Healthy
Z:\Projects\Smart-Farming\Datasets\final_combined_datasets\TLCE\H\TLCE_H_0307.JPG,Tomato,H,uncontrolled,abb0f08707cdcccc,Healthy
Z:\Projects\Smart-Farming\Datasets\final_combined_datasets\TLCE\H\TLCE_H_0308.JPG,Tomato,H,uncontrolled,afca9b8984e3c4b1,Healthy
Z:\Projects\Smart-Farming\Datasets\final_combined_datasets\TLCE\H\TLCE_H_0309.JPG,Tomato,H,uncontrolled,cbd026cf38f0c93c,Healthy
Z:\Projects\Smart-Farming\Datasets\final_combined_datasets\TLCE\H\TLCE_H_0310.JPG,Tomato,H,uncontrolled,f9e6249c329c59b1,Healthy
Z:\Projects\Smart-Farming\Datasets\final_combined_datasets\TLCE\H\TLCE_H_0311.JPG,Tomato,H,uncontrolled,a916fe78c021c3e7,Healthy
Z:\Projects\Smart-Farming\Datasets\final_combined_datasets\TLCE\H\TLCE_H_0312.JPG,Tomato,H,uncontrolled,daa525daa538d22d,Healthy
Z:\Projects\Smart-Farming\Datasets\final_combined_datasets\TLCE\H\TLCE_H_0313.JPG,Tomato,H,uncontrolled,fcb095cfc36d0924,Healthy
Z:\Projects\Smart-Farming\Datasets\final_combined_datasets\TLCE\H\TLCE_H_0314.JPG,Tomato,H,uncontrolled,fb49a90da43c47b4,Healthy
Z:\Projects\Smart-Farming\Datasets\final_combined_datasets\TLCE\H\TLCE_H_0315.JPG,Tomato,H,uncontrolled,8ead70c333c6699a,Healthy
Z:\Projects\Smart-Farming\Datasets\final_combined_datasets\TLCE\H\TLCE_H_0316.JPG,Tomato,H,uncontrolled,aeb47049d10f92f6,Healthy
Z:\Projects\Smart-Farming\Datasets\final_combined_datasets\TLCE\H\TLCE_H_0317.JPG,Tomato,H,uncontrolled,fa43248cc53de933,Healthy
Z:\Projects\Smart-Farming\Datasets\final_combined_datasets\TLCE\H\TLCE_H_0318.JPG,Tomato,H,uncontrolled,b7f223c60b8dd81c,Healthy
Z:\Projects\Smart-Farming\Datasets\final_combined_datasets\TLCE\H\TLCE_H_0319.JPG,Tomato,H,uncontrolled,ec46e43ec3291ae5,Healthy
Z:\Projects\Smart-Farming\Datasets\final_combined_datasets\TLCE\H\TLCE_H_0320.JPG,Tomato,H,uncontrolled,bcb2819dcbe48e64,Healthy
Z:\Projects\Smart-Farming\Datasets\final_combined_datasets\TLCE\H\TLCE_H_0321.JPG,Tomato,H,uncontrolled,9be6e49372c91b0c,Healthy
Z:\Projects\Smart-Farming\Datasets\final_combined_datasets\TLCE\H\TLCE_H_0322.JPG,Tomato,H,uncontrolled,adf2338b628cd2cc,Healthy
Z:\Projects\Smart-Farming\Datasets\final_combined_datasets\TLCE\H\TLCE_H_0323.JPG,Tomato,H,uncontrolled,8cf231cf718c527c,Healthy
Z:\Projects\Smart-Farming\Datasets\final_combined_datasets\TLCE\H\TLCE_H_0324.JPG,Tomato,H,uncontrolled,d84ba9255576ba26,Healthy
Z:\Projects\Smart-Farming\Datasets\final_combined_datasets\TLCE\H\TLCE_H_0325.JPG,Tomato,H,uncontrolled,b9b47811e9356b13,Healthy
Z:\Projects\Smart-Farming\Datasets\final_combined_datasets\TLCE\H\TLCE_H_0326.JPG,Tomato,H,uncontrolled,f945b50cd63ac239,Healthy
Z:\Projects\Smart-Farming\Datasets\final_combined_datasets\TLCE\H\TLCE_H_0327.JPG,Tomato,H,uncontrolled,e936b173123933c9,Healthy
Z:\Projects\Smart-Farming\Datasets\final_combined_datasets\TLCE\H\TLCE_H_0328.JPG,Tomato,H,uncontrolled,f834c753b9699432,Healthy
Z:\Projects\Smart-Farming\Datasets\final_combined_datasets\TLCE\H\TLCE_H_0329.JPG,Tomato,H,uncontrolled,e9248532dacd659d,Healthy
Z:\Projects\Smart-Farming\Datasets\final_combined_datasets\TLCE\H\TLCE_H_0330.JPG,Tomato,H,uncontrolled,fd3da0d0568ab169,Healthy
Z:\Projects\Smart-Farming\Datasets\final_combined_datasets\TLCE\H\TLCE_H_0331.JPG,Tomato,H,uncontrolled,ac24d35f1ee1d816,Healthy
Z:\Projects\Smart-Farming\Datasets\final_combined_datasets\TLCE\H\TLCE_H_0332.JPG,Tomato,H,uncontrolled,fe3d10d8e24ea5c2,Healthy
Z:\Projects\Smart-Farming\Datasets\final_combined_datasets\TLCE\H\TLCE_H_0333.JPG,Tomato,H,uncontrolled,bfa7b0d88561caa4,Healthy
Z:\Projects\Smart-Farming\Datasets\final_combined_datasets\TLCE\H\TLCE_H_0334.JPG,Tomato,H,uncontrolled,c8a5719e65993699,Healthy
Z:\Projects\Smart-Farming\Datasets\final_combined_datasets\TLCE\H\TLCE_H_0335.JPG,Tomato,H,uncontrolled,a7e4f28964369b92,Healthy
Z:\Projects\Smart-Farming\Datasets\final_combined_datasets\TLCE\H\TLCE_H_0336.JPG,Tomato,H,uncontrolled,a9b4904be53c46ed,Healthy
Z:\Projects\Smart-Farming\Datasets\final_combined_datasets\TLCE\H\TLCE_H_0338.JPG,Tomato,H,uncontrolled,cce73b94609aa578,Healthy
Z:\Projects\Smart-Farming\Datasets\final_combined_datasets\TLCE\H\TLCE_H_0339.JPG,Tomato,H,uncontrolled,ae355213d94c95ce,Healthy
Z:\Projects\Smart-Farming\Datasets\final_combined_datasets\TLCE\H\TLCE_H_0340.JPG,Tomato,H,uncontrolled,ad65f40fcc6c0ccc,Healthy
Z:\Projects\Smart-Farming\Datasets\final_combined_datasets\TLCE\H\TLCE_H_0341.JPG,Tomato,H,uncontrolled,a9463949d33dc23d,Healthy
Z:\Projects\Smart-Farming\Datasets\final_combined_datasets\TLCE\H\TLCE_H_0342.JPG,Tomato,H,uncontrolled,af9033679e24cc9c,Healthy
Z:\Projects\Smart-Farming\Datasets\final_combined_datasets\TLCE\H\TLCE_H_0343.JPG,Tomato,H,uncontrolled,e8a547cbb552c836,Healthy
Z:\Projects\Smart-Farming\Datasets\final_combined_datasets\TLCE\H\TLCE_H_0344.JPG,Tomato,H,uncontrolled,ad947859832dc36e,Healthy
Z:\Projects\Smart-Farming\Datasets\final_combined_datasets\TLCE\H\TLCE_H_0345.JPG,Tomato,H,uncontrolled,ea62a56c96785ac5,Healthy
Z:\Projects\Smart-Farming\Datasets\final_combined_datasets\TLCE\H\TLCE_H_0346.JPG,Tomato,H,uncontrolled,d8a6259d96ea9a25,Healthy
Z:\Projects\Smart-Farming\Datasets\final_combined_datasets\TLCE\H\TLCE_H_0347.JPG,Tomato,H,uncontrolled,b191c84f9e6c9974,Healthy
Z:\Projects\Smart-Farming\Datasets\final_combined_datasets\TLCE\H\TLCE_H_0348.JPG,Tomato,H,uncontrolled,bd1e9878d1214773,Healthy
Z:\Projects\Smart-Farming\Datasets\final_combined_datasets\TLCE\H\TLCE_H_0349.JPG,Tomato,H,uncontrolled,f94697498537c334,Healthy
Z:\Projects\Smart-Farming\Datasets\final_combined_datasets\TLCE\H\TLCE_H_0350.JPG,Tomato,H,uncontrolled,dbe4e49262dbe118,Healthy
Z:\Projects\Smart-Farming\Datasets\final_combined_datasets\TLCE\H\TLCE_H_0351.JPG,Tomato,H,uncontrolled,e827875a96a95a55,Healthy
Z:\Projects\Smart-Farming\Datasets\final_combined_datasets\TLCE\H\TLCE_H_0352.JPG,Tomato,H,uncontrolled,8ef570ce279a6429,Healthy
Z:\Projects\Smart-Farming\Datasets\final_combined_datasets\TLCE\H\TLCE_H_0353.JPG,Tomato,H,uncontrolled,bde2e09b46994e91,Healthy
Z:\Projects\Smart-Farming\Datasets\final_combined_datasets\TLCE\H\TLCE_H_0354.JPG,Tomato,H,uncontrolled,eeb290cfc7cc1630,Healthy
Z:\Projects\Smart-Farming\Datasets\final_combined_datasets\TLCE\H\TLCE_H_0355.JPG,Tomato,H,uncontrolled,d9eb3594269223da,Healthy
Z:\Projects\Smart-Farming\Datasets\final_combined_datasets\TLCE\H\TLCE_H_0356.JPG,Tomato,H,uncontrolled,89e6669e528f3199,Healthy
Z:\Projects\Smart-Farming\Datasets\final_combined_datasets\TLCE\H\TLCE_H_0357.JPG,Tomato,H,uncontrolled,fb36ac985163a2c9,Healthy
Z:\Projects\Smart-Farming\Datasets\final_combined_datasets\TLCE\H\TLCE_H_0358.JPG,Tomato,H,uncontrolled,8df070cb358f328e,Healthy
Z:\Projects\Smart-Farming\Datasets\final_combined_datasets\TLCE\H\TLCE_H_0359.JPG,Tomato,H,uncontrolled,b8f713c816944df1,Healthy
Z:\Projects\Smart-Farming\Datasets\final_combined_datasets\TLCE\H\TLCE_H_0360.JPG,Tomato,H,uncontrolled,d8e365933ecb104d,Healthy
Z:\Projects\Smart-Farming\Datasets\final_combined_datasets\TLCE\H\TLCE_H_0361.JPG,Tomato,H,uncontrolled,ffbaf0904a198b61,Healthy
Z:\Projects\Smart-Farming\Datasets\final_combined_datasets\TLCE\H\TLCE_H_0362.JPG,Tomato,H,uncontrolled,c0eb2f957a92619a,Healthy
Z:\Projects\Smart-Farming\Datasets\final_combined_datasets\TLCE\H\TLCE_H_0363.JPG,Tomato,H,uncontrolled,acf24699352c73cc,Healthy
Z:\Projects\Smart-Farming\Datasets\final_combined_datasets\TLCE\H\TLCE_H_0364.JPG,Tomato,H,uncontrolled,f3b4c1d389713706,Healthy
Z:\Projects\Smart-Farming\Datasets\final_combined_datasets\TLCE\H\TLCE_H_0365.JPG,Tomato,H,uncontrolled,8df344cb26cc3ac5,Healthy
Z:\Projects\Smart-Farming\Datasets\final_combined_datasets\TLCE\H\TLCE_H_0366.JPG,Tomato,H,uncontrolled,cab125c61a2cd37d,Healthy
Z:\Projects\Smart-Farming\Datasets\final_combined_datasets\TLCE\H\TLCE_H_0367.JPG,Tomato,H,uncontrolled,bef0b08be01ec63a,Healthy
Z:\Projects\Smart-Farming\Datasets\final_combined_datasets\TLCE\H\TLCE_H_0368.JPG,Tomato,H,uncontrolled,ea4981579c3cde61,Healthy
Z:\Projects\Smart-Farming\Datasets\final_combined_datasets\TLCE\H\TLCE_H_0369.JPG,Tomato,H,uncontrolled,b92d33d3478c9c58,Healthy
Z:\Projects\Smart-Farming\Datasets\final_combined_datasets\TLCE\H\TLCE_H_0370.JPG,Tomato,H,uncontrolled,aee2f29ecb988cc0,Healthy
Z:\Projects\Smart-Farming\Datasets\final_combined_datasets\TLCE\H\TLCE_H_0371.JPG,Tomato,H,uncontrolled,ceb434c3639c4b99,Healthy
Z:\Projects\Smart-Farming\Datasets\final_combined_datasets\TLCE\H\TLCE_H_0372.JPG,Tomato,H,uncontrolled,f8d7844ad229966e,Healthy
Z:\Projects\Smart-Farming\Datasets\final_combined_datasets\TLCE\H\TLCE_H_0373.JPG,Tomato,H,uncontrolled,f9e6e6983299904d,Healthy
Z:\Projects\Smart-Farming\Datasets\final_combined_datasets\TLCE\H\TLCE_H_0374.JPG,Tomato,H,uncontrolled,ac4de53c4e70724b,Healthy
Z:\Projects\Smart-Farming\Datasets\final_combined_datasets\TLCE\H\TLCE_H_0375.JPG,Tomato,H,uncontrolled,ab6cb583d31ac88d,Healthy
Z:\Projects\Smart-Farming\Datasets\final_combined_datasets\TLCE\H\TLCE_H_0376.JPG,Tomato,H,uncontrolled,eee036c3388fb09c,Healthy
Z:\Projects\Smart-Farming\Datasets\final_combined_datasets\TLCE\H\TLCE_H_0377.JPG,Tomato,H,uncontrolled,f20bac56ce3a924b,Healthy
Z:\Projects\Smart-Farming\Datasets\final_combined_datasets\TLCE\H\TLCE_H_0378.JPG,Tomato,H,uncontrolled,c9e7379a23896c98,Healthy
Z:\Projects\Smart-Farming\Datasets\final_combined_datasets\TLCE\H\TLCE_H_0379.JPG,Tomato,H,uncontrolled,b9c09373429fe43c,Healthy
Z:\Projects\Smart-Farming\Datasets\final_combined_datasets\TLCE\H\TLCE_H_0380.JPG,Tomato,H,uncontrolled,ace596921e879179,Healthy
Z:\Projects\Smart-Farming\Datasets\final_combined_datasets\TLCE\H\TLCE_H_0381.JPG,Tomato,H,uncontrolled,e94795294b94656b,Healthy
Z:\Projects\Smart-Farming\Datasets\final_combined_datasets\TLCE\H\TLCE_H_0382.JPG,Tomato,H,uncontrolled,d22a61d58fee98a2,Healthy
Z:\Projects\Smart-Farming\Datasets\final_combined_datasets\TLCE\H\TLCE_H_0383.JPG,Tomato,H,uncontrolled,aff016d35b099c49,Healthy
Z:\Projects\Smart-Farming\Datasets\final_combined_datasets\TLCE\H\TLCE_H_0384.JPG,Tomato,H,uncontrolled,dcaba1946ed2169a,Healthy
Z:\Projects\Smart-Farming\Datasets\final_combined_datasets\TLCE\H\TLCE_H_0385.JPG,Tomato,H,uncontrolled,daa92556b65a922d,Healthy
Z:\Projects\Smart-Farming\Datasets\final_combined_datasets\TLCE\H\TLCE_H_0386.JPG,Tomato,H,uncontrolled,adf358cd54d42239,Healthy
Z:\Projects\Smart-Farming\Datasets\final_combined_datasets\TLCE\LB\TLCE_LB_206.JPG,Tomato,LB,uncontrolled,fac2873ac334c933,Late Blight
Z:\Projects\Smart-Farming\Datasets\final_combined_datasets\TLCE\LB\TLCE_LB_207.JPG,Tomato,LB,uncontrolled,ed34c07b87483d4d,Late Blight
Z:\Projects\Smart-Farming\Datasets\final_combined_datasets\TLCE\LB\TLCE_LB_208.JPG,Tomato,LB,uncontrolled,ec39136e0d38639e,Late Blight
Z:\Projects\Smart-Farming\Datasets\final_combined_datasets\TLCE\LB\TLCE_LB_209.JPG,Tomato,LB,uncontrolled,b09847e36e8e3339,Late Blight
Z:\Projects\Smart-Farming\Datasets\final_combined_datasets\TLCE\LB\TLCE_LB_210.JPG,Tomato,LB,uncontrolled,edc991f39264c932,Late Blight
Z:\Projects\Smart-Farming\Datasets\final_combined_datasets\TLCE\LB\TLCE_LB_211.JPG,Tomato,LB,uncontrolled,a4da4a3db1855d9a,Late Blight
Z:\Projects\Smart-Farming\Datasets\final_combined_datasets\TLCE\LB\TLCE_LB_212.JPG,Tomato,LB,uncontrolled,8f27629e66936394,Late Blight
Z:\Projects\Smart-Farming\Datasets\final_combined_datasets\TLCE\LB\TLCE_LB_213.JPG,Tomato,LB,uncontrolled,90cc47334d3c73d3,Late Blight
Z:\Projects\Smart-Farming\Datasets\final_combined_datasets\TLCE\LB\TLCE_LB_214.JPG,Tomato,LB,uncontrolled,e6e88d9c33c69863,Late Blight
Z:\Projects\Smart-Farming\Datasets\final_combined_datasets\TLCE\LB\TLCE_LB_215.JPG,Tomato,LB,uncontrolled,a11bc661bc3659ec,Late Blight
Z:\Projects\Smart-Farming\Datasets\final_combined_datasets\TLCE\LB\TLCE_LB_216.JPG,Tomato,LB,uncontrolled,ad4af23d91904a7b,Late Blight
Z:\Projects\Smart-Farming\Datasets\final_combined_datasets\TLCE\LB\TLCE_LB_217.JPG,Tomato,LB,uncontrolled,be5f97007958e08d,Late Blight
Z:\Projects\Smart-Farming\Datasets\final_combined_datasets\TLCE\LB\TLCE_LB_218.JPG,Tomato,LB,uncontrolled,ebe0c3940fe49837,Late Blight
Z:\Projects\Smart-Farming\Datasets\final_combined_datasets\TLCE\LB\TLCE_LB_219.JPG,Tomato,LB,uncontrolled,ad4d723cb274e521,Late Blight
Z:\Projects\Smart-Farming\Datasets\final_combined_datasets\TLCE\LB\TLCE_LB_220.JPG,Tomato,LB,uncontrolled,ead0a9aa8fd09d98,Late Blight
Z:\Projects\Smart-Farming\Datasets\final_combined_datasets\TLCE\LB\TLCE_LB_221.JPG,Tomato,LB,uncontrolled,a1c05e9d75664b99,Late Blight
Z:\Projects\Smart-Farming\Datasets\final_combined_datasets\TLCE\LB\TLCE_LB_222.JPG,Tomato,LB,uncontrolled,f78f80f0cac4e0ea,Late Blight
Z:\Projects\Smart-Farming\Datasets\final_combined_datasets\TLCE\LB\TLCE_LB_223.JPG,Tomato,LB,uncontrolled,ba71e56fce241834,Late Blight
Z:\Projects\Smart-Farming\Datasets\final_combined_datasets\TLCE\LB\TLCE_LB_224.JPG,Tomato,LB,uncontrolled,84d1438e19f96f33,Late Blight
Z:\Projects\Smart-Farming\Datasets\final_combined_datasets\TLCE\LB\TLCE_LB_225.JPG,Tomato,LB,uncontrolled,fac8c1179d789171,Late Blight
Z:\Projects\Smart-Farming\Datasets\final_combined_datasets\TLCE\LB\TLCE_LB_226.JPG,Tomato,LB,uncontrolled,fc8f8314e6c2a978,Late Blight
Z:\Projects\Smart-Farming\Datasets\final_combined_datasets\TLCE\LB\TLCE_LB_227.JPG,Tomato,LB,uncontrolled,ad8c50d547b33e38,Late Blight
Z:\Projects\Smart-Farming\Datasets\final_combined_datasets\TLCE\LB\TLCE_LB_228.JPG,Tomato,LB,uncontrolled,ada5c29ecf2438c9,Late Blight
Z:\Projects\Smart-Farming\Datasets\final_combined_datasets\TLCE\LB\TLCE_LB_229.JPG,Tomato,LB,uncontrolled,c598166d19b7cc39,Late Blight
Z:\Projects\Smart-Farming\Datasets\final_combined_datasets\TLCE\LB\TLCE_LB_230.JPG,Tomato,LB,uncontrolled,dac22e9334872dad,Late Blight
Z:\Projects\Smart-Farming\Datasets\final_combined_datasets\TLCE\LB\TLCE_LB_231.JPG,Tomato,LB,uncontrolled,a42c66cb999c9973,Late Blight
Z:\Projects\Smart-Farming\Datasets\final_combined_datasets\TLCE\LB\TLCE_LB_232.JPG,Tomato,LB,uncontrolled,fa2ae03587492e6b,Late Blight
Z:\Projects\Smart-Farming\Datasets\final_combined_datasets\TLCE\LB\TLCE_LB_233.JPG,Tomato,LB,uncontrolled,aa90f48f46f1ba52,Late Blight
Z:\Projects\Smart-Farming\Datasets\final_combined_datasets\TLCE\LB\TLCE_LB_234.JPG,Tomato,LB,uncontrolled,f861863ec672cb91,Late Blight
Z:\Projects\Smart-Farming\Datasets\final_combined_datasets\TLCE\LB\TLCE_LB_235.JPG,Tomato,LB,uncontrolled,81c446bb79f46699,Late Blight
Z:\Projects\Smart-Farming\Datasets\final_combined_datasets\TLCE\LB\TLCE_LB_236.JPG,Tomato,LB,uncontrolled,ed9112ca0de71bc5,Late Blight
Z:\Projects\Smart-Farming\Datasets\final_combined_datasets\TLCE\LB\TLCE_LB_237.JPG,Tomato,LB,uncontrolled,ed60c60f9869499f,Late Blight
Z:\Projects\Smart-Farming\Datasets\final_combined_datasets\TLCE\LB\TLCE_LB_238.jpg,Tomato,LB,uncontrolled,95492df5609732b6,Late Blight
Z:\Projects\Smart-Farming\Datasets\final_combined_datasets\TLCE\LB\TLCE_LB_239.JPG,Tomato,LB,uncontrolled,eaca95b3869c7126,Late Blight
Z:\Projects\Smart-Farming\Datasets\final_combined_datasets\TLCE\LB\TLCE_LB_240.JPG,Tomato,LB,uncontrolled,944d7a16635a6d33,Late Blight
Z:\Projects\Smart-Farming\Datasets\final_combined_datasets\TLCE\LB\TLCE_LB_241.JPG,Tomato,LB,uncontrolled,ed3912ae0d931bcc,Late Blight
Z:\Projects\Smart-Farming\Datasets\final_combined_datasets\TLCE\LB\TLCE_LB_242.JPG,Tomato,LB,uncontrolled,aacae524d4079abd,Late Blight
Z:\Projects\Smart-Farming\Datasets\final_combined_datasets\TLCE\LB\TLCE_LB_243.JPG,Tomato,LB,uncontrolled,aa95c478e761b073,Late Blight
Z:\Projects\Smart-Farming\Datasets\final_combined_datasets\TLCE\LB\TLCE_LB_244.JPG,Tomato,LB,uncontrolled,ac8c51994ec7739c,Late Blight
Z:\Projects\Smart-Farming\Datasets\final_combined_datasets\TLCE\LB\TLCE_LB_245.JPG,Tomato,LB,uncontrolled,b4c3539c666618f3,Late Blight
Z:\Projects\Smart-Farming\Datasets\final_combined_datasets\TLCE\LB\TLCE_LB_246.JPG,Tomato,LB,uncontrolled,ebdaf0d2841d8687,Late Blight
Z:\Projects\Smart-Farming\Datasets\final_combined_datasets\TLCE\LB\TLCE_LB_247.JPG,Tomato,LB,uncontrolled,d3d96470c5471e3c,Late Blight
Z:\Projects\Smart-Farming\Datasets\final_combined_datasets\TLCE\LB\TLCE_LB_248.JPG,Tomato,LB,uncontrolled,9edee6259e625212,Late Blight
Z:\Projects\Smart-Farming\Datasets\final_combined_datasets\TLCE\LB\TLCE_LB_249.JPG,Tomato,LB,uncontrolled,d95a1a198d8f316d,Late Blight
Z:\Projects\Smart-Farming\Datasets\final_combined_datasets\TLCE\LB\TLCE_LB_250.JPG,Tomato,LB,uncontrolled,efe4859cc51a9299,Late Blight
Z:\Projects\Smart-Farming\Datasets\final_combined_datasets\TLCE\LB\TLCE_LB_251.JPG,Tomato,LB,uncontrolled,ac6b53940c9f9335,Late Blight
Z:\Projects\Smart-Farming\Datasets\final_combined_datasets\TLCE\LB\TLCE_LB_252.JPG,Tomato,LB,uncontrolled,bb6ad001cf9e349c,Late Blight
Z:\Projects\Smart-Farming\Datasets\final_combined_datasets\TLCE\LB\TLCE_LB_253.JPG,Tomato,LB,uncontrolled,fc0fb7709934c831,Late Blight
Z:\Projects\Smart-Farming\Datasets\final_combined_datasets\TLCE\LB\TLCE_LB_254.JPG,Tomato,LB,uncontrolled,fde5885a96689332,Late Blight
Z:\Projects\Smart-Farming\Datasets\final_combined_datasets\TLCE\LB\TLCE_LB_255.JPG,Tomato,LB,uncontrolled,8b3616ce649b1e36,Late Blight
Z:\Projects\Smart-Farming\Datasets\final_combined_datasets\TLCE\LB\TLCE_LB_256.JPG,Tomato,LB,uncontrolled,be07f15a872c72a4,Late Blight
Z:\Projects\Smart-Farming\Datasets\final_combined_datasets\TLCE\LB\TLCE_LB_257.JPG,Tomato,LB,uncontrolled,e4b01cc6c3c965f3,Late Blight
Z:\Projects\Smart-Farming\Datasets\final_combined_datasets\TLCE\LB\TLCE_LB_258.JPG,Tomato,LB,uncontrolled,afe1e4d286999a91,Late Blight
Z:\Projects\Smart-Farming\Datasets\final_combined_datasets\TLCE\LB\TLCE_LB_259.JPG,Tomato,LB,uncontrolled,eed02f983c61b90b,Late Blight
Z:\Projects\Smart-Farming\Datasets\final_combined_datasets\TLCE\LB\TLCE_LB_260.JPG,Tomato,LB,uncontrolled,b1cc4d63149ccf71,Late Blight
Z:\Projects\Smart-Farming\Datasets\final_combined_datasets\TLCE\LB\TLCE_LB_261.JPG,Tomato,LB,uncontrolled,bff0f607c09f0918,Late Blight
Z:\Projects\Smart-Farming\Datasets\final_combined_datasets\TLCE\LB\TLCE_LB_262.JPG,Tomato,LB,uncontrolled,8cce3333cd8d3634,Late Blight
Z:\Projects\Smart-Farming\Datasets\final_combined_datasets\TLCE\LB\TLCE_LB_263.JPG,Tomato,LB,uncontrolled,aeec849f3d94124b,Late Blight
Z:\Projects\Smart-Farming\Datasets\final_combined_datasets\TLCE\LB\TLCE_LB_264.JPG,Tomato,LB,uncontrolled,a6d8d987663839c3,Late Blight
Z:\Projects\Smart-Farming\Datasets\final_combined_datasets\TLCE\LB\TLCE_LB_265.JPG,Tomato,LB,uncontrolled,9cd163ce19b823f8,Late Blight
Z:\Projects\Smart-Farming\Datasets\final_combined_datasets\TLCE\LB\TLCE_LB_266.JPG,Tomato,LB,uncontrolled,98c643993c6673d9,Late Blight
Z:\Projects\Smart-Farming\Datasets\final_combined_datasets\TLCE\LB\TLCE_LB_267.JPG,Tomato,LB,uncontrolled,a9a5648c3bc3971b,Late Blight
Z:\Projects\Smart-Farming\Datasets\final_combined_datasets\TLCE\LB\TLCE_LB_268.JPG,Tomato,LB,uncontrolled,ffafc2f0dc408846,Late Blight
Z:\Projects\Smart-Farming\Datasets\final_combined_datasets\TLCE\LB\TLCE_LB_269.jpg,Tomato,LB,uncontrolled,c2613d1e3398ced9,Late Blight
Z:\Projects\Smart-Farming\Datasets\final_combined_datasets\TLCE\LB\TLCE_LB_270.JPG,Tomato,LB,uncontrolled,f73f8ec5d041886a,Late Blight
Z:\Projects\Smart-Farming\Datasets\final_combined_datasets\TLCE\LB\TLCE_LB_271.JPG,Tomato,LB,uncontrolled,ae86d1d14e9c34c7,Late Blight
Z:\Projects\Smart-Farming\Datasets\final_combined_datasets\TLCE\LB\TLCE_LB_272.JPG,Tomato,LB,uncontrolled,8a64d14af7a748b3,Late Blight
Z:\Projects\Smart-Farming\Datasets\final_combined_datasets\TLCE\LB\TLCE_LB_273.JPG,Tomato,LB,uncontrolled,f863c5b48e92989b,Late Blight
Z:\Projects\Smart-Farming\Datasets\final_combined_datasets\TLCE\LB\TLCE_LB_274.jpg,Tomato,LB,uncontrolled,9be46d9238193c3e,Late Blight
Z:\Projects\Smart-Farming\Datasets\final_combined_datasets\TLCE\LB\TLCE_LB_275.JPG,Tomato,LB,uncontrolled,cc2871c75699396e,Late Blight
Z:\Projects\Smart-Farming\Datasets\final_combined_datasets\TLCE\LB\TLCE_LB_276.jpg,Tomato,LB,uncontrolled,8698696724b693db,Late Blight
Z:\Projects\Smart-Farming\Datasets\final_combined_datasets\TLCE\LB\TLCE_LB_277.JPG,Tomato,LB,uncontrolled,eaca92b4b5b38c31,Late Blight
Z:\Projects\Smart-Farming\Datasets\final_combined_datasets\TLCE\LB\TLCE_LB_278.JPG,Tomato,LB,uncontrolled,cdb334cc33329b98,Late Blight
Z:\Projects\Smart-Farming\Datasets\final_combined_datasets\TLCE\LB\TLCE_LB_279.JPG,Tomato,LB,uncontrolled,ed8912e64b9366cc,Late Blight
Z:\Projects\Smart-Farming\Datasets\final_combined_datasets\TLCE\LB\TLCE_LB_280.JPG,Tomato,LB,uncontrolled,bf60c66c1f269836,Late Blight
Z:\Projects\Smart-Farming\Datasets\final_combined_datasets\TLCE\LB\TLCE_LB_281.JPG,Tomato,LB,uncontrolled,a3c687b8d6499ca5,Late Blight
Z:\Projects\Smart-Farming\Datasets\final_combined_datasets\TLCE\LB\TLCE_LB_282.JPG,Tomato,LB,uncontrolled,b9d116cd6e2c6691,Late Blight
Z:\Projects\Smart-Farming\Datasets\final_combined_datasets\TLCE\LB\TLCE_LB_283.JPG,Tomato,LB,uncontrolled,bc95c3c23c65239e,Late Blight
Z:\Projects\Smart-Farming\Datasets\final_combined_datasets\TLCE\LB\TLCE_LB_284.JPG,Tomato,LB,uncontrolled,b9b1da98c9cc946c,Late Blight
Z:\Projects\Smart-Farming\Datasets\final_combined_datasets\TLCE\LB\TLCE_LB_285.JPG,Tomato,LB,uncontrolled,95897a5661784f69,Late Blight
Z:\Projects\Smart-Farming\Datasets\final_combined_datasets\TLCE\LB\TLCE_LB_286.JPG,Tomato,LB,uncontrolled,fee4ab46d4079642,Late Blight
Z:\Projects\Smart-Farming\Datasets\final_combined_datasets\TLCE\LB\TLCE_LB_287.JPG,Tomato,LB,uncontrolled,b59e49e5c165344d,Late Blight
Z:\Projects\Smart-Farming\Datasets\final_combined_datasets\TLCE\LB\TLCE_LB_288.JPG,Tomato,LB,uncontrolled,abad95c868b125cd,Late Blight
Z:\Projects\Smart-Farming\Datasets\final_combined_datasets\TLCE\LB\TLCE_LB_289.JPG,Tomato,LB,uncontrolled,ce7c316192974f4c,Late Blight
Z:\Projects\Smart-Farming\Datasets\final_combined_datasets\TLCE\LB\TLCE_LB_290.JPG,Tomato,LB,uncontrolled,aa40854f9f3dc993,Late Blight
Z:\Projects\Smart-Farming\Datasets\final_combined_datasets\TLCE\LB\TLCE_LB_291.JPG,Tomato,LB,uncontrolled,e48943313cce73d9,Late Blight
Z:\Projects\Smart-Farming\Datasets\final_combined_datasets\TLCE\LB\TLCE_LB_292.JPG,Tomato,LB,uncontrolled,ea3b8d9a35928c9c,Late Blight
Z:\Projects\Smart-Farming\Datasets\final_combined_datasets\TLCE\LB\TLCE_LB_293.JPG,Tomato,LB,uncontrolled,ce8331dc93666e32,Late Blight
Z:\Projects\Smart-Farming\Datasets\final_combined_datasets\TLCE\LB\TLCE_LB_294.JPG,Tomato,LB,uncontrolled,a58d53924c793c67,Late Blight
Z:\Projects\Smart-Farming\Datasets\final_combined_datasets\TLCE\LB\TLCE_LB_295.JPG,Tomato,LB,uncontrolled,be43d4879a669839,Late Blight
Z:\Projects\Smart-Farming\Datasets\final_combined_datasets\TLCE\LB\TLCE_LB_296.JPG,Tomato,LB,uncontrolled,eae915d2721949e6,Late Blight
Z:\Projects\Smart-Farming\Datasets\final_combined_datasets\TLCE\LB\TLCE_LB_297.JPG,Tomato,LB,uncontrolled,b2c64db866314fcc,Late Blight
Z:\Projects\Smart-Farming\Datasets\final_combined_datasets\TLCE\LB\TLCE_LB_298.JPG,Tomato,LB,uncontrolled,a1c04e9b793671e3,Late Blight
Z:\Projects\Smart-Farming\Datasets\final_combined_datasets\TLCE\LB\TLCE_LB_299.JPG,Tomato,LB,uncontrolled,b9d9c129273c9c36,Late Blight
Z:\Projects\Smart-Farming\Datasets\final_combined_datasets\TLCE\LB\TLCE_LB_300.JPG,Tomato,LB,uncontrolled,8dc972f099c764b2,Late Blight
Z:\Projects\Smart-Farming\Datasets\final_combined_datasets\TLCE\LB\TLCE_LB_301.JPG,Tomato,LB,uncontrolled,eac2958f303be23c,Late Blight
Z:\Projects\Smart-Farming\Datasets\final_combined_datasets\TLCE\LB\TLCE_LB_302.JPG,Tomato,LB,uncontrolled,ce93256c694b687a,Late Blight
Z:\Projects\Smart-Farming\Datasets\final_combined_datasets\TLCE\LB\TLCE_LB_303.JPG,Tomato,LB,uncontrolled,afc89bb2917686b0,Late Blight
Z:\Projects\Smart-Farming\Datasets\final_combined_datasets\TLCE\LB\TLCE_LB_304.JPG,Tomato,LB,uncontrolled,aee5b4c6d01ee168,Late Blight
Z:\Projects\Smart-Farming\Datasets\final_combined_datasets\TLCE\LB\TLCE_LB_305.jpg,Tomato,LB,uncontrolled,9e39616634c66f38,Late Blight
Z:\Projects\Smart-Farming\Datasets\final_combined_datasets\TLCE\LB\TLCE_LB_306.JPG,Tomato,LB,uncontrolled,b1cc4e3339a4c7c6,Late Blight
Z:\Projects\Smart-Farming\Datasets\final_combined_datasets\TLCE\LB\TLCE_LB_307.JPG,Tomato,LB,uncontrolled,c6cc91b524e596b6,Late Blight
Z:\Projects\Smart-Farming\Datasets\final_combined_datasets\TLCE\LB\TLCE_LB_308.JPG,Tomato,LB,uncontrolled,ae9931669b2e18d9,Late Blight
Z:\Projects\Smart-Farming\Datasets\final_combined_datasets\TLCE\LB\TLCE_LB_309.JPG,Tomato,LB,uncontrolled,ed8832b359cc319e,Late Blight
Z:\Projects\Smart-Farming\Datasets\final_combined_datasets\TLCE\LB\TLCE_LB_310.JPG,Tomato,LB,uncontrolled,bbc8d897b431e306,Late Blight
Z:\Projects\Smart-Farming\Datasets\final_combined_datasets\TLCE\LB\TLCE_LB_311.JPG,Tomato,LB,uncontrolled,fdc5c01b9c3a21e5,Late Blight
Z:\Projects\Smart-Farming\Datasets\final_combined_datasets\TLCE\LB\TLCE_LB_312.JPG,Tomato,LB,uncontrolled,eb94e582864bca3d,Late Blight
Z:\Projects\Smart-Farming\Datasets\final_combined_datasets\TLCE\LB\TLCE_LB_313.JPG,Tomato,LB,uncontrolled,fcfe878348c83532,Late Blight
Z:\Projects\Smart-Farming\Datasets\final_combined_datasets\TLCE\LB\TLCE_LB_314.JPG,Tomato,LB,uncontrolled,869951e65bc93732,Late Blight
Z:\Projects\Smart-Farming\Datasets\final_combined_datasets\TLCE\LB\TLCE_LB_315.JPG,Tomato,LB,uncontrolled,aa7a95a1cb12951f,Late Blight
Z:\Projects\Smart-Farming\Datasets\final_combined_datasets\TLCE\LB\TLCE_LB_316.jpg,Tomato,LB,uncontrolled,cc63319c361d2e3b,Late Blight
Z:\Projects\Smart-Farming\Datasets\final_combined_datasets\TLCE\LB\TLCE_LB_317.JPG,Tomato,LB,uncontrolled,aeca9185b337a4b4,Late Blight
Z:\Projects\Smart-Farming\Datasets\final_combined_datasets\TLCE\LB\TLCE_LB_318.JPG,Tomato,LB,uncontrolled,e92696995b869966,Late Blight
Z:\Projects\Smart-Farming\Datasets\final_combined_datasets\TLCE\LB\TLCE_LB_319.JPG,Tomato,LB,uncontrolled,ead2859b36e4858d,Late Blight
Z:\Projects\Smart-Farming\Datasets\final_combined_datasets\TLCE\LB\TLCE_LB_320.JPG,Tomato,LB,uncontrolled,8d8c72b149f33366,Late Blight
Z:\Projects\Smart-Farming\Datasets\final_combined_datasets\TLCE\LB\TLCE_LB_321.JPG,Tomato,LB,uncontrolled,e9cbc614cdb0b1a3,Late Blight
Z:\Projects\Smart-Farming\Datasets\final_combined_datasets\TLCE\LB\TLCE_LB_322.JPG,Tomato,LB,uncontrolled,fed0c08f0e3cf162,Late Blight
Z:\Projects\Smart-Farming\Datasets\final_combined_datasets\TLCE\LB\TLCE_LB_323.jpg,Tomato,LB,uncontrolled,941a6be36aa4b46b,Late Blight
Z:\Projects\Smart-Farming\Datasets\final_combined_datasets\TLCE\LB\TLCE_LB_324.JPG,Tomato,LB,uncontrolled,8cc373331f4c71c3,Late Blight
Z:\Projects\Smart-Farming\Datasets\final_combined_datasets\TLCE\LB\TLCE_LB_325.JPG,Tomato,LB,uncontrolled,a734dac3ce0f3c30,Late Blight
Z:\Projects\Smart-Farming\Datasets\final_combined_datasets\TLCE\LB\TLCE_LB_326.JPG,Tomato,LB,uncontrolled,d1e984d66b29b49a,Late Blight
Z:\Projects\Smart-Farming\Datasets\final_combined_datasets\TLCE\LB\TLCE_LB_327.jpg,Tomato,LB,uncontrolled,98396d3966cc32e6,Late Blight
Z:\Projects\Smart-Farming\Datasets\final_combined_datasets\TLCE\LB\TLCE_LB_328.JPG,Tomato,LB,uncontrolled,de13294c3b3c6d38,Late Blight
Z:\Projects\Smart-Farming\Datasets\final_combined_datasets\TLCE\LB\TLCE_LB_329.JPG,Tomato,LB,uncontrolled,b897259aec49c761,Late Blight
Z:\Projects\Smart-Farming\Datasets\final_combined_datasets\TLCE\LB\TLCE_LB_330.JPG,Tomato,LB,uncontrolled,b8c3964bdb2dc134,Late Blight
Z:\Projects\Smart-Farming\Datasets\final_combined_datasets\TLCE\LB\TLCE_LB_331.JPG,Tomato,LB,uncontrolled,acb4c2863263e779,Late Blight
Z:\Projects\Smart-Farming\Datasets\final_combined_datasets\TLCE\LB\TLCE_LB_332.JPG,Tomato,LB,uncontrolled,a97991870296f4f6,Late Blight
Z:\Projects\Smart-Farming\Datasets\final_combined_datasets\TLCE\LB\TLCE_LB_333.JPG,Tomato,LB,uncontrolled,d4bd21dacc6193cc,Late Blight
Z:\Projects\Smart-Farming\Datasets\final_combined_datasets\TLCE\LB\TLCE_LB_334.JPG,Tomato,LB,uncontrolled,b814c16ccf63c6e3,Late Blight
Z:\Projects\Smart-Farming\Datasets\final_combined_datasets\TLCE\LB\TLCE_LB_335.JPG,Tomato,LB,uncontrolled,f7be8ac1d0c8a4a3,Late Blight
Z:\Projects\Smart-Farming\Datasets\final_combined_datasets\TLCE\LB\TLCE_LB_336.jpg,Tomato,LB,uncontrolled,cccc3632c9c7c71c,Late Blight
Z:\Projects\Smart-Farming\Datasets\final_combined_datasets\TLCE\LB\TLCE_LB_337.JPG,Tomato,LB,uncontrolled,fa9d80d0cee1c2c7,Late Blight
Z:\Projects\Smart-Farming\Datasets\final_combined_datasets\TLCE\LB\TLCE_LB_338.JPG,Tomato,LB,uncontrolled,e84b968c9336718f,Late Blight
Z:\Projects\Smart-Farming\Datasets\final_combined_datasets\TLCE\LB\TLCE_LB_339.JPG,Tomato,LB,uncontrolled,e90b4cd6d3dd4611,Late Blight
Z:\Projects\Smart-Farming\Datasets\final_combined_datasets\TLCE\LB\TLCE_LB_340.JPG,Tomato,LB,uncontrolled,c65c3eb8d0fc3c60,Late Blight
Z:\Projects\Smart-Farming\Datasets\final_combined_datasets\TLCE\LB\TLCE_LB_341.JPG,Tomato,LB,uncontrolled,a996c15acd65e463,Late Blight
Z:\Projects\Smart-Farming\Datasets\final_combined_datasets\TLCE\LB\TLCE_LB_342.JPG,Tomato,LB,uncontrolled,d3db692c21b1e4c6,Late Blight
Z:\Projects\Smart-Farming\Datasets\final_combined_datasets\TLCE\LB\TLCE_LB_343.JPG,Tomato,LB,uncontrolled,9ec44d33569c437c,Late Blight
Z:\Projects\Smart-Farming\Datasets\final_combined_datasets\TLCE\LB\TLCE_LB_344.JPG,Tomato,LB,uncontrolled,93c64699b3ab8cc9,Late Blight
Z:\Projects\Smart-Farming\Datasets\final_combined_datasets\TLCE\LB\TLCE_LB_345.JPG,Tomato,LB,uncontrolled,acf0f149c23fc26c,Late Blight
Z:\Projects\Smart-Farming\Datasets\final_combined_datasets\TLCE\LB\TLCE_LB_346.JPG,Tomato,LB,uncontrolled,a2eefdc9d0059235,Late Blight
Z:\Projects\Smart-Farming\Datasets\final_combined_datasets\TLCE\LB\TLCE_LB_347.JPG,Tomato,LB,uncontrolled,a8ea87ed9d24ed20,Late Blight
Z:\Projects\Smart-Farming\Datasets\final_combined_datasets\TLCE\LB\TLCE_LB_348.JPG,Tomato,LB,uncontrolled,ea95944a9b6545b9,Late Blight
Z:\Projects\Smart-Farming\Datasets\final_combined_datasets\TLCE\LB\TLCE_LB_349.JPG,Tomato,LB,uncontrolled,8ec331bc09b9c6c7,Late Blight
Z:\Projects\Smart-Farming\Datasets\final_combined_datasets\TLCE\LB\TLCE_LB_350.JPG,Tomato,LB,uncontrolled,8c9838cfcd96969c,Late Blight
Z:\Projects\Smart-Farming\Datasets\final_combined_datasets\TLCE\LB\TLCE_LB_351.JPG,Tomato,LB,uncontrolled,e48c53634db8ccc7,Late Blight
Z:\Projects\Smart-Farming\Datasets\final_combined_datasets\TLCE\LB\TLCE_LB_352.JPG,Tomato,LB,uncontrolled,f9ca839d3190b7a8,Late Blight
Z:\Projects\Smart-Farming\Datasets\final_combined_datasets\TLCE\LB\TLCE_LB_353.JPG,Tomato,LB,uncontrolled,ebf0b1c30ba1686b,Late Blight
Z:\Projects\Smart-Farming\Datasets\final_combined_datasets\TLCE\LB\TLCE_LB_354.JPG,Tomato,LB,uncontrolled,b2d7256ccc999392,Late Blight
Z:\Projects\Smart-Farming\Datasets\final_combined_datasets\TLCE\LB\TLCE_LB_355.JPG,Tomato,LB,uncontrolled,f483c36c3cf660c3,Late Blight
Z:\Projects\Smart-Farming\Datasets\final_combined_datasets\TLCE\LB\TLCE_LB_356.JPG,Tomato,LB,uncontrolled,ba8d6c62781b19da,Late Blight
Z:\Projects\Smart-Farming\Datasets\final_combined_datasets\TLCE\LB\TLCE_LB_357.jpg,Tomato,LB,uncontrolled,9c3de51672916c93,Late Blight
Z:\Projects\Smart-Farming\Datasets\final_combined_datasets\TLCE\LB\TLCE_LB_358.JPG,Tomato,LB,uncontrolled,bea5a1d083831fae,Late Blight
Z:\Projects\Smart-Farming\Datasets\final_combined_datasets\TLCE\LB\TLCE_LB_359.JPG,Tomato,LB,uncontrolled,95a56d9c6361e4ca,Late Blight
Z:\Projects\Smart-Farming\Datasets\final_combined_datasets\TLCE\LB\TLCE_LB_360.JPG,Tomato,LB,uncontrolled,89b2f7cc18631c8f,Late Blight
Z:\Projects\Smart-Farming\Datasets\final_combined_datasets\TLCE\LB\TLCE_LB_361.JPG,Tomato,LB,uncontrolled,a691df48e47ed221,Late Blight
Z:\Projects\Smart-Farming\Datasets\final_combined_datasets\TLCE\LB\TLCE_LB_362.JPG,Tomato,LB,uncontrolled,efd2942d9972860d,Late Blight
Z:\Projects\Smart-Farming\Datasets\final_combined_datasets\TLCE\LB\TLCE_LB_363.JPG,Tomato,LB,uncontrolled,aae0b507d696ca9a,Late Blight
Z:\Projects\Smart-Farming\Datasets\final_combined_datasets\TLCE\LB\TLCE_LB_364.JPG,Tomato,LB,uncontrolled,a99376e44d993293,Late Blight
Z:\Projects\Smart-Farming\Datasets\final_combined_datasets\TLCE\LB\TLCE_LB_365.JPG,Tomato,LB,uncontrolled,eab1e51e943893e1,Late Blight
Z:\Projects\Smart-Farming\Datasets\final_combined_datasets\TLCE\LB\TLCE_LB_366.JPG,Tomato,LB,uncontrolled,e26acc98b595b1b2,Late Blight
Z:\Projects\Smart-Farming\Datasets\final_combined_datasets\TLCE\LB\TLCE_LB_367.JPG,Tomato,LB,uncontrolled,f3f396a5ba106948,Late Blight
Z:\Projects\Smart-Farming\Datasets\final_combined_datasets\TLCE\LB\TLCE_LB_368.jpg,Tomato,LB,uncontrolled,c08f2f70f09ee447,Late Blight
Z:\Projects\Smart-Farming\Datasets\final_combined_datasets\TLCE\LB\TLCE_LB_369.jpg,Tomato,LB,uncontrolled,95426ab1693d7671,Late Blight
Z:\Projects\Smart-Farming\Datasets\final_combined_datasets\TLCE\LB\TLCE_LB_370.JPG,Tomato,LB,uncontrolled,bdc0d21ecd3ac42d,Late Blight
Z:\Projects\Smart-Farming\Datasets\final_combined_datasets\TLCE\LB\TLCE_LB_371.JPG,Tomato,LB,uncontrolled,ebd914661bb224cd,Late Blight
Z:\Projects\Smart-Farming\Datasets\final_combined_datasets\TLCE\LB\TLCE_LB_372.JPG,Tomato,LB,uncontrolled,8ecce1c70e3c96e2,Late Blight
Z:\Projects\Smart-Farming\Datasets\final_combined_datasets\TLCE\LB\TLCE_LB_373.JPG,Tomato,LB,uncontrolled,a9ed969692b21963,Late Blight
Z:\Projects\Smart-Farming\Datasets\final_combined_datasets\TLCE\LB\TLCE_LB_374.JPG,Tomato,LB,uncontrolled,ace1d39263cd6c31,Late Blight
Z:\Projects\Smart-Farming\Datasets\final_combined_datasets\TLCE\LB\TLCE_LB_375.JPG,Tomato,LB,uncontrolled,8cc353cc47325cdb,Late Blight
Z:\Projects\Smart-Farming\Datasets\final_combined_datasets\TLCE\LB\TLCE_LB_376.JPG,Tomato,LB,uncontrolled,a794dec94bfb8404,Late Blight
Z:\Projects\Smart-Farming\Datasets\final_combined_datasets\TLCE\LB\TLCE_LB_377.jpg,Tomato,LB,uncontrolled,c76c389137c33996,Late Blight
Z:\Projects\Smart-Farming\Datasets\final_combined_datasets\TLCE\LB\TLCE_LB_378.JPG,Tomato,LB,uncontrolled,fc9c43c30f9f3824,Late Blight
Z:\Projects\Smart-Farming\Datasets\final_combined_datasets\TLCE\LB\TLCE_LB_379.JPG,Tomato,LB,uncontrolled,af68c0179c33e69c,Late Blight
Z:\Projects\Smart-Farming\Datasets\final_combined_datasets\TLCE\LB\TLCE_LB_380.JPG,Tomato,LB,uncontrolled,86e770dc1893cb33,Late Blight
Z:\Projects\Smart-Farming\Datasets\final_combined_datasets\TLCE\LB\TLCE_LB_381.JPG,Tomato,LB,uncontrolled,b2c8c2645cd5c6f6,Late Blight
Z:\Projects\Smart-Farming\Datasets\final_combined_datasets\TLCE\LB\TLCE_LB_382.jpg,Tomato,LB,uncontrolled,976b3c1f6b3860b0,Late Blight
Z:\Projects\Smart-Farming\Datasets\final_combined_datasets\TLCE\LB\TLCE_LB_383.jpg,Tomato,LB,uncontrolled,85617a9fc66099c7,Late Blight
Z:\Projects\Smart-Farming\Datasets\final_combined_datasets\TLCE\LB\TLCE_LB_384.JPG,Tomato,LB,uncontrolled,aa5a870f9a31b336,Late Blight
Z:\Projects\Smart-Farming\Datasets\final_combined_datasets\TLCE\LB\TLCE_LB_385.JPG,Tomato,LB,uncontrolled,e48c13d333d90ce7,Late Blight
Z:\Projects\Smart-Farming\Datasets\final_combined_datasets\TLCE\LB\TLCE_LB_386.JPG,Tomato,LB,uncontrolled,d89967669a8f6134,Late Blight
Z:\Projects\Smart-Farming\Datasets\final_combined_datasets\TLCE\LB\TLCE_LB_387.JPG,Tomato,LB,uncontrolled,89c47291cf9632e7,Late Blight
Z:\Projects\Smart-Farming\Datasets\final_combined_datasets\TLCE\LB\TLCE_LB_388.JPG,Tomato,LB,uncontrolled,fff2c08b8e9c38a0,Late Blight
Z:\Projects\Smart-Farming\Datasets\final_combined_datasets\TLCE\LB\TLCE_LB_389.JPG,Tomato,LB,uncontrolled,bb1991234fd37036,Late Blight
Z:\Projects\Smart-Farming\Datasets\final_combined_datasets\TLCE\LB\TLCE_LB_390.JPG,Tomato,LB,uncontrolled,8999769315645bec,Late Blight
Z:\Projects\Smart-Farming\Datasets\final_combined_datasets\TLCE\LB\TLCE_LB_391.JPG,Tomato,LB,uncontrolled,e9c3c71c99910f93,Late Blight
Z:\Projects\Smart-Farming\Datasets\final_combined_datasets\TLCE\LB\TLCE_LB_392.JPG,Tomato,LB,uncontrolled,bcd372454bd85865,Late Blight
Z:\Projects\Smart-Farming\Datasets\final_combined_datasets\TLCE\LB\TLCE_LB_393.JPG,Tomato,LB,uncontrolled,fcc19b369033e70c,Late Blight
Z:\Projects\Smart-Farming\Datasets\final_combined_datasets\TLCE\LB\TLCE_LB_394.JPG,Tomato,LB,uncontrolled,abc3d5cc1ecd3881,Late Blight
Z:\Projects\Smart-Farming\Datasets\final_combined_datasets\TLCE\LB\TLCE_LB_395.JPG,Tomato,LB,uncontrolled,ab0594b49fd2d89a,Late Blight
Z:\Projects\Smart-Farming\Datasets\final_combined_datasets\TLCE\LB\TLCE_LB_396.JPG,Tomato,LB,uncontrolled,fd49c2349b993899,Late Blight
Z:\Projects\Smart-Farming\Datasets\final_combined_datasets\TLCE\LB\TLCE_LB_397.JPG,Tomato,LB,uncontrolled,ec8c13336dcd3836,Late Blight
Z:\Projects\Smart-Farming\Datasets\final_combined_datasets\TLCE\LB\TLCE_LB_398.JPG,Tomato,LB,uncontrolled,a513f63c0b639965,Late Blight
Z:\Projects\Smart-Farming\Datasets\final_combined_datasets\TLCE\LB\TLCE_LB_399.JPG,Tomato,LB,uncontrolled,bc6295953772d292,Late Blight
Z:\Projects\Smart-Farming\Datasets\final_combined_datasets\TLCE\LB\TLCE_LB_400.jpg,Tomato,LB,uncontrolled,cfc43c1b7331948b,Late Blight
Z:\Projects\Smart-Farming\Datasets\final_combined_datasets\TLCE\LB\TLCE_LB_401.JPG,Tomato,LB,uncontrolled,939a65cbc96a49a5,Late Blight
Z:\Projects\Smart-Farming\Datasets\final_combined_datasets\TLCE\LB\TLCE_LB_402.jpg,Tomato,LB,uncontrolled,986965e6329bc54d,Late Blight
Z:\Projects\Smart-Farming\Datasets\final_combined_datasets\TLCE\LB\TLCE_LB_403.JPG,Tomato,LB,uncontrolled,e4a6b26a4999d969,Late Blight
Z:\Projects\Smart-Farming\Datasets\final_combined_datasets\TLCE\LB\TLCE_LB_404.JPG,Tomato,LB,uncontrolled,b059c7b34c4e58da,Late Blight
Z:\Projects\Smart-Farming\Datasets\final_combined_datasets\TLCE\LB\TLCE_LB_405.JPG,Tomato,LB,uncontrolled,eec0e598879d9499,Late Blight
Z:\Projects\Smart-Farming\Datasets\final_combined_datasets\TLCE\LB\TLCE_LB_406.JPG,Tomato,LB,uncontrolled,fba5251fa83a4368,Late Blight
Z:\Projects\Smart-Farming\Datasets\final_combined_datasets\TLCE\LB\TLCE_LB_407.JPG,Tomato,LB,uncontrolled,b8a19acccc9636e6,Late Blight
Z:\Projects\Smart-Farming\Datasets\final_combined_datasets\TLCE\LB\TLCE_LB_408.JPG,Tomato,LB,uncontrolled,ff48c42fca1ad813,Late Blight
Z:\Projects\Smart-Farming\Datasets\final_combined_datasets\TLCE\LB\TLCE_LB_409.JPG,Tomato,LB,uncontrolled,a98d969333794966,Late Blight
Z:\Projects\Smart-Farming\Datasets\final_combined_datasets\TLCE\LB\TLCE_LB_410.JPG,Tomato,LB,uncontrolled,999361b9369a493d,Late Blight
Z:\Projects\Smart-Farming\Datasets\final_combined_datasets\TLCE\LB\TLCE_LB_411.JPG,Tomato,LB,uncontrolled,a801907cdf6dce47,Late Blight
Z:\Projects\Smart-Farming\Datasets\final_combined_datasets\TLCE\LB\TLCE_LB_412.JPG,Tomato,LB,uncontrolled,fd2e82f0994d58ca,Late Blight
Z:\Projects\Smart-Farming\Datasets\final_combined_datasets\TLCE\LB\TLCE_LB_413.JPG,Tomato,LB,uncontrolled,ec9127670e38d9e4,Late Blight
Z:\Projects\Smart-Farming\Datasets\final_combined_datasets\TLCE\LB\TLCE_LB_414.JPG,Tomato,LB,uncontrolled,e6261dd919b1168f,Late Blight
Z:\Projects\Smart-Farming\Datasets\final_combined_datasets\TLCE\LB\TLCE_LB_415.JPG,Tomato,LB,uncontrolled,ccc9269c13cd4e3e,Late Blight
Z:\Projects\Smart-Farming\Datasets\final_combined_datasets\TLCE\LB\TLCE_LB_416.JPG,Tomato,LB,uncontrolled,e6a73363699c9868,Late Blight
Z:\Projects\Smart-Farming\Datasets\final_combined_datasets\TLCE\LB\TLCE_LB_417.JPG,Tomato,LB,uncontrolled,ebe17885619fe091,Late Blight
Z:\Projects\Smart-Farming\Datasets\final_combined_datasets\TLCE\LB\TLCE_LB_418.JPG,Tomato,LB,uncontrolled,eaeac9cb49999990,Late Blight
Z:\Projects\Smart-Farming\Datasets\final_combined_datasets\TLCE\LB\TLCE_LB_419.jpg,Tomato,LB,uncontrolled,9ae661cc67191e1b,Late Blight
Z:\Projects\Smart-Farming\Datasets\final_combined_datasets\TLCE\LB\TLCE_LB_420.JPG,Tomato,LB,uncontrolled,aee0a5e69e66d094,Late Blight
Z:\Projects\Smart-Farming\Datasets\final_combined_datasets\TLCE\LB\TLCE_LB_421.JPG,Tomato,LB,uncontrolled,ebc28d9b98359227,Late Blight
Z:\Projects\Smart-Farming\Datasets\final_combined_datasets\TLCE\LB\TLCE_LB_422.jpg,Tomato,LB,uncontrolled,cecd32392e3331b2,Late Blight
Z:\Projects\Smart-Farming\Datasets\final_combined_datasets\TLCE\LB\TLCE_LB_423.JPG,Tomato,LB,uncontrolled,eaca811d9b638736,Late Blight
Z:\Projects\Smart-Farming\Datasets\final_combined_datasets\TLCE\LB\TLCE_LB_424.JPG,Tomato,LB,uncontrolled,ba95726dc134c369,Late Blight
Z:\Projects\Smart-Farming\Datasets\final_combined_datasets\TLCE\LB\TLCE_LB_425.JPG,Tomato,LB,uncontrolled,ab87d09ec7c12ce2,Late Blight
Z:\Projects\Smart-Farming\Datasets\final_combined_datasets\TLCE\LB\TLCE_LB_426.JPG,Tomato,LB,uncontrolled,fa1db53299699924,Late Blight
Z:\Projects\Smart-Farming\Datasets\final_combined_datasets\TLCE\LB\TLCE_LB_427.JPG,Tomato,LB,uncontrolled,b89e8761d8d82e9c,Late Blight
Z:\Projects\Smart-Farming\Datasets\final_combined_datasets\TLCE\LB\TLCE_LB_428.JPG,Tomato,LB,uncontrolled,eb61e116c65a9978,Late Blight
Z:\Projects\Smart-Farming\Datasets\final_combined_datasets\TLCE\LB\TLCE_LB_429.JPG,Tomato,LB,uncontrolled,f82fb15897387c90,Late Blight
Z:\Projects\Smart-Farming\Datasets\final_combined_datasets\TLCE\LB\TLCE_LB_430.JPG,Tomato,LB,uncontrolled,ac6fd200db978497,Late Blight
Z:\Projects\Smart-Farming\Datasets\final_combined_datasets\TLCE\LB\TLCE_LB_431.JPG,Tomato,LB,uncontrolled,899e7b896516b85c,Late Blight
Z:\Projects\Smart-Farming\Datasets\final_combined_datasets\TLCE\LB\TLCE_LB_432.JPG,Tomato,LB,uncontrolled,fc8213cd2c6659f1,Late Blight
Z:\Projects\Smart-Farming\Datasets\final_combined_datasets\TLCE\LB\TLCE_LB_433.JPG,Tomato,LB,uncontrolled,a9c1569c65695b27,Late Blight
Z:\Projects\Smart-Farming\Datasets\final_combined_datasets\TLCE\LB\TLCE_LB_434.JPG,Tomato,LB,uncontrolled,ff83904ccf44e272,Late Blight
Z:\Projects\Smart-Farming\Datasets\final_combined_datasets\TLCE\LB\TLCE_LB_435.JPG,Tomato,LB,uncontrolled,8cd073374cd933c6,Late Blight
Z:\Projects\Smart-Farming\Datasets\final_combined_datasets\TLCE\LB\TLCE_LB_436.JPG,Tomato,LB,uncontrolled,8ca673cc499e989b,Late Blight
Z:\Projects\Smart-Farming\Datasets\final_combined_datasets\TLCE\LB\TLCE_LB_437.JPG,Tomato,LB,uncontrolled,8c2676fdb21b0cc9,Late Blight
Z:\Projects\Smart-Farming\Datasets\final_combined_datasets\TLCE\LB\TLCE_LB_438.JPG,Tomato,LB,uncontrolled,ed0f466c3166cc33,Late Blight
Z:\Projects\Smart-Farming\Datasets\final_combined_datasets\TLCE\LB\TLCE_LB_439.JPG,Tomato,LB,uncontrolled,ada6c6b6ca9c4e18,Late Blight
Z:\Projects\Smart-Farming\Datasets\final_combined_datasets\TLCE\LB\TLCE_LB_440.JPG,Tomato,LB,uncontrolled,f8a32b35c55a94b1,Late Blight
Z:\Projects\Smart-Farming\Datasets\final_combined_datasets\TLCE\LB\TLCE_LB_441.JPG,Tomato,LB,uncontrolled,ec8996a49936d999,Late Blight
Z:\Projects\Smart-Farming\Datasets\final_combined_datasets\TLCE\LB\TLCE_LB_442.JPG,Tomato,LB,uncontrolled,e1ed95a51c960c9b,Late Blight
Z:\Projects\Smart-Farming\Datasets\final_combined_datasets\TLCE\LB\TLCE_LB_443.JPG,Tomato,LB,uncontrolled,e48893368f716cce,Late Blight
Z:\Projects\Smart-Farming\Datasets\final_combined_datasets\TLCE\LB\TLCE_LB_444.JPG,Tomato,LB,uncontrolled,bc9cd38347876662,Late Blight
Z:\Projects\Smart-Farming\Datasets\final_combined_datasets\TLCE\LB\TLCE_LB_445.JPG,Tomato,LB,uncontrolled,b254136aa9b5e4f1,Late Blight
Z:\Projects\Smart-Farming\Datasets\final_combined_datasets\TLCE\LB\TLCE_LB_446.JPG,Tomato,LB,uncontrolled,aee69119dd61c236,Late Blight
Z:\Projects\Smart-Farming\Datasets\final_combined_datasets\TLCE\LB\TLCE_LB_447.JPG,Tomato,LB,uncontrolled,bf6dd1b2c4a1c494,Late Blight
Z:\Projects\Smart-Farming\Datasets\final_combined_datasets\TLCE\LB\TLCE_LB_448.jpg,Tomato,LB,uncontrolled,9933666c333966cc,Late Blight
Z:\Projects\Smart-Farming\Datasets\final_combined_datasets\TLCE\LB\TLCE_LB_449.JPG,Tomato,LB,uncontrolled,e48813b11cce77b3,Late Blight
Z:\Projects\Smart-Farming\Datasets\final_combined_datasets\TLCE\LB\TLCE_LB_450.JPG,Tomato,LB,uncontrolled,eb183429f0f2f0f4,Late Blight
Z:\Projects\Smart-Farming\Datasets\final_combined_datasets\TLCE\LB\TLCE_LB_451.JPG,Tomato,LB,uncontrolled,a3a46c929a9b633b,Late Blight
Z:\Projects\Smart-Farming\Datasets\final_combined_datasets\TLCE\LB\TLCE_LB_452.JPG,Tomato,LB,uncontrolled,eaca968da09fb185,Late Blight
Z:\Projects\Smart-Farming\Datasets\final_combined_datasets\TLCE\LB\TLCE_LB_453.JPG,Tomato,LB,uncontrolled,ce8625791a2abc75,Late Blight
Z:\Projects\Smart-Farming\Datasets\final_combined_datasets\TLCE\LB\TLCE_LB_454.JPG,Tomato,LB,uncontrolled,b9a4a7cfce983212,Late Blight
Z:\Projects\Smart-Farming\Datasets\final_combined_datasets\TLCE\LB\TLCE_LB_455.JPG,Tomato,LB,uncontrolled,f7f162c0476dc618,Late Blight
Z:\Projects\Smart-Farming\Datasets\final_combined_datasets\TLCE\LB\TLCE_LB_456.JPG,Tomato,LB,uncontrolled,eb34e854b125d726,Late Blight
Z:\Projects\Smart-Farming\Datasets\final_combined_datasets\TLCE\LB\TLCE_LB_457.JPG,Tomato,LB,uncontrolled,ea4ac7b5991eb085,Late Blight
Z:\Projects\Smart-Farming\Datasets\final_combined_datasets\TLCE\LB\TLCE_LB_458.JPG,Tomato,LB,uncontrolled,fc9611694e3533c6,Late Blight
Z:\Projects\Smart-Farming\Datasets\final_combined_datasets\TLCE\LB\TLCE_LB_459.JPG,Tomato,LB,uncontrolled,f88587da1c2572cb,Late Blight
Z:\Projects\Smart-Farming\Datasets\final_combined_datasets\TLCE\LB\TLCE_LB_460.JPG,Tomato,LB,uncontrolled,aa8da566dc6b9298,Late Blight
Z:\Projects\Smart-Farming\Datasets\final_combined_datasets\TLCE\LB\TLCE_LB_461.JPG,Tomato,LB,uncontrolled,9ed861c7d94c9925,Late Blight
Z:\Projects\Smart-Farming\Datasets\final_combined_datasets\TLCE\LB\TLCE_LB_462.JPG,Tomato,LB,uncontrolled,ed40c62d9f34d992,Late Blight
Z:\Projects\Smart-Farming\Datasets\final_combined_datasets\TLCE\LB\TLCE_LB_463.JPG,Tomato,LB,uncontrolled,b0cecb914c6c33d3,Late Blight
Z:\Projects\Smart-Farming\Datasets\final_combined_datasets\TLCE\LB\TLCE_LB_464.JPG,Tomato,LB,uncontrolled,bac6f4c1878d9929,Late Blight
Z:\Projects\Smart-Farming\Datasets\final_combined_datasets\TLCE\LB\TLCE_LB_465.JPG,Tomato,LB,uncontrolled,a93b9626cbd2b849,Late Blight
Z:\Projects\Smart-Farming\Datasets\final_combined_datasets\TLCE\LB\TLCE_LB_466.JPG,Tomato,LB,uncontrolled,c8ce7d1936387163,Late Blight
Z:\Projects\Smart-Farming\Datasets\final_combined_datasets\TLCE\LB\TLCE_LB_467.JPG,Tomato,LB,uncontrolled,a9cbd28c9fbcc130,Late Blight
Z:\Projects\Smart-Farming\Datasets\final_combined_datasets\TLCE\LB\TLCE_LB_468.JPG,Tomato,LB,uncontrolled,a804b4fadb438aed,Late Blight
Z:\Projects\Smart-Farming\Datasets\final_combined_datasets\TLCE\LB\TLCE_LB_469.JPG,Tomato,LB,uncontrolled,b8914cce957a23d9,Late Blight
Z:\Projects\Smart-Farming\Datasets\final_combined_datasets\TLCE\LB\TLCE_LB_470.JPG,Tomato,LB,uncontrolled,f8bac7c33c383063,Late Blight
Z:\Projects\Smart-Farming\Datasets\final_combined_datasets\TLCE\LB\TLCE_LB_471.JPG,Tomato,LB,uncontrolled,e92d8763b4311a37,Late Blight
Z:\Projects\Smart-Farming\Datasets\final_combined_datasets\TLCE\LB\TLCE_LB_472.JPG,Tomato,LB,uncontrolled,e4995bcb118e6734,Late Blight
Z:\Projects\Smart-Farming\Datasets\final_combined_datasets\TLCE\LB\TLCE_LB_473.JPG,Tomato,LB,uncontrolled,aa7ef1c89684c0bd,Late Blight
Z:\Projects\Smart-Farming\Datasets\final_combined_datasets\TLCE\LB\TLCE_LB_474.jpg,Tomato,LB,uncontrolled,95d2390d627a6da6,Late Blight
Z:\Projects\Smart-Farming\Datasets\final_combined_datasets\TLCE\LB\TLCE_LB_475.JPG,Tomato,LB,uncontrolled,aac2963cd137651d,Late Blight
Z:\Projects\Smart-Farming\Datasets\final_combined_datasets\TLCE\LB\TLCE_LB_476.JPG,Tomato,LB,uncontrolled,bab1d0cb6d84b4ca,Late Blight
Z:\Projects\Smart-Farming\Datasets\final_combined_datasets\TLCE\LB\TLCE_LB_477.JPG,Tomato,LB,uncontrolled,ae2c85749e2b6ad1,Late Blight
Z:\Projects\Smart-Farming\Datasets\final_combined_datasets\TLCE\LB\TLCE_LB_478.jpg,Tomato,LB,uncontrolled,c7633c9cd1c1253e,Late Blight
Z:\Projects\Smart-Farming\Datasets\final_combined_datasets\TLCE\LB\TLCE_LB_479.JPG,Tomato,LB,uncontrolled,abf135928fcadc08,Late Blight
Z:\Projects\Smart-Farming\Datasets\final_combined_datasets\TLCE\LB\TLCE_LB_480.jpg,Tomato,LB,uncontrolled,c1c72e2737b0d869,Late Blight
Z:\Projects\Smart-Farming\Datasets\final_combined_datasets\TLCE\LB\TLCE_LB_481.JPG,Tomato,LB,uncontrolled,ea9930e419f38cf1,Late Blight
Z:\Projects\Smart-Farming\Datasets\final_combined_datasets\TLCE\LB\TLCE_LB_482.JPG,Tomato,LB,uncontrolled,ba95a4d8cbc8e4d2,Late Blight
Z:\Projects\Smart-Farming\Datasets\final_combined_datasets\TLCE\LB\TLCE_LB_483.JPG,Tomato,LB,uncontrolled,ba1fa7309a198f49,Late Blight
Z:\Projects\Smart-Farming\Datasets\final_combined_datasets\TLCE\LB\TLCE_LB_484.JPG,Tomato,LB,uncontrolled,a4c4539b672c7671,Late Blight
Z:\Projects\Smart-Farming\Datasets\final_combined_datasets\TLCE\LB\TLCE_LB_485.JPG,Tomato,LB,uncontrolled,a98dc9e8619666cb,Late Blight
Z:\Projects\Smart-Farming\Datasets\final_combined_datasets\TLCE\LB\TLCE_LB_486.jpg,Tomato,LB,uncontrolled,cc1c69e5323633e3,Late Blight
Z:\Projects\Smart-Farming\Datasets\final_combined_datasets\TLCE\LB\TLCE_LB_487.JPG,Tomato,LB,uncontrolled,ac8443db2d3376cc,Late Blight
Z:\Projects\Smart-Farming\Datasets\final_combined_datasets\TLCE\LB\TLCE_LB_488.JPG,Tomato,LB,uncontrolled,e83c87e3d0c8c9cd,Late Blight
Z:\Projects\Smart-Farming\Datasets\final_combined_datasets\TLCE\LB\TLCE_LB_489.JPG,Tomato,LB,uncontrolled,e9a4c3c7ce993328,Late Blight
Z:\Projects\Smart-Farming\Datasets\final_combined_datasets\TLCE\LB\TLCE_LB_490.JPG,Tomato,LB,uncontrolled,abe1a58e961cda0d,Late Blight
Z:\Projects\Smart-Farming\Datasets\final_combined_datasets\TLCE\LB\TLCE_LB_491.JPG,Tomato,LB,uncontrolled,be1f81c0c8ece761,Late Blight
Z:\Projects\Smart-Farming\Datasets\final_combined_datasets\TLCE\LB\TLCE_LB_492.JPG,Tomato,LB,uncontrolled,bf60c0969f99b0b4,Late Blight
Z:\Projects\Smart-Farming\Datasets\final_combined_datasets\TLCE\LB\TLCE_LB_493.JPG,Tomato,LB,uncontrolled,bea4d2cb2c95c83c,Late Blight
Z:\Projects\Smart-Farming\Datasets\final_combined_datasets\TLCE\LB\TLCE_LB_494.JPG,Tomato,LB,uncontrolled,8acbe31ed42f19e0,Late Blight
Z:\Projects\Smart-Farming\Datasets\final_combined_datasets\TLCE\LB\TLCE_LB_495.jpg,Tomato,LB,uncontrolled,9931664c736639e6,Late Blight
Z:\Projects\Smart-Farming\Datasets\final_combined_datasets\TLCE\LB\TLCE_LB_496.JPG,Tomato,LB,uncontrolled,ec63256dc64c8db2,Late Blight
Z:\Projects\Smart-Farming\Datasets\final_combined_datasets\TLCE\LB\TLCE_LB_497.JPG,Tomato,LB,uncontrolled,eaca96b49927cc0b,Late Blight
Z:\Projects\Smart-Farming\Datasets\final_combined_datasets\TLCE\LB\TLCE_LB_498.jpg,Tomato,LB,uncontrolled,85b5964a6acc794b,Late Blight
Z:\Projects\Smart-Farming\Datasets\final_combined_datasets\TLCE\LB\TLCE_LB_499.JPG,Tomato,LB,uncontrolled,ea16e162beeb0946,Late Blight
Z:\Projects\Smart-Farming\Datasets\final_combined_datasets\TLCE\LB\TLCE_LB_500.JPG,Tomato,LB,uncontrolled,bc8c43f30e2e71d8,Late Blight
Z:\Projects\Smart-Farming\Datasets\final_combined_datasets\TLCE\LB\TLCE_LB_501.JPG,Tomato,LB,uncontrolled,ba989c23199667cb,Late Blight
Z:\Projects\Smart-Farming\Datasets\final_combined_datasets\TLCE\LB\TLCE_LB_502.JPG,Tomato,LB,uncontrolled,b2b0b992cf9cc92c,Late Blight
Z:\Projects\Smart-Farming\Datasets\final_combined_datasets\TLCE\LB\TLCE_LB_503.JPG,Tomato,LB,uncontrolled,be87c1e0b1cc6533,Late Blight
Z:\Projects\Smart-Farming\Datasets\final_combined_datasets\TLCE\LB\TLCE_LB_504.JPG,Tomato,LB,uncontrolled,eac88a1bb4eb163c,Late Blight
Z:\Projects\Smart-Farming\Datasets\final_combined_datasets\TLCE\LB\TLCE_LB_505.JPG,Tomato,LB,uncontrolled,ba0dc462bd375a8c,Late Blight
Z:\Projects\Smart-Farming\Datasets\final_combined_datasets\TLCE\LB\TLCE_LB_506.JPG,Tomato,LB,uncontrolled,dcd969c873664436,Late Blight
Z:\Projects\Smart-Farming\Datasets\final_combined_datasets\TLCE\LB\TLCE_LB_507.JPG,Tomato,LB,uncontrolled,dd953069d3725a4a,Late Blight
Z:\Projects\Smart-Farming\Datasets\final_combined_datasets\TLCE\LB\TLCE_LB_508.JPG,Tomato,LB,uncontrolled,899670c9479d6cce,Late Blight
Z:\Projects\Smart-Farming\Datasets\final_combined_datasets\TLCE\LB\TLCE_LB_509.JPG,Tomato,LB,uncontrolled,bcaec3f0d49a03c6,Late Blight
Z:\Projects\Smart-Farming\Datasets\final_combined_datasets\TLCE\LB\TLCE_LB_510.JPG,Tomato,LB,uncontrolled,aab5d58adb691861,Late Blight
Z:\Projects\Smart-Farming\Datasets\final_combined_datasets\TLCE\LB\TLCE_LB_511.JPG,Tomato,LB,uncontrolled,cc8c33b3896c26cf,Late Blight
Z:\Projects\Smart-Farming\Datasets\final_combined_datasets\TLCE\LB\TLCE_LB_512.jpg,Tomato,LB,uncontrolled,993963c636cb7131,Late Blight
Z:\Projects\Smart-Farming\Datasets\final_combined_datasets\TLCE\LB\TLCE_LB_513.JPG,Tomato,LB,uncontrolled,aacad1cdb3bc0638,Late Blight
Z:\Projects\Smart-Farming\Datasets\final_combined_datasets\TLCE\LB\TLCE_LB_514.JPG,Tomato,LB,uncontrolled,ed8316cc1b932766,Late Blight
Z:\Projects\Smart-Farming\Datasets\final_combined_datasets\TLCE\LB\TLCE_LB_515.JPG,Tomato,LB,uncontrolled,cc8732791986ccee,Late Blight
Z:\Projects\Smart-Farming\Datasets\final_combined_datasets\TLCE\LB\TLCE_LB_516.JPG,Tomato,LB,uncontrolled,a48453f36cd927cc,Late Blight
Z:\Projects\Smart-Farming\Datasets\final_combined_datasets\TLCE\LB\TLCE_LB_517.JPG,Tomato,LB,uncontrolled,a9ecb4ed49662513,Late Blight
Z:\Projects\Smart-Farming\Datasets\final_combined_datasets\TLCE\LB\TLCE_LB_518.JPG,Tomato,LB,uncontrolled,8c9171ce4e3879c7,Late Blight
Z:\Projects\Smart-Farming\Datasets\final_combined_datasets\TLCE\LB\TLCE_LB_519.JPG,Tomato,LB,uncontrolled,db8d24921b644fd9,Late Blight
Z:\Projects\Smart-Farming\Datasets\final_combined_datasets\TLCE\LB\TLCE_LB_520.JPG,Tomato,LB,uncontrolled,83fefcc8f0438e0c,Late Blight
Z:\Projects\Smart-Farming\Datasets\final_combined_datasets\TLCE\LB\TLCE_LB_521.JPG,Tomato,LB,uncontrolled,d98626d39b6027cd,Late Blight
Z:\Projects\Smart-Farming\Datasets\final_combined_datasets\TLCE\LB\TLCE_LB_522.JPG,Tomato,LB,uncontrolled,fc0ba965c6389cc3,Late Blight
Z:\Projects\Smart-Farming\Datasets\final_combined_datasets\TLCE\LB\TLCE_LB_523.jpg,Tomato,LB,uncontrolled,cb6c3c36366434f1,Late Blight
Z:\Projects\Smart-Farming\Datasets\final_combined_datasets\TLCE\LB\TLCE_LB_524.JPG,Tomato,LB,uncontrolled,fdaed0588193cd45,Late Blight
Z:\Projects\Smart-Farming\Datasets\final_combined_datasets\TLCE\LB\TLCE_LB_525.JPG,Tomato,LB,uncontrolled,aacce5899b36a136,Late Blight
Z:\Projects\Smart-Farming\Datasets\final_combined_datasets\TLCE\LB\TLCE_LB_526.JPG,Tomato,LB,uncontrolled,df9f95d0522a60b1,Late Blight
Z:\Projects\Smart-Farming\Datasets\final_combined_datasets\TLCE\LB\TLCE_LB_527.JPG,Tomato,LB,uncontrolled,da53a62c3863cd9c,Late Blight
Z:\Projects\Smart-Farming\Datasets\final_combined_datasets\TLCE\LB\TLCE_LB_528.JPG,Tomato,LB,uncontrolled,ae60c39f89b835c5,Late Blight
Z:\Projects\Smart-Farming\Datasets\final_combined_datasets\TLCE\LB\TLCE_LB_529.JPG,Tomato,LB,uncontrolled,bf0fc8d6628c47c2,Late Blight
Z:\Projects\Smart-Farming\Datasets\final_combined_datasets\TLCE\LB\TLCE_LB_530.JPG,Tomato,LB,uncontrolled,c5d5904a6736dac9,Late Blight
Z:\Projects\Smart-Farming\Datasets\final_combined_datasets\TLCE\LB\TLCE_LB_531.JPG,Tomato,LB,uncontrolled,b48343cc3db23667,Late Blight
Z:\Projects\Smart-Farming\Datasets\final_combined_datasets\TLCE\LB\TLCE_LB_532.JPG,Tomato,LB,uncontrolled,898273370fcdc3c3,Late Blight
Z:\Projects\Smart-Farming\Datasets\final_combined_datasets\TLCE\LB\TLCE_LB_533.JPG,Tomato,LB,uncontrolled,a378e4879c3dc81b,Late Blight
Z:\Projects\Smart-Farming\Datasets\final_combined_datasets\TLCE\LB\TLCE_LB_534.JPG,Tomato,LB,uncontrolled,a769d306cc1e9c39,Late Blight
Z:\Projects\Smart-Farming\Datasets\final_combined_datasets\TLCE\LB\TLCE_LB_535.JPG,Tomato,LB,uncontrolled,aee6a49e981893d9,Late Blight
Z:\Projects\Smart-Farming\Datasets\final_combined_datasets\TLCE\LB\TLCE_LB_536.JPG,Tomato,LB,uncontrolled,f90e87b0dacb8a43,Late Blight
Z:\Projects\Smart-Farming\Datasets\final_combined_datasets\TLCE\LB\TLCE_LB_537.JPG,Tomato,LB,uncontrolled,d4cbc389c0cf4de4,Late Blight
Z:\Projects\Smart-Farming\Datasets\final_combined_datasets\TLCE\LB\TLCE_LB_538.JPG,Tomato,LB,uncontrolled,eaca3cad9a903792,Late Blight
Z:\Projects\Smart-Farming\Datasets\final_combined_datasets\TLCE\LB\TLCE_LB_539.JPG,Tomato,LB,uncontrolled,d851a3469e638da7,Late Blight
Z:\Projects\Smart-Farming\Datasets\final_combined_datasets\TLCE\LB\TLCE_LB_540.jpg,Tomato,LB,uncontrolled,9a65394c659873d3,Late Blight
Z:\Projects\Smart-Farming\Datasets\final_combined_datasets\TLCE\LB\TLCE_LB_541.JPG,Tomato,LB,uncontrolled,d8c2711a6f3934c7,Late Blight
Z:\Projects\Smart-Farming\Datasets\final_combined_datasets\TLCE\LB\TLCE_LB_542.jpg,Tomato,LB,uncontrolled,974868a34b3d6da5,Late Blight
Z:\Projects\Smart-Farming\Datasets\final_combined_datasets\TLCE\LB\TLCE_LB_543.JPG,Tomato,LB,uncontrolled,afe887849b60c9d3,Late Blight
Z:\Projects\Smart-Farming\Datasets\final_combined_datasets\TLCE\LB\TLCE_LB_544.JPG,Tomato,LB,uncontrolled,ba62c08fd69d33b0,Late Blight
Z:\Projects\Smart-Farming\Datasets\final_combined_datasets\TLCE\LB\TLCE_LB_545.JPG,Tomato,LB,uncontrolled,acee84910e5ed3b8,Late Blight
Z:\Projects\Smart-Farming\Datasets\final_combined_datasets\TLCE\LB\TLCE_LB_546.JPG,Tomato,LB,uncontrolled,d99966c6993326cc,Late Blight
Z:\Projects\Smart-Farming\Datasets\final_combined_datasets\TLCE\LB\TLCE_LB_547.JPG,Tomato,LB,uncontrolled,afec809d9933c692,Late Blight
Z:\Projects\Smart-Farming\Datasets\final_combined_datasets\TLCE\LB\TLCE_LB_548.JPG,Tomato,LB,uncontrolled,ea8886c3633d3c7a,Late Blight
Z:\Projects\Smart-Farming\Datasets\final_combined_datasets\TLCE\LB\TLCE_LB_549.JPG,Tomato,LB,uncontrolled,99c3469c78673399,Late Blight
Z:\Projects\Smart-Farming\Datasets\final_combined_datasets\TLCE\LB\TLCE_LB_550.JPG,Tomato,LB,uncontrolled,ade624e7168c9af0,Late Blight
Z:\Projects\Smart-Farming\Datasets\final_combined_datasets\TLCE\LB\TLCE_LB_551.JPG,Tomato,LB,uncontrolled,ef48c26d4a7cc968,Late Blight
Z:\Projects\Smart-Farming\Datasets\final_combined_datasets\TLCE\LB\TLCE_LB_552.JPG,Tomato,LB,uncontrolled,99d3c62c589b6663,Late Blight
Z:\Projects\Smart-Farming\Datasets\final_combined_datasets\TLCE\LB\TLCE_LB_553.jpg,Tomato,LB,uncontrolled,9bcf639864236633,Late Blight
Z:\Projects\Smart-Farming\Datasets\final_combined_datasets\TLCE\LB\TLCE_LB_554.JPG,Tomato,LB,uncontrolled,ec9213691cc7ce36,Late Blight
Z:\Projects\Smart-Farming\Datasets\final_combined_datasets\TLCE\LB\TLCE_LB_555.JPG,Tomato,LB,uncontrolled,bf98945ad21cc14f,Late Blight
Z:\Projects\Smart-Farming\Datasets\final_combined_datasets\TLCE\LB\TLCE_LB_556.jpg,Tomato,LB,uncontrolled,9b3264cfcc4931c7,Late Blight
Z:\Projects\Smart-Farming\Datasets\final_combined_datasets\TLCE\LB\TLCE_LB_557.JPG,Tomato,LB,uncontrolled,a9d2264e738d9c0f,Late Blight
Z:\Projects\Smart-Farming\Datasets\final_combined_datasets\TLCE\LB\TLCE_LB_558.JPG,Tomato,LB,uncontrolled,d28925b21ae46fd9,Late Blight
Z:\Projects\Smart-Farming\Datasets\final_combined_datasets\TLCE\LB\TLCE_LB_559.JPG,Tomato,LB,uncontrolled,c91a966d534c5976,Late Blight
Z:\Projects\Smart-Farming\Datasets\final_combined_datasets\TLCE\LB\TLCE_LB_560.JPG,Tomato,LB,uncontrolled,f89f8294c76ac8e1,Late Blight
Z:\Projects\Smart-Farming\Datasets\final_combined_datasets\TLCE\LB\TLCE_LB_561.JPG,Tomato,LB,uncontrolled,eac2c19f3598219f,Late Blight
Z:\Projects\Smart-Farming\Datasets\final_combined_datasets\TLCE\LB\TLCE_LB_562.JPG,Tomato,LB,uncontrolled,ec8673b14c9913ce,Late Blight
Z:\Projects\Smart-Farming\Datasets\final_combined_datasets\TLCE\LB\TLCE_LB_563.JPG,Tomato,LB,uncontrolled,fff1c0c34606e22b,Late Blight
Z:\Projects\Smart-Farming\Datasets\final_combined_datasets\TLCE\LB\TLCE_LB_564.JPG,Tomato,LB,uncontrolled,e99916a619cd6533,Late Blight
Z:\Projects\Smart-Farming\Datasets\final_combined_datasets\TLCE\LB\TLCE_LB_565.JPG,Tomato,LB,uncontrolled,b890db67a557c960,Late Blight
Z:\Projects\Smart-Farming\Datasets\final_combined_datasets\TLCE\LB\TLCE_LB_566.JPG,Tomato,LB,uncontrolled,ba29e47cc1830fe3,Late Blight
Z:\Projects\Smart-Farming\Datasets\final_combined_datasets\TLCE\LB\TLCE_LB_567.JPG,Tomato,LB,uncontrolled,b6794d86997b0c25,Late Blight
Z:\Projects\Smart-Farming\Datasets\final_combined_datasets\TLCE\LB\TLCE_LB_568.JPG,Tomato,LB,uncontrolled,ac9c53d34e7c382c,Late Blight
Z:\Projects\Smart-Farming\Datasets\final_combined_datasets\TLCE\LB\TLCE_LB_569.JPG,Tomato,LB,uncontrolled,abe4a597969b10d8,Late Blight
Z:\Projects\Smart-Farming\Datasets\final_combined_datasets\TLCE\LB\TLCE_LB_570.JPG,Tomato,LB,uncontrolled,dafba9c9a4342d14,Late Blight
Z:\Projects\Smart-Farming\Datasets\final_combined_datasets\TLCE\LB\TLCE_LB_571.JPG,Tomato,LB,uncontrolled,aafa8125de1e04f3,Late Blight
Z:\Projects\Smart-Farming\Datasets\final_combined_datasets\TLCE\LB\TLCE_LB_572.JPG,Tomato,LB,uncontrolled,995e89d86e276398,Late Blight
Z:\Projects\Smart-Farming\Datasets\final_combined_datasets\TLCE\LB\TLCE_LB_573.JPG,Tomato,LB,uncontrolled,a9d96634cc6319cd,Late Blight
Z:\Projects\Smart-Farming\Datasets\final_combined_datasets\TLCE\LB\TLCE_LB_574.JPG,Tomato,LB,uncontrolled,fb0b85f090dc6b8c,Late Blight
Z:\Projects\Smart-Farming\Datasets\final_combined_datasets\TLCE\LB\TLCE_LB_575.jpg,Tomato,LB,uncontrolled,c0e83f97c3709caa,Late Blight
Z:\Projects\Smart-Farming\Datasets\final_combined_datasets\TLCE\LB\TLCE_LB_576.JPG,Tomato,LB,uncontrolled,abebc40c9b39d291,Late Blight
Z:\Projects\Smart-Farming\Datasets\final_combined_datasets\TLCE\LB\TLCE_LB_577.JPG,Tomato,LB,uncontrolled,aa95f15ec7609463,Late Blight
Z:\Projects\Smart-Farming\Datasets\final_combined_datasets\TLCE\LB\TLCE_LB_578.JPG,Tomato,LB,uncontrolled,8ce673994c999966,Late Blight
Z:\Projects\Smart-Farming\Datasets\final_combined_datasets\TLCE\LB\TLCE_LB_579.jpg,Tomato,LB,uncontrolled,cdb925505a4b6ce6,Late Blight
Z:\Projects\Smart-Farming\Datasets\final_combined_datasets\TLCE\LB\TLCE_LB_580.JPG,Tomato,LB,uncontrolled,beb6c0c96887a69a,Late Blight
Z:\Projects\Smart-Farming\Datasets\final_combined_datasets\TLCE\LB\TLCE_LB_581.JPG,Tomato,LB,uncontrolled,bc8253cc69b88ce7,Late Blight
Z:\Projects\Smart-Farming\Datasets\final_combined_datasets\TLCE\LB\TLCE_LB_582.JPG,Tomato,LB,uncontrolled,afc0e5cf9c983291,Late Blight
Z:\Projects\Smart-Farming\Datasets\final_combined_datasets\TLCE\LB\TLCE_LB_583.JPG,Tomato,LB,uncontrolled,aa95c0f4da6e334c,Late Blight
Z:\Projects\Smart-Farming\Datasets\final_combined_datasets\TLCE\LB\TLCE_LB_584.JPG,Tomato,LB,uncontrolled,a9a333ce3cd90ae8,Late Blight
Z:\Projects\Smart-Farming\Datasets\final_combined_datasets\TLCE\LB\TLCE_LB_585.jpg,Tomato,LB,uncontrolled,cfc7343c3231b0e3,Late Blight
Z:\Projects\Smart-Farming\Datasets\final_combined_datasets\TLCE\LB\TLCE_LB_586.JPG,Tomato,LB,uncontrolled,cb9326b0b4cc533e,Late Blight
Z:\Projects\Smart-Farming\Datasets\final_combined_datasets\TLCE\LB\TLCE_LB_587.jpg,Tomato,LB,uncontrolled,969c696736f212c9,Late Blight
Z:\Projects\Smart-Farming\Datasets\final_combined_datasets\TLCE\LB\TLCE_LB_588.JPG,Tomato,LB,uncontrolled,87c6703b46cc39e3,Late Blight
Z:\Projects\Smart-Farming\Datasets\final_combined_datasets\TLCE\LB\TLCE_LB_589.JPG,Tomato,LB,uncontrolled,f3cb8c4c9e318b31,Late Blight
Z:\Projects\Smart-Farming\Datasets\final_combined_datasets\TLCE\LB\TLCE_LB_590.JPG,Tomato,LB,uncontrolled,aaead2c59896bc31,Late Blight
Z:\Projects\Smart-Farming\Datasets\final_combined_datasets\TLCE\LB\TLCE_LB_591.JPG,Tomato,LB,uncontrolled,8ea4305bdb253d66,Late Blight
Z:\Projects\Smart-Farming\Datasets\final_combined_datasets\TLCE\LB\TLCE_LB_592.JPG,Tomato,LB,uncontrolled,f9328097cb688f69,Late Blight
Z:\Projects\Smart-Farming\Datasets\final_combined_datasets\TLCE\LB\TLCE_LB_593.JPG,Tomato,LB,uncontrolled,ffb8985ce860c0a7,Late Blight
Z:\Projects\Smart-Farming\Datasets\final_combined_datasets\TLCE\LB\TLCE_LB_594.JPG,Tomato,LB,uncontrolled,a291c17e8fa0d6e3,Late Blight
Z:\Projects\Smart-Farming\Datasets\final_combined_datasets\TLCE\LB\TLCE_LB_595.jpg,Tomato,LB,uncontrolled,cfcd303863331c67,Late Blight
Z:\Projects\Smart-Farming\Datasets\final_combined_datasets\TLCE\LB\TLCE_LB_596.JPG,Tomato,LB,uncontrolled,99c65398336c4e9b,Late Blight
Z:\Projects\Smart-Farming\Datasets\final_combined_datasets\TLCE\LB\TLCE_LB_597.JPG,Tomato,LB,uncontrolled,d4d993ce4c3931c6,Late Blight
Z:\Projects\Smart-Farming\Datasets\final_combined_datasets\TLCE\LB\TLCE_LB_598.JPG,Tomato,LB,uncontrolled,8d9931cf9896349d,Late Blight
Z:\Projects\Smart-Farming\Datasets\final_combined_datasets\TLCE\LB\TLCE_LB_599.jpg,Tomato,LB,uncontrolled,901e3de14fb432e3,Late Blight
Z:\Projects\Smart-Farming\Datasets\final_combined_datasets\TLCE\LB\TLCE_LB_600.JPG,Tomato,LB,uncontrolled,ebf2a79698429b81,Late Blight
Z:\Projects\Smart-Farming\Datasets\final_combined_datasets\TLCE\LB\TLCE_LB_601.JPG,Tomato,LB,uncontrolled,ea92a4e939324fcc,Late Blight
Z:\Projects\Smart-Farming\Datasets\final_combined_datasets\TLCE\LB\TLCE_LB_602.jpg,Tomato,LB,uncontrolled,c6cf3496c3393991,Late Blight
Z:\Projects\Smart-Farming\Datasets\final_combined_datasets\TLCE\LB\TLCE_LB_603.JPG,Tomato,LB,uncontrolled,8cf311ce15cc7719,Late Blight
Z:\Projects\Smart-Farming\Datasets\final_combined_datasets\TLCE\LB\TLCE_LB_604.JPG,Tomato,LB,uncontrolled,9cf143b1718ec6e1,Late Blight
Z:\Projects\Smart-Farming\Datasets\final_combined_datasets\TLCE\LB\TLCE_LB_605.JPG,Tomato,LB,uncontrolled,8c9d76421b6bcd64,Late Blight
Z:\Projects\Smart-Farming\Datasets\final_combined_datasets\TLCE\LB\TLCE_LB_606.JPG,Tomato,LB,uncontrolled,accaca8fe1831cd9,Late Blight
Z:\Projects\Smart-Farming\Datasets\final_combined_datasets\TLCE\LB\TLCE_LB_607.JPG,Tomato,LB,uncontrolled,eac7cd189393b4a4,Late Blight
Z:\Projects\Smart-Farming\Datasets\final_combined_datasets\TLCE\LB\TLCE_LB_608.JPG,Tomato,LB,uncontrolled,ab78f625e140d0cf,Late Blight
Z:\Projects\Smart-Farming\Datasets\final_combined_datasets\TLCE\LB\TLCE_LB_609.JPG,Tomato,LB,uncontrolled,bc9c1d1c5e271713,Late Blight
Z:\Projects\Smart-Farming\Datasets\final_combined_datasets\TLCE\LB\TLCE_LB_610.jpg,Tomato,LB,uncontrolled,99cc643364676766,Late Blight
Z:\Projects\Smart-Farming\Datasets\final_combined_datasets\TLCE\LB\TLCE_LB_611.JPG,Tomato,LB,uncontrolled,af90f0cac39ec52c,Late Blight
Z:\Projects\Smart-Farming\Datasets\final_combined_datasets\TLCE\LB\TLCE_LB_612.JPG,Tomato,LB,uncontrolled,f63187c35e8cca58,Late Blight
Z:\Projects\Smart-Farming\Datasets\final_combined_datasets\TLCE\LB\TLCE_LB_613.JPG,Tomato,LB,uncontrolled,eed2a50fd23885b1,Late Blight
Z:\Projects\Smart-Farming\Datasets\final_combined_datasets\TLCE\LB\TLCE_LB_614.JPG,Tomato,LB,uncontrolled,ba87847eeb16a138,Late Blight
Z:\Projects\Smart-Farming\Datasets\final_combined_datasets\TLCE\LB\TLCE_LB_615.JPG,Tomato,LB,uncontrolled,a5cc126349b766d9,Late Blight
Z:\Projects\Smart-Farming\Datasets\final_combined_datasets\TLCE\LB\TLCE_LB_616.JPG,Tomato,LB,uncontrolled,8e0e64b39bcc6497,Late Blight
Z:\Projects\Smart-Farming\Datasets\final_combined_datasets\TLCE\LB\TLCE_LB_617.JPG,Tomato,LB,uncontrolled,f6d887a9b22525d4,Late Blight
Z:\Projects\Smart-Farming\Datasets\final_combined_datasets\TLCE\LB\TLCE_LB_618.JPG,Tomato,LB,uncontrolled,ad4d921b9bb27123,Late Blight
Z:\Projects\Smart-Farming\Datasets\final_combined_datasets\TLCE\LB\TLCE_LB_619.JPG,Tomato,LB,uncontrolled,ead285967ee083cc,Late Blight
Z:\Projects\Smart-Farming\Datasets\final_combined_datasets\TLCE\LB\TLCE_LB_620.JPG,Tomato,LB,uncontrolled,febd87c870616390,Late Blight
Z:\Projects\Smart-Farming\Datasets\final_combined_datasets\TLCE\LB\TLCE_LB_621.JPG,Tomato,LB,uncontrolled,98890d9c5d3ece33,Late Blight
Z:\Projects\Smart-Farming\Datasets\final_combined_datasets\TLCE\LB\TLCE_LB_622.JPG,Tomato,LB,uncontrolled,bfe0d222cf9b888c,Late Blight
Z:\Projects\Smart-Farming\Datasets\final_combined_datasets\TLCE\LB\TLCE_LB_623.JPG,Tomato,LB,uncontrolled,ec0892e4ede6f6c0,Late Blight
Z:\Projects\Smart-Farming\Datasets\final_combined_datasets\TLCE\LB\TLCE_LB_624.JPG,Tomato,LB,uncontrolled,cd86139936335bc6,Late Blight
Z:\Projects\Smart-Farming\Datasets\final_combined_datasets\TLCE\LB\TLCE_LB_625.JPG,Tomato,LB,uncontrolled,eafaea82a441d41f,Late Blight
Z:\Projects\Smart-Farming\Datasets\final_combined_datasets\TLCE\LB\TLCE_LB_626.JPG,Tomato,LB,uncontrolled,fcc5838a9e39a22b,Late Blight
Z:\Projects\Smart-Farming\Datasets\final_combined_datasets\TLCE\LB\TLCE_LB_627.JPG,Tomato,LB,uncontrolled,86f951c61d3851e7,Late Blight
Z:\Projects\Smart-Farming\Datasets\final_combined_datasets\TLCE\LB\TLCE_LB_628.JPG,Tomato,LB,uncontrolled,ea9d96cbc8e4c0e4,Late Blight
Z:\Projects\Smart-Farming\Datasets\final_combined_datasets\TLCE\LB\TLCE_LB_629.JPG,Tomato,LB,uncontrolled,a9c5329bb66096b6,Late Blight
Z:\Projects\Smart-Farming\Datasets\final_combined_datasets\TLCE\LB\TLCE_LB_630.jpg,Tomato,LB,uncontrolled,c1c1701e2a273f3f,Late Blight
Z:\Projects\Smart-Farming\Datasets\final_combined_datasets\TLCE\LB\TLCE_LB_631.JPG,Tomato,LB,uncontrolled,9cb525cc5a7a49a9,Late Blight
Z:\Projects\Smart-Farming\Datasets\final_combined_datasets\TLCE\LB\TLCE_LB_632.JPG,Tomato,LB,uncontrolled,a70d51b2c96476d6,Late Blight
Z:\Projects\Smart-Farming\Datasets\final_combined_datasets\TLCE\LB\TLCE_LB_633.JPG,Tomato,LB,uncontrolled,d3b42cc46d1c3cb5,Late Blight
Z:\Projects\Smart-Farming\Datasets\final_combined_datasets\TLCE\LB\TLCE_LB_634.JPG,Tomato,LB,uncontrolled,8d96705947cf4c66,Late Blight
Z:\Projects\Smart-Farming\Datasets\final_combined_datasets\TLCE\LB\TLCE_LB_635.JPG,Tomato,LB,uncontrolled,fa78a130c79334c7,Late Blight
Z:\Projects\Smart-Farming\Datasets\final_combined_datasets\TLCE\LB\TLCE_LB_636.JPG,Tomato,LB,uncontrolled,bc899b3666981bc5,Late Blight
Z:\Projects\Smart-Farming\Datasets\final_combined_datasets\TLCE\LB\TLCE_LB_637.JPG,Tomato,LB,uncontrolled,b53ed8c46c190f66,Late Blight
Z:\Projects\Smart-Farming\Datasets\final_combined_datasets\TLCE\LB\TLCE_LB_638.JPG,Tomato,LB,uncontrolled,da9845c747b63c19,Late Blight
Z:\Projects\Smart-Farming\Datasets\final_combined_datasets\TLCE\LB\TLCE_LB_639.JPG,Tomato,LB,uncontrolled,e88517db1c661799,Late Blight
Z:\Projects\Smart-Farming\Datasets\final_combined_datasets\TLCE\LB\TLCE_LB_640.JPG,Tomato,LB,uncontrolled,a3e3d999942466ce,Late Blight
Z:\Projects\Smart-Farming\Datasets\final_combined_datasets\TLCE\LB\TLCE_LB_641.JPG,Tomato,LB,uncontrolled,f21fe3b1ae351031,Late Blight
Z:\Projects\Smart-Farming\Datasets\final_combined_datasets\TLCE\LB\TLCE_LB_642.JPG,Tomato,LB,uncontrolled,ecc3951e9870a73c,Late Blight
Z:\Projects\Smart-Farming\Datasets\final_combined_datasets\TLCE\LB\TLCE_LB_643.JPG,Tomato,LB,uncontrolled,a994d8cf6506b07b,Late Blight
Z:\Projects\Smart-Farming\Datasets\final_combined_datasets\TLCE\LB\TLCE_LB_644.JPG,Tomato,LB,uncontrolled,aabd916090e9cf8d,Late Blight
Z:\Projects\Smart-Farming\Datasets\final_combined_datasets\TLCE\LB\TLCE_LB_645.JPG,Tomato,LB,uncontrolled,8c9933cfcd30cc33,Late Blight
Z:\Projects\Smart-Farming\Datasets\final_combined_datasets\TLCE\LB\TLCE_LB_646.JPG,Tomato,LB,uncontrolled,f99586708ec94d96,Late Blight
Z:\Projects\Smart-Farming\Datasets\final_combined_datasets\TLCE\LB\TLCE_LB_647.JPG,Tomato,LB,uncontrolled,99cc73321c3bcac9,Late Blight
Z:\Projects\Smart-Farming\Datasets\final_combined_datasets\TLCE\LB\TLCE_LB_648.JPG,Tomato,LB,uncontrolled,e2917353a8adac9a,Late Blight
Z:\Projects\Smart-Farming\Datasets\final_combined_datasets\TLCE\LB\TLCE_LB_650.JPG,Tomato,LB,uncontrolled,af81d49fc268cd68,Late Blight
Z:\Projects\Smart-Farming\Datasets\final_combined_datasets\TLCE\LB\TLCE_LB_651.JPG,Tomato,LB,uncontrolled,ac96473b186693d9,Late Blight
Z:\Projects\Smart-Farming\Datasets\final_combined_datasets\TLCE\LB\TLCE_LB_652.JPG,Tomato,LB,uncontrolled,a9e3d69d123c1d62,Late Blight
Z:\Projects\Smart-Farming\Datasets\final_combined_datasets\TLCE\LB\TLCE_LB_653.JPG,Tomato,LB,uncontrolled,a492c8cf98d81ef3,Late Blight
Z:\Projects\Smart-Farming\Datasets\final_combined_datasets\TLCE\LB\TLCE_LB_654.JPG,Tomato,LB,uncontrolled,ebe3979798989058,Late Blight
Z:\Projects\Smart-Farming\Datasets\final_combined_datasets\TLCE\LB\TLCE_LB_655.JPG,Tomato,LB,uncontrolled,eac28dcab68d32c5,Late Blight
Z:\Projects\Smart-Farming\Datasets\final_combined_datasets\TLCE\LB\TLCE_LB_656.JPG,Tomato,LB,uncontrolled,bc920bcc07e7e133,Late Blight
Z:\Projects\Smart-Farming\Datasets\final_combined_datasets\TLCE\LB\TLCE_LB_657.JPG,Tomato,LB,uncontrolled,f61d8542a9c4e6d3,Late Blight
Z:\Projects\Smart-Farming\Datasets\final_combined_datasets\TLCE\LB\TLCE_LB_658.JPG,Tomato,LB,uncontrolled,a205d87c2fc6b2b9,Late Blight
Z:\Projects\Smart-Farming\Datasets\final_combined_datasets\TLCE\LB\TLCE_LB_659.JPG,Tomato,LB,uncontrolled,c082177756465b77,Late Blight
Z:\Projects\Smart-Farming\Datasets\final_combined_datasets\TLCE\LB\TLCE_LB_660.JPG,Tomato,LB,uncontrolled,a6e5b588c81f4f98,Late Blight
Z:\Projects\Smart-Farming\Datasets\final_combined_datasets\TLCE\LB\TLCE_LB_661.JPG,Tomato,LB,uncontrolled,ace37093c7189b78,Late Blight
Z:\Projects\Smart-Farming\Datasets\final_combined_datasets\TLCE\LB\TLCE_LB_662.JPG,Tomato,LB,uncontrolled,abda910eb435a327,Late Blight
Z:\Projects\Smart-Farming\Datasets\final_combined_datasets\TLCE\LB\TLCE_LB_663.JPG,Tomato,LB,uncontrolled,e68213bd496566d3,Late Blight
Z:\Projects\Smart-Farming\Datasets\final_combined_datasets\TLCE\LB\TLCE_LB_664.jpg,Tomato,LB,uncontrolled,da9a386167666c65,Late Blight
Z:\Projects\Smart-Farming\Datasets\final_combined_datasets\TLCE\LB\TLCE_LB_665.JPG,Tomato,LB,uncontrolled,cc84b3d3cc6d3392,Late Blight
Z:\Projects\Smart-Farming\Datasets\final_combined_datasets\TLCE\LB\TLCE_LB_666.jpg,Tomato,LB,uncontrolled,dbcd643e2671e023,Late Blight
Z:\Projects\Smart-Farming\Datasets\final_combined_datasets\TLCE\LB\TLCE_LB_667.JPG,Tomato,LB,uncontrolled,acd3d3cc4e3039c6,Late Blight
Z:\Projects\Smart-Farming\Datasets\final_combined_datasets\TLCE\LB\TLCE_LB_668.JPG,Tomato,LB,uncontrolled,eab4e092cb9b8dc4,Late Blight
Z:\Projects\Smart-Farming\Datasets\final_combined_datasets\TLCE\LB\TLCE_LB_669.JPG,Tomato,LB,uncontrolled,f298c1e70bcb070f,Late Blight
Z:\Projects\Smart-Farming\Datasets\final_combined_datasets\TLCE\LB\TLCE_LB_670.JPG,Tomato,LB,uncontrolled,a69880739d67d16d,Late Blight
Z:\Projects\Smart-Farming\Datasets\final_combined_datasets\TLCE\LB\TLCE_LB_671.JPG,Tomato,LB,uncontrolled,fcc18f389237a326,Late Blight
Z:\Projects\Smart-Farming\Datasets\final_combined_datasets\TLCE\LB\TLCE_LB_672.JPG,Tomato,LB,uncontrolled,ec64939b4db230cd,Late Blight
Z:\Projects\Smart-Farming\Datasets\final_combined_datasets\TLCE\LB\TLCE_LB_673.JPG,Tomato,LB,uncontrolled,afc892c61d93b625,Late Blight
Z:\Projects\Smart-Farming\Datasets\final_combined_datasets\TLCE\LB\TLCE_LB_674.JPG,Tomato,LB,uncontrolled,aa1af47882f1de23,Late Blight
Z:\Projects\Smart-Farming\Datasets\final_combined_datasets\TLCE\LB\TLCE_LB_675.JPG,Tomato,LB,uncontrolled,a986569959664b9b,Late Blight
Z:\Projects\Smart-Farming\Datasets\final_combined_datasets\TLCE\LB\TLCE_LB_676.JPG,Tomato,LB,uncontrolled,ff64e0a61c95d451,Late Blight
Z:\Projects\Smart-Farming\Datasets\final_combined_datasets\TLCE\LB\TLCE_LB_677.JPG,Tomato,LB,uncontrolled,bcb00b8d4e0f46e7,Late Blight
Z:\Projects\Smart-Farming\Datasets\final_combined_datasets\TLCE\LB\TLCE_LB_678.JPG,Tomato,LB,uncontrolled,889366cc1b9b33ec,Late Blight
Z:\Projects\Smart-Farming\Datasets\final_combined_datasets\TLCE\LB\TLCE_LB_679.JPG,Tomato,LB,uncontrolled,e9c9879d98357192,Late Blight
Z:\Projects\Smart-Farming\Datasets\final_combined_datasets\TLCE\LB\TLCE_LB_680.JPG,Tomato,LB,uncontrolled,af83c05ec36dd4b0,Late Blight
Z:\Projects\Smart-Farming\Datasets\final_combined_datasets\TLCE\LB\TLCE_LB_681.JPG,Tomato,LB,uncontrolled,be60da16c49b86b5,Late Blight
Z:\Projects\Smart-Farming\Datasets\final_combined_datasets\TLCE\LB\TLCE_LB_682.JPG,Tomato,LB,uncontrolled,b48c4bb339cc7233,Late Blight
Z:\Projects\Smart-Farming\Datasets\final_combined_datasets\TLCE\LB\TLCE_LB_683.JPG,Tomato,LB,uncontrolled,b0cc4f333ccc7389,Late Blight
Z:\Projects\Smart-Farming\Datasets\final_combined_datasets\TLCE\LB\TLCE_LB_684.JPG,Tomato,LB,uncontrolled,f8cac79c99b2a226,Late Blight
Z:\Projects\Smart-Farming\Datasets\final_combined_datasets\TLCE\LB\TLCE_LB_685.JPG,Tomato,LB,uncontrolled,f92b16664e396319,Late Blight
Z:\Projects\Smart-Farming\Datasets\final_combined_datasets\TLCE\LB\TLCE_LB_686.JPG,Tomato,LB,uncontrolled,aeb5c012c7cb9e38,Late Blight
Z:\Projects\Smart-Farming\Datasets\final_combined_datasets\TLCE\LB\TLCE_LB_687.JPG,Tomato,LB,uncontrolled,ac38d367cc81678e,Late Blight
Z:\Projects\Smart-Farming\Datasets\final_combined_datasets\TLCE\LB\TLCE_LB_688.jpg,Tomato,LB,uncontrolled,c9e42d1b3630f2e3,Late Blight
Z:\Projects\Smart-Farming\Datasets\final_combined_datasets\TLCE\LB\TLCE_LB_689.JPG,Tomato,LB,uncontrolled,eac19dab33a5c434,Late Blight
Z:\Projects\Smart-Farming\Datasets\final_combined_datasets\TLCE\LB\TLCE_LB_690.JPG,Tomato,LB,uncontrolled,bab3c049cba59c4b,Late Blight
Z:\Projects\Smart-Farming\Datasets\final_combined_datasets\TLCE\LB\TLCE_LB_691.JPG,Tomato,LB,uncontrolled,acd6965bc9a50cc6,Late Blight
Z:\Projects\Smart-Farming\Datasets\final_combined_datasets\TLCE\LB\TLCE_LB_692.jpg,Tomato,LB,uncontrolled,99c7676d2cb231d0,Late Blight
Z:\Projects\Smart-Farming\Datasets\final_combined_datasets\TLCE\LB\TLCE_LB_693.JPG,Tomato,LB,uncontrolled,e8e9a74ab0d50d33,Late Blight
Z:\Projects\Smart-Farming\Datasets\final_combined_datasets\TLCE\LB\TLCE_LB_694.JPG,Tomato,LB,uncontrolled,b61d87588c639967,Late Blight
Z:\Projects\Smart-Farming\Datasets\final_combined_datasets\TLCE\LB\TLCE_LB_695.JPG,Tomato,LB,uncontrolled,ccc674cec7c86646,Late Blight
Z:\Projects\Smart-Farming\Datasets\final_combined_datasets\TLCE\LB\TLCE_LB_696.JPG,Tomato,LB,uncontrolled,8dd070cb378f12bc,Late Blight
Z:\Projects\Smart-Farming\Datasets\final_combined_datasets\TLCE\LB\TLCE_LB_697.JPG,Tomato,LB,uncontrolled,d291adae9b64492d,Late Blight
Z:\Projects\Smart-Farming\Datasets\final_combined_datasets\TLCE\LB\TLCE_LB_698.jpg,Tomato,LB,uncontrolled,c3962d5b34697869,Late Blight
Z:\Projects\Smart-Farming\Datasets\final_combined_datasets\TLCE\LB\TLCE_LB_699.JPG,Tomato,LB,uncontrolled,b999c6e6539c1c32,Late Blight
Z:\Projects\Smart-Farming\Datasets\final_combined_datasets\TLCE\LB\TLCE_LB_700.JPG,Tomato,LB,uncontrolled,eaca869c90b3b726,Late Blight
Z:\Projects\Smart-Farming\Datasets\final_combined_datasets\TLCE\LB\TLCE_LB_701.JPG,Tomato,LB,uncontrolled,c1553fca32c43967,Late Blight
Z:\Projects\Smart-Farming\Datasets\final_combined_datasets\TLCE\LB\TLCE_LB_702.JPG,Tomato,LB,uncontrolled,fb43aa4f942cc5b0,Late Blight
Z:\Projects\Smart-Farming\Datasets\final_combined_datasets\TLCE\LB\TLCE_LB_703.JPG,Tomato,LB,uncontrolled,eb989da793c90499,Late Blight
Z:\Projects\Smart-Farming\Datasets\final_combined_datasets\TLCE\LB\TLCE_LB_704.JPG,Tomato,LB,uncontrolled,faf2a587949884f1,Late Blight
Z:\Projects\Smart-Farming\Datasets\final_combined_datasets\TLCE\LB\TLCE_LB_705.JPG,Tomato,LB,uncontrolled,9a8c64f3934d61c7,Late Blight
Z:\Projects\Smart-Farming\Datasets\final_combined_datasets\TLCE\LB\TLCE_LB_706.JPG,Tomato,LB,uncontrolled,ada45393869c6c67,Late Blight
Z:\Projects\Smart-Farming\Datasets\final_combined_datasets\TLCE\LB\TLCE_LB_707.JPG,Tomato,LB,uncontrolled,eae0858f96ce9269,Late Blight
Z:\Projects\Smart-Farming\Datasets\final_combined_datasets\TLCE\LB\TLCE_LB_708.JPG,Tomato,LB,uncontrolled,ad36d2e01c0ecdcd,Late Blight
Z:\Projects\Smart-Farming\Datasets\final_combined_datasets\TLCE\LB\TLCE_LB_709.JPG,Tomato,LB,uncontrolled,bab038133c6bcd99,Late Blight
Z:\Projects\Smart-Farming\Datasets\final_combined_datasets\TLCE\LB\TLCE_LB_710.jpg,Tomato,LB,uncontrolled,cb3e28b56365265a,Late Blight
Z:\Projects\Smart-Farming\Datasets\final_combined_datasets\TLCE\LB\TLCE_LB_711.JPG,Tomato,LB,uncontrolled,fac4854f983cc2d9,Late Blight
Z:\Projects\Smart-Farming\Datasets\final_combined_datasets\TLCE\LB\TLCE_LB_712.jpg,Tomato,LB,uncontrolled,c8e7653c32c1619f,Late Blight
Z:\Projects\Smart-Farming\Datasets\final_combined_datasets\TLCE\LB\TLCE_LB_713.jpg,Tomato,LB,uncontrolled,9e69619667866794,Late Blight
Z:\Projects\Smart-Farming\Datasets\final_combined_datasets\TLCE\LB\TLCE_LB_714.JPG,Tomato,LB,uncontrolled,ac90d3cf6c384cd3,Late Blight
Z:\Projects\Smart-Farming\Datasets\final_combined_datasets\TLCE\LB\TLCE_LB_715.JPG,Tomato,LB,uncontrolled,d4b03c8c4ecbc367,Late Blight
Z:\Projects\Smart-Farming\Datasets\final_combined_datasets\TLCE\LB\TLCE_LB_716.JPG,Tomato,LB,uncontrolled,e3ce9d3993a63086,Late Blight
Z:\Projects\Smart-Farming\Datasets\final_combined_datasets\TLCE\LB\TLCE_LB_717.JPG,Tomato,LB,uncontrolled,ab96cd19d2641c6d,Late Blight
Z:\Projects\Smart-Farming\Datasets\final_combined_datasets\TLCE\LB\TLCE_LB_718.JPG,Tomato,LB,uncontrolled,bf9fc2e0d8622598,Late Blight
Z:\Projects\Smart-Farming\Datasets\final_combined_datasets\TLCE\LB\TLCE_LB_719.JPG,Tomato,LB,uncontrolled,d959193d4c67263a,Late Blight
Z:\Projects\Smart-Farming\Datasets\final_combined_datasets\TLCE\LB\TLCE_LB_720.JPG,Tomato,LB,uncontrolled,eac097c635e912cd,Late Blight
Z:\Projects\Smart-Farming\Datasets\final_combined_datasets\TLCE\LB\TLCE_LB_721.JPG,Tomato,LB,uncontrolled,daf22dcd3118266d,Late Blight
Z:\Projects\Smart-Farming\Datasets\final_combined_datasets\TLCE\LB\TLCE_LB_722.JPG,Tomato,LB,uncontrolled,ff4b41b4b02da652,Late Blight
Z:\Projects\Smart-Farming\Datasets\final_combined_datasets\TLCE\LB\TLCE_LB_723.JPG,Tomato,LB,uncontrolled,afc892c5d96633c1,Late Blight
Z:\Projects\Smart-Farming\Datasets\final_combined_datasets\TLCE\LB\TLCE_LB_724.JPG,Tomato,LB,uncontrolled,bf97782576da0908,Late Blight
Z:\Projects\Smart-Farming\Datasets\final_combined_datasets\TLCE\LB\TLCE_LB_725.JPG,Tomato,LB,uncontrolled,ebc8959992279c36,Late Blight
Z:\Projects\Smart-Farming\Datasets\final_combined_datasets\TLCE\LB\TLCE_LB_726.JPG,Tomato,LB,uncontrolled,aa42d7e18b9c399a,Late Blight
Z:\Projects\Smart-Farming\Datasets\final_combined_datasets\TLCE\LB\TLCE_LB_727.JPG,Tomato,LB,uncontrolled,aa95c078ed67b249,Late Blight
Z:\Projects\Smart-Farming\Datasets\final_combined_datasets\TLCE\LB\TLCE_LB_728.JPG,Tomato,LB,uncontrolled,fcb084cb9ab369c2,Late Blight
Z:\Projects\Smart-Farming\Datasets\final_combined_datasets\TLCE\LB\TLCE_LB_729.JPG,Tomato,LB,uncontrolled,b48343cc3c3372f3,Late Blight
Z:\Projects\Smart-Farming\Datasets\final_combined_datasets\TLCE\LB\TLCE_LB_730.JPG,Tomato,LB,uncontrolled,a996d06aef61b05a,Late Blight
Z:\Projects\Smart-Farming\Datasets\final_combined_datasets\TLCE\LB\TLCE_LB_731.JPG,Tomato,LB,uncontrolled,e98986cd1a349bd3,Late Blight
Z:\Projects\Smart-Farming\Datasets\final_combined_datasets\TLCE\LB\TLCE_LB_732.JPG,Tomato,LB,uncontrolled,ae70a02bc327cf2e,Late Blight
Z:\Projects\Smart-Farming\Datasets\final_combined_datasets\TLCE\LB\TLCE_LB_733.JPG,Tomato,LB,uncontrolled,bf40d8979c39c313,Late Blight
Z:\Projects\Smart-Farming\Datasets\final_combined_datasets\TLCE\LB\TLCE_LB_734.JPG,Tomato,LB,uncontrolled,a6cc9932e3ccb0b6,Late Blight
Z:\Projects\Smart-Farming\Datasets\final_combined_datasets\TLCE\LB\TLCE_LB_735.JPG,Tomato,LB,uncontrolled,ab1381788f2d1e67,Late Blight
Z:\Projects\Smart-Farming\Datasets\final_combined_datasets\TLCE\LB\TLCE_LB_736.JPG,Tomato,LB,uncontrolled,aaa54d1af463136d,Late Blight
Z:\Projects\Smart-Farming\Datasets\final_combined_datasets\TLCE\LB\TLCE_LB_737.JPG,Tomato,LB,uncontrolled,fd64d89788394378,Late Blight
Z:\Projects\Smart-Farming\Datasets\final_combined_datasets\TLCE\LB\TLCE_LB_738.JPG,Tomato,LB,uncontrolled,b064d51f6a63acb1,Late Blight
Z:\Projects\Smart-Farming\Datasets\final_combined_datasets\TLCE\LB\TLCE_LB_739.JPG,Tomato,LB,uncontrolled,a86ed1258f90fa1b,Late Blight
Z:\Projects\Smart-Farming\Datasets\final_combined_datasets\TLCE\LB\TLCE_LB_740.JPG,Tomato,LB,uncontrolled,aee19d1ef006f11c,Late Blight
Z:\Projects\Smart-Farming\Datasets\final_combined_datasets\TLCE\LB\TLCE_LB_741.JPG,Tomato,LB,uncontrolled,f5c10e5aa14abc67,Late Blight
Z:\Projects\Smart-Farming\Datasets\final_combined_datasets\TLCE\LB\TLCE_LB_742.jpg,Tomato,LB,uncontrolled,dbe463123c3b3439,Late Blight
Z:\Projects\Smart-Farming\Datasets\final_combined_datasets\TLCE\LB\TLCE_LB_743.JPG,Tomato,LB,uncontrolled,a6c66339cccc39b1,Late Blight
Z:\Projects\Smart-Farming\Datasets\final_combined_datasets\TLCE\LB\TLCE_LB_744.JPG,Tomato,LB,uncontrolled,f641d9848d9fce18,Late Blight
Z:\Projects\Smart-Farming\Datasets\final_combined_datasets\TLCE\LB\TLCE_LB_745.JPG,Tomato,LB,uncontrolled,ed8cc42d170d33ce,Late Blight
Z:\Projects\Smart-Farming\Datasets\final_combined_datasets\TLCE\LB\TLCE_LB_746.JPG,Tomato,LB,uncontrolled,eec8c2379db1a087,Late Blight
Z:\Projects\Smart-Farming\Datasets\final_combined_datasets\TLCE\LB\TLCE_LB_747.JPG,Tomato,LB,uncontrolled,fed1818f9e34a324,Late Blight
Z:\Projects\Smart-Farming\Datasets\final_combined_datasets\TLCE\LB\TLCE_LB_748.JPG,Tomato,LB,uncontrolled,fb40910bd63fa8b4,Late Blight
Z:\Projects\Smart-Farming\Datasets\final_combined_datasets\TLCE\LB\TLCE_LB_749.JPG,Tomato,LB,uncontrolled,aa1ae5619ee79905,Late Blight
Z:\Projects\Smart-Farming\Datasets\final_combined_datasets\TLCE\LB\TLCE_LB_649.jpeg,Tomato,LB,uncontrolled,d46a843de95ae10f,Late Blight
Z:\Projects\Smart-Farming\Datasets\final_combined_datasets\TLCE\LB\TLCE_LB_003.JPG,Tomato,LB,uncontrolled,bc09c0e73b3cc333,Late Blight
Z:\Projects\Smart-Farming\Datasets\final_combined_datasets\TLCE\LB\TLCE_LB_004.JPG,Tomato,LB,uncontrolled,bf30c03363674766,Late Blight
Z:\Projects\Smart-Farming\Datasets\final_combined_datasets\TLCE\LB\TLCE_LB_005.JPG,Tomato,LB,uncontrolled,a6c659994ce73730,Late Blight
Z:\Projects\Smart-Farming\Datasets\final_combined_datasets\TLCE\LB\TLCE_LB_006.JPG,Tomato,LB,uncontrolled,ed9012db0de61b6c,Late Blight
Z:\Projects\Smart-Farming\Datasets\final_combined_datasets\TLCE\LB\TLCE_LB_007.JPG,Tomato,LB,uncontrolled,ede1d0369ec41c99,Late Blight
Z:\Projects\Smart-Farming\Datasets\final_combined_datasets\TLCE\LB\TLCE_LB_008.JPG,Tomato,LB,uncontrolled,98cc41333ecc79ce,Late Blight
Z:\Projects\Smart-Farming\Datasets\final_combined_datasets\TLCE\LB\TLCE_LB_009.JPG,Tomato,LB,uncontrolled,b2c64d996cc433e3,Late Blight
Z:\Projects\Smart-Farming\Datasets\final_combined_datasets\TLCE\LB\TLCE_LB_010.JPG,Tomato,LB,uncontrolled,868f0f9771b138d8,Late Blight
Z:\Projects\Smart-Farming\Datasets\final_combined_datasets\TLCE\LB\TLCE_LB_011.JPG,Tomato,LB,uncontrolled,a593e4da996c982d,Late Blight
Z:\Projects\Smart-Farming\Datasets\final_combined_datasets\TLCE\LB\TLCE_LB_012.JPG,Tomato,LB,uncontrolled,af4bd207c938c31b,Late Blight
Z:\Projects\Smart-Farming\Datasets\final_combined_datasets\TLCE\LB\TLCE_LB_013.JPG,Tomato,LB,uncontrolled,aad9b5f9d2d0c888,Late Blight
Z:\Projects\Smart-Farming\Datasets\final_combined_datasets\TLCE\LB\TLCE_LB_014.JPG,Tomato,LB,uncontrolled,ff783033a23e2326,Late Blight
Z:\Projects\Smart-Farming\Datasets\final_combined_datasets\TLCE\LB\TLCE_LB_015.JPG,Tomato,LB,uncontrolled,bf48f06ecbb80711,Late Blight
Z:\Projects\Smart-Farming\Datasets\final_combined_datasets\TLCE\LB\TLCE_LB_016.JPG,Tomato,LB,uncontrolled,aa5a3669b9e14b62,Late Blight
Z:\Projects\Smart-Farming\Datasets\final_combined_datasets\TLCE\LB\TLCE_LB_017.JPG,Tomato,LB,uncontrolled,da372d3b66c84a58,Late Blight
Z:\Projects\Smart-Farming\Datasets\final_combined_datasets\TLCE\LB\TLCE_LB_018.JPG,Tomato,LB,uncontrolled,daf97213292a8e8e,Late Blight
Z:\Projects\Smart-Farming\Datasets\final_combined_datasets\TLCE\LB\TLCE_LB_019.JPG,Tomato,LB,uncontrolled,ec8f43b894c3663c,Late Blight
Z:\Projects\Smart-Farming\Datasets\final_combined_datasets\TLCE\LB\TLCE_LB_020.JPG,Tomato,LB,uncontrolled,e9ca96b19327e12c,Late Blight
Z:\Projects\Smart-Farming\Datasets\final_combined_datasets\TLCE\LB\TLCE_LB_021.JPG,Tomato,LB,uncontrolled,9d8c27191e1b9c3e,Late Blight
Z:\Projects\Smart-Farming\Datasets\final_combined_datasets\TLCE\LB\TLCE_LB_022.jpg,Tomato,LB,uncontrolled,c2e73e9b19306317,Late Blight
Z:\Projects\Smart-Farming\Datasets\final_combined_datasets\TLCE\LB\TLCE_LB_023.JPG,Tomato,LB,uncontrolled,a891da6ba57e9078,Late Blight
Z:\Projects\Smart-Farming\Datasets\final_combined_datasets\TLCE\LB\TLCE_LB_024.jpg,Tomato,LB,uncontrolled,99663319339967c3,Late Blight
Z:\Projects\Smart-Farming\Datasets\final_combined_datasets\TLCE\LB\TLCE_LB_025.JPG,Tomato,LB,uncontrolled,b8ec637966f35024,Late Blight
Z:\Projects\Smart-Farming\Datasets\final_combined_datasets\TLCE\LB\TLCE_LB_026.jpg,Tomato,LB,uncontrolled,cec7303ad9613c9c,Late Blight
Z:\Projects\Smart-Farming\Datasets\final_combined_datasets\TLCE\LB\TLCE_LB_027.jpg,Tomato,LB,uncontrolled,cbd234c5346c7969,Late Blight
Z:\Projects\Smart-Farming\Datasets\final_combined_datasets\TLCE\LB\TLCE_LB_028.JPG,Tomato,LB,uncontrolled,e69943cc393761c6,Late Blight
Z:\Projects\Smart-Farming\Datasets\final_combined_datasets\TLCE\LB\TLCE_LB_029.JPG,Tomato,LB,uncontrolled,a3811e9c7b6165da,Late Blight
Z:\Projects\Smart-Farming\Datasets\final_combined_datasets\TLCE\LB\TLCE_LB_030.JPG,Tomato,LB,uncontrolled,e6cc99325ac3b11b,Late Blight
Z:\Projects\Smart-Farming\Datasets\final_combined_datasets\TLCE\LB\TLCE_LB_031.JPG,Tomato,LB,uncontrolled,fae8e1c4b1a59463,Late Blight
Z:\Projects\Smart-Farming\Datasets\final_combined_datasets\TLCE\LB\TLCE_LB_032.JPG,Tomato,LB,uncontrolled,81c3467959e636d9,Late Blight
Z:\Projects\Smart-Farming\Datasets\final_combined_datasets\TLCE\LB\TLCE_LB_033.JPG,Tomato,LB,uncontrolled,eda5f048a7989a63,Late Blight
Z:\Projects\Smart-Farming\Datasets\final_combined_datasets\TLCE\LB\TLCE_LB_034.JPG,Tomato,LB,uncontrolled,fe5bc0288b258f71,Late Blight
Z:\Projects\Smart-Farming\Datasets\final_combined_datasets\TLCE\LB\TLCE_LB_035.JPG,Tomato,LB,uncontrolled,f83ca795c6c9cc48,Late Blight
Z:\Projects\Smart-Farming\Datasets\final_combined_datasets\TLCE\LB\TLCE_LB_036.JPG,Tomato,LB,uncontrolled,bfa1f4429093cb17,Late Blight
Z:\Projects\Smart-Farming\Datasets\final_combined_datasets\TLCE\LB\TLCE_LB_037.JPG,Tomato,LB,uncontrolled,eae8c10fd3b60d92,Late Blight
Z:\Projects\Smart-Farming\Datasets\final_combined_datasets\TLCE\LB\TLCE_LB_038.JPG,Tomato,LB,uncontrolled,b35246794cc6939b,Late Blight
Z:\Projects\Smart-Farming\Datasets\final_combined_datasets\TLCE\LB\TLCE_LB_039.JPG,Tomato,LB,uncontrolled,a5e654d853cf0696,Late Blight
Z:\Projects\Smart-Farming\Datasets\final_combined_datasets\TLCE\LB\TLCE_LB_040.JPG,Tomato,LB,uncontrolled,da98c5c763363c1a,Late Blight
Z:\Projects\Smart-Farming\Datasets\final_combined_datasets\TLCE\LB\TLCE_LB_041.JPG,Tomato,LB,uncontrolled,ade0da82969797a4,Late Blight
Z:\Projects\Smart-Farming\Datasets\final_combined_datasets\TLCE\LB\TLCE_LB_042.JPG,Tomato,LB,uncontrolled,c3c3714dc47cce70,Late Blight
Z:\Projects\Smart-Farming\Datasets\final_combined_datasets\TLCE\LB\TLCE_LB_043.JPG,Tomato,LB,uncontrolled,8bc85fc0cc37993a,Late Blight
Z:\Projects\Smart-Farming\Datasets\final_combined_datasets\TLCE\LB\TLCE_LB_044.JPG,Tomato,LB,uncontrolled,fab3879e9848ca38,Late Blight
Z:\Projects\Smart-Farming\Datasets\final_combined_datasets\TLCE\LB\TLCE_LB_045.JPG,Tomato,LB,uncontrolled,da3911666cdd5474,Late Blight
Z:\Projects\Smart-Farming\Datasets\final_combined_datasets\TLCE\LB\TLCE_LB_046.JPG,Tomato,LB,uncontrolled,af1fc66ac9612166,Late Blight
Z:\Projects\Smart-Farming\Datasets\final_combined_datasets\TLCE\LB\TLCE_LB_047.JPG,Tomato,LB,uncontrolled,a863c68ccd78d993,Late Blight
Z:\Projects\Smart-Farming\Datasets\final_combined_datasets\TLCE\LB\TLCE_LB_048.JPG,Tomato,LB,uncontrolled,86c570ce1e91db93,Late Blight
Z:\Projects\Smart-Farming\Datasets\final_combined_datasets\TLCE\LB\TLCE_LB_049.JPG,Tomato,LB,uncontrolled,fcc58f1b912297a4,Late Blight
Z:\Projects\Smart-Farming\Datasets\final_combined_datasets\TLCE\LB\TLCE_LB_050.JPG,Tomato,LB,uncontrolled,ae3fd1124acc6647,Late Blight
Z:\Projects\Smart-Farming\Datasets\final_combined_datasets\TLCE\LB\TLCE_LB_051.JPG,Tomato,LB,uncontrolled,c9f9368e73250c33,Late Blight
Z:\Projects\Smart-Farming\Datasets\final_combined_datasets\TLCE\LB\TLCE_LB_052.JPG,Tomato,LB,uncontrolled,cca666d9199c9b92,Late Blight
Z:\Projects\Smart-Farming\Datasets\final_combined_datasets\TLCE\LB\TLCE_LB_053.JPG,Tomato,LB,uncontrolled,fa8047b3ca9ec398,Late Blight
Z:\Projects\Smart-Farming\Datasets\final_combined_datasets\TLCE\LB\TLCE_LB_054.JPG,Tomato,LB,uncontrolled,ffc1903f1a67b00c,Late Blight
Z:\Projects\Smart-Farming\Datasets\final_combined_datasets\TLCE\LB\TLCE_LB_055.JPG,Tomato,LB,uncontrolled,e4395b6671cc7305,Late Blight
Z:\Projects\Smart-Farming\Datasets\final_combined_datasets\TLCE\LB\TLCE_LB_056.JPG,Tomato,LB,uncontrolled,c0db3bec4d34741c,Late Blight
Z:\Projects\Smart-Farming\Datasets\final_combined_datasets\TLCE\LB\TLCE_LB_057.JPG,Tomato,LB,uncontrolled,a8ebda029d9db390,Late Blight
Z:\Projects\Smart-Farming\Datasets\final_combined_datasets\TLCE\LB\TLCE_LB_058.JPG,Tomato,LB,uncontrolled,91cc43336c7353ce,Late Blight
Z:\Projects\Smart-Farming\Datasets\final_combined_datasets\TLCE\LB\TLCE_LB_059.JPG,Tomato,LB,uncontrolled,aae4b7c437ca948c,Late Blight
Z:\Projects\Smart-Farming\Datasets\final_combined_datasets\TLCE\LB\TLCE_LB_060.JPG,Tomato,LB,uncontrolled,e4ae0bc642cd6e72,Late Blight
Z:\Projects\Smart-Farming\Datasets\final_combined_datasets\TLCE\LB\TLCE_LB_061.JPG,Tomato,LB,uncontrolled,e6a762dc189999b2,Late Blight
Z:\Projects\Smart-Farming\Datasets\final_combined_datasets\TLCE\LB\TLCE_LB_062.JPG,Tomato,LB,uncontrolled,a62653b31cdc3566,Late Blight
Z:\Projects\Smart-Farming\Datasets\final_combined_datasets\TLCE\LB\TLCE_LB_063.JPG,Tomato,LB,uncontrolled,e48d1be61333ce31,Late Blight
Z:\Projects\Smart-Farming\Datasets\final_combined_datasets\TLCE\LB\TLCE_LB_064.JPG,Tomato,LB,uncontrolled,8ef171cf17384cc1,Late Blight
Z:\Projects\Smart-Farming\Datasets\final_combined_datasets\TLCE\LB\TLCE_LB_065.JPG,Tomato,LB,uncontrolled,f8b0a7c6874b92c6,Late Blight
Z:\Projects\Smart-Farming\Datasets\final_combined_datasets\TLCE\LB\TLCE_LB_066.JPG,Tomato,LB,uncontrolled,86e3789cd1c76632,Late Blight
Z:\Projects\Smart-Farming\Datasets\final_combined_datasets\TLCE\LB\TLCE_LB_067.JPG,Tomato,LB,uncontrolled,ab4ad20ecd9b1273,Late Blight
Z:\Projects\Smart-Farming\Datasets\final_combined_datasets\TLCE\LB\TLCE_LB_068.JPG,Tomato,LB,uncontrolled,fa99649619669939,Late Blight
Z:\Projects\Smart-Farming\Datasets\final_combined_datasets\TLCE\LB\TLCE_LB_069.JPG,Tomato,LB,uncontrolled,ec9f13600cc666f9,Late Blight
Z:\Projects\Smart-Farming\Datasets\final_combined_datasets\TLCE\LB\TLCE_LB_070.JPG,Tomato,LB,uncontrolled,e3b485c39a38c769,Late Blight
Z:\Projects\Smart-Farming\Datasets\final_combined_datasets\TLCE\LB\TLCE_LB_071.JPG,Tomato,LB,uncontrolled,fed4c11e9d28b621,Late Blight
Z:\Projects\Smart-Farming\Datasets\final_combined_datasets\TLCE\LB\TLCE_LB_072.JPG,Tomato,LB,uncontrolled,beb0d1cbc9e58446,Late Blight
Z:\Projects\Smart-Farming\Datasets\final_combined_datasets\TLCE\LB\TLCE_LB_073.JPG,Tomato,LB,uncontrolled,ee9fc5d2c461a431,Late Blight
Z:\Projects\Smart-Farming\Datasets\final_combined_datasets\TLCE\LB\TLCE_LB_074.JPG,Tomato,LB,uncontrolled,dfd08c0bda31c336,Late Blight
Z:\Projects\Smart-Farming\Datasets\final_combined_datasets\TLCE\LB\TLCE_LB_075.JPG,Tomato,LB,uncontrolled,a9a997869ab25879,Late Blight
Z:\Projects\Smart-Farming\Datasets\final_combined_datasets\TLCE\LB\TLCE_LB_076.JPG,Tomato,LB,uncontrolled,ab6ad892c509b39e,Late Blight
Z:\Projects\Smart-Farming\Datasets\final_combined_datasets\TLCE\LB\TLCE_LB_077.JPG,Tomato,LB,uncontrolled,ae6cd1970e98f017,Late Blight
Z:\Projects\Smart-Farming\Datasets\final_combined_datasets\TLCE\LB\TLCE_LB_078.JPG,Tomato,LB,uncontrolled,eec0d40fb32bd0a5,Late Blight
Z:\Projects\Smart-Farming\Datasets\final_combined_datasets\TLCE\LB\TLCE_LB_079.JPG,Tomato,LB,uncontrolled,ea68c56d981d7193,Late Blight
Z:\Projects\Smart-Farming\Datasets\final_combined_datasets\TLCE\LB\TLCE_LB_080.JPG,Tomato,LB,uncontrolled,fbb7c66499990c03,Late Blight
Z:\Projects\Smart-Farming\Datasets\final_combined_datasets\TLCE\LB\TLCE_LB_081.JPG,Tomato,LB,uncontrolled,e6919986b84e997a,Late Blight
Z:\Projects\Smart-Farming\Datasets\final_combined_datasets\TLCE\LB\TLCE_LB_082.JPG,Tomato,LB,uncontrolled,fdbe94c1634a85e0,Late Blight
Z:\Projects\Smart-Farming\Datasets\final_combined_datasets\TLCE\LB\TLCE_LB_083.jpg,Tomato,LB,uncontrolled,96cd6432693eb692,Late Blight
Z:\Projects\Smart-Farming\Datasets\final_combined_datasets\TLCE\LB\TLCE_LB_084.JPG,Tomato,LB,uncontrolled,8cc373cc32313be6,Late Blight
Z:\Projects\Smart-Farming\Datasets\final_combined_datasets\TLCE\LB\TLCE_LB_085.JPG,Tomato,LB,uncontrolled,a4c95b367689cc36,Late Blight
Z:\Projects\Smart-Farming\Datasets\final_combined_datasets\TLCE\LB\TLCE_LB_086.JPG,Tomato,LB,uncontrolled,b4559b02ceb0ed5c,Late Blight
Z:\Projects\Smart-Farming\Datasets\final_combined_datasets\TLCE\LB\TLCE_LB_087.JPG,Tomato,LB,uncontrolled,fd60970e5833c393,Late Blight
Z:\Projects\Smart-Farming\Datasets\final_combined_datasets\TLCE\LB\TLCE_LB_088.JPG,Tomato,LB,uncontrolled,ade4d2994d313c27,Late Blight
Z:\Projects\Smart-Farming\Datasets\final_combined_datasets\TLCE\LB\TLCE_LB_089.JPG,Tomato,LB,uncontrolled,e924971b9a361973,Late Blight
Z:\Projects\Smart-Farming\Datasets\final_combined_datasets\TLCE\LB\TLCE_LB_090.JPG,Tomato,LB,uncontrolled,b64ce1278f36c6b0,Late Blight
Z:\Projects\Smart-Farming\Datasets\final_combined_datasets\TLCE\LB\TLCE_LB_091.JPG,Tomato,LB,uncontrolled,ff37a1d289c48cc2,Late Blight
Z:\Projects\Smart-Farming\Datasets\final_combined_datasets\TLCE\LB\TLCE_LB_092.JPG,Tomato,LB,uncontrolled,898974badb613687,Late Blight
Z:\Projects\Smart-Farming\Datasets\final_combined_datasets\TLCE\LB\TLCE_LB_093.JPG,Tomato,LB,uncontrolled,ab80b01ec97acfe1,Late Blight
Z:\Projects\Smart-Farming\Datasets\final_combined_datasets\TLCE\LB\TLCE_LB_094.JPG,Tomato,LB,uncontrolled,bd5bc2328f991c0b,Late Blight
Z:\Projects\Smart-Farming\Datasets\final_combined_datasets\TLCE\LB\TLCE_LB_095.jpg,Tomato,LB,uncontrolled,9db962469c39b18e,Late Blight
Z:\Projects\Smart-Farming\Datasets\final_combined_datasets\TLCE\LB\TLCE_LB_096.JPG,Tomato,LB,uncontrolled,95c4349c9b5b4e2d,Late Blight
Z:\Projects\Smart-Farming\Datasets\final_combined_datasets\TLCE\LB\TLCE_LB_097.JPG,Tomato,LB,uncontrolled,ab10f1cfca6c9d60,Late Blight
Z:\Projects\Smart-Farming\Datasets\final_combined_datasets\TLCE\LB\TLCE_LB_098.jpg,Tomato,LB,uncontrolled,c9b2354f6d1c6471,Late Blight
Z:\Projects\Smart-Farming\Datasets\final_combined_datasets\TLCE\LB\TLCE_LB_099.JPG,Tomato,LB,uncontrolled,acd4d36936894d66,Late Blight
Z:\Projects\Smart-Farming\Datasets\final_combined_datasets\TLCE\LB\TLCE_LB_100.JPG,Tomato,LB,uncontrolled,afe0acc6c536c22e,Late Blight
Z:\Projects\Smart-Farming\Datasets\final_combined_datasets\TLCE\LB\TLCE_LB_101.JPG,Tomato,LB,uncontrolled,b991446c9fce3331,Late Blight
Z:\Projects\Smart-Farming\Datasets\final_combined_datasets\TLCE\LB\TLCE_LB_102.JPG,Tomato,LB,uncontrolled,86d151cf593e6760,Late Blight
Z:\Projects\Smart-Farming\Datasets\final_combined_datasets\TLCE\LB\TLCE_LB_103.JPG,Tomato,LB,uncontrolled,a69a51670c946f9b,Late Blight
Z:\Projects\Smart-Farming\Datasets\final_combined_datasets\TLCE\LB\TLCE_LB_104.jpg,Tomato,LB,uncontrolled,9e92686937b4c99a,Late Blight
Z:\Projects\Smart-Farming\Datasets\final_combined_datasets\TLCE\LB\TLCE_LB_105.JPG,Tomato,LB,uncontrolled,aaf18508973e927e,Late Blight
Z:\Projects\Smart-Farming\Datasets\final_combined_datasets\TLCE\LB\TLCE_LB_106.JPG,Tomato,LB,uncontrolled,bf48f20fd086cd32,Late Blight
Z:\Projects\Smart-Farming\Datasets\final_combined_datasets\TLCE\LB\TLCE_LB_107.JPG,Tomato,LB,uncontrolled,a1369acde4f0d466,Late Blight
Z:\Projects\Smart-Farming\Datasets\final_combined_datasets\TLCE\LB\TLCE_LB_108.JPG,Tomato,LB,uncontrolled,ade2d60d98bcc331,Late Blight
Z:\Projects\Smart-Farming\Datasets\final_combined_datasets\TLCE\LB\TLCE_LB_109.JPG,Tomato,LB,uncontrolled,84f353cc4fb15227,Late Blight
Z:\Projects\Smart-Farming\Datasets\final_combined_datasets\TLCE\LB\TLCE_LB_110.JPG,Tomato,LB,uncontrolled,ab10fcfef021c14d,Late Blight
Z:\Projects\Smart-Farming\Datasets\final_combined_datasets\TLCE\LB\TLCE_LB_111.JPG,Tomato,LB,uncontrolled,e99916ec1bb60d46,Late Blight
Z:\Projects\Smart-Farming\Datasets\final_combined_datasets\TLCE\LB\TLCE_LB_112.JPG,Tomato,LB,uncontrolled,a983c4cbc1e1f672,Late Blight
Z:\Projects\Smart-Farming\Datasets\final_combined_datasets\TLCE\LB\TLCE_LB_113.JPG,Tomato,LB,uncontrolled,ded090b46d737252,Late Blight
Z:\Projects\Smart-Farming\Datasets\final_combined_datasets\TLCE\LB\TLCE_LB_114.JPG,Tomato,LB,uncontrolled,cc2c73b34c996cc6,Late Blight
Z:\Projects\Smart-Farming\Datasets\final_combined_datasets\TLCE\LB\TLCE_LB_115.JPG,Tomato,LB,uncontrolled,eaca9c99b79086b4,Late Blight
Z:\Projects\Smart-Farming\Datasets\final_combined_datasets\TLCE\LB\TLCE_LB_116.JPG,Tomato,LB,uncontrolled,aee0c40fdabd3912,Late Blight
Z:\Projects\Smart-Farming\Datasets\final_combined_datasets\TLCE\LB\TLCE_LB_117.JPG,Tomato,LB,uncontrolled,ed4995279ab09137,Late Blight
Z:\Projects\Smart-Farming\Datasets\final_combined_datasets\TLCE\LB\TLCE_LB_118.JPG,Tomato,LB,uncontrolled,ccb671cd26705963,Late Blight
Z:\Projects\Smart-Farming\Datasets\final_combined_datasets\TLCE\LB\TLCE_LB_119.JPG,Tomato,LB,uncontrolled,abc8da37a5b12788,Late Blight
Z:\Projects\Smart-Farming\Datasets\final_combined_datasets\TLCE\LB\TLCE_LB_120.JPG,Tomato,LB,uncontrolled,ab9590d2cb698d66,Late Blight
Z:\Projects\Smart-Farming\Datasets\final_combined_datasets\TLCE\LB\TLCE_LB_121.JPG,Tomato,LB,uncontrolled,a4a4d3ce1c3366c7,Late Blight
Z:\Projects\Smart-Farming\Datasets\final_combined_datasets\TLCE\LB\TLCE_LB_122.JPG,Tomato,LB,uncontrolled,a96cde07ce98701b,Late Blight
Z:\Projects\Smart-Farming\Datasets\final_combined_datasets\TLCE\LB\TLCE_LB_123.JPG,Tomato,LB,uncontrolled,b2e6b14803e13edb,Late Blight
Z:\Projects\Smart-Farming\Datasets\final_combined_datasets\TLCE\LB\TLCE_LB_124.JPG,Tomato,LB,uncontrolled,e89f166119ce44f9,Late Blight
Z:\Projects\Smart-Farming\Datasets\final_combined_datasets\TLCE\LB\TLCE_LB_125.JPG,Tomato,LB,uncontrolled,adb6c2c4922ba769,Late Blight
Z:\Projects\Smart-Farming\Datasets\final_combined_datasets\TLCE\LB\TLCE_LB_126.JPG,Tomato,LB,uncontrolled,86f373cc4c9c989a,Late Blight
Z:\Projects\Smart-Farming\Datasets\final_combined_datasets\TLCE\LB\TLCE_LB_127.JPG,Tomato,LB,uncontrolled,ebce1de912c63892,Late Blight
Z:\Projects\Smart-Farming\Datasets\final_combined_datasets\TLCE\LB\TLCE_LB_128.JPG,Tomato,LB,uncontrolled,ea6b959518d2c6c9,Late Blight
Z:\Projects\Smart-Farming\Datasets\final_combined_datasets\TLCE\LB\TLCE_LB_129.JPG,Tomato,LB,uncontrolled,a88cc7334dcc9736,Late Blight
Z:\Projects\Smart-Farming\Datasets\final_combined_datasets\TLCE\LB\TLCE_LB_130.JPG,Tomato,LB,uncontrolled,e58b12dc1966669e,Late Blight
Z:\Projects\Smart-Farming\Datasets\final_combined_datasets\TLCE\LB\TLCE_LB_131.JPG,Tomato,LB,uncontrolled,b4dc9fc6603893c3,Late Blight
Z:\Projects\Smart-Farming\Datasets\final_combined_datasets\TLCE\LB\TLCE_LB_132.JPG,Tomato,LB,uncontrolled,aa7adce0c10fc4bc,Late Blight
Z:\Projects\Smart-Farming\Datasets\final_combined_datasets\TLCE\LB\TLCE_LB_133.JPG,Tomato,LB,uncontrolled,ebca91a4c99ae631,Late Blight
Z:\Projects\Smart-Farming\Datasets\final_combined_datasets\TLCE\LB\TLCE_LB_134.JPG,Tomato,LB,uncontrolled,ad7be7060c3bd260,Late Blight
Z:\Projects\Smart-Farming\Datasets\final_combined_datasets\TLCE\LB\TLCE_LB_135.JPG,Tomato,LB,uncontrolled,eb1d84c2d86e93e1,Late Blight
Z:\Projects\Smart-Farming\Datasets\final_combined_datasets\TLCE\LB\TLCE_LB_136.JPG,Tomato,LB,uncontrolled,b3a37706a5358e64,Late Blight
Z:\Projects\Smart-Farming\Datasets\final_combined_datasets\TLCE\LB\TLCE_LB_137.JPG,Tomato,LB,uncontrolled,aa85c0728f67a5e6,Late Blight
Z:\Projects\Smart-Farming\Datasets\final_combined_datasets\TLCE\LB\TLCE_LB_138.JPG,Tomato,LB,uncontrolled,f2d5d3d88c982c66,Late Blight
Z:\Projects\Smart-Farming\Datasets\final_combined_datasets\TLCE\LB\TLCE_LB_139.JPG,Tomato,LB,uncontrolled,ff8780d0c5c2e5e2,Late Blight
Z:\Projects\Smart-Farming\Datasets\final_combined_datasets\TLCE\LB\TLCE_LB_140.jpg,Tomato,LB,uncontrolled,9ac76938e7866269,Late Blight
Z:\Projects\Smart-Farming\Datasets\final_combined_datasets\TLCE\LB\TLCE_LB_141.JPG,Tomato,LB,uncontrolled,ab10e476cec9b3c4,Late Blight
Z:\Projects\Smart-Farming\Datasets\final_combined_datasets\TLCE\LB\TLCE_LB_142.JPG,Tomato,LB,uncontrolled,f6508b3db2668c3a,Late Blight
Z:\Projects\Smart-Farming\Datasets\final_combined_datasets\TLCE\LB\TLCE_LB_143.JPG,Tomato,LB,uncontrolled,ffd0e00e9d383ae0,Late Blight
Z:\Projects\Smart-Farming\Datasets\final_combined_datasets\TLCE\LB\TLCE_LB_144.JPG,Tomato,LB,uncontrolled,bac8851ff431e626,Late Blight
Z:\Projects\Smart-Farming\Datasets\final_combined_datasets\TLCE\LB\TLCE_LB_145.JPG,Tomato,LB,uncontrolled,eee08c9a3c927987,Late Blight
Z:\Projects\Smart-Farming\Datasets\final_combined_datasets\TLCE\LB\TLCE_LB_146.JPG,Tomato,LB,uncontrolled,ccda30e7c13827e3,Late Blight
Z:\Projects\Smart-Farming\Datasets\final_combined_datasets\TLCE\LB\TLCE_LB_147.jpg,Tomato,LB,uncontrolled,d8b1e613230f3c2f,Late Blight
Z:\Projects\Smart-Farming\Datasets\final_combined_datasets\TLCE\LB\TLCE_LB_148.JPG,Tomato,LB,uncontrolled,e4ac91994aa791de,Late Blight
Z:\Projects\Smart-Farming\Datasets\final_combined_datasets\TLCE\LB\TLCE_LB_149.JPG,Tomato,LB,uncontrolled,99d3664c67cb9889,Late Blight
Z:\Projects\Smart-Farming\Datasets\final_combined_datasets\TLCE\LB\TLCE_LB_150.JPG,Tomato,LB,uncontrolled,eacabb05c53cb238,Late Blight
Z:\Projects\Smart-Farming\Datasets\final_combined_datasets\TLCE\LB\TLCE_LB_151.JPG,Tomato,LB,uncontrolled,eada35e425db026c,Late Blight
Z:\Projects\Smart-Farming\Datasets\final_combined_datasets\TLCE\LB\TLCE_LB_152.JPG,Tomato,LB,uncontrolled,a4cd5b36169b5331,Late Blight
Z:\Projects\Smart-Farming\Datasets\final_combined_datasets\TLCE\LB\TLCE_LB_153.JPG,Tomato,LB,uncontrolled,ea5a858f9ab0b135,Late Blight
Z:\Projects\Smart-Farming\Datasets\final_combined_datasets\TLCE\LB\TLCE_LB_154.JPG,Tomato,LB,uncontrolled,f98c07d3378c5932,Late Blight
Z:\Projects\Smart-Farming\Datasets\final_combined_datasets\TLCE\LB\TLCE_LB_155.JPG,Tomato,LB,uncontrolled,a76cd9038cbe7491,Late Blight
Z:\Projects\Smart-Farming\Datasets\final_combined_datasets\TLCE\LB\TLCE_LB_156.JPG,Tomato,LB,uncontrolled,ad865a6d24369bcc,Late Blight
Z:\Projects\Smart-Farming\Datasets\final_combined_datasets\TLCE\LB\TLCE_LB_157.JPG,Tomato,LB,uncontrolled,cda1328b636c3c73,Late Blight
Z:\Projects\Smart-Farming\Datasets\final_combined_datasets\TLCE\LB\TLCE_LB_158.JPG,Tomato,LB,uncontrolled,a48c0e874327f3f3,Late Blight
Z:\Projects\Smart-Farming\Datasets\final_combined_datasets\TLCE\LB\TLCE_LB_159.jpg,Tomato,LB,uncontrolled,954a68b54a73936d,Late Blight
Z:\Projects\Smart-Farming\Datasets\final_combined_datasets\TLCE\LB\TLCE_LB_160.JPG,Tomato,LB,uncontrolled,eb60c61fc13c9af0,Late Blight
Z:\Projects\Smart-Farming\Datasets\final_combined_datasets\TLCE\LB\TLCE_LB_161.jpg,Tomato,LB,uncontrolled,b7d393c5282a9a3a,Late Blight
Z:\Projects\Smart-Farming\Datasets\final_combined_datasets\TLCE\LB\TLCE_LB_162.JPG,Tomato,LB,uncontrolled,a3c9b5ccd68a4ac5,Late Blight
Z:\Projects\Smart-Farming\Datasets\final_combined_datasets\TLCE\LB\TLCE_LB_163.JPG,Tomato,LB,uncontrolled,baf085cf96619b0c,Late Blight
Z:\Projects\Smart-Farming\Datasets\final_combined_datasets\TLCE\LB\TLCE_LB_164.JPG,Tomato,LB,uncontrolled,b8ccc2b29bce6631,Late Blight
Z:\Projects\Smart-Farming\Datasets\final_combined_datasets\TLCE\LB\TLCE_LB_165.JPG,Tomato,LB,uncontrolled,bc9c43c17d374e30,Late Blight
Z:\Projects\Smart-Farming\Datasets\final_combined_datasets\TLCE\LB\TLCE_LB_166.JPG,Tomato,LB,uncontrolled,a4864bf118dc7673,Late Blight
Z:\Projects\Smart-Farming\Datasets\final_combined_datasets\TLCE\LB\TLCE_LB_167.JPG,Tomato,LB,uncontrolled,ae8c1b3139b366cc,Late Blight
Z:\Projects\Smart-Farming\Datasets\final_combined_datasets\TLCE\LB\TLCE_LB_168.JPG,Tomato,LB,uncontrolled,ef5ab021c266876d,Late Blight
Z:\Projects\Smart-Farming\Datasets\final_combined_datasets\TLCE\LB\TLCE_LB_169.jpg,Tomato,LB,uncontrolled,dbc6241c3e393635,Late Blight
Z:\Projects\Smart-Farming\Datasets\final_combined_datasets\TLCE\LB\TLCE_LB_170.JPG,Tomato,LB,uncontrolled,d9c6269b996165c9,Late Blight
Z:\Projects\Smart-Farming\Datasets\final_combined_datasets\TLCE\LB\TLCE_LB_171.JPG,Tomato,LB,uncontrolled,b49d47e36c4c5332,Late Blight
Z:\Projects\Smart-Farming\Datasets\final_combined_datasets\TLCE\LB\TLCE_LB_172.JPG,Tomato,LB,uncontrolled,e56d12364d19374e,Late Blight
Z:\Projects\Smart-Farming\Datasets\final_combined_datasets\TLCE\LB\TLCE_LB_173.jpg,Tomato,LB,uncontrolled,96903c6f61c36796,Late Blight
Z:\Projects\Smart-Farming\Datasets\final_combined_datasets\TLCE\LB\TLCE_LB_174.JPG,Tomato,LB,uncontrolled,d37a162d4c913766,Late Blight
Z:\Projects\Smart-Farming\Datasets\final_combined_datasets\TLCE\LB\TLCE_LB_175.JPG,Tomato,LB,uncontrolled,ec82c71c1e63d366,Late Blight
Z:\Projects\Smart-Farming\Datasets\final_combined_datasets\TLCE\LB\TLCE_LB_176.JPG,Tomato,LB,uncontrolled,bfa1369342874b8d,Late Blight
Z:\Projects\Smart-Farming\Datasets\final_combined_datasets\TLCE\LB\TLCE_LB_177.JPG,Tomato,LB,uncontrolled,efe4c3923e4821cb,Late Blight
Z:\Projects\Smart-Farming\Datasets\final_combined_datasets\TLCE\LB\TLCE_LB_178.JPG,Tomato,LB,uncontrolled,a48c53b36c39ccce,Late Blight
Z:\Projects\Smart-Farming\Datasets\final_combined_datasets\TLCE\LB\TLCE_LB_179.jpg,Tomato,LB,uncontrolled,cc93666c313967cc,Late Blight
Z:\Projects\Smart-Farming\Datasets\final_combined_datasets\TLCE\LB\TLCE_LB_180.JPG,Tomato,LB,uncontrolled,e98c96b359863369,Late Blight
Z:\Projects\Smart-Farming\Datasets\final_combined_datasets\TLCE\LB\TLCE_LB_181.JPG,Tomato,LB,uncontrolled,b98c46330d371b76,Late Blight
Z:\Projects\Smart-Farming\Datasets\final_combined_datasets\TLCE\LB\TLCE_LB_182.JPG,Tomato,LB,uncontrolled,a4d2e009879df679,Late Blight
Z:\Projects\Smart-Farming\Datasets\final_combined_datasets\TLCE\LB\TLCE_LB_183.JPG,Tomato,LB,uncontrolled,afc5b032cbcd0d2c,Late Blight
Z:\Projects\Smart-Farming\Datasets\final_combined_datasets\TLCE\LB\TLCE_LB_184.JPG,Tomato,LB,uncontrolled,b9c6e6398cc63398,Late Blight
Z:\Projects\Smart-Farming\Datasets\final_combined_datasets\TLCE\LB\TLCE_LB_185.JPG,Tomato,LB,uncontrolled,ade9dac480979d38,Late Blight
Z:\Projects\Smart-Farming\Datasets\final_combined_datasets\TLCE\LB\TLCE_LB_186.JPG,Tomato,LB,uncontrolled,b2f151cccc8fc899,Late Blight
Z:\Projects\Smart-Farming\Datasets\final_combined_datasets\TLCE\LB\TLCE_LB_187.JPG,Tomato,LB,uncontrolled,c3949c4b6434dbce,Late Blight
Z:\Projects\Smart-Farming\Datasets\final_combined_datasets\TLCE\LB\TLCE_LB_188.JPG,Tomato,LB,uncontrolled,ae60d66589b6ec98,Late Blight
Z:\Projects\Smart-Farming\Datasets\final_combined_datasets\TLCE\LB\TLCE_LB_189.JPG,Tomato,LB,uncontrolled,ae9151ce0e396796,Late Blight
Z:\Projects\Smart-Farming\Datasets\final_combined_datasets\TLCE\LB\TLCE_LB_190.JPG,Tomato,LB,uncontrolled,dab06dcf31982669,Late Blight
Z:\Projects\Smart-Farming\Datasets\final_combined_datasets\TLCE\LB\TLCE_LB_191.JPG,Tomato,LB,uncontrolled,feb46808b54f28d5,Late Blight
Z:\Projects\Smart-Farming\Datasets\final_combined_datasets\TLCE\LB\TLCE_LB_192.JPG,Tomato,LB,uncontrolled,eaca953fb031866c,Late Blight
Z:\Projects\Smart-Farming\Datasets\final_combined_datasets\TLCE\LB\TLCE_LB_193.JPG,Tomato,LB,uncontrolled,e0668776c6249e9d,Late Blight
Z:\Projects\Smart-Farming\Datasets\final_combined_datasets\TLCE\LB\TLCE_LB_194.JPG,Tomato,LB,uncontrolled,b9ac869f3c323166,Late Blight
Z:\Projects\Smart-Farming\Datasets\final_combined_datasets\TLCE\LB\TLCE_LB_195.JPG,Tomato,LB,uncontrolled,f6c2129c983b72a7,Late Blight
Z:\Projects\Smart-Farming\Datasets\final_combined_datasets\TLCE\LB\TLCE_LB_196.JPG,Tomato,LB,uncontrolled,a893c76c99641ae7,Late Blight
Z:\Projects\Smart-Farming\Datasets\final_combined_datasets\TLCE\LB\TLCE_LB_197.JPG,Tomato,LB,uncontrolled,a06fcf32cccc3989,Late Blight
Z:\Projects\Smart-Farming\Datasets\final_combined_datasets\TLCE\LB\TLCE_LB_198.JPG,Tomato,LB,uncontrolled,af68f19dc0b6009f,Late Blight
Z:\Projects\Smart-Farming\Datasets\final_combined_datasets\TLCE\LB\TLCE_LB_199.jpg,Tomato,LB,uncontrolled,9d32786725c913f4,Late Blight
Z:\Projects\Smart-Farming\Datasets\final_combined_datasets\TLCE\LB\TLCE_LB_200.JPG,Tomato,LB,uncontrolled,abead8859494a72d,Late Blight
Z:\Projects\Smart-Farming\Datasets\final_combined_datasets\TLCE\LB\TLCE_LB_201.jpg,Tomato,LB,uncontrolled,c09d3766dc91871e,Late Blight
Z:\Projects\Smart-Farming\Datasets\final_combined_datasets\TLCE\LB\TLCE_LB_202.JPG,Tomato,LB,uncontrolled,ed32c3e7998c924a,Late Blight
Z:\Projects\Smart-Farming\Datasets\final_combined_datasets\TLCE\LB\TLCE_LB_203.JPG,Tomato,LB,uncontrolled,a83885e31fe6f0e4,Late Blight
Z:\Projects\Smart-Farming\Datasets\final_combined_datasets\TLCE\LB\TLCE_LB_204.JPG,Tomato,LB,uncontrolled,fa49a551cc6fc834,Late Blight
Z:\Projects\Smart-Farming\Datasets\final_combined_datasets\TLCE\LB\TLCE_LB_205.JPG,Tomato,LB,uncontrolled,fb4a9007b436d837,Late Blight
Z:\Projects\Smart-Farming\Datasets\final_combined_datasets\TLUE\H\TLUE_H_007.jpg,Tomato,H,closed,9c142771f36bf601,Healthy
Z:\Projects\Smart-Farming\Datasets\final_combined_datasets\TLUE\H\TLUE_H_006.jpg,Tomato,H,closed,81e46e7ae454c25f,Healthy
Z:\Projects\Smart-Farming\Datasets\final_combined_datasets\TLUE\H\TLUE_H_001.jpg,Tomato,H,closed,c65e2d0f78f1b013,Healthy
Z:\Projects\Smart-Farming\Datasets\final_combined_datasets\TLUE\H\TLUE_H_002.jpg,Tomato,H,closed,fbb29185295ec278,Healthy
Z:\Projects\Smart-Farming\Datasets\final_combined_datasets\TLUE\H\TLUE_H_003.jpg,Tomato,H,closed,d13260564ecd0ff9,Healthy
Z:\Projects\Smart-Farming\Datasets\final_combined_datasets\TLUE\H\TLUE_H_004.jpg,Tomato,H,closed,c49012da3f356be6,Healthy
Z:\Projects\Smart-Farming\Datasets\final_combined_datasets\TLUE\H\TLUE_H_005.jpg,Tomato,H,closed,b6b3c30a855c97a9,Healthy
Z:\Projects\Smart-Farming\Datasets\final_combined_datasets\TLUE\H\TLUE_H_008.jpg,Tomato,H,closed,a99c3c612b6cb66c,Healthy
Z:\Projects\Smart-Farming\Datasets\final_combined_datasets\TLUE\H\TLUE_H_009.jpg,Tomato,H,closed,c1aadc464066d6fd,Healthy
Z:\Projects\Smart-Farming\Datasets\final_combined_datasets\TLUE\H\TLUE_H_010.jpg,Tomato,H,closed,e6d5442e5b6208bf,Healthy
Z:\Projects\Smart-Farming\Datasets\final_combined_datasets\TLUE\H\TLUE_H_012.jpg,Tomato,H,closed,8ac5fce4b7b0830b,Healthy
Z:\Projects\Smart-Farming\Datasets\final_combined_datasets\TLUE\H\TLUE_H_014.jpg,Tomato,H,closed,e43995c6da96851b,Healthy
Z:\Projects\Smart-Farming\Datasets\final_combined_datasets\TLUE\H\TLUE_H_015.jpg,Tomato,H,closed,adac4caba84b6e98,Healthy
Z:\Projects\Smart-Farming\Datasets\final_combined_datasets\TLUE\H\TLUE_H_016.jpg,Tomato,H,closed,a514c95e69d0adb5,Healthy
Z:\Projects\Smart-Farming\Datasets\final_combined_datasets\TLUE\H\TLUE_H_017.jpg,Tomato,H,closed,d3a4932663c372d9,Healthy
Z:\Projects\Smart-Farming\Datasets\final_combined_datasets\TLUE\H\TLUE_H_018.jpg,Tomato,H,closed,c8d211dec51df3c4,Healthy
Z:\Projects\Smart-Farming\Datasets\final_combined_datasets\TLUE\H\TLUE_H_019.jpg,Tomato,H,closed,c88f708b6fa5938a,Healthy
Z:\Projects\Smart-Farming\Datasets\final_combined_datasets\TLUE\H\TLUE_H_020.jpg,Tomato,H,closed,fede4824cb3d488c,Healthy
Z:\Projects\Smart-Farming\Datasets\final_combined_datasets\TLUE\H\TLUE_H_021.jpg,Tomato,H,closed,dda74d345a8981d6,Healthy
Z:\Projects\Smart-Farming\Datasets\final_combined_datasets\TLUE\H\TLUE_H_022.jpg,Tomato,H,closed,bfc97c5fc0e0300e,Healthy
Z:\Projects\Smart-Farming\Datasets\final_combined_datasets\TLUE\H\TLUE_H_023.jpg,Tomato,H,closed,d6a8ee81ed98055b,Healthy
Z:\Projects\Smart-Farming\Datasets\final_combined_datasets\TLUE\H\TLUE_H_024.jpg,Tomato,H,closed,e13671fae9bc5041,Healthy
Z:\Projects\Smart-Farming\Datasets\final_combined_datasets\TLUE\H\TLUE_H_025.jpg,Tomato,H,closed,f4c27666dc948cd1,Healthy
Z:\Projects\Smart-Farming\Datasets\final_combined_datasets\TLUE\H\TLUE_H_026.jpg,Tomato,H,closed,865efe80834f4ec9,Healthy
Z:\Projects\Smart-Farming\Datasets\final_combined_datasets\TLUE\H\TLUE_H_027.jpg,Tomato,H,closed,849575bca2dbc18b,Healthy
Z:\Projects\Smart-Farming\Datasets\final_combined_datasets\TLUE\H\TLUE_H_028.jpg,Tomato,H,closed,cc973c49fa744c4a,Healthy
Z:\Projects\Smart-Farming\Datasets\final_combined_datasets\TLUE\H\TLUE_H_029.jpg,Tomato,H,closed,98717178b52da457,Healthy
Z:\Projects\Smart-Farming\Datasets\final_combined_datasets\TLUE\H\TLUE_H_030.jpg,Tomato,H,closed,c0c86d3f452d3c7a,Healthy
Z:\Projects\Smart-Farming\Datasets\final_combined_datasets\TLUE\H\TLUE_H_031.jpg,Tomato,H,closed,8e14766c09a2eddd,Healthy
Z:\Projects\Smart-Farming\Datasets\final_combined_datasets\TLUE\H\TLUE_H_032.jpg,Tomato,H,closed,9a167c5885edacac,Healthy
Z:\Projects\Smart-Farming\Datasets\final_combined_datasets\TLUE\H\TLUE_H_033.jpg,Tomato,H,closed,c0d13b647da79662,Healthy
Z:\Projects\Smart-Farming\Datasets\final_combined_datasets\TLUE\H\TLUE_H_034.jpg,Tomato,H,closed,96cb33316df0c0f2,Healthy
Z:\Projects\Smart-Farming\Datasets\final_combined_datasets\TLUE\H\TLUE_H_036.jpg,Tomato,H,closed,95a5f224e3cc7c58,Healthy
Z:\Projects\Smart-Farming\Datasets\final_combined_datasets\TLUE\H\TLUE_H_037.jpg,Tomato,H,closed,c94db635e870386d,Healthy
Z:\Projects\Smart-Farming\Datasets\final_combined_datasets\TLUE\H\TLUE_H_039.jpg,Tomato,H,closed,d78f6aef4029ea80,Healthy
Z:\Projects\Smart-Farming\Datasets\final_combined_datasets\TLUE\H\TLUE_H_040.jpg,Tomato,H,closed,8b0bf6c13a92b5e8,Healthy
Z:\Projects\Smart-Farming\Datasets\final_combined_datasets\TLUE\H\TLUE_H_041.jpg,Tomato,H,closed,d1c3a1d113d995b5,Healthy
Z:\Projects\Smart-Farming\Datasets\final_combined_datasets\TLUE\H\TLUE_H_043.jpg,Tomato,H,closed,819ab72df0e07355,Healthy
Z:\Projects\Smart-Farming\Datasets\final_combined_datasets\TLUE\H\TLUE_H_044.jpg,Tomato,H,closed,ce4e49d943f2e161,Healthy
Z:\Projects\Smart-Farming\Datasets\final_combined_datasets\TLUE\H\TLUE_H_045.jpg,Tomato,H,closed,d9fc18474ee8c507,Healthy
Z:\Projects\Smart-Farming\Datasets\final_combined_datasets\TLUE\H\TLUE_H_046.jpg,Tomato,H,closed,89f1f2a2156c73b8,Healthy
Z:\Projects\Smart-Farming\Datasets\final_combined_datasets\TLUE\H\TLUE_H_048.jpg,Tomato,H,closed,96926ee4115ec39d,Healthy
Z:\Projects\Smart-Farming\Datasets\final_combined_datasets\TLUE\H\TLUE_H_049.jpg,Tomato,H,closed,9598178fc2e2b89b,Healthy
Z:\Projects\Smart-Farming\Datasets\final_combined_datasets\TLUE\H\TLUE_H_051.jpg,Tomato,H,closed,bf14cb5f685a4a30,Healthy
Z:\Projects\Smart-Farming\Datasets\final_combined_datasets\TLUE\H\TLUE_H_052.jpg,Tomato,H,closed,d28296b4893cbb75,Healthy
Z:\Projects\Smart-Farming\Datasets\final_combined_datasets\TLUE\H\TLUE_H_054.jpg,Tomato,H,closed,d645211addadf425,Healthy
Z:\Projects\Smart-Farming\Datasets\final_combined_datasets\TLUE\H\TLUE_H_055.jpg,Tomato,H,closed,8917563ced61c5a3,Healthy
Z:\Projects\Smart-Farming\Datasets\final_combined_datasets\TLUE\H\TLUE_H_056.jpg,Tomato,H,closed,c5e1321e02766f6e,Healthy
Z:\Projects\Smart-Farming\Datasets\final_combined_datasets\TLUE\H\TLUE_H_057.jpg,Tomato,H,closed,8c65f112de6c2d47,Healthy
Z:\Projects\Smart-Farming\Datasets\final_combined_datasets\TLUE\H\TLUE_H_058.jpg,Tomato,H,closed,ddc65f3d81c96409,Healthy
Z:\Projects\Smart-Farming\Datasets\final_combined_datasets\TLUE\H\TLUE_H_059.jpg,Tomato,H,closed,868a17ec7c4974ba,Healthy
Z:\Projects\Smart-Farming\Datasets\final_combined_datasets\TLUE\H\TLUE_H_060.jpg,Tomato,H,closed,cda83298cc607a7f,Healthy
Z:\Projects\Smart-Farming\Datasets\final_combined_datasets\TLUE\H\TLUE_H_061.jpg,Tomato,H,closed,d0643bc357b178d8,Healthy
Z:\Projects\Smart-Farming\Datasets\final_combined_datasets\TLUE\H\TLUE_H_062.jpg,Tomato,H,closed,802deeece98db24a,Healthy
Z:\Projects\Smart-Farming\Datasets\final_combined_datasets\TLUE\H\TLUE_H_063.jpg,Tomato,H,closed,af798e529921354d,Healthy
Z:\Projects\Smart-Farming\Datasets\final_combined_datasets\TLUE\H\TLUE_H_064.jpg,Tomato,H,closed,8707cf19367c6346,Healthy
Z:\Projects\Smart-Farming\Datasets\final_combined_datasets\TLUE\H\TLUE_H_065.jpg,Tomato,H,closed,c16e20159be1caef,Healthy
Z:\Projects\Smart-Farming\Datasets\final_combined_datasets\TLUE\H\TLUE_H_066.jpg,Tomato,H,closed,98cc691c70a76f3c,Healthy
Z:\Projects\Smart-Farming\Datasets\final_combined_datasets\TLUE\H\TLUE_H_067.jpg,Tomato,H,closed,daed6d1b63f82401,Healthy
Z:\Projects\Smart-Farming\Datasets\final_combined_datasets\TLUE\H\TLUE_H_068.jpg,Tomato,H,closed,c9dd3325af20589d,Healthy
Z:\Projects\Smart-Farming\Datasets\final_combined_datasets\TLUE\H\TLUE_H_069.jpg,Tomato,H,closed,98b0626ab76f0f25,Healthy
Z:\Projects\Smart-Farming\Datasets\final_combined_datasets\TLUE\H\TLUE_H_070.jpg,Tomato,H,closed,c5b3199da4f24dc1,Healthy
Z:\Projects\Smart-Farming\Datasets\final_combined_datasets\TLUE\H\TLUE_H_071.jpg,Tomato,H,closed,c6d27a34662df2b0,Healthy
Z:\Projects\Smart-Farming\Datasets\final_combined_datasets\TLUE\H\TLUE_H_072.jpg,Tomato,H,closed,b52c93f0aed9e188,Healthy
Z:\Projects\Smart-Farming\Datasets\final_combined_datasets\TLUE\H\TLUE_H_073.jpg,Tomato,H,closed,d3d1f1b3382086f6,Healthy
Z:\Projects\Smart-Farming\Datasets\final_combined_datasets\TLUE\H\TLUE_H_074.jpg,Tomato,H,closed,ea68f0c4e7a99e24,Healthy
Z:\Projects\Smart-Farming\Datasets\final_combined_datasets\TLUE\H\TLUE_H_075.jpg,Tomato,H,closed,e1f139f5e4859238,Healthy
Z:\Projects\Smart-Farming\Datasets\final_combined_datasets\TLUE\H\TLUE_H_076.jpg,Tomato,H,closed,adb1ed53d0cd4226,Healthy
Z:\Projects\Smart-Farming\Datasets\final_combined_datasets\TLUE\H\TLUE_H_077.jpg,Tomato,H,closed,d25de5e608e63166,Healthy
Z:\Projects\Smart-Farming\Datasets\final_combined_datasets\TLUE\H\TLUE_H_078.jpg,Tomato,H,closed,a4aef33c3196ea14,Healthy
Z:\Projects\Smart-Farming\Datasets\final_combined_datasets\TLUE\H\TLUE_H_079.jpg,Tomato,H,closed,fa8fe7f0801d8589,Healthy
Z:\Projects\Smart-Farming\Datasets\final_combined_datasets\TLUE\H\TLUE_H_080.jpg,Tomato,H,closed,cbe2a45c9b576289,Healthy
Z:\Projects\Smart-Farming\Datasets\final_combined_datasets\TLUE\H\TLUE_H_081.jpg,Tomato,H,closed,d2e911366dd385c9,Healthy
Z:\Projects\Smart-Farming\Datasets\final_combined_datasets\TLUE\H\TLUE_H_082.jpg,Tomato,H,closed,e1a3275a2ff47068,Healthy
Z:\Projects\Smart-Farming\Datasets\final_combined_datasets\TLUE\H\TLUE_H_083.jpg,Tomato,H,closed,ce03c77b870e30f2,Healthy
Z:\Projects\Smart-Farming\Datasets\final_combined_datasets\TLUE\H\TLUE_H_084.jpg,Tomato,H,closed,d0c729951eda4d95,Healthy
Z:\Projects\Smart-Farming\Datasets\final_combined_datasets\TLUE\H\TLUE_H_085.jpg,Tomato,H,closed,813bf0c979d2b5b0,Healthy
Z:\Projects\Smart-Farming\Datasets\final_combined_datasets\TLUE\H\TLUE_H_086.jpg,Tomato,H,closed,da2468adb950f770,Healthy
Z:\Projects\Smart-Farming\Datasets\final_combined_datasets\TLUE\H\TLUE_H_087.jpg,Tomato,H,closed,85b16943746d3f2c,Healthy
Z:\Projects\Smart-Farming\Datasets\final_combined_datasets\TLUE\H\TLUE_H_088.jpg,Tomato,H,closed,d3ba3e8072d4e2f0,Healthy
Z:\Projects\Smart-Farming\Datasets\final_combined_datasets\TLUE\H\TLUE_H_089.jpg,Tomato,H,closed,cf1433d2b54af4a8,Healthy
Z:\Projects\Smart-Farming\Datasets\final_combined_datasets\TLUE\H\TLUE_H_090.jpg,Tomato,H,closed,c3d2f6695227a534,Healthy
Z:\Projects\Smart-Farming\Datasets\final_combined_datasets\TLUE\H\TLUE_H_091.jpg,Tomato,H,closed,d4c7627a25770770,Healthy
Z:\Projects\Smart-Farming\Datasets\final_combined_datasets\TLUE\H\TLUE_H_092.jpg,Tomato,H,closed,874e16a73990e17d,Healthy
Z:\Projects\Smart-Farming\Datasets\final_combined_datasets\TLUE\H\TLUE_H_093.jpg,Tomato,H,closed,df98e060bf616938,Healthy
Z:\Projects\Smart-Farming\Datasets\final_combined_datasets\TLUE\H\TLUE_H_094.jpg,Tomato,H,closed,f6da303368e4c4f4,Healthy
Z:\Projects\Smart-Farming\Datasets\final_combined_datasets\TLUE\H\TLUE_H_095.jpg,Tomato,H,closed,ba0a1f6686b4ca1f,Healthy
Z:\Projects\Smart-Farming\Datasets\final_combined_datasets\TLUE\H\TLUE_H_096.jpg,Tomato,H,closed,cf9c3678f023e838,Healthy
Z:\Projects\Smart-Farming\Datasets\final_combined_datasets\TLUE\H\TLUE_H_097.jpg,Tomato,H,closed,cdc43978d4d4d0cb,Healthy
Z:\Projects\Smart-Farming\Datasets\final_combined_datasets\TLUE\H\TLUE_H_098.jpg,Tomato,H,closed,c0d11b643da5967e,Healthy
Z:\Projects\Smart-Farming\Datasets\final_combined_datasets\TLUE\H\TLUE_H_099.jpg,Tomato,H,closed,8811f068dae53dfc,Healthy
Z:\Projects\Smart-Farming\Datasets\final_combined_datasets\TLUE\H\TLUE_H_100.jpg,Tomato,H,closed,c495759ca2daf08b,Healthy
Z:\Projects\Smart-Farming\Datasets\final_combined_datasets\TLUE\H\TLUE_H_101.jpg,Tomato,H,closed,8d71336e20c2eecd,Healthy
Z:\Projects\Smart-Farming\Datasets\final_combined_datasets\TLUE\H\TLUE_H_102.jpg,Tomato,H,closed,d52546ccbce1d394,Healthy
Z:\Projects\Smart-Farming\Datasets\final_combined_datasets\TLUE\H\TLUE_H_103.jpg,Tomato,H,closed,f983723f9f950484,Healthy
Z:\Projects\Smart-Farming\Datasets\final_combined_datasets\TLUE\H\TLUE_H_104.jpg,Tomato,H,closed,901f626be6c5c1dc,Healthy
Z:\Projects\Smart-Farming\Datasets\final_combined_datasets\TLUE\H\TLUE_H_105.jpg,Tomato,H,closed,c9e73715b03a9a52,Healthy
Z:\Projects\Smart-Farming\Datasets\final_combined_datasets\TLUE\H\TLUE_H_106.jpg,Tomato,H,closed,dbdd23232c3038eb,Healthy
Z:\Projects\Smart-Farming\Datasets\final_combined_datasets\TLUE\H\TLUE_H_107.jpg,Tomato,H,closed,92013a3da3fcee91,Healthy
Z:\Projects\Smart-Farming\Datasets\final_combined_datasets\TLUE\H\TLUE_H_108.jpg,Tomato,H,closed,c7c8f0a6d109a6fc,Healthy
Z:\Projects\Smart-Farming\Datasets\final_combined_datasets\TLUE\H\TLUE_H_109.jpg,Tomato,H,closed,da82a71b93775348,Healthy
Z:\Projects\Smart-Farming\Datasets\final_combined_datasets\TLUE\H\TLUE_H_110.jpg,Tomato,H,closed,cd973c483df01e89,Healthy
Z:\Projects\Smart-Farming\Datasets\final_combined_datasets\TLUE\H\TLUE_H_111.jpg,Tomato,H,closed,bdd1212b2f22933b,Healthy
Z:\Projects\Smart-Farming\Datasets\final_combined_datasets\TLUE\H\TLUE_H_112.jpg,Tomato,H,closed,bbf270ec522523e2,Healthy
Z:\Projects\Smart-Farming\Datasets\final_combined_datasets\TLUE\H\TLUE_H_113.jpg,Tomato,H,closed,8165cc19b6f16bcc,Healthy
Z:\Projects\Smart-Farming\Datasets\final_combined_datasets\TLUE\H\TLUE_H_114.jpg,Tomato,H,closed,b81a73f74b494a61,Healthy
Z:\Projects\Smart-Farming\Datasets\final_combined_datasets\TLUE\H\TLUE_H_115.jpg,Tomato,H,closed,ae798e72a925156c,Healthy
Z:\Projects\Smart-Farming\Datasets\final_combined_datasets\TLUE\H\TLUE_H_116.jpg,Tomato,H,closed,9b2bcfc890d65265,Healthy
Z:\Projects\Smart-Farming\Datasets\final_combined_datasets\TLUE\H\TLUE_H_117.jpg,Tomato,H,closed,c56a22179be1c8eb,Healthy
Z:\Projects\Smart-Farming\Datasets\final_combined_datasets\TLUE\H\TLUE_H_118.jpg,Tomato,H,closed,88831a6af49db2fc,Healthy
Z:\Projects\Smart-Farming\Datasets\final_combined_datasets\TLUE\H\TLUE_H_119.jpg,Tomato,H,closed,842db813d0fea54f,Healthy
Z:\Projects\Smart-Farming\Datasets\final_combined_datasets\TLUE\H\TLUE_H_120.jpg,Tomato,H,closed,91b4670b57233a73,Healthy
Z:\Projects\Smart-Farming\Datasets\final_combined_datasets\TLUE\H\TLUE_H_121.jpg,Tomato,H,closed,9a8a69cc0d5436df,Healthy
Z:\Projects\Smart-Farming\Datasets\final_combined_datasets\TLUE\H\TLUE_H_122.jpg,Tomato,H,closed,8b107447e8faaaf2,Healthy
Z:\Projects\Smart-Farming\Datasets\final_combined_datasets\TLUE\H\TLUE_H_123.jpg,Tomato,H,closed,c2e11a555d4f9ad2,Healthy
Z:\Projects\Smart-Farming\Datasets\final_combined_datasets\TLUE\H\TLUE_H_124.jpg,Tomato,H,closed,e11de3c92fd821a6,Healthy
Z:\Projects\Smart-Farming\Datasets\final_combined_datasets\TLUE\H\TLUE_H_125.jpg,Tomato,H,closed,cc72c59c53645ba6,Healthy
Z:\Projects\Smart-Farming\Datasets\final_combined_datasets\TLUE\H\TLUE_H_126.jpg,Tomato,H,closed,8ec207a7da55ac27,Healthy
Z:\Projects\Smart-Farming\Datasets\final_combined_datasets\TLUE\H\TLUE_H_127.jpg,Tomato,H,closed,d3f02f903629fc51,Healthy
Z:\Projects\Smart-Farming\Datasets\final_combined_datasets\TLUE\H\TLUE_H_128.jpg,Tomato,H,closed,ee9ca40dd9c293b2,Healthy
Z:\Projects\Smart-Farming\Datasets\final_combined_datasets\TLUE\H\TLUE_H_129.jpg,Tomato,H,closed,c4b8d5da1166d9a6,Healthy
Z:\Projects\Smart-Farming\Datasets\final_combined_datasets\TLUE\H\TLUE_H_131.jpg,Tomato,H,closed,eb6c83e31c98c6c5,Healthy
Z:\Projects\Smart-Farming\Datasets\final_combined_datasets\TLUE\H\TLUE_H_132.jpg,Tomato,H,closed,9d874d8bb348a695,Healthy
Z:\Projects\Smart-Farming\Datasets\final_combined_datasets\TLUE\H\TLUE_H_134.jpg,Tomato,H,closed,ad2d4cabc849769a,Healthy
Z:\Projects\Smart-Farming\Datasets\final_combined_datasets\TLUE\H\TLUE_H_135.jpg,Tomato,H,closed,a71fd0e2cd1932cc,Healthy
Z:\Projects\Smart-Farming\Datasets\final_combined_datasets\TLUE\H\TLUE_H_136.jpg,Tomato,H,closed,ab8b1d709e681dc9,Healthy
Z:\Projects\Smart-Farming\Datasets\final_combined_datasets\TLUE\H\TLUE_H_137.jpg,Tomato,H,closed,b5d265330543d99e,Healthy
Z:\Projects\Smart-Farming\Datasets\final_combined_datasets\TLUE\H\TLUE_H_138.jpg,Tomato,H,closed,b4339a9cc3cd3c19,Healthy
Z:\Projects\Smart-Farming\Datasets\final_combined_datasets\TLUE\H\TLUE_H_139.jpg,Tomato,H,closed,8dc70df8e61c70e4,Healthy
Z:\Projects\Smart-Farming\Datasets\final_combined_datasets\TLUE\H\TLUE_H_140.jpg,Tomato,H,closed,abf4b089c7537036,Healthy
Z:\Projects\Smart-Farming\Datasets\final_combined_datasets\TLUE\H\TLUE_H_141.jpg,Tomato,H,closed,be5a9167e294b126,Healthy
Z:\Projects\Smart-Farming\Datasets\final_combined_datasets\TLUE\H\TLUE_H_142.jpg,Tomato,H,closed,f19c2da42f0f7492,Healthy
Z:\Projects\Smart-Farming\Datasets\final_combined_datasets\TLUE\H\TLUE_H_144.jpg,Tomato,H,closed,bf14cb5f48da6822,Healthy
Z:\Projects\Smart-Farming\Datasets\final_combined_datasets\TLUE\H\TLUE_H_145.jpg,Tomato,H,closed,e8bc966a85c363b4,Healthy
Z:\Projects\Smart-Farming\Datasets\final_combined_datasets\TLUE\H\TLUE_H_146.jpg,Tomato,H,closed,bb94816f96f04995,Healthy
Z:\Projects\Smart-Farming\Datasets\final_combined_datasets\TLUE\H\TLUE_H_147.jpg,Tomato,H,closed,bc98c06f87e30f8c,Healthy
Z:\Projects\Smart-Farming\Datasets\final_combined_datasets\TLUE\H\TLUE_H_148.jpg,Tomato,H,closed,bcc2c4bc73813dca,Healthy
Z:\Projects\Smart-Farming\Datasets\final_combined_datasets\TLUE\H\TLUE_H_149.jpg,Tomato,H,closed,b8b5165a4fc6da60,Healthy
Z:\Projects\Smart-Farming\Datasets\final_combined_datasets\TLUE\H\TLUE_H_150.jpg,Tomato,H,closed,c5dd4a0e73e6190b,Healthy
Z:\Projects\Smart-Farming\Datasets\final_combined_datasets\TLUE\H\TLUE_H_151.jpg,Tomato,H,closed,b6b0d10f8ec66726,Healthy
Z:\Projects\Smart-Farming\Datasets\final_combined_datasets\TLUE\H\TLUE_H_152.jpg,Tomato,H,closed,ea2c5a42b59394dd,Healthy
Z:\Projects\Smart-Farming\Datasets\final_combined_datasets\TLUE\H\TLUE_H_153.jpg,Tomato,H,closed,c8cb42d2973fc9c2,Healthy
Z:\Projects\Smart-Farming\Datasets\final_combined_datasets\TLUE\H\TLUE_H_154.jpg,Tomato,H,closed,afcbc0929724cd2d,Healthy
Z:\Projects\Smart-Farming\Datasets\final_combined_datasets\TLUE\H\TLUE_H_155.jpg,Tomato,H,closed,95149cb3a96c6373,Healthy
Z:\Projects\Smart-Farming\Datasets\final_combined_datasets\TLUE\H\TLUE_H_156.jpg,Tomato,H,closed,a5d826bf9ab22519,Healthy
Z:\Projects\Smart-Farming\Datasets\final_combined_datasets\TLUE\H\TLUE_H_157.jpg,Tomato,H,closed,999a2ddc32a086df,Healthy
Z:\Projects\Smart-Farming\Datasets\final_combined_datasets\TLUE\H\TLUE_H_158.jpg,Tomato,H,closed,bcf17480b3be3898,Healthy
Z:\Projects\Smart-Farming\Datasets\final_combined_datasets\TLUE\H\TLUE_H_159.jpg,Tomato,H,closed,d1b6b0e15e7116d4,Healthy
Z:\Projects\Smart-Farming\Datasets\final_combined_datasets\TLUE\H\TLUE_H_160.jpg,Tomato,H,closed,c3c63f356483968d,Healthy
Z:\Projects\Smart-Farming\Datasets\final_combined_datasets\TLUE\H\TLUE_H_161.jpg,Tomato,H,closed,efd6023478632bb4,Healthy
Z:\Projects\Smart-Farming\Datasets\final_combined_datasets\TLUE\H\TLUE_H_162.jpg,Tomato,H,closed,ec3b85c1921c3f33,Healthy
Z:\Projects\Smart-Farming\Datasets\final_combined_datasets\TLUE\H\TLUE_H_163.jpg,Tomato,H,closed,b3c7ce388c99c919,Healthy
Z:\Projects\Smart-Farming\Datasets\final_combined_datasets\TLUE\H\TLUE_H_164.jpg,Tomato,H,closed,db245ba61e961e92,Healthy
Z:\Projects\Smart-Farming\Datasets\final_combined_datasets\TLUE\H\TLUE_H_165.jpg,Tomato,H,closed,fd852ca6905a56b9,Healthy
Z:\Projects\Smart-Farming\Datasets\final_combined_datasets\TLUE\H\TLUE_H_166.jpg,Tomato,H,closed,b16c9cd34e2c3cb2,Healthy
Z:\Projects\Smart-Farming\Datasets\final_combined_datasets\TLUE\H\TLUE_H_167.jpg,Tomato,H,closed,91f4080f09b57e9f,Healthy
Z:\Projects\Smart-Farming\Datasets\final_combined_datasets\TLUE\H\TLUE_H_168.jpg,Tomato,H,closed,c671c6713696278d,Healthy
Z:\Projects\Smart-Farming\Datasets\final_combined_datasets\TLUE\H\TLUE_H_169.jpg,Tomato,H,closed,fb2ec45ad0b119cc,Healthy
Z:\Projects\Smart-Farming\Datasets\final_combined_datasets\TLUE\H\TLUE_H_170.jpg,Tomato,H,closed,8f97bf85184ab885,Healthy
Z:\Projects\Smart-Farming\Datasets\final_combined_datasets\TLUE\H\TLUE_H_171.jpg,Tomato,H,closed,ebb5c48b37d202a6,Healthy
Z:\Projects\Smart-Farming\Datasets\final_combined_datasets\TLUE\H\TLUE_H_172.jpg,Tomato,H,closed,d5d1396f2cd8c283,Healthy
Z:\Projects\Smart-Farming\Datasets\final_combined_datasets\TLUE\H\TLUE_H_173.jpg,Tomato,H,closed,995b8935c9496e96,Healthy
Z:\Projects\Smart-Farming\Datasets\final_combined_datasets\TLUE\H\TLUE_H_175.jpg,Tomato,H,closed,b733d14e0ccc9cd1,Healthy
Z:\Projects\Smart-Farming\Datasets\final_combined_datasets\TLUE\H\TLUE_H_176.jpg,Tomato,H,closed,c40e69f84beb8764,Healthy
Z:\Projects\Smart-Farming\Datasets\final_combined_datasets\TLUE\H\TLUE_H_177.jpg,Tomato,H,closed,9271b1751eda720b,Healthy
Z:\Projects\Smart-Farming\Datasets\final_combined_datasets\TLUE\H\TLUE_H_178.jpg,Tomato,H,closed,9fd1a10c1c5dfc91,Healthy
Z:\Projects\Smart-Farming\Datasets\final_combined_datasets\TLUE\H\TLUE_H_179.jpg,Tomato,H,closed,ba552ab5d0a11ef2,Healthy
Z:\Projects\Smart-Farming\Datasets\final_combined_datasets\TLUE\H\TLUE_H_181.jpg,Tomato,H,closed,ebe4c53ab09b92c8,Healthy
Z:\Projects\Smart-Farming\Datasets\final_combined_datasets\TLUE\H\TLUE_H_182.jpg,Tomato,H,closed,94f1634c4d4e7ca9,Healthy
Z:\Projects\Smart-Farming\Datasets\final_combined_datasets\TLUE\H\TLUE_H_183.jpg,Tomato,H,closed,e81987c79a745678,Healthy
Z:\Projects\Smart-Farming\Datasets\final_combined_datasets\TLUE\H\TLUE_H_184.jpg,Tomato,H,closed,87e82d5e3a91323e,Healthy
Z:\Projects\Smart-Farming\Datasets\final_combined_datasets\TLUE\H\TLUE_H_185.jpg,Tomato,H,closed,a2402abc3fc5bf0d,Healthy
Z:\Projects\Smart-Farming\Datasets\final_combined_datasets\TLUE\H\TLUE_H_186.jpg,Tomato,H,closed,b97396b50dcaca06,Healthy
Z:\Projects\Smart-Farming\Datasets\final_combined_datasets\TLUE\H\TLUE_H_187.jpg,Tomato,H,closed,e46cc733189d8799,Healthy
Z:\Projects\Smart-Farming\Datasets\final_combined_datasets\TLUE\H\TLUE_H_188.jpg,Tomato,H,closed,d862af09b215c65f,Healthy
Z:\Projects\Smart-Farming\Datasets\final_combined_datasets\TLUE\H\TLUE_H_189.jpg,Tomato,H,closed,a1430e3cb850ffc7,Healthy
Z:\Projects\Smart-Farming\Datasets\final_combined_datasets\TLUE\H\TLUE_H_190.jpg,Tomato,H,closed,a431578e3b6b4e38,Healthy
Z:\Projects\Smart-Farming\Datasets\final_combined_datasets\TLUE\H\TLUE_H_191.jpg,Tomato,H,closed,b431d9cc31cd9e13,Healthy
Z:\Projects\Smart-Farming\Datasets\final_combined_datasets\TLUE\H\TLUE_H_192.jpg,Tomato,H,closed,ac30828679eee3e3,Healthy
Z:\Projects\Smart-Farming\Datasets\final_combined_datasets\TLUE\H\TLUE_H_193.jpg,Tomato,H,closed,96610d776969474d,Healthy
Z:\Projects\Smart-Farming\Datasets\final_combined_datasets\TLUE\H\TLUE_H_194.jpg,Tomato,H,closed,b6630cb6816934f7,Healthy
Z:\Projects\Smart-Farming\Datasets\final_combined_datasets\TLUE\H\TLUE_H_195.jpg,Tomato,H,closed,ad7d20c477734a4a,Healthy
Z:\Projects\Smart-Farming\Datasets\final_combined_datasets\TLUE\H\TLUE_H_196.jpg,Tomato,H,closed,80ff2282a57f3f05,Healthy
Z:\Projects\Smart-Farming\Datasets\final_combined_datasets\TLUE\H\TLUE_H_197.jpg,Tomato,H,closed,e3eb4e9a62c1638c,Healthy
Z:\Projects\Smart-Farming\Datasets\final_combined_datasets\TLUE\H\TLUE_H_198.jpg,Tomato,H,closed,a9ad7cc2426e6b43,Healthy
Z:\Projects\Smart-Farming\Datasets\final_combined_datasets\TLUE\H\TLUE_H_199.jpg,Tomato,H,closed,f1ee789668c37141,Healthy
Z:\Projects\Smart-Farming\Datasets\final_combined_datasets\TLUE\H\TLUE_H_200.jpg,Tomato,H,closed,c28b9ab518e7a395,Healthy
Z:\Projects\Smart-Farming\Datasets\final_combined_datasets\TLUE\H\TLUE_H_201.jpg,Tomato,H,closed,f778ebe428e210c3,Healthy
Z:\Projects\Smart-Farming\Datasets\final_combined_datasets\TLUE\H\TLUE_H_202.jpg,Tomato,H,closed,e3e93a2d71e2644c,Healthy
Z:\Projects\Smart-Farming\Datasets\final_combined_datasets\TLUE\H\TLUE_H_203.jpg,Tomato,H,closed,c3ea06a72b071e3e,Healthy
Z:\Projects\Smart-Farming\Datasets\final_combined_datasets\TLUE\H\TLUE_H_204.jpg,Tomato,H,closed,9c738ec523a272d3,Healthy
Z:\Projects\Smart-Farming\Datasets\final_combined_datasets\TLUE\H\TLUE_H_205.jpg,Tomato,H,closed,a1290e9f1ef9c073,Healthy
Z:\Projects\Smart-Farming\Datasets\final_combined_datasets\TLUE\H\TLUE_H_206.jpg,Tomato,H,closed,a7f1c5f0d2c53816,Healthy
Z:\Projects\Smart-Farming\Datasets\final_combined_datasets\TLUE\H\TLUE_H_207.jpg,Tomato,H,closed,cc23d5df03dc7620,Healthy
Z:\Projects\Smart-Farming\Datasets\final_combined_datasets\TLUE\H\TLUE_H_208.jpg,Tomato,H,closed,c3b8cb78cfd89092,Healthy
Z:\Projects\Smart-Farming\Datasets\final_combined_datasets\TLUE\H\TLUE_H_209.jpg,Tomato,H,closed,82ee0f3e39633cc1,Healthy
Z:\Projects\Smart-Farming\Datasets\final_combined_datasets\TLUE\H\TLUE_H_210.jpg,Tomato,H,closed,a9b8ddbb92170345,Healthy
Z:\Projects\Smart-Farming\Datasets\final_combined_datasets\TLUE\H\TLUE_H_211.jpg,Tomato,H,closed,aaf8d7bcab38a030,Healthy
Z:\Projects\Smart-Farming\Datasets\final_combined_datasets\TLUE\H\TLUE_H_212.jpg,Tomato,H,closed,e9fc853ce5849638,Healthy
Z:\Projects\Smart-Farming\Datasets\final_combined_datasets\TLUE\H\TLUE_H_213.jpg,Tomato,H,closed,a1feca1ee035c496,Healthy
Z:\Projects\Smart-Farming\Datasets\final_combined_datasets\TLUE\H\TLUE_H_214.jpg,Tomato,H,closed,acbec61227f82f09,Healthy
Z:\Projects\Smart-Farming\Datasets\final_combined_datasets\TLUE\H\TLUE_H_215.jpg,Tomato,H,closed,e79748f3084bc596,Healthy
Z:\Projects\Smart-Farming\Datasets\final_combined_datasets\TLUE\H\TLUE_H_216.jpg,Tomato,H,closed,863b3e7313cc49c6,Healthy
Z:\Projects\Smart-Farming\Datasets\final_combined_datasets\TLUE\H\TLUE_H_217.jpg,Tomato,H,closed,bb3f35e60483621d,Healthy
Z:\Projects\Smart-Farming\Datasets\final_combined_datasets\TLUE\H\TLUE_H_218.jpg,Tomato,H,closed,8738c72ab887b5c5,Healthy
Z:\Projects\Smart-Farming\Datasets\final_combined_datasets\TLUE\H\TLUE_H_219.jpg,Tomato,H,closed,b2ed00f66912696f,Healthy
Z:\Projects\Smart-Farming\Datasets\final_combined_datasets\TLUE\H\TLUE_H_220.jpg,Tomato,H,closed,abdcd8c2dc94c1e2,Healthy
Z:\Projects\Smart-Farming\Datasets\final_combined_datasets\TLUE\H\TLUE_H_221.jpg,Tomato,H,closed,ebae86d570e1832a,Healthy
Z:\Projects\Smart-Farming\Datasets\final_combined_datasets\TLUE\H\TLUE_H_222.jpg,Tomato,H,closed,9628c89b7835e78e,Healthy
Z:\Projects\Smart-Farming\Datasets\final_combined_datasets\TLUE\H\TLUE_H_223.jpg,Tomato,H,closed,fc351d8e3b3c4503,Healthy
Z:\Projects\Smart-Farming\Datasets\final_combined_datasets\TLUE\H\TLUE_H_224.jpg,Tomato,H,closed,d5a232ce7a7a4931,Healthy
Z:\Projects\Smart-Farming\Datasets\final_combined_datasets\TLUE\H\TLUE_H_225.jpg,Tomato,H,closed,86f29991394de7a8,Healthy
Z:\Projects\Smart-Farming\Datasets\final_combined_datasets\TLUE\H\TLUE_H_226.jpg,Tomato,H,closed,d5ab4bc730ac3d50,Healthy
Z:\Projects\Smart-Farming\Datasets\final_combined_datasets\TLUE\H\TLUE_H_227.jpg,Tomato,H,closed,cea742c9338ab533,Healthy
Z:\Projects\Smart-Farming\Datasets\final_combined_datasets\TLUE\H\TLUE_H_228.jpg,Tomato,H,closed,83b3b3e123c787c2,Healthy
Z:\Projects\Smart-Farming\Datasets\final_combined_datasets\TLUE\H\TLUE_H_229.jpg,Tomato,H,closed,a1c41e3acee1e15d,Healthy
Z:\Projects\Smart-Farming\Datasets\final_combined_datasets\TLUE\H\TLUE_H_230.jpg,Tomato,H,closed,e7f80342eb0378c7,Healthy
Z:\Projects\Smart-Farming\Datasets\final_combined_datasets\TLUE\H\TLUE_H_231.jpg,Tomato,H,closed,82c1088cb617bff7,Healthy
Z:\Projects\Smart-Farming\Datasets\final_combined_datasets\TLUE\H\TLUE_H_232.jpg,Tomato,H,closed,aab1bac6309ec678,Healthy
Z:\Projects\Smart-Farming\Datasets\final_combined_datasets\TLUE\H\TLUE_H_233.jpg,Tomato,H,closed,adabd5345a95b40a,Healthy
Z:\Projects\Smart-Farming\Datasets\final_combined_datasets\TLUE\H\TLUE_H_234.jpg,Tomato,H,closed,e2f00e873cc7171e,Healthy
Z:\Projects\Smart-Farming\Datasets\final_combined_datasets\TLUE\H\TLUE_H_235.jpg,Tomato,H,closed,e0516ba7434badd8,Healthy
Z:\Projects\Smart-Farming\Datasets\final_combined_datasets\TLUE\H\TLUE_H_236.jpg,Tomato,H,closed,f54b8263b44aaaf1,Healthy
Z:\Projects\Smart-Farming\Datasets\final_combined_datasets\TLUE\H\TLUE_H_237.jpg,Tomato,H,closed,ebb891c3ac833e0d,Healthy
Z:\Projects\Smart-Farming\Datasets\final_combined_datasets\TLUE\H\TLUE_H_238.jpg,Tomato,H,closed,c6a24d6dcd438f16,Healthy
Z:\Projects\Smart-Farming\Datasets\final_combined_datasets\TLUE\H\TLUE_H_239.jpg,Tomato,H,closed,e00ca1bbaf231f0f,Healthy
Z:\Projects\Smart-Farming\Datasets\final_combined_datasets\TLUE\H\TLUE_H_240.jpg,Tomato,H,closed,e536c38d46b7584c,Healthy
Z:\Projects\Smart-Farming\Datasets\final_combined_datasets\TLUE\H\TLUE_H_241.jpg,Tomato,H,closed,f0411daf1cbccb61,Healthy
Z:\Projects\Smart-Farming\Datasets\final_combined_datasets\TLUE\H\TLUE_H_242.jpg,Tomato,H,closed,fe701edf105c4453,Healthy
Z:\Projects\Smart-Farming\Datasets\final_combined_datasets\TLUE\H\TLUE_H_243.jpg,Tomato,H,closed,a747678767076701,Healthy
Z:\Projects\Smart-Farming\Datasets\final_combined_datasets\TLUE\H\TLUE_H_244.jpg,Tomato,H,closed,80f21f007ffc7f02,Healthy
Z:\Projects\Smart-Farming\Datasets\final_combined_datasets\TLUE\H\TLUE_H_245.jpg,Tomato,H,closed,e3f4398b38233c9c,Healthy
Z:\Projects\Smart-Farming\Datasets\final_combined_datasets\TLUE\H\TLUE_H_246.jpg,Tomato,H,closed,95dc87c7182b2b39,Healthy
Z:\Projects\Smart-Farming\Datasets\final_combined_datasets\TLUE\H\TLUE_H_247.jpg,Tomato,H,closed,a7f94a8e388635d1,Healthy
Z:\Projects\Smart-Farming\Datasets\final_combined_datasets\TLUE\H\TLUE_H_248.jpg,Tomato,H,closed,e7e3b884f5e60581,Healthy
Z:\Projects\Smart-Farming\Datasets\final_combined_datasets\TLUE\H\TLUE_H_249.jpg,Tomato,H,closed,8f90776e0a88db8b,Healthy
Z:\Projects\Smart-Farming\Datasets\final_combined_datasets\TLUE\H\TLUE_H_250.jpg,Tomato,H,closed,f8f42599950bdb84,Healthy
Z:\Projects\Smart-Farming\Datasets\final_combined_datasets\TLUE\H\TLUE_H_251.jpg,Tomato,H,closed,9c0d6ed196855ee4,Healthy
Z:\Projects\Smart-Farming\Datasets\final_combined_datasets\TLUE\H\TLUE_H_252.jpg,Tomato,H,closed,aabfb20c801dcf2e,Healthy
Z:\Projects\Smart-Farming\Datasets\final_combined_datasets\TLUE\H\TLUE_H_253.jpg,Tomato,H,closed,c26330af938e9f68,Healthy
Z:\Projects\Smart-Farming\Datasets\final_combined_datasets\TLUE\H\TLUE_H_254.jpg,Tomato,H,closed,9ded15585e30d0d6,Healthy
Z:\Projects\Smart-Farming\Datasets\final_combined_datasets\TLUE\H\TLUE_H_255.jpg,Tomato,H,closed,d8fece508ff5100a,Healthy
Z:\Projects\Smart-Farming\Datasets\final_combined_datasets\TLUE\H\TLUE_H_256.jpg,Tomato,H,closed,8e5f744578a83b32,Healthy
Z:\Projects\Smart-Farming\Datasets\final_combined_datasets\TLUE\H\TLUE_H_257.jpg,Tomato,H,closed,9f1272c3d2e59869,Healthy
Z:\Projects\Smart-Farming\Datasets\final_combined_datasets\TLUE\H\TLUE_H_258.jpg,Tomato,H,closed,9cee7091879ce9a1,Healthy
Z:\Projects\Smart-Farming\Datasets\final_combined_datasets\TLUE\H\TLUE_H_259.jpg,Tomato,H,closed,fd79339cf8b40580,Healthy
Z:\Projects\Smart-Farming\Datasets\final_combined_datasets\TLUE\H\TLUE_H_260.jpg,Tomato,H,closed,dcbc7f5ef4a48010,Healthy
Z:\Projects\Smart-Farming\Datasets\final_combined_datasets\TLUE\H\TLUE_H_261.jpg,Tomato,H,closed,af6e5a34601bea32,Healthy
Z:\Projects\Smart-Farming\Datasets\final_combined_datasets\TLUE\H\TLUE_H_262.jpg,Tomato,H,closed,aff48148c42f0aef,Healthy
Z:\Projects\Smart-Farming\Datasets\final_combined_datasets\TLUE\H\TLUE_H_263.jpg,Tomato,H,closed,a525d29600c91fff,Healthy
Z:\Projects\Smart-Farming\Datasets\final_combined_datasets\TLUE\H\TLUE_H_264.jpg,Tomato,H,closed,ff4682478c749e49,Healthy
Z:\Projects\Smart-Farming\Datasets\final_combined_datasets\TLUE\H\TLUE_H_265.jpg,Tomato,H,closed,f0568d64b539a6a9,Healthy
Z:\Projects\Smart-Farming\Datasets\final_combined_datasets\TLUE\H\TLUE_H_266.jpg,Tomato,H,closed,bd3f52b854d10953,Healthy
Z:\Projects\Smart-Farming\Datasets\final_combined_datasets\TLUE\H\TLUE_H_267.jpg,Tomato,H,closed,ff3aa82cb2d4b08a,Healthy
Z:\Projects\Smart-Farming\Datasets\final_combined_datasets\TLUE\H\TLUE_H_268.jpg,Tomato,H,closed,db039a8f782d8e70,Healthy
Z:\Projects\Smart-Farming\Datasets\final_combined_datasets\TLUE\H\TLUE_H_269.jpg,Tomato,H,closed,a7239c3cf83fe500,Healthy
Z:\Projects\Smart-Farming\Datasets\final_combined_datasets\TLUE\H\TLUE_H_270.jpg,Tomato,H,closed,e6875ee89894e638,Healthy
Z:\Projects\Smart-Farming\Datasets\final_combined_datasets\TLUE\H\TLUE_H_271.jpg,Tomato,H,closed,fe64a416962ec7a8,Healthy
Z:\Projects\Smart-Farming\Datasets\final_combined_datasets\TLUE\H\TLUE_H_272.jpg,Tomato,H,closed,a93d95c2fb9c0692,Healthy
Z:\Projects\Smart-Farming\Datasets\final_combined_datasets\TLUE\H\TLUE_H_273.jpg,Tomato,H,closed,e84aa528de31d2f3,Healthy
Z:\Projects\Smart-Farming\Datasets\final_combined_datasets\TLUE\H\TLUE_H_274.jpg,Tomato,H,closed,aa139c7fd8bcc150,Healthy
Z:\Projects\Smart-Farming\Datasets\final_combined_datasets\TLUE\H\TLUE_H_275.jpg,Tomato,H,closed,f139826aa4d3693e,Healthy
Z:\Projects\Smart-Farming\Datasets\final_combined_datasets\TLUE\H\TLUE_H_276.jpg,Tomato,H,closed,e86ab5358685ccf4,Healthy
Z:\Projects\Smart-Farming\Datasets\final_combined_datasets\TLUE\H\TLUE_H_277.jpg,Tomato,H,closed,fc44c9177832a6da,Healthy
Z:\Projects\Smart-Farming\Datasets\final_combined_datasets\TLUE\H\TLUE_H_278.jpg,Tomato,H,closed,a0e396631b26ce79,Healthy
Z:\Projects\Smart-Farming\Datasets\final_combined_datasets\TLUE\H\TLUE_H_279.jpg,Tomato,H,closed,819f9b09e507eae2,Healthy
Z:\Projects\Smart-Farming\Datasets\final_combined_datasets\TLUE\H\TLUE_H_280.jpg,Tomato,H,closed,edc2d01a95636765,Healthy
Z:\Projects\Smart-Farming\Datasets\final_combined_datasets\TLUE\H\TLUE_H_281.jpg,Tomato,H,closed,84693b0ee3f609d9,Healthy
Z:\Projects\Smart-Farming\Datasets\final_combined_datasets\TLUE\H\TLUE_H_282.jpg,Tomato,H,closed,9e703f96c10e3c6c,Healthy
Z:\Projects\Smart-Farming\Datasets\final_combined_datasets\TLUE\H\TLUE_H_283.jpg,Tomato,H,closed,b393cc4e94688fb1,Healthy
Z:\Projects\Smart-Farming\Datasets\final_combined_datasets\TLUE\H\TLUE_H_284.jpg,Tomato,H,closed,f18c8487d6964ed3,Healthy
Z:\Projects\Smart-Farming\Datasets\final_combined_datasets\TLUE\H\TLUE_H_285.jpg,Tomato,H,closed,db0c06e3c6f03db1,Healthy
Z:\Projects\Smart-Farming\Datasets\final_combined_datasets\TLUE\H\TLUE_H_286.jpg,Tomato,H,closed,913da642cd09ddf2,Healthy
Z:\Projects\Smart-Farming\Datasets\final_combined_datasets\TLUE\H\TLUE_H_288.jpg,Tomato,H,closed,b1016303f105f7fd,Healthy
Z:\Projects\Smart-Farming\Datasets\final_combined_datasets\TLUE\H\TLUE_H_289.jpg,Tomato,H,closed,a83517e1599ca717,Healthy
Z:\Projects\Smart-Farming\Datasets\final_combined_datasets\TLUE\H\TLUE_H_290.jpg,Tomato,H,closed,b63c51825eeb017e,Healthy
Z:\Projects\Smart-Farming\Datasets\final_combined_datasets\TLUE\H\TLUE_H_291.jpg,Tomato,H,closed,e65da6198f403766,Healthy
Z:\Projects\Smart-Farming\Datasets\final_combined_datasets\TLUE\H\TLUE_H_292.jpg,Tomato,H,closed,9c4676c017335e3e,Healthy
Z:\Projects\Smart-Farming\Datasets\final_combined_datasets\TLUE\H\TLUE_H_293.jpg,Tomato,H,closed,929d6d67642e33e0,Healthy
Z:\Projects\Smart-Farming\Datasets\final_combined_datasets\TLUE\H\TLUE_H_294.jpg,Tomato,H,closed,d969b160a50d167f,Healthy
Z:\Projects\Smart-Farming\Datasets\final_combined_datasets\TLUE\BS\TLUE_BS_001.jpg,Tomato,BS,closed,9b837d7d20254567,Bacterial Spot
Z:\Projects\Smart-Farming\Datasets\final_combined_datasets\TLUE\BS\TLUE_BS_002.jpg,Tomato,BS,closed,c5bf28708735e48b,Bacterial Spot
Z:\Projects\Smart-Farming\Datasets\final_combined_datasets\TLUE\BS\TLUE_BS_003.jpg,Tomato,BS,closed,c07e03c82f807fee,Bacterial Spot
Z:\Projects\Smart-Farming\Datasets\final_combined_datasets\TLUE\BS\TLUE_BS_004.jpg,Tomato,BS,closed,ce19117e664b9d94,Bacterial Spot
Z:\Projects\Smart-Farming\Datasets\final_combined_datasets\TLUE\BS\TLUE_BS_005.jpg,Tomato,BS,closed,8e920d150fabd5f8,Bacterial Spot
Z:\Projects\Smart-Farming\Datasets\final_combined_datasets\TLUE\BS\TLUE_BS_006.jpg,Tomato,BS,closed,8b077f7e68107cb0,Bacterial Spot
Z:\Projects\Smart-Farming\Datasets\final_combined_datasets\TLUE\BS\TLUE_BS_007.jpg,Tomato,BS,closed,a1e847fac5b0dc07,Bacterial Spot
Z:\Projects\Smart-Farming\Datasets\final_combined_datasets\TLUE\BS\TLUE_BS_008.jpg,Tomato,BS,closed,cb095e166e53acd2,Bacterial Spot
Z:\Projects\Smart-Farming\Datasets\final_combined_datasets\TLUE\BS\TLUE_BS_009.jpg,Tomato,BS,closed,aca6430f5737254b,Bacterial Spot
Z:\Projects\Smart-Farming\Datasets\final_combined_datasets\TLUE\BS\TLUE_BS_010.jpg,Tomato,BS,closed,d4563cd038873f0f,Bacterial Spot
Z:\Projects\Smart-Farming\Datasets\final_combined_datasets\TLUE\BS\TLUE_BS_011.jpg,Tomato,BS,closed,eff0fc696810f809,Bacterial Spot
Z:\Projects\Smart-Farming\Datasets\final_combined_datasets\TLUE\BS\TLUE_BS_012.jpg,Tomato,BS,closed,ee97706e8338864b,Bacterial Spot
Z:\Projects\Smart-Farming\Datasets\final_combined_datasets\TLUE\BS\TLUE_BS_013.jpg,Tomato,BS,closed,979c5657479f0780,Bacterial Spot
Z:\Projects\Smart-Farming\Datasets\final_combined_datasets\TLUE\BS\TLUE_BS_014.jpg,Tomato,BS,closed,a395075ba0af685b,Bacterial Spot
Z:\Projects\Smart-Farming\Datasets\final_combined_datasets\TLUE\BS\TLUE_BS_015.jpg,Tomato,BS,closed,b8d424e76965fc28,Bacterial Spot
Z:\Projects\Smart-Farming\Datasets\final_combined_datasets\TLUE\BS\TLUE_BS_016.jpg,Tomato,BS,closed,d4993dc31857b1c5,Bacterial Spot
Z:\Projects\Smart-Farming\Datasets\final_combined_datasets\TLUE\BS\TLUE_BS_017.jpg,Tomato,BS,closed,c07f428a4b4f4dd5,Bacterial Spot
Z:\Projects\Smart-Farming\Datasets\final_combined_datasets\TLUE\BS\TLUE_BS_018.jpg,Tomato,BS,closed,945158da4c76e2f6,Bacterial Spot
Z:\Projects\Smart-Farming\Datasets\final_combined_datasets\TLUE\BS\TLUE_BS_019.jpg,Tomato,BS,closed,a6f53c5c67422327,Bacterial Spot
Z:\Projects\Smart-Farming\Datasets\final_combined_datasets\TLUE\BS\TLUE_BS_020.jpg,Tomato,BS,closed,c1f548813f651f6c,Bacterial Spot
Z:\Projects\Smart-Farming\Datasets\final_combined_datasets\TLUE\BS\TLUE_BS_021.jpg,Tomato,BS,closed,c77540038f17e54f,Bacterial Spot
Z:\Projects\Smart-Farming\Datasets\final_combined_datasets\TLUE\BS\TLUE_BS_022.jpg,Tomato,BS,closed,dbaf22b4e43d48a4,Bacterial Spot
Z:\Projects\Smart-Farming\Datasets\final_combined_datasets\TLUE\BS\TLUE_BS_023.jpg,Tomato,BS,closed,c203af4fad6a5a94,Bacterial Spot
Z:\Projects\Smart-Farming\Datasets\final_combined_datasets\TLUE\BS\TLUE_BS_024.jpg,Tomato,BS,closed,b19ff56c08f8c312,Bacterial Spot
Z:\Projects\Smart-Farming\Datasets\final_combined_datasets\TLUE\BS\TLUE_BS_025.jpg,Tomato,BS,closed,abc91cc01becf436,Bacterial Spot
Z:\Projects\Smart-Farming\Datasets\final_combined_datasets\TLUE\BS\TLUE_BS_026.jpg,Tomato,BS,closed,ebb3b464956ac84c,Bacterial Spot
Z:\Projects\Smart-Farming\Datasets\final_combined_datasets\TLUE\BS\TLUE_BS_027.jpg,Tomato,BS,closed,ebe4b46bc81d4998,Bacterial Spot
Z:\Projects\Smart-Farming\Datasets\final_combined_datasets\TLUE\BS\TLUE_BS_028.jpg,Tomato,BS,closed,cce42ca3332cbd69,Bacterial Spot
Z:\Projects\Smart-Farming\Datasets\final_combined_datasets\TLUE\BS\TLUE_BS_029.jpg,Tomato,BS,closed,8c4ca02eb3736cbd,Bacterial Spot
Z:\Projects\Smart-Farming\Datasets\final_combined_datasets\TLUE\BS\TLUE_BS_030.jpg,Tomato,BS,closed,a72fc3c0f8b494b1,Bacterial Spot
Z:\Projects\Smart-Farming\Datasets\final_combined_datasets\TLUE\BS\TLUE_BS_031.jpg,Tomato,BS,closed,d99966773b08646c,Bacterial Spot
Z:\Projects\Smart-Farming\Datasets\final_combined_datasets\TLUE\BS\TLUE_BS_032.jpg,Tomato,BS,closed,f79a0707646da629,Bacterial Spot
Z:\Projects\Smart-Farming\Datasets\final_combined_datasets\TLUE\BS\TLUE_BS_033.jpg,Tomato,BS,closed,ddb29fad0f181115,Bacterial Spot
Z:\Projects\Smart-Farming\Datasets\final_combined_datasets\TLUE\BS\TLUE_BS_034.jpg,Tomato,BS,closed,9ff048036b0afaad,Bacterial Spot
Z:\Projects\Smart-Farming\Datasets\final_combined_datasets\TLUE\BS\TLUE_BS_035.jpg,Tomato,BS,closed,eea1b44b8351e9b1,Bacterial Spot
Z:\Projects\Smart-Farming\Datasets\final_combined_datasets\TLUE\BS\TLUE_BS_036.jpg,Tomato,BS,closed,a235fd780ccda526,Bacterial Spot
Z:\Projects\Smart-Farming\Datasets\final_combined_datasets\TLUE\BS\TLUE_BS_037.jpg,Tomato,BS,closed,850f64b2d3e18f96,Bacterial Spot
Z:\Projects\Smart-Farming\Datasets\final_combined_datasets\TLUE\BS\TLUE_BS_038.jpg,Tomato,BS,closed,d33e2c0bd0d89f85,Bacterial Spot
Z:\Projects\Smart-Farming\Datasets\final_combined_datasets\TLUE\BS\TLUE_BS_039.jpg,Tomato,BS,closed,b124b33a3b2a2a9f,Bacterial Spot
Z:\Projects\Smart-Farming\Datasets\final_combined_datasets\TLUE\BS\TLUE_BS_040.jpg,Tomato,BS,closed,a4e6da168349e95e,Bacterial Spot
Z:\Projects\Smart-Farming\Datasets\final_combined_datasets\TLUE\BS\TLUE_BS_041.jpg,Tomato,BS,closed,dec329b59a2e1742,Bacterial Spot
Z:\Projects\Smart-Farming\Datasets\final_combined_datasets\TLUE\BS\TLUE_BS_042.jpg,Tomato,BS,closed,996530890efe1de3,Bacterial Spot
Z:\Projects\Smart-Farming\Datasets\final_combined_datasets\TLUE\BS\TLUE_BS_043.jpg,Tomato,BS,closed,87e3d79090b73a45,Bacterial Spot
Z:\Projects\Smart-Farming\Datasets\final_combined_datasets\TLUE\BS\TLUE_BS_044.jpg,Tomato,BS,closed,85d5137339535bc2,Bacterial Spot
Z:\Projects\Smart-Farming\Datasets\final_combined_datasets\TLUE\BS\TLUE_BS_045.jpg,Tomato,BS,closed,c112fce38b7e2895,Bacterial Spot
Z:\Projects\Smart-Farming\Datasets\final_combined_datasets\TLUE\BS\TLUE_BS_046.jpg,Tomato,BS,closed,d1c75afde2309324,Bacterial Spot
Z:\Projects\Smart-Farming\Datasets\final_combined_datasets\TLUE\BS\TLUE_BS_047.jpg,Tomato,BS,closed,d2436b7ba0c60fa5,Bacterial Spot
Z:\Projects\Smart-Farming\Datasets\final_combined_datasets\TLUE\BS\TLUE_BS_048.jpg,Tomato,BS,closed,d7b969c77000baa5,Bacterial Spot
Z:\Projects\Smart-Farming\Datasets\final_combined_datasets\TLUE\BS\TLUE_BS_049.jpg,Tomato,BS,closed,943fcc0c5b8347a7,Bacterial Spot
Z:\Projects\Smart-Farming\Datasets\final_combined_datasets\TLUE\BS\TLUE_BS_050.jpg,Tomato,BS,closed,d73f4504617879c3,Bacterial Spot
Z:\Projects\Smart-Farming\Datasets\final_combined_datasets\TLUE\BS\TLUE_BS_051.jpg,Tomato,BS,closed,fafa22e2b99b1901,Bacterial Spot
Z:\Projects\Smart-Farming\Datasets\final_combined_datasets\TLUE\BS\TLUE_BS_052.jpg,Tomato,BS,closed,91ca7ecda331e6c0,Bacterial Spot
Z:\Projects\Smart-Farming\Datasets\final_combined_datasets\TLUE\BS\TLUE_BS_053.jpg,Tomato,BS,closed,ba92bda36358511d,Bacterial Spot
Z:\Projects\Smart-Farming\Datasets\final_combined_datasets\TLUE\BS\TLUE_BS_054.jpg,Tomato,BS,closed,9c96165e5ba86a5c,Bacterial Spot
Z:\Projects\Smart-Farming\Datasets\final_combined_datasets\TLUE\BS\TLUE_BS_055.jpg,Tomato,BS,closed,b4233c6f5ec66462,Bacterial Spot
Z:\Projects\Smart-Farming\Datasets\final_combined_datasets\TLUE\BS\TLUE_BS_056.jpg,Tomato,BS,closed,ceb144a69d4c7db0,Bacterial Spot
Z:\Projects\Smart-Farming\Datasets\final_combined_datasets\TLUE\BS\TLUE_BS_057.jpg,Tomato,BS,closed,a90a6252de73a9da,Bacterial Spot
Z:\Projects\Smart-Farming\Datasets\final_combined_datasets\TLUE\BS\TLUE_BS_059.jpg,Tomato,BS,closed,dc657a331b8b0687,Bacterial Spot
Z:\Projects\Smart-Farming\Datasets\final_combined_datasets\TLUE\BS\TLUE_BS_060.jpg,Tomato,BS,closed,a81b37ea19daa296,Bacterial Spot
Z:\Projects\Smart-Farming\Datasets\final_combined_datasets\TLUE\BS\TLUE_BS_061.jpg,Tomato,BS,closed,eae8d34b0b14fcc2,Bacterial Spot
Z:\Projects\Smart-Farming\Datasets\final_combined_datasets\TLUE\BS\TLUE_BS_062.jpg,Tomato,BS,closed,972150732be2cc9f,Bacterial Spot
Z:\Projects\Smart-Farming\Datasets\final_combined_datasets\TLUE\BS\TLUE_BS_063.jpg,Tomato,BS,closed,d16934c0ce95f35a,Bacterial Spot
Z:\Projects\Smart-Farming\Datasets\final_combined_datasets\TLUE\BS\TLUE_BS_064.jpg,Tomato,BS,closed,82150fd645fb96e8,Bacterial Spot
Z:\Projects\Smart-Farming\Datasets\final_combined_datasets\TLUE\BS\TLUE_BS_068.jpg,Tomato,BS,closed,bb85b26aad72901d,Bacterial Spot
Z:\Projects\Smart-Farming\Datasets\final_combined_datasets\TLUE\BS\TLUE_BS_071.jpg,Tomato,BS,closed,d41f782771c71b84,Bacterial Spot
Z:\Projects\Smart-Farming\Datasets\final_combined_datasets\TLUE\BS\TLUE_BS_080.jpg,Tomato,BS,closed,80cd1e7872674f36,Bacterial Spot
Z:\Projects\Smart-Farming\Datasets\final_combined_datasets\TLUE\BS\TLUE_BS_083.jpg,Tomato,BS,closed,f9d82b3a34d4c784,Bacterial Spot
Z:\Projects\Smart-Farming\Datasets\final_combined_datasets\TLUE\BS\TLUE_BS_096.jpg,Tomato,BS,closed,83010bfdfb95f094,Bacterial Spot
Z:\Projects\Smart-Farming\Datasets\final_combined_datasets\TLUE\BS\TLUE_BS_098.jpg,Tomato,BS,closed,b8cf1e2d52e42974,Bacterial Spot
Z:\Projects\Smart-Farming\Datasets\final_combined_datasets\TLUE\BS\TLUE_BS_100.jpg,Tomato,BS,closed,ba16dea6d026d5a1,Bacterial Spot
Z:\Projects\Smart-Farming\Datasets\final_combined_datasets\TLUE\BS\TLUE_BS_103.jpg,Tomato,BS,closed,929283697b3aaaba,Bacterial Spot
Z:\Projects\Smart-Farming\Datasets\final_combined_datasets\TLUE\BS\TLUE_BS_107.jpg,Tomato,BS,closed,85b2aff90509f654,Bacterial Spot
Z:\Projects\Smart-Farming\Datasets\final_combined_datasets\TLUE\BS\TLUE_BS_109.jpg,Tomato,BS,closed,8ed55c8e6d930a69,Bacterial Spot
Z:\Projects\Smart-Farming\Datasets\final_combined_datasets\TLUE\BS\TLUE_BS_110.jpg,Tomato,BS,closed,85cb5d29d0e43c37,Bacterial Spot
Z:\Projects\Smart-Farming\Datasets\final_combined_datasets\TLUE\BS\TLUE_BS_111.jpg,Tomato,BS,closed,fd8e32d564ae9091,Bacterial Spot
Z:\Projects\Smart-Farming\Datasets\final_combined_datasets\TLUE\BS\TLUE_BS_113.jpg,Tomato,BS,closed,a5cdd2aa8b54aaaa,Bacterial Spot
Z:\Projects\Smart-Farming\Datasets\final_combined_datasets\TLUE\BS\TLUE_BS_119.jpg,Tomato,BS,closed,9b80e0ed9f1e9931,Bacterial Spot
Z:\Projects\Smart-Farming\Datasets\final_combined_datasets\TLUE\BS\TLUE_BS_122.jpg,Tomato,BS,closed,a5ec3dc93c88d90b,Bacterial Spot
Z:\Projects\Smart-Farming\Datasets\final_combined_datasets\TLUE\BS\TLUE_BS_123.jpg,Tomato,BS,closed,cbde72c42e349932,Bacterial Spot
Z:\Projects\Smart-Farming\Datasets\final_combined_datasets\TLUE\BS\TLUE_BS_126.jpg,Tomato,BS,closed,813e2e325f6b50da,Bacterial Spot
Z:\Projects\Smart-Farming\Datasets\final_combined_datasets\TLUE\BS\TLUE_BS_127.jpg,Tomato,BS,closed,dcdc615ecce608b4,Bacterial Spot
Z:\Projects\Smart-Farming\Datasets\final_combined_datasets\TLUE\BS\TLUE_BS_128.jpg,Tomato,BS,closed,8d3c3d1aca1b167c,Bacterial Spot
Z:\Projects\Smart-Farming\Datasets\final_combined_datasets\TLUE\BS\TLUE_BS_129.jpg,Tomato,BS,closed,dc6b267022ec9b47,Bacterial Spot
Z:\Projects\Smart-Farming\Datasets\final_combined_datasets\TLUE\BS\TLUE_BS_130.jpg,Tomato,BS,closed,85c00f2b59bbead2,Bacterial Spot
Z:\Projects\Smart-Farming\Datasets\final_combined_datasets\TLUE\BS\TLUE_BS_131.jpg,Tomato,BS,closed,febafce800f808b4,Bacterial Spot
Z:\Projects\Smart-Farming\Datasets\final_combined_datasets\TLUE\BS\TLUE_BS_134.jpg,Tomato,BS,closed,ee31a5c495cc9e1a,Bacterial Spot
Z:\Projects\Smart-Farming\Datasets\final_combined_datasets\TLUE\BS\TLUE_BS_137.jpg,Tomato,BS,closed,9fcf09b25ad100fc,Bacterial Spot
Z:\Projects\Smart-Farming\Datasets\final_combined_datasets\TLUE\BS\TLUE_BS_138.jpg,Tomato,BS,closed,aee1a83ef2111ad6,Bacterial Spot
Z:\Projects\Smart-Farming\Datasets\final_combined_datasets\TLUE\BS\TLUE_BS_139.jpg,Tomato,BS,closed,cec3f19006ed1e2e,Bacterial Spot
Z:\Projects\Smart-Farming\Datasets\final_combined_datasets\TLUE\BS\TLUE_BS_144.jpg,Tomato,BS,closed,c78335e69794c2a5,Bacterial Spot
Z:\Projects\Smart-Farming\Datasets\final_combined_datasets\TLUE\BS\TLUE_BS_147.jpg,Tomato,BS,closed,9604dd5ccd13a793,Bacterial Spot
Z:\Projects\Smart-Farming\Datasets\final_combined_datasets\TLUE\BS\TLUE_BS_150.jpg,Tomato,BS,closed,c2981f37dcc5e486,Bacterial Spot
Z:\Projects\Smart-Farming\Datasets\final_combined_datasets\TLUE\BS\TLUE_BS_156.jpg,Tomato,BS,closed,fe78e19452839cc6,Bacterial Spot
Z:\Projects\Smart-Farming\Datasets\final_combined_datasets\TLUE\BS\TLUE_BS_157.jpg,Tomato,BS,closed,f718934bceb22c46,Bacterial Spot
Z:\Projects\Smart-Farming\Datasets\final_combined_datasets\TLUE\BS\TLUE_BS_158.jpg,Tomato,BS,closed,bfe0c3e07a0f6039,Bacterial Spot
Z:\Projects\Smart-Farming\Datasets\final_combined_datasets\TLUE\BS\TLUE_BS_159.jpg,Tomato,BS,closed,cc5986b15a35d91d,Bacterial Spot
Z:\Projects\Smart-Farming\Datasets\final_combined_datasets\TLUE\BS\TLUE_BS_160.jpg,Tomato,BS,closed,cfb43e00679e601f,Bacterial Spot
Z:\Projects\Smart-Farming\Datasets\final_combined_datasets\TLUE\BS\TLUE_BS_161.jpg,Tomato,BS,closed,93976c6a8d4d9e41,Bacterial Spot
Z:\Projects\Smart-Farming\Datasets\final_combined_datasets\TLUE\BS\TLUE_BS_162.jpg,Tomato,BS,closed,adf315a6da2c3984,Bacterial Spot
Z:\Projects\Smart-Farming\Datasets\final_combined_datasets\TLUE\BS\TLUE_BS_163.jpg,Tomato,BS,closed,df0765c8a0606dd7,Bacterial Spot
Z:\Projects\Smart-Farming\Datasets\final_combined_datasets\TLUE\BS\TLUE_BS_164.jpg,Tomato,BS,closed,dcf4634e4e265b12,Bacterial Spot
Z:\Projects\Smart-Farming\Datasets\final_combined_datasets\TLUE\BS\TLUE_BS_165.jpg,Tomato,BS,closed,8592bff805a9e654,Bacterial Spot
Z:\Projects\Smart-Farming\Datasets\final_combined_datasets\TLUE\BS\TLUE_BS_166.jpg,Tomato,BS,closed,c25d37619076b353,Bacterial Spot
Z:\Projects\Smart-Farming\Datasets\final_combined_datasets\TLUE\BS\TLUE_BS_167.jpg,Tomato,BS,closed,b123cdf43a3914ce,Bacterial Spot
Z:\Projects\Smart-Farming\Datasets\final_combined_datasets\TLUE\BS\TLUE_BS_168.jpg,Tomato,BS,closed,c395492dad7e0c66,Bacterial Spot
Z:\Projects\Smart-Farming\Datasets\final_combined_datasets\TLUE\BS\TLUE_BS_169.jpg,Tomato,BS,closed,8305957f2abd54e4,Bacterial Spot
Z:\Projects\Smart-Farming\Datasets\final_combined_datasets\TLUE\BS\TLUE_BS_170.jpg,Tomato,BS,closed,871d17b9ea4426c7,Bacterial Spot
Z:\Projects\Smart-Farming\Datasets\final_combined_datasets\TLUE\BS\TLUE_BS_171.jpg,Tomato,BS,closed,fcbf600707f80fa0,Bacterial Spot
Z:\Projects\Smart-Farming\Datasets\final_combined_datasets\TLUE\BS\TLUE_BS_172.jpg,Tomato,BS,closed,a9b07067c2da9e39,Bacterial Spot
Z:\Projects\Smart-Farming\Datasets\final_combined_datasets\TLUE\BS\TLUE_BS_173.jpg,Tomato,BS,closed,b303e9cf38391cc9,Bacterial Spot
Z:\Projects\Smart-Farming\Datasets\final_combined_datasets\TLUE\BS\TLUE_BS_174.jpg,Tomato,BS,closed,f46852af5152ebe0,Bacterial Spot
Z:\Projects\Smart-Farming\Datasets\final_combined_datasets\TLUE\BS\TLUE_BS_175.jpg,Tomato,BS,closed,e07e438e4b4d4dd4,Bacterial Spot
Z:\Projects\Smart-Farming\Datasets\final_combined_datasets\TLUE\BS\TLUE_BS_176.jpg,Tomato,BS,closed,dd8e30d564ced0d1,Bacterial Spot
Z:\Projects\Smart-Farming\Datasets\final_combined_datasets\TLUE\BS\TLUE_BS_177.jpg,Tomato,BS,closed,855f55a50b359f81,Bacterial Spot
Z:\Projects\Smart-Farming\Datasets\final_combined_datasets\TLUE\BS\TLUE_BS_178.jpg,Tomato,BS,closed,95894b7825d347cb,Bacterial Spot
Z:\Projects\Smart-Farming\Datasets\final_combined_datasets\TLUE\MV\TLUE_MV_001.jpg,Tomato,MV,closed,c35747772d402937,Mosaic Virus
Z:\Projects\Smart-Farming\Datasets\final_combined_datasets\TLUE\MV\TLUE_MV_002.jpg,Tomato,MV,closed,b5b4664f87ec0788,Mosaic Virus
Z:\Projects\Smart-Farming\Datasets\final_combined_datasets\TLUE\MV\TLUE_MV_003.jpg,Tomato,MV,closed,e6e6a48dd94e1e84,Mosaic Virus
Z:\Projects\Smart-Farming\Datasets\final_combined_datasets\TLUE\MV\TLUE_MV_004.jpg,Tomato,MV,closed,d2dc6ca9ab0c1ed2,Mosaic Virus
Z:\Projects\Smart-Farming\Datasets\final_combined_datasets\TLUE\MV\TLUE_MV_005.jpg,Tomato,MV,closed,c96736ee2e52a438,Mosaic Virus
Z:\Projects\Smart-Farming\Datasets\final_combined_datasets\TLUE\MV\TLUE_MV_006.jpg,Tomato,MV,closed,a7a32238cd66be38,Mosaic Virus
Z:\Projects\Smart-Farming\Datasets\final_combined_datasets\TLUE\MV\TLUE_MV_007.jpg,Tomato,MV,closed,8f308485f7c6d6c9,Mosaic Virus
Z:\Projects\Smart-Farming\Datasets\final_combined_datasets\TLUE\MV\TLUE_MV_008.jpg,Tomato,MV,closed,c3fdfa06f8450e30,Mosaic Virus
Z:\Projects\Smart-Farming\Datasets\final_combined_datasets\TLUE\MV\TLUE_MV_009.jpg,Tomato,MV,closed,aaab2caae1b7b150,Mosaic Virus
Z:\Projects\Smart-Farming\Datasets\final_combined_datasets\TLUE\MV\TLUE_MV_010.jpg,Tomato,MV,closed,a9b8d46e5e9882f4,Mosaic Virus
Z:\Projects\Smart-Farming\Datasets\final_combined_datasets\TLUE\MV\TLUE_MV_011.jpg,Tomato,MV,closed,aa4bb3546d43a569,Mosaic Virus
Z:\Projects\Smart-Farming\Datasets\final_combined_datasets\TLUE\MV\TLUE_MV_012.jpg,Tomato,MV,closed,a0867eed0cb22f1d,Mosaic Virus
Z:\Projects\Smart-Farming\Datasets\final_combined_datasets\TLUE\MV\TLUE_MV_013.jpg,Tomato,MV,closed,9951a52729697e59,Mosaic Virus
Z:\Projects\Smart-Farming\Datasets\final_combined_datasets\TLUE\MV\TLUE_MV_014.jpg,Tomato,MV,closed,9fcd2eb1c023e945,Mosaic Virus
Z:\Projects\Smart-Farming\Datasets\final_combined_datasets\TLUE\MV\TLUE_MV_015.jpg,Tomato,MV,closed,dda2fcfc33281c60,Mosaic Virus
Z:\Projects\Smart-Farming\Datasets\final_combined_datasets\TLUE\MV\TLUE_MV_016.jpg,Tomato,MV,closed,daa996a15ab4ca66,Mosaic Virus
Z:\Projects\Smart-Farming\Datasets\final_combined_datasets\TLUE\MV\TLUE_MV_018.jpg,Tomato,MV,closed,f2f48c4289a67b99,Mosaic Virus
Z:\Projects\Smart-Farming\Datasets\final_combined_datasets\TLUE\MV\TLUE_MV_019.jpg,Tomato,MV,closed,d8bbc835d0ae0d8b,Mosaic Virus
Z:\Projects\Smart-Farming\Datasets\final_combined_datasets\TLUE\MV\TLUE_MV_020.jpg,Tomato,MV,closed,d505c11abe4bcb53,Mosaic Virus
Z:\Projects\Smart-Farming\Datasets\final_combined_datasets\TLUE\MV\TLUE_MV_021.jpg,Tomato,MV,closed,dc2001cb1fdccd6b,Mosaic Virus
Z:\Projects\Smart-Farming\Datasets\final_combined_datasets\TLUE\MV\TLUE_MV_022.jpg,Tomato,MV,closed,8e2aa3399794ccf4,Mosaic Virus
Z:\Projects\Smart-Farming\Datasets\final_combined_datasets\TLUE\MV\TLUE_MV_023.jpg,Tomato,MV,closed,f815c6bb8982f585,Mosaic Virus
Z:\Projects\Smart-Farming\Datasets\final_combined_datasets\TLUE\MV\TLUE_MV_024.jpg,Tomato,MV,closed,ba54b3a54e23495b,Mosaic Virus
Z:\Projects\Smart-Farming\Datasets\final_combined_datasets\TLUE\MV\TLUE_MV_026.jpg,Tomato,MV,closed,f34e7cd11b0505f2,Mosaic Virus
Z:\Projects\Smart-Farming\Datasets\final_combined_datasets\TLUE\MV\TLUE_MV_027.jpg,Tomato,MV,closed,cc454c0adc3c99fd,Mosaic Virus
Z:\Projects\Smart-Farming\Datasets\final_combined_datasets\TLUE\MV\TLUE_MV_029.jpg,Tomato,MV,closed,ed9328aef19d1309,Mosaic Virus
Z:\Projects\Smart-Farming\Datasets\final_combined_datasets\TLUE\MV\TLUE_MV_030.jpg,Tomato,MV,closed,b5e7fa05165143ac,Mosaic Virus
Z:\Projects\Smart-Farming\Datasets\final_combined_datasets\TLUE\MV\TLUE_MV_031.jpg,Tomato,MV,closed,d186631e26394cfd,Mosaic Virus
Z:\Projects\Smart-Farming\Datasets\final_combined_datasets\TLUE\MV\TLUE_MV_032.jpg,Tomato,MV,closed,8bd5ab7e01fe3280,Mosaic Virus
Z:\Projects\Smart-Farming\Datasets\final_combined_datasets\TLUE\MV\TLUE_MV_035.jpg,Tomato,MV,closed,92d419e47da6545b,Mosaic Virus
Z:\Projects\Smart-Farming\Datasets\final_combined_datasets\TLUE\MV\TLUE_MV_036.jpg,Tomato,MV,closed,fc69fd7898248166,Mosaic Virus
Z:\Projects\Smart-Farming\Datasets\final_combined_datasets\TLUE\MV\TLUE_MV_037.jpg,Tomato,MV,closed,add996a59896894b,Mosaic Virus
Z:\Projects\Smart-Farming\Datasets\final_combined_datasets\TLUE\MV\TLUE_MV_038.jpg,Tomato,MV,closed,c4ad072a76f23d25,Mosaic Virus
Z:\Projects\Smart-Farming\Datasets\final_combined_datasets\TLUE\MV\TLUE_MV_039.jpg,Tomato,MV,closed,dd6baa352ce1611c,Mosaic Virus
Z:\Projects\Smart-Farming\Datasets\final_combined_datasets\TLUE\MV\TLUE_MV_040.jpg,Tomato,MV,closed,af80b5046981f7b7,Mosaic Virus
Z:\Projects\Smart-Farming\Datasets\final_combined_datasets\TLUE\MV\TLUE_MV_041.jpg,Tomato,MV,closed,8dd255b25f85a718,Mosaic Virus
Z:\Projects\Smart-Farming\Datasets\final_combined_datasets\TLUE\MV\TLUE_MV_043.jpg,Tomato,MV,closed,a5a2586db6129f1e,Mosaic Virus
Z:\Projects\Smart-Farming\Datasets\final_combined_datasets\TLUE\MV\TLUE_MV_044.jpg,Tomato,MV,closed,f9807a6b83567459,Mosaic Virus
Z:\Projects\Smart-Farming\Datasets\final_combined_datasets\TLUE\MV\TLUE_MV_045.jpg,Tomato,MV,closed,97932595e09ce41f,Mosaic Virus
Z:\Projects\Smart-Farming\Datasets\final_combined_datasets\TLUE\MV\TLUE_MV_046.jpg,Tomato,MV,closed,e93094e3474feae0,Mosaic Virus
Z:\Projects\Smart-Farming\Datasets\final_combined_datasets\TLUE\MV\TLUE_MV_048.jpg,Tomato,MV,closed,cf496abf5498152a,Mosaic Virus
Z:\Projects\Smart-Farming\Datasets\final_combined_datasets\TLUE\MV\TLUE_MV_050.jpg,Tomato,MV,closed,d4c4a953ce0ece36,Mosaic Virus
Z:\Projects\Smart-Farming\Datasets\final_combined_datasets\TLUE\MV\TLUE_MV_051.jpg,Tomato,MV,closed,be8450fa892db1b5,Mosaic Virus
Z:\Projects\Smart-Farming\Datasets\final_combined_datasets\TLUE\MV\TLUE_MV_053.jpg,Tomato,MV,closed,fac5bef840484b4d,Mosaic Virus
Z:\Projects\Smart-Farming\Datasets\final_combined_datasets\TLUE\MV\TLUE_MV_054.jpg,Tomato,MV,closed,890bc3f9d185738e,Mosaic Virus
Z:\Projects\Smart-Farming\Datasets\final_combined_datasets\TLUE\MV\TLUE_MV_055.jpg,Tomato,MV,closed,ca983f47ec5928e1,Mosaic Virus
Z:\Projects\Smart-Farming\Datasets\final_combined_datasets\TLUE\MV\TLUE_MV_059.jpg,Tomato,MV,closed,8e24be13f90ba27a,Mosaic Virus
Z:\Projects\Smart-Farming\Datasets\final_combined_datasets\TLUE\MV\TLUE_MV_060.jpg,Tomato,MV,closed,8963f435e018f33e,Mosaic Virus
Z:\Projects\Smart-Farming\Datasets\final_combined_datasets\TLUE\MV\TLUE_MV_061.jpg,Tomato,MV,closed,8de257bdd0659131,Mosaic Virus
Z:\Projects\Smart-Farming\Datasets\final_combined_datasets\TLUE\MV\TLUE_MV_063.jpg,Tomato,MV,closed,9954a5a3c467672e,Mosaic Virus
Z:\Projects\Smart-Farming\Datasets\final_combined_datasets\TLUE\MV\TLUE_MV_065.jpg,Tomato,MV,closed,dfb84a902f552d8a,Mosaic Virus
Z:\Projects\Smart-Farming\Datasets\final_combined_datasets\TLUE\MV\TLUE_MV_069.jpg,Tomato,MV,closed,c37e638e9658d8a1,Mosaic Virus
Z:\Projects\Smart-Farming\Datasets\final_combined_datasets\TLUE\MV\TLUE_MV_070.jpg,Tomato,MV,closed,d08e6f243f3b9431,Mosaic Virus
Z:\Projects\Smart-Farming\Datasets\final_combined_datasets\TLUE\MV\TLUE_MV_071.jpg,Tomato,MV,closed,f7c5abdc8c4c8350,Mosaic Virus
Z:\Projects\Smart-Farming\Datasets\final_combined_datasets\TLUE\MV\TLUE_MV_072.jpg,Tomato,MV,closed,c05d096e1f3f165c,Mosaic Virus
Z:\Projects\Smart-Farming\Datasets\final_combined_datasets\TLUE\MV\TLUE_MV_073.jpg,Tomato,MV,closed,be8c50fa2d25b516,Mosaic Virus
Z:\Projects\Smart-Farming\Datasets\final_combined_datasets\TLUE\MV\TLUE_MV_074.jpg,Tomato,MV,closed,9a3838e7e141d2bd,Mosaic Virus
Z:\Projects\Smart-Farming\Datasets\final_combined_datasets\TLUE\MV\TLUE_MV_075.jpg,Tomato,MV,closed,94fd1f1fe8145225,Mosaic Virus
Z:\Projects\Smart-Farming\Datasets\final_combined_datasets\TLUE\MV\TLUE_MV_076.jpg,Tomato,MV,closed,9c213d7ea785169a,Mosaic Virus
Z:\Projects\Smart-Farming\Datasets\final_combined_datasets\TLUE\MV\TLUE_MV_077.jpg,Tomato,MV,closed,8dc9d93d92359562,Mosaic Virus
Z:\Projects\Smart-Farming\Datasets\final_combined_datasets\TLUE\MV\TLUE_MV_078.jpg,Tomato,MV,closed,e7de888999b1439a,Mosaic Virus
Z:\Projects\Smart-Farming\Datasets\final_combined_datasets\TLUE\MV\TLUE_MV_079.jpg,Tomato,MV,closed,81d90b5b07be6936,Mosaic Virus
Z:\Projects\Smart-Farming\Datasets\final_combined_datasets\TLUE\MV\TLUE_MV_080.jpg,Tomato,MV,closed,f1932bc4bccc3583,Mosaic Virus
Z:\Projects\Smart-Farming\Datasets\final_combined_datasets\TLUE\MV\TLUE_MV_081.jpg,Tomato,MV,closed,91e44b9e7649471e,Mosaic Virus
Z:\Projects\Smart-Farming\Datasets\final_combined_datasets\TLUE\MV\TLUE_MV_082.jpg,Tomato,MV,closed,ca903ad52dac789b,Mosaic Virus
Z:\Projects\Smart-Farming\Datasets\final_combined_datasets\TLUE\MV\TLUE_MV_083.jpg,Tomato,MV,closed,d4a61cd729b185d6,Mosaic Virus
Z:\Projects\Smart-Farming\Datasets\final_combined_datasets\TLUE\MV\TLUE_MV_084.jpg,Tomato,MV,closed,a5d696925a0da55b,Mosaic Virus
Z:\Projects\Smart-Farming\Datasets\final_combined_datasets\TLUE\MV\TLUE_MV_085.jpg,Tomato,MV,closed,eb4f9cdd605211ac,Mosaic Virus
Z:\Projects\Smart-Farming\Datasets\final_combined_datasets\TLUE\MV\TLUE_MV_086.jpg,Tomato,MV,closed,8db6b52420ade3ab,Mosaic Virus
Z:\Projects\Smart-Farming\Datasets\final_combined_datasets\TLUE\MV\TLUE_MV_087.jpg,Tomato,MV,closed,ba9894d90e6a27b3,Mosaic Virus
Z:\Projects\Smart-Farming\Datasets\final_combined_datasets\TLUE\MV\TLUE_MV_088.jpg,Tomato,MV,closed,d4c4a1d04eced6b3,Mosaic Virus
Z:\Projects\Smart-Farming\Datasets\final_combined_datasets\TLUE\MV\TLUE_MV_089.jpg,Tomato,MV,closed,d5392a66dd765680,Mosaic Virus
Z:\Projects\Smart-Farming\Datasets\final_combined_datasets\TLUE\MV\TLUE_MV_090.jpg,Tomato,MV,closed,fce97ce81600e0ee,Mosaic Virus
Z:\Projects\Smart-Farming\Datasets\final_combined_datasets\TLUE\MV\TLUE_MV_091.jpg,Tomato,MV,closed,c7bc3ac3245a33c9,Mosaic Virus
Z:\Projects\Smart-Farming\Datasets\final_combined_datasets\TLUE\MV\TLUE_MV_092.jpg,Tomato,MV,closed,c2c738d367b21ba4,Mosaic Virus
Z:\Projects\Smart-Farming\Datasets\final_combined_datasets\TLUE\MV\TLUE_MV_093.jpg,Tomato,MV,closed,dccf91d033614e69,Mosaic Virus
Z:\Projects\Smart-Farming\Datasets\final_combined_datasets\TLUE\MV\TLUE_MV_094.jpg,Tomato,MV,closed,a03b2f3b6a4b9ac4,Mosaic Virus
Z:\Projects\Smart-Farming\Datasets\final_combined_datasets\TLUE\MV\TLUE_MV_095.jpg,Tomato,MV,closed,8e24baa1f98b7e48,Mosaic Virus
Z:\Projects\Smart-Farming\Datasets\final_combined_datasets\TLUE\MV\TLUE_MV_096.jpg,Tomato,MV,closed,a92d23ec5b32472b,Mosaic Virus
Z:\Projects\Smart-Farming\Datasets\final_combined_datasets\TLUE\MV\TLUE_MV_097.jpg,Tomato,MV,closed,94ce1d6ee6270572,Mosaic Virus
Z:\Projects\Smart-Farming\Datasets\final_combined_datasets\TLUE\MV\TLUE_MV_098.jpg,Tomato,MV,closed,82975d69aaadc23a,Mosaic Virus
Z:\Projects\Smart-Farming\Datasets\final_combined_datasets\TLUE\MV\TLUE_MV_099.jpg,Tomato,MV,closed,82a8b4855bafbf50,Mosaic Virus
Z:\Projects\Smart-Farming\Datasets\final_combined_datasets\TLUE\MV\TLUE_MV_100.jpg,Tomato,MV,closed,cea00f821e06bcff,Mosaic Virus
Z:\Projects\Smart-Farming\Datasets\final_combined_datasets\TLUE\MV\TLUE_MV_101.jpg,Tomato,MV,closed,d9a52d98b06d4b4e,Mosaic Virus
Z:\Projects\Smart-Farming\Datasets\final_combined_datasets\TLUE\MV\TLUE_MV_102.jpg,Tomato,MV,closed,cf7278691d257330,Mosaic Virus
Z:\Projects\Smart-Farming\Datasets\final_combined_datasets\TLUE\MV\TLUE_MV_103.jpg,Tomato,MV,closed,93ec5a840d1c3ff1,Mosaic Virus
Z:\Projects\Smart-Farming\Datasets\final_combined_datasets\TLUE\MV\TLUE_MV_104.jpg,Tomato,MV,closed,f4d6c38d9c693226,Mosaic Virus
Z:\Projects\Smart-Farming\Datasets\final_combined_datasets\TLUE\MV\TLUE_MV_105.jpg,Tomato,MV,closed,97c07183eb8b253d,Mosaic Virus
Z:\Projects\Smart-Farming\Datasets\final_combined_datasets\TLUE\MV\TLUE_MV_106.jpg,Tomato,MV,closed,d2a25ad35d1f2532,Mosaic Virus
Z:\Projects\Smart-Farming\Datasets\final_combined_datasets\TLUE\MV\TLUE_MV_107.jpg,Tomato,MV,closed,945734c5934fc3d2,Mosaic Virus
Z:\Projects\Smart-Farming\Datasets\final_combined_datasets\TLUE\MV\TLUE_MV_108.jpg,Tomato,MV,closed,f904667310569bfa,Mosaic Virus
Z:\Projects\Smart-Farming\Datasets\final_combined_datasets\TLUE\MV\TLUE_MV_109.jpg,Tomato,MV,closed,c2b9a4527d0b15fc,Mosaic Virus
Z:\Projects\Smart-Farming\Datasets\final_combined_datasets\TLUE\MV\TLUE_MV_110.jpg,Tomato,MV,closed,ceb3341b030dadf4,Mosaic Virus
Z:\Projects\Smart-Farming\Datasets\final_combined_datasets\TLUE\EB\TLUE_EB_066.jpg,Tomato,EB,closed,c95de4264a9bc6e4,Early Blight
Z:\Projects\Smart-Farming\Datasets\final_combined_datasets\TLUE\EB\TLUE_EB_008.jpg,Tomato,EB,closed,90537c703b6e0f0f,Early Blight
Z:\Projects\Smart-Farming\Datasets\final_combined_datasets\TLUE\EB\TLUE_EB_009.jpg,Tomato,EB,closed,c1e36438b57e154e,Early Blight
Z:\Projects\Smart-Farming\Datasets\final_combined_datasets\TLUE\EB\TLUE_EB_010.jpg,Tomato,EB,closed,df2d6250e79ce8c0,Early Blight
Z:\Projects\Smart-Farming\Datasets\final_combined_datasets\TLUE\EB\TLUE_EB_011.jpg,Tomato,EB,closed,d5623aa4c95ae9a5,Early Blight
Z:\Projects\Smart-Farming\Datasets\final_combined_datasets\TLUE\EB\TLUE_EB_012.jpg,Tomato,EB,closed,865c3ae14b9169be,Early Blight
Z:\Projects\Smart-Farming\Datasets\final_combined_datasets\TLUE\EB\TLUE_EB_013.jpg,Tomato,EB,closed,83a4a877d714d995,Early Blight
Z:\Projects\Smart-Farming\Datasets\final_combined_datasets\TLUE\EB\TLUE_EB_014.jpg,Tomato,EB,closed,aa8bb56eb52b10e8,Early Blight
Z:\Projects\Smart-Farming\Datasets\final_combined_datasets\TLUE\EB\TLUE_EB_015.jpg,Tomato,EB,closed,d0f12e0ab47fb630,Early Blight
Z:\Projects\Smart-Farming\Datasets\final_combined_datasets\TLUE\EB\TLUE_EB_016.jpg,Tomato,EB,closed,dba23673c1cd60e2,Early Blight
Z:\Projects\Smart-Farming\Datasets\final_combined_datasets\TLUE\EB\TLUE_EB_017.jpg,Tomato,EB,closed,9875f2e3f24a8722,Early Blight
Z:\Projects\Smart-Farming\Datasets\final_combined_datasets\TLUE\EB\TLUE_EB_018.jpg,Tomato,EB,closed,8cde1ead3c9121f8,Early Blight
Z:\Projects\Smart-Farming\Datasets\final_combined_datasets\TLUE\EB\TLUE_EB_019.jpg,Tomato,EB,closed,c381274e7cecca63,Early Blight
Z:\Projects\Smart-Farming\Datasets\final_combined_datasets\TLUE\EB\TLUE_EB_020.jpg,Tomato,EB,closed,a6480d0deebd0d6b,Early Blight
Z:\Projects\Smart-Farming\Datasets\final_combined_datasets\TLUE\EB\TLUE_EB_021.jpg,Tomato,EB,closed,979c7a9b613c8721,Early Blight
Z:\Projects\Smart-Farming\Datasets\final_combined_datasets\TLUE\EB\TLUE_EB_022.jpg,Tomato,EB,closed,c76cfc40bf04097b,Early Blight
Z:\Projects\Smart-Farming\Datasets\final_combined_datasets\TLUE\EB\TLUE_EB_023.jpg,Tomato,EB,closed,f1eb791ccc493c06,Early Blight
Z:\Projects\Smart-Farming\Datasets\final_combined_datasets\TLUE\EB\TLUE_EB_024.jpg,Tomato,EB,closed,d492353fb73d4884,Early Blight
Z:\Projects\Smart-Farming\Datasets\final_combined_datasets\TLUE\EB\TLUE_EB_025.jpg,Tomato,EB,closed,971162d8c7e91a79,Early Blight
Z:\Projects\Smart-Farming\Datasets\final_combined_datasets\TLUE\EB\TLUE_EB_026.jpg,Tomato,EB,closed,def805858f1e036b,Early Blight
Z:\Projects\Smart-Farming\Datasets\final_combined_datasets\TLUE\EB\TLUE_EB_027.jpg,Tomato,EB,closed,cad225cbd4af8174,Early Blight
Z:\Projects\Smart-Farming\Datasets\final_combined_datasets\TLUE\EB\TLUE_EB_029.jpg,Tomato,EB,closed,cc4e4aaed556ab28,Early Blight
Z:\Projects\Smart-Farming\Datasets\final_combined_datasets\TLUE\EB\TLUE_EB_077.jpg,Tomato,EB,closed,d6e52a1a25aaaccd,Early Blight
Z:\Projects\Smart-Farming\Datasets\final_combined_datasets\TLUE\EB\TLUE_EB_078.jpg,Tomato,EB,closed,c3b861da78d5183e,Early Blight
Z:\Projects\Smart-Farming\Datasets\final_combined_datasets\TLUE\EB\TLUE_EB_030.jpg,Tomato,EB,closed,eee01293b1f25f05,Early Blight
Z:\Projects\Smart-Farming\Datasets\final_combined_datasets\TLUE\EB\TLUE_EB_031.jpg,Tomato,EB,closed,cf3b6e813459701e,Early Blight
Z:\Projects\Smart-Farming\Datasets\final_combined_datasets\TLUE\EB\TLUE_EB_032.jpg,Tomato,EB,closed,9d9551a6d8230db7,Early Blight
Z:\Projects\Smart-Farming\Datasets\final_combined_datasets\TLUE\EB\TLUE_EB_033.jpg,Tomato,EB,closed,8f1f78b086a7a349,Early Blight
Z:\Projects\Smart-Farming\Datasets\final_combined_datasets\TLUE\EB\TLUE_EB_035.jpg,Tomato,EB,closed,cd7639e15219d2f0,Early Blight
Z:\Projects\Smart-Farming\Datasets\final_combined_datasets\TLUE\EB\TLUE_EB_036.jpg,Tomato,EB,closed,d089fc86837fd2c8,Early Blight
Z:\Projects\Smart-Farming\Datasets\final_combined_datasets\TLUE\EB\TLUE_EB_037.jpg,Tomato,EB,closed,f839079f28d8364e,Early Blight
Z:\Projects\Smart-Farming\Datasets\final_combined_datasets\TLUE\EB\TLUE_EB_038.jpg,Tomato,EB,closed,80a71fecd1722d1b,Early Blight
Z:\Projects\Smart-Farming\Datasets\final_combined_datasets\TLUE\EB\TLUE_EB_040.jpg,Tomato,EB,closed,8d85525aabb999d1,Early Blight
Z:\Projects\Smart-Farming\Datasets\final_combined_datasets\TLUE\EB\TLUE_EB_042.jpg,Tomato,EB,closed,d24d641fc6b08dcb,Early Blight
Z:\Projects\Smart-Farming\Datasets\final_combined_datasets\TLUE\EB\TLUE_EB_043.jpg,Tomato,EB,closed,97f17062ca88e63e,Early Blight
Z:\Projects\Smart-Farming\Datasets\final_combined_datasets\TLUE\EB\TLUE_EB_044.jpg,Tomato,EB,closed,9f06fa0d865ba255,Early Blight
Z:\Projects\Smart-Farming\Datasets\final_combined_datasets\TLUE\EB\TLUE_EB_045.jpg,Tomato,EB,closed,cc112e5c339ef02f,Early Blight
Z:\Projects\Smart-Farming\Datasets\final_combined_datasets\TLUE\EB\TLUE_EB_046.jpg,Tomato,EB,closed,906f121f13cb3bc9,Early Blight
Z:\Projects\Smart-Farming\Datasets\final_combined_datasets\TLUE\EB\TLUE_EB_047.jpg,Tomato,EB,closed,eb892cfe12ecd222,Early Blight
Z:\Projects\Smart-Farming\Datasets\final_combined_datasets\TLUE\EB\TLUE_EB_048.jpg,Tomato,EB,closed,eb2705caea0699b5,Early Blight
Z:\Projects\Smart-Farming\Datasets\final_combined_datasets\TLUE\EB\TLUE_EB_049.jpg,Tomato,EB,closed,8c329557e2b6a19d,Early Blight
Z:\Projects\Smart-Farming\Datasets\final_combined_datasets\TLUE\EB\TLUE_EB_051.jpg,Tomato,EB,closed,b1d53e1238dd6d03,Early Blight
Z:\Projects\Smart-Farming\Datasets\final_combined_datasets\TLUE\EB\TLUE_EB_052.jpg,Tomato,EB,closed,c2470afc169979b5,Early Blight
Z:\Projects\Smart-Farming\Datasets\final_combined_datasets\TLUE\EB\TLUE_EB_088.jpg,Tomato,EB,closed,daa1365866d996a3,Early Blight
Z:\Projects\Smart-Farming\Datasets\final_combined_datasets\TLUE\EB\TLUE_EB_054.jpg,Tomato,EB,closed,eb1df20d8c6294e9,Early Blight
Z:\Projects\Smart-Farming\Datasets\final_combined_datasets\TLUE\EB\TLUE_EB_056.jpg,Tomato,EB,closed,86287ad17a9d70b5,Early Blight
Z:\Projects\Smart-Farming\Datasets\final_combined_datasets\TLUE\EB\TLUE_EB_057.jpg,Tomato,EB,closed,fc603646fa91792a,Early Blight
Z:\Projects\Smart-Farming\Datasets\final_combined_datasets\TLUE\EB\TLUE_EB_058.jpg,Tomato,EB,closed,bd38c0a52fdad225,Early Blight
Z:\Projects\Smart-Farming\Datasets\final_combined_datasets\TLUE\EB\TLUE_EB_059.jpg,Tomato,EB,closed,da6f3ea67a22414c,Early Blight
Z:\Projects\Smart-Farming\Datasets\final_combined_datasets\TLUE\EB\TLUE_EB_061.jpg,Tomato,EB,closed,959371587649bc0f,Early Blight
Z:\Projects\Smart-Farming\Datasets\final_combined_datasets\TLUE\EB\TLUE_EB_093.jpg,Tomato,EB,closed,fda0461da51f8633,Early Blight
Z:\Projects\Smart-Farming\Datasets\final_combined_datasets\TLUE\EB\TLUE_EB_094.jpg,Tomato,EB,closed,83466742266f1fcd,Early Blight
Z:\Projects\Smart-Farming\Datasets\final_combined_datasets\TLUE\EB\TLUE_EB_062.jpg,Tomato,EB,closed,f2189d6d72b4894e,Early Blight
Z:\Projects\Smart-Farming\Datasets\final_combined_datasets\TLUE\EB\TLUE_EB_063.jpg,Tomato,EB,closed,911dd34efb49a44a,Early Blight
Z:\Projects\Smart-Farming\Datasets\final_combined_datasets\TLUE\EB\TLUE_EB_064.jpg,Tomato,EB,closed,c5d47527c467d22a,Early Blight
Z:\Projects\Smart-Farming\Datasets\final_combined_datasets\TLUE\EB\TLUE_EB_065.jpg,Tomato,EB,closed,cc4bf7ea9c840d07,Early Blight
Z:\Projects\Smart-Farming\Datasets\final_combined_datasets\TLUE\EB\TLUE_EB_067.jpg,Tomato,EB,closed,bd89fea38b1238a2,Early Blight
Z:\Projects\Smart-Farming\Datasets\final_combined_datasets\TLUE\EB\TLUE_EB_068.jpg,Tomato,EB,closed,a4e0719661a6bb3b,Early Blight
Z:\Projects\Smart-Farming\Datasets\final_combined_datasets\TLUE\EB\TLUE_EB_069.jpg,Tomato,EB,closed,be5ce84ab5c30e0d,Early Blight
Z:\Projects\Smart-Farming\Datasets\final_combined_datasets\TLUE\EB\TLUE_EB_070.jpg,Tomato,EB,closed,836bf1a6165c1b5a,Early Blight
Z:\Projects\Smart-Farming\Datasets\final_combined_datasets\TLUE\EB\TLUE_EB_071.jpg,Tomato,EB,closed,f1b4969cb7924ac1,Early Blight
Z:\Projects\Smart-Farming\Datasets\final_combined_datasets\TLUE\EB\TLUE_EB_098.jpg,Tomato,EB,closed,d6782cf756835c48,Early Blight
Z:\Projects\Smart-Farming\Datasets\final_combined_datasets\TLUE\EB\TLUE_EB_072.jpg,Tomato,EB,closed,9535f4292ded460d,Early Blight
Z:\Projects\Smart-Farming\Datasets\final_combined_datasets\TLUE\EB\TLUE_EB_073.jpg,Tomato,EB,closed,c6942cfabc489b1d,Early Blight
Z:\Projects\Smart-Farming\Datasets\final_combined_datasets\TLUE\EB\TLUE_EB_074.jpg,Tomato,EB,closed,f5b916ba4c0e4aa5,Early Blight
Z:\Projects\Smart-Farming\Datasets\final_combined_datasets\TLUE\EB\TLUE_EB_075.jpg,Tomato,EB,closed,9195a48c9d1a3f3e,Early Blight
Z:\Projects\Smart-Farming\Datasets\final_combined_datasets\TLUE\EB\TLUE_EB_079.jpg,Tomato,EB,closed,8fe9fb8731803c07,Early Blight
Z:\Projects\Smart-Farming\Datasets\final_combined_datasets\TLUE\EB\TLUE_EB_080.jpg,Tomato,EB,closed,cf5e1249f30e18e3,Early Blight
Z:\Projects\Smart-Farming\Datasets\final_combined_datasets\TLUE\EB\TLUE_EB_082.jpg,Tomato,EB,closed,89ddda88a23c15f9,Early Blight
Z:\Projects\Smart-Farming\Datasets\final_combined_datasets\TLUE\EB\TLUE_EB_103.jpg,Tomato,EB,closed,aac4bb64c1e20fce,Early Blight
Z:\Projects\Smart-Farming\Datasets\final_combined_datasets\TLUE\EB\TLUE_EB_083.jpg,Tomato,EB,closed,c0ad34f01ef03de3,Early Blight
Z:\Projects\Smart-Farming\Datasets\final_combined_datasets\TLUE\EB\TLUE_EB_084.jpg,Tomato,EB,closed,8ce93796738ea164,Early Blight
Z:\Projects\Smart-Farming\Datasets\final_combined_datasets\TLUE\EB\TLUE_EB_085.jpg,Tomato,EB,closed,97faecb630315891,Early Blight
Z:\Projects\Smart-Farming\Datasets\final_combined_datasets\TLUE\EB\TLUE_EB_086.jpg,Tomato,EB,closed,d4d87681344b5d2f,Early Blight
Z:\Projects\Smart-Farming\Datasets\final_combined_datasets\TLUE\EB\TLUE_EB_089.jpg,Tomato,EB,closed,cd483617399c6d9a,Early Blight
Z:\Projects\Smart-Farming\Datasets\final_combined_datasets\TLUE\EB\TLUE_EB_090.jpg,Tomato,EB,closed,fc0ba4b556b4521e,Early Blight
Z:\Projects\Smart-Farming\Datasets\final_combined_datasets\TLUE\EB\TLUE_EB_091.jpg,Tomato,EB,closed,ae4a82f91ee11de1,Early Blight
Z:\Projects\Smart-Farming\Datasets\final_combined_datasets\TLUE\EB\TLUE_EB_108.jpg,Tomato,EB,closed,de0466ab810df83f,Early Blight
Z:\Projects\Smart-Farming\Datasets\final_combined_datasets\TLUE\EB\TLUE_EB_095.jpg,Tomato,EB,closed,9b933ee2e33c6083,Early Blight
Z:\Projects\Smart-Farming\Datasets\final_combined_datasets\TLUE\EB\TLUE_EB_096.jpg,Tomato,EB,closed,ff1432024658eafb,Early Blight
Z:\Projects\Smart-Farming\Datasets\final_combined_datasets\TLUE\EB\TLUE_EB_097.jpg,Tomato,EB,closed,f41d8d6a76ad1a44,Early Blight
Z:\Projects\Smart-Farming\Datasets\final_combined_datasets\TLUE\EB\TLUE_EB_100.jpg,Tomato,EB,closed,ff4d90ee6592ec00,Early Blight
Z:\Projects\Smart-Farming\Datasets\final_combined_datasets\TLUE\EB\TLUE_EB_101.jpg,Tomato,EB,closed,92661a73ee3513cc,Early Blight
Z:\Projects\Smart-Farming\Datasets\final_combined_datasets\TLUE\EB\TLUE_EB_104.jpg,Tomato,EB,closed,9c3165cc836e569e,Early Blight
Z:\Projects\Smart-Farming\Datasets\final_combined_datasets\TLUE\EB\TLUE_EB_105.jpg,Tomato,EB,closed,9d63428e690667f9,Early Blight
Z:\Projects\Smart-Farming\Datasets\final_combined_datasets\TLUE\EB\TLUE_EB_113.jpg,Tomato,EB,closed,c6e3bc8f53082b8b,Early Blight
Z:\Projects\Smart-Farming\Datasets\final_combined_datasets\TLUE\EB\TLUE_EB_106.jpg,Tomato,EB,closed,f15f2e3f1ec8c082,Early Blight
Z:\Projects\Smart-Farming\Datasets\final_combined_datasets\TLUE\EB\TLUE_EB_109.jpg,Tomato,EB,closed,9253a4f5c3035d7a,Early Blight
Z:\Projects\Smart-Farming\Datasets\final_combined_datasets\TLUE\EB\TLUE_EB_110.jpg,Tomato,EB,closed,8d4a75728ba78d85,Early Blight
Z:\Projects\Smart-Farming\Datasets\final_combined_datasets\TLUE\EB\TLUE_EB_111.jpg,Tomato,EB,closed,d5ada84ab6b93c28,Early Blight
Z:\Projects\Smart-Farming\Datasets\final_combined_datasets\TLUE\EB\TLUE_EB_112.jpg,Tomato,EB,closed,c0473d97628d2d9e,Early Blight
Z:\Projects\Smart-Farming\Datasets\final_combined_datasets\TLUE\EB\TLUE_EB_114.jpg,Tomato,EB,closed,da966fc3966a3430,Early Blight
Z:\Projects\Smart-Farming\Datasets\final_combined_datasets\TLUE\EB\TLUE_EB_115.jpg,Tomato,EB,closed,b164e1db9695c1e1,Early Blight
Z:\Projects\Smart-Farming\Datasets\final_combined_datasets\TLUE\EB\TLUE_EB_116.jpg,Tomato,EB,closed,86ac6b68b535d552,Early Blight
Z:\Projects\Smart-Farming\Datasets\final_combined_datasets\TLUE\EB\TLUE_EB_117.jpg,Tomato,EB,closed,a008b31578f66deb,Early Blight
Z:\Projects\Smart-Farming\Datasets\final_combined_datasets\TLUE\EB\TLUE_EB_118.jpg,Tomato,EB,closed,e46c319f65a45671,Early Blight
Z:\Projects\Smart-Farming\Datasets\final_combined_datasets\TLUE\EB\TLUE_EB_119.jpg,Tomato,EB,closed,91cc678f3835fa21,Early Blight
Z:\Projects\Smart-Farming\Datasets\final_combined_datasets\TLUE\EB\TLUE_EB_121.jpg,Tomato,EB,closed,d16de4c1971657a1,Early Blight
Z:\Projects\Smart-Farming\Datasets\final_combined_datasets\TLUE\EB\TLUE_EB_122.jpg,Tomato,EB,closed,e8b74534c599f2c1,Early Blight
Z:\Projects\Smart-Farming\Datasets\final_combined_datasets\TLUE\EB\TLUE_EB_124.jpg,Tomato,EB,closed,9a76da07a4932f1a,Early Blight
Z:\Projects\Smart-Farming\Datasets\final_combined_datasets\TLUE\EB\TLUE_EB_125.jpg,Tomato,EB,closed,993d3263524f85f1,Early Blight
Z:\Projects\Smart-Farming\Datasets\final_combined_datasets\TLUE\EB\TLUE_EB_126.jpg,Tomato,EB,closed,aa5a08d98c4d9edd,Early Blight
Z:\Projects\Smart-Farming\Datasets\final_combined_datasets\TLUE\EB\TLUE_EB_127.jpg,Tomato,EB,closed,c7c3047c94d85fb1,Early Blight
Z:\Projects\Smart-Farming\Datasets\final_combined_datasets\TLUE\EB\TLUE_EB_128.jpg,Tomato,EB,closed,9f6d68889c85b1e3,Early Blight
Z:\Projects\Smart-Farming\Datasets\final_combined_datasets\TLUE\EB\TLUE_EB_129.jpg,Tomato,EB,closed,eaca27325f4e32a8,Early Blight
Z:\Projects\Smart-Farming\Datasets\final_combined_datasets\TLUE\EB\TLUE_EB_130.jpg,Tomato,EB,closed,8e9232e57f4990ad,Early Blight
Z:\Projects\Smart-Farming\Datasets\final_combined_datasets\TLUE\EB\TLUE_EB_131.jpg,Tomato,EB,closed,a4b71be25673c892,Early Blight
Z:\Projects\Smart-Farming\Datasets\final_combined_datasets\TLUE\EB\TLUE_EB_132.jpg,Tomato,EB,closed,d69657ecad4016a3,Early Blight
Z:\Projects\Smart-Farming\Datasets\final_combined_datasets\TLUE\EB\TLUE_EB_133.jpg,Tomato,EB,closed,cf988e650f3e0c8e,Early Blight
Z:\Projects\Smart-Farming\Datasets\final_combined_datasets\TLUE\EB\TLUE_EB_134.jpg,Tomato,EB,closed,abd5916aa4cb46e8,Early Blight
Z:\Projects\Smart-Farming\Datasets\final_combined_datasets\TLUE\EB\TLUE_EB_135.jpg,Tomato,EB,closed,91da7e2d6b514ec0,Early Blight
Z:\Projects\Smart-Farming\Datasets\final_combined_datasets\TLUE\EB\TLUE_EB_136.jpg,Tomato,EB,closed,c959f4c3d8e226c5,Early Blight
Z:\Projects\Smart-Farming\Datasets\final_combined_datasets\TLUE\EB\TLUE_EB_137.jpg,Tomato,EB,closed,d4fa7f81623e4225,Early Blight
Z:\Projects\Smart-Farming\Datasets\final_combined_datasets\TLUE\EB\TLUE_EB_138.jpg,Tomato,EB,closed,943c6bc338d2b47a,Early Blight
Z:\Projects\Smart-Farming\Datasets\final_combined_datasets\TLUE\EB\TLUE_EB_139.jpg,Tomato,EB,closed,fe308f61c0d6931e,Early Blight
Z:\Projects\Smart-Farming\Datasets\final_combined_datasets\TLUE\EB\TLUE_EB_140.jpg,Tomato,EB,closed,91654fa628f83b33,Early Blight
Z:\Projects\Smart-Farming\Datasets\final_combined_datasets\TLUE\EB\TLUE_EB_141.jpg,Tomato,EB,closed,f1876297ad7840ad,Early Blight
Z:\Projects\Smart-Farming\Datasets\final_combined_datasets\TLUE\EB\TLUE_EB_142.jpg,Tomato,EB,closed,90247c57e18afcad,Early Blight
Z:\Projects\Smart-Farming\Datasets\final_combined_datasets\TLUE\EB\TLUE_EB_143.jpg,Tomato,EB,closed,e555735bc1d14925,Early Blight
Z:\Projects\Smart-Farming\Datasets\final_combined_datasets\TLUE\EB\TLUE_EB_144.jpg,Tomato,EB,closed,daa2424e62079f5f,Early Blight
Z:\Projects\Smart-Farming\Datasets\final_combined_datasets\TLUE\EB\TLUE_EB_145.jpg,Tomato,EB,closed,978f7850678e2d0d,Early Blight
Z:\Projects\Smart-Farming\Datasets\final_combined_datasets\TLUE\EB\TLUE_EB_146.jpg,Tomato,EB,closed,89a662787ddcc60e,Early Blight
Z:\Projects\Smart-Farming\Datasets\final_combined_datasets\TLUE\EB\TLUE_EB_149.jpg,Tomato,EB,closed,d94c1aac5f9374c1,Early Blight
Z:\Projects\Smart-Farming\Datasets\final_combined_datasets\TLUE\EB\TLUE_EB_150.jpg,Tomato,EB,closed,c5c937a81bf66819,Early Blight
Z:\Projects\Smart-Farming\Datasets\final_combined_datasets\TLUE\EB\TLUE_EB_151.jpg,Tomato,EB,closed,95622b47598af31d,Early Blight
Z:\Projects\Smart-Farming\Datasets\final_combined_datasets\TLUE\EB\TLUE_EB_152.jpg,Tomato,EB,closed,8aaf2f3bf0318361,Early Blight
Z:\Projects\Smart-Farming\Datasets\final_combined_datasets\TLUE\EB\TLUE_EB_153.jpg,Tomato,EB,closed,815e3e67c919d649,Early Blight
Z:\Projects\Smart-Farming\Datasets\final_combined_datasets\TLUE\EB\TLUE_EB_154.jpg,Tomato,EB,closed,d212330b7a264ff6,Early Blight
Z:\Projects\Smart-Farming\Datasets\final_combined_datasets\TLUE\EB\TLUE_EB_155.jpg,Tomato,EB,closed,d60c6b36cbf12b05,Early Blight
Z:\Projects\Smart-Farming\Datasets\final_combined_datasets\TLUE\EB\TLUE_EB_156.jpg,Tomato,EB,closed,98743ae29d8bb38c,Early Blight
Z:\Projects\Smart-Farming\Datasets\final_combined_datasets\TLUE\EB\TLUE_EB_157.jpg,Tomato,EB,closed,c2693ec1389fe1cc,Early Blight
Z:\Projects\Smart-Farming\Datasets\final_combined_datasets\TLUE\EB\TLUE_EB_158.jpg,Tomato,EB,closed,ff0d5dc4d910cbc0,Early Blight
Z:\Projects\Smart-Farming\Datasets\final_combined_datasets\TLUE\EB\TLUE_EB_159.jpg,Tomato,EB,closed,dd9c30f19b90e49c,Early Blight
Z:\Projects\Smart-Farming\Datasets\final_combined_datasets\TLUE\EB\TLUE_EB_162.jpg,Tomato,EB,closed,a5406ade3c7027ed,Early Blight
Z:\Projects\Smart-Farming\Datasets\final_combined_datasets\TLUE\EB\TLUE_EB_165.jpg,Tomato,EB,closed,e1807e7cf0c11b5e,Early Blight
Z:\Projects\Smart-Farming\Datasets\final_combined_datasets\TLUE\EB\TLUE_EB_167.jpg,Tomato,EB,closed,c02f3e6a3998fdc0,Early Blight
Z:\Projects\Smart-Farming\Datasets\final_combined_datasets\TLUE\EB\TLUE_EB_168.jpg,Tomato,EB,closed,c06cbd1f43a2b758,Early Blight
Z:\Projects\Smart-Farming\Datasets\final_combined_datasets\TLUE\EB\TLUE_EB_169.jpg,Tomato,EB,closed,d83e413bcd438fc4,Early Blight
Z:\Projects\Smart-Farming\Datasets\final_combined_datasets\TLUE\EB\TLUE_EB_179.jpg,Tomato,EB,closed,9f448429ca17f5cd,Early Blight
Z:\Projects\Smart-Farming\Datasets\final_combined_datasets\TLUE\EB\TLUE_EB_182.jpg,Tomato,EB,closed,efc10f9c15a7c834,Early Blight
Z:\Projects\Smart-Farming\Datasets\final_combined_datasets\TLUE\EB\TLUE_EB_183.jpg,Tomato,EB,closed,c1c8d12759616bde,Early Blight
Z:\Projects\Smart-Farming\Datasets\final_combined_datasets\TLUE\EB\TLUE_EB_193.jpg,Tomato,EB,closed,d0c0391be739fc31,Early Blight
Z:\Projects\Smart-Farming\Datasets\final_combined_datasets\TLUE\EB\TLUE_EB_194.jpg,Tomato,EB,closed,d4ab649433526dc7,Early Blight
Z:\Projects\Smart-Farming\Datasets\final_combined_datasets\TLUE\EB\TLUE_EB_198.jpg,Tomato,EB,closed,dcc21c0f703f6707,Early Blight
Z:\Projects\Smart-Farming\Datasets\final_combined_datasets\TLUE\EB\TLUE_EB_200.jpg,Tomato,EB,closed,912c8236adadeb96,Early Blight
Z:\Projects\Smart-Farming\Datasets\final_combined_datasets\TLUE\EB\TLUE_EB_201.jpg,Tomato,EB,closed,beec888f1e1ef808,Early Blight
Z:\Projects\Smart-Farming\Datasets\final_combined_datasets\TLUE\EB\TLUE_EB_202.jpg,Tomato,EB,closed,b697e3e8f2481992,Early Blight
Z:\Projects\Smart-Farming\Datasets\final_combined_datasets\TLUE\EB\TLUE_EB_203.jpg,Tomato,EB,closed,97ea3b84067887b3,Early Blight
Z:\Projects\Smart-Farming\Datasets\final_combined_datasets\TLUE\EB\TLUE_EB_204.jpg,Tomato,EB,closed,e0e73fcfc003036b,Early Blight
Z:\Projects\Smart-Farming\Datasets\final_combined_datasets\TLUE\EB\TLUE_EB_205.jpg,Tomato,EB,closed,cfcd78620b270b1d,Early Blight
Z:\Projects\Smart-Farming\Datasets\final_combined_datasets\TLUE\EB\TLUE_EB_206.jpg,Tomato,EB,closed,c9232ddb56ad4f20,Early Blight
Z:\Projects\Smart-Farming\Datasets\final_combined_datasets\TLUE\EB\TLUE_EB_207.jpg,Tomato,EB,closed,f7c13aaec824366c,Early Blight
Z:\Projects\Smart-Farming\Datasets\final_combined_datasets\TLUE\EB\TLUE_EB_208.jpg,Tomato,EB,closed,f8a54fb806231ade,Early Blight
Z:\Projects\Smart-Farming\Datasets\final_combined_datasets\TLUE\EB\TLUE_EB_209.jpg,Tomato,EB,closed,8f0d772c8e4687aa,Early Blight
Z:\Projects\Smart-Farming\Datasets\final_combined_datasets\TLUE\EB\TLUE_EB_210.jpg,Tomato,EB,closed,cf4e202dbd9c81d3,Early Blight
Z:\Projects\Smart-Farming\Datasets\final_combined_datasets\TLUE\EB\TLUE_EB_211.jpg,Tomato,EB,closed,e462d8679b1aa539,Early Blight
Z:\Projects\Smart-Farming\Datasets\final_combined_datasets\TLUE\EB\TLUE_EB_212.jpg,Tomato,EB,closed,84c93dd3c90edc8d,Early Blight
Z:\Projects\Smart-Farming\Datasets\final_combined_datasets\TLUE\EB\TLUE_EB_213.jpg,Tomato,EB,closed,8756796c5ca94751,Early Blight
Z:\Projects\Smart-Farming\Datasets\final_combined_datasets\TLUE\EB\TLUE_EB_214.jpg,Tomato,EB,closed,e983788d62dda594,Early Blight
Z:\Projects\Smart-Farming\Datasets\final_combined_datasets\TLUE\EB\TLUE_EB_215.jpg,Tomato,EB,closed,95f821f913e2cca5,Early Blight
Z:\Projects\Smart-Farming\Datasets\final_combined_datasets\TLUE\EB\TLUE_EB_216.jpg,Tomato,EB,closed,d54a2d8f44a399f4,Early Blight
Z:\Projects\Smart-Farming\Datasets\final_combined_datasets\TLUE\EB\TLUE_EB_217.jpg,Tomato,EB,closed,bbf10507a76181bb,Early Blight
Z:\Projects\Smart-Farming\Datasets\final_combined_datasets\TLUE\EB\TLUE_EB_218.jpg,Tomato,EB,closed,9f584396b85cd623,Early Blight
Z:\Projects\Smart-Farming\Datasets\final_combined_datasets\TLUE\EB\TLUE_EB_219.jpg,Tomato,EB,closed,8b4da47e650e40bf,Early Blight
Z:\Projects\Smart-Farming\Datasets\final_combined_datasets\TLUE\EB\TLUE_EB_220.jpg,Tomato,EB,closed,8cbd6fa16a3b1489,Early Blight
Z:\Projects\Smart-Farming\Datasets\final_combined_datasets\TLUE\EB\TLUE_EB_221.jpg,Tomato,EB,closed,fc6c656a0f735a20,Early Blight
Z:\Projects\Smart-Farming\Datasets\final_combined_datasets\TLUE\EB\TLUE_EB_222.jpg,Tomato,EB,closed,c164b8cf6af31343,Early Blight
Z:\Projects\Smart-Farming\Datasets\final_combined_datasets\TLUE\EB\TLUE_EB_223.jpg,Tomato,EB,closed,dbf1e30607fc6083,Early Blight
Z:\Projects\Smart-Farming\Datasets\final_combined_datasets\TLUE\EB\TLUE_EB_224.jpg,Tomato,EB,closed,986b8a8eac3bd80f,Early Blight
Z:\Projects\Smart-Farming\Datasets\final_combined_datasets\TLUE\EB\TLUE_EB_225.jpg,Tomato,EB,closed,fad165328d60a9ad,Early Blight
Z:\Projects\Smart-Farming\Datasets\final_combined_datasets\TLUE\EB\TLUE_EB_226.jpg,Tomato,EB,closed,87c4b6cfa1ea4196,Early Blight
Z:\Projects\Smart-Farming\Datasets\final_combined_datasets\TLUE\EB\TLUE_EB_227.jpg,Tomato,EB,closed,bdf8b7201bb26186,Early Blight
Z:\Projects\Smart-Farming\Datasets\final_combined_datasets\TLUE\EB\TLUE_EB_228.jpg,Tomato,EB,closed,d480165fe6d3732c,Early Blight
Z:\Projects\Smart-Farming\Datasets\final_combined_datasets\TLUE\EB\TLUE_EB_229.jpg,Tomato,EB,closed,dba3d54219a4f51a,Early Blight
Z:\Projects\Smart-Farming\Datasets\final_combined_datasets\TLUE\EB\TLUE_EB_230.jpg,Tomato,EB,closed,acf738538316c8f8,Early Blight
Z:\Projects\Smart-Farming\Datasets\final_combined_datasets\TLUE\EB\TLUE_EB_231.jpg,Tomato,EB,closed,fdc36598f009f2c1,Early Blight
Z:\Projects\Smart-Farming\Datasets\final_combined_datasets\TLUE\EB\TLUE_EB_232.jpg,Tomato,EB,closed,a7d69c2bc44996e2,Early Blight
Z:\Projects\Smart-Farming\Datasets\final_combined_datasets\TLUE\EB\TLUE_EB_233.jpg,Tomato,EB,closed,8d4aeaaa959cb8ca,Early Blight
Z:\Projects\Smart-Farming\Datasets\final_combined_datasets\TLUE\EB\TLUE_EB_234.jpg,Tomato,EB,closed,f4c3652d4396942f,Early Blight
Z:\Projects\Smart-Farming\Datasets\final_combined_datasets\TLUE\EB\TLUE_EB_235.jpg,Tomato,EB,closed,b436b00f52fc7da0,Early Blight
Z:\Projects\Smart-Farming\Datasets\final_combined_datasets\TLUE\EB\TLUE_EB_236.jpg,Tomato,EB,closed,81350f339d60e1bf,Early Blight
Z:\Projects\Smart-Farming\Datasets\final_combined_datasets\TLUE\EB\TLUE_EB_237.jpg,Tomato,EB,closed,89287ecacff17610,Early Blight
Z:\Projects\Smart-Farming\Datasets\final_combined_datasets\TLUE\EB\TLUE_EB_238.jpg,Tomato,EB,closed,b86d6cd0c9762395,Early Blight
Z:\Projects\Smart-Farming\Datasets\final_combined_datasets\TLUE\EB\TLUE_EB_239.jpg,Tomato,EB,closed,d53806ac0ed96afc,Early Blight
Z:\Projects\Smart-Farming\Datasets\final_combined_datasets\TLUE\EB\TLUE_EB_240.jpg,Tomato,EB,closed,99d7ed116499721c,Early Blight
Z:\Projects\Smart-Farming\Datasets\final_combined_datasets\TLUE\EB\TLUE_EB_241.jpg,Tomato,EB,closed,b1fd2345ce3e0543,Early Blight
Z:\Projects\Smart-Farming\Datasets\final_combined_datasets\TLUE\EB\TLUE_EB_242.jpg,Tomato,EB,closed,8eead5358dd0b4c8,Early Blight
Z:\Projects\Smart-Farming\Datasets\final_combined_datasets\TLUE\EB\TLUE_EB_243.jpg,Tomato,EB,closed,8dd039adc27d0b95,Early Blight
Z:\Projects\Smart-Farming\Datasets\final_combined_datasets\TLUE\EB\TLUE_EB_245.jpg,Tomato,EB,closed,dd3c681a3ea5ac64,Early Blight
Z:\Projects\Smart-Farming\Datasets\final_combined_datasets\TLUE\EB\TLUE_EB_246.jpg,Tomato,EB,closed,d0960f93b783969c,Early Blight
Z:\Projects\Smart-Farming\Datasets\final_combined_datasets\TLUE\EB\TLUE_EB_247.jpg,Tomato,EB,closed,e28c59930fd9ae4a,Early Blight
Z:\Projects\Smart-Farming\Datasets\final_combined_datasets\TLUE\EB\TLUE_EB_248.jpg,Tomato,EB,closed,b79f46e244e04ecc,Early Blight
Z:\Projects\Smart-Farming\Datasets\final_combined_datasets\TLUE\EB\TLUE_EB_249.jpg,Tomato,EB,closed,d206538773b9689e,Early Blight
Z:\Projects\Smart-Farming\Datasets\final_combined_datasets\TLUE\EB\TLUE_EB_250.jpg,Tomato,EB,closed,f9a50f5c5498f0f0,Early Blight
Z:\Projects\Smart-Farming\Datasets\final_combined_datasets\TLUE\EB\TLUE_EB_251.jpg,Tomato,EB,closed,8f1b73e74d90e40c,Early Blight
Z:\Projects\Smart-Farming\Datasets\final_combined_datasets\TLUE\EB\TLUE_EB_252.jpg,Tomato,EB,closed,be1b60c637c921ec,Early Blight
Z:\Projects\Smart-Farming\Datasets\final_combined_datasets\TLUE\EB\TLUE_EB_253.jpg,Tomato,EB,closed,d0a71d1b3e593326,Early Blight
Z:\Projects\Smart-Farming\Datasets\final_combined_datasets\TLUE\EB\TLUE_EB_255.jpg,Tomato,EB,closed,cf369aa17224d29b,Early Blight
Z:\Projects\Smart-Farming\Datasets\final_combined_datasets\TLUE\EB\TLUE_EB_256.jpg,Tomato,EB,closed,c96439e85319d4f5,Early Blight
Z:\Projects\Smart-Farming\Datasets\final_combined_datasets\TLUE\EB\TLUE_EB_257.jpg,Tomato,EB,closed,8b34bc9b4c4ef0e1,Early Blight
Z:\Projects\Smart-Farming\Datasets\final_combined_datasets\TLUE\EB\TLUE_EB_258.jpg,Tomato,EB,closed,95127ec23759784b,Early Blight
Z:\Projects\Smart-Farming\Datasets\final_combined_datasets\TLUE\EB\TLUE_EB_259.jpg,Tomato,EB,closed,fb00ee3ea07b8e30,Early Blight
Z:\Projects\Smart-Farming\Datasets\final_combined_datasets\TLUE\EB\TLUE_EB_260.jpg,Tomato,EB,closed,f07231992ed858be,Early Blight
Z:\Projects\Smart-Farming\Datasets\final_combined_datasets\TLUE\EB\TLUE_EB_261.jpg,Tomato,EB,closed,80397e8d50e6d9f2,Early Blight
Z:\Projects\Smart-Farming\Datasets\final_combined_datasets\TLUE\EB\TLUE_EB_262.jpg,Tomato,EB,closed,dc83372e935c0eb2,Early Blight
Z:\Projects\Smart-Farming\Datasets\final_combined_datasets\TLUE\EB\TLUE_EB_263.jpg,Tomato,EB,closed,cea03ab1f81e03de,Early Blight
Z:\Projects\Smart-Farming\Datasets\final_combined_datasets\TLUE\EB\TLUE_EB_264.jpg,Tomato,EB,closed,a63666cc719d1cc5,Early Blight
Z:\Projects\Smart-Farming\Datasets\final_combined_datasets\TLUE\EB\TLUE_EB_265.jpg,Tomato,EB,closed,c240c64f0fefad29,Early Blight
Z:\Projects\Smart-Farming\Datasets\final_combined_datasets\TLUE\EB\TLUE_EB_266.jpg,Tomato,EB,closed,d30b4b9d23907d8e,Early Blight
Z:\Projects\Smart-Farming\Datasets\final_combined_datasets\TLUE\EB\TLUE_EB_267.jpg,Tomato,EB,closed,c730699de8d27a43,Early Blight
Z:\Projects\Smart-Farming\Datasets\final_combined_datasets\TLUE\EB\TLUE_EB_268.jpg,Tomato,EB,closed,f1ac37b823498d8d,Early Blight
Z:\Projects\Smart-Farming\Datasets\final_combined_datasets\TLUE\EB\TLUE_EB_269.jpg,Tomato,EB,closed,8eebeaa19a98b905,Early Blight
Z:\Projects\Smart-Farming\Datasets\final_combined_datasets\TLUE\EB\TLUE_EB_271.jpg,Tomato,EB,closed,9b1aa2afa9f26852,Early Blight
Z:\Projects\Smart-Farming\Datasets\final_combined_datasets\TLUE\EB\TLUE_EB_272.jpg,Tomato,EB,closed,86a16fd8facf1884,Early Blight
Z:\Projects\Smart-Farming\Datasets\final_combined_datasets\TLUE\EB\TLUE_EB_273.jpg,Tomato,EB,closed,fba70f5c549810f1,Early Blight
Z:\Projects\Smart-Farming\Datasets\final_combined_datasets\TLUE\EB\TLUE_EB_274.jpg,Tomato,EB,closed,fe1b60c63bc9214e,Early Blight
Z:\Projects\Smart-Farming\Datasets\final_combined_datasets\TLUE\EB\TLUE_EB_275.jpg,Tomato,EB,closed,c2c869b7df496416,Early Blight
Z:\Projects\Smart-Farming\Datasets\final_combined_datasets\TLUE\EB\TLUE_EB_276.jpg,Tomato,EB,closed,8dd2212dc36cdb96,Early Blight
Z:\Projects\Smart-Farming\Datasets\final_combined_datasets\TLUE\EB\TLUE_EB_277.jpg,Tomato,EB,closed,caf0bcff0a0b684c,Early Blight
Z:\Projects\Smart-Farming\Datasets\final_combined_datasets\TLUE\EB\TLUE_EB_279.jpg,Tomato,EB,closed,c74e239d1e588b2d,Early Blight
Z:\Projects\Smart-Farming\Datasets\final_combined_datasets\TLUE\EB\TLUE_EB_280.jpg,Tomato,EB,closed,8f9b33f36550e40c,Early Blight
Z:\Projects\Smart-Farming\Datasets\final_combined_datasets\TLUE\EB\TLUE_EB_281.jpg,Tomato,EB,closed,b7d94cc6e80cf035,Early Blight
Z:\Projects\Smart-Farming\Datasets\final_combined_datasets\TLUE\EB\TLUE_EB_282.jpg,Tomato,EB,closed,b897fc2b21f11a89,Early Blight
Z:\Projects\Smart-Farming\Datasets\final_combined_datasets\TLUE\EB\TLUE_EB_283.jpg,Tomato,EB,closed,9c136a49b37807be,Early Blight
Z:\Projects\Smart-Farming\Datasets\final_combined_datasets\TLUE\EB\TLUE_EB_284.jpg,Tomato,EB,closed,ca13d17c9f62a0ba,Early Blight
Z:\Projects\Smart-Farming\Datasets\final_combined_datasets\TLUE\EB\TLUE_EB_285.jpg,Tomato,EB,closed,96c74168e656dac9,Early Blight
Z:\Projects\Smart-Farming\Datasets\final_combined_datasets\TLUE\EB\TLUE_EB_286.jpg,Tomato,EB,closed,cc42b8c4b3ce2779,Early Blight
Z:\Projects\Smart-Farming\Datasets\final_combined_datasets\TLUE\EB\TLUE_EB_288.jpg,Tomato,EB,closed,bef8804b7e2998f0,Early Blight
Z:\Projects\Smart-Farming\Datasets\final_combined_datasets\TLUE\EB\TLUE_EB_289.jpg,Tomato,EB,closed,a857b52bd625d960,Early Blight
Z:\Projects\Smart-Farming\Datasets\final_combined_datasets\TLUE\EB\TLUE_EB_290.jpg,Tomato,EB,closed,b79b42e240e45ecd,Early Blight
Z:\Projects\Smart-Farming\Datasets\final_combined_datasets\TLUE\EB\TLUE_EB_291.jpg,Tomato,EB,closed,d0e56c0bcbfa3416,Early Blight
Z:\Projects\Smart-Farming\Datasets\final_combined_datasets\TLUE\EB\TLUE_EB_292.jpg,Tomato,EB,closed,a19672781ee3c17a,Early Blight
Z:\Projects\Smart-Farming\Datasets\final_combined_datasets\TLUE\EB\TLUE_EB_293.jpg,Tomato,EB,closed,c1114f4e8c383faf,Early Blight
Z:\Projects\Smart-Farming\Datasets\final_combined_datasets\TLUE\EB\TLUE_EB_294.jpg,Tomato,EB,closed,dc7d2a9f9aa42341,Early Blight
Z:\Projects\Smart-Farming\Datasets\final_combined_datasets\TLUE\EB\TLUE_EB_296.jpg,Tomato,EB,closed,d54c2bd007b38ce7,Early Blight
Z:\Projects\Smart-Farming\Datasets\final_combined_datasets\TLUE\EB\TLUE_EB_298.jpg,Tomato,EB,closed,9f9f3c480e9ca4cc,Early Blight
Z:\Projects\Smart-Farming\Datasets\final_combined_datasets\TLUE\EB\TLUE_EB_300.jpg,Tomato,EB,closed,98c73f06629967b1,Early Blight
Z:\Projects\Smart-Farming\Datasets\final_combined_datasets\TLUE\EB\TLUE_EB_301.jpg,Tomato,EB,closed,faf1843e1b66e881,Early Blight
Z:\Projects\Smart-Farming\Datasets\final_combined_datasets\TLUE\EB\TLUE_EB_302.jpg,Tomato,EB,closed,b5f0bf011668fa45,Early Blight
Z:\Projects\Smart-Farming\Datasets\final_combined_datasets\TLUE\EB\TLUE_EB_303.jpg,Tomato,EB,closed,bb1100535dfa6dc9,Early Blight
Z:\Projects\Smart-Farming\Datasets\final_combined_datasets\TLUE\EB\TLUE_EB_304.jpg,Tomato,EB,closed,f2ea3e6469da7041,Early Blight
Z:\Projects\Smart-Farming\Datasets\final_combined_datasets\TLUE\EB\TLUE_EB_305.jpg,Tomato,EB,closed,8fe0744ea339ba26,Early Blight
Z:\Projects\Smart-Farming\Datasets\final_combined_datasets\TLUE\EB\TLUE_EB_306.jpg,Tomato,EB,closed,f8064b63514f369b,Early Blight
Z:\Projects\Smart-Farming\Datasets\final_combined_datasets\TLUE\EB\TLUE_EB_307.jpg,Tomato,EB,closed,dc0a7efeed072022,Early Blight
Z:\Projects\Smart-Farming\Datasets\final_combined_datasets\TLUE\EB\TLUE_EB_308.jpg,Tomato,EB,closed,e1f1d2c4f48f930a,Early Blight
Z:\Projects\Smart-Farming\Datasets\final_combined_datasets\TLUE\EB\TLUE_EB_309.jpg,Tomato,EB,closed,85956c4e726c6be4,Early Blight
Z:\Projects\Smart-Farming\Datasets\final_combined_datasets\TLUE\EB\TLUE_EB_310.jpg,Tomato,EB,closed,933a21635f26fa4c,Early Blight
Z:\Projects\Smart-Farming\Datasets\final_combined_datasets\TLUE\EB\TLUE_EB_311.jpg,Tomato,EB,closed,803a6a4f4dfb634c,Early Blight
Z:\Projects\Smart-Farming\Datasets\final_combined_datasets\TLUE\EB\TLUE_EB_312.jpg,Tomato,EB,closed,fc7c83a0cc93c42f,Early Blight
Z:\Projects\Smart-Farming\Datasets\final_combined_datasets\TLUE\EB\TLUE_EB_313.jpg,Tomato,EB,closed,c1959ddb7aca9821,Early Blight
Z:\Projects\Smart-Farming\Datasets\final_combined_datasets\TLUE\EB\TLUE_EB_314.jpg,Tomato,EB,closed,db9c25994669aac6,Early Blight
Z:\Projects\Smart-Farming\Datasets\final_combined_datasets\TLUE\EB\TLUE_EB_315.jpg,Tomato,EB,closed,81a74c37e34f2e2c,Early Blight
Z:\Projects\Smart-Farming\Datasets\final_combined_datasets\TLUE\EB\TLUE_EB_316.jpg,Tomato,EB,closed,ad50ae8df025aba3,Early Blight
Z:\Projects\Smart-Farming\Datasets\final_combined_datasets\TLUE\EB\TLUE_EB_317.jpg,Tomato,EB,closed,e4f539b969809672,Early Blight
Z:\Projects\Smart-Farming\Datasets\final_combined_datasets\TLUE\EB\TLUE_EB_318.jpg,Tomato,EB,closed,aae2949c47d1e52e,Early Blight
Z:\Projects\Smart-Farming\Datasets\final_combined_datasets\TLUE\EB\TLUE_EB_319.jpg,Tomato,EB,closed,c8326c695375de51,Early Blight
Z:\Projects\Smart-Farming\Datasets\final_combined_datasets\TLUE\EB\TLUE_EB_320.jpg,Tomato,EB,closed,829a2fca160ffe32,Early Blight
Z:\Projects\Smart-Farming\Datasets\final_combined_datasets\TLUE\EB\TLUE_EB_321.jpg,Tomato,EB,closed,e747832c58d29cb5,Early Blight
Z:\Projects\Smart-Farming\Datasets\final_combined_datasets\TLUE\EB\TLUE_EB_322.jpg,Tomato,EB,closed,f00e3729dd64d8e2,Early Blight
Z:\Projects\Smart-Farming\Datasets\final_combined_datasets\TLUE\EB\TLUE_EB_323.jpg,Tomato,EB,closed,8db5686b35546b91,Early Blight
Z:\Projects\Smart-Farming\Datasets\final_combined_datasets\TLUE\EB\TLUE_EB_324.jpg,Tomato,EB,closed,d2374bc90f68be28,Early Blight
Z:\Projects\Smart-Farming\Datasets\final_combined_datasets\TLUE\EB\TLUE_EB_325.jpg,Tomato,EB,closed,dc51696b8788b4dc,Early Blight
Z:\Projects\Smart-Farming\Datasets\final_combined_datasets\TLUE\EB\TLUE_EB_326.jpg,Tomato,EB,closed,db827377e9418592,Early Blight
Z:\Projects\Smart-Farming\Datasets\final_combined_datasets\TLUE\EB\TLUE_EB_327.jpg,Tomato,EB,closed,d91c4c6db45b66d0,Early Blight
Z:\Projects\Smart-Farming\Datasets\final_combined_datasets\TLUE\EB\TLUE_EB_328.jpg,Tomato,EB,closed,c3b8dea778942d50,Early Blight
Z:\Projects\Smart-Farming\Datasets\final_combined_datasets\TLUE\EB\TLUE_EB_329.jpg,Tomato,EB,closed,dc617898e0d63e0f,Early Blight
Z:\Projects\Smart-Farming\Datasets\final_combined_datasets\TLUE\EB\TLUE_EB_330.jpg,Tomato,EB,closed,c15d986b9c6d3a62,Early Blight
Z:\Projects\Smart-Farming\Datasets\final_combined_datasets\TLUE\EB\TLUE_EB_331.jpg,Tomato,EB,closed,cbcd2da33067b198,Early Blight
Z:\Projects\Smart-Farming\Datasets\final_combined_datasets\TLUE\EB\TLUE_EB_332.jpg,Tomato,EB,closed,8eb3d0092ade73d1,Early Blight
Z:\Projects\Smart-Farming\Datasets\final_combined_datasets\TLUE\EB\TLUE_EB_333.jpg,Tomato,EB,closed,a4689fd3d0aa834f,Early Blight
Z:\Projects\Smart-Farming\Datasets\final_combined_datasets\TLUE\EB\TLUE_EB_334.jpg,Tomato,EB,closed,ce9339c6b398c8d8,Early Blight
Z:\Projects\Smart-Farming\Datasets\final_combined_datasets\TLUE\EB\TLUE_EB_335.jpg,Tomato,EB,closed,cca668c99a052fcf,Early Blight
Z:\Projects\Smart-Farming\Datasets\final_combined_datasets\TLUE\EB\TLUE_EB_336.jpg,Tomato,EB,closed,8eb76664d1c2711d,Early Blight
Z:\Projects\Smart-Farming\Datasets\final_combined_datasets\TLUE\EB\TLUE_EB_337.jpg,Tomato,EB,closed,876e6b303a83dab4,Early Blight
Z:\Projects\Smart-Farming\Datasets\final_combined_datasets\TLUE\EB\TLUE_EB_338.jpg,Tomato,EB,closed,8f8f62bd588339c8,Early Blight
Z:\Projects\Smart-Farming\Datasets\final_combined_datasets\TLUE\EB\TLUE_EB_339.jpg,Tomato,EB,closed,cd1868b5d49f9d28,Early Blight
Z:\Projects\Smart-Farming\Datasets\final_combined_datasets\TLUE\EB\TLUE_EB_340.jpg,Tomato,EB,closed,89f13b4b68d0dc9c,Early Blight
Z:\Projects\Smart-Farming\Datasets\final_combined_datasets\TLUE\EB\TLUE_EB_341.jpg,Tomato,EB,closed,97ce5934ba91506b,Early Blight
Z:\Projects\Smart-Farming\Datasets\final_combined_datasets\TLUE\EB\TLUE_EB_342.jpg,Tomato,EB,closed,94166d653a8f443f,Early Blight
Z:\Projects\Smart-Farming\Datasets\final_combined_datasets\TLUE\EB\TLUE_EB_343.jpg,Tomato,EB,closed,91bd9607382f8796,Early Blight
Z:\Projects\Smart-Farming\Datasets\final_combined_datasets\TLUE\EB\TLUE_EB_344.jpg,Tomato,EB,closed,c81cb1e36987a65b,Early Blight
Z:\Projects\Smart-Farming\Datasets\final_combined_datasets\TLUE\EB\TLUE_EB_345.jpg,Tomato,EB,closed,acda43f29e41cc36,Early Blight
Z:\Projects\Smart-Farming\Datasets\final_combined_datasets\TLUE\EB\TLUE_EB_346.jpg,Tomato,EB,closed,ecf01b0e4a1be41f,Early Blight
Z:\Projects\Smart-Farming\Datasets\final_combined_datasets\TLUE\EB\TLUE_EB_347.jpg,Tomato,EB,closed,c8e506cb57a1455f,Early Blight
Z:\Projects\Smart-Farming\Datasets\final_combined_datasets\TLUE\EB\TLUE_EB_348.jpg,Tomato,EB,closed,80e83f1fd93711c3,Early Blight
Z:\Projects\Smart-Farming\Datasets\final_combined_datasets\TLUE\EB\TLUE_EB_349.jpg,Tomato,EB,closed,a2d86d165a2fc2b5,Early Blight
Z:\Projects\Smart-Farming\Datasets\final_combined_datasets\TLUE\EB\TLUE_EB_350.jpg,Tomato,EB,closed,99a663ddc6bc02b8,Early Blight
Z:\Projects\Smart-Farming\Datasets\final_combined_datasets\TLUE\EB\TLUE_EB_351.jpg,Tomato,EB,closed,c0b7dcfc8d232b14,Early Blight
Z:\Projects\Smart-Farming\Datasets\final_combined_datasets\TLUE\EB\TLUE_EB_352.jpg,Tomato,EB,closed,cbcd67b2f04c6981,Early Blight
Z:\Projects\Smart-Farming\Datasets\final_combined_datasets\TLUE\EB\TLUE_EB_353.jpg,Tomato,EB,closed,c5c56379932b4e46,Early Blight
Z:\Projects\Smart-Farming\Datasets\final_combined_datasets\TLUE\EB\TLUE_EB_354.jpg,Tomato,EB,closed,893c73d685ad227a,Early Blight
Z:\Projects\Smart-Farming\Datasets\final_combined_datasets\TLUE\EB\TLUE_EB_355.jpg,Tomato,EB,closed,ad7919a5d685038f,Early Blight
Z:\Projects\Smart-Farming\Datasets\final_combined_datasets\TLUE\EB\TLUE_EB_356.jpg,Tomato,EB,closed,aabfa3d162617238,Early Blight
Z:\Projects\Smart-Farming\Datasets\final_combined_datasets\TLUE\EB\TLUE_EB_357.jpg,Tomato,EB,closed,c2946e5075db3eb0,Early Blight
Z:\Projects\Smart-Farming\Datasets\final_combined_datasets\TLUE\EB\TLUE_EB_358.jpg,Tomato,EB,closed,d0560dcfcd9a9d05,Early Blight
Z:\Projects\Smart-Farming\Datasets\final_combined_datasets\TLUE\EB\TLUE_EB_359.jpg,Tomato,EB,closed,ba8e65e40742facc,Early Blight
Z:\Projects\Smart-Farming\Datasets\final_combined_datasets\TLUE\EB\TLUE_EB_360.jpg,Tomato,EB,closed,86b6743a6de54983,Early Blight
Z:\Projects\Smart-Farming\Datasets\final_combined_datasets\TLUE\EB\TLUE_EB_361.jpg,Tomato,EB,closed,84eedb51a41963d5,Early Blight
Z:\Projects\Smart-Farming\Datasets\final_combined_datasets\TLUE\EB\TLUE_EB_362.jpg,Tomato,EB,closed,b3257166dd124e93,Early Blight
Z:\Projects\Smart-Farming\Datasets\final_combined_datasets\TLUE\EB\TLUE_EB_363.jpg,Tomato,EB,closed,8e6a876e8a8d4ad5,Early Blight
Z:\Projects\Smart-Farming\Datasets\final_combined_datasets\TLUE\EB\TLUE_EB_365.jpg,Tomato,EB,closed,c3f3695abb258095,Early Blight
Z:\Projects\Smart-Farming\Datasets\final_combined_datasets\TLUE\EB\TLUE_EB_366.jpg,Tomato,EB,closed,97a6723c365562a9,Early Blight
Z:\Projects\Smart-Farming\Datasets\final_combined_datasets\TLUE\EB\TLUE_EB_367.jpg,Tomato,EB,closed,95a5b362f262e2c3,Early Blight
Z:\Projects\Smart-Farming\Datasets\final_combined_datasets\TLUE\EB\TLUE_EB_368.jpg,Tomato,EB,closed,899a2e3d89c27dc9,Early Blight
Z:\Projects\Smart-Farming\Datasets\final_combined_datasets\TLUE\EB\TLUE_EB_369.jpg,Tomato,EB,closed,d427386fc59c8372,Early Blight
Z:\Projects\Smart-Farming\Datasets\final_combined_datasets\TLUE\EB\TLUE_EB_370.jpg,Tomato,EB,closed,ced8684f8c3b6954,Early Blight
Z:\Projects\Smart-Farming\Datasets\final_combined_datasets\TLUE\EB\TLUE_EB_371.jpg,Tomato,EB,closed,ce9867869ed463a8,Early Blight
Z:\Projects\Smart-Farming\Datasets\final_combined_datasets\TLUE\EB\TLUE_EB_372.jpg,Tomato,EB,closed,b68a4c349bf4f419,Early Blight
Z:\Projects\Smart-Farming\Datasets\final_combined_datasets\TLUE\EB\TLUE_EB_373.jpg,Tomato,EB,closed,d3b4f24a1d2b82bc,Early Blight
Z:\Projects\Smart-Farming\Datasets\final_combined_datasets\TLUE\EB\TLUE_EB_374.jpg,Tomato,EB,closed,f4565a127ac9b12d,Early Blight
Z:\Projects\Smart-Farming\Datasets\final_combined_datasets\TLUE\EB\TLUE_EB_375.jpg,Tomato,EB,closed,956a7c4a298df195,Early Blight
Z:\Projects\Smart-Farming\Datasets\final_combined_datasets\TLUE\EB\TLUE_EB_376.jpg,Tomato,EB,closed,85a11b1779f661aa,Early Blight
Z:\Projects\Smart-Farming\Datasets\final_combined_datasets\TLUE\EB\TLUE_EB_377.jpg,Tomato,EB,closed,9b8b6aeaa7216361,Early Blight
Z:\Projects\Smart-Farming\Datasets\final_combined_datasets\TLUE\EB\TLUE_EB_378.jpg,Tomato,EB,closed,ba8b931ed45ca171,Early Blight
Z:\Projects\Smart-Farming\Datasets\final_combined_datasets\TLUE\EB\TLUE_EB_379.jpg,Tomato,EB,closed,c5d038c89f986dd9,Early Blight
Z:\Projects\Smart-Farming\Datasets\final_combined_datasets\TLUE\EB\TLUE_EB_380.jpg,Tomato,EB,closed,9a9675192331ec73,Early Blight
Z:\Projects\Smart-Farming\Datasets\final_combined_datasets\TLUE\EB\TLUE_EB_381.jpg,Tomato,EB,closed,d5591c9dc98c2f34,Early Blight
Z:\Projects\Smart-Farming\Datasets\final_combined_datasets\TLUE\EB\TLUE_EB_382.jpg,Tomato,EB,closed,ade1329ee12ea964,Early Blight
Z:\Projects\Smart-Farming\Datasets\final_combined_datasets\TLUE\EB\TLUE_EB_383.jpg,Tomato,EB,closed,d5952f6af4258516,Early Blight
Z:\Projects\Smart-Farming\Datasets\final_combined_datasets\TLUE\EB\TLUE_EB_384.jpg,Tomato,EB,closed,c1205e983b60e7ef,Early Blight
Z:\Projects\Smart-Farming\Datasets\final_combined_datasets\TLUE\EB\TLUE_EB_385.jpg,Tomato,EB,closed,81c54e2f8c7b64c7,Early Blight
Z:\Projects\Smart-Farming\Datasets\final_combined_datasets\TLUE\EB\TLUE_EB_386.jpg,Tomato,EB,closed,9e146645f99289bb,Early Blight
Z:\Projects\Smart-Farming\Datasets\final_combined_datasets\TLUE\EB\TLUE_EB_387.jpg,Tomato,EB,closed,eb8f84919c9e7270,Early Blight
Z:\Projects\Smart-Farming\Datasets\final_combined_datasets\TLUE\EB\TLUE_EB_388.jpg,Tomato,EB,closed,87a962916f2c6dd2,Early Blight
Z:\Projects\Smart-Farming\Datasets\final_combined_datasets\TLUE\EB\TLUE_EB_389.jpg,Tomato,EB,closed,d5d07e6a308d8f16,Early Blight
Z:\Projects\Smart-Farming\Datasets\final_combined_datasets\TLUE\EB\TLUE_EB_390.jpg,Tomato,EB,closed,cb0d6b9d6112658f,Early Blight
Z:\Projects\Smart-Farming\Datasets\final_combined_datasets\TLUE\EB\TLUE_EB_391.jpg,Tomato,EB,closed,8cdc2d68f8d0f247,Early Blight
Z:\Projects\Smart-Farming\Datasets\final_combined_datasets\TLUE\EB\TLUE_EB_392.jpg,Tomato,EB,closed,c8b9905637895cf6,Early Blight
Z:\Projects\Smart-Farming\Datasets\final_combined_datasets\TLUE\EB\TLUE_EB_393.jpg,Tomato,EB,closed,8c639e4e879631b3,Early Blight
Z:\Projects\Smart-Farming\Datasets\final_combined_datasets\TLUE\EB\TLUE_EB_394.jpg,Tomato,EB,closed,dd8771e60f348b24,Early Blight
Z:\Projects\Smart-Farming\Datasets\final_combined_datasets\TLUE\EB\TLUE_EB_395.jpg,Tomato,EB,closed,8bb9e0aee890e8ea,Early Blight
Z:\Projects\Smart-Farming\Datasets\final_combined_datasets\TLUE\EB\TLUE_EB_396.jpg,Tomato,EB,closed,85d310d25fc70abe,Early Blight
Z:\Projects\Smart-Farming\Datasets\final_combined_datasets\TLUE\EB\TLUE_EB_397.jpg,Tomato,EB,closed,9b036d1dc4c88f9e,Early Blight
Z:\Projects\Smart-Farming\Datasets\final_combined_datasets\TLUE\EB\TLUE_EB_398.jpg,Tomato,EB,closed,d04a2bbc35574b2d,Early Blight
Z:\Projects\Smart-Farming\Datasets\final_combined_datasets\TLUE\EB\TLUE_EB_399.jpg,Tomato,EB,closed,d3752f233552a8ca,Early Blight
Z:\Projects\Smart-Farming\Datasets\final_combined_datasets\TLUE\EB\TLUE_EB_400.jpg,Tomato,EB,closed,909c63ad8e4e6bb8,Early Blight
Z:\Projects\Smart-Farming\Datasets\final_combined_datasets\TLUE\EB\TLUE_EB_401.jpg,Tomato,EB,closed,fb19853d6c262729,Early Blight
Z:\Projects\Smart-Farming\Datasets\final_combined_datasets\TLUE\EB\TLUE_EB_402.jpg,Tomato,EB,closed,8d187ab445b74cad,Early Blight
Z:\Projects\Smart-Farming\Datasets\final_combined_datasets\TLUE\EB\TLUE_EB_403.jpg,Tomato,EB,closed,c2fc6583bee2608d,Early Blight
Z:\Projects\Smart-Farming\Datasets\final_combined_datasets\TLUE\EB\TLUE_EB_404.jpg,Tomato,EB,closed,c8123c8dddb6e5b0,Early Blight
Z:\Projects\Smart-Farming\Datasets\final_combined_datasets\TLUE\EB\TLUE_EB_405.jpg,Tomato,EB,closed,8fe074ce22ad3aa6,Early Blight
Z:\Projects\Smart-Farming\Datasets\final_combined_datasets\TLUE\EB\TLUE_EB_406.jpg,Tomato,EB,closed,95966a63e1a99e86,Early Blight
Z:\Projects\Smart-Farming\Datasets\final_combined_datasets\TLUE\EB\TLUE_EB_407.jpg,Tomato,EB,closed,9a6c792d63521b5c,Early Blight
Z:\Projects\Smart-Farming\Datasets\final_combined_datasets\TLUE\EB\TLUE_EB_408.jpg,Tomato,EB,closed,8ace6ba89c96dc89,Early Blight
Z:\Projects\Smart-Farming\Datasets\final_combined_datasets\TLUE\EB\TLUE_EB_409.jpg,Tomato,EB,closed,9859705c9763cd5a,Early Blight
Z:\Projects\Smart-Farming\Datasets\final_combined_datasets\TLUE\EB\TLUE_EB_410.jpg,Tomato,EB,closed,c2a6c934d67398e3,Early Blight
Z:\Projects\Smart-Farming\Datasets\final_combined_datasets\TLUE\EB\TLUE_EB_411.jpg,Tomato,EB,closed,8c16ab33f5e25ac2,Early Blight
Z:\Projects\Smart-Farming\Datasets\final_combined_datasets\TLUE\EB\TLUE_EB_412.jpg,Tomato,EB,closed,e3fa6c0b2809bb8b,Early Blight
Z:\Projects\Smart-Farming\Datasets\final_combined_datasets\TLUE\EB\TLUE_EB_413.jpg,Tomato,EB,closed,96961e3473f43316,Early Blight
Z:\Projects\Smart-Farming\Datasets\final_combined_datasets\TLUE\EB\TLUE_EB_414.jpg,Tomato,EB,closed,c7f01d843d3571c9,Early Blight
Z:\Projects\Smart-Farming\Datasets\final_combined_datasets\TLUE\EB\TLUE_EB_415.jpg,Tomato,EB,closed,daf4a0d8ad8a86e9,Early Blight
Z:\Projects\Smart-Farming\Datasets\final_combined_datasets\TLUE\EB\TLUE_EB_416.jpg,Tomato,EB,closed,9692346b9a576539,Early Blight
Z:\Projects\Smart-Farming\Datasets\final_combined_datasets\TLUE\EB\TLUE_EB_417.jpg,Tomato,EB,closed,cc1e272fc2b91ce1,Early Blight
Z:\Projects\Smart-Farming\Datasets\final_combined_datasets\TLUE\EB\TLUE_EB_418.jpg,Tomato,EB,closed,998d36509e7263cb,Early Blight
Z:\Projects\Smart-Farming\Datasets\final_combined_datasets\TLUE\EB\TLUE_EB_419.jpg,Tomato,EB,closed,c89007bbfa78754a,Early Blight
Z:\Projects\Smart-Farming\Datasets\final_combined_datasets\TLUE\EB\TLUE_EB_420.jpg,Tomato,EB,closed,e5d14244793fd315,Early Blight
Z:\Projects\Smart-Farming\Datasets\final_combined_datasets\TLUE\EB\TLUE_EB_421.jpg,Tomato,EB,closed,8a3313a4c7d1f0f3,Early Blight
Z:\Projects\Smart-Farming\Datasets\final_combined_datasets\TLUE\EB\TLUE_EB_422.jpg,Tomato,EB,closed,9bee3a0c470767c4,Early Blight
Z:\Projects\Smart-Farming\Datasets\final_combined_datasets\TLUE\EB\TLUE_EB_423.jpg,Tomato,EB,closed,c61a36361f602ecf,Early Blight
Z:\Projects\Smart-Farming\Datasets\final_combined_datasets\TLUE\EB\TLUE_EB_424.jpg,Tomato,EB,closed,de653119cc64cb9a,Early Blight
Z:\Projects\Smart-Farming\Datasets\final_combined_datasets\TLUE\EB\TLUE_EB_425.jpg,Tomato,EB,closed,a29acdf97106ed0c,Early Blight
Z:\Projects\Smart-Farming\Datasets\final_combined_datasets\TLUE\EB\TLUE_EB_426.jpg,Tomato,EB,closed,f70088feff630131,Early Blight
Z:\Projects\Smart-Farming\Datasets\final_combined_datasets\TLUE\EB\TLUE_EB_427.jpg,Tomato,EB,closed,e0f4648f536cba64,Early Blight
Z:\Projects\Smart-Farming\Datasets\final_combined_datasets\TLUE\EB\TLUE_EB_428.jpg,Tomato,EB,closed,cdb1b8729fd1a10c,Early Blight
Z:\Projects\Smart-Farming\Datasets\final_combined_datasets\TLUE\EB\TLUE_EB_429.jpg,Tomato,EB,closed,ee6b7283a9761831,Early Blight
Z:\Projects\Smart-Farming\Datasets\final_combined_datasets\TLUE\EB\TLUE_EB_430.jpg,Tomato,EB,closed,b2bbb2a487c55133,Early Blight
Z:\Projects\Smart-Farming\Datasets\final_combined_datasets\TLUE\EB\TLUE_EB_431.jpg,Tomato,EB,closed,b2c127299cdc4d9b,Early Blight
Z:\Projects\Smart-Farming\Datasets\final_combined_datasets\TLUE\EB\TLUE_EB_432.jpg,Tomato,EB,closed,f4f9d11d40e368b2,Early Blight
Z:\Projects\Smart-Farming\Datasets\final_combined_datasets\TLUE\EB\TLUE_EB_433.jpg,Tomato,EB,closed,e5ec6f2950d2887a,Early Blight
Z:\Projects\Smart-Farming\Datasets\final_combined_datasets\TLUE\EB\TLUE_EB_435.jpg,Tomato,EB,closed,c6682cf71ce3b01e,Early Blight
Z:\Projects\Smart-Farming\Datasets\final_combined_datasets\TLUE\EB\TLUE_EB_436.jpg,Tomato,EB,closed,9bbaa45826a570e7,Early Blight
Z:\Projects\Smart-Farming\Datasets\final_combined_datasets\TLUE\EB\TLUE_EB_437.jpg,Tomato,EB,closed,f8e5cdca939c5224,Early Blight
Z:\Projects\Smart-Farming\Datasets\final_combined_datasets\TLUE\EB\TLUE_EB_438.jpg,Tomato,EB,closed,ec64666b21b99d07,Early Blight
Z:\Projects\Smart-Farming\Datasets\final_combined_datasets\TLUE\EB\TLUE_EB_439.jpg,Tomato,EB,closed,9fa88ab5a1fe0711,Early Blight
Z:\Projects\Smart-Farming\Datasets\final_combined_datasets\TLUE\EB\TLUE_EB_440.jpg,Tomato,EB,closed,e9b6e223cb173483,Early Blight
Z:\Projects\Smart-Farming\Datasets\final_combined_datasets\TLUE\EB\TLUE_EB_441.jpg,Tomato,EB,closed,db9b21c49f9f041c,Early Blight
Z:\Projects\Smart-Farming\Datasets\final_combined_datasets\TLUE\EB\TLUE_EB_442.jpg,Tomato,EB,closed,d8851acb1a9f3a72,Early Blight
Z:\Projects\Smart-Farming\Datasets\final_combined_datasets\TLUE\EB\TLUE_EB_443.jpg,Tomato,EB,closed,8fc586b4c81e69d9,Early Blight
Z:\Projects\Smart-Farming\Datasets\final_combined_datasets\TLUE\EB\TLUE_EB_444.jpg,Tomato,EB,closed,8a9b3c6dc79c8a25,Early Blight
Z:\Projects\Smart-Farming\Datasets\final_combined_datasets\TLUE\EB\TLUE_EB_445.jpg,Tomato,EB,closed,d3157772c13a2656,Early Blight
Z:\Projects\Smart-Farming\Datasets\final_combined_datasets\TLUE\EB\TLUE_EB_446.jpg,Tomato,EB,closed,d22ae160536b2d9f,Early Blight
Z:\Projects\Smart-Farming\Datasets\final_combined_datasets\TLUE\LB\TLUE_LB_251.jpg,Tomato,LB,closed,c9ad35a9a9a362a9,Late Blight
Z:\Projects\Smart-Farming\Datasets\final_combined_datasets\TLUE\LB\TLUE_LB_252.jpg,Tomato,LB,closed,cc46f55a0dd0a9b6,Late Blight
Z:\Projects\Smart-Farming\Datasets\final_combined_datasets\TLUE\LB\TLUE_LB_253.jpg,Tomato,LB,closed,9d76255bda08b9a4,Late Blight
Z:\Projects\Smart-Farming\Datasets\final_combined_datasets\TLUE\LB\TLUE_LB_254.jpg,Tomato,LB,closed,d99c1dd126e7c158,Late Blight
Z:\Projects\Smart-Farming\Datasets\final_combined_datasets\TLUE\LB\TLUE_LB_255.jpg,Tomato,LB,closed,82979d4feb35860c,Late Blight
Z:\Projects\Smart-Farming\Datasets\final_combined_datasets\TLUE\LB\TLUE_LB_256.jpg,Tomato,LB,closed,abc5c5256a2c7374,Late Blight
Z:\Projects\Smart-Farming\Datasets\final_combined_datasets\TLUE\LB\TLUE_LB_257.jpg,Tomato,LB,closed,d2ce4f41b93c1cb1,Late Blight
Z:\Projects\Smart-Farming\Datasets\final_combined_datasets\TLUE\LB\TLUE_LB_258.jpg,Tomato,LB,closed,dab5610b732cc639,Late Blight
Z:\Projects\Smart-Farming\Datasets\final_combined_datasets\TLUE\LB\TLUE_LB_259.jpg,Tomato,LB,closed,87f6484c6b0d6657,Late Blight
Z:\Projects\Smart-Farming\Datasets\final_combined_datasets\TLUE\LB\TLUE_LB_260.jpg,Tomato,LB,closed,c6b12f0eb59743c8,Late Blight
Z:\Projects\Smart-Farming\Datasets\final_combined_datasets\TLUE\LB\TLUE_LB_261.jpg,Tomato,LB,closed,99d5292c8e9b27a6,Late Blight
Z:\Projects\Smart-Farming\Datasets\final_combined_datasets\TLUE\LB\TLUE_LB_262.jpg,Tomato,LB,closed,993919911b8be4fc,Late Blight
Z:\Projects\Smart-Farming\Datasets\final_combined_datasets\TLUE\LB\TLUE_LB_263.jpg,Tomato,LB,closed,ecaf267425794913,Late Blight
Z:\Projects\Smart-Farming\Datasets\final_combined_datasets\TLUE\LB\TLUE_LB_264.jpg,Tomato,LB,closed,94d96c96396c8f49,Late Blight
Z:\Projects\Smart-Farming\Datasets\final_combined_datasets\TLUE\LB\TLUE_LB_265.jpg,Tomato,LB,closed,dba1b3da704e5708,Late Blight
Z:\Projects\Smart-Farming\Datasets\final_combined_datasets\TLUE\LB\TLUE_LB_266.jpg,Tomato,LB,closed,87da7a6c8950d5d1,Late Blight
Z:\Projects\Smart-Farming\Datasets\final_combined_datasets\TLUE\LB\TLUE_LB_267.jpg,Tomato,LB,closed,d2e3346a691769ac,Late Blight
Z:\Projects\Smart-Farming\Datasets\final_combined_datasets\TLUE\LB\TLUE_LB_268.jpg,Tomato,LB,closed,c0f00d91bce772cd,Late Blight
Z:\Projects\Smart-Farming\Datasets\final_combined_datasets\TLUE\LB\TLUE_LB_269.jpg,Tomato,LB,closed,92b6f7a34189ae52,Late Blight
Z:\Projects\Smart-Farming\Datasets\final_combined_datasets\TLUE\LB\TLUE_LB_270.jpg,Tomato,LB,closed,c39f44bc0d9c21f3,Late Blight
Z:\Projects\Smart-Farming\Datasets\final_combined_datasets\TLUE\LB\TLUE_LB_271.jpg,Tomato,LB,closed,e081d0b8bd706eee,Late Blight
Z:\Projects\Smart-Farming\Datasets\final_combined_datasets\TLUE\LB\TLUE_LB_272.jpg,Tomato,LB,closed,925b4a170f7cb139,Late Blight
Z:\Projects\Smart-Farming\Datasets\final_combined_datasets\TLUE\LB\TLUE_LB_273.jpg,Tomato,LB,closed,857f060aab0b717e,Late Blight
Z:\Projects\Smart-Farming\Datasets\final_combined_datasets\TLUE\LB\TLUE_LB_274.jpg,Tomato,LB,closed,cde2475af0c91e2c,Late Blight
Z:\Projects\Smart-Farming\Datasets\final_combined_datasets\TLUE\LB\TLUE_LB_275.jpg,Tomato,LB,closed,dfdf2b1a842d08a6,Late Blight
Z:\Projects\Smart-Farming\Datasets\final_combined_datasets\TLUE\LB\TLUE_LB_276.jpg,Tomato,LB,closed,ed91dea5693a209a,Late Blight
Z:\Projects\Smart-Farming\Datasets\final_combined_datasets\TLUE\LB\TLUE_LB_277.jpg,Tomato,LB,closed,ca2337af0ddc1651,Late Blight
Z:\Projects\Smart-Farming\Datasets\final_combined_datasets\TLUE\LB\TLUE_LB_278.jpg,Tomato,LB,closed,9e5e7511ef411c8a,Late Blight
Z:\Projects\Smart-Farming\Datasets\final_combined_datasets\TLUE\LB\TLUE_LB_279.jpg,Tomato,LB,closed,92d63d61466c5de1,Late Blight
Z:\Projects\Smart-Farming\Datasets\final_combined_datasets\TLUE\LB\TLUE_LB_280.jpg,Tomato,LB,closed,cd36bae13264929b,Late Blight
Z:\Projects\Smart-Farming\Datasets\final_combined_datasets\TLUE\LB\TLUE_LB_281.jpg,Tomato,LB,closed,92ec92dbd9a68a15,Late Blight
Z:\Projects\Smart-Farming\Datasets\final_combined_datasets\TLUE\LB\TLUE_LB_282.jpg,Tomato,LB,closed,850617d3585c4f6f,Late Blight
Z:\Projects\Smart-Farming\Datasets\final_combined_datasets\TLUE\LB\TLUE_LB_283.jpg,Tomato,LB,closed,91e5741ba5821d3f,Late Blight
Z:\Projects\Smart-Farming\Datasets\final_combined_datasets\TLUE\LB\TLUE_LB_284.jpg,Tomato,LB,closed,d54b4a4d93a685b3,Late Blight
Z:\Projects\Smart-Farming\Datasets\final_combined_datasets\TLUE\LB\TLUE_LB_285.jpg,Tomato,LB,closed,dff0b01c649394f4,Late Blight
Z:\Projects\Smart-Farming\Datasets\final_combined_datasets\TLUE\LB\TLUE_LB_286.jpg,Tomato,LB,closed,c84d7fb6b1881ec1,Late Blight
Z:\Projects\Smart-Farming\Datasets\final_combined_datasets\TLUE\LB\TLUE_LB_287.jpg,Tomato,LB,closed,918aafe33864b27c,Late Blight
Z:\Projects\Smart-Farming\Datasets\final_combined_datasets\TLUE\LB\TLUE_LB_288.jpg,Tomato,LB,closed,dfbf6c694a068d01,Late Blight
Z:\Projects\Smart-Farming\Datasets\final_combined_datasets\TLUE\LB\TLUE_LB_289.jpg,Tomato,LB,closed,ed930fbcd3871481,Late Blight
Z:\Projects\Smart-Farming\Datasets\final_combined_datasets\TLUE\LB\TLUE_LB_290.jpg,Tomato,LB,closed,96f1b8238734c9b6,Late Blight
Z:\Projects\Smart-Farming\Datasets\final_combined_datasets\TLUE\LB\TLUE_LB_291.jpg,Tomato,LB,closed,c5a388b4b74299dd,Late Blight
Z:\Projects\Smart-Farming\Datasets\final_combined_datasets\TLUE\LB\TLUE_LB_292.jpg,Tomato,LB,closed,8e9726c09f6e23b4,Late Blight
Z:\Projects\Smart-Farming\Datasets\final_combined_datasets\TLUE\LB\TLUE_LB_293.jpg,Tomato,LB,closed,8e0593da957aad43,Late Blight
Z:\Projects\Smart-Farming\Datasets\final_combined_datasets\TLUE\LB\TLUE_LB_294.jpg,Tomato,LB,closed,be9881742b3d6671,Late Blight
Z:\Projects\Smart-Farming\Datasets\final_combined_datasets\TLUE\LB\TLUE_LB_295.jpg,Tomato,LB,closed,9d62655b9ead3824,Late Blight
Z:\Projects\Smart-Farming\Datasets\final_combined_datasets\TLUE\LB\TLUE_LB_296.jpg,Tomato,LB,closed,f4b4247e2661495f,Late Blight
Z:\Projects\Smart-Farming\Datasets\final_combined_datasets\TLUE\LB\TLUE_LB_297.jpg,Tomato,LB,closed,e883ce4dd6339e60,Late Blight
Z:\Projects\Smart-Farming\Datasets\final_combined_datasets\TLUE\LB\TLUE_LB_298.jpg,Tomato,LB,closed,e4463cda92396d95,Late Blight
Z:\Projects\Smart-Farming\Datasets\final_combined_datasets\TLUE\LB\TLUE_LB_299.jpg,Tomato,LB,closed,a7fe6e52e324184a,Late Blight
Z:\Projects\Smart-Farming\Datasets\final_combined_datasets\TLUE\LB\TLUE_LB_300.jpg,Tomato,LB,closed,ef56c02c96529b8d,Late Blight
Z:\Projects\Smart-Farming\Datasets\final_combined_datasets\TLUE\LB\TLUE_LB_301.jpg,Tomato,LB,closed,c5fe46b01c782717,Late Blight
Z:\Projects\Smart-Farming\Datasets\final_combined_datasets\TLUE\LB\TLUE_LB_302.jpg,Tomato,LB,closed,e2e21df848c6bc1b,Late Blight
Z:\Projects\Smart-Farming\Datasets\final_combined_datasets\TLUE\LB\TLUE_LB_303.jpg,Tomato,LB,closed,9f3b1b926a0dc4e1,Late Blight
Z:\Projects\Smart-Farming\Datasets\final_combined_datasets\TLUE\LB\TLUE_LB_304.jpg,Tomato,LB,closed,c897f5d1554c6e09,Late Blight
Z:\Projects\Smart-Farming\Datasets\final_combined_datasets\TLUE\LB\TLUE_LB_305.jpg,Tomato,LB,closed,95b772c26e6a5384,Late Blight
Z:\Projects\Smart-Farming\Datasets\final_combined_datasets\TLUE\LB\TLUE_LB_306.jpg,Tomato,LB,closed,c6193f6130b9a5d6,Late Blight
Z:\Projects\Smart-Farming\Datasets\final_combined_datasets\TLUE\LB\TLUE_LB_307.jpg,Tomato,LB,closed,de192960c3979f49,Late Blight
Z:\Projects\Smart-Farming\Datasets\final_combined_datasets\TLUE\LB\TLUE_LB_308.jpg,Tomato,LB,closed,f14c8fa696994c33,Late Blight
Z:\Projects\Smart-Farming\Datasets\final_combined_datasets\TLUE\LB\TLUE_LB_309.jpg,Tomato,LB,closed,81427ddaac457a57,Late Blight
Z:\Projects\Smart-Farming\Datasets\final_combined_datasets\TLUE\LB\TLUE_LB_310.jpg,Tomato,LB,closed,829ddc6c627454fa,Late Blight
Z:\Projects\Smart-Farming\Datasets\final_combined_datasets\TLUE\LB\TLUE_LB_311.jpg,Tomato,LB,closed,9751704bbe5ee051,Late Blight
Z:\Projects\Smart-Farming\Datasets\final_combined_datasets\TLUE\LB\TLUE_LB_312.jpg,Tomato,LB,closed,a8f61d018d6c5aeb,Late Blight
Z:\Projects\Smart-Farming\Datasets\final_combined_datasets\TLUE\LB\TLUE_LB_313.jpg,Tomato,LB,closed,c24f6f5f3e248590,Late Blight
Z:\Projects\Smart-Farming\Datasets\final_combined_datasets\TLUE\LB\TLUE_LB_314.jpg,Tomato,LB,closed,98bdf5815319e92c,Late Blight
Z:\Projects\Smart-Farming\Datasets\final_combined_datasets\TLUE\LB\TLUE_LB_315.jpg,Tomato,LB,closed,c8b7236807333bf8,Late Blight
Z:\Projects\Smart-Farming\Datasets\final_combined_datasets\TLUE\LB\TLUE_LB_316.jpg,Tomato,LB,closed,d2e1346b615769a6,Late Blight
Z:\Projects\Smart-Farming\Datasets\final_combined_datasets\TLUE\LB\TLUE_LB_317.jpg,Tomato,LB,closed,9ab4d2934b460f1f,Late Blight
Z:\Projects\Smart-Farming\Datasets\final_combined_datasets\TLUE\LB\TLUE_LB_318.jpg,Tomato,LB,closed,81c4513c6e379abb,Late Blight
Z:\Projects\Smart-Farming\Datasets\final_combined_datasets\TLUE\LB\TLUE_LB_319.jpg,Tomato,LB,closed,ce0f653213791573,Late Blight
Z:\Projects\Smart-Farming\Datasets\final_combined_datasets\TLUE\LB\TLUE_LB_320.jpg,Tomato,LB,closed,fd698b2d70e035d0,Late Blight
Z:\Projects\Smart-Farming\Datasets\final_combined_datasets\TLUE\LB\TLUE_LB_321.jpg,Tomato,LB,closed,b7f56051865c9c8e,Late Blight
Z:\Projects\Smart-Farming\Datasets\final_combined_datasets\TLUE\LB\TLUE_LB_322.jpg,Tomato,LB,closed,a9931ed2e4ac319e,Late Blight
Z:\Projects\Smart-Farming\Datasets\final_combined_datasets\TLUE\LB\TLUE_LB_323.jpg,Tomato,LB,closed,e100781fce833ff1,Late Blight
Z:\Projects\Smart-Farming\Datasets\final_combined_datasets\TLUE\LB\TLUE_LB_324.jpg,Tomato,LB,closed,ed85c0f8dee92341,Late Blight
Z:\Projects\Smart-Farming\Datasets\final_combined_datasets\TLUE\LB\TLUE_LB_325.jpg,Tomato,LB,closed,eec294edb0d650a5,Late Blight
Z:\Projects\Smart-Farming\Datasets\final_combined_datasets\TLUE\LB\TLUE_LB_326.jpg,Tomato,LB,closed,f080e989f35614f7,Late Blight
Z:\Projects\Smart-Farming\Datasets\final_combined_datasets\TLUE\LB\TLUE_LB_327.jpg,Tomato,LB,closed,d6969ed0f10cc86e,Late Blight
Z:\Projects\Smart-Farming\Datasets\final_combined_datasets\TLUE\LB\TLUE_LB_328.jpg,Tomato,LB,closed,8dac37edf182ec40,Late Blight
Z:\Projects\Smart-Farming\Datasets\final_combined_datasets\TLUE\LB\TLUE_LB_329.jpg,Tomato,LB,closed,f936cb3392dd2184,Late Blight
Z:\Projects\Smart-Farming\Datasets\final_combined_datasets\TLUE\LB\TLUE_LB_330.jpg,Tomato,LB,closed,9398010307dfcff3,Late Blight
Z:\Projects\Smart-Farming\Datasets\final_combined_datasets\TLUE\LB\TLUE_LB_331.jpg,Tomato,LB,closed,c6236ed1bd09d235,Late Blight
Z:\Projects\Smart-Farming\Datasets\final_combined_datasets\TLUE\LB\TLUE_LB_332.jpg,Tomato,LB,closed,f8980c4dc03ed4df,Late Blight
Z:\Projects\Smart-Farming\Datasets\final_combined_datasets\TLUE\LB\TLUE_LB_333.jpg,Tomato,LB,closed,d52a6e9d9a54d88a,Late Blight
Z:\Projects\Smart-Farming\Datasets\final_combined_datasets\TLUE\LB\TLUE_LB_334.jpg,Tomato,LB,closed,d4a52b4cb59552d9,Late Blight
Z:\Projects\Smart-Farming\Datasets\final_combined_datasets\TLUE\LB\TLUE_LB_335.jpg,Tomato,LB,closed,cd32099837badd70,Late Blight
Z:\Projects\Smart-Farming\Datasets\final_combined_datasets\TLUE\LB\TLUE_LB_336.jpg,Tomato,LB,closed,ca8f326b81cd22f3,Late Blight
Z:\Projects\Smart-Farming\Datasets\final_combined_datasets\TLUE\LB\TLUE_LB_337.jpg,Tomato,LB,closed,dd1fa10e4897e887,Late Blight
Z:\Projects\Smart-Farming\Datasets\final_combined_datasets\TLUE\LB\TLUE_LB_338.jpg,Tomato,LB,closed,887238853ef476ba,Late Blight
Z:\Projects\Smart-Farming\Datasets\final_combined_datasets\TLUE\LB\TLUE_LB_339.jpg,Tomato,LB,closed,c5f1f3e0c4193587,Late Blight
Z:\Projects\Smart-Farming\Datasets\final_combined_datasets\TLUE\LB\TLUE_LB_340.jpg,Tomato,LB,closed,d2b6793837194e13,Late Blight
Z:\Projects\Smart-Farming\Datasets\final_combined_datasets\TLUE\LB\TLUE_LB_341.jpg,Tomato,LB,closed,d7b668c0b84aaf0b,Late Blight
Z:\Projects\Smart-Farming\Datasets\final_combined_datasets\TLUE\LB\TLUE_LB_342.jpg,Tomato,LB,closed,cb327482d0d58afe,Late Blight
Z:\Projects\Smart-Farming\Datasets\final_combined_datasets\TLUE\LB\TLUE_LB_343.jpg,Tomato,LB,closed,a5f2929e3991c347,Late Blight
Z:\Projects\Smart-Farming\Datasets\final_combined_datasets\TLUE\LB\TLUE_LB_344.jpg,Tomato,LB,closed,aa3592fadaed8601,Late Blight
Z:\Projects\Smart-Farming\Datasets\final_combined_datasets\TLUE\LB\TLUE_LB_345.jpg,Tomato,LB,closed,9cd870fcdc0636d1,Late Blight
Z:\Projects\Smart-Farming\Datasets\final_combined_datasets\TLUE\LB\TLUE_LB_346.jpg,Tomato,LB,closed,8c34369a92e7e956,Late Blight
Z:\Projects\Smart-Farming\Datasets\final_combined_datasets\TLUE\LB\TLUE_LB_347.jpg,Tomato,LB,closed,d2a71e183f58f306,Late Blight
Z:\Projects\Smart-Farming\Datasets\final_combined_datasets\TLUE\LB\TLUE_LB_348.jpg,Tomato,LB,closed,feb98419fa8e60e0,Late Blight
Z:\Projects\Smart-Farming\Datasets\final_combined_datasets\TLUE\LB\TLUE_LB_349.jpg,Tomato,LB,closed,c82333c6ad4c16fb,Late Blight
Z:\Projects\Smart-Farming\Datasets\final_combined_datasets\TLUE\LB\TLUE_LB_350.jpg,Tomato,LB,closed,c7e322f614dcab03,Late Blight
Z:\Projects\Smart-Farming\Datasets\final_combined_datasets\TLUE\LB\TLUE_LB_351.jpg,Tomato,LB,closed,91e34303e0fc3e1f,Late Blight
Z:\Projects\Smart-Farming\Datasets\final_combined_datasets\TLUE\LB\TLUE_LB_352.jpg,Tomato,LB,closed,84d923ee4e1c9cb9,Late Blight
Z:\Projects\Smart-Farming\Datasets\final_combined_datasets\TLUE\LB\TLUE_LB_353.jpg,Tomato,LB,closed,d5873fb1836cc14c,Late Blight
Z:\Projects\Smart-Farming\Datasets\final_combined_datasets\TLUE\LB\TLUE_LB_354.jpg,Tomato,LB,closed,8a4ba5f09ae90dea,Late Blight
Z:\Projects\Smart-Farming\Datasets\final_combined_datasets\TLUE\LB\TLUE_LB_355.jpg,Tomato,LB,closed,e10c3971b68fc89e,Late Blight
Z:\Projects\Smart-Farming\Datasets\final_combined_datasets\TLUE\LB\TLUE_LB_356.jpg,Tomato,LB,closed,a7d24d14594be64b,Late Blight
Z:\Projects\Smart-Farming\Datasets\final_combined_datasets\TLUE\LB\TLUE_LB_357.jpg,Tomato,LB,closed,d591b8dc364d7886,Late Blight
Z:\Projects\Smart-Farming\Datasets\final_combined_datasets\TLUE\LB\TLUE_LB_358.jpg,Tomato,LB,closed,cb52332cc7b068d7,Late Blight
Z:\Projects\Smart-Farming\Datasets\final_combined_datasets\TLUE\LB\TLUE_LB_359.jpg,Tomato,LB,closed,820d1be6c9e02b7f,Late Blight
Z:\Projects\Smart-Farming\Datasets\final_combined_datasets\TLUE\LB\TLUE_LB_360.jpg,Tomato,LB,closed,9afdac8524966b49,Late Blight
Z:\Projects\Smart-Farming\Datasets\final_combined_datasets\TLUE\LB\TLUE_LB_361.jpg,Tomato,LB,closed,91b4221d7d694bae,Late Blight
Z:\Projects\Smart-Farming\Datasets\final_combined_datasets\TLUE\LB\TLUE_LB_362.jpg,Tomato,LB,closed,87817c0e8e1eee27,Late Blight
Z:\Projects\Smart-Farming\Datasets\final_combined_datasets\TLUE\LB\TLUE_LB_363.jpg,Tomato,LB,closed,d70b4574aeb329a2,Late Blight
Z:\Projects\Smart-Farming\Datasets\final_combined_datasets\TLUE\LB\TLUE_LB_364.jpg,Tomato,LB,closed,963e256aaf4c9859,Late Blight
Z:\Projects\Smart-Farming\Datasets\final_combined_datasets\TLUE\LB\TLUE_LB_365.jpg,Tomato,LB,closed,f4b1cfc2d0a46e1a,Late Blight
Z:\Projects\Smart-Farming\Datasets\final_combined_datasets\TLUE\LB\TLUE_LB_366.jpg,Tomato,LB,closed,fee280a49b3fd019,Late Blight
Z:\Projects\Smart-Farming\Datasets\final_combined_datasets\TLUE\LB\TLUE_LB_367.jpg,Tomato,LB,closed,e24a9db4654f6127,Late Blight
Z:\Projects\Smart-Farming\Datasets\final_combined_datasets\TLUE\LB\TLUE_LB_368.jpg,Tomato,LB,closed,b8fa06c39635b594,Late Blight
Z:\Projects\Smart-Farming\Datasets\final_combined_datasets\TLUE\LB\TLUE_LB_369.jpg,Tomato,LB,closed,f6b1c51bc68c9986,Late Blight
Z:\Projects\Smart-Farming\Datasets\final_combined_datasets\TLUE\LB\TLUE_LB_370.jpg,Tomato,LB,closed,8c5379367b29c8a5,Late Blight
Z:\Projects\Smart-Farming\Datasets\final_combined_datasets\TLUE\LB\TLUE_LB_371.jpg,Tomato,LB,closed,e369b45d34563931,Late Blight
Z:\Projects\Smart-Farming\Datasets\final_combined_datasets\TLUE\LB\TLUE_LB_372.jpg,Tomato,LB,closed,cc87f36863b60d52,Late Blight
Z:\Projects\Smart-Farming\Datasets\final_combined_datasets\TLUE\LB\TLUE_LB_373.jpg,Tomato,LB,closed,a9e8c34dc99d1e92,Late Blight
Z:\Projects\Smart-Farming\Datasets\final_combined_datasets\TLUE\LB\TLUE_LB_374.jpg,Tomato,LB,closed,849169765a8f9de8,Late Blight
Z:\Projects\Smart-Farming\Datasets\final_combined_datasets\TLUE\LB\TLUE_LB_375.jpg,Tomato,LB,closed,cfbc22e80b9626cb,Late Blight
Z:\Projects\Smart-Farming\Datasets\final_combined_datasets\TLUE\LB\TLUE_LB_376.jpg,Tomato,LB,closed,936793c6d264366c,Late Blight
Z:\Projects\Smart-Farming\Datasets\final_combined_datasets\TLUE\LB\TLUE_LB_377.jpg,Tomato,LB,closed,89cf21a95b65663c,Late Blight
Z:\Projects\Smart-Farming\Datasets\final_combined_datasets\TLUE\LB\TLUE_LB_378.jpg,Tomato,LB,closed,cd6033ded0bbc3a0,Late Blight
Z:\Projects\Smart-Farming\Datasets\final_combined_datasets\TLUE\LB\TLUE_LB_379.jpg,Tomato,LB,closed,8fd261e570b03d8d,Late Blight
Z:\Projects\Smart-Farming\Datasets\final_combined_datasets\TLUE\LB\TLUE_LB_380.jpg,Tomato,LB,closed,99353ce4c63e40cf,Late Blight
Z:\Projects\Smart-Farming\Datasets\final_combined_datasets\TLUE\LB\TLUE_LB_381.jpg,Tomato,LB,closed,c05d7900b6b5dfd0,Late Blight
Z:\Projects\Smart-Farming\Datasets\final_combined_datasets\TLUE\LB\TLUE_LB_382.jpg,Tomato,LB,closed,fb7a58e423664c34,Late Blight
Z:\Projects\Smart-Farming\Datasets\final_combined_datasets\TLUE\LB\TLUE_LB_383.jpg,Tomato,LB,closed,d8d4f6666f4f0a40,Late Blight
Z:\Projects\Smart-Farming\Datasets\final_combined_datasets\TLUE\LB\TLUE_LB_384.jpg,Tomato,LB,closed,8b8e47ce583f4607,Late Blight
Z:\Projects\Smart-Farming\Datasets\final_combined_datasets\TLUE\LB\TLUE_LB_385.jpg,Tomato,LB,closed,c9872e7f8734f082,Late Blight
Z:\Projects\Smart-Farming\Datasets\final_combined_datasets\TLUE\LB\TLUE_LB_386.jpg,Tomato,LB,closed,ff22e1bb9861ca0c,Late Blight
Z:\Projects\Smart-Farming\Datasets\final_combined_datasets\TLUE\LB\TLUE_LB_387.jpg,Tomato,LB,closed,9aa70c697d9bc027,Late Blight
Z:\Projects\Smart-Farming\Datasets\final_combined_datasets\TLUE\LB\TLUE_LB_388.jpg,Tomato,LB,closed,9fe82d9463b14ca6,Late Blight
Z:\Projects\Smart-Farming\Datasets\final_combined_datasets\TLUE\LB\TLUE_LB_389.jpg,Tomato,LB,closed,e55cdce3c905161d,Late Blight
Z:\Projects\Smart-Farming\Datasets\final_combined_datasets\TLUE\LB\TLUE_LB_390.jpg,Tomato,LB,closed,f04a5510c31e39ff,Late Blight
Z:\Projects\Smart-Farming\Datasets\final_combined_datasets\TLUE\LB\TLUE_LB_391.jpg,Tomato,LB,closed,8ce5545f7a0aa738,Late Blight
Z:\Projects\Smart-Farming\Datasets\final_combined_datasets\TLUE\LB\TLUE_LB_392.jpg,Tomato,LB,closed,c296c0cd1997c74f,Late Blight
Z:\Projects\Smart-Farming\Datasets\final_combined_datasets\TLUE\LB\TLUE_LB_393.jpg,Tomato,LB,closed,c5316fde27a8d0c8,Late Blight
Z:\Projects\Smart-Farming\Datasets\final_combined_datasets\TLUE\LB\TLUE_LB_394.jpg,Tomato,LB,closed,85927e3fd2699584,Late Blight
Z:\Projects\Smart-Farming\Datasets\final_combined_datasets\TLUE\LB\TLUE_LB_395.jpg,Tomato,LB,closed,da99683469376527,Late Blight
Z:\Projects\Smart-Farming\Datasets\final_combined_datasets\TLUE\LB\TLUE_LB_396.jpg,Tomato,LB,closed,8b02b525da5ec99d,Late Blight
Z:\Projects\Smart-Farming\Datasets\final_combined_datasets\TLUE\LB\TLUE_LB_397.jpg,Tomato,LB,closed,c2fcce0b88495977,Late Blight
Z:\Projects\Smart-Farming\Datasets\final_combined_datasets\TLUE\LB\TLUE_LB_398.jpg,Tomato,LB,closed,d79ab1c4c07c7e14,Late Blight
Z:\Projects\Smart-Farming\Datasets\final_combined_datasets\TLUE\LB\TLUE_LB_399.jpg,Tomato,LB,closed,82123c2edbdb53c6,Late Blight
Z:\Projects\Smart-Farming\Datasets\final_combined_datasets\TLUE\LB\TLUE_LB_400.jpg,Tomato,LB,closed,d02f4f2deac9049e,Late Blight
Z:\Projects\Smart-Farming\Datasets\final_combined_datasets\TLUE\LB\TLUE_LB_401.jpg,Tomato,LB,closed,c2353dcaf8a78718,Late Blight
Z:\Projects\Smart-Farming\Datasets\final_combined_datasets\TLUE\LB\TLUE_LB_402.jpg,Tomato,LB,closed,990e87c31379cec3,Late Blight
Z:\Projects\Smart-Farming\Datasets\final_combined_datasets\TLUE\LB\TLUE_LB_403.jpg,Tomato,LB,closed,de0b546e8cb5283e,Late Blight
Z:\Projects\Smart-Farming\Datasets\final_combined_datasets\TLUE\LB\TLUE_LB_404.jpg,Tomato,LB,closed,817f6aa4bda1d416,Late Blight
Z:\Projects\Smart-Farming\Datasets\final_combined_datasets\TLUE\LB\TLUE_LB_405.jpg,Tomato,LB,closed,93786e3c3c3331c6,Late Blight
Z:\Projects\Smart-Farming\Datasets\final_combined_datasets\TLUE\LB\TLUE_LB_406.jpg,Tomato,LB,closed,d3fa6ac1254e3c68,Late Blight
Z:\Projects\Smart-Farming\Datasets\final_combined_datasets\TLUE\LB\TLUE_LB_407.jpg,Tomato,LB,closed,b5d92293cdc8496b,Late Blight
Z:\Projects\Smart-Farming\Datasets\final_combined_datasets\TLUE\LB\TLUE_LB_408.jpg,Tomato,LB,closed,baaa2b40c5b5923f,Late Blight
Z:\Projects\Smart-Farming\Datasets\final_combined_datasets\TLUE\LB\TLUE_LB_409.jpg,Tomato,LB,closed,f1612f879f914a86,Late Blight
Z:\Projects\Smart-Farming\Datasets\final_combined_datasets\TLUE\LB\TLUE_LB_410.jpg,Tomato,LB,closed,bc3d91726685395a,Late Blight
Z:\Projects\Smart-Farming\Datasets\final_combined_datasets\TLUE\LB\TLUE_LB_411.jpg,Tomato,LB,closed,b8b3cd0d4c8a7655,Late Blight
Z:\Projects\Smart-Farming\Datasets\final_combined_datasets\TLUE\LB\TLUE_LB_412.jpg,Tomato,LB,closed,bc1b913ccd703687,Late Blight
Z:\Projects\Smart-Farming\Datasets\final_combined_datasets\TLUE\LB\TLUE_LB_413.jpg,Tomato,LB,closed,acf8fcd84552586c,Late Blight
Z:\Projects\Smart-Farming\Datasets\final_combined_datasets\TLUE\LB\TLUE_LB_414.jpg,Tomato,LB,closed,d8f6710d9adca116,Late Blight
Z:\Projects\Smart-Farming\Datasets\final_combined_datasets\TLUE\LB\TLUE_LB_415.jpg,Tomato,LB,closed,9cc14e3cf0bca4b6,Late Blight
Z:\Projects\Smart-Farming\Datasets\final_combined_datasets\TLUE\LB\TLUE_LB_416.jpg,Tomato,LB,closed,af4bd321a4ba7849,Late Blight
Z:\Projects\Smart-Farming\Datasets\final_combined_datasets\TLUE\LB\TLUE_LB_417.jpg,Tomato,LB,closed,93780fc5781e61ce,Late Blight
Z:\Projects\Smart-Farming\Datasets\final_combined_datasets\TLUE\LB\TLUE_LB_418.jpg,Tomato,LB,closed,c9b76a1b268d2956,Late Blight
Z:\Projects\Smart-Farming\Datasets\final_combined_datasets\TLUE\LB\TLUE_LB_001.jpg,Tomato,LB,closed,cfc3708b92570ba5,Late Blight
Z:\Projects\Smart-Farming\Datasets\final_combined_datasets\TLUE\LB\TLUE_LB_005.jpg,Tomato,LB,closed,837f42aaf32354e4,Late Blight
Z:\Projects\Smart-Farming\Datasets\final_combined_datasets\TLUE\LB\TLUE_LB_016.jpg,Tomato,LB,closed,d41778c2675867cc,Late Blight
Z:\Projects\Smart-Farming\Datasets\final_combined_datasets\TLUE\LB\TLUE_LB_026.jpg,Tomato,LB,closed,c29a6d67a76d8c12,Late Blight
Z:\Projects\Smart-Farming\Datasets\final_combined_datasets\TLUE\LB\TLUE_LB_027.jpg,Tomato,LB,closed,da302f2f79a52171,Late Blight
Z:\Projects\Smart-Farming\Datasets\final_combined_datasets\TLUE\LB\TLUE_LB_029.jpg,Tomato,LB,closed,fac2963cc933e40b,Late Blight
Z:\Projects\Smart-Farming\Datasets\final_combined_datasets\TLUE\LB\TLUE_LB_032.jpg,Tomato,LB,closed,d243ee4cb526ec1a,Late Blight
Z:\Projects\Smart-Farming\Datasets\final_combined_datasets\TLUE\LB\TLUE_LB_033.jpg,Tomato,LB,closed,8ecc2f6d2a02f56a,Late Blight
Z:\Projects\Smart-Farming\Datasets\final_combined_datasets\TLUE\LB\TLUE_LB_034.jpg,Tomato,LB,closed,eb0593b7396a608d,Late Blight
Z:\Projects\Smart-Farming\Datasets\final_combined_datasets\TLUE\LB\TLUE_LB_035.jpg,Tomato,LB,closed,dbb693e03cc31c83,Late Blight
Z:\Projects\Smart-Farming\Datasets\final_combined_datasets\TLUE\LB\TLUE_LB_036.jpg,Tomato,LB,closed,e17e76e39b8050e8,Late Blight
Z:\Projects\Smart-Farming\Datasets\final_combined_datasets\TLUE\LB\TLUE_LB_043.jpg,Tomato,LB,closed,c7003bfe481770cf,Late Blight
Z:\Projects\Smart-Farming\Datasets\final_combined_datasets\TLUE\LB\TLUE_LB_045.jpg,Tomato,LB,closed,948c4e1a7ee4cb96,Late Blight
Z:\Projects\Smart-Farming\Datasets\final_combined_datasets\TLUE\LB\TLUE_LB_047.jpg,Tomato,LB,closed,d3b00fd4f96a9095,Late Blight
Z:\Projects\Smart-Farming\Datasets\final_combined_datasets\TLUE\LB\TLUE_LB_048.jpg,Tomato,LB,closed,8cc94aad73b2964d,Late Blight
Z:\Projects\Smart-Farming\Datasets\final_combined_datasets\TLUE\LB\TLUE_LB_051.jpg,Tomato,LB,closed,d5dfa104fc0ad07c,Late Blight
Z:\Projects\Smart-Farming\Datasets\final_combined_datasets\TLUE\LB\TLUE_LB_052.jpg,Tomato,LB,closed,99844759a71d82df,Late Blight
Z:\Projects\Smart-Farming\Datasets\final_combined_datasets\TLUE\LB\TLUE_LB_054.jpg,Tomato,LB,closed,d8c635ca74897639,Late Blight
Z:\Projects\Smart-Farming\Datasets\final_combined_datasets\TLUE\LB\TLUE_LB_055.jpg,Tomato,LB,closed,df1506c28f46c16f,Late Blight
Z:\Projects\Smart-Farming\Datasets\final_combined_datasets\TLUE\LB\TLUE_LB_056.jpg,Tomato,LB,closed,a6fc39081087bfce,Late Blight
Z:\Projects\Smart-Farming\Datasets\final_combined_datasets\TLUE\LB\TLUE_LB_058.jpg,Tomato,LB,closed,9fc7612e56e04af0,Late Blight
Z:\Projects\Smart-Farming\Datasets\final_combined_datasets\TLUE\LB\TLUE_LB_060.jpg,Tomato,LB,closed,a253d90c9f4d758c,Late Blight
Z:\Projects\Smart-Farming\Datasets\final_combined_datasets\TLUE\LB\TLUE_LB_061.jpg,Tomato,LB,closed,9d182ae3ecdd4b90,Late Blight
Z:\Projects\Smart-Farming\Datasets\final_combined_datasets\TLUE\LB\TLUE_LB_062.jpg,Tomato,LB,closed,834e5da78b24bf06,Late Blight
Z:\Projects\Smart-Farming\Datasets\final_combined_datasets\TLUE\LB\TLUE_LB_063.jpg,Tomato,LB,closed,b5b748a41d92e94e,Late Blight
Z:\Projects\Smart-Farming\Datasets\final_combined_datasets\TLUE\LB\TLUE_LB_064.jpg,Tomato,LB,closed,879463e6866e32ad,Late Blight
Z:\Projects\Smart-Farming\Datasets\final_combined_datasets\TLUE\LB\TLUE_LB_065.jpg,Tomato,LB,closed,9d5844bc1b726ac7,Late Blight
Z:\Projects\Smart-Farming\Datasets\final_combined_datasets\TLUE\LB\TLUE_LB_066.jpg,Tomato,LB,closed,822f2b5b5662c5b5,Late Blight
Z:\Projects\Smart-Farming\Datasets\final_combined_datasets\TLUE\LB\TLUE_LB_067.jpg,Tomato,LB,closed,d494ccb89b726ae4,Late Blight
Z:\Projects\Smart-Farming\Datasets\final_combined_datasets\TLUE\LB\TLUE_LB_068.jpg,Tomato,LB,closed,cb396794634c968e,Late Blight
Z:\Projects\Smart-Farming\Datasets\final_combined_datasets\TLUE\LB\TLUE_LB_069.jpg,Tomato,LB,closed,91cc663360b63f33,Late Blight
Z:\Projects\Smart-Farming\Datasets\final_combined_datasets\TLUE\LB\TLUE_LB_070.jpg,Tomato,LB,closed,a7ad4b26c8b1e4b1,Late Blight
Z:\Projects\Smart-Farming\Datasets\final_combined_datasets\TLUE\LB\TLUE_LB_071.jpg,Tomato,LB,closed,d0f17a4f650c6d49,Late Blight
Z:\Projects\Smart-Farming\Datasets\final_combined_datasets\TLUE\LB\TLUE_LB_072.jpg,Tomato,LB,closed,952d32c24b9de51d,Late Blight
Z:\Projects\Smart-Farming\Datasets\final_combined_datasets\TLUE\LB\TLUE_LB_073.jpg,Tomato,LB,closed,949b6664cb3679a1,Late Blight
Z:\Projects\Smart-Farming\Datasets\final_combined_datasets\TLUE\LB\TLUE_LB_074.jpg,Tomato,LB,closed,9e9429f03c5586f5,Late Blight
Z:\Projects\Smart-Farming\Datasets\final_combined_datasets\TLUE\LB\TLUE_LB_075.jpg,Tomato,LB,closed,d5c21e06703f0f3d,Late Blight
Z:\Projects\Smart-Farming\Datasets\final_combined_datasets\TLUE\LB\TLUE_LB_076.jpg,Tomato,LB,closed,90d86b383ec738c7,Late Blight
Z:\Projects\Smart-Farming\Datasets\final_combined_datasets\TLUE\LB\TLUE_LB_077.jpg,Tomato,LB,closed,c4f5e43c6b3a6903,Late Blight
Z:\Projects\Smart-Farming\Datasets\final_combined_datasets\TLUE\LB\TLUE_LB_078.jpg,Tomato,LB,closed,d44d28ca3a9c63bd,Late Blight
Z:\Projects\Smart-Farming\Datasets\final_combined_datasets\TLUE\LB\TLUE_LB_079.jpg,Tomato,LB,closed,95e16a1e0f0b3d9c,Late Blight
Z:\Projects\Smart-Farming\Datasets\final_combined_datasets\TLUE\LB\TLUE_LB_080.jpg,Tomato,LB,closed,c5c6298c799d723a,Late Blight
Z:\Projects\Smart-Farming\Datasets\final_combined_datasets\TLUE\LB\TLUE_LB_081.jpg,Tomato,LB,closed,9fcd686967203770,Late Blight
Z:\Projects\Smart-Farming\Datasets\final_combined_datasets\TLUE\LB\TLUE_LB_082.jpg,Tomato,LB,closed,95057a87e89f60cd,Late Blight
Z:\Projects\Smart-Farming\Datasets\final_combined_datasets\TLUE\LB\TLUE_LB_083.jpg,Tomato,LB,closed,949f3b68e1254b93,Late Blight
Z:\Projects\Smart-Farming\Datasets\final_combined_datasets\TLUE\LB\TLUE_LB_084.jpg,Tomato,LB,closed,95977af02162ab4b,Late Blight
Z:\Projects\Smart-Farming\Datasets\final_combined_datasets\TLUE\LB\TLUE_LB_085.jpg,Tomato,LB,closed,c0cf2e3cb6781aa5,Late Blight
Z:\Projects\Smart-Farming\Datasets\final_combined_datasets\TLUE\LB\TLUE_LB_086.jpg,Tomato,LB,closed,801e7f002df97c6b,Late Blight
Z:\Projects\Smart-Farming\Datasets\final_combined_datasets\TLUE\LB\TLUE_LB_087.jpg,Tomato,LB,closed,d2d51a786a712d71,Late Blight
Z:\Projects\Smart-Farming\Datasets\final_combined_datasets\TLUE\LB\TLUE_LB_088.jpg,Tomato,LB,closed,c3993bc92565b037,Late Blight
Z:\Projects\Smart-Farming\Datasets\final_combined_datasets\TLUE\LB\TLUE_LB_089.jpg,Tomato,LB,closed,99acace684f0d31b,Late Blight
Z:\Projects\Smart-Farming\Datasets\final_combined_datasets\TLUE\LB\TLUE_LB_090.jpg,Tomato,LB,closed,841a7ad933e9e1e1,Late Blight
Z:\Projects\Smart-Farming\Datasets\final_combined_datasets\TLUE\LB\TLUE_LB_091.jpg,Tomato,LB,closed,93cb692b3330b6a9,Late Blight
Z:\Projects\Smart-Farming\Datasets\final_combined_datasets\TLUE\LB\TLUE_LB_092.jpg,Tomato,LB,closed,e8ace6cee3a45642,Late Blight
Z:\Projects\Smart-Farming\Datasets\final_combined_datasets\TLUE\LB\TLUE_LB_093.jpg,Tomato,LB,closed,cce42cda166cbeb0,Late Blight
Z:\Projects\Smart-Farming\Datasets\final_combined_datasets\TLUE\LB\TLUE_LB_094.jpg,Tomato,LB,closed,f1a52b2beadfc002,Late Blight
Z:\Projects\Smart-Farming\Datasets\final_combined_datasets\TLUE\LB\TLUE_LB_095.jpg,Tomato,LB,closed,92bbb2ea8ada34c1,Late Blight
Z:\Projects\Smart-Farming\Datasets\final_combined_datasets\TLUE\LB\TLUE_LB_096.jpg,Tomato,LB,closed,901774610eeaae6f,Late Blight
Z:\Projects\Smart-Farming\Datasets\final_combined_datasets\TLUE\LB\TLUE_LB_097.jpg,Tomato,LB,closed,cf28a950b95e1cd6,Late Blight
Z:\Projects\Smart-Farming\Datasets\final_combined_datasets\TLUE\LB\TLUE_LB_098.jpg,Tomato,LB,closed,d32b6b64a5f63111,Late Blight
Z:\Projects\Smart-Farming\Datasets\final_combined_datasets\TLUE\LB\TLUE_LB_099.jpg,Tomato,LB,closed,d790235c5e586d6c,Late Blight
Z:\Projects\Smart-Farming\Datasets\final_combined_datasets\TLUE\LB\TLUE_LB_100.jpg,Tomato,LB,closed,94e0744f30b333bb,Late Blight
Z:\Projects\Smart-Farming\Datasets\final_combined_datasets\TLUE\LB\TLUE_LB_101.jpg,Tomato,LB,closed,be25d13bc93425d8,Late Blight
Z:\Projects\Smart-Farming\Datasets\final_combined_datasets\TLUE\LB\TLUE_LB_103.jpg,Tomato,LB,closed,879b7be0711170c7,Late Blight
Z:\Projects\Smart-Farming\Datasets\final_combined_datasets\TLUE\LB\TLUE_LB_104.jpg,Tomato,LB,closed,c5a607953c91c87f,Late Blight
Z:\Projects\Smart-Farming\Datasets\final_combined_datasets\TLUE\LB\TLUE_LB_105.jpg,Tomato,LB,closed,906f4b857b87e10e,Late Blight
Z:\Projects\Smart-Farming\Datasets\final_combined_datasets\TLUE\LB\TLUE_LB_106.jpg,Tomato,LB,closed,d68da33c5713b603,Late Blight
Z:\Projects\Smart-Farming\Datasets\final_combined_datasets\TLUE\LB\TLUE_LB_107.jpg,Tomato,LB,closed,b09135cbc2ed0a7e,Late Blight
Z:\Projects\Smart-Farming\Datasets\final_combined_datasets\TLUE\LB\TLUE_LB_108.jpg,Tomato,LB,closed,81be7bf8317870c1,Late Blight
Z:\Projects\Smart-Farming\Datasets\final_combined_datasets\TLUE\LB\TLUE_LB_109.jpg,Tomato,LB,closed,cfcc08db35e04bd8,Late Blight
Z:\Projects\Smart-Farming\Datasets\final_combined_datasets\TLUE\LB\TLUE_LB_110.jpg,Tomato,LB,closed,a0079f1bee3480fd,Late Blight
Z:\Projects\Smart-Farming\Datasets\final_combined_datasets\TLUE\LB\TLUE_LB_111.jpg,Tomato,LB,closed,cadd98232f499d26,Late Blight
Z:\Projects\Smart-Farming\Datasets\final_combined_datasets\TLUE\LB\TLUE_LB_112.jpg,Tomato,LB,closed,d0d72dee353a8912,Late Blight
Z:\Projects\Smart-Farming\Datasets\final_combined_datasets\TLUE\LB\TLUE_LB_113.jpg,Tomato,LB,closed,b49ec3e14d8f24b4,Late Blight
Z:\Projects\Smart-Farming\Datasets\final_combined_datasets\TLUE\LB\TLUE_LB_114.jpg,Tomato,LB,closed,f6f4cccad84af0a0,Late Blight
Z:\Projects\Smart-Farming\Datasets\final_combined_datasets\TLUE\LB\TLUE_LB_115.jpg,Tomato,LB,closed,99e25b18c995a6d6,Late Blight
Z:\Projects\Smart-Farming\Datasets\final_combined_datasets\TLUE\LB\TLUE_LB_116.jpg,Tomato,LB,closed,b2cf63f98d5a2230,Late Blight
Z:\Projects\Smart-Farming\Datasets\final_combined_datasets\TLUE\LB\TLUE_LB_117.jpg,Tomato,LB,closed,9b2a0e6905fdd82d,Late Blight
Z:\Projects\Smart-Farming\Datasets\final_combined_datasets\TLUE\LB\TLUE_LB_118.jpg,Tomato,LB,closed,fdd1cc1fb00193d1,Late Blight
Z:\Projects\Smart-Farming\Datasets\final_combined_datasets\TLUE\LB\TLUE_LB_119.jpg,Tomato,LB,closed,bd6941437331a33d,Late Blight
Z:\Projects\Smart-Farming\Datasets\final_combined_datasets\TLUE\LB\TLUE_LB_120.jpg,Tomato,LB,closed,bbb0b1c9d20ba687,Late Blight
Z:\Projects\Smart-Farming\Datasets\final_combined_datasets\TLUE\LB\TLUE_LB_121.jpg,Tomato,LB,closed,9bb337b8cb001c67,Late Blight
Z:\Projects\Smart-Farming\Datasets\final_combined_datasets\TLUE\LB\TLUE_LB_122.jpg,Tomato,LB,closed,a8de8e8c88f3cb25,Late Blight
Z:\Projects\Smart-Farming\Datasets\final_combined_datasets\TLUE\LB\TLUE_LB_123.jpg,Tomato,LB,closed,acc17373643b80f5,Late Blight
Z:\Projects\Smart-Farming\Datasets\final_combined_datasets\TLUE\LB\TLUE_LB_124.jpg,Tomato,LB,closed,e3c986bd1452b1b5,Late Blight
Z:\Projects\Smart-Farming\Datasets\final_combined_datasets\TLUE\LB\TLUE_LB_125.jpg,Tomato,LB,closed,82117c1f89edc673,Late Blight
Z:\Projects\Smart-Farming\Datasets\final_combined_datasets\TLUE\LB\TLUE_LB_126.jpg,Tomato,LB,closed,81b571405fd21bfa,Late Blight
Z:\Projects\Smart-Farming\Datasets\final_combined_datasets\TLUE\LB\TLUE_LB_127.jpg,Tomato,LB,closed,c193926fb7522d92,Late Blight
Z:\Projects\Smart-Farming\Datasets\final_combined_datasets\TLUE\LB\TLUE_LB_128.jpg,Tomato,LB,closed,c93a337953c2670e,Late Blight
Z:\Projects\Smart-Farming\Datasets\final_combined_datasets\TLUE\LB\TLUE_LB_129.jpg,Tomato,LB,closed,ce18f12fa05b14f5,Late Blight
Z:\Projects\Smart-Farming\Datasets\final_combined_datasets\TLUE\LB\TLUE_LB_130.jpg,Tomato,LB,closed,838e2c15ff51671c,Late Blight
Z:\Projects\Smart-Farming\Datasets\final_combined_datasets\TLUE\LB\TLUE_LB_132.jpg,Tomato,LB,closed,fc5f2bc20a3cb50a,Late Blight
Z:\Projects\Smart-Farming\Datasets\final_combined_datasets\TLUE\LB\TLUE_LB_133.jpg,Tomato,LB,closed,c1a73aa4e61bb516,Late Blight
Z:\Projects\Smart-Farming\Datasets\final_combined_datasets\TLUE\LB\TLUE_LB_135.jpg,Tomato,LB,closed,cba87a97172f60c8,Late Blight
Z:\Projects\Smart-Farming\Datasets\final_combined_datasets\TLUE\LB\TLUE_LB_136.jpg,Tomato,LB,closed,ceb0b31d392e3a0b,Late Blight
Z:\Projects\Smart-Farming\Datasets\final_combined_datasets\TLUE\LB\TLUE_LB_138.jpg,Tomato,LB,closed,f667632009e07ce7,Late Blight
Z:\Projects\Smart-Farming\Datasets\final_combined_datasets\TLUE\LB\TLUE_LB_139.jpg,Tomato,LB,closed,a5b4c8c371bb668c,Late Blight
Z:\Projects\Smart-Farming\Datasets\final_combined_datasets\TLUE\LB\TLUE_LB_140.jpg,Tomato,LB,closed,e94ac6934de43639,Late Blight
Z:\Projects\Smart-Farming\Datasets\final_combined_datasets\TLUE\LB\TLUE_LB_141.jpg,Tomato,LB,closed,e11dd6268bb11af1,Late Blight
Z:\Projects\Smart-Farming\Datasets\final_combined_datasets\TLUE\LB\TLUE_LB_142.jpg,Tomato,LB,closed,e1146a19d23d9cf9,Late Blight
Z:\Projects\Smart-Farming\Datasets\final_combined_datasets\TLUE\LB\TLUE_LB_143.jpg,Tomato,LB,closed,9c129137fa79166c,Late Blight
Z:\Projects\Smart-Farming\Datasets\final_combined_datasets\TLUE\LB\TLUE_LB_144.jpg,Tomato,LB,closed,db96e0649c1e3b31,Late Blight
Z:\Projects\Smart-Farming\Datasets\final_combined_datasets\TLUE\LB\TLUE_LB_145.jpg,Tomato,LB,closed,a485a09bcdf0e3f4,Late Blight
Z:\Projects\Smart-Farming\Datasets\final_combined_datasets\TLUE\LB\TLUE_LB_147.jpg,Tomato,LB,closed,ccf330cb2ee13cc1,Late Blight
Z:\Projects\Smart-Farming\Datasets\final_combined_datasets\TLUE\LB\TLUE_LB_148.jpg,Tomato,LB,closed,85d7544daaa938f8,Late Blight
Z:\Projects\Smart-Farming\Datasets\final_combined_datasets\TLUE\LB\TLUE_LB_149.jpg,Tomato,LB,closed,f7bc62117ac21d0e,Late Blight
Z:\Projects\Smart-Farming\Datasets\final_combined_datasets\TLUE\LB\TLUE_LB_150.jpg,Tomato,LB,closed,b971714ccd6f7240,Late Blight
Z:\Projects\Smart-Farming\Datasets\final_combined_datasets\TLUE\LB\TLUE_LB_151.jpg,Tomato,LB,closed,cccee7636cc0e0f0,Late Blight
Z:\Projects\Smart-Farming\Datasets\final_combined_datasets\TLUE\LB\TLUE_LB_152.jpg,Tomato,LB,closed,cfe32c4679fca108,Late Blight
Z:\Projects\Smart-Farming\Datasets\final_combined_datasets\TLUE\LB\TLUE_LB_153.jpg,Tomato,LB,closed,e065c3119f4e47e6,Late Blight
Z:\Projects\Smart-Farming\Datasets\final_combined_datasets\TLUE\LB\TLUE_LB_155.jpg,Tomato,LB,closed,cc03496d935e525f,Late Blight
Z:\Projects\Smart-Farming\Datasets\final_combined_datasets\TLUE\LB\TLUE_LB_156.jpg,Tomato,LB,closed,b6af315c7554c454,Late Blight
Z:\Projects\Smart-Farming\Datasets\final_combined_datasets\TLUE\LB\TLUE_LB_157.jpg,Tomato,LB,closed,c8fcb8d4c70cce1c,Late Blight
Z:\Projects\Smart-Farming\Datasets\final_combined_datasets\TLUE\LB\TLUE_LB_162.jpg,Tomato,LB,closed,dbcc65113693db30,Late Blight
Z:\Projects\Smart-Farming\Datasets\final_combined_datasets\TLUE\LB\TLUE_LB_164.jpg,Tomato,LB,closed,dd7790a5b0496c5a,Late Blight
Z:\Projects\Smart-Farming\Datasets\final_combined_datasets\TLUE\LB\TLUE_LB_168.jpg,Tomato,LB,closed,b421383e08f7fa47,Late Blight
Z:\Projects\Smart-Farming\Datasets\final_combined_datasets\TLUE\LB\TLUE_LB_169.jpg,Tomato,LB,closed,dad52ee12ee62e20,Late Blight
Z:\Projects\Smart-Farming\Datasets\final_combined_datasets\TLUE\LB\TLUE_LB_170.jpg,Tomato,LB,closed,ce587b99d0692723,Late Blight
Z:\Projects\Smart-Farming\Datasets\final_combined_datasets\TLUE\LB\TLUE_LB_171.jpg,Tomato,LB,closed,c1f94ada67521356,Late Blight
Z:\Projects\Smart-Farming\Datasets\final_combined_datasets\TLUE\LB\TLUE_LB_172.jpg,Tomato,LB,closed,b3807c491ab25bde,Late Blight
Z:\Projects\Smart-Farming\Datasets\final_combined_datasets\TLUE\LB\TLUE_LB_173.jpg,Tomato,LB,closed,d9137f702465866e,Late Blight
Z:\Projects\Smart-Farming\Datasets\final_combined_datasets\TLUE\LB\TLUE_LB_174.jpg,Tomato,LB,closed,fc8f0ec8f80cfcc0,Late Blight
Z:\Projects\Smart-Farming\Datasets\final_combined_datasets\TLUE\LB\TLUE_LB_175.jpg,Tomato,LB,closed,cb6526a2f5c584cd,Late Blight
Z:\Projects\Smart-Farming\Datasets\final_combined_datasets\TLUE\LB\TLUE_LB_176.jpg,Tomato,LB,closed,868d7fbf7820e023,Late Blight
Z:\Projects\Smart-Farming\Datasets\final_combined_datasets\TLUE\LB\TLUE_LB_177.jpg,Tomato,LB,closed,931a39cfc731488f,Late Blight
Z:\Projects\Smart-Farming\Datasets\final_combined_datasets\TLUE\LB\TLUE_LB_178.jpg,Tomato,LB,closed,ea4685f1b2c52e2b,Late Blight
Z:\Projects\Smart-Farming\Datasets\final_combined_datasets\TLUE\LB\TLUE_LB_179.jpg,Tomato,LB,closed,9b785b91895d9c1c,Late Blight
Z:\Projects\Smart-Farming\Datasets\final_combined_datasets\TLUE\LB\TLUE_LB_180.jpg,Tomato,LB,closed,d5492039cacbce3e,Late Blight
Z:\Projects\Smart-Farming\Datasets\final_combined_datasets\TLUE\LB\TLUE_LB_181.jpg,Tomato,LB,closed,aad89505d277cb2a,Late Blight
Z:\Projects\Smart-Farming\Datasets\final_combined_datasets\TLUE\LB\TLUE_LB_182.jpg,Tomato,LB,closed,cafea3c385550e51,Late Blight
Z:\Projects\Smart-Farming\Datasets\final_combined_datasets\TLUE\LB\TLUE_LB_183.jpg,Tomato,LB,closed,e99227caa4033cf7,Late Blight
Z:\Projects\Smart-Farming\Datasets\final_combined_datasets\TLUE\LB\TLUE_LB_184.jpg,Tomato,LB,closed,de1b2838c5e146ed,Late Blight
Z:\Projects\Smart-Farming\Datasets\final_combined_datasets\TLUE\LB\TLUE_LB_185.jpg,Tomato,LB,closed,9deba1cd011b3b1c,Late Blight
Z:\Projects\Smart-Farming\Datasets\final_combined_datasets\TLUE\LB\TLUE_LB_186.jpg,Tomato,LB,closed,9937208376d9675c,Late Blight
Z:\Projects\Smart-Farming\Datasets\final_combined_datasets\TLUE\LB\TLUE_LB_187.jpg,Tomato,LB,closed,930f944cf572643d,Late Blight
Z:\Projects\Smart-Farming\Datasets\final_combined_datasets\TLUE\LB\TLUE_LB_188.jpg,Tomato,LB,closed,db751f8914f6201b,Late Blight
Z:\Projects\Smart-Farming\Datasets\final_combined_datasets\TLUE\LB\TLUE_LB_189.jpg,Tomato,LB,closed,91c21bad571d2e95,Late Blight
Z:\Projects\Smart-Farming\Datasets\final_combined_datasets\TLUE\LB\TLUE_LB_190.jpg,Tomato,LB,closed,9426d215da35eb9c,Late Blight
Z:\Projects\Smart-Farming\Datasets\final_combined_datasets\TLUE\LB\TLUE_LB_191.jpg,Tomato,LB,closed,d4a70e3a3fd93244,Late Blight
Z:\Projects\Smart-Farming\Datasets\final_combined_datasets\TLUE\LB\TLUE_LB_192.jpg,Tomato,LB,closed,e273673998761cc1,Late Blight
Z:\Projects\Smart-Farming\Datasets\final_combined_datasets\TLUE\LB\TLUE_LB_194.jpg,Tomato,LB,closed,d19c3623da4e4747,Late Blight
Z:\Projects\Smart-Farming\Datasets\final_combined_datasets\TLUE\LB\TLUE_LB_195.jpg,Tomato,LB,closed,fa4ac2ae8d388aba,Late Blight
Z:\Projects\Smart-Farming\Datasets\final_combined_datasets\TLUE\LB\TLUE_LB_196.jpg,Tomato,LB,closed,94b2e22deb24d49d,Late Blight
Z:\Projects\Smart-Farming\Datasets\final_combined_datasets\TLUE\LB\TLUE_LB_197.jpg,Tomato,LB,closed,c448314ebb65f077,Late Blight
Z:\Projects\Smart-Farming\Datasets\final_combined_datasets\TLUE\LB\TLUE_LB_198.jpg,Tomato,LB,closed,9d1e38c5ee8c3296,Late Blight
Z:\Projects\Smart-Farming\Datasets\final_combined_datasets\TLUE\LB\TLUE_LB_199.jpg,Tomato,LB,closed,e0fcfee7c2670802,Late Blight
Z:\Projects\Smart-Farming\Datasets\final_combined_datasets\TLUE\LB\TLUE_LB_200.jpg,Tomato,LB,closed,999c75f36623660c,Late Blight
Z:\Projects\Smart-Farming\Datasets\final_combined_datasets\TLUE\LB\TLUE_LB_201.jpg,Tomato,LB,closed,852d73b5aba926a4,Late Blight
Z:\Projects\Smart-Farming\Datasets\final_combined_datasets\TLUE\LB\TLUE_LB_202.jpg,Tomato,LB,closed,80643fcff1b6a03c,Late Blight
Z:\Projects\Smart-Farming\Datasets\final_combined_datasets\TLUE\LB\TLUE_LB_203.jpg,Tomato,LB,closed,dace53cb38b60919,Late Blight
Z:\Projects\Smart-Farming\Datasets\final_combined_datasets\TLUE\LB\TLUE_LB_204.jpg,Tomato,LB,closed,9a7d3cb6e02a49a5,Late Blight
Z:\Projects\Smart-Farming\Datasets\final_combined_datasets\TLUE\LB\TLUE_LB_206.jpg,Tomato,LB,closed,c0c10e6b2faf47e8,Late Blight
Z:\Projects\Smart-Farming\Datasets\final_combined_datasets\TLUE\LB\TLUE_LB_207.jpg,Tomato,LB,closed,911f66937cd0e48b,Late Blight
Z:\Projects\Smart-Farming\Datasets\final_combined_datasets\TLUE\LB\TLUE_LB_208.jpg,Tomato,LB,closed,940d6c4e87b3f3b0,Late Blight
Z:\Projects\Smart-Farming\Datasets\final_combined_datasets\TLUE\LB\TLUE_LB_209.jpg,Tomato,LB,closed,d5fd3262dd1214b8,Late Blight
Z:\Projects\Smart-Farming\Datasets\final_combined_datasets\TLUE\LB\TLUE_LB_210.jpg,Tomato,LB,closed,c5856f50174f15e9,Late Blight
Z:\Projects\Smart-Farming\Datasets\final_combined_datasets\TLUE\LB\TLUE_LB_211.jpg,Tomato,LB,closed,8e5a6570b58e5963,Late Blight
Z:\Projects\Smart-Farming\Datasets\final_combined_datasets\TLUE\LB\TLUE_LB_212.jpg,Tomato,LB,closed,ad8e5cad70b0b455,Late Blight
Z:\Projects\Smart-Farming\Datasets\final_combined_datasets\TLUE\LB\TLUE_LB_213.jpg,Tomato,LB,closed,d6a50a3a6689cfb2,Late Blight
Z:\Projects\Smart-Farming\Datasets\final_combined_datasets\TLUE\LB\TLUE_LB_214.jpg,Tomato,LB,closed,ab8bd786a4b41ca9,Late Blight
Z:\Projects\Smart-Farming\Datasets\final_combined_datasets\TLUE\LB\TLUE_LB_215.jpg,Tomato,LB,closed,add5920bc57651c9,Late Blight
Z:\Projects\Smart-Farming\Datasets\final_combined_datasets\TLUE\LB\TLUE_LB_216.jpg,Tomato,LB,closed,c1b02b5e5e6c6c6c,Late Blight
Z:\Projects\Smart-Farming\Datasets\final_combined_datasets\TLUE\LB\TLUE_LB_217.jpg,Tomato,LB,closed,bc88047455d7e4f6,Late Blight
Z:\Projects\Smart-Farming\Datasets\final_combined_datasets\TLUE\LB\TLUE_LB_219.jpg,Tomato,LB,closed,d8c00f7a5a0eba3d,Late Blight
Z:\Projects\Smart-Farming\Datasets\final_combined_datasets\TLUE\LB\TLUE_LB_220.jpg,Tomato,LB,closed,d19a0d3f617ca721,Late Blight
Z:\Projects\Smart-Farming\Datasets\final_combined_datasets\TLUE\LB\TLUE_LB_221.jpg,Tomato,LB,closed,d3c433b6c32e22ec,Late Blight
Z:\Projects\Smart-Farming\Datasets\final_combined_datasets\TLUE\LB\TLUE_LB_223.jpg,Tomato,LB,closed,d6959ed8f10c4876,Late Blight
Z:\Projects\Smart-Farming\Datasets\final_combined_datasets\TLUE\LB\TLUE_LB_225.jpg,Tomato,LB,closed,d4e52b6825a497ea,Late Blight
Z:\Projects\Smart-Farming\Datasets\final_combined_datasets\TLUE\LB\TLUE_LB_226.jpg,Tomato,LB,closed,84cb3dade5959445,Late Blight
Z:\Projects\Smart-Farming\Datasets\final_combined_datasets\TLUE\LB\TLUE_LB_227.jpg,Tomato,LB,closed,a6a758ad1d93d846,Late Blight
Z:\Projects\Smart-Farming\Datasets\final_combined_datasets\TLUE\LB\TLUE_LB_228.jpg,Tomato,LB,closed,f4f262b11a0c66fa,Late Blight
Z:\Projects\Smart-Farming\Datasets\final_combined_datasets\TLUE\LB\TLUE_LB_229.jpg,Tomato,LB,closed,a5b0bbd790585b89,Late Blight
Z:\Projects\Smart-Farming\Datasets\final_combined_datasets\TLUE\LB\TLUE_LB_230.jpg,Tomato,LB,closed,95fa7a79e820703a,Late Blight
Z:\Projects\Smart-Farming\Datasets\final_combined_datasets\TLUE\LB\TLUE_LB_231.jpg,Tomato,LB,closed,85c33696623ea7b2,Late Blight
Z:\Projects\Smart-Farming\Datasets\final_combined_datasets\TLUE\LB\TLUE_LB_232.jpg,Tomato,LB,closed,846d6fd46e8a2c8d,Late Blight
Z:\Projects\Smart-Farming\Datasets\final_combined_datasets\TLUE\LB\TLUE_LB_233.jpg,Tomato,LB,closed,938be0bce482d6f4,Late Blight
Z:\Projects\Smart-Farming\Datasets\final_combined_datasets\TLUE\LB\TLUE_LB_234.jpg,Tomato,LB,closed,c0201f0a7f55adfc,Late Blight
Z:\Projects\Smart-Farming\Datasets\final_combined_datasets\TLUE\LB\TLUE_LB_235.jpg,Tomato,LB,closed,e0eb12d26b545aad,Late Blight
Z:\Projects\Smart-Farming\Datasets\final_combined_datasets\TLUE\LB\TLUE_LB_236.jpg,Tomato,LB,closed,cfd01f359e547032,Late Blight
Z:\Projects\Smart-Farming\Datasets\final_combined_datasets\TLUE\LB\TLUE_LB_237.jpg,Tomato,LB,closed,9db4f229d242659d,Late Blight
Z:\Projects\Smart-Farming\Datasets\final_combined_datasets\TLUE\LB\TLUE_LB_238.jpg,Tomato,LB,closed,d396624a5ce11afa,Late Blight
Z:\Projects\Smart-Farming\Datasets\final_combined_datasets\TLUE\LB\TLUE_LB_239.jpg,Tomato,LB,closed,dc9a2f3b306122f5,Late Blight
Z:\Projects\Smart-Farming\Datasets\final_combined_datasets\TLUE\LB\TLUE_LB_240.jpg,Tomato,LB,closed,bf07c268e299a6a9,Late Blight
Z:\Projects\Smart-Farming\Datasets\final_combined_datasets\TLUE\LB\TLUE_LB_241.jpg,Tomato,LB,closed,9594593c7af812b5,Late Blight
Z:\Projects\Smart-Farming\Datasets\final_combined_datasets\TLUE\LB\TLUE_LB_242.jpg,Tomato,LB,closed,dc9d3339287ab02d,Late Blight
Z:\Projects\Smart-Farming\Datasets\final_combined_datasets\TLUE\LB\TLUE_LB_243.jpg,Tomato,LB,closed,c13d45e286b4d0fb,Late Blight
Z:\Projects\Smart-Farming\Datasets\final_combined_datasets\TLUE\LB\TLUE_LB_244.jpg,Tomato,LB,closed,d203299fa1bccf34,Late Blight
Z:\Projects\Smart-Farming\Datasets\final_combined_datasets\TLUE\LB\TLUE_LB_245.jpg,Tomato,LB,closed,91c9702ddd30fe8c,Late Blight
Z:\Projects\Smart-Farming\Datasets\final_combined_datasets\TLUE\LB\TLUE_LB_246.jpg,Tomato,LB,closed,c0b1295757586d6d,Late Blight
Z:\Projects\Smart-Farming\Datasets\final_combined_datasets\TLUE\LB\TLUE_LB_247.jpg,Tomato,LB,closed,cfe0bf2ac24025f3,Late Blight
Z:\Projects\Smart-Farming\Datasets\final_combined_datasets\TLUE\LB\TLUE_LB_248.jpg,Tomato,LB,closed,85ce336b34a5e274,Late Blight
Z:\Projects\Smart-Farming\Datasets\final_combined_datasets\TLUE\S\TLUE_S_001.jpg,Tomato,S,closed,fbe5841223ad5cc6,Septoria
Z:\Projects\Smart-Farming\Datasets\final_combined_datasets\TLUE\S\TLUE_S_002.jpg,Tomato,S,closed,e81c97e1d265cb62,Septoria
Z:\Projects\Smart-Farming\Datasets\final_combined_datasets\TLUE\S\TLUE_S_003.jpg,Tomato,S,closed,bfb8c0bf1be840c2,Septoria
Z:\Projects\Smart-Farming\Datasets\final_combined_datasets\TLUE\S\TLUE_S_004.jpg,Tomato,S,closed,96f46893652a536d,Septoria
Z:\Projects\Smart-Farming\Datasets\final_combined_datasets\TLUE\S\TLUE_S_005.jpg,Tomato,S,closed,f7d287c2e80c8d99,Septoria
Z:\Projects\Smart-Farming\Datasets\final_combined_datasets\TLUE\S\TLUE_S_006.jpg,Tomato,S,closed,aae897349816cee9,Septoria
Z:\Projects\Smart-Farming\Datasets\final_combined_datasets\TLUE\S\TLUE_S_007.jpg,Tomato,S,closed,cc9454a3cee94597,Septoria
Z:\Projects\Smart-Farming\Datasets\final_combined_datasets\TLUE\S\TLUE_S_008.jpg,Tomato,S,closed,f8ebf0c53c80469e,Septoria
Z:\Projects\Smart-Farming\Datasets\final_combined_datasets\TLUE\S\TLUE_S_009.jpg,Tomato,S,closed,9fc6781c37393429,Septoria
Z:\Projects\Smart-Farming\Datasets\final_combined_datasets\TLUE\S\TLUE_S_013.jpg,Tomato,S,closed,b7f2c60ccf0af10c,Septoria
Z:\Projects\Smart-Farming\Datasets\final_combined_datasets\TLUE\S\TLUE_S_014.jpg,Tomato,S,closed,a1c30fbc0d5df027,Septoria
Z:\Projects\Smart-Farming\Datasets\final_combined_datasets\TLUE\S\TLUE_S_016.jpg,Tomato,S,closed,d9ecb998536d6098,Septoria
Z:\Projects\Smart-Farming\Datasets\final_combined_datasets\TLUE\S\TLUE_S_017.jpg,Tomato,S,closed,e6c384c3926d996e,Septoria
Z:\Projects\Smart-Farming\Datasets\final_combined_datasets\TLUE\S\TLUE_S_018.jpg,Tomato,S,closed,8fb192121597d778,Septoria
Z:\Projects\Smart-Farming\Datasets\final_combined_datasets\TLUE\S\TLUE_S_019.jpg,Tomato,S,closed,9ccab3919aa1d3a5,Septoria
Z:\Projects\Smart-Farming\Datasets\final_combined_datasets\TLUE\S\TLUE_S_021.jpg,Tomato,S,closed,c05f3d383f0c33cc,Septoria
Z:\Projects\Smart-Farming\Datasets\final_combined_datasets\TLUE\S\TLUE_S_023.jpg,Tomato,S,closed,9ec38d37c29c2339,Septoria
Z:\Projects\Smart-Farming\Datasets\final_combined_datasets\TLUE\S\TLUE_S_024.jpg,Tomato,S,closed,85c838a5253d373f,Septoria
Z:\Projects\Smart-Farming\Datasets\final_combined_datasets\TLUE\S\TLUE_S_025.jpg,Tomato,S,closed,cda3c42ce6e6f029,Septoria
Z:\Projects\Smart-Farming\Datasets\final_combined_datasets\TLUE\S\TLUE_S_026.jpg,Tomato,S,closed,a2abd469876e6ac1,Septoria
Z:\Projects\Smart-Farming\Datasets\final_combined_datasets\TLUE\S\TLUE_S_027.jpg,Tomato,S,closed,d13a70906ad5aee6,Septoria
Z:\Projects\Smart-Farming\Datasets\final_combined_datasets\TLUE\S\TLUE_S_028.jpg,Tomato,S,closed,e86d85c79e1a9338,Septoria
Z:\Projects\Smart-Farming\Datasets\final_combined_datasets\TLUE\S\TLUE_S_029.jpg,Tomato,S,closed,e924155af0cf4e36,Septoria
Z:\Projects\Smart-Farming\Datasets\final_combined_datasets\TLUE\S\TLUE_S_030.jpg,Tomato,S,closed,8250b8eab8bad32f,Septoria
Z:\Projects\Smart-Farming\Datasets\final_combined_datasets\TLUE\S\TLUE_S_031.jpg,Tomato,S,closed,94d87a686fee210e,Septoria
Z:\Projects\Smart-Farming\Datasets\final_combined_datasets\TLUE\S\TLUE_S_032.jpg,Tomato,S,closed,cb36272165e8745b,Septoria
Z:\Projects\Smart-Farming\Datasets\final_combined_datasets\TLUE\S\TLUE_S_033.jpg,Tomato,S,closed,bbe09706de03d81b,Septoria
Z:\Projects\Smart-Farming\Datasets\final_combined_datasets\TLUE\S\TLUE_S_034.jpg,Tomato,S,closed,aa3c3fb06473cd11,Septoria
Z:\Projects\Smart-Farming\Datasets\final_combined_datasets\TLUE\S\TLUE_S_035.jpg,Tomato,S,closed,9a936c1db66ce164,Septoria
Z:\Projects\Smart-Farming\Datasets\final_combined_datasets\TLUE\S\TLUE_S_036.jpg,Tomato,S,closed,843e7da161d74cd8,Septoria
Z:\Projects\Smart-Farming\Datasets\final_combined_datasets\TLUE\S\TLUE_S_039.jpg,Tomato,S,closed,fc58836d97493643,Septoria
Z:\Projects\Smart-Farming\Datasets\final_combined_datasets\TLUE\S\TLUE_S_040.jpg,Tomato,S,closed,9b4d7118e563e436,Septoria
Z:\Projects\Smart-Farming\Datasets\final_combined_datasets\TLUE\S\TLUE_S_041.jpg,Tomato,S,closed,a59c11defa6a2c29,Septoria
Z:\Projects\Smart-Farming\Datasets\final_combined_datasets\TLUE\S\TLUE_S_042.jpg,Tomato,S,closed,8997c26e366c3c78,Septoria
Z:\Projects\Smart-Farming\Datasets\final_combined_datasets\TLUE\S\TLUE_S_043.jpg,Tomato,S,closed,8b33737ece898189,Septoria
Z:\Projects\Smart-Farming\Datasets\final_combined_datasets\TLUE\S\TLUE_S_044.jpg,Tomato,S,closed,81b50f34cb66e9e4,Septoria
Z:\Projects\Smart-Farming\Datasets\final_combined_datasets\TLUE\S\TLUE_S_045.jpg,Tomato,S,closed,8761789e67689369,Septoria
Z:\Projects\Smart-Farming\Datasets\final_combined_datasets\TLUE\S\TLUE_S_046.jpg,Tomato,S,closed,e8a23d837a1eb38c,Septoria
Z:\Projects\Smart-Farming\Datasets\final_combined_datasets\TLUE\S\TLUE_S_047.jpg,Tomato,S,closed,d0244d7c278d1b9f,Septoria
Z:\Projects\Smart-Farming\Datasets\final_combined_datasets\TLUE\S\TLUE_S_048.jpg,Tomato,S,closed,9a0df552a013ea7e,Septoria
Z:\Projects\Smart-Farming\Datasets\final_combined_datasets\TLUE\S\TLUE_S_049.jpg,Tomato,S,closed,d9d77862e0e0a38e,Septoria
Z:\Projects\Smart-Farming\Datasets\final_combined_datasets\TLUE\S\TLUE_S_050.jpg,Tomato,S,closed,83a4d1c6fa477551,Septoria
Z:\Projects\Smart-Farming\Datasets\final_combined_datasets\TLUE\S\TLUE_S_051.jpg,Tomato,S,closed,802e81defd19e33c,Septoria
Z:\Projects\Smart-Farming\Datasets\final_combined_datasets\TLUE\S\TLUE_S_052.jpg,Tomato,S,closed,d4692bb46bc22f0e,Septoria
Z:\Projects\Smart-Farming\Datasets\final_combined_datasets\TLUE\S\TLUE_S_053.jpg,Tomato,S,closed,9001fcf89fbc9552,Septoria
Z:\Projects\Smart-Farming\Datasets\final_combined_datasets\TLUE\S\TLUE_S_054.jpg,Tomato,S,closed,c1e02f1fb4d84a2f,Septoria
Z:\Projects\Smart-Farming\Datasets\final_combined_datasets\TLUE\S\TLUE_S_055.jpg,Tomato,S,closed,80c6296cf4c7b68f,Septoria
Z:\Projects\Smart-Farming\Datasets\final_combined_datasets\TLUE\S\TLUE_S_057.jpg,Tomato,S,closed,fcf8881d84b6d236,Septoria
Z:\Projects\Smart-Farming\Datasets\final_combined_datasets\TLUE\S\TLUE_S_058.jpg,Tomato,S,closed,fa4cbc835a3e8a83,Septoria
Z:\Projects\Smart-Farming\Datasets\final_combined_datasets\TLUE\S\TLUE_S_059.jpg,Tomato,S,closed,de732eb19c764a20,Septoria
Z:\Projects\Smart-Farming\Datasets\final_combined_datasets\TLUE\S\TLUE_S_060.jpg,Tomato,S,closed,fe7c60e03f69a418,Septoria
Z:\Projects\Smart-Farming\Datasets\final_combined_datasets\TLUE\S\TLUE_S_061.jpg,Tomato,S,closed,bf8194dacac9a545,Septoria
Z:\Projects\Smart-Farming\Datasets\final_combined_datasets\TLUE\S\TLUE_S_062.jpg,Tomato,S,closed,8bd7345d23ec2564,Septoria
Z:\Projects\Smart-Farming\Datasets\final_combined_datasets\TLUE\S\TLUE_S_063.jpg,Tomato,S,closed,8787cd3e30c6669a,Septoria
Z:\Projects\Smart-Farming\Datasets\final_combined_datasets\TLUE\S\TLUE_S_064.jpg,Tomato,S,closed,f0ea3a50f3e52435,Septoria
Z:\Projects\Smart-Farming\Datasets\final_combined_datasets\TLUE\S\TLUE_S_065.jpg,Tomato,S,closed,c88b5ce37fa88057,Septoria
Z:\Projects\Smart-Farming\Datasets\final_combined_datasets\TLUE\S\TLUE_S_066.jpg,Tomato,S,closed,fe9d9142c3685d34,Septoria
Z:\Projects\Smart-Farming\Datasets\final_combined_datasets\TLUE\S\TLUE_S_067.jpg,Tomato,S,closed,86ba35f94f72c4a0,Septoria
Z:\Projects\Smart-Farming\Datasets\final_combined_datasets\TLUE\S\TLUE_S_068.jpg,Tomato,S,closed,a4e04af1f5ce8c0f,Septoria
Z:\Projects\Smart-Farming\Datasets\final_combined_datasets\TLUE\S\TLUE_S_070.jpg,Tomato,S,closed,c875b7bb65a6b800,Septoria
Z:\Projects\Smart-Farming\Datasets\final_combined_datasets\TLUE\S\TLUE_S_071.jpg,Tomato,S,closed,ce930b0cbc591f27,Septoria
Z:\Projects\Smart-Farming\Datasets\final_combined_datasets\TLUE\S\TLUE_S_072.jpg,Tomato,S,closed,fca1988505dc3d9e,Septoria
Z:\Projects\Smart-Farming\Datasets\final_combined_datasets\TLUE\S\TLUE_S_073.jpg,Tomato,S,closed,9be594aea1ccd1a4,Septoria
Z:\Projects\Smart-Farming\Datasets\final_combined_datasets\TLUE\S\TLUE_S_074.jpg,Tomato,S,closed,f87d290c0e7117ce,Septoria
Z:\Projects\Smart-Farming\Datasets\final_combined_datasets\TLUE\S\TLUE_S_075.jpg,Tomato,S,closed,9b263a67132cb1da,Septoria
Z:\Projects\Smart-Farming\Datasets\final_combined_datasets\TLUE\S\TLUE_S_076.jpg,Tomato,S,closed,b191dada36d1819b,Septoria
Z:\Projects\Smart-Farming\Datasets\final_combined_datasets\TLUE\S\TLUE_S_078.jpg,Tomato,S,closed,c3406cfe838dbf84,Septoria
Z:\Projects\Smart-Farming\Datasets\final_combined_datasets\TLUE\S\TLUE_S_079.jpg,Tomato,S,closed,ae86c57939f63094,Septoria
Z:\Projects\Smart-Farming\Datasets\final_combined_datasets\TLUE\S\TLUE_S_080.jpg,Tomato,S,closed,aae0c1af8e9a9a5c,Septoria
Z:\Projects\Smart-Farming\Datasets\final_combined_datasets\TLUE\S\TLUE_S_083.jpg,Tomato,S,closed,91973c6c73c74c68,Septoria
Z:\Projects\Smart-Farming\Datasets\final_combined_datasets\TLUE\S\TLUE_S_085.jpg,Tomato,S,closed,8ab133767660f2d4,Septoria
Z:\Projects\Smart-Farming\Datasets\final_combined_datasets\TLUE\S\TLUE_S_086.jpg,Tomato,S,closed,9e5a42057f2071bf,Septoria
Z:\Projects\Smart-Farming\Datasets\final_combined_datasets\TLUE\S\TLUE_S_090.jpg,Tomato,S,closed,d3fd9850445cee86,Septoria
Z:\Projects\Smart-Farming\Datasets\final_combined_datasets\TLUE\S\TLUE_S_091.jpg,Tomato,S,closed,dbedb9985a606cc0,Septoria
Z:\Projects\Smart-Farming\Datasets\final_combined_datasets\TLUE\S\TLUE_S_094.jpg,Tomato,S,closed,f6e6cc1c82f95b04,Septoria
Z:\Projects\Smart-Farming\Datasets\final_combined_datasets\TLUE\S\TLUE_S_096.jpg,Tomato,S,closed,8d8bfef3c1c1441a,Septoria
Z:\Projects\Smart-Farming\Datasets\final_combined_datasets\TLUE\S\TLUE_S_097.jpg,Tomato,S,closed,eac9b724f2c8ca1a,Septoria
Z:\Projects\Smart-Farming\Datasets\final_combined_datasets\TLUE\S\TLUE_S_098.jpg,Tomato,S,closed,ba85793250b87bc9,Septoria
Z:\Projects\Smart-Farming\Datasets\final_combined_datasets\TLUE\S\TLUE_S_099.jpg,Tomato,S,closed,a8ead1b51fb0d624,Septoria
Z:\Projects\Smart-Farming\Datasets\final_combined_datasets\TLUE\S\TLUE_S_101.jpg,Tomato,S,closed,908d227b653c36af,Septoria
Z:\Projects\Smart-Farming\Datasets\final_combined_datasets\TLUE\S\TLUE_S_103.jpg,Tomato,S,closed,ebb5c0548bc79d0a,Septoria
Z:\Projects\Smart-Farming\Datasets\final_combined_datasets\TLUE\S\TLUE_S_104.jpg,Tomato,S,closed,f84cc8f2c34b4c79,Septoria
Z:\Projects\Smart-Farming\Datasets\final_combined_datasets\TLUE\S\TLUE_S_106.jpg,Tomato,S,closed,ed3290d072cdc96e,Septoria
Z:\Projects\Smart-Farming\Datasets\final_combined_datasets\TLUE\S\TLUE_S_109.jpg,Tomato,S,closed,cfa33af531a042da,Septoria
Z:\Projects\Smart-Farming\Datasets\final_combined_datasets\TLUE\S\TLUE_S_110.jpg,Tomato,S,closed,9fec4c2cccce81ca,Septoria
Z:\Projects\Smart-Farming\Datasets\final_combined_datasets\TLUE\S\TLUE_S_111.jpg,Tomato,S,closed,c5c27cf420f9c6e8,Septoria
Z:\Projects\Smart-Farming\Datasets\final_combined_datasets\TLUE\S\TLUE_S_113.jpg,Tomato,S,closed,c2279a7698062fd7,Septoria
Z:\Projects\Smart-Farming\Datasets\final_combined_datasets\TLUE\S\TLUE_S_114.jpg,Tomato,S,closed,fec247861e30137b,Septoria
Z:\Projects\Smart-Farming\Datasets\final_combined_datasets\TLUE\S\TLUE_S_115.jpg,Tomato,S,closed,850b0c3ec0fcf17e,Septoria
Z:\Projects\Smart-Farming\Datasets\final_combined_datasets\TLUE\S\TLUE_S_120.jpg,Tomato,S,closed,c1b6f4d2cab8261b,Septoria
Z:\Projects\Smart-Farming\Datasets\final_combined_datasets\TLUE\S\TLUE_S_121.jpg,Tomato,S,closed,d8253f58f2c9c433,Septoria
Z:\Projects\Smart-Farming\Datasets\final_combined_datasets\TLUE\S\TLUE_S_122.jpg,Tomato,S,closed,d21d585cbfa80f1c,Septoria
Z:\Projects\Smart-Farming\Datasets\final_combined_datasets\TLUE\S\TLUE_S_123.jpg,Tomato,S,closed,c50729634e7b5b1c,Septoria
Z:\Projects\Smart-Farming\Datasets\final_combined_datasets\TLUE\S\TLUE_S_124.jpg,Tomato,S,closed,c2cd3dce3449d274,Septoria
Z:\Projects\Smart-Farming\Datasets\final_combined_datasets\TLUE\S\TLUE_S_125.jpg,Tomato,S,closed,950c7af120636fd6,Septoria
Z:\Projects\Smart-Farming\Datasets\final_combined_datasets\TLUE\S\TLUE_S_128.jpg,Tomato,S,closed,d1b97ac03d6cb6a0,Septoria
Z:\Projects\Smart-Farming\Datasets\final_combined_datasets\TLUE\S\TLUE_S_130.jpg,Tomato,S,closed,802c71dd0bfc629f,Septoria
Z:\Projects\Smart-Farming\Datasets\final_combined_datasets\TLUE\S\TLUE_S_132.jpg,Tomato,S,closed,9fe070d8031fecb2,Septoria
Z:\Projects\Smart-Farming\Datasets\final_combined_datasets\TLUE\S\TLUE_S_134.jpg,Tomato,S,closed,dad8f386ac3ad411,Septoria
Z:\Projects\Smart-Farming\Datasets\final_combined_datasets\TLUE\S\TLUE_S_136.jpg,Tomato,S,closed,e7c02fbc109fcd30,Septoria
Z:\Projects\Smart-Farming\Datasets\final_combined_datasets\TLUE\S\TLUE_S_140.jpg,Tomato,S,closed,de6e0b91696b3416,Septoria
Z:\Projects\Smart-Farming\Datasets\final_combined_datasets\TLUE\S\TLUE_S_148.jpg,Tomato,S,closed,93636934dcb29e23,Septoria
Z:\Projects\Smart-Farming\Datasets\final_combined_datasets\TLUE\S\TLUE_S_150.jpg,Tomato,S,closed,c5e96d905de52295,Septoria
Z:\Projects\Smart-Farming\Datasets\final_combined_datasets\TLUE\S\TLUE_S_151.jpg,Tomato,S,closed,d9b763ce21cb4388,Septoria
Z:\Projects\Smart-Farming\Datasets\final_combined_datasets\TLUE\S\TLUE_S_152.jpg,Tomato,S,closed,c10b0d3dfc728375,Septoria
Z:\Projects\Smart-Farming\Datasets\final_combined_datasets\TLUE\S\TLUE_S_153.jpg,Tomato,S,closed,83b47880e88f2def,Septoria
Z:\Projects\Smart-Farming\Datasets\final_combined_datasets\TLUE\S\TLUE_S_154.jpg,Tomato,S,closed,d46c20d6f053c73b,Septoria
Z:\Projects\Smart-Farming\Datasets\final_combined_datasets\TLUE\S\TLUE_S_155.jpg,Tomato,S,closed,c2c2b8c798cff81a,Septoria
Z:\Projects\Smart-Farming\Datasets\final_combined_datasets\TLUE\S\TLUE_S_156.jpg,Tomato,S,closed,d68f1d3444a57b68,Septoria
Z:\Projects\Smart-Farming\Datasets\final_combined_datasets\TLUE\S\TLUE_S_157.jpg,Tomato,S,closed,937b3223ee150ec5,Septoria
Z:\Projects\Smart-Farming\Datasets\final_combined_datasets\TLUE\S\TLUE_S_158.jpg,Tomato,S,closed,95f93fe587920322,Septoria
Z:\Projects\Smart-Farming\Datasets\final_combined_datasets\TLUE\S\TLUE_S_159.jpg,Tomato,S,closed,940aea937ffa0199,Septoria
Z:\Projects\Smart-Farming\Datasets\final_combined_datasets\TLUE\S\TLUE_S_160.jpg,Tomato,S,closed,953d440287cefb35,Septoria
Z:\Projects\Smart-Farming\Datasets\final_combined_datasets\TLUE\S\TLUE_S_161.jpg,Tomato,S,closed,d5c04add78e6680f,Septoria
Z:\Projects\Smart-Farming\Datasets\final_combined_datasets\TLUE\S\TLUE_S_162.jpg,Tomato,S,closed,91247096d9d69dda,Septoria
Z:\Projects\Smart-Farming\Datasets\final_combined_datasets\TLUE\S\TLUE_S_163.jpg,Tomato,S,closed,9d3ee37f014f2045,Septoria
Z:\Projects\Smart-Farming\Datasets\final_combined_datasets\TLUE\S\TLUE_S_164.jpg,Tomato,S,closed,b74033655bd02dab,Septoria
Z:\Projects\Smart-Farming\Datasets\final_combined_datasets\TLUE\S\TLUE_S_165.jpg,Tomato,S,closed,964ac4694a6b7d5a,Septoria
Z:\Projects\Smart-Farming\Datasets\final_combined_datasets\TLUE\S\TLUE_S_166.jpg,Tomato,S,closed,de41296df1e1e243,Septoria
Z:\Projects\Smart-Farming\Datasets\final_combined_datasets\TLUE\S\TLUE_S_167.jpg,Tomato,S,closed,b993572c5d4ce4e0,Septoria
Z:\Projects\Smart-Farming\Datasets\final_combined_datasets\TLUE\S\TLUE_S_168.jpg,Tomato,S,closed,a2f3718b4d568387,Septoria
Z:\Projects\Smart-Farming\Datasets\final_combined_datasets\TLUE\S\TLUE_S_169.jpg,Tomato,S,closed,9931e3962de2af30,Septoria
Z:\Projects\Smart-Farming\Datasets\final_combined_datasets\TLUE\S\TLUE_S_170.jpg,Tomato,S,closed,a080cf267d7e117e,Septoria
Z:\Projects\Smart-Farming\Datasets\final_combined_datasets\TLUE\S\TLUE_S_172.jpg,Tomato,S,closed,c1f0e0dab47d56c8,Septoria
Z:\Projects\Smart-Farming\Datasets\final_combined_datasets\TLUE\S\TLUE_S_173.jpg,Tomato,S,closed,d2f16e7254690ae5,Septoria
Z:\Projects\Smart-Farming\Datasets\final_combined_datasets\TLUE\S\TLUE_S_174.jpg,Tomato,S,closed,d650c82f7be801bd,Septoria
Z:\Projects\Smart-Farming\Datasets\final_combined_datasets\TLUE\S\TLUE_S_175.jpg,Tomato,S,closed,da41bd07cb32ec23,Septoria
Z:\Projects\Smart-Farming\Datasets\final_combined_datasets\TLUE\S\TLUE_S_176.jpg,Tomato,S,closed,b35392b624d1ad99,Septoria
Z:\Projects\Smart-Farming\Datasets\final_combined_datasets\TLUE\S\TLUE_S_177.jpg,Tomato,S,closed,921e65b27037d569,Septoria
Z:\Projects\Smart-Farming\Datasets\final_combined_datasets\TLUE\S\TLUE_S_178.jpg,Tomato,S,closed,922d5c3b16475979,Septoria
Z:\Projects\Smart-Farming\Datasets\final_combined_datasets\TLUE\S\TLUE_S_179.jpg,Tomato,S,closed,87330df6eb420ab6,Septoria
Z:\Projects\Smart-Farming\Datasets\final_combined_datasets\TLUE\S\TLUE_S_180.jpg,Tomato,S,closed,c29b163dad3870d9,Septoria
Z:\Projects\Smart-Farming\Datasets\final_combined_datasets\TLUE\S\TLUE_S_181.jpg,Tomato,S,closed,e64af051555e545d,Septoria
Z:\Projects\Smart-Farming\Datasets\final_combined_datasets\TLUE\S\TLUE_S_182.jpg,Tomato,S,closed,c4815189d1cfdf5a,Septoria
Z:\Projects\Smart-Farming\Datasets\final_combined_datasets\TLUE\S\TLUE_S_183.jpg,Tomato,S,closed,c9a91b1d387b2879,Septoria
Z:\Projects\Smart-Farming\Datasets\final_combined_datasets\TLUE\S\TLUE_S_184.jpg,Tomato,S,closed,b4274ca65b418e7e,Septoria
Z:\Projects\Smart-Farming\Datasets\final_combined_datasets\TLUE\S\TLUE_S_185.jpg,Tomato,S,closed,c4dc76274089c7be,Septoria
Z:\Projects\Smart-Farming\Datasets\final_combined_datasets\TLUE\S\TLUE_S_186.jpg,Tomato,S,closed,91976a40f7e87247,Septoria
Z:\Projects\Smart-Farming\Datasets\final_combined_datasets\TLUE\S\TLUE_S_187.jpg,Tomato,S,closed,96e1a1cfdd887146,Septoria
Z:\Projects\Smart-Farming\Datasets\final_combined_datasets\TLUE\S\TLUE_S_188.jpg,Tomato,S,closed,b4ec0ccb7618e635,Septoria
Z:\Projects\Smart-Farming\Datasets\final_combined_datasets\TLUE\S\TLUE_S_189.jpg,Tomato,S,closed,c98fe4c48fd486f0,Septoria
Z:\Projects\Smart-Farming\Datasets\final_combined_datasets\TLUE\S\TLUE_S_191.jpg,Tomato,S,closed,c7006dbaaced827a,Septoria
Z:\Projects\Smart-Farming\Datasets\final_combined_datasets\TLUE\S\TLUE_S_192.jpg,Tomato,S,closed,b0c737895e3f6094,Septoria
Z:\Projects\Smart-Farming\Datasets\final_combined_datasets\TLUE\S\TLUE_S_193.jpg,Tomato,S,closed,9cde09b62afdc502,Septoria
Z:\Projects\Smart-Farming\Datasets\final_combined_datasets\TLUE\S\TLUE_S_194.jpg,Tomato,S,closed,9dbbcc860e302dcd,Septoria
Z:\Projects\Smart-Farming\Datasets\final_combined_datasets\TLUE\S\TLUE_S_195.jpg,Tomato,S,closed,d0546b6e6d39312e,Septoria
Z:\Projects\Smart-Farming\Datasets\final_combined_datasets\TLUE\S\TLUE_S_196.jpg,Tomato,S,closed,c32aa5a886b50aff,Septoria
Z:\Projects\Smart-Farming\Datasets\final_combined_datasets\TLUE\S\TLUE_S_197.jpg,Tomato,S,closed,d1083eb561e4df13,Septoria
Z:\Projects\Smart-Farming\Datasets\final_combined_datasets\TLUE\S\TLUE_S_198.jpg,Tomato,S,closed,c3b55652d88c27ba,Septoria
Z:\Projects\Smart-Farming\Datasets\final_combined_datasets\TLUE\S\TLUE_S_199.jpg,Tomato,S,closed,842e2b2ec6d87753,Septoria
Z:\Projects\Smart-Farming\Datasets\final_combined_datasets\TLUE\S\TLUE_S_200.jpg,Tomato,S,closed,c0c27c7da72136a7,Septoria
Z:\Projects\Smart-Farming\Datasets\final_combined_datasets\TLUE\S\TLUE_S_201.jpg,Tomato,S,closed,c5ea3a42baaf30aa,Septoria
Z:\Projects\Smart-Farming\Datasets\final_combined_datasets\TLUE\S\TLUE_S_202.jpg,Tomato,S,closed,cdbf731a511ab8c0,Septoria
Z:\Projects\Smart-Farming\Datasets\final_combined_datasets\TLUE\S\TLUE_S_203.jpg,Tomato,S,closed,f0827c811797dbd1,Septoria
Z:\Projects\Smart-Farming\Datasets\final_combined_datasets\TLUE\S\TLUE_S_204.jpg,Tomato,S,closed,f5c0fa12030f07df,Septoria
Z:\Projects\Smart-Farming\Datasets\final_combined_datasets\TLUE\S\TLUE_S_205.jpg,Tomato,S,closed,c5b72e4a20d539b6,Septoria
Z:\Projects\Smart-Farming\Datasets\final_combined_datasets\TLUE\S\TLUE_S_206.jpg,Tomato,S,closed,e58b8dca76514927,Septoria
Z:\Projects\Smart-Farming\Datasets\final_combined_datasets\TLUE\S\TLUE_S_208.jpg,Tomato,S,closed,d0e4bade15131e5c,Septoria
Z:\Projects\Smart-Farming\Datasets\final_combined_datasets\TLUE\S\TLUE_S_209.jpg,Tomato,S,closed,ba401df8d3a3c32e,Septoria
Z:\Projects\Smart-Farming\Datasets\final_combined_datasets\TLUE\S\TLUE_S_210.jpg,Tomato,S,closed,e0c9461ff4c08f3b,Septoria
Z:\Projects\Smart-Farming\Datasets\final_combined_datasets\TLUE\S\TLUE_S_212.jpg,Tomato,S,closed,cfca09e3252e34bc,Septoria
Z:\Projects\Smart-Farming\Datasets\final_combined_datasets\TLUE\S\TLUE_S_213.jpg,Tomato,S,closed,846f25ed3bc13ab0,Septoria
Z:\Projects\Smart-Farming\Datasets\final_combined_datasets\TLUE\S\TLUE_S_214.jpg,Tomato,S,closed,84ec2f956819c3f5,Septoria
Z:\Projects\Smart-Farming\Datasets\final_combined_datasets\TLUE\S\TLUE_S_216.jpg,Tomato,S,closed,c18c4b0b2b6e8f67,Septoria
Z:\Projects\Smart-Farming\Datasets\final_combined_datasets\TLUE\S\TLUE_S_217.jpg,Tomato,S,closed,b8c82b68bdb54716,Septoria
Z:\Projects\Smart-Farming\Datasets\final_combined_datasets\TLUE\S\TLUE_S_218.jpg,Tomato,S,closed,b41236c77bc4d80f,Septoria
Z:\Projects\Smart-Farming\Datasets\final_combined_datasets\TLUE\S\TLUE_S_219.jpg,Tomato,S,closed,813f55e40ea45d97,Septoria
Z:\Projects\Smart-Farming\Datasets\final_combined_datasets\TLUE\S\TLUE_S_220.jpg,Tomato,S,closed,d21a68e339bc98e6,Septoria
Z:\Projects\Smart-Farming\Datasets\final_combined_datasets\TLUE\S\TLUE_S_221.jpg,Tomato,S,closed,c8bf75c592f40856,Septoria
Z:\Projects\Smart-Farming\Datasets\final_combined_datasets\TLUE\S\TLUE_S_222.jpg,Tomato,S,closed,96f6622472e652dc,Septoria
Z:\Projects\Smart-Farming\Datasets\final_combined_datasets\TLUE\S\TLUE_S_223.jpg,Tomato,S,closed,c9b6f1c89e2d4a29,Septoria
Z:\Projects\Smart-Farming\Datasets\final_combined_datasets\TLUE\S\TLUE_S_224.jpg,Tomato,S,closed,90942ff2716a627b,Septoria
Z:\Projects\Smart-Farming\Datasets\final_combined_datasets\TLUE\S\TLUE_S_225.jpg,Tomato,S,closed,8bad50d0da4b563e,Septoria
Z:\Projects\Smart-Farming\Datasets\final_combined_datasets\TLUE\S\TLUE_S_226.jpg,Tomato,S,closed,ce343854b2ede54a,Septoria
Z:\Projects\Smart-Farming\Datasets\final_combined_datasets\TLUE\S\TLUE_S_227.jpg,Tomato,S,closed,c2362f3434f6d28b,Septoria
Z:\Projects\Smart-Farming\Datasets\final_combined_datasets\TLUE\S\TLUE_S_228.jpg,Tomato,S,closed,899c3cd6d23939e2,Septoria
Z:\Projects\Smart-Farming\Datasets\final_combined_datasets\TLUE\S\TLUE_S_229.jpg,Tomato,S,closed,c27405067eb799cb,Septoria
Z:\Projects\Smart-Farming\Datasets\final_combined_datasets\TLUE\S\TLUE_S_230.jpg,Tomato,S,closed,a9861796ed75b260,Septoria
Z:\Projects\Smart-Farming\Datasets\final_combined_datasets\TLUE\S\TLUE_S_231.jpg,Tomato,S,closed,c7453c8db49f402f,Septoria
Z:\Projects\Smart-Farming\Datasets\final_combined_datasets\TLUE\S\TLUE_S_232.jpg,Tomato,S,closed,958078d1a1cbf7e8,Septoria
Z:\Projects\Smart-Farming\Datasets\final_combined_datasets\TLUE\S\TLUE_S_233.jpg,Tomato,S,closed,b13c0dc358caa5db,Septoria
Z:\Projects\Smart-Farming\Datasets\final_combined_datasets\TLUE\S\TLUE_S_234.jpg,Tomato,S,closed,91c7522552f26eb9,Septoria
Z:\Projects\Smart-Farming\Datasets\final_combined_datasets\TLUE\S\TLUE_S_235.jpg,Tomato,S,closed,d9ef648c507c47a1,Septoria
Z:\Projects\Smart-Farming\Datasets\final_combined_datasets\TLUE\S\TLUE_S_237.jpg,Tomato,S,closed,d8768d899e396b60,Septoria
Z:\Projects\Smart-Farming\Datasets\final_combined_datasets\TLUE\S\TLUE_S_238.jpg,Tomato,S,closed,9523a70a1ce83dbb,Septoria
Z:\Projects\Smart-Farming\Datasets\final_combined_datasets\TLUE\S\TLUE_S_240.jpg,Tomato,S,closed,c9ce58e27f08abd0,Septoria
Z:\Projects\Smart-Farming\Datasets\final_combined_datasets\TLUE\S\TLUE_S_241.jpg,Tomato,S,closed,85d8a9d3d62a869d,Septoria
Z:\Projects\Smart-Farming\Datasets\final_combined_datasets\TLUE\S\TLUE_S_242.jpg,Tomato,S,closed,a14467dbcdece092,Septoria
Z:\Projects\Smart-Farming\Datasets\final_combined_datasets\TLUE\S\TLUE_S_243.jpg,Tomato,S,closed,d67914e896dea443,Septoria
Z:\Projects\Smart-Farming\Datasets\final_combined_datasets\TLUE\S\TLUE_S_244.jpg,Tomato,S,closed,dd2549d06ba122ef,Septoria
Z:\Projects\Smart-Farming\Datasets\final_combined_datasets\TLUE\S\TLUE_S_245.jpg,Tomato,S,closed,d0ed1192afb6c986,Septoria
Z:\Projects\Smart-Farming\Datasets\final_combined_datasets\TLUE\S\TLUE_S_246.jpg,Tomato,S,closed,86be94b493a3ad29,Septoria
Z:\Projects\Smart-Farming\Datasets\final_combined_datasets\TLUE\S\TLUE_S_247.jpg,Tomato,S,closed,ad8dddb19c8a6252,Septoria
Z:\Projects\Smart-Farming\Datasets\final_combined_datasets\TLUE\S\TLUE_S_248.jpg,Tomato,S,closed,a0f078a73da99794,Septoria
Z:\Projects\Smart-Farming\Datasets\final_combined_datasets\TLUE\S\TLUE_S_249.jpg,Tomato,S,closed,c655f2dd688c28e6,Septoria
Z:\Projects\Smart-Farming\Datasets\final_combined_datasets\TLUE\S\TLUE_S_250.jpg,Tomato,S,closed,d47486e2c2af0f35,Septoria
Z:\Projects\Smart-Farming\Datasets\final_combined_datasets\TLUE\S\TLUE_S_251.jpg,Tomato,S,closed,916069a1acde7cba,Septoria
Z:\Projects\Smart-Farming\Datasets\final_combined_datasets\TLUE\S\TLUE_S_252.jpg,Tomato,S,closed,8d9234deeb254b85,Septoria
Z:\Projects\Smart-Farming\Datasets\final_combined_datasets\TLUE\S\TLUE_S_253.jpg,Tomato,S,closed,8738674652aced95,Septoria
Z:\Projects\Smart-Farming\Datasets\final_combined_datasets\TLUE\S\TLUE_S_254.jpg,Tomato,S,closed,ed2d135725cf1c21,Septoria
Z:\Projects\Smart-Farming\Datasets\final_combined_datasets\TLUE\S\TLUE_S_255.jpg,Tomato,S,closed,af2874b5023ea34f,Septoria
Z:\Projects\Smart-Farming\Datasets\final_combined_datasets\TLUE\S\TLUE_S_256.jpg,Tomato,S,closed,c13ba541aa57f853,Septoria
Z:\Projects\Smart-Farming\Datasets\final_combined_datasets\TLUE\S\TLUE_S_257.jpg,Tomato,S,closed,db838d3c23bd3434,Septoria
Z:\Projects\Smart-Farming\Datasets\final_combined_datasets\TLUE\S\TLUE_S_258.jpg,Tomato,S,closed,aa8c5596fdd8282b,Septoria
Z:\Projects\Smart-Farming\Datasets\final_combined_datasets\TLUE\S\TLUE_S_259.jpg,Tomato,S,closed,c07e173a4b2f4c47,Septoria
Z:\Projects\Smart-Farming\Datasets\final_combined_datasets\TLUE\S\TLUE_S_260.jpg,Tomato,S,closed,f0c1448baf3b7968,Septoria
Z:\Projects\Smart-Farming\Datasets\final_combined_datasets\TLUE\S\TLUE_S_261.jpg,Tomato,S,closed,9c5ad5255d51c731,Septoria
Z:\Projects\Smart-Farming\Datasets\final_combined_datasets\TLUE\S\TLUE_S_262.jpg,Tomato,S,closed,ba1a4b1d5d59522e,Septoria
Z:\Projects\Smart-Farming\Datasets\final_combined_datasets\TLUE\S\TLUE_S_263.jpg,Tomato,S,closed,9df568962d4264d9,Septoria
Z:\Projects\Smart-Farming\Datasets\final_combined_datasets\TLUE\S\TLUE_S_264.jpg,Tomato,S,closed,a95d1632546663cf,Septoria
Z:\Projects\Smart-Farming\Datasets\final_combined_datasets\TLUE\S\TLUE_S_267.jpg,Tomato,S,closed,a5d30c3771361e3c,Septoria
Z:\Projects\Smart-Farming\Datasets\final_combined_datasets\TLUE\S\TLUE_S_268.jpg,Tomato,S,closed,f880e05aae0eba7e,Septoria
Z:\Projects\Smart-Farming\Datasets\final_combined_datasets\TLUE\S\TLUE_S_270.jpg,Tomato,S,closed,d3f3746b0a602de4,Septoria
Z:\Projects\Smart-Farming\Datasets\final_combined_datasets\TLUE\S\TLUE_S_272.jpg,Tomato,S,closed,d43569297d286f58,Septoria
Z:\Projects\Smart-Farming\Datasets\final_combined_datasets\TLUE\S\TLUE_S_273.jpg,Tomato,S,closed,c90f84780befd6a8,Septoria
Z:\Projects\Smart-Farming\Datasets\final_combined_datasets\TLUE\S\TLUE_S_274.jpg,Tomato,S,closed,cfc160f907d1e5a1,Septoria
Z:\Projects\Smart-Farming\Datasets\final_combined_datasets\TLUE\S\TLUE_S_275.jpg,Tomato,S,closed,c057a2da29dcbdc4,Septoria
Z:\Projects\Smart-Farming\Datasets\final_combined_datasets\TLUE\S\TLUE_S_276.jpg,Tomato,S,closed,966930120ffdb8cd,Septoria
Z:\Projects\Smart-Farming\Datasets\final_combined_datasets\TLUE\S\TLUE_S_277.jpg,Tomato,S,closed,8cb75a4d8e633938,Septoria
Z:\Projects\Smart-Farming\Datasets\final_combined_datasets\TLUE\S\TLUE_S_278.jpg,Tomato,S,closed,bb9bed789264d820,Septoria
Z:\Projects\Smart-Farming\Datasets\final_combined_datasets\TLUE\S\TLUE_S_279.jpg,Tomato,S,closed,a528d2f75cf2e430,Septoria
Z:\Projects\Smart-Farming\Datasets\final_combined_datasets\TLUE\S\TLUE_S_280.jpg,Tomato,S,closed,c39de0ccccd67624,Septoria
Z:\Projects\Smart-Farming\Datasets\final_combined_datasets\TLUE\S\TLUE_S_281.jpg,Tomato,S,closed,c0993f8d11d93a76,Septoria
Z:\Projects\Smart-Farming\Datasets\final_combined_datasets\TLUE\S\TLUE_S_283.jpg,Tomato,S,closed,d54e219f141bde29,Septoria
Z:\Projects\Smart-Farming\Datasets\final_combined_datasets\TLUE\S\TLUE_S_284.jpg,Tomato,S,closed,8ef097e8354a513d,Septoria
Z:\Projects\Smart-Farming\Datasets\final_combined_datasets\TLUE\S\TLUE_S_285.jpg,Tomato,S,closed,b746663a70d38da4,Septoria
Z:\Projects\Smart-Farming\Datasets\final_combined_datasets\TLUE\S\TLUE_S_286.jpg,Tomato,S,closed,8fba30d905291afe,Septoria
Z:\Projects\Smart-Farming\Datasets\final_combined_datasets\TLUE\S\TLUE_S_287.jpg,Tomato,S,closed,edaac4c4b2374b58,Septoria
Z:\Projects\Smart-Farming\Datasets\final_combined_datasets\TLUE\S\TLUE_S_288.jpg,Tomato,S,closed,d0273fe8e24b4437,Septoria
Z:\Projects\Smart-Farming\Datasets\final_combined_datasets\TLUE\S\TLUE_S_289.jpg,Tomato,S,closed,fc08436f133336ba,Septoria
Z:\Projects\Smart-Farming\Datasets\final_combined_datasets\TLUE\S\TLUE_S_290.jpg,Tomato,S,closed,951e7ab021e7696a,Septoria
Z:\Projects\Smart-Farming\Datasets\final_combined_datasets\TLUE\S\TLUE_S_292.jpg,Tomato,S,closed,dcdd2de0367c3250,Septoria
Z:\Projects\Smart-Farming\Datasets\final_combined_datasets\TLUE\S\TLUE_S_293.jpg,Tomato,S,closed,ce736d304659e48d,Septoria
Z:\Projects\Smart-Farming\Datasets\final_combined_datasets\TLUE\S\TLUE_S_294.jpg,Tomato,S,closed,ae87c0f931dc928b,Septoria
Z:\Projects\Smart-Farming\Datasets\final_combined_datasets\TLUE\S\TLUE_S_295.jpg,Tomato,S,closed,da4372c5830edb3a,Septoria
Z:\Projects\Smart-Farming\Datasets\final_combined_datasets\TLUE\S\TLUE_S_296.jpg,Tomato,S,closed,9dc74a2443f465b9,Septoria
Z:\Projects\Smart-Farming\Datasets\final_combined_datasets\TLUE\S\TLUE_S_297.jpg,Tomato,S,closed,eeb0c1bbb09984f8,Septoria
Z:\Projects\Smart-Farming\Datasets\final_combined_datasets\TLUE\S\TLUE_S_298.jpg,Tomato,S,closed,9dfa2090e7a15d63,Septoria
Z:\Projects\Smart-Farming\Datasets\final_combined_datasets\TLUE\S\TLUE_S_299.jpg,Tomato,S,closed,e187e15fbe2c9520,Septoria
Z:\Projects\Smart-Farming\Datasets\final_combined_datasets\TLUE\S\TLUE_S_300.jpg,Tomato,S,closed,c07d82df42b92de8,Septoria
Z:\Projects\Smart-Farming\Datasets\final_combined_datasets\TLUE\S\TLUE_S_301.jpg,Tomato,S,closed,ce81c3fc01d27e53,Septoria
Z:\Projects\Smart-Farming\Datasets\final_combined_datasets\TLUE\S\TLUE_S_302.jpg,Tomato,S,closed,923c65f1906dcdcc,Septoria
Z:\Projects\Smart-Farming\Datasets\final_combined_datasets\TLUE\S\TLUE_S_303.jpg,Tomato,S,closed,c8b111799993d49f,Septoria
Z:\Projects\Smart-Farming\Datasets\final_combined_datasets\TLUE\S\TLUE_S_304.jpg,Tomato,S,closed,cb1f35c6aba69007,Septoria
Z:\Projects\Smart-Farming\Datasets\final_combined_datasets\TLUE\S\TLUE_S_305.jpg,Tomato,S,closed,c9bf7a5a50133ac1,Septoria
Z:\Projects\Smart-Farming\Datasets\final_combined_datasets\TLUE\S\TLUE_S_306.jpg,Tomato,S,closed,d98fbe7437543210,Septoria
Z:\Projects\Smart-Farming\Datasets\final_combined_datasets\TLUE\S\TLUE_S_307.jpg,Tomato,S,closed,80823f3e3cbcdb62,Septoria
Z:\Projects\Smart-Farming\Datasets\final_combined_datasets\TLUE\S\TLUE_S_308.jpg,Tomato,S,closed,907ee3e38215c736,Septoria
Z:\Projects\Smart-Farming\Datasets\final_combined_datasets\TLUE\S\TLUE_S_309.jpg,Tomato,S,closed,d8c761833e701ebc,Septoria
Z:\Projects\Smart-Farming\Datasets\final_combined_datasets\TLUE\S\TLUE_S_310.jpg,Tomato,S,closed,863731c3e21c7f64,Septoria
Z:\Projects\Smart-Farming\Datasets\final_combined_datasets\TLUE\S\TLUE_S_311.jpg,Tomato,S,closed,85a4d0dadc6dac74,Septoria
Z:\Projects\Smart-Farming\Datasets\final_combined_datasets\TLUE\S\TLUE_S_312.jpg,Tomato,S,closed,dc8361790765f6a2,Septoria
Z:\Projects\Smart-Farming\Datasets\final_combined_datasets\TLUE\S\TLUE_S_313.jpg,Tomato,S,closed,e1bd599e234db160,Septoria
Z:\Projects\Smart-Farming\Datasets\final_combined_datasets\TLUE\S\TLUE_S_314.jpg,Tomato,S,closed,8ee1f1bfe108f00e,Septoria
Z:\Projects\Smart-Farming\Datasets\final_combined_datasets\TLUE\S\TLUE_S_315.jpg,Tomato,S,closed,bc0adbb1d6cc5055,Septoria
Z:\Projects\Smart-Farming\Datasets\final_combined_datasets\TLUE\S\TLUE_S_316.jpg,Tomato,S,closed,d4c659bdc8594c36,Septoria
Z:\Projects\Smart-Farming\Datasets\final_combined_datasets\TLUE\S\TLUE_S_318.jpg,Tomato,S,closed,87b846c2fae09cf2,Septoria
Z:\Projects\Smart-Farming\Datasets\final_combined_datasets\TLUE\S\TLUE_S_319.jpg,Tomato,S,closed,ca53ea8b8dece144,Septoria
Z:\Projects\Smart-Farming\Datasets\final_combined_datasets\TLUE\S\TLUE_S_321.jpg,Tomato,S,closed,d0ca07afb035e6d4,Septoria
Z:\Projects\Smart-Farming\Datasets\final_combined_datasets\TLUE\S\TLUE_S_322.jpg,Tomato,S,closed,c7d8770f00d1cf94,Septoria
Z:\Projects\Smart-Farming\Datasets\final_combined_datasets\TLUE\S\TLUE_S_323.jpg,Tomato,S,closed,f6b42441a5fde88a,Septoria
Z:\Projects\Smart-Farming\Datasets\final_combined_datasets\TLUE\S\TLUE_S_324.jpg,Tomato,S,closed,b6d658bb1889872e,Septoria
Z:\Projects\Smart-Farming\Datasets\final_combined_datasets\TLUE\S\TLUE_S_325.jpg,Tomato,S,closed,ee0c86c301d5bbc7,Septoria
Z:\Projects\Smart-Farming\Datasets\final_combined_datasets\TLUE\S\TLUE_S_326.jpg,Tomato,S,closed,84adfaf1c5470c1b,Septoria
Z:\Projects\Smart-Farming\Datasets\final_combined_datasets\TLUE\S\TLUE_S_327.jpg,Tomato,S,closed,9736dfb08a1dc826,Septoria
Z:\Projects\Smart-Farming\Datasets\final_combined_datasets\TLUE\S\TLUE_S_328.jpg,Tomato,S,closed,f69dd5c1c0a44ac7,Septoria
Z:\Projects\Smart-Farming\Datasets\final_combined_datasets\TLUE\S\TLUE_S_329.jpg,Tomato,S,closed,93d6138873f86237,Septoria
Z:\Projects\Smart-Farming\Datasets\final_combined_datasets\TLUE\S\TLUE_S_330.jpg,Tomato,S,closed,c76f2ee0078cb08f,Septoria
Z:\Projects\Smart-Farming\Datasets\final_combined_datasets\TLUE\S\TLUE_S_332.jpg,Tomato,S,closed,8b9c7ee6c3212dc2,Septoria
Z:\Projects\Smart-Farming\Datasets\final_combined_datasets\TLUE\S\TLUE_S_333.jpg,Tomato,S,closed,86beb404130d7fe9,Septoria
Z:\Projects\Smart-Farming\Datasets\final_combined_datasets\TLUE\S\TLUE_S_334.jpg,Tomato,S,closed,d4626d299bdf9290,Septoria
Z:\Projects\Smart-Farming\Datasets\final_combined_datasets\TLUE\S\TLUE_S_335.jpg,Tomato,S,closed,e6c4bcad2784c2ae,Septoria
Z:\Projects\Smart-Farming\Datasets\final_combined_datasets\TLUE\S\TLUE_S_336.jpg,Tomato,S,closed,d4692f680e7b183e,Septoria
Z:\Projects\Smart-Farming\Datasets\final_combined_datasets\TLUE\S\TLUE_S_337.jpg,Tomato,S,closed,a318bf1a10f5575c,Septoria
Z:\Projects\Smart-Farming\Datasets\final_combined_datasets\TLUE\S\TLUE_S_338.jpg,Tomato,S,closed,d4e1a5cf98c4aa4d,Septoria
Z:\Projects\Smart-Farming\Datasets\final_combined_datasets\TLUE\S\TLUE_S_339.jpg,Tomato,S,closed,aa88551ea7efe828,Septoria
Z:\Projects\Smart-Farming\Datasets\final_combined_datasets\TLUE\S\TLUE_S_340.jpg,Tomato,S,closed,fc2101ac36e7c6ea,Septoria
Z:\Projects\Smart-Farming\Datasets\final_combined_datasets\TLUE\S\TLUE_S_341.jpg,Tomato,S,closed,f7aec8d097912c26,Septoria
Z:\Projects\Smart-Farming\Datasets\final_combined_datasets\TLUE\S\TLUE_S_343.jpg,Tomato,S,closed,9e42c8de214e6bce,Septoria
Z:\Projects\Smart-Farming\Datasets\final_combined_datasets\TLUE\S\TLUE_S_344.jpg,Tomato,S,closed,8e15d5488d2fb437,Septoria
Z:\Projects\Smart-Farming\Datasets\final_combined_datasets\TLUE\S\TLUE_S_345.jpg,Tomato,S,closed,d6a56a46786a791a,Septoria
Z:\Projects\Smart-Farming\Datasets\final_combined_datasets\TLUE\S\TLUE_S_346.jpg,Tomato,S,closed,c085d89e1efa70f8,Septoria
Z:\Projects\Smart-Farming\Datasets\final_combined_datasets\TLUE\S\TLUE_S_347.jpg,Tomato,S,closed,c3fd1c837e5ce005,Septoria
Z:\Projects\Smart-Farming\Datasets\final_combined_datasets\TLUE\S\TLUE_S_348.jpg,Tomato,S,closed,98e396194f713b70,Septoria
Z:\Projects\Smart-Farming\Datasets\final_combined_datasets\TLUE\S\TLUE_S_349.jpg,Tomato,S,closed,966ef006ff22ad06,Septoria
Z:\Projects\Smart-Farming\Datasets\final_combined_datasets\TLUE\S\TLUE_S_350.jpg,Tomato,S,closed,c0c2297936d6b97c,Septoria
Z:\Projects\Smart-Farming\Datasets\final_combined_datasets\TLUE\S\TLUE_S_351.jpg,Tomato,S,closed,c4d8f7bce30f3801,Septoria
Z:\Projects\Smart-Farming\Datasets\final_combined_datasets\TLUE\S\TLUE_S_352.jpg,Tomato,S,closed,c04a3f97f6a805ba,Septoria
Z:\Projects\Smart-Farming\Datasets\final_combined_datasets\TLUE\S\TLUE_S_353.jpg,Tomato,S,closed,d8e0ea48e71fec41,Septoria
Z:\Projects\Smart-Farming\Datasets\final_combined_datasets\TLUE\S\TLUE_S_355.jpg,Tomato,S,closed,d00e3bb324e12fcb,Septoria
Z:\Projects\Smart-Farming\Datasets\final_combined_datasets\TLUE\S\TLUE_S_360.jpg,Tomato,S,closed,c34b277d90f14b83,Septoria
Z:\Projects\Smart-Farming\Datasets\final_combined_datasets\TLUE\S\TLUE_S_361.jpg,Tomato,S,closed,9354686b6b613477,Septoria
Z:\Projects\Smart-Farming\Datasets\final_combined_datasets\TLUE\S\TLUE_S_362.jpg,Tomato,S,closed,874f5c6c37920bf0,Septoria
Z:\Projects\Smart-Farming\Datasets\final_combined_datasets\TLUE\S\TLUE_S_363.jpg,Tomato,S,closed,d8e06ac8c79fe581,Septoria
Z:\Projects\Smart-Farming\Datasets\final_combined_datasets\TLUE\S\TLUE_S_364.jpg,Tomato,S,closed,89625ee0961dda3d,Septoria
Z:\Projects\Smart-Farming\Datasets\final_combined_datasets\TLUE\S\TLUE_S_365.jpg,Tomato,S,closed,85806b9ab1b95f35,Septoria
Z:\Projects\Smart-Farming\Datasets\final_combined_datasets\TLUE\S\TLUE_S_366.jpg,Tomato,S,closed,a48b33eaa0137de9,Septoria
Z:\Projects\Smart-Farming\Datasets\final_combined_datasets\TLUE\S\TLUE_S_367.jpg,Tomato,S,closed,871b70703c5b4ec7,Septoria
Z:\Projects\Smart-Farming\Datasets\final_combined_datasets\TLUE\S\TLUE_S_368.jpg,Tomato,S,closed,a5f8a58071d8b35b,Septoria
Z:\Projects\Smart-Farming\Datasets\final_combined_datasets\TLUE\ML\TLUE_ML_322.jpg,Tomato,ML,closed,c5be6b8d571291c4,Mold Leaf
Z:\Projects\Smart-Farming\Datasets\final_combined_datasets\TLUE\ML\TLUE_ML_323.jpg,Tomato,ML,closed,c59d3861873cfc16,Mold Leaf
Z:\Projects\Smart-Farming\Datasets\final_combined_datasets\TLUE\ML\TLUE_ML_045.jpg,Tomato,ML,closed,d7752a8525989f46,Mold Leaf
Z:\Projects\Smart-Farming\Datasets\final_combined_datasets\TLUE\ML\TLUE_ML_046.jpg,Tomato,ML,closed,c3d3030d5f8cf0b9,Mold Leaf
Z:\Projects\Smart-Farming\Datasets\final_combined_datasets\TLUE\ML\TLUE_ML_324.jpg,Tomato,ML,closed,9b864fceb61c90b2,Mold Leaf
Z:\Projects\Smart-Farming\Datasets\final_combined_datasets\TLUE\ML\TLUE_ML_325.jpg,Tomato,ML,closed,8af1f17a7c5c444c,Mold Leaf
Z:\Projects\Smart-Farming\Datasets\final_combined_datasets\TLUE\ML\TLUE_ML_326.jpg,Tomato,ML,closed,ad9f6f4d0328470e,Mold Leaf
Z:\Projects\Smart-Farming\Datasets\final_combined_datasets\TLUE\ML\TLUE_ML_048.jpg,Tomato,ML,closed,980f75650706adbd,Mold Leaf
Z:\Projects\Smart-Farming\Datasets\final_combined_datasets\TLUE\ML\TLUE_ML_327.jpg,Tomato,ML,closed,93113b91c53dcc6e,Mold Leaf
Z:\Projects\Smart-Farming\Datasets\final_combined_datasets\TLUE\ML\TLUE_ML_328.jpg,Tomato,ML,closed,e55f291ada709c52,Mold Leaf
Z:\Projects\Smart-Farming\Datasets\final_combined_datasets\TLUE\ML\TLUE_ML_329.jpg,Tomato,ML,closed,803fb134d296759e,Mold Leaf
Z:\Projects\Smart-Farming\Datasets\final_combined_datasets\TLUE\ML\TLUE_ML_050.jpg,Tomato,ML,closed,c0542fe9b50b62af,Mold Leaf
Z:\Projects\Smart-Farming\Datasets\final_combined_datasets\TLUE\ML\TLUE_ML_330.jpg,Tomato,ML,closed,d8807b6626bd296b,Mold Leaf
Z:\Projects\Smart-Farming\Datasets\final_combined_datasets\TLUE\ML\TLUE_ML_331.jpg,Tomato,ML,closed,c498230b7c77f513,Mold Leaf
Z:\Projects\Smart-Farming\Datasets\final_combined_datasets\TLUE\ML\TLUE_ML_332.jpg,Tomato,ML,closed,c4b417664866bd2f,Mold Leaf
Z:\Projects\Smart-Farming\Datasets\final_combined_datasets\TLUE\ML\TLUE_ML_333.jpg,Tomato,ML,closed,dba472b38a67e502,Mold Leaf
Z:\Projects\Smart-Farming\Datasets\final_combined_datasets\TLUE\ML\TLUE_ML_334.jpg,Tomato,ML,closed,f4b97463136e4730,Mold Leaf
Z:\Projects\Smart-Farming\Datasets\final_combined_datasets\TLUE\ML\TLUE_ML_335.jpg,Tomato,ML,closed,a5f107260f1f7871,Mold Leaf
Z:\Projects\Smart-Farming\Datasets\final_combined_datasets\TLUE\ML\TLUE_ML_336.jpg,Tomato,ML,closed,c9d92ec383745b91,Mold Leaf
Z:\Projects\Smart-Farming\Datasets\final_combined_datasets\TLUE\ML\TLUE_ML_337.jpg,Tomato,ML,closed,976a9f601c36643b,Mold Leaf
Z:\Projects\Smart-Farming\Datasets\final_combined_datasets\TLUE\ML\TLUE_ML_054.jpg,Tomato,ML,closed,bc89fa4609ef48aa,Mold Leaf
Z:\Projects\Smart-Farming\Datasets\final_combined_datasets\TLUE\ML\TLUE_ML_055.jpg,Tomato,ML,closed,8562d44eb0d94ff1,Mold Leaf
Z:\Projects\Smart-Farming\Datasets\final_combined_datasets\TLUE\ML\TLUE_ML_338.jpg,Tomato,ML,closed,979f3940aee9ad04,Mold Leaf
Z:\Projects\Smart-Farming\Datasets\final_combined_datasets\TLUE\ML\TLUE_ML_339.jpg,Tomato,ML,closed,de877139814393ad,Mold Leaf
Z:\Projects\Smart-Farming\Datasets\final_combined_datasets\TLUE\ML\TLUE_ML_340.jpg,Tomato,ML,closed,c4ce8fcd8bb92360,Mold Leaf
Z:\Projects\Smart-Farming\Datasets\final_combined_datasets\TLUE\ML\TLUE_ML_341.jpg,Tomato,ML,closed,f417e678c86051f9,Mold Leaf
Z:\Projects\Smart-Farming\Datasets\final_combined_datasets\TLUE\ML\TLUE_ML_342.jpg,Tomato,ML,closed,e83e67207ce0f0d3,Mold Leaf
Z:\Projects\Smart-Farming\Datasets\final_combined_datasets\TLUE\ML\TLUE_ML_343.jpg,Tomato,ML,closed,d1f17e823663d948,Mold Leaf
Z:\Projects\Smart-Farming\Datasets\final_combined_datasets\TLUE\ML\TLUE_ML_344.jpg,Tomato,ML,closed,c57879bb11da8a68,Mold Leaf
Z:\Projects\Smart-Farming\Datasets\final_combined_datasets\TLUE\ML\TLUE_ML_345.jpg,Tomato,ML,closed,d01d0f5294c3c7b7,Mold Leaf
Z:\Projects\Smart-Farming\Datasets\final_combined_datasets\TLUE\ML\TLUE_ML_346.jpg,Tomato,ML,closed,b8d2350e4d31d3e3,Mold Leaf
Z:\Projects\Smart-Farming\Datasets\final_combined_datasets\TLUE\ML\TLUE_ML_347.jpg,Tomato,ML,closed,c2666bf4d5681d29,Mold Leaf
Z:\Projects\Smart-Farming\Datasets\final_combined_datasets\TLUE\ML\TLUE_ML_060.jpg,Tomato,ML,closed,ec88d3b62826beca,Mold Leaf
Z:\Projects\Smart-Farming\Datasets\final_combined_datasets\TLUE\ML\TLUE_ML_061.jpg,Tomato,ML,closed,8c8b3a3262b77e70,Mold Leaf
Z:\Projects\Smart-Farming\Datasets\final_combined_datasets\TLUE\ML\TLUE_ML_062.jpg,Tomato,ML,closed,9757cbd868d031c9,Mold Leaf
Z:\Projects\Smart-Farming\Datasets\final_combined_datasets\TLUE\ML\TLUE_ML_063.jpg,Tomato,ML,closed,b9a9f03e477506e0,Mold Leaf
Z:\Projects\Smart-Farming\Datasets\final_combined_datasets\TLUE\ML\TLUE_ML_064.jpg,Tomato,ML,closed,9eb1b6d871491b32,Mold Leaf
Z:\Projects\Smart-Farming\Datasets\final_combined_datasets\TLUE\ML\TLUE_ML_348.jpg,Tomato,ML,closed,ce195cf084b7cf24,Mold Leaf
Z:\Projects\Smart-Farming\Datasets\final_combined_datasets\TLUE\ML\TLUE_ML_002.jpg,Tomato,ML,closed,d4c6a31bdca7c12c,Mold Leaf
Z:\Projects\Smart-Farming\Datasets\final_combined_datasets\TLUE\ML\TLUE_ML_065.jpg,Tomato,ML,closed,c6cb27323f65f009,Mold Leaf
Z:\Projects\Smart-Farming\Datasets\final_combined_datasets\TLUE\ML\TLUE_ML_349.jpg,Tomato,ML,closed,c05f417866264ebf,Mold Leaf
Z:\Projects\Smart-Farming\Datasets\final_combined_datasets\TLUE\ML\TLUE_ML_350.jpg,Tomato,ML,closed,eca49e916d078b33,Mold Leaf
Z:\Projects\Smart-Farming\Datasets\final_combined_datasets\TLUE\ML\TLUE_ML_351.jpg,Tomato,ML,closed,99187f6c58adc4d4,Mold Leaf
Z:\Projects\Smart-Farming\Datasets\final_combined_datasets\TLUE\ML\TLUE_ML_352.jpg,Tomato,ML,closed,dc57a327076c6cb0,Mold Leaf
Z:\Projects\Smart-Farming\Datasets\final_combined_datasets\TLUE\ML\TLUE_ML_068.jpg,Tomato,ML,closed,948833d54d750fec,Mold Leaf
Z:\Projects\Smart-Farming\Datasets\final_combined_datasets\TLUE\ML\TLUE_ML_069.jpg,Tomato,ML,closed,86e77ba689d29056,Mold Leaf
Z:\Projects\Smart-Farming\Datasets\final_combined_datasets\TLUE\ML\TLUE_ML_353.jpg,Tomato,ML,closed,ae782491f87e6706,Mold Leaf
Z:\Projects\Smart-Farming\Datasets\final_combined_datasets\TLUE\ML\TLUE_ML_354.jpg,Tomato,ML,closed,ca787523c72f491c,Mold Leaf
Z:\Projects\Smart-Farming\Datasets\final_combined_datasets\TLUE\ML\TLUE_ML_003.jpg,Tomato,ML,closed,bbc2e0e1963c1f13,Mold Leaf
Z:\Projects\Smart-Farming\Datasets\final_combined_datasets\TLUE\ML\TLUE_ML_071.jpg,Tomato,ML,closed,d46e139b2523996e,Mold Leaf
Z:\Projects\Smart-Farming\Datasets\final_combined_datasets\TLUE\ML\TLUE_ML_072.jpg,Tomato,ML,closed,e7b7805b2f8d5884,Mold Leaf
Z:\Projects\Smart-Farming\Datasets\final_combined_datasets\TLUE\ML\TLUE_ML_355.jpg,Tomato,ML,closed,fd36865ea381864d,Mold Leaf
Z:\Projects\Smart-Farming\Datasets\final_combined_datasets\TLUE\ML\TLUE_ML_356.jpg,Tomato,ML,closed,d188a270debe8f52,Mold Leaf
Z:\Projects\Smart-Farming\Datasets\final_combined_datasets\TLUE\ML\TLUE_ML_357.jpg,Tomato,ML,closed,8d09be2dd646c936,Mold Leaf
Z:\Projects\Smart-Farming\Datasets\final_combined_datasets\TLUE\ML\TLUE_ML_358.jpg,Tomato,ML,closed,d475133078bd9f24,Mold Leaf
Z:\Projects\Smart-Farming\Datasets\final_combined_datasets\TLUE\ML\TLUE_ML_359.jpg,Tomato,ML,closed,d0b76700fec3a0e5,Mold Leaf
Z:\Projects\Smart-Farming\Datasets\final_combined_datasets\TLUE\ML\TLUE_ML_360.jpg,Tomato,ML,closed,d5091a57754d1bb2,Mold Leaf
Z:\Projects\Smart-Farming\Datasets\final_combined_datasets\TLUE\ML\TLUE_ML_361.jpg,Tomato,ML,closed,8dbe95659632d229,Mold Leaf
Z:\Projects\Smart-Farming\Datasets\final_combined_datasets\TLUE\ML\TLUE_ML_076.jpg,Tomato,ML,closed,ea2d09b5b5e3d058,Mold Leaf
Z:\Projects\Smart-Farming\Datasets\final_combined_datasets\TLUE\ML\TLUE_ML_362.jpg,Tomato,ML,closed,c58276ae5f276a42,Mold Leaf
Z:\Projects\Smart-Farming\Datasets\final_combined_datasets\TLUE\ML\TLUE_ML_363.jpg,Tomato,ML,closed,f416159bc8cb3393,Mold Leaf
Z:\Projects\Smart-Farming\Datasets\final_combined_datasets\TLUE\ML\TLUE_ML_364.jpg,Tomato,ML,closed,8048f566cb73f531,Mold Leaf
Z:\Projects\Smart-Farming\Datasets\final_combined_datasets\TLUE\ML\TLUE_ML_365.jpg,Tomato,ML,closed,8bdb20cfe6847874,Mold Leaf
Z:\Projects\Smart-Farming\Datasets\final_combined_datasets\TLUE\ML\TLUE_ML_079.jpg,Tomato,ML,closed,e2b2d5822ecce96a,Mold Leaf
Z:\Projects\Smart-Farming\Datasets\final_combined_datasets\TLUE\ML\TLUE_ML_080.jpg,Tomato,ML,closed,f2b3659951cd9503,Mold Leaf
Z:\Projects\Smart-Farming\Datasets\final_combined_datasets\TLUE\ML\TLUE_ML_081.jpg,Tomato,ML,closed,aea0a35eb293ce92,Mold Leaf
Z:\Projects\Smart-Farming\Datasets\final_combined_datasets\TLUE\ML\TLUE_ML_082.jpg,Tomato,ML,closed,d8f8d249654742fa,Mold Leaf
Z:\Projects\Smart-Farming\Datasets\final_combined_datasets\TLUE\ML\TLUE_ML_083.jpg,Tomato,ML,closed,85f0368f66de602d,Mold Leaf
Z:\Projects\Smart-Farming\Datasets\final_combined_datasets\TLUE\ML\TLUE_ML_084.jpg,Tomato,ML,closed,f724aaae2aaf0466,Mold Leaf
Z:\Projects\Smart-Farming\Datasets\final_combined_datasets\TLUE\ML\TLUE_ML_085.jpg,Tomato,ML,closed,c4cf14b9257ba742,Mold Leaf
Z:\Projects\Smart-Farming\Datasets\final_combined_datasets\TLUE\ML\TLUE_ML_086.jpg,Tomato,ML,closed,daf471df62536401,Mold Leaf
Z:\Projects\Smart-Farming\Datasets\final_combined_datasets\TLUE\ML\TLUE_ML_087.jpg,Tomato,ML,closed,f44b2ff3c852071a,Mold Leaf
Z:\Projects\Smart-Farming\Datasets\final_combined_datasets\TLUE\ML\TLUE_ML_088.jpg,Tomato,ML,closed,d5e2a3b7088e8573,Mold Leaf
Z:\Projects\Smart-Farming\Datasets\final_combined_datasets\TLUE\ML\TLUE_ML_089.jpg,Tomato,ML,closed,fbc59096e349c43a,Mold Leaf
Z:\Projects\Smart-Farming\Datasets\final_combined_datasets\TLUE\ML\TLUE_ML_090.jpg,Tomato,ML,closed,e270359f652bac86,Mold Leaf
Z:\Projects\Smart-Farming\Datasets\final_combined_datasets\TLUE\ML\TLUE_ML_366.jpg,Tomato,ML,closed,a078cc1f7819cee3,Mold Leaf
Z:\Projects\Smart-Farming\Datasets\final_combined_datasets\TLUE\ML\TLUE_ML_367.jpg,Tomato,ML,closed,8edc7243dcb106ce,Mold Leaf
Z:\Projects\Smart-Farming\Datasets\final_combined_datasets\TLUE\ML\TLUE_ML_091.jpg,Tomato,ML,closed,9b7031e0dcbb9a2c,Mold Leaf
Z:\Projects\Smart-Farming\Datasets\final_combined_datasets\TLUE\ML\TLUE_ML_092.jpg,Tomato,ML,closed,9f0e80f059f02b9f,Mold Leaf
Z:\Projects\Smart-Farming\Datasets\final_combined_datasets\TLUE\ML\TLUE_ML_368.jpg,Tomato,ML,closed,cdb43a80354cadf3,Mold Leaf
Z:\Projects\Smart-Farming\Datasets\final_combined_datasets\TLUE\ML\TLUE_ML_369.jpg,Tomato,ML,closed,85c62349aeaa6b3b,Mold Leaf
Z:\Projects\Smart-Farming\Datasets\final_combined_datasets\TLUE\ML\TLUE_ML_093.jpg,Tomato,ML,closed,d1b618722f8fe162,Mold Leaf
Z:\Projects\Smart-Farming\Datasets\final_combined_datasets\TLUE\ML\TLUE_ML_094.jpg,Tomato,ML,closed,d13f1a4379e10d99,Mold Leaf
Z:\Projects\Smart-Farming\Datasets\final_combined_datasets\TLUE\ML\TLUE_ML_095.jpg,Tomato,ML,closed,9bc56360e06abdd8,Mold Leaf
Z:\Projects\Smart-Farming\Datasets\final_combined_datasets\TLUE\ML\TLUE_ML_096.jpg,Tomato,ML,closed,d6252a55163d6b8e,Mold Leaf
Z:\Projects\Smart-Farming\Datasets\final_combined_datasets\TLUE\ML\TLUE_ML_370.jpg,Tomato,ML,closed,eba27ee8c21674a1,Mold Leaf
Z:\Projects\Smart-Farming\Datasets\final_combined_datasets\TLUE\ML\TLUE_ML_371.jpg,Tomato,ML,closed,cc4c3a391fb1d9c2,Mold Leaf
Z:\Projects\Smart-Farming\Datasets\final_combined_datasets\TLUE\ML\TLUE_ML_372.jpg,Tomato,ML,closed,f561d806074af9d9,Mold Leaf
Z:\Projects\Smart-Farming\Datasets\final_combined_datasets\TLUE\ML\TLUE_ML_373.jpg,Tomato,ML,closed,ce9b38503ce2147f,Mold Leaf
Z:\Projects\Smart-Farming\Datasets\final_combined_datasets\TLUE\ML\TLUE_ML_097.jpg,Tomato,ML,closed,d898da2a32666377,Mold Leaf
Z:\Projects\Smart-Farming\Datasets\final_combined_datasets\TLUE\ML\TLUE_ML_374.jpg,Tomato,ML,closed,e350fca038c7bca5,Mold Leaf
Z:\Projects\Smart-Farming\Datasets\final_combined_datasets\TLUE\ML\TLUE_ML_375.jpg,Tomato,ML,closed,95fa2609b74df04c,Mold Leaf
Z:\Projects\Smart-Farming\Datasets\final_combined_datasets\TLUE\ML\TLUE_ML_376.jpg,Tomato,ML,closed,f21062a3bf96d4f0,Mold Leaf
Z:\Projects\Smart-Farming\Datasets\final_combined_datasets\TLUE\ML\TLUE_ML_377.jpg,Tomato,ML,closed,96a5719ac6616c3e,Mold Leaf
Z:\Projects\Smart-Farming\Datasets\final_combined_datasets\TLUE\ML\TLUE_ML_378.jpg,Tomato,ML,closed,d9a433299f906d63,Mold Leaf
Z:\Projects\Smart-Farming\Datasets\final_combined_datasets\TLUE\ML\TLUE_ML_379.jpg,Tomato,ML,closed,8d497232d22d47bb,Mold Leaf
Z:\Projects\Smart-Farming\Datasets\final_combined_datasets\TLUE\ML\TLUE_ML_380.jpg,Tomato,ML,closed,a153e3699ade5341,Mold Leaf
Z:\Projects\Smart-Farming\Datasets\final_combined_datasets\TLUE\ML\TLUE_ML_381.jpg,Tomato,ML,closed,81de3442dead7370,Mold Leaf
Z:\Projects\Smart-Farming\Datasets\final_combined_datasets\TLUE\ML\TLUE_ML_382.jpg,Tomato,ML,closed,8c6eb2575ea2a2aa,Mold Leaf
Z:\Projects\Smart-Farming\Datasets\final_combined_datasets\TLUE\ML\TLUE_ML_383.jpg,Tomato,ML,closed,d61b110cfb5eca1c,Mold Leaf
Z:\Projects\Smart-Farming\Datasets\final_combined_datasets\TLUE\ML\TLUE_ML_384.jpg,Tomato,ML,closed,9dc325ca05f0971f,Mold Leaf
Z:\Projects\Smart-Farming\Datasets\final_combined_datasets\TLUE\ML\TLUE_ML_385.jpg,Tomato,ML,closed,d2ba39057025b6fa,Mold Leaf
Z:\Projects\Smart-Farming\Datasets\final_combined_datasets\TLUE\ML\TLUE_ML_386.jpg,Tomato,ML,closed,ff0e85ed5ee040c2,Mold Leaf
Z:\Projects\Smart-Farming\Datasets\final_combined_datasets\TLUE\ML\TLUE_ML_387.jpg,Tomato,ML,closed,9531397d611d5da8,Mold Leaf
Z:\Projects\Smart-Farming\Datasets\final_combined_datasets\TLUE\ML\TLUE_ML_388.jpg,Tomato,ML,closed,83af7f5518b81ac2,Mold Leaf
Z:\Projects\Smart-Farming\Datasets\final_combined_datasets\TLUE\ML\TLUE_ML_389.jpg,Tomato,ML,closed,df9436280ed517d4,Mold Leaf
Z:\Projects\Smart-Farming\Datasets\final_combined_datasets\TLUE\ML\TLUE_ML_390.jpg,Tomato,ML,closed,877a3f36b6e0900e,Mold Leaf
Z:\Projects\Smart-Farming\Datasets\final_combined_datasets\TLUE\ML\TLUE_ML_391.jpg,Tomato,ML,closed,8b27f123d225ca79,Mold Leaf
Z:\Projects\Smart-Farming\Datasets\final_combined_datasets\TLUE\ML\TLUE_ML_392.jpg,Tomato,ML,closed,d2726e175460c27f,Mold Leaf
Z:\Projects\Smart-Farming\Datasets\final_combined_datasets\TLUE\ML\TLUE_ML_393.jpg,Tomato,ML,closed,95db2649bf8da124,Mold Leaf
Z:\Projects\Smart-Farming\Datasets\final_combined_datasets\TLUE\ML\TLUE_ML_394.jpg,Tomato,ML,closed,c02e296ea3bec743,Mold Leaf
Z:\Projects\Smart-Farming\Datasets\final_combined_datasets\TLUE\ML\TLUE_ML_395.jpg,Tomato,ML,closed,da1f8dea30b54c91,Mold Leaf
Z:\Projects\Smart-Farming\Datasets\final_combined_datasets\TLUE\ML\TLUE_ML_396.jpg,Tomato,ML,closed,d5b229b44a6f7452,Mold Leaf
Z:\Projects\Smart-Farming\Datasets\final_combined_datasets\TLUE\ML\TLUE_ML_397.jpg,Tomato,ML,closed,cfff6c40232aa315,Mold Leaf
Z:\Projects\Smart-Farming\Datasets\final_combined_datasets\TLUE\ML\TLUE_ML_398.jpg,Tomato,ML,closed,89dc20cca3df5b0d,Mold Leaf
Z:\Projects\Smart-Farming\Datasets\final_combined_datasets\TLUE\ML\TLUE_ML_004.jpg,Tomato,ML,closed,fee281a4af956a48,Mold Leaf
Z:\Projects\Smart-Farming\Datasets\final_combined_datasets\TLUE\ML\TLUE_ML_108.jpg,Tomato,ML,closed,de74a2e2802b4d7d,Mold Leaf
Z:\Projects\Smart-Farming\Datasets\final_combined_datasets\TLUE\ML\TLUE_ML_399.jpg,Tomato,ML,closed,90d16f2ee06cba55,Mold Leaf
Z:\Projects\Smart-Farming\Datasets\final_combined_datasets\TLUE\ML\TLUE_ML_400.jpg,Tomato,ML,closed,c5ccb94550f7e8a8,Mold Leaf
Z:\Projects\Smart-Farming\Datasets\final_combined_datasets\TLUE\ML\TLUE_ML_401.jpg,Tomato,ML,closed,c7e07816265a9abd,Mold Leaf
Z:\Projects\Smart-Farming\Datasets\final_combined_datasets\TLUE\ML\TLUE_ML_110.jpg,Tomato,ML,closed,aedd2bc8181f5b18,Mold Leaf
Z:\Projects\Smart-Farming\Datasets\final_combined_datasets\TLUE\ML\TLUE_ML_402.jpg,Tomato,ML,closed,8d4db626d23af832,Mold Leaf
Z:\Projects\Smart-Farming\Datasets\final_combined_datasets\TLUE\ML\TLUE_ML_403.jpg,Tomato,ML,closed,dac936184d770c3e,Mold Leaf
Z:\Projects\Smart-Farming\Datasets\final_combined_datasets\TLUE\ML\TLUE_ML_404.jpg,Tomato,ML,closed,d05906a599279d77,Mold Leaf
Z:\Projects\Smart-Farming\Datasets\final_combined_datasets\TLUE\ML\TLUE_ML_405.jpg,Tomato,ML,closed,81c93f2dbd55da04,Mold Leaf
Z:\Projects\Smart-Farming\Datasets\final_combined_datasets\TLUE\ML\TLUE_ML_113.jpg,Tomato,ML,closed,b980525f07f4bc17,Mold Leaf
Z:\Projects\Smart-Farming\Datasets\final_combined_datasets\TLUE\ML\TLUE_ML_406.jpg,Tomato,ML,closed,9ba3666283b1de51,Mold Leaf
Z:\Projects\Smart-Farming\Datasets\final_combined_datasets\TLUE\ML\TLUE_ML_407.jpg,Tomato,ML,closed,daed0947fd1a450a,Mold Leaf
Z:\Projects\Smart-Farming\Datasets\final_combined_datasets\TLUE\ML\TLUE_ML_408.jpg,Tomato,ML,closed,c79f22b68f08287b,Mold Leaf
Z:\Projects\Smart-Farming\Datasets\final_combined_datasets\TLUE\ML\TLUE_ML_409.jpg,Tomato,ML,closed,dc06665c71a8ed1e,Mold Leaf
Z:\Projects\Smart-Farming\Datasets\final_combined_datasets\TLUE\ML\TLUE_ML_410.jpg,Tomato,ML,closed,8b80f044bf1f87f1,Mold Leaf
Z:\Projects\Smart-Farming\Datasets\final_combined_datasets\TLUE\ML\TLUE_ML_411.jpg,Tomato,ML,closed,8ac7f9db4b8a288a,Mold Leaf
Z:\Projects\Smart-Farming\Datasets\final_combined_datasets\TLUE\ML\TLUE_ML_412.jpg,Tomato,ML,closed,83b46cec909fd19a,Mold Leaf
Z:\Projects\Smart-Farming\Datasets\final_combined_datasets\TLUE\ML\TLUE_ML_413.jpg,Tomato,ML,closed,dce2309a7798c74c,Mold Leaf
Z:\Projects\Smart-Farming\Datasets\final_combined_datasets\TLUE\ML\TLUE_ML_414.jpg,Tomato,ML,closed,ccd318dc730c7569,Mold Leaf
Z:\Projects\Smart-Farming\Datasets\final_combined_datasets\TLUE\ML\TLUE_ML_415.jpg,Tomato,ML,closed,d89c2d7431b32b17,Mold Leaf
Z:\Projects\Smart-Farming\Datasets\final_combined_datasets\TLUE\ML\TLUE_ML_416.jpg,Tomato,ML,closed,8abef52659070ba9,Mold Leaf
Z:\Projects\Smart-Farming\Datasets\final_combined_datasets\TLUE\ML\TLUE_ML_417.jpg,Tomato,ML,closed,dafa0af4168e85e8,Mold Leaf
Z:\Projects\Smart-Farming\Datasets\final_combined_datasets\TLUE\ML\TLUE_ML_418.jpg,Tomato,ML,closed,dc226da68883dfb1,Mold Leaf
Z:\Projects\Smart-Farming\Datasets\final_combined_datasets\TLUE\ML\TLUE_ML_419.jpg,Tomato,ML,closed,8e9174ae179c1a2f,Mold Leaf
Z:\Projects\Smart-Farming\Datasets\final_combined_datasets\TLUE\ML\TLUE_ML_420.jpg,Tomato,ML,closed,8fcf34909199ee92,Mold Leaf
Z:\Projects\Smart-Farming\Datasets\final_combined_datasets\TLUE\ML\TLUE_ML_005.jpg,Tomato,ML,closed,85e56feb0b9584e0,Mold Leaf
Z:\Projects\Smart-Farming\Datasets\final_combined_datasets\TLUE\ML\TLUE_ML_120.jpg,Tomato,ML,closed,c6cb2c6c7192f951,Mold Leaf
Z:\Projects\Smart-Farming\Datasets\final_combined_datasets\TLUE\ML\TLUE_ML_421.jpg,Tomato,ML,closed,9fed639b6862a106,Mold Leaf
Z:\Projects\Smart-Farming\Datasets\final_combined_datasets\TLUE\ML\TLUE_ML_422.jpg,Tomato,ML,closed,cc4d32a39dc20edd,Mold Leaf
Z:\Projects\Smart-Farming\Datasets\final_combined_datasets\TLUE\ML\TLUE_ML_423.jpg,Tomato,ML,closed,ddb431d9ce334a18,Mold Leaf
Z:\Projects\Smart-Farming\Datasets\final_combined_datasets\TLUE\ML\TLUE_ML_122.jpg,Tomato,ML,closed,f6268aed7469924a,Mold Leaf
Z:\Projects\Smart-Farming\Datasets\final_combined_datasets\TLUE\ML\TLUE_ML_425.jpg,Tomato,ML,closed,bb8dec083a50acf6,Mold Leaf
Z:\Projects\Smart-Farming\Datasets\final_combined_datasets\TLUE\ML\TLUE_ML_426.jpg,Tomato,ML,closed,99f0f7cd86862127,Mold Leaf
Z:\Projects\Smart-Farming\Datasets\final_combined_datasets\TLUE\ML\TLUE_ML_124.jpg,Tomato,ML,closed,d2456d8ac5b39669,Mold Leaf
Z:\Projects\Smart-Farming\Datasets\final_combined_datasets\TLUE\ML\TLUE_ML_427.jpg,Tomato,ML,closed,a9f2233c8f3f6206,Mold Leaf
Z:\Projects\Smart-Farming\Datasets\final_combined_datasets\TLUE\ML\TLUE_ML_428.jpg,Tomato,ML,closed,e95dc0823d78f4e8,Mold Leaf
Z:\Projects\Smart-Farming\Datasets\final_combined_datasets\TLUE\ML\TLUE_ML_429.jpg,Tomato,ML,closed,ad433c0b7c817c7c,Mold Leaf
Z:\Projects\Smart-Farming\Datasets\final_combined_datasets\TLUE\ML\TLUE_ML_430.jpg,Tomato,ML,closed,cd1ae6126f032af5,Mold Leaf
Z:\Projects\Smart-Farming\Datasets\final_combined_datasets\TLUE\ML\TLUE_ML_431.jpg,Tomato,ML,closed,eea26389c964579a,Mold Leaf
Z:\Projects\Smart-Farming\Datasets\final_combined_datasets\TLUE\ML\TLUE_ML_127.jpg,Tomato,ML,closed,ab67e55d1da5401a,Mold Leaf
Z:\Projects\Smart-Farming\Datasets\final_combined_datasets\TLUE\ML\TLUE_ML_432.jpg,Tomato,ML,closed,8da7e24a65fe2192,Mold Leaf
Z:\Projects\Smart-Farming\Datasets\final_combined_datasets\TLUE\ML\TLUE_ML_433.jpg,Tomato,ML,closed,996a34e6c5322bcb,Mold Leaf
Z:\Projects\Smart-Farming\Datasets\final_combined_datasets\TLUE\ML\TLUE_ML_434.jpg,Tomato,ML,closed,fbb4ff122899830c,Mold Leaf
Z:\Projects\Smart-Farming\Datasets\final_combined_datasets\TLUE\ML\TLUE_ML_435.jpg,Tomato,ML,closed,db2c65b8350db961,Mold Leaf
Z:\Projects\Smart-Farming\Datasets\final_combined_datasets\TLUE\ML\TLUE_ML_436.jpg,Tomato,ML,closed,85ba20d893e34ee7,Mold Leaf
Z:\Projects\Smart-Farming\Datasets\final_combined_datasets\TLUE\ML\TLUE_ML_437.jpg,Tomato,ML,closed,b8f391565c73109e,Mold Leaf
Z:\Projects\Smart-Farming\Datasets\final_combined_datasets\TLUE\ML\TLUE_ML_438.jpg,Tomato,ML,closed,bc74d830193fd2e8,Mold Leaf
Z:\Projects\Smart-Farming\Datasets\final_combined_datasets\TLUE\ML\TLUE_ML_439.jpg,Tomato,ML,closed,b89611d3213f0cfb,Mold Leaf
Z:\Projects\Smart-Farming\Datasets\final_combined_datasets\TLUE\ML\TLUE_ML_440.jpg,Tomato,ML,closed,cdf6b96cab086027,Mold Leaf
Z:\Projects\Smart-Farming\Datasets\final_combined_datasets\TLUE\ML\TLUE_ML_441.jpg,Tomato,ML,closed,993f2929c60573bc,Mold Leaf
Z:\Projects\Smart-Farming\Datasets\final_combined_datasets\TLUE\ML\TLUE_ML_442.jpg,Tomato,ML,closed,eca393d8c511c8af,Mold Leaf
Z:\Projects\Smart-Farming\Datasets\final_combined_datasets\TLUE\ML\TLUE_ML_443.jpg,Tomato,ML,closed,894363d88ad4f3ad,Mold Leaf
Z:\Projects\Smart-Farming\Datasets\final_combined_datasets\TLUE\ML\TLUE_ML_444.jpg,Tomato,ML,closed,bdba8cb2c047b24e,Mold Leaf
Z:\Projects\Smart-Farming\Datasets\final_combined_datasets\TLUE\ML\TLUE_ML_445.jpg,Tomato,ML,closed,9a22658fb971c674,Mold Leaf
Z:\Projects\Smart-Farming\Datasets\final_combined_datasets\TLUE\ML\TLUE_ML_446.jpg,Tomato,ML,closed,e4f36f85bc5410cc,Mold Leaf
Z:\Projects\Smart-Farming\Datasets\final_combined_datasets\TLUE\ML\TLUE_ML_447.jpg,Tomato,ML,closed,b7a0b9c8c1a817bd,Mold Leaf
Z:\Projects\Smart-Farming\Datasets\final_combined_datasets\TLUE\ML\TLUE_ML_448.jpg,Tomato,ML,closed,f9c7b59154272623,Mold Leaf
Z:\Projects\Smart-Farming\Datasets\final_combined_datasets\TLUE\ML\TLUE_ML_449.jpg,Tomato,ML,closed,9d216a1c3d7e247c,Mold Leaf
Z:\Projects\Smart-Farming\Datasets\final_combined_datasets\TLUE\ML\TLUE_ML_450.jpg,Tomato,ML,closed,c9971b1e992b1f0c,Mold Leaf
Z:\Projects\Smart-Farming\Datasets\final_combined_datasets\TLUE\ML\TLUE_ML_451.jpg,Tomato,ML,closed,fc9590696da3a3c8,Mold Leaf
Z:\Projects\Smart-Farming\Datasets\final_combined_datasets\TLUE\ML\TLUE_ML_452.jpg,Tomato,ML,closed,a5b14e86f00bde59,Mold Leaf
Z:\Projects\Smart-Farming\Datasets\final_combined_datasets\TLUE\ML\TLUE_ML_453.jpg,Tomato,ML,closed,cc9b52b19d96e4e0,Mold Leaf
Z:\Projects\Smart-Farming\Datasets\final_combined_datasets\TLUE\ML\TLUE_ML_454.jpg,Tomato,ML,closed,bac4c96e50a6cccb,Mold Leaf
Z:\Projects\Smart-Farming\Datasets\final_combined_datasets\TLUE\ML\TLUE_ML_455.jpg,Tomato,ML,closed,ec3125168ccd75f8,Mold Leaf
Z:\Projects\Smart-Farming\Datasets\final_combined_datasets\TLUE\ML\TLUE_ML_456.jpg,Tomato,ML,closed,f3621c632b7e049d,Mold Leaf
Z:\Projects\Smart-Farming\Datasets\final_combined_datasets\TLUE\ML\TLUE_ML_457.jpg,Tomato,ML,closed,91cc726d7229acb3,Mold Leaf
Z:\Projects\Smart-Farming\Datasets\final_combined_datasets\TLUE\ML\TLUE_ML_458.jpg,Tomato,ML,closed,c12fb4052d83f379,Mold Leaf
Z:\Projects\Smart-Farming\Datasets\final_combined_datasets\TLUE\ML\TLUE_ML_459.jpg,Tomato,ML,closed,893975aaad5662d2,Mold Leaf
Z:\Projects\Smart-Farming\Datasets\final_combined_datasets\TLUE\ML\TLUE_ML_460.jpg,Tomato,ML,closed,df676c3031365354,Mold Leaf
Z:\Projects\Smart-Farming\Datasets\final_combined_datasets\TLUE\ML\TLUE_ML_461.jpg,Tomato,ML,closed,d34b2c2734356c7c,Mold Leaf
Z:\Projects\Smart-Farming\Datasets\final_combined_datasets\TLUE\ML\TLUE_ML_462.jpg,Tomato,ML,closed,f8d639dd801f8d03,Mold Leaf
Z:\Projects\Smart-Farming\Datasets\final_combined_datasets\TLUE\ML\TLUE_ML_463.jpg,Tomato,ML,closed,e2222ea29dadf8a5,Mold Leaf
Z:\Projects\Smart-Farming\Datasets\final_combined_datasets\TLUE\ML\TLUE_ML_464.jpg,Tomato,ML,closed,fb5e04037efb0c05,Mold Leaf
Z:\Projects\Smart-Farming\Datasets\final_combined_datasets\TLUE\ML\TLUE_ML_465.jpg,Tomato,ML,closed,800cbdf1e1838f9f,Mold Leaf
Z:\Projects\Smart-Farming\Datasets\final_combined_datasets\TLUE\ML\TLUE_ML_466.jpg,Tomato,ML,closed,edcf9a10141636f6,Mold Leaf
Z:\Projects\Smart-Farming\Datasets\final_combined_datasets\TLUE\ML\TLUE_ML_467.jpg,Tomato,ML,closed,865b7ca7b516520b,Mold Leaf
Z:\Projects\Smart-Farming\Datasets\final_combined_datasets\TLUE\ML\TLUE_ML_468.jpg,Tomato,ML,closed,908d3e807fe5e1e4,Mold Leaf
Z:\Projects\Smart-Farming\Datasets\final_combined_datasets\TLUE\ML\TLUE_ML_469.jpg,Tomato,ML,closed,816132d4bccbede8,Mold Leaf
Z:\Projects\Smart-Farming\Datasets\final_combined_datasets\TLUE\ML\TLUE_ML_470.jpg,Tomato,ML,closed,8a5c592d5aa956ab,Mold Leaf
Z:\Projects\Smart-Farming\Datasets\final_combined_datasets\TLUE\ML\TLUE_ML_471.jpg,Tomato,ML,closed,ea1a35ec934dcb84,Mold Leaf
Z:\Projects\Smart-Farming\Datasets\final_combined_datasets\TLUE\ML\TLUE_ML_472.jpg,Tomato,ML,closed,e65459c9e2a29397,Mold Leaf
Z:\Projects\Smart-Farming\Datasets\final_combined_datasets\TLUE\ML\TLUE_ML_473.jpg,Tomato,ML,closed,c18d1a3e6b152f1e,Mold Leaf
Z:\Projects\Smart-Farming\Datasets\final_combined_datasets\TLUE\ML\TLUE_ML_474.jpg,Tomato,ML,closed,c81b0f1e6d5e3c19,Mold Leaf
Z:\Projects\Smart-Farming\Datasets\final_combined_datasets\TLUE\ML\TLUE_ML_475.jpg,Tomato,ML,closed,c06a5d191e3db794,Mold Leaf
Z:\Projects\Smart-Farming\Datasets\final_combined_datasets\TLUE\ML\TLUE_ML_476.jpg,Tomato,ML,closed,a8d068d5d373e866,Mold Leaf
Z:\Projects\Smart-Farming\Datasets\final_combined_datasets\TLUE\ML\TLUE_ML_477.jpg,Tomato,ML,closed,bf8889772870d1ea,Mold Leaf
Z:\Projects\Smart-Farming\Datasets\final_combined_datasets\TLUE\ML\TLUE_ML_478.jpg,Tomato,ML,closed,998a4a366dc57f50,Mold Leaf
Z:\Projects\Smart-Farming\Datasets\final_combined_datasets\TLUE\ML\TLUE_ML_479.jpg,Tomato,ML,closed,d0ffa7a625647610,Mold Leaf
Z:\Projects\Smart-Farming\Datasets\final_combined_datasets\TLUE\ML\TLUE_ML_480.jpg,Tomato,ML,closed,9ce5a29fc31684e5,Mold Leaf
Z:\Projects\Smart-Farming\Datasets\final_combined_datasets\TLUE\ML\TLUE_ML_481.jpg,Tomato,ML,closed,d0157f0d245da2dd,Mold Leaf
Z:\Projects\Smart-Farming\Datasets\final_combined_datasets\TLUE\ML\TLUE_ML_482.jpg,Tomato,ML,closed,c7fd07213c317097,Mold Leaf
Z:\Projects\Smart-Farming\Datasets\final_combined_datasets\TLUE\ML\TLUE_ML_483.jpg,Tomato,ML,closed,99d8330d713d1c7c,Mold Leaf
Z:\Projects\Smart-Farming\Datasets\final_combined_datasets\TLUE\ML\TLUE_ML_484.jpg,Tomato,ML,closed,d0ecb3d84c6ea5d0,Mold Leaf
Z:\Projects\Smart-Farming\Datasets\final_combined_datasets\TLUE\ML\TLUE_ML_485.jpg,Tomato,ML,closed,c1982bd53bc3b82b,Mold Leaf
Z:\Projects\Smart-Farming\Datasets\final_combined_datasets\TLUE\ML\TLUE_ML_486.jpg,Tomato,ML,closed,d5d5b23622ce988d,Mold Leaf
Z:\Projects\Smart-Farming\Datasets\final_combined_datasets\TLUE\ML\TLUE_ML_487.jpg,Tomato,ML,closed,df287c202a95f5d2,Mold Leaf
Z:\Projects\Smart-Farming\Datasets\final_combined_datasets\TLUE\ML\TLUE_ML_488.jpg,Tomato,ML,closed,8407739b788cce67,Mold Leaf
Z:\Projects\Smart-Farming\Datasets\final_combined_datasets\TLUE\ML\TLUE_ML_489.jpg,Tomato,ML,closed,dad82c238327cfcc,Mold Leaf
Z:\Projects\Smart-Farming\Datasets\final_combined_datasets\TLUE\ML\TLUE_ML_490.jpg,Tomato,ML,closed,835e2aa96d95c5d4,Mold Leaf
Z:\Projects\Smart-Farming\Datasets\final_combined_datasets\TLUE\ML\TLUE_ML_491.jpg,Tomato,ML,closed,eb842789fa1090ff,Mold Leaf
Z:\Projects\Smart-Farming\Datasets\final_combined_datasets\TLUE\ML\TLUE_ML_492.jpg,Tomato,ML,closed,c7ce326d94a13353,Mold Leaf
Z:\Projects\Smart-Farming\Datasets\final_combined_datasets\TLUE\ML\TLUE_ML_493.jpg,Tomato,ML,closed,95a47295091d1fde,Mold Leaf
Z:\Projects\Smart-Farming\Datasets\final_combined_datasets\TLUE\ML\TLUE_ML_494.jpg,Tomato,ML,closed,df0908780ffc01fe,Mold Leaf
Z:\Projects\Smart-Farming\Datasets\final_combined_datasets\TLUE\ML\TLUE_ML_495.jpg,Tomato,ML,closed,b0c79d074b989f89,Mold Leaf
Z:\Projects\Smart-Farming\Datasets\final_combined_datasets\TLUE\ML\TLUE_ML_496.jpg,Tomato,ML,closed,9d5a5e52380b694f,Mold Leaf
Z:\Projects\Smart-Farming\Datasets\final_combined_datasets\TLUE\ML\TLUE_ML_497.jpg,Tomato,ML,closed,99886e247d417f6a,Mold Leaf
Z:\Projects\Smart-Farming\Datasets\final_combined_datasets\TLUE\ML\TLUE_ML_498.jpg,Tomato,ML,closed,859b66436a6e31ae,Mold Leaf
Z:\Projects\Smart-Farming\Datasets\final_combined_datasets\TLUE\ML\TLUE_ML_499.jpg,Tomato,ML,closed,d99fc1611e4ae0ec,Mold Leaf
Z:\Projects\Smart-Farming\Datasets\final_combined_datasets\TLUE\ML\TLUE_ML_500.jpg,Tomato,ML,closed,cb2a21ad59e58dd2,Mold Leaf
Z:\Projects\Smart-Farming\Datasets\final_combined_datasets\TLUE\ML\TLUE_ML_501.jpg,Tomato,ML,closed,e0580716e0fa3ff4,Mold Leaf
Z:\Projects\Smart-Farming\Datasets\final_combined_datasets\TLUE\ML\TLUE_ML_502.jpg,Tomato,ML,closed,bfe0845b6e38618e,Mold Leaf
Z:\Projects\Smart-Farming\Datasets\final_combined_datasets\TLUE\ML\TLUE_ML_503.jpg,Tomato,ML,closed,c0cc5b193a3dbd92,Mold Leaf
Z:\Projects\Smart-Farming\Datasets\final_combined_datasets\TLUE\ML\TLUE_ML_504.jpg,Tomato,ML,closed,9f752782bcc144e5,Mold Leaf
Z:\Projects\Smart-Farming\Datasets\final_combined_datasets\TLUE\ML\TLUE_ML_505.jpg,Tomato,ML,closed,c4ad275a25644f6d,Mold Leaf
Z:\Projects\Smart-Farming\Datasets\final_combined_datasets\TLUE\ML\TLUE_ML_506.jpg,Tomato,ML,closed,adca3fc2cb34ca48,Mold Leaf
Z:\Projects\Smart-Farming\Datasets\final_combined_datasets\TLUE\ML\TLUE_ML_507.jpg,Tomato,ML,closed,8e0d78f686f29899,Mold Leaf
Z:\Projects\Smart-Farming\Datasets\final_combined_datasets\TLUE\ML\TLUE_ML_508.jpg,Tomato,ML,closed,d5db60d2bdb39201,Mold Leaf
Z:\Projects\Smart-Farming\Datasets\final_combined_datasets\TLUE\ML\TLUE_ML_509.jpg,Tomato,ML,closed,811df9e203878f9e,Mold Leaf
Z:\Projects\Smart-Farming\Datasets\final_combined_datasets\TLUE\ML\TLUE_ML_510.jpg,Tomato,ML,closed,c4cabc252d0f2b97,Mold Leaf
Z:\Projects\Smart-Farming\Datasets\final_combined_datasets\TLUE\ML\TLUE_ML_511.jpg,Tomato,ML,closed,93a9537469662fc2,Mold Leaf
Z:\Projects\Smart-Farming\Datasets\final_combined_datasets\TLUE\ML\TLUE_ML_512.jpg,Tomato,ML,closed,87c96d32df703524,Mold Leaf
Z:\Projects\Smart-Farming\Datasets\final_combined_datasets\TLUE\ML\TLUE_ML_513.jpg,Tomato,ML,closed,d70b7ff438c09581,Mold Leaf
Z:\Projects\Smart-Farming\Datasets\final_combined_datasets\TLUE\ML\TLUE_ML_514.jpg,Tomato,ML,closed,fed83948ba0e7912,Mold Leaf
Z:\Projects\Smart-Farming\Datasets\final_combined_datasets\TLUE\ML\TLUE_ML_515.jpg,Tomato,ML,closed,83d1996446f3517d,Mold Leaf
Z:\Projects\Smart-Farming\Datasets\final_combined_datasets\TLUE\ML\TLUE_ML_006.jpg,Tomato,ML,closed,d82631d27dd49a9c,Mold Leaf
Z:\Projects\Smart-Farming\Datasets\final_combined_datasets\TLUE\ML\TLUE_ML_007.jpg,Tomato,ML,closed,b30f8d52a6738d4a,Mold Leaf
Z:\Projects\Smart-Farming\Datasets\final_combined_datasets\TLUE\ML\TLUE_ML_008.jpg,Tomato,ML,closed,a5d71a594d3456e8,Mold Leaf
Z:\Projects\Smart-Farming\Datasets\final_combined_datasets\TLUE\ML\TLUE_ML_516.jpg,Tomato,ML,closed,e64aa3d53cd0d1c3,Mold Leaf
Z:\Projects\Smart-Farming\Datasets\final_combined_datasets\TLUE\ML\TLUE_ML_517.jpg,Tomato,ML,closed,f8d63349161fc12b,Mold Leaf
Z:\Projects\Smart-Farming\Datasets\final_combined_datasets\TLUE\ML\TLUE_ML_518.jpg,Tomato,ML,closed,c09b2f393f60e1c6,Mold Leaf
Z:\Projects\Smart-Farming\Datasets\final_combined_datasets\TLUE\ML\TLUE_ML_519.jpg,Tomato,ML,closed,cc6c20fbf8033787,Mold Leaf
Z:\Projects\Smart-Farming\Datasets\final_combined_datasets\TLUE\ML\TLUE_ML_520.jpg,Tomato,ML,closed,e61559c9616a9b9a,Mold Leaf
Z:\Projects\Smart-Farming\Datasets\final_combined_datasets\TLUE\ML\TLUE_ML_521.jpg,Tomato,ML,closed,84417e597309e69f,Mold Leaf
Z:\Projects\Smart-Farming\Datasets\final_combined_datasets\TLUE\ML\TLUE_ML_522.jpg,Tomato,ML,closed,d46f2b7235420fc5,Mold Leaf
Z:\Projects\Smart-Farming\Datasets\final_combined_datasets\TLUE\ML\TLUE_ML_523.jpg,Tomato,ML,closed,8eaf7d3261e864c4,Mold Leaf
Z:\Projects\Smart-Farming\Datasets\final_combined_datasets\TLUE\ML\TLUE_ML_524.jpg,Tomato,ML,closed,b8ec07b5dc789107,Mold Leaf
Z:\Projects\Smart-Farming\Datasets\final_combined_datasets\TLUE\ML\TLUE_ML_525.jpg,Tomato,ML,closed,94cd5e806e92cd5e,Mold Leaf
Z:\Projects\Smart-Farming\Datasets\final_combined_datasets\TLUE\ML\TLUE_ML_526.jpg,Tomato,ML,closed,9e78dce4e1a78483,Mold Leaf
Z:\Projects\Smart-Farming\Datasets\final_combined_datasets\TLUE\ML\TLUE_ML_527.jpg,Tomato,ML,closed,df33b565054cfc80,Mold Leaf
Z:\Projects\Smart-Farming\Datasets\final_combined_datasets\TLUE\ML\TLUE_ML_528.jpg,Tomato,ML,closed,b772170e3d01478f,Mold Leaf
Z:\Projects\Smart-Farming\Datasets\final_combined_datasets\TLUE\ML\TLUE_ML_529.jpg,Tomato,ML,closed,bfa841717469472d,Mold Leaf
Z:\Projects\Smart-Farming\Datasets\final_combined_datasets\TLUE\ML\TLUE_ML_530.jpg,Tomato,ML,closed,881b3786ce78e2d3,Mold Leaf
Z:\Projects\Smart-Farming\Datasets\final_combined_datasets\TLUE\ML\TLUE_ML_531.jpg,Tomato,ML,closed,8a2c39676427077f,Mold Leaf
Z:\Projects\Smart-Farming\Datasets\final_combined_datasets\TLUE\ML\TLUE_ML_532.jpg,Tomato,ML,closed,94d84f6b3e407a4b,Mold Leaf
Z:\Projects\Smart-Farming\Datasets\final_combined_datasets\TLUE\ML\TLUE_ML_533.jpg,Tomato,ML,closed,b47aa0e1814b4fbb,Mold Leaf
Z:\Projects\Smart-Farming\Datasets\final_combined_datasets\TLUE\ML\TLUE_ML_534.jpg,Tomato,ML,closed,d30e69f2e043075f,Mold Leaf
Z:\Projects\Smart-Farming\Datasets\final_combined_datasets\TLUE\ML\TLUE_ML_535.jpg,Tomato,ML,closed,f2b8624678e639c3,Mold Leaf
Z:\Projects\Smart-Farming\Datasets\final_combined_datasets\TLUE\ML\TLUE_ML_541.jpg,Tomato,ML,closed,9f5cb9300871bce3,Mold Leaf
Z:\Projects\Smart-Farming\Datasets\final_combined_datasets\TLUE\ML\TLUE_ML_542.jpg,Tomato,ML,closed,cb8da722b3a416b3,Mold Leaf
Z:\Projects\Smart-Farming\Datasets\final_combined_datasets\TLUE\ML\TLUE_ML_543.jpg,Tomato,ML,closed,858ece37321a707b,Mold Leaf
Z:\Projects\Smart-Farming\Datasets\final_combined_datasets\TLUE\ML\TLUE_ML_544.jpg,Tomato,ML,closed,907b63386a869d4f,Mold Leaf
Z:\Projects\Smart-Farming\Datasets\final_combined_datasets\TLUE\ML\TLUE_ML_010.jpg,Tomato,ML,closed,9e64397e6145e2e4,Mold Leaf
Z:\Projects\Smart-Farming\Datasets\final_combined_datasets\TLUE\ML\TLUE_ML_011.jpg,Tomato,ML,closed,c38e6c2795d99ab0,Mold Leaf
Z:\Projects\Smart-Farming\Datasets\final_combined_datasets\TLUE\ML\TLUE_ML_012.jpg,Tomato,ML,closed,a2a7aca7bca4e096,Mold Leaf
Z:\Projects\Smart-Farming\Datasets\final_combined_datasets\TLUE\ML\TLUE_ML_013.jpg,Tomato,ML,closed,a25dfb240df76409,Mold Leaf
Z:\Projects\Smart-Farming\Datasets\final_combined_datasets\TLUE\ML\TLUE_ML_014.jpg,Tomato,ML,closed,d790fb424c73e924,Mold Leaf
Z:\Projects\Smart-Farming\Datasets\final_combined_datasets\TLUE\ML\TLUE_ML_016.jpg,Tomato,ML,closed,8f5b7c382d717062,Mold Leaf
Z:\Projects\Smart-Farming\Datasets\final_combined_datasets\TLUE\ML\TLUE_ML_018.jpg,Tomato,ML,closed,dd0c39d3255aad4c,Mold Leaf
Z:\Projects\Smart-Farming\Datasets\final_combined_datasets\TLUE\ML\TLUE_ML_022.jpg,Tomato,ML,closed,86b86e4374cff08c,Mold Leaf
Z:\Projects\Smart-Farming\Datasets\final_combined_datasets\TLUE\ML\TLUE_ML_023.jpg,Tomato,ML,closed,849b2db8710e7dd1,Mold Leaf
Z:\Projects\Smart-Farming\Datasets\final_combined_datasets\TLUE\ML\TLUE_ML_024.jpg,Tomato,ML,closed,dea51c8ef0815ce9,Mold Leaf
Z:\Projects\Smart-Farming\Datasets\final_combined_datasets\TLUE\ML\TLUE_ML_026.jpg,Tomato,ML,closed,eb807182667fb856,Mold Leaf
Z:\Projects\Smart-Farming\Datasets\final_combined_datasets\TLUE\ML\TLUE_ML_027.jpg,Tomato,ML,closed,89d23c3de362c746,Mold Leaf
Z:\Projects\Smart-Farming\Datasets\final_combined_datasets\TLUE\ML\TLUE_ML_029.jpg,Tomato,ML,closed,87e637d321b144ab,Mold Leaf
Z:\Projects\Smart-Farming\Datasets\final_combined_datasets\TLUE\ML\TLUE_ML_030.jpg,Tomato,ML,closed,f9852982a93e39d5,Mold Leaf
Z:\Projects\Smart-Farming\Datasets\final_combined_datasets\TLUE\ML\TLUE_ML_031.jpg,Tomato,ML,closed,c8f375ecca103e0e,Mold Leaf
Z:\Projects\Smart-Farming\Datasets\final_combined_datasets\TLUE\ML\TLUE_ML_037.jpg,Tomato,ML,closed,e398a6f8fe80e0a5,Mold Leaf
Z:\Projects\Smart-Farming\Datasets\final_combined_datasets\TLUE\ML\TLUE_ML_038.jpg,Tomato,ML,closed,85bba9918bd994c9,Mold Leaf
Z:\Projects\Smart-Farming\Datasets\final_combined_datasets\TLUE\ML\TLUE_ML_039.jpg,Tomato,ML,closed,fc41c18fca1e1f68,Mold Leaf
Z:\Projects\Smart-Farming\Datasets\final_combined_datasets\TLUE\ML\TLUE_ML_041.jpg,Tomato,ML,closed,efd4d07a0b0b0cf1,Mold Leaf
Z:\Projects\Smart-Farming\Datasets\final_combined_datasets\TLUE\ML\TLUE_ML_043.jpg,Tomato,ML,closed,c1817e4bc5357f05,Mold Leaf
Z:\Projects\Smart-Farming\Datasets\final_combined_datasets\TLUE\ML\TLUE_ML_044.jpg,Tomato,ML,closed,d68f3e62d662621a,Mold Leaf
Z:\Projects\Smart-Farming\Datasets\final_combined_datasets\TLUE\ML\TLUE_ML_047.jpg,Tomato,ML,closed,d99323d922617b35,Mold Leaf
Z:\Projects\Smart-Farming\Datasets\final_combined_datasets\TLUE\ML\TLUE_ML_049.jpg,Tomato,ML,closed,8ef32194d94cb3e4,Mold Leaf
Z:\Projects\Smart-Farming\Datasets\final_combined_datasets\TLUE\ML\TLUE_ML_051.jpg,Tomato,ML,closed,86a66ed5d0f23c2c,Mold Leaf
Z:\Projects\Smart-Farming\Datasets\final_combined_datasets\TLUE\ML\TLUE_ML_052.jpg,Tomato,ML,closed,d3086b9ee849d92b,Mold Leaf
Z:\Projects\Smart-Farming\Datasets\final_combined_datasets\TLUE\ML\TLUE_ML_053.jpg,Tomato,ML,closed,b69166246bca316f,Mold Leaf
Z:\Projects\Smart-Farming\Datasets\final_combined_datasets\TLUE\ML\TLUE_ML_059.jpg,Tomato,ML,closed,c179cec5b2996d81,Mold Leaf
Z:\Projects\Smart-Farming\Datasets\final_combined_datasets\TLUE\ML\TLUE_ML_066.jpg,Tomato,ML,closed,df0e2c2078737732,Mold Leaf
Z:\Projects\Smart-Farming\Datasets\final_combined_datasets\TLUE\ML\TLUE_ML_067.jpg,Tomato,ML,closed,d69a71676c7a103a,Mold Leaf
Z:\Projects\Smart-Farming\Datasets\final_combined_datasets\TLUE\ML\TLUE_ML_070.jpg,Tomato,ML,closed,8a37d0e03aac55ed,Mold Leaf
Z:\Projects\Smart-Farming\Datasets\final_combined_datasets\TLUE\ML\TLUE_ML_073.jpg,Tomato,ML,closed,a8b65b991c8c67c3,Mold Leaf
Z:\Projects\Smart-Farming\Datasets\final_combined_datasets\TLUE\ML\TLUE_ML_074.jpg,Tomato,ML,closed,858a0cba70fad93e,Mold Leaf
Z:\Projects\Smart-Farming\Datasets\final_combined_datasets\TLUE\ML\TLUE_ML_075.jpg,Tomato,ML,closed,973aa92a4196b65b,Mold Leaf
Z:\Projects\Smart-Farming\Datasets\final_combined_datasets\TLUE\ML\TLUE_ML_078.jpg,Tomato,ML,closed,9b0fc129547fa9a4,Mold Leaf
Z:\Projects\Smart-Farming\Datasets\final_combined_datasets\TLUE\ML\TLUE_ML_098.jpg,Tomato,ML,closed,919fe970781a76c2,Mold Leaf
Z:\Projects\Smart-Farming\Datasets\final_combined_datasets\TLUE\ML\TLUE_ML_099.jpg,Tomato,ML,closed,b2b9e6144c3cf92a,Mold Leaf
Z:\Projects\Smart-Farming\Datasets\final_combined_datasets\TLUE\ML\TLUE_ML_101.jpg,Tomato,ML,closed,e9837c7f248434a7,Mold Leaf
Z:\Projects\Smart-Farming\Datasets\final_combined_datasets\TLUE\ML\TLUE_ML_103.jpg,Tomato,ML,closed,95697a3718f02ac7,Mold Leaf
Z:\Projects\Smart-Farming\Datasets\final_combined_datasets\TLUE\ML\TLUE_ML_104.jpg,Tomato,ML,closed,8812368ecf3cf687,Mold Leaf
Z:\Projects\Smart-Farming\Datasets\final_combined_datasets\TLUE\ML\TLUE_ML_105.jpg,Tomato,ML,closed,cc335b25c1b678c5,Mold Leaf
Z:\Projects\Smart-Farming\Datasets\final_combined_datasets\TLUE\ML\TLUE_ML_106.jpg,Tomato,ML,closed,e65b832c32c370ed,Mold Leaf
Z:\Projects\Smart-Farming\Datasets\final_combined_datasets\TLUE\ML\TLUE_ML_107.jpg,Tomato,ML,closed,d0dd186dec745a1a,Mold Leaf
Z:\Projects\Smart-Farming\Datasets\final_combined_datasets\TLUE\ML\TLUE_ML_111.jpg,Tomato,ML,closed,a476d60c2c74e6ce,Mold Leaf
Z:\Projects\Smart-Farming\Datasets\final_combined_datasets\TLUE\ML\TLUE_ML_112.jpg,Tomato,ML,closed,845ab54979e0aa7b,Mold Leaf
Z:\Projects\Smart-Farming\Datasets\final_combined_datasets\TLUE\ML\TLUE_ML_114.jpg,Tomato,ML,closed,f8f9b04d53f200ab,Mold Leaf
Z:\Projects\Smart-Farming\Datasets\final_combined_datasets\TLUE\ML\TLUE_ML_115.jpg,Tomato,ML,closed,e86777392c0529f8,Mold Leaf
Z:\Projects\Smart-Farming\Datasets\final_combined_datasets\TLUE\ML\TLUE_ML_116.jpg,Tomato,ML,closed,b31ff6806f858496,Mold Leaf
Z:\Projects\Smart-Farming\Datasets\final_combined_datasets\TLUE\ML\TLUE_ML_117.jpg,Tomato,ML,closed,e2091affb70c4c4e,Mold Leaf
Z:\Projects\Smart-Farming\Datasets\final_combined_datasets\TLUE\ML\TLUE_ML_118.jpg,Tomato,ML,closed,df31bbcb2d88260a,Mold Leaf
Z:\Projects\Smart-Farming\Datasets\final_combined_datasets\TLUE\ML\TLUE_ML_121.jpg,Tomato,ML,closed,8f6ee664562a433c,Mold Leaf
Z:\Projects\Smart-Farming\Datasets\final_combined_datasets\TLUE\ML\TLUE_ML_123.jpg,Tomato,ML,closed,c25d2aed59eb08d4,Mold Leaf
Z:\Projects\Smart-Farming\Datasets\final_combined_datasets\TLUE\ML\TLUE_ML_125.jpg,Tomato,ML,closed,a39a193a2387fcc9,Mold Leaf
Z:\Projects\Smart-Farming\Datasets\final_combined_datasets\TLUE\ML\TLUE_ML_128.jpg,Tomato,ML,closed,cece247799806bd8,Mold Leaf
Z:\Projects\Smart-Farming\Datasets\final_combined_datasets\TLUE\ML\TLUE_ML_129.jpg,Tomato,ML,closed,e93ca6916696bf01,Mold Leaf
Z:\Projects\Smart-Farming\Datasets\final_combined_datasets\TLUE\ML\TLUE_ML_130.jpg,Tomato,ML,closed,834c7d3d0639b7d0,Mold Leaf
Z:\Projects\Smart-Farming\Datasets\final_combined_datasets\TLUE\ML\TLUE_ML_131.jpg,Tomato,ML,closed,bc1c97f9f20a2d05,Mold Leaf
Z:\Projects\Smart-Farming\Datasets\final_combined_datasets\TLUE\ML\TLUE_ML_133.jpg,Tomato,ML,closed,9d5a4e8e652843af,Mold Leaf
Z:\Projects\Smart-Farming\Datasets\final_combined_datasets\TLUE\ML\TLUE_ML_134.jpg,Tomato,ML,closed,8f94bcc8cb3858c7,Mold Leaf
Z:\Projects\Smart-Farming\Datasets\final_combined_datasets\TLUE\ML\TLUE_ML_135.jpg,Tomato,ML,closed,c33009f9e2f1668f,Mold Leaf
Z:\Projects\Smart-Farming\Datasets\final_combined_datasets\TLUE\ML\TLUE_ML_136.jpg,Tomato,ML,closed,fff49b70e240b850,Mold Leaf
Z:\Projects\Smart-Farming\Datasets\final_combined_datasets\TLUE\ML\TLUE_ML_137.jpg,Tomato,ML,closed,b15e683a91b597c2,Mold Leaf
Z:\Projects\Smart-Farming\Datasets\final_combined_datasets\TLUE\ML\TLUE_ML_138.jpg,Tomato,ML,closed,fc09b381de7b150c,Mold Leaf
Z:\Projects\Smart-Farming\Datasets\final_combined_datasets\TLUE\ML\TLUE_ML_139.jpg,Tomato,ML,closed,a61cca279d5cb44e,Mold Leaf
Z:\Projects\Smart-Farming\Datasets\final_combined_datasets\TLUE\ML\TLUE_ML_140.jpg,Tomato,ML,closed,de9b8eed20119b29,Mold Leaf
Z:\Projects\Smart-Farming\Datasets\final_combined_datasets\TLUE\ML\TLUE_ML_142.jpg,Tomato,ML,closed,b7ca3ec0293867d8,Mold Leaf
Z:\Projects\Smart-Farming\Datasets\final_combined_datasets\TLUE\ML\TLUE_ML_143.jpg,Tomato,ML,closed,ec3fb182f5901399,Mold Leaf
Z:\Projects\Smart-Farming\Datasets\final_combined_datasets\TLUE\ML\TLUE_ML_144.jpg,Tomato,ML,closed,d81c6892b7f5f1a0,Mold Leaf
Z:\Projects\Smart-Farming\Datasets\final_combined_datasets\TLUE\ML\TLUE_ML_145.jpg,Tomato,ML,closed,ef2a969134f4890f,Mold Leaf
Z:\Projects\Smart-Farming\Datasets\final_combined_datasets\TLUE\ML\TLUE_ML_147.jpg,Tomato,ML,closed,d9070c83e55e5aab,Mold Leaf
Z:\Projects\Smart-Farming\Datasets\final_combined_datasets\TLUE\ML\TLUE_ML_148.jpg,Tomato,ML,closed,a20fca9740d19777,Mold Leaf
Z:\Projects\Smart-Farming\Datasets\final_combined_datasets\TLUE\ML\TLUE_ML_149.jpg,Tomato,ML,closed,c21d65f929b1ac0f,Mold Leaf
Z:\Projects\Smart-Farming\Datasets\final_combined_datasets\TLUE\ML\TLUE_ML_150.jpg,Tomato,ML,closed,ba47970f0b5a2c71,Mold Leaf
Z:\Projects\Smart-Farming\Datasets\final_combined_datasets\TLUE\ML\TLUE_ML_152.jpg,Tomato,ML,closed,c06be9b2ed6818d5,Mold Leaf
Z:\Projects\Smart-Farming\Datasets\final_combined_datasets\TLUE\ML\TLUE_ML_153.jpg,Tomato,ML,closed,e63492366e8a7d89,Mold Leaf
Z:\Projects\Smart-Farming\Datasets\final_combined_datasets\TLUE\ML\TLUE_ML_154.jpg,Tomato,ML,closed,c940371fcd44f6c3,Mold Leaf
Z:\Projects\Smart-Farming\Datasets\final_combined_datasets\TLUE\ML\TLUE_ML_155.jpg,Tomato,ML,closed,b3c11c6e4eb46d52,Mold Leaf
Z:\Projects\Smart-Farming\Datasets\final_combined_datasets\TLUE\ML\TLUE_ML_156.jpg,Tomato,ML,closed,f8730f6907372067,Mold Leaf
Z:\Projects\Smart-Farming\Datasets\final_combined_datasets\TLUE\ML\TLUE_ML_157.jpg,Tomato,ML,closed,d6c2a01e27ef217a,Mold Leaf
Z:\Projects\Smart-Farming\Datasets\final_combined_datasets\TLUE\ML\TLUE_ML_158.jpg,Tomato,ML,closed,8026dd3f90d66dc6,Mold Leaf
Z:\Projects\Smart-Farming\Datasets\final_combined_datasets\TLUE\ML\TLUE_ML_159.jpg,Tomato,ML,closed,d8b3654ae0257bcc,Mold Leaf
Z:\Projects\Smart-Farming\Datasets\final_combined_datasets\TLUE\ML\TLUE_ML_160.jpg,Tomato,ML,closed,9051a08595d9bf3f,Mold Leaf
Z:\Projects\Smart-Farming\Datasets\final_combined_datasets\TLUE\ML\TLUE_ML_162.jpg,Tomato,ML,closed,c03ae7e13d873519,Mold Leaf
Z:\Projects\Smart-Farming\Datasets\final_combined_datasets\TLUE\ML\TLUE_ML_163.jpg,Tomato,ML,closed,e8781b8922751db7,Mold Leaf
Z:\Projects\Smart-Farming\Datasets\final_combined_datasets\TLUE\ML\TLUE_ML_164.jpg,Tomato,ML,closed,d1862f99e1ab622d,Mold Leaf
Z:\Projects\Smart-Farming\Datasets\final_combined_datasets\TLUE\ML\TLUE_ML_165.jpg,Tomato,ML,closed,f0c09c51adaf57e0,Mold Leaf
Z:\Projects\Smart-Farming\Datasets\final_combined_datasets\TLUE\ML\TLUE_ML_166.jpg,Tomato,ML,closed,d176b4d486de5125,Mold Leaf
Z:\Projects\Smart-Farming\Datasets\final_combined_datasets\TLUE\ML\TLUE_ML_167.jpg,Tomato,ML,closed,c0c86f7ef012d339,Mold Leaf
Z:\Projects\Smart-Farming\Datasets\final_combined_datasets\TLUE\ML\TLUE_ML_169.jpg,Tomato,ML,closed,cc1ead69ccd8998a,Mold Leaf
Z:\Projects\Smart-Farming\Datasets\final_combined_datasets\TLUE\ML\TLUE_ML_170.jpg,Tomato,ML,closed,be2841dd2638dde4,Mold Leaf
Z:\Projects\Smart-Farming\Datasets\final_combined_datasets\TLUE\ML\TLUE_ML_171.jpg,Tomato,ML,closed,9d90324dfe4cc99c,Mold Leaf
Z:\Projects\Smart-Farming\Datasets\final_combined_datasets\TLUE\ML\TLUE_ML_172.jpg,Tomato,ML,closed,e8eb54a0c3df5e02,Mold Leaf
Z:\Projects\Smart-Farming\Datasets\final_combined_datasets\TLUE\ML\TLUE_ML_173.jpg,Tomato,ML,closed,d469124d39e7077a,Mold Leaf
Z:\Projects\Smart-Farming\Datasets\final_combined_datasets\TLUE\ML\TLUE_ML_174.jpg,Tomato,ML,closed,87545ae99b7228b9,Mold Leaf
Z:\Projects\Smart-Farming\Datasets\final_combined_datasets\TLUE\ML\TLUE_ML_175.jpg,Tomato,ML,closed,f0b4c8c207fc19fc,Mold Leaf
Z:\Projects\Smart-Farming\Datasets\final_combined_datasets\TLUE\ML\TLUE_ML_176.jpg,Tomato,ML,closed,e15adc6072e0aaf5,Mold Leaf
Z:\Projects\Smart-Farming\Datasets\final_combined_datasets\TLUE\ML\TLUE_ML_177.jpg,Tomato,ML,closed,c0702db761da6b0f,Mold Leaf
Z:\Projects\Smart-Farming\Datasets\final_combined_datasets\TLUE\ML\TLUE_ML_179.jpg,Tomato,ML,closed,bb0ab112ba55c3ad,Mold Leaf
Z:\Projects\Smart-Farming\Datasets\final_combined_datasets\TLUE\ML\TLUE_ML_180.jpg,Tomato,ML,closed,a87cae6916669993,Mold Leaf
Z:\Projects\Smart-Farming\Datasets\final_combined_datasets\TLUE\ML\TLUE_ML_181.jpg,Tomato,ML,closed,b557f43b5ad08191,Mold Leaf
Z:\Projects\Smart-Farming\Datasets\final_combined_datasets\TLUE\ML\TLUE_ML_182.jpg,Tomato,ML,closed,fe8b51b505509a3d,Mold Leaf
Z:\Projects\Smart-Farming\Datasets\final_combined_datasets\TLUE\ML\TLUE_ML_183.jpg,Tomato,ML,closed,dc217929e32f830f,Mold Leaf
Z:\Projects\Smart-Farming\Datasets\final_combined_datasets\TLUE\ML\TLUE_ML_184.jpg,Tomato,ML,closed,f58548b7359e9e10,Mold Leaf
Z:\Projects\Smart-Farming\Datasets\final_combined_datasets\TLUE\ML\TLUE_ML_185.jpg,Tomato,ML,closed,858c7d63ecb118f2,Mold Leaf
Z:\Projects\Smart-Farming\Datasets\final_combined_datasets\TLUE\ML\TLUE_ML_186.jpg,Tomato,ML,closed,88c2631dd27a1f4f,Mold Leaf
Z:\Projects\Smart-Farming\Datasets\final_combined_datasets\TLUE\ML\TLUE_ML_187.jpg,Tomato,ML,closed,c8276f1a35b932b1,Mold Leaf
Z:\Projects\Smart-Farming\Datasets\final_combined_datasets\TLUE\ML\TLUE_ML_188.jpg,Tomato,ML,closed,beb87392a5c2132e,Mold Leaf
Z:\Projects\Smart-Farming\Datasets\final_combined_datasets\TLUE\ML\TLUE_ML_190.jpg,Tomato,ML,closed,86602cc5e09b7fcb,Mold Leaf
Z:\Projects\Smart-Farming\Datasets\final_combined_datasets\TLUE\ML\TLUE_ML_191.jpg,Tomato,ML,closed,8b2928671f2fccd8,Mold Leaf
Z:\Projects\Smart-Farming\Datasets\final_combined_datasets\TLUE\ML\TLUE_ML_192.jpg,Tomato,ML,closed,fae968556a30c9e8,Mold Leaf
Z:\Projects\Smart-Farming\Datasets\final_combined_datasets\TLUE\ML\TLUE_ML_193.jpg,Tomato,ML,closed,ebc8cdd8d8636286,Mold Leaf
Z:\Projects\Smart-Farming\Datasets\final_combined_datasets\TLUE\ML\TLUE_ML_194.jpg,Tomato,ML,closed,820bfcf1e3911acd,Mold Leaf
Z:\Projects\Smart-Farming\Datasets\final_combined_datasets\TLUE\ML\TLUE_ML_195.jpg,Tomato,ML,closed,986b4efd2694e912,Mold Leaf
Z:\Projects\Smart-Farming\Datasets\final_combined_datasets\TLUE\ML\TLUE_ML_196.jpg,Tomato,ML,closed,ed55077c1423c23f,Mold Leaf
Z:\Projects\Smart-Farming\Datasets\final_combined_datasets\TLUE\ML\TLUE_ML_197.jpg,Tomato,ML,closed,cdc119573a3ebcc0,Mold Leaf
Z:\Projects\Smart-Farming\Datasets\final_combined_datasets\TLUE\ML\TLUE_ML_198.jpg,Tomato,ML,closed,990ab58cd986cf4e,Mold Leaf
Z:\Projects\Smart-Farming\Datasets\final_combined_datasets\TLUE\ML\TLUE_ML_199.jpg,Tomato,ML,closed,fea6ce45965409a9,Mold Leaf
Z:\Projects\Smart-Farming\Datasets\final_combined_datasets\TLUE\ML\TLUE_ML_200.jpg,Tomato,ML,closed,e9787cb8e70409e6,Mold Leaf
Z:\Projects\Smart-Farming\Datasets\final_combined_datasets\TLUE\ML\TLUE_ML_201.jpg,Tomato,ML,closed,a3abbc0bbc907156,Mold Leaf
Z:\Projects\Smart-Farming\Datasets\final_combined_datasets\TLUE\ML\TLUE_ML_202.jpg,Tomato,ML,closed,f2859dd32a6954cc,Mold Leaf
Z:\Projects\Smart-Farming\Datasets\final_combined_datasets\TLUE\ML\TLUE_ML_203.jpg,Tomato,ML,closed,aa4bbf0e9045456f,Mold Leaf
Z:\Projects\Smart-Farming\Datasets\final_combined_datasets\TLUE\ML\TLUE_ML_204.jpg,Tomato,ML,closed,e0f8f9efe7282018,Mold Leaf
Z:\Projects\Smart-Farming\Datasets\final_combined_datasets\TLUE\ML\TLUE_ML_205.jpg,Tomato,ML,closed,e3e86c1799669346,Mold Leaf
Z:\Projects\Smart-Farming\Datasets\final_combined_datasets\TLUE\ML\TLUE_ML_206.jpg,Tomato,ML,closed,e096a0dd09da0d7f,Mold Leaf
Z:\Projects\Smart-Farming\Datasets\final_combined_datasets\TLUE\ML\TLUE_ML_207.jpg,Tomato,ML,closed,d45fa2a5f6325a60,Mold Leaf
Z:\Projects\Smart-Farming\Datasets\final_combined_datasets\TLUE\ML\TLUE_ML_208.jpg,Tomato,ML,closed,f46aa1aa1fac45e4,Mold Leaf
Z:\Projects\Smart-Farming\Datasets\final_combined_datasets\TLUE\ML\TLUE_ML_209.jpg,Tomato,ML,closed,abb4e20a8d75ea61,Mold Leaf
Z:\Projects\Smart-Farming\Datasets\final_combined_datasets\TLUE\ML\TLUE_ML_210.jpg,Tomato,ML,closed,afea9d2b269286a4,Mold Leaf
Z:\Projects\Smart-Farming\Datasets\final_combined_datasets\TLUE\ML\TLUE_ML_211.jpg,Tomato,ML,closed,ca6657e9360d487a,Mold Leaf
Z:\Projects\Smart-Farming\Datasets\final_combined_datasets\TLUE\ML\TLUE_ML_212.jpg,Tomato,ML,closed,b199d36445a6b3d1,Mold Leaf
Z:\Projects\Smart-Farming\Datasets\final_combined_datasets\TLUE\ML\TLUE_ML_213.jpg,Tomato,ML,closed,d395524d156a4dd9,Mold Leaf
Z:\Projects\Smart-Farming\Datasets\final_combined_datasets\TLUE\ML\TLUE_ML_214.jpg,Tomato,ML,closed,cec0bd613427725e,Mold Leaf
Z:\Projects\Smart-Farming\Datasets\final_combined_datasets\TLUE\ML\TLUE_ML_215.jpg,Tomato,ML,closed,df4b3100fe3950f8,Mold Leaf
Z:\Projects\Smart-Farming\Datasets\final_combined_datasets\TLUE\ML\TLUE_ML_216.jpg,Tomato,ML,closed,cd6e9733d8ac42a8,Mold Leaf
Z:\Projects\Smart-Farming\Datasets\final_combined_datasets\TLUE\ML\TLUE_ML_217.jpg,Tomato,ML,closed,d628c135976e6cd4,Mold Leaf
Z:\Projects\Smart-Farming\Datasets\final_combined_datasets\TLUE\ML\TLUE_ML_218.jpg,Tomato,ML,closed,f2b22f475c508b8d,Mold Leaf
Z:\Projects\Smart-Farming\Datasets\final_combined_datasets\TLUE\ML\TLUE_ML_219.jpg,Tomato,ML,closed,a47b3af8d6e4c0d0,Mold Leaf
Z:\Projects\Smart-Farming\Datasets\final_combined_datasets\TLUE\ML\TLUE_ML_220.jpg,Tomato,ML,closed,dc8231f84eb95936,Mold Leaf
Z:\Projects\Smart-Farming\Datasets\final_combined_datasets\TLUE\ML\TLUE_ML_221.jpg,Tomato,ML,closed,a1e0eaa2746a2afd,Mold Leaf
Z:\Projects\Smart-Farming\Datasets\final_combined_datasets\TLUE\ML\TLUE_ML_222.jpg,Tomato,ML,closed,8a4e9436d0743ebe,Mold Leaf
Z:\Projects\Smart-Farming\Datasets\final_combined_datasets\TLUE\ML\TLUE_ML_223.jpg,Tomato,ML,closed,d7c085dc37cb0e07,Mold Leaf
Z:\Projects\Smart-Farming\Datasets\final_combined_datasets\TLUE\ML\TLUE_ML_224.jpg,Tomato,ML,closed,8129f7d586af1c98,Mold Leaf
Z:\Projects\Smart-Farming\Datasets\final_combined_datasets\TLUE\ML\TLUE_ML_225.jpg,Tomato,ML,closed,9e3237f0d4070ced,Mold Leaf
Z:\Projects\Smart-Farming\Datasets\final_combined_datasets\TLUE\ML\TLUE_ML_226.jpg,Tomato,ML,closed,a910ea05db7398f6,Mold Leaf
Z:\Projects\Smart-Farming\Datasets\final_combined_datasets\TLUE\ML\TLUE_ML_227.jpg,Tomato,ML,closed,c4cbc58ec56535b2,Mold Leaf
Z:\Projects\Smart-Farming\Datasets\final_combined_datasets\TLUE\ML\TLUE_ML_228.jpg,Tomato,ML,closed,c6602af5cc9b4da9,Mold Leaf
Z:\Projects\Smart-Farming\Datasets\final_combined_datasets\TLUE\ML\TLUE_ML_229.jpg,Tomato,ML,closed,dc0ae3758661cbf0,Mold Leaf
Z:\Projects\Smart-Farming\Datasets\final_combined_datasets\TLUE\ML\TLUE_ML_230.jpg,Tomato,ML,closed,8a253ac1f07b4737,Mold Leaf
Z:\Projects\Smart-Farming\Datasets\final_combined_datasets\TLUE\ML\TLUE_ML_232.jpg,Tomato,ML,closed,d24aac5619a877da,Mold Leaf
Z:\Projects\Smart-Farming\Datasets\final_combined_datasets\TLUE\ML\TLUE_ML_233.jpg,Tomato,ML,closed,c8d3032d7a2be336,Mold Leaf
Z:\Projects\Smart-Farming\Datasets\final_combined_datasets\TLUE\ML\TLUE_ML_234.jpg,Tomato,ML,closed,c3454dad2fa3b24a,Mold Leaf
Z:\Projects\Smart-Farming\Datasets\final_combined_datasets\TLUE\ML\TLUE_ML_235.jpg,Tomato,ML,closed,d1a8edb3d166a90a,Mold Leaf
Z:\Projects\Smart-Farming\Datasets\final_combined_datasets\TLUE\ML\TLUE_ML_236.jpg,Tomato,ML,closed,dc81e917005f7ed4,Mold Leaf
Z:\Projects\Smart-Farming\Datasets\final_combined_datasets\TLUE\ML\TLUE_ML_237.jpg,Tomato,ML,closed,b050297d307eee9c,Mold Leaf
Z:\Projects\Smart-Farming\Datasets\final_combined_datasets\TLUE\ML\TLUE_ML_238.jpg,Tomato,ML,closed,d8976aa825a9b4d3,Mold Leaf
Z:\Projects\Smart-Farming\Datasets\final_combined_datasets\TLUE\ML\TLUE_ML_239.jpg,Tomato,ML,closed,d4b37acb180b91b5,Mold Leaf
Z:\Projects\Smart-Farming\Datasets\final_combined_datasets\TLUE\ML\TLUE_ML_240.jpg,Tomato,ML,closed,d18773662311755e,Mold Leaf
Z:\Projects\Smart-Farming\Datasets\final_combined_datasets\TLUE\ML\TLUE_ML_241.jpg,Tomato,ML,closed,e7c0f0a2c177c754,Mold Leaf
Z:\Projects\Smart-Farming\Datasets\final_combined_datasets\TLUE\ML\TLUE_ML_243.jpg,Tomato,ML,closed,99defc19cc3860f0,Mold Leaf
Z:\Projects\Smart-Farming\Datasets\final_combined_datasets\TLUE\ML\TLUE_ML_244.jpg,Tomato,ML,closed,e9968170c57e15b6,Mold Leaf
Z:\Projects\Smart-Farming\Datasets\final_combined_datasets\TLUE\ML\TLUE_ML_245.jpg,Tomato,ML,closed,84cd2d3936131adf,Mold Leaf
Z:\Projects\Smart-Farming\Datasets\final_combined_datasets\TLUE\ML\TLUE_ML_246.jpg,Tomato,ML,closed,8ccee0511d3d76d8,Mold Leaf
Z:\Projects\Smart-Farming\Datasets\final_combined_datasets\TLUE\ML\TLUE_ML_248.jpg,Tomato,ML,closed,d795482755746955,Mold Leaf
Z:\Projects\Smart-Farming\Datasets\final_combined_datasets\TLUE\ML\TLUE_ML_249.jpg,Tomato,ML,closed,e0631acc9ee0a7ce,Mold Leaf
Z:\Projects\Smart-Farming\Datasets\final_combined_datasets\TLUE\ML\TLUE_ML_251.jpg,Tomato,ML,closed,94dfb81816435757,Mold Leaf
Z:\Projects\Smart-Farming\Datasets\final_combined_datasets\TLUE\ML\TLUE_ML_252.jpg,Tomato,ML,closed,8d997c1fe096aac4,Mold Leaf
Z:\Projects\Smart-Farming\Datasets\final_combined_datasets\TLUE\ML\TLUE_ML_254.jpg,Tomato,ML,closed,f25d9b6149239553,Mold Leaf
Z:\Projects\Smart-Farming\Datasets\final_combined_datasets\TLUE\ML\TLUE_ML_255.jpg,Tomato,ML,closed,9383b0196fad9b25,Mold Leaf
Z:\Projects\Smart-Farming\Datasets\final_combined_datasets\TLUE\ML\TLUE_ML_257.jpg,Tomato,ML,closed,9a62c719f1197a33,Mold Leaf
Z:\Projects\Smart-Farming\Datasets\final_combined_datasets\TLUE\ML\TLUE_ML_258.jpg,Tomato,ML,closed,d5cfb9b501407b92,Mold Leaf
Z:\Projects\Smart-Farming\Datasets\final_combined_datasets\TLUE\ML\TLUE_ML_259.jpg,Tomato,ML,closed,c3e83cc89e24cf99,Mold Leaf
Z:\Projects\Smart-Farming\Datasets\final_combined_datasets\TLUE\ML\TLUE_ML_260.jpg,Tomato,ML,closed,e7d18806d9ee7584,Mold Leaf
Z:\Projects\Smart-Farming\Datasets\final_combined_datasets\TLUE\ML\TLUE_ML_261.jpg,Tomato,ML,closed,8774218b3c7971e3,Mold Leaf
Z:\Projects\Smart-Farming\Datasets\final_combined_datasets\TLUE\ML\TLUE_ML_262.jpg,Tomato,ML,closed,9e1d3db6b2383151,Mold Leaf
Z:\Projects\Smart-Farming\Datasets\final_combined_datasets\TLUE\ML\TLUE_ML_263.jpg,Tomato,ML,closed,f58999360f3872c6,Mold Leaf
Z:\Projects\Smart-Farming\Datasets\final_combined_datasets\TLUE\ML\TLUE_ML_264.jpg,Tomato,ML,closed,cf1381d3c752b20f,Mold Leaf
Z:\Projects\Smart-Farming\Datasets\final_combined_datasets\TLUE\ML\TLUE_ML_265.jpg,Tomato,ML,closed,f29d8a708f4a3596,Mold Leaf
Z:\Projects\Smart-Farming\Datasets\final_combined_datasets\TLUE\ML\TLUE_ML_266.jpg,Tomato,ML,closed,fc62d914781bc46e,Mold Leaf
Z:\Projects\Smart-Farming\Datasets\final_combined_datasets\TLUE\ML\TLUE_ML_267.jpg,Tomato,ML,closed,81404aba6e9ba6fd,Mold Leaf
Z:\Projects\Smart-Farming\Datasets\final_combined_datasets\TLUE\ML\TLUE_ML_268.jpg,Tomato,ML,closed,d9db98c22d8c7f02,Mold Leaf
Z:\Projects\Smart-Farming\Datasets\final_combined_datasets\TLUE\ML\TLUE_ML_270.jpg,Tomato,ML,closed,ae97314a645a4b3d,Mold Leaf
Z:\Projects\Smart-Farming\Datasets\final_combined_datasets\TLUE\ML\TLUE_ML_271.jpg,Tomato,ML,closed,f2b581f49f8792c0,Mold Leaf
Z:\Projects\Smart-Farming\Datasets\final_combined_datasets\TLUE\ML\TLUE_ML_272.jpg,Tomato,ML,closed,e51447391ec23afc,Mold Leaf
Z:\Projects\Smart-Farming\Datasets\final_combined_datasets\TLUE\ML\TLUE_ML_273.jpg,Tomato,ML,closed,e987a7e4a42d983c,Mold Leaf
Z:\Projects\Smart-Farming\Datasets\final_combined_datasets\TLUE\ML\TLUE_ML_274.jpg,Tomato,ML,closed,f549ea865eea0d14,Mold Leaf
Z:\Projects\Smart-Farming\Datasets\final_combined_datasets\TLUE\ML\TLUE_ML_275.jpg,Tomato,ML,closed,b535923a16656dc6,Mold Leaf
Z:\Projects\Smart-Farming\Datasets\final_combined_datasets\TLUE\ML\TLUE_ML_277.jpg,Tomato,ML,closed,93d9c22dd116f952,Mold Leaf
Z:\Projects\Smart-Farming\Datasets\final_combined_datasets\TLUE\ML\TLUE_ML_278.jpg,Tomato,ML,closed,875a7f86646d84c3,Mold Leaf
Z:\Projects\Smart-Farming\Datasets\final_combined_datasets\TLUE\ML\TLUE_ML_279.jpg,Tomato,ML,closed,9ed8b0d8a9964db2,Mold Leaf
Z:\Projects\Smart-Farming\Datasets\final_combined_datasets\TLUE\ML\TLUE_ML_280.jpg,Tomato,ML,closed,b5284fe302d9bf81,Mold Leaf
Z:\Projects\Smart-Farming\Datasets\final_combined_datasets\TLUE\ML\TLUE_ML_281.jpg,Tomato,ML,closed,a23e95e388aff046,Mold Leaf
Z:\Projects\Smart-Farming\Datasets\final_combined_datasets\TLUE\ML\TLUE_ML_282.jpg,Tomato,ML,closed,83bdcb3b4cd066a8,Mold Leaf
Z:\Projects\Smart-Farming\Datasets\final_combined_datasets\TLUE\ML\TLUE_ML_283.jpg,Tomato,ML,closed,c2a907d62beb14f2,Mold Leaf
Z:\Projects\Smart-Farming\Datasets\final_combined_datasets\TLUE\ML\TLUE_ML_284.jpg,Tomato,ML,closed,e59113aa79b5920f,Mold Leaf
Z:\Projects\Smart-Farming\Datasets\final_combined_datasets\TLUE\ML\TLUE_ML_285.jpg,Tomato,ML,closed,d0c57ad6a9d10759,Mold Leaf
Z:\Projects\Smart-Farming\Datasets\final_combined_datasets\TLUE\ML\TLUE_ML_286.jpg,Tomato,ML,closed,cc9f0884714ff95a,Mold Leaf
Z:\Projects\Smart-Farming\Datasets\final_combined_datasets\TLUE\ML\TLUE_ML_287.jpg,Tomato,ML,closed,d244a6b6cfbb02e1,Mold Leaf
Z:\Projects\Smart-Farming\Datasets\final_combined_datasets\TLUE\ML\TLUE_ML_288.jpg,Tomato,ML,closed,ada589d25515a5b5,Mold Leaf
Z:\Projects\Smart-Farming\Datasets\final_combined_datasets\TLUE\ML\TLUE_ML_289.jpg,Tomato,ML,closed,a9c9a46b54ad6665,Mold Leaf
Z:\Projects\Smart-Farming\Datasets\final_combined_datasets\TLUE\ML\TLUE_ML_290.jpg,Tomato,ML,closed,ecf003630b996dc7,Mold Leaf
Z:\Projects\Smart-Farming\Datasets\final_combined_datasets\TLUE\ML\TLUE_ML_291.jpg,Tomato,ML,closed,e59dcea0c926f42a,Mold Leaf
Z:\Projects\Smart-Farming\Datasets\final_combined_datasets\TLUE\ML\TLUE_ML_292.jpg,Tomato,ML,closed,cb46387393f0853b,Mold Leaf
Z:\Projects\Smart-Farming\Datasets\final_combined_datasets\TLUE\ML\TLUE_ML_293.jpg,Tomato,ML,closed,92c08f77866be435,Mold Leaf
Z:\Projects\Smart-Farming\Datasets\final_combined_datasets\TLUE\ML\TLUE_ML_294.jpg,Tomato,ML,closed,f808899fdba3a097,Mold Leaf
Z:\Projects\Smart-Farming\Datasets\final_combined_datasets\TLUE\ML\TLUE_ML_295.jpg,Tomato,ML,closed,cfe86c82be55540b,Mold Leaf
Z:\Projects\Smart-Farming\Datasets\final_combined_datasets\TLUE\ML\TLUE_ML_296.jpg,Tomato,ML,closed,d7f021a7a4a0cf4b,Mold Leaf
Z:\Projects\Smart-Farming\Datasets\final_combined_datasets\TLUE\ML\TLUE_ML_297.jpg,Tomato,ML,closed,ddd06b253c2a7a25,Mold Leaf
Z:\Projects\Smart-Farming\Datasets\final_combined_datasets\TLUE\ML\TLUE_ML_298.jpg,Tomato,ML,closed,c3617f87301a076f,Mold Leaf
Z:\Projects\Smart-Farming\Datasets\final_combined_datasets\TLUE\ML\TLUE_ML_299.jpg,Tomato,ML,closed,de3707d9c30ac529,Mold Leaf
Z:\Projects\Smart-Farming\Datasets\final_combined_datasets\TLUE\ML\TLUE_ML_300.jpg,Tomato,ML,closed,895929bda3c51e8e,Mold Leaf
Z:\Projects\Smart-Farming\Datasets\final_combined_datasets\TLUE\ML\TLUE_ML_301.jpg,Tomato,ML,closed,81bc9fd45400ded7,Mold Leaf
Z:\Projects\Smart-Farming\Datasets\final_combined_datasets\TLUE\ML\TLUE_ML_302.jpg,Tomato,ML,closed,f047d7a50ec5ae44,Mold Leaf
Z:\Projects\Smart-Farming\Datasets\final_combined_datasets\TLUE\ML\TLUE_ML_303.jpg,Tomato,ML,closed,8fd470c15e1a4abe,Mold Leaf
Z:\Projects\Smart-Farming\Datasets\final_combined_datasets\TLUE\ML\TLUE_ML_304.jpg,Tomato,ML,closed,edb64e364af0d111,Mold Leaf
Z:\Projects\Smart-Farming\Datasets\final_combined_datasets\TLUE\ML\TLUE_ML_305.jpg,Tomato,ML,closed,81e0f34e7f0bac70,Mold Leaf
Z:\Projects\Smart-Farming\Datasets\final_combined_datasets\TLUE\ML\TLUE_ML_306.jpg,Tomato,ML,closed,de2132ba196b89f1,Mold Leaf
Z:\Projects\Smart-Farming\Datasets\final_combined_datasets\TLUE\ML\TLUE_ML_307.jpg,Tomato,ML,closed,a5d8ab567878698a,Mold Leaf
Z:\Projects\Smart-Farming\Datasets\final_combined_datasets\TLUE\ML\TLUE_ML_308.jpg,Tomato,ML,closed,cc2061d617ea9f69,Mold Leaf
Z:\Projects\Smart-Farming\Datasets\final_combined_datasets\TLUE\ML\TLUE_ML_309.jpg,Tomato,ML,closed,dbfccde296c02a41,Mold Leaf
Z:\Projects\Smart-Farming\Datasets\final_combined_datasets\TLUE\ML\TLUE_ML_310.jpg,Tomato,ML,closed,f511d8ca4f7c0566,Mold Leaf
Z:\Projects\Smart-Farming\Datasets\final_combined_datasets\TLUE\ML\TLUE_ML_311.jpg,Tomato,ML,closed,8899283ff0157775,Mold Leaf
Z:\Projects\Smart-Farming\Datasets\final_combined_datasets\TLUE\ML\TLUE_ML_312.jpg,Tomato,ML,closed,e68486a3d1dba761,Mold Leaf
Z:\Projects\Smart-Farming\Datasets\final_combined_datasets\TLUE\ML\TLUE_ML_313.jpg,Tomato,ML,closed,85d4b2fb815fa807,Mold Leaf
Z:\Projects\Smart-Farming\Datasets\final_combined_datasets\TLUE\ML\TLUE_ML_314.jpg,Tomato,ML,closed,f414d8a7716762a5,Mold Leaf
Z:\Projects\Smart-Farming\Datasets\final_combined_datasets\TLUE\ML\TLUE_ML_315.jpg,Tomato,ML,closed,d24b2b28cdbf8435,Mold Leaf
Z:\Projects\Smart-Farming\Datasets\final_combined_datasets\TLUE\ML\TLUE_ML_316.jpg,Tomato,ML,closed,f3164abec96c3622,Mold Leaf
Z:\Projects\Smart-Farming\Datasets\final_combined_datasets\TLUE\ML\TLUE_ML_317.jpg,Tomato,ML,closed,d0b5a8cbe5455656,Mold Leaf
Z:\Projects\Smart-Farming\Datasets\final_combined_datasets\TLUE\ML\TLUE_ML_318.jpg,Tomato,ML,closed,d8c7b9276429457a,Mold Leaf
Z:\Projects\Smart-Farming\Datasets\final_combined_datasets\TLUE\ML\TLUE_ML_319.jpg,Tomato,ML,closed,dd96a54d121729ad,Mold Leaf
Z:\Projects\Smart-Farming\Datasets\final_combined_datasets\TLUE\ML\TLUE_ML_320.jpg,Tomato,ML,closed,e19c6bb84ed82794,Mold Leaf
Z:\Projects\Smart-Farming\Datasets\final_combined_datasets\TLUE\ML\TLUE_ML_321.jpg,Tomato,ML,closed,84aa9f219de6b887,Mold Leaf
Z:\Projects\Smart-Farming\Datasets\final_combined_datasets\TLUE\ML\TLUE_ML_536.jpg,Tomato,ML,closed,d4c9124f7983a5f1,Mold Leaf
Z:\Projects\Smart-Farming\Datasets\final_combined_datasets\TLUE\ML\TLUE_ML_537.jpg,Tomato,ML,closed,98ea8798c31697d6,Mold Leaf
Z:\Projects\Smart-Farming\Datasets\final_combined_datasets\TLUE\ML\TLUE_ML_538.jpg,Tomato,ML,closed,8a7d2b747fe0a282,Mold Leaf
Z:\Projects\Smart-Farming\Datasets\final_combined_datasets\TLUE\ML\TLUE_ML_539.jpg,Tomato,ML,closed,eb27a4c8a1b5d98c,Mold Leaf
Z:\Projects\Smart-Farming\Datasets\final_combined_datasets\TLUE\ML\TLUE_ML_540.jpg,Tomato,ML,closed,b61bb9952ad8847a,Mold Leaf
Z:\Projects\Smart-Farming\Datasets\final_combined_datasets\TLUE\YCV\TLUE_YCV_010.jpg,Tomato,YCV,closed,bcc673c191648e3e,Yellow Curl Virus
Z:\Projects\Smart-Farming\Datasets\final_combined_datasets\TLUE\YCV\TLUE_YCV_018.jpg,Tomato,YCV,closed,8fdc70e0dab06e54,Yellow Curl Virus
Z:\Projects\Smart-Farming\Datasets\final_combined_datasets\TLUE\YCV\TLUE_YCV_019.jpg,Tomato,YCV,closed,afa370da181d34f8,Yellow Curl Virus
Z:\Projects\Smart-Farming\Datasets\final_combined_datasets\TLUE\YCV\TLUE_YCV_020.jpg,Tomato,YCV,closed,d495a9a9dbca1b81,Yellow Curl Virus
Z:\Projects\Smart-Farming\Datasets\final_combined_datasets\TLUE\YCV\TLUE_YCV_021.jpg,Tomato,YCV,closed,90bf7153ada15c25,Yellow Curl Virus
Z:\Projects\Smart-Farming\Datasets\final_combined_datasets\TLUE\YCV\TLUE_YCV_022.jpg,Tomato,YCV,closed,922649f1ee7be181,Yellow Curl Virus
Z:\Projects\Smart-Farming\Datasets\final_combined_datasets\TLUE\YCV\TLUE_YCV_054.jpg,Tomato,YCV,closed,a4d85e26199af2ce,Yellow Curl Virus
Z:\Projects\Smart-Farming\Datasets\final_combined_datasets\TLUE\YCV\TLUE_YCV_055.jpg,Tomato,YCV,closed,d09d1e03f8e4c3f1,Yellow Curl Virus
Z:\Projects\Smart-Farming\Datasets\final_combined_datasets\TLUE\YCV\TLUE_YCV_056.jpg,Tomato,YCV,closed,a8be3f2573f2c101,Yellow Curl Virus
Z:\Projects\Smart-Farming\Datasets\final_combined_datasets\TLUE\YCV\TLUE_YCV_057.jpg,Tomato,YCV,closed,d39da6b4a8245727,Yellow Curl Virus
Z:\Projects\Smart-Farming\Datasets\final_combined_datasets\TLUE\YCV\TLUE_YCV_060.jpg,Tomato,YCV,closed,c2dee8675038f507,Yellow Curl Virus
Z:\Projects\Smart-Farming\Datasets\final_combined_datasets\TLUE\YCV\TLUE_YCV_062.jpg,Tomato,YCV,closed,d9d76891322a7752,Yellow Curl Virus
Z:\Projects\Smart-Farming\Datasets\final_combined_datasets\TLUE\YCV\TLUE_YCV_063.jpg,Tomato,YCV,closed,990833e7633e2a3b,Yellow Curl Virus
Z:\Projects\Smart-Farming\Datasets\final_combined_datasets\TLUE\YCV\TLUE_YCV_064.jpg,Tomato,YCV,closed,b6d83359526e20db,Yellow Curl Virus
Z:\Projects\Smart-Farming\Datasets\final_combined_datasets\TLUE\YCV\TLUE_YCV_066.jpg,Tomato,YCV,closed,84b9738c71a674e3,Yellow Curl Virus
Z:\Projects\Smart-Farming\Datasets\final_combined_datasets\TLUE\YCV\TLUE_YCV_076.jpg,Tomato,YCV,closed,cc9d3908af513e33,Yellow Curl Virus
Z:\Projects\Smart-Farming\Datasets\final_combined_datasets\TLUE\YCV\TLUE_YCV_077.jpg,Tomato,YCV,closed,85c8457fe859344f,Yellow Curl Virus
Z:\Projects\Smart-Farming\Datasets\final_combined_datasets\TLUE\YCV\TLUE_YCV_078.jpg,Tomato,YCV,closed,9bab67d48af0710a,Yellow Curl Virus
Z:\Projects\Smart-Farming\Datasets\final_combined_datasets\TLUE\YCV\TLUE_YCV_079.jpg,Tomato,YCV,closed,d3864e597426f323,Yellow Curl Virus
Z:\Projects\Smart-Farming\Datasets\final_combined_datasets\TLUE\YCV\TLUE_YCV_080.jpg,Tomato,YCV,closed,d4c97cfd2d0185b8,Yellow Curl Virus
Z:\Projects\Smart-Farming\Datasets\final_combined_datasets\TLUE\YCV\TLUE_YCV_081.jpg,Tomato,YCV,closed,8ecb7ee8c179024d,Yellow Curl Virus
Z:\Projects\Smart-Farming\Datasets\final_combined_datasets\TLUE\YCV\TLUE_YCV_082.jpg,Tomato,YCV,closed,c09e3a07e9e4cfe0,Yellow Curl Virus
Z:\Projects\Smart-Farming\Datasets\final_combined_datasets\TLUE\YCV\TLUE_YCV_083.jpg,Tomato,YCV,closed,c3985ef927d321c2,Yellow Curl Virus
Z:\Projects\Smart-Farming\Datasets\final_combined_datasets\TLUE\YCV\TLUE_YCV_084.jpg,Tomato,YCV,closed,890e78516eacb69b,Yellow Curl Virus
Z:\Projects\Smart-Farming\Datasets\final_combined_datasets\TLUE\YCV\TLUE_YCV_085.jpg,Tomato,YCV,closed,dc93487635a43b59,Yellow Curl Virus
Z:\Projects\Smart-Farming\Datasets\final_combined_datasets\TLUE\YCV\TLUE_YCV_086.jpg,Tomato,YCV,closed,943aa1596ab4adae,Yellow Curl Virus
Z:\Projects\Smart-Farming\Datasets\final_combined_datasets\TLUE\YCV\TLUE_YCV_087.jpg,Tomato,YCV,closed,98f32d0c68a7f0cd,Yellow Curl Virus
Z:\Projects\Smart-Farming\Datasets\final_combined_datasets\TLUE\YCV\TLUE_YCV_088.jpg,Tomato,YCV,closed,ebd0948dc11eb43b,Yellow Curl Virus
Z:\Projects\Smart-Farming\Datasets\final_combined_datasets\TLUE\YCV\TLUE_YCV_089.jpg,Tomato,YCV,closed,9c6b723131466fa6,Yellow Curl Virus
Z:\Projects\Smart-Farming\Datasets\final_combined_datasets\TLUE\YCV\TLUE_YCV_090.jpg,Tomato,YCV,closed,fdcc60a9b199d149,Yellow Curl Virus
Z:\Projects\Smart-Farming\Datasets\final_combined_datasets\TLUE\YCV\TLUE_YCV_091.jpg,Tomato,YCV,closed,f0e0a127e622fc7c,Yellow Curl Virus
Z:\Projects\Smart-Farming\Datasets\final_combined_datasets\TLUE\YCV\TLUE_YCV_092.jpg,Tomato,YCV,closed,dbcea835d2c82695,Yellow Curl Virus
Z:\Projects\Smart-Farming\Datasets\final_combined_datasets\TLUE\YCV\TLUE_YCV_093.jpg,Tomato,YCV,closed,ed1a72f433633a90,Yellow Curl Virus
Z:\Projects\Smart-Farming\Datasets\final_combined_datasets\TLUE\YCV\TLUE_YCV_094.jpg,Tomato,YCV,closed,85f22e835f1482fd,Yellow Curl Virus
Z:\Projects\Smart-Farming\Datasets\final_combined_datasets\TLUE\YCV\TLUE_YCV_095.jpg,Tomato,YCV,closed,c18e1bf1a485e7e8,Yellow Curl Virus
Z:\Projects\Smart-Farming\Datasets\final_combined_datasets\TLUE\YCV\TLUE_YCV_096.jpg,Tomato,YCV,closed,94ce66316f381d53,Yellow Curl Virus
Z:\Projects\Smart-Farming\Datasets\final_combined_datasets\TLUE\YCV\TLUE_YCV_097.jpg,Tomato,YCV,closed,89795de486bd3a21,Yellow Curl Virus
Z:\Projects\Smart-Farming\Datasets\final_combined_datasets\TLUE\YCV\TLUE_YCV_098.jpg,Tomato,YCV,closed,faf6208b0fc849e5,Yellow Curl Virus
Z:\Projects\Smart-Farming\Datasets\final_combined_datasets\TLUE\YCV\TLUE_YCV_099.jpg,Tomato,YCV,closed,f492b417b4568b17,Yellow Curl Virus
Z:\Projects\Smart-Farming\Datasets\final_combined_datasets\TLUE\YCV\TLUE_YCV_100.jpg,Tomato,YCV,closed,c9ef34969dc69070,Yellow Curl Virus
Z:\Projects\Smart-Farming\Datasets\final_combined_datasets\TLUE\YCV\TLUE_YCV_101.jpg,Tomato,YCV,closed,d2cce58308e53bd9,Yellow Curl Virus
Z:\Projects\Smart-Farming\Datasets\final_combined_datasets\TLUE\YCV\TLUE_YCV_102.jpg,Tomato,YCV,closed,82c1735b5b2c07eb,Yellow Curl Virus
Z:\Projects\Smart-Farming\Datasets\final_combined_datasets\TLUE\YCV\TLUE_YCV_103.jpg,Tomato,YCV,closed,98aa6df0c5e343a5,Yellow Curl Virus
Z:\Projects\Smart-Farming\Datasets\final_combined_datasets\TLUE\YCV\TLUE_YCV_104.jpg,Tomato,YCV,closed,95aef505bd4107e4,Yellow Curl Virus
Z:\Projects\Smart-Farming\Datasets\final_combined_datasets\TLUE\YCV\TLUE_YCV_105.jpg,Tomato,YCV,closed,c49e3b2db71b1033,Yellow Curl Virus
Z:\Projects\Smart-Farming\Datasets\final_combined_datasets\TLUE\YCV\TLUE_YCV_106.jpg,Tomato,YCV,closed,df18187277c125bc,Yellow Curl Virus
Z:\Projects\Smart-Farming\Datasets\final_combined_datasets\TLUE\YCV\TLUE_YCV_107.jpg,Tomato,YCV,closed,a6926f1e92d625a3,Yellow Curl Virus
Z:\Projects\Smart-Farming\Datasets\final_combined_datasets\TLUE\YCV\TLUE_YCV_108.jpg,Tomato,YCV,closed,9be4e61d081bf0b6,Yellow Curl Virus
Z:\Projects\Smart-Farming\Datasets\final_combined_datasets\TLUE\YCV\TLUE_YCV_109.jpg,Tomato,YCV,closed,824fb862579bde30,Yellow Curl Virus
Z:\Projects\Smart-Farming\Datasets\final_combined_datasets\TLUE\YCV\TLUE_YCV_008.jpg,Tomato,YCV,closed,8a9ffd609d28a0e5,Yellow Curl Virus
Z:\Projects\Smart-Farming\Datasets\final_combined_datasets\TLUE\YCV\TLUE_YCV_009.jpg,Tomato,YCV,closed,c4ad072a7aaa1f65,Yellow Curl Virus
Z:\Projects\Smart-Farming\Datasets\final_combined_datasets\TLUE\YCV\TLUE_YCV_011.jpg,Tomato,YCV,closed,ff8e70ceea910c12,Yellow Curl Virus
Z:\Projects\Smart-Farming\Datasets\final_combined_datasets\TLUE\YCV\TLUE_YCV_012.jpg,Tomato,YCV,closed,f4d0a1273349e63d,Yellow Curl Virus
Z:\Projects\Smart-Farming\Datasets\final_combined_datasets\TLUE\YCV\TLUE_YCV_013.jpg,Tomato,YCV,closed,8186467e83b9af65,Yellow Curl Virus
Z:\Projects\Smart-Farming\Datasets\final_combined_datasets\TLUE\YCV\TLUE_YCV_014.jpg,Tomato,YCV,closed,9ace6bf7c06053a8,Yellow Curl Virus
Z:\Projects\Smart-Farming\Datasets\final_combined_datasets\TLUE\YCV\TLUE_YCV_015.jpg,Tomato,YCV,closed,d8d5328221775dea,Yellow Curl Virus
Z:\Projects\Smart-Farming\Datasets\final_combined_datasets\TLUE\YCV\TLUE_YCV_016.jpg,Tomato,YCV,closed,d2ad70dc8d97046e,Yellow Curl Virus
Z:\Projects\Smart-Farming\Datasets\final_combined_datasets\TLUE\YCV\TLUE_YCV_017.jpg,Tomato,YCV,closed,c3bdcc6e630c6c34,Yellow Curl Virus
Z:\Projects\Smart-Farming\Datasets\final_combined_datasets\TLUE\YCV\TLUE_YCV_023.jpg,Tomato,YCV,closed,aed1e6f492468a1b,Yellow Curl Virus
Z:\Projects\Smart-Farming\Datasets\final_combined_datasets\TLUE\YCV\TLUE_YCV_024.jpg,Tomato,YCV,closed,a7a4d898d656e04f,Yellow Curl Virus
Z:\Projects\Smart-Farming\Datasets\final_combined_datasets\TLUE\YCV\TLUE_YCV_025.jpg,Tomato,YCV,closed,bac1663c6fd9502c,Yellow Curl Virus
Z:\Projects\Smart-Farming\Datasets\final_combined_datasets\TLUE\YCV\TLUE_YCV_026.jpg,Tomato,YCV,closed,bcaca0e4638eda66,Yellow Curl Virus
Z:\Projects\Smart-Farming\Datasets\final_combined_datasets\TLUE\YCV\TLUE_YCV_027.jpg,Tomato,YCV,closed,a5dd0543e83d951e,Yellow Curl Virus
Z:\Projects\Smart-Farming\Datasets\final_combined_datasets\TLUE\YCV\TLUE_YCV_028.jpg,Tomato,YCV,closed,8c52be5c67ddd120,Yellow Curl Virus
Z:\Projects\Smart-Farming\Datasets\final_combined_datasets\TLUE\YCV\TLUE_YCV_029.jpg,Tomato,YCV,closed,89e07c561659a9bd,Yellow Curl Virus
Z:\Projects\Smart-Farming\Datasets\final_combined_datasets\TLUE\YCV\TLUE_YCV_030.jpg,Tomato,YCV,closed,c7cf703237660bc4,Yellow Curl Virus
Z:\Projects\Smart-Farming\Datasets\final_combined_datasets\TLUE\YCV\TLUE_YCV_031.jpg,Tomato,YCV,closed,cfb420e45cbcca0f,Yellow Curl Virus
Z:\Projects\Smart-Farming\Datasets\final_combined_datasets\TLUE\YCV\TLUE_YCV_032.jpg,Tomato,YCV,closed,9c5578de03da1e29,Yellow Curl Virus
Z:\Projects\Smart-Farming\Datasets\final_combined_datasets\TLUE\YCV\TLUE_YCV_033.jpg,Tomato,YCV,closed,e490f98c1e61b4f6,Yellow Curl Virus
Z:\Projects\Smart-Farming\Datasets\final_combined_datasets\TLUE\YCV\TLUE_YCV_034.jpg,Tomato,YCV,closed,ae8a2ff0cf0e318c,Yellow Curl Virus
Z:\Projects\Smart-Farming\Datasets\final_combined_datasets\TLUE\YCV\TLUE_YCV_035.jpg,Tomato,YCV,closed,89d327f8dc26f824,Yellow Curl Virus
Z:\Projects\Smart-Farming\Datasets\final_combined_datasets\TLUE\YCV\TLUE_YCV_036.jpg,Tomato,YCV,closed,ed84591b7c354933,Yellow Curl Virus
Z:\Projects\Smart-Farming\Datasets\final_combined_datasets\TLUE\YCV\TLUE_YCV_037.jpg,Tomato,YCV,closed,ae1968c7a7aaaa98,Yellow Curl Virus
Z:\Projects\Smart-Farming\Datasets\final_combined_datasets\TLUE\YCV\TLUE_YCV_038.jpg,Tomato,YCV,closed,ee98277e828e3932,Yellow Curl Virus
Z:\Projects\Smart-Farming\Datasets\final_combined_datasets\TLUE\YCV\TLUE_YCV_039.jpg,Tomato,YCV,closed,89d221f8e156537d,Yellow Curl Virus
Z:\Projects\Smart-Farming\Datasets\final_combined_datasets\TLUE\YCV\TLUE_YCV_040.jpg,Tomato,YCV,closed,d3344db30c9bf254,Yellow Curl Virus
Z:\Projects\Smart-Farming\Datasets\final_combined_datasets\TLUE\YCV\TLUE_YCV_041.jpg,Tomato,YCV,closed,87462e96c7a0fb15,Yellow Curl Virus
Z:\Projects\Smart-Farming\Datasets\final_combined_datasets\TLUE\YCV\TLUE_YCV_042.jpg,Tomato,YCV,closed,f58425640fcbb371,Yellow Curl Virus
Z:\Projects\Smart-Farming\Datasets\final_combined_datasets\TLUE\YCV\TLUE_YCV_043.jpg,Tomato,YCV,closed,c5a9c39939708bbc,Yellow Curl Virus
Z:\Projects\Smart-Farming\Datasets\final_combined_datasets\TLUE\YCV\TLUE_YCV_044.jpg,Tomato,YCV,closed,af4e32729363319c,Yellow Curl Virus
Z:\Projects\Smart-Farming\Datasets\final_combined_datasets\TLUE\YCV\TLUE_YCV_045.jpg,Tomato,YCV,closed,ceb8c3145f6e145c,Yellow Curl Virus
Z:\Projects\Smart-Farming\Datasets\final_combined_datasets\TLUE\YCV\TLUE_YCV_046.jpg,Tomato,YCV,closed,a732af8bc7907648,Yellow Curl Virus
Z:\Projects\Smart-Farming\Datasets\final_combined_datasets\TLUE\YCV\TLUE_YCV_047.jpg,Tomato,YCV,closed,d3cb8416c9f3a323,Yellow Curl Virus
Z:\Projects\Smart-Farming\Datasets\final_combined_datasets\TLUE\YCV\TLUE_YCV_048.jpg,Tomato,YCV,closed,815c4727b8ab5da5,Yellow Curl Virus
Z:\Projects\Smart-Farming\Datasets\final_combined_datasets\TLUE\YCV\TLUE_YCV_049.jpg,Tomato,YCV,closed,bc8a34d93789c0d7,Yellow Curl Virus
Z:\Projects\Smart-Farming\Datasets\final_combined_datasets\TLUE\YCV\TLUE_YCV_050.jpg,Tomato,YCV,closed,d77570cd3c089d23,Yellow Curl Virus
Z:\Projects\Smart-Farming\Datasets\final_combined_datasets\TLUE\YCV\TLUE_YCV_051.jpg,Tomato,YCV,closed,8f077fb02c92294f,Yellow Curl Virus
Z:\Projects\Smart-Farming\Datasets\final_combined_datasets\TLUE\YCV\TLUE_YCV_052.jpg,Tomato,YCV,closed,c3597815d76ab498,Yellow Curl Virus
Z:\Projects\Smart-Farming\Datasets\final_combined_datasets\TLUE\YCV\TLUE_YCV_053.jpg,Tomato,YCV,closed,f495294eaa39c91e,Yellow Curl Virus
Z:\Projects\Smart-Farming\Datasets\final_combined_datasets\TLUE\YCV\TLUE_YCV_059.jpg,Tomato,YCV,closed,81831b3668f966f5,Yellow Curl Virus
Z:\Projects\Smart-Farming\Datasets\final_combined_datasets\TLUE\YCV\TLUE_YCV_061.jpg,Tomato,YCV,closed,9e5a7862ee1225bc,Yellow Curl Virus
Z:\Projects\Smart-Farming\Datasets\final_combined_datasets\TLUE\YCV\TLUE_YCV_065.jpg,Tomato,YCV,closed,8295636eb8d6a713,Yellow Curl Virus
Z:\Projects\Smart-Farming\Datasets\final_combined_datasets\TLUE\YCV\TLUE_YCV_067.jpg,Tomato,YCV,closed,90f62b9c43a6e0db,Yellow Curl Virus
Z:\Projects\Smart-Farming\Datasets\final_combined_datasets\TLUE\YCV\TLUE_YCV_068.jpg,Tomato,YCV,closed,85f22ea3df1d02a9,Yellow Curl Virus
Z:\Projects\Smart-Farming\Datasets\final_combined_datasets\TLUE\YCV\TLUE_YCV_069.jpg,Tomato,YCV,closed,c61b4cda2db0dc36,Yellow Curl Virus
Z:\Projects\Smart-Farming\Datasets\final_combined_datasets\TLUE\YCV\TLUE_YCV_070.jpg,Tomato,YCV,closed,f0e0a13766bc7c92,Yellow Curl Virus
Z:\Projects\Smart-Farming\Datasets\final_combined_datasets\TLUE\YCV\TLUE_YCV_071.jpg,Tomato,YCV,closed,e50c87f15c2e395c,Yellow Curl Virus
Z:\Projects\Smart-Farming\Datasets\final_combined_datasets\TLUE\YCV\TLUE_YCV_072.jpg,Tomato,YCV,closed,c0ffb550e81453b5,Yellow Curl Virus
Z:\Projects\Smart-Farming\Datasets\final_combined_datasets\TLUE\YCV\TLUE_YCV_073.jpg,Tomato,YCV,closed,9e0a223bbdc8cdc9,Yellow Curl Virus
Z:\Projects\Smart-Farming\Datasets\final_combined_datasets\TLUE\YCV\TLUE_YCV_074.jpg,Tomato,YCV,closed,d5d9156149664fcc,Yellow Curl Virus
Z:\Projects\Smart-Farming\Datasets\final_combined_datasets\TLUE\YCV\TLUE_YCV_075.jpg,Tomato,YCV,closed,94ce663d43691e33,Yellow Curl Virus
Z:\Projects\Smart-Farming\Datasets\final_combined_datasets\TLUE\YCV\TLUE_YCV_110.jpg,Tomato,YCV,closed,cf46a3b9f010b92e,Yellow Curl Virus
Z:\Projects\Smart-Farming\Datasets\final_combined_datasets\TLUE\YCV\TLUE_YCV_111.jpg,Tomato,YCV,closed,ff3de1d1c0c28a4a,Yellow Curl Virus
Z:\Projects\Smart-Farming\Datasets\final_combined_datasets\TLUE\YCV\TLUE_YCV_112.jpg,Tomato,YCV,closed,b0b53b9bd1e0cf01,Yellow Curl Virus
Z:\Projects\Smart-Farming\Datasets\final_combined_datasets\TLUE\YCV\TLUE_YCV_113.jpg,Tomato,YCV,closed,b99236c936373634,Yellow Curl Virus
Z:\Projects\Smart-Farming\Datasets\final_combined_datasets\TLUE\YCV\TLUE_YCV_114.jpg,Tomato,YCV,closed,96cb99a0adb7a0a9,Yellow Curl Virus
Z:\Projects\Smart-Farming\Datasets\final_combined_datasets\TLUE\YCV\TLUE_YCV_115.jpg,Tomato,YCV,closed,a4fb07dce1731e80,Yellow Curl Virus
Z:\Projects\Smart-Farming\Datasets\final_combined_datasets\TLUE\YCV\TLUE_YCV_116.jpg,Tomato,YCV,closed,d637356074ac99c3,Yellow Curl Virus
Z:\Projects\Smart-Farming\Datasets\final_combined_datasets\TLUE\YCV\TLUE_YCV_117.jpg,Tomato,YCV,closed,a2d7c8491f6b621d,Yellow Curl Virus
Z:\Projects\Smart-Farming\Datasets\final_combined_datasets\TLUE\YCV\TLUE_YCV_118.jpg,Tomato,YCV,closed,dec8c9e82be1e191,Yellow Curl Virus
Z:\Projects\Smart-Farming\Datasets\final_combined_datasets\TLUE\YCV\TLUE_YCV_119.jpg,Tomato,YCV,closed,99a24d8bb64a27cb,Yellow Curl Virus
Z:\Projects\Smart-Farming\Datasets\final_combined_datasets\TLUE\YCV\TLUE_YCV_120.jpg,Tomato,YCV,closed,d69da8f3352548a6,Yellow Curl Virus
Z:\Projects\Smart-Farming\Datasets\final_combined_datasets\TLUE\YCV\TLUE_YCV_121.jpg,Tomato,YCV,closed,c50b6ea5322e2e3d,Yellow Curl Virus
Z:\Projects\Smart-Farming\Datasets\final_combined_datasets\TLUE\YCV\TLUE_YCV_122.jpg,Tomato,YCV,closed,818299f5abcd9798,Yellow Curl Virus
Z:\Projects\Smart-Farming\Datasets\final_combined_datasets\TLUE\YCV\TLUE_YCV_123.jpg,Tomato,YCV,closed,a38847cc97939ec9,Yellow Curl Virus
Z:\Projects\Smart-Farming\Datasets\final_combined_datasets\TLUE\YCV\TLUE_YCV_124.jpg,Tomato,YCV,closed,a950ab0791f6f195,Yellow Curl Virus
Z:\Projects\Smart-Farming\Datasets\final_combined_datasets\TLUE\YCV\TLUE_YCV_125.jpg,Tomato,YCV,closed,dfca20978a6fa262,Yellow Curl Virus
Z:\Projects\Smart-Farming\Datasets\final_combined_datasets\TLUE\YCV\TLUE_YCV_126.jpg,Tomato,YCV,closed,c11c5e3d47f103f8,Yellow Curl Virus
Z:\Projects\Smart-Farming\Datasets\final_combined_datasets\TLUE\YCV\TLUE_YCV_127.jpg,Tomato,YCV,closed,a6934318dd83f44f,Yellow Curl Virus
Z:\Projects\Smart-Farming\Datasets\final_combined_datasets\TLUE\YCV\TLUE_YCV_128.jpg,Tomato,YCV,closed,9eb1a9dce04fc3a0,Yellow Curl Virus
Z:\Projects\Smart-Farming\Datasets\final_combined_datasets\TLUE\YCV\TLUE_YCV_129.jpg,Tomato,YCV,closed,f2b09e072d4b4af2,Yellow Curl Virus
Z:\Projects\Smart-Farming\Datasets\final_combined_datasets\TLUE\YCV\TLUE_YCV_130.jpg,Tomato,YCV,closed,a4037dc74dc703ce,Yellow Curl Virus
Z:\Projects\Smart-Farming\Datasets\final_combined_datasets\TLUE\YCV\TLUE_YCV_131.jpg,Tomato,YCV,closed,ab01b57afe34d441,Yellow Curl Virus
Z:\Projects\Smart-Farming\Datasets\final_combined_datasets\TLUE\YCV\TLUE_YCV_132.jpg,Tomato,YCV,closed,875b05453a275bb3,Yellow Curl Virus
Z:\Projects\Smart-Farming\Datasets\final_combined_datasets\TLUE\YCV\TLUE_YCV_133.jpg,Tomato,YCV,closed,faf4ac4389a66989,Yellow Curl Virus
Z:\Projects\Smart-Farming\Datasets\final_combined_datasets\TLUE\YCV\TLUE_YCV_134.jpg,Tomato,YCV,closed,cfd83884d96ee425,Yellow Curl Virus
Z:\Projects\Smart-Farming\Datasets\final_combined_datasets\TLUE\YCV\TLUE_YCV_135.jpg,Tomato,YCV,closed,f83466c3ce8dc991,Yellow Curl Virus
Z:\Projects\Smart-Farming\Datasets\final_combined_datasets\TLUE\YCV\TLUE_YCV_136.jpg,Tomato,YCV,closed,af2bd02fd42bc429,Yellow Curl Virus
Z:\Projects\Smart-Farming\Datasets\final_combined_datasets\TLUE\YCV\TLUE_YCV_137.jpg,Tomato,YCV,closed,bb90c1c6c467957a,Yellow Curl Virus
Z:\Projects\Smart-Farming\Datasets\final_combined_datasets\TLUE\YCV\TLUE_YCV_138.jpg,Tomato,YCV,closed,e9f5173e71c0e0c2,Yellow Curl Virus
Z:\Projects\Smart-Farming\Datasets\final_combined_datasets\TLUE\YCV\TLUE_YCV_141.jpg,Tomato,YCV,closed,d19b8892d73e8335,Yellow Curl Virus
Z:\Projects\Smart-Farming\Datasets\final_combined_datasets\TLUE\YCV\TLUE_YCV_142.jpg,Tomato,YCV,closed,d2cce583286759d6,Yellow Curl Virus
Z:\Projects\Smart-Farming\Datasets\final_combined_datasets\TLUE\YCV\TLUE_YCV_143.jpg,Tomato,YCV,closed,d2a96cf22d8bb18c,Yellow Curl Virus
Z:\Projects\Smart-Farming\Datasets\final_combined_datasets\TLUE\YCV\TLUE_YCV_144.jpg,Tomato,YCV,closed,d471f256fd08c513,Yellow Curl Virus
Z:\Projects\Smart-Farming\Datasets\final_combined_datasets\TLUE\YCV\TLUE_YCV_145.jpg,Tomato,YCV,closed,ca2cbf51a252d96a,Yellow Curl Virus
Z:\Projects\Smart-Farming\Datasets\final_combined_datasets\TLUE\YCV\TLUE_YCV_146.jpg,Tomato,YCV,closed,8e0d2b68e1e1bf1a,Yellow Curl Virus
Z:\Projects\Smart-Farming\Datasets\final_combined_datasets\TLUE\YCV\TLUE_YCV_147.jpg,Tomato,YCV,closed,831f7de0b1378217,Yellow Curl Virus
Z:\Projects\Smart-Farming\Datasets\final_combined_datasets\TLUE\YCV\TLUE_YCV_148.jpg,Tomato,YCV,closed,ea851d1ab72c9c78,Yellow Curl Virus
Z:\Projects\Smart-Farming\Datasets\final_combined_datasets\TLUE\YCV\TLUE_YCV_149.jpg,Tomato,YCV,closed,9acf389660dac51b,Yellow Curl Virus
Z:\Projects\Smart-Farming\Datasets\final_combined_datasets\TLUE\YCV\TLUE_YCV_150.jpg,Tomato,YCV,closed,aa6868cbe19f81cd,Yellow Curl Virus
Z:\Projects\Smart-Farming\Datasets\final_combined_datasets\TLUE\YCV\TLUE_YCV_151.jpg,Tomato,YCV,closed,f7868b9994e3264c,Yellow Curl Virus
